image_id,cohort,subgroup,has_bridge,n_neck_pixels,n_crack_pixels,n_bg_pixels,E_B_neck_median,E_B_neck_iqr,E_B_crack_median,E_B_crack_iqr,E_B_bg_median,E_B_bg_iqr,E_B_auc_neck_vs_crack,E_B_auc_neck_vs_bg,E_S_neck_median,E_S_neck_iqr,E_S_crack_median,E_S_crack_iqr,E_S_bg_median,E_S_bg_iqr,E_S_auc_neck_vs_crack,E_S_auc_neck_vs_bg,log_ratio_neck_median,log_ratio_neck_iqr,log_ratio_crack_median,log_ratio_crack_iqr,log_ratio_bg_median,log_ratio_bg_iqr,log_ratio_auc_neck_vs_crack,log_ratio_auc_neck_vs_bg,z_B_neck_median,z_B_neck_iqr,z_B_crack_median,z_B_crack_iqr,z_B_bg_median,z_B_bg_iqr,z_B_auc_neck_vs_crack,z_B_auc_neck_vs_bg,z_S_neck_median,z_S_neck_iqr,z_S_crack_median,z_S_crack_iqr,z_S_bg_median,z_S_bg_iqr,z_S_auc_neck_vs_crack,z_S_auc_neck_vs_bg,norm_E_B_neck_median,norm_E_B_neck_iqr,norm_E_B_crack_median,norm_E_B_crack_iqr,norm_E_B_bg_median,norm_E_B_bg_iqr,norm_E_B_auc_neck_vs_crack,norm_E_B_auc_neck_vs_bg,norm_E_S_neck_median,norm_E_S_neck_iqr,norm_E_S_crack_median,norm_E_S_crack_iqr,norm_E_S_bg_median,norm_E_S_bg_iqr,norm_E_S_auc_neck_vs_crack,norm_E_S_auc_neck_vs_bg,disagree_diff_neck_median,disagree_diff_neck_iqr,disagree_diff_crack_median,disagree_diff_crack_iqr,disagree_diff_bg_median,disagree_diff_bg_iqr,disagree_diff_auc_neck_vs_crack,disagree_diff_auc_neck_vs_bg,disagree_abs_neck_median,disagree_abs_neck_iqr,disagree_abs_crack_median,disagree_abs_crack_iqr,disagree_abs_bg_median,disagree_abs_bg_iqr,disagree_abs_auc_neck_vs_crack,disagree_abs_auc_neck_vs_bg,norm_ratio_neck_median,norm_ratio_neck_iqr,norm_ratio_crack_median,norm_ratio_crack_iqr,norm_ratio_bg_median,norm_ratio_bg_iqr,norm_ratio_auc_neck_vs_crack,norm_ratio_auc_neck_vs_bg,cosine_BS_neck_median,cosine_BS_neck_iqr,cosine_BS_crack_median,cosine_BS_crack_iqr,cosine_BS_bg_median,cosine_BS_bg_iqr,cosine_BS_auc_neck_vs_crack,cosine_BS_auc_neck_vs_bg,grad_E_B_neck_median,grad_E_B_neck_iqr,grad_E_B_crack_median,grad_E_B_crack_iqr,grad_E_B_bg_median,grad_E_B_bg_iqr,grad_E_B_auc_neck_vs_crack,grad_E_B_auc_neck_vs_bg,grad_E_S_neck_median,grad_E_S_neck_iqr,grad_E_S_crack_median,grad_E_S_crack_iqr,grad_E_S_bg_median,grad_E_S_bg_iqr,grad_E_S_auc_neck_vs_crack,grad_E_S_auc_neck_vs_bg,var_E_B_neck_median,var_E_B_neck_iqr,var_E_B_crack_median,var_E_B_crack_iqr,var_E_B_bg_median,var_E_B_bg_iqr,var_E_B_auc_neck_vs_crack,var_E_B_auc_neck_vs_bg,var_E_S_neck_median,var_E_S_neck_iqr,var_E_S_crack_median,var_E_S_crack_iqr,var_E_S_bg_median,var_E_S_bg_iqr,var_E_S_auc_neck_vs_crack,var_E_S_auc_neck_vs_bg,candidate_gate_B_neck_median,candidate_gate_B_neck_iqr,candidate_gate_B_crack_median,candidate_gate_B_crack_iqr,candidate_gate_B_bg_median,candidate_gate_B_bg_iqr,candidate_gate_B_auc_neck_vs_crack,candidate_gate_B_auc_neck_vs_bg,candidate_gate_C_neck_median,candidate_gate_C_neck_iqr,candidate_gate_C_crack_median,candidate_gate_C_crack_iqr,candidate_gate_C_bg_median,candidate_gate_C_bg_iqr,candidate_gate_C_auc_neck_vs_crack,candidate_gate_C_auc_neck_vs_bg
20160222_080850_1281_721,Consensus_7of7,Consensus_Resistant,True,0,38,2,,,3.988447666168213,0.6582705974578857,3.1307694911956787,0.057274818420410156,,,,,16.65509033203125,2.3713417053222656,16.305917739868164,1.4358415603637695,,,,,1.4129441976547241,0.1962568759918213,1.6464987993240356,0.10658001899719238,,,,,-0.2925034463405609,1.3140664100646973,-2.0046353340148926,0.1143343448638916,,,,,0.3932949900627136,3.4704716205596924,-0.11772304773330688,2.10136079788208,,,,,0.511052131652832,0.20394441485404968,0.24532747268676758,0.01774480938911438,,,,,0.48796916007995605,0.3817426562309265,0.4317585229873657,0.23114413022994995,,,,,0.5772998332977295,2.2172555923461914,1.8869123458862305,2.215695381164551,,,,,1.2814595699310303,1.933890700340271,2.215695381164551,1.88691246509552,,,,,0.9024224281311035,0.5095230340957642,1.684376835823059,0.8838766813278198,,,,,0.0014538423856720328,0.05045051872730255,-0.023428931832313538,0.05399622023105621,,,,,2.7819886207580566,2.6739840507507324,1.8063868284225464,0.2662789821624756,,,,,2.438843250274658,5.359278678894043,4.219995975494385,3.300020933151245,,,,,0.1698145866394043,0.20403718948364258,0.06446695327758789,0.027187824249267578,,,,,1.4307098388671875,1.6630325317382812,1.9416351318359375,0.0835113525390625,,,,,0.20704159140586853,0.14876554906368256,0.3299378752708435,0.18209955096244812,,,,,0.9024224281311035,0.5095230340957642,1.684376835823059,0.8838766813278198,,
20160222_080850_641_361,Consensus_7of7,Consensus_Sensitive,True,6,250,6,3.808900833129883,0.48162364959716797,3.455615520477295,0.7989640235900879,3.2681708335876465,0.5032694339752197,0.7046666666666668,0.8611111111111112,15.826045989990234,0.1935558319091797,16.022361755371094,0.5215530395507812,15.991518020629883,0.23385047912597656,0.33266666666666667,0.3333333333333333,1.4280619621276855,0.13865923881530762,1.5251774787902832,0.23916661739349365,1.5883232355117798,0.1495572328567505,0.27199999999999996,0.13888888888888887,2.1120595932006836,1.0191149711608887,1.3645086288452148,1.690606713294983,0.9678763151168823,1.0649173259735107,0.7046666666666668,0.8611111111111112,-0.9225331544876099,0.2737692594528198,-0.644860565662384,0.7376940250396729,-0.6884864568710327,0.33076244592666626,0.33266666666666667,0.3333333333333333,0.7421626448631287,0.16800421476364136,0.6189265251159668,0.2787017226219177,0.5535404682159424,0.17555487155914307,0.7046666666666668,0.8611111111111112,0.32253605127334595,0.0281640887260437,0.35110169649124146,0.07589054107666016,0.34661364555358887,0.034027308225631714,0.33266666666666667,0.3333333333333333,-3.03985595703125,1.3254063129425049,-2.1533303260803223,1.8346021175384521,-1.5969152450561523,0.9493935704231262,0.2586666666666667,0.1111111111111111,3.03985595703125,1.3254063129425049,2.163752555847168,1.6159321069717407,1.5969152450561523,0.9493935704231262,0.7353333333333334,0.888888888888889,0.475292444229126,0.13773545622825623,0.5786991119384766,0.27338048815727234,0.6680426597595215,0.2001059651374817,0.2633333333333333,0.16666666666666666,-0.0529632493853569,0.028262313455343246,-0.016719583421945572,0.09279967844486237,-0.024318810552358627,0.034004032611846924,0.3593333333333334,0.33333333333333337,3.955002784729004,1.717968463897705,2.675750732421875,2.0872740745544434,2.963040351867676,1.7512378692626953,0.744,0.7222222222222222,1.147815465927124,0.547149658203125,1.7738887071609497,1.6427092552185059,2.1285762786865234,0.15642595291137695,0.2786666666666666,0.1388888888888889,0.22700119018554688,0.1781001091003418,0.10345125198364258,0.14322948455810547,0.15203499794006348,0.1360100507736206,0.7566666666666666,0.7222222222222222,0.04590606689453125,0.021915435791015625,0.07928466796875,0.096099853515625,0.113433837890625,0.045429229736328125,0.292,0.19444444444444442,0.08663861453533173,0.06015431880950928,0.12277363240718842,0.09771506488323212,0.15539252758026123,0.05729550123214722,0.2806666666666667,0.13888888888888887,0.475292444229126,0.13773545622825623,0.5786991119384766,0.27338048815727234,0.6680426597595215,0.2001059651374817,0.2633333333333333,0.16666666666666666
20160222_115224_1281_1,Consensus_7of7,Consensus_Sensitive,True,8,52,259,2.4348835945129395,0.18113088607788086,2.9850175380706787,0.7848033905029297,2.508859634399414,0.5731630325317383,0.2139423076923077,0.43339768339768336,15.983091354370117,0.4200620651245117,16.004718780517578,0.6799526214599609,15.644314765930176,0.46921348571777344,0.5384615384615384,0.7417953667953667,1.8935132026672363,0.10859131813049316,1.6911280155181885,0.30735504627227783,1.8343545198440552,0.22237813472747803,0.7716346153846154,0.622104247104247,-0.946839451789856,0.40060269832611084,0.2698780298233032,1.735729694366455,-0.7832282185554504,1.2676506042480469,0.2139423076923077,0.43339768339768336,0.36250633001327515,0.6620550751686096,0.3965931236743927,1.0716679096221924,-0.17143656313419342,0.7395234107971191,0.5384615384615384,0.7417953667953667,0.28523731231689453,0.06345939636230469,0.4779772162437439,0.2749565839767456,0.31115490198135376,0.20080824196338654,0.2139423076923077,0.43339768339768336,0.47319716215133667,0.07231348752975464,0.47692030668258667,0.11705377697944641,0.4148768186569214,0.08077502250671387,0.5384615384615384,0.7417953667953667,1.6704213619232178,1.0767736434936523,0.3786182999610901,2.225586414337158,0.5589102506637573,1.5459330081939697,0.7283653846153846,0.7007722007722007,1.6704213619232178,1.009540319442749,1.2211812734603882,1.0656814575195312,0.9153613448143005,0.9868516325950623,0.5528846153846154,0.6288610038610037,1.688819408416748,0.6650097370147705,1.0655627250671387,0.7618183493614197,1.3218364715576172,0.7225470542907715,0.7548076923076923,0.6597490347490347,0.02766723930835724,0.13369347155094147,-0.02605697326362133,0.11284267157316208,-0.025271356105804443,0.15874996781349182,0.5985576923076923,0.5868725868725869,1.3049473762512207,0.6218099594116211,1.5957624912261963,1.4125168323516846,1.575755000114441,1.1390650272369385,0.389423076923077,0.38465250965250963,1.813697099685669,1.4698017835617065,2.089082956314087,1.9038313627243042,1.3133289813995361,1.361082673072815,0.49759615384615385,0.6611969111969112,0.033663034439086914,0.05550873279571533,0.061940908432006836,0.05803549289703369,0.05063009262084961,0.04887223243713379,0.3125,0.36341698841698844,0.10385894775390625,0.21537399291992188,0.10283660888671875,0.11566162109375,0.0694427490234375,0.06623077392578125,0.5048076923076923,0.6674710424710425,0.3644936680793762,0.08130764961242676,0.26077133417129517,0.15986116230487823,0.2767409682273865,0.10529455542564392,0.7548076923076923,0.7104247104247103,1.688819408416748,0.6650097370147705,1.0655627250671387,0.7618183493614197,1.3218364715576172,0.7225470542907715,0.7548076923076923,0.6597490347490347
20160222_115224_1281_361,Consensus_7of7,Consensus_Sensitive,True,1,8,2,3.0461297035217285,0.0,2.8076157569885254,0.5492241382598877,2.786604404449463,0.05902457237243652,0.625,1.0,14.625008583068848,0.0,16.149330139160156,0.6481542587280273,16.900341033935547,0.5990810394287109,0.125,0.0,1.5688352584838867,0.0,1.708573818206787,0.17762279510498047,1.802075743675232,0.05664658546447754,0.25,0.0,0.20721182227134705,0.0,-0.6515038013458252,1.9773566722869873,-0.7271504402160645,0.21250492334365845,0.625,1.0,-2.1268601417541504,0.0,-0.14320257306098938,0.8434680700302124,0.8341176509857178,0.7796081900596619,0.125,0.0,0.48998934030532837,0.0,0.35646939277648926,0.3074551224708557,0.34470728039741516,0.033041954040527344,0.625,1.0,0.24501295387744904,0.0,0.47151678800582886,0.09631136059761047,0.5831120610237122,0.0890195369720459,0.125,0.0,-2.3340718746185303,0.0,-0.34768426418304443,1.7394983768463135,1.5612680912017822,0.9921131134033203,0.125,0.0,2.3340718746185303,0.0,1.0594031810760498,0.5629516839981079,1.5612680912017822,0.9921131134033203,0.875,0.5,0.5463310480117798,0.0,1.0358164310455322,0.5487293004989624,1.6343369483947754,0.36234748363494873,0.125,0.0,-0.08784636855125427,0.0,-0.034931860864162445,0.07485495507717133,0.04473830759525299,0.06422960758209229,0.25,0.0,1.552530288696289,0.0,0.9496647119522095,0.6602263450622559,1.6224911212921143,0.17924129962921143,0.625,0.5,2.122833251953125,0.0,5.11379337310791,3.6227951049804688,6.28565788269043,0.46759986877441406,0.25,0.0,0.02885723114013672,0.0,0.022894859313964844,0.02522099018096924,0.07015609741210938,0.009738922119140625,0.625,0.0,1.53216552734375,0.0,0.4372406005859375,0.357757568359375,1.0180511474609375,0.6023101806640625,0.75,0.5,0.12495921552181244,0.0,0.2378917783498764,0.13974742591381073,0.3850504755973816,0.07760098576545715,0.125,0.0,0.5463310480117798,0.0,1.0358164310455322,0.5487293004989624,1.6343369483947754,0.36234748363494873,0.125,0.0
20160222_115224_1281_721,Consensus_7of7,Consensus_Sensitive,True,0,17,11,,,3.3596692085266113,0.2623307704925537,2.912879705429077,0.37427496910095215,,,,,17.342769622802734,0.99237060546875,16.407133102416992,0.8655853271484375,,,,,1.6233304738998413,0.10230851173400879,1.7336819171905518,0.1225203275680542,,,,,-0.5745863914489746,0.3660568296909332,-1.1980372667312622,0.5222638845443726,,,,,1.3439662456512451,1.2165155410766602,0.19699916243553162,1.0610946416854858,,,,,0.3833829164505005,0.07644191384315491,0.25319063663482666,0.10906189680099487,,,,,0.6174356937408447,0.15233755111694336,0.47380730509757996,0.13287508487701416,,,,,1.753314733505249,1.181836724281311,1.788467526435852,0.9052200317382812,,,,,1.753314733505249,1.181836724281311,1.788467526435852,0.9052200317382812,,,,,1.459027647972107,0.3035891056060791,1.9271960258483887,0.7695746421813965,,,,,-0.01784675009548664,0.1283385008573532,-0.025427497923374176,0.09179043769836426,,,,,1.1733306646347046,1.1753182411193848,2.384448528289795,0.59989333152771,,,,,3.3554723262786865,1.015091896057129,4.720776081085205,2.5471489429473877,,,,,0.04197120666503906,0.017381668090820312,0.08911275863647461,0.039441585540771484,,,,,0.253997802734375,0.08099365234375,0.313751220703125,0.194976806640625,,,,,0.3506488502025604,0.09715348482131958,0.3791119456291199,0.08322247862815857,,,,,1.459027647972107,0.3035891056060791,1.9271960258483887,0.7695746421813965,,
20160222_115224_641_1,Consensus_7of7,Consensus_Sensitive,True,1,42,8,3.260373115539551,0.0,3.67238187789917,0.5665831565856934,3.375023365020752,0.17319273948669434,0.16666666666666663,0.25,16.014141082763672,0.0,16.250892639160156,0.5911893844604492,15.925270080566406,0.3812065124511719,0.33333333333333337,0.625,1.5916061401367188,0.0,1.4885385036468506,0.14188921451568604,1.5478044748306274,0.08580291271209717,0.8095238095238095,0.75,-0.22983570396900177,0.0,0.6410803198814392,1.1976591348648071,0.012514982372522354,0.36609959602355957,0.16666666666666663,0.25,0.5286791920661926,0.0,0.9111337661743164,0.955018162727356,0.38511598110198975,0.6158092021942139,0.33333333333333337,0.625,0.4453981816768646,0.0,0.5760981440544128,0.1797349452972412,0.4817681908607483,0.05494123697280884,0.16666666666666663,0.25,0.5419298410415649,0.0,0.5831010341644287,0.10280764102935791,0.5264753103256226,0.06629180908203125,0.33333333333333337,0.625,0.7585148811340332,0.0,0.3036520481109619,1.2792052030563354,0.3550876975059509,0.8396433591842651,0.7142857142857143,0.625,0.7585148811340332,0.0,0.6753791570663452,0.8144771456718445,0.7144331932067871,0.49445870518684387,0.5714285714285714,0.5,1.1948567628860474,0.0,1.0180470943450928,0.3496639132499695,1.0772899389266968,0.22219079732894897,0.7142857142857143,0.625,-0.001056781387887895,0.0,-0.0391240119934082,0.1339968591928482,-0.021716440096497536,0.18727096915245056,0.6428571428571428,0.625,1.0331449508666992,0.0,2.3114523887634277,1.4859611988067627,1.664664387702942,2.1053664684295654,0.11904761904761907,0.375,1.3838574886322021,0.0,2.038581371307373,1.556023359298706,1.694566249847412,0.5276284217834473,0.2857142857142857,0.25,0.027701377868652344,0.0,0.09724903106689453,0.10899066925048828,0.06456136703491211,0.06856989860534668,0.1428571428571429,0.25,0.05657958984375,0.0,0.09661865234375,0.0693359375,0.0899505615234375,0.0589141845703125,0.04761904761904767,0.375,0.3005552589893341,0.0,0.24341163039207458,0.10297006368637085,0.27074146270751953,0.060240551829338074,0.7142857142857143,0.625,1.1948567628860474,0.0,1.0180470943450928,0.3496639132499695,1.0772899389266968,0.22219079732894897,0.7142857142857143,0.625
20160222_115224_641_361,Consensus_7of7,Consensus_Sensitive,True,0,48,4,,,3.9085917472839355,0.8454909324645996,2.6638729572296143,0.06666064262390137,,,,,16.672649383544922,0.9367008209228516,15.348194122314453,0.08667373657226562,,,,,1.4473801851272583,0.1868150234222412,1.7512038946151733,0.019466519355773926,,,,,-0.4847215712070465,1.1547046899795532,-2.1846601963043213,0.09103989601135254,,,,,1.6157562732696533,1.4886530637741089,-0.4891417324542999,0.13774657249450684,,,,,0.4881741404533386,0.2554662227630615,0.11208061873912811,0.020141609013080597,,,,,0.6022037863731384,0.15351510047912598,0.3851393461227417,0.014204919338226318,,,,,2.177891492843628,0.9575353860855103,1.737472653388977,0.09795558452606201,,,,,2.177891492843628,0.9575353860855103,1.737472653388977,0.09795558452606201,,,,,1.236655831336975,0.4203110933303833,2.6865835189819336,0.2646923065185547,,,,,0.008882801048457623,0.09926426410675049,-0.013858603313565254,0.18616458773612976,,,,,2.365513324737549,1.3607009649276733,0.3216703534126282,0.507062554359436,,,,,3.0857291221618652,2.1860060691833496,1.379143238067627,0.5451010465621948,,,,,0.12545537948608398,0.10450220108032227,0.015052080154418945,0.03096604347229004,,,,,0.212066650390625,0.15198516845703125,0.0425872802734375,0.020107269287109375,,,,,0.30875420570373535,0.10012161731719971,0.3453775644302368,0.00815725326538086,,,,,1.236655831336975,0.4203110933303833,2.6865835189819336,0.2646923065185547,,
20160222_115837_1281_1081,Consensus_7of7,Consensus_Resistant,True,2,47,34,3.477114677429199,0.011655807495117188,3.815045118331909,0.4516010284423828,3.6777305603027344,0.43065786361694336,0.1382978723404255,0.2647058823529411,16.06985092163086,0.11227035522460938,16.949331283569336,0.8714599609375,15.924320220947266,0.7524890899658203,0.08510638297872342,0.6029411764705882,1.5307008028030396,0.010338544845581055,1.514107346534729,0.14127326011657715,1.4851717948913574,0.1271343231201172,0.6063829787234043,0.7647058823529412,-1.0787897109985352,0.021230220794677734,-0.46328234672546387,0.8225470185279846,-0.7133873701095581,0.7844014167785645,0.1382978723404255,0.2647058823529411,0.7881405353546143,0.15387111902236938,1.9935086965560913,1.1943764686584473,0.5886832475662231,1.031320333480835,0.08510638297872342,0.6029411764705882,0.2782418131828308,0.0038410425186157227,0.38959982991218567,0.14881575107574463,0.3443506360054016,0.1419144570827484,0.1382978723404255,0.2647058823529411,0.593942403793335,0.018487215042114258,0.7387642860412598,0.14350122213363647,0.5699781179428101,0.12391045689582825,0.08510638297872342,0.6029411764705882,1.8669302463531494,0.17510151863098145,2.6316404342651367,1.7089719772338867,1.5336941480636597,1.5188007354736328,0.3191489361702128,0.6470588235294118,1.8669302463531494,0.17510151863098145,2.6316404342651367,1.7089719772338867,1.6329967975616455,1.389035940170288,0.3191489361702128,0.6323529411764706,1.9627206325531006,0.07928919792175293,1.9058926105499268,0.8370962142944336,1.7094037532806396,0.7242827415466309,0.5638297872340425,0.7647058823529412,-0.03377484902739525,0.028818508610129356,-0.021582158282399178,0.0824718177318573,0.001152905635535717,0.19596648216247559,0.44680851063829785,0.45588235294117646,0.5602208375930786,0.4264906048774719,1.417588233947754,1.0361831188201904,1.7602972984313965,1.1539006233215332,0.12765957446808512,0.10294117647058826,3.160578727722168,1.2636001110076904,3.2512528896331787,2.3356971740722656,3.612194538116455,3.2957823276519775,0.5319148936170213,0.36764705882352944,0.03693866729736328,0.012403488159179688,0.052054405212402344,0.04390764236450195,0.08321952819824219,0.07302045822143555,0.2553191489361702,0.14705882352941174,0.25507354736328125,0.08771514892578125,0.318817138671875,0.2848968505859375,0.220367431640625,0.4312896728515625,0.4042553191489362,0.5147058823529411,0.4287537932395935,0.01562461256980896,0.45287373661994934,0.15493518114089966,0.384931743144989,0.1363375186920166,0.425531914893617,0.7205882352941175,1.9627206325531006,0.07928919792175293,1.9058926105499268,0.8370962142944336,1.7094037532806396,0.7242827415466309,0.5638297872340425,0.7647058823529412
20160222_164851_1281_1081,Consensus_7of7,Consensus_Resistant,True,1,104,8,3.901369094848633,0.0,3.901048183441162,0.5790629386901855,3.728968858718872,0.47198963165283203,0.5,0.625,15.931042671203613,0.0,15.353452682495117,0.8187456130981445,16.332096099853516,1.2058429718017578,0.7980769230769231,0.375,1.406922698020935,0.0,1.386001706123352,0.20929884910583496,1.4103808403015137,0.15340375900268555,0.5769230769230769,0.5,-1.2908095121383667,0.0,-1.2916373014450073,1.493288516998291,-1.7353953123092651,1.2171680927276611,0.5,0.625,1.3040403127670288,0.0,0.37860602140426636,1.311821699142456,1.9466211795806885,1.9320398569107056,0.7980769230769231,0.375,0.43155962228775024,0.0,0.4314553141593933,0.18817847967147827,0.37553462386131287,0.153382807970047,0.5,0.625,0.6197242140769958,0.0,0.5239988565444946,0.13569265604019165,0.6861916780471802,0.19984692335128784,0.7980769230769231,0.375,2.5948498249053955,0.0,1.9329087734222412,3.243945598602295,2.737535238265991,2.57718563079834,0.6826923076923077,0.5,2.5948498249053955,0.0,2.084912061691284,2.1049318313598633,2.737535238265991,2.57718563079834,0.6634615384615384,0.5,1.390739917755127,0.0,1.2684013843536377,0.8059751391410828,1.3795092105865479,0.8574225902557373,0.5961538461538461,0.5,-0.06268996745347977,0.0,-0.007683702278882265,0.10962730646133423,-0.041683491319417953,0.11515815556049347,0.25,0.5,0.7694957852363586,0.0,2.0655250549316406,1.600615382194519,2.0486748218536377,0.8378040790557861,0.17307692307692313,0.125,2.736494541168213,0.0,2.362124443054199,5.033796787261963,6.524045944213867,7.086052417755127,0.5865384615384616,0.375,0.043030738830566406,0.0,0.09044837951660156,0.06822347640991211,0.08097648620605469,0.0482180118560791,0.13461538461538458,0.125,0.2608642578125,0.0,0.22350311279296875,1.5418968200683594,1.4667816162109375,2.1738815307617188,0.5096153846153846,0.25,0.3522762656211853,0.0,0.3117011785507202,0.1962321698665619,0.3523831367492676,0.1886414885520935,0.6730769230769231,0.5,1.390739917755127,0.0,1.2684013843536377,0.8059751391410828,1.3795092105865479,0.8574225902557373,0.5961538461538461,0.5
20160222_164851_641_361,Consensus_7of7,Consensus_Resistant,True,6,37,53,4.0506815910339355,0.30845117568969727,4.125298023223877,1.122912883758545,4.246058940887451,0.4219231605529785,0.5405405405405406,0.4276729559748428,15.418571472167969,0.6314716339111328,15.569986343383789,1.065384864807129,15.223786354064941,0.6621589660644531,0.46396396396396394,0.5943396226415094,1.3366447687149048,0.11359381675720215,1.3250819444656372,0.3225514888763428,1.2635973691940308,0.1329178810119629,0.4549549549549549,0.5911949685534591,1.2357513904571533,0.5772515535354614,1.3753926753997803,2.1014797687530518,1.601391077041626,0.7896097898483276,0.5405405405405406,0.4276729559748428,0.4238223433494568,1.0489847660064697,0.6753497123718262,1.769790530204773,0.10025101155042648,1.099961757659912,0.46396396396396394,0.5943396226415094,0.6549031734466553,0.09094983339309692,0.676904559135437,0.3311024308204651,0.712512195110321,0.12440842390060425,0.5405405405405406,0.4276729559748428,0.519762396812439,0.10569977760314941,0.5451072454452515,0.17833098769187927,0.48715806007385254,0.1108364462852478,0.46396396396396394,0.5943396226415094,-0.8119290471076965,1.6262363195419312,-0.6204150319099426,3.5174341201782227,-1.553787112236023,1.9599677324295044,0.44144144144144143,0.6069182389937107,1.6228477954864502,1.5959506034851074,1.7985284328460693,2.0969815254211426,1.7098612785339355,1.343734622001648,0.4729729729729729,0.46540880503144655,0.8082865476608276,0.22861266136169434,0.8405871987342834,0.6907339096069336,0.6976370811462402,0.2765907049179077,0.42342342342342343,0.610062893081761,0.039519988000392914,0.13251808285713196,-0.012726044282317162,0.06801512837409973,-0.01490089949220419,0.1703798770904541,0.6666666666666667,0.6132075471698113,1.83003568649292,1.1780014038085938,1.4543633460998535,1.2120131254196167,1.7603487968444824,1.6503560543060303,0.4459459459459459,0.449685534591195,1.1208343505859375,3.8430299758911133,4.458044528961182,5.195778846740723,1.687935709953308,5.155893325805664,0.27477477477477474,0.38993710691823896,0.06323909759521484,0.05637025833129883,0.05389213562011719,0.08406352996826172,0.06786346435546875,0.09050464630126953,0.4279279279279279,0.41823899371069184,0.12046051025390625,0.2849235534667969,0.408416748046875,1.25518798828125,0.10394287109375,1.2795562744140625,0.34684684684684686,0.5849056603773585,0.17936934530735016,0.07762008160352707,0.1756126433610916,0.18921081721782684,0.12930156290531158,0.09666521847248077,0.46846846846846846,0.60062893081761,0.8082865476608276,0.22861266136169434,0.8405871987342834,0.6907339096069336,0.6976370811462402,0.2765907049179077,0.42342342342342343,0.610062893081761
20160222_165225_1921_721,Consensus_7of7,Consensus_Resistant,True,1,105,2,2.760253429412842,0.0,3.4584195613861084,0.7766823768615723,2.8907861709594727,0.08109736442565918,0.07619047619047614,0.0,14.907712936401367,0.0,14.883927345275879,0.3442373275756836,14.786056518554688,0.026618003845214844,0.5523809523809524,1.0,1.6865267753601074,0.0,1.4610321521759033,0.21111011505126953,1.6325204372406006,0.026260018348693848,0.9333333333333333,1.0,-1.7001879215240479,0.0,0.14580483734607697,2.0535945892333984,-1.3550519943237305,0.21442663669586182,0.07619047619047614,0.0,0.38624417781829834,0.0,0.3419685363769531,0.6407797932624817,0.15978620946407318,0.04954889416694641,0.5523809523809524,1.0,0.19537857174873352,0.0,0.4610067307949066,0.29550087451934814,0.24504174292087555,0.030854791402816772,0.07619047619047614,0.0,0.5713961720466614,0.0,0.5668526291847229,0.06575661897659302,0.5481571555137634,0.005084633827209473,0.5523809523809524,1.0,2.0864319801330566,0.0,0.19376331567764282,1.8229354619979858,1.5148382186889648,0.1648777723312378,0.9333333333333333,1.0,2.0864319801330566,0.0,0.9243752360343933,1.038900375366211,1.5148382186889648,0.1648777723312378,0.8952380952380953,1.0,2.532397985458374,0.0,1.2143023014068604,0.6933292150497437,2.047959804534912,0.19693732261657715,0.9333333333333333,1.0,0.14906558394432068,0.0,-0.038046229630708694,0.11055546253919601,-0.005118316039443016,0.06410470604896545,1.0,1.0,1.7627861499786377,0.0,2.0731794834136963,2.1138548851013184,1.2018084526062012,0.3620208501815796,0.4,1.0,0.7168874740600586,0.0,1.045345425605774,0.8979061245918274,0.43385571241378784,0.006386518478393555,0.2761904761904762,1.0,0.04503297805786133,0.0,0.07245445251464844,0.12671756744384766,0.054463863372802734,0.006207942962646484,0.32380952380952377,0.0,0.0100860595703125,0.0,0.047119140625,0.0501708984375,0.01595306396484375,0.00409698486328125,0.01904761904761909,0.0,0.45975762605667114,0.0,0.3042709529399872,0.14800244569778442,0.4136788845062256,0.013074547052383423,0.9333333333333333,1.0,2.532397985458374,0.0,1.2143023014068604,0.6933292150497437,2.047959804534912,0.19693732261657715,0.9333333333333333,1.0
20160222_165402_1281_361,Consensus_7of7,Consensus_Resistant,True,0,139,3,,,4.14536190032959,1.0122168064117432,3.281301736831665,0.39827489852905273,,,,,15.03306770324707,0.42574119567871094,15.206052780151367,0.32263946533203125,,,,,1.291452169418335,0.2235482931137085,1.4957529306411743,0.10628247261047363,,,,,0.09516827017068863,1.6163456439971924,-1.2845953702926636,0.6359801292419434,,,,,0.5259765982627869,0.790336012840271,0.8471024036407471,0.5989410877227783,,,,,0.5470725893974304,0.27744120359420776,0.3102400600910187,0.10916417837142944,,,,,0.5608401298522949,0.07689249515533447,0.5920827388763428,0.05827146768569946,,,,,0.45856189727783203,1.6278154850006104,0.9900311827659607,0.6078723669052124,,,,,0.9021769762039185,1.0908644199371338,0.9900311827659607,0.6078723669052124,,,,,1.0368369817733765,0.434809148311615,1.484261155128479,0.32964253425598145,,,,,-0.009639160707592964,0.09284234046936035,0.02132253535091877,0.13021519780158997,,,,,2.5438449382781982,1.8478068113327026,4.883695125579834,0.9349756240844727,,,,,1.1328145265579224,1.1657456159591675,1.960152268409729,0.5791134834289551,,,,,0.13111019134521484,0.12820720672607422,0.38602638244628906,0.09883737564086914,,,,,0.0735321044921875,0.058807373046875,0.0759124755859375,0.0055694580078125,,,,,0.25301462411880493,0.13928481936454773,0.3321329355239868,0.06268683075904846,,,,,1.0368369817733765,0.434809148311615,1.484261155128479,0.32964253425598145,,
20160222_165926_1281_361,Consensus_7of7,Consensus_Sensitive,True,1,18,8,3.1446592807769775,0.0,3.3325960636138916,0.5085937976837158,3.110881805419922,0.3033740520477295,0.2777777777777778,0.5,14.876625061035156,0.0,15.211763381958008,0.592066764831543,15.149765968322754,0.5102663040161133,0.2222222222222222,0.25,1.5540605783462524,0.0,1.5310547351837158,0.15526556968688965,1.590928316116333,0.08442699909210205,0.5555555555555556,0.25,-0.10841724276542664,0.0,0.48231619596481323,1.5986403226852417,-0.21458886563777924,0.9535823464393616,0.2777777777777778,0.5,-0.032697804272174835,0.0,0.5380658507347107,1.00832998752594,0.4324793219566345,0.8690166473388672,0.2222222222222222,0.25,0.4655877947807312,0.0,0.5368078947067261,0.19273540377616882,0.45278751850128174,0.11496585607528687,0.2777777777777778,0.5,0.44055384397506714,0.0,0.4929949939250946,0.09264427423477173,0.4832938015460968,0.07984435558319092,0.2222222222222222,0.25,0.0757194384932518,0.0,-0.056684255599975586,2.320734977722168,0.7995114326477051,0.690669059753418,0.5,0.25,0.0757194384932518,0.0,1.183441400527954,1.3599966764450073,0.8441686630249023,0.37461864948272705,0.0,0.0,0.9514458179473877,0.0,0.8940469026565552,0.3851255178451538,1.0876426696777344,0.13637220859527588,0.5555555555555556,0.25,-0.08168571442365646,0.0,-0.01845100149512291,0.10134585201740265,-0.05081895738840103,0.06723661720752716,0.16666666666666663,0.375,1.4235845804214478,0.0,1.7853296995162964,0.9736537933349609,1.49814772605896,0.5317916870117188,0.38888888888888884,0.375,1.894956350326538,0.0,2.283390760421753,1.9733147621154785,0.8631892800331116,0.6171959638595581,0.33333333333333337,1.0,0.030716896057128906,0.0,0.0744023323059082,0.038358211517333984,0.04254579544067383,0.024847745895385742,0.05555555555555558,0.125,0.0843505859375,0.0,0.1203765869140625,0.19358444213867188,0.06523895263671875,0.0415802001953125,0.2777777777777778,0.75,0.23543734848499298,0.0,0.2179541289806366,0.12201380729675293,0.26760122179985046,0.03683061897754669,0.5555555555555556,0.25,0.9514458179473877,0.0,0.8940469026565552,0.3851255178451538,1.0876426696777344,0.13637220859527588,0.5555555555555556,0.25
20160222_165926_1921_721,Consensus_7of7,Consensus_Resistant,True,4,80,99,4.390712261199951,0.6259293556213379,4.297034740447998,0.6424965858459473,3.9990477561950684,0.6789610385894775,0.553125,0.7045454545454546,15.49163818359375,0.5196981430053711,15.372404098510742,0.5001821517944336,15.285347938537598,0.49802112579345703,0.590625,0.6843434343434344,1.2692742347717285,0.12166690826416016,1.2837049961090088,0.15917837619781494,1.3251533508300781,0.16943347454071045,0.490625,0.33585858585858586,1.066349983215332,1.650967001914978,0.8192639350891113,1.6946649551391602,0.03328612074255943,1.790844202041626,0.553125,0.7045454545454546,0.695762038230896,0.8432677388191223,0.5022914409637451,0.811601996421814,0.3610323369503021,0.8080940246582031,0.590625,0.6843434343434344,0.6128267049789429,0.24455147981643677,0.5762267112731934,0.2510243058204651,0.4598028361797333,0.2652709484100342,0.553125,0.7045454545454546,0.4990081191062927,0.0763750970363617,0.48148542642593384,0.073507159948349,0.46869152784347534,0.073189377784729,0.590625,0.6843434343434344,0.02023637294769287,0.8643248677253723,-0.20094051957130432,1.544351577758789,0.0711895227432251,1.9282491207122803,0.51875,0.45707070707070707,0.6914719343185425,1.3164207935333252,0.7140200138092041,1.0666451454162598,0.9333860874176025,1.2175813913345337,0.40625,0.3838383838383838,0.8815622925758362,0.24753469228744507,0.8776534795761108,0.35666966438293457,0.9490118026733398,0.530483603477478,0.496875,0.3888888888888889,-0.052235618233680725,0.03573944419622421,-0.03623143211007118,0.07053672522306442,-0.03394599258899689,0.12242767214775085,0.45937500000000003,0.4545454545454546,1.6778419017791748,1.7140973806381226,1.6304609775543213,1.0478802919387817,1.8198261260986328,1.5253812074661255,0.5,0.5075757575757576,1.959527611732483,0.6184449195861816,1.6823490858078003,1.7813832759857178,1.773485541343689,1.829878807067871,0.5875,0.5631313131313131,0.05934286117553711,0.09678816795349121,0.06317329406738281,0.05872058868408203,0.06725311279296875,0.06420278549194336,0.44062499999999993,0.4772727272727273,0.07576751708984375,0.058315277099609375,0.11055755615234375,0.09779739379882812,0.0937652587890625,0.12392425537109375,0.4,0.42424242424242425,0.18812550604343414,0.11530090868473053,0.21205243468284607,0.11559796333312988,0.23458649218082428,0.1273634433746338,0.478125,0.36616161616161613,0.8815622925758362,0.24753469228744507,0.8776534795761108,0.35666966438293457,0.9490118026733398,0.530483603477478,0.496875,0.3888888888888889
20160222_165926_1_721,Consensus_7of7,Consensus_Resistant,True,0,24,10,,,3.3212809562683105,0.6169683933258057,3.304478168487549,0.28165483474731445,,,,,15.304317474365234,0.4300394058227539,14.995243072509766,0.46732616424560547,,,,,1.5163884162902832,0.18644332885742188,1.5314308404922485,0.059806227684020996,,,,,0.2178451120853424,1.9568877220153809,0.16454961895942688,0.893347442150116,,,,,0.458713173866272,0.7060695886611938,-0.048746850341558456,0.7672908306121826,,,,,0.5101983547210693,0.30357322096824646,0.5019305944442749,0.13858553767204285,,,,,0.3676874339580536,0.05145549774169922,0.33070579171180725,0.05591708421707153,,,,,0.11969895660877228,2.0127320289611816,-0.005279123783111572,0.8226067423820496,,,,,1.0467439889907837,1.0252764225006104,0.3679589033126831,0.7560635209083557,,,,,0.7090549468994141,0.4189578890800476,0.7425178289413452,0.15615731477737427,,,,,0.0012590407859534025,0.1155661940574646,-0.026529647409915924,0.0558762326836586,,,,,1.8770549297332764,1.1372121572494507,2.3778786659240723,1.3214499950408936,,,,,1.4636894464492798,0.6675399541854858,1.413692831993103,0.8947679996490479,,,,,0.0847480297088623,0.05994105339050293,0.10247516632080078,0.06307101249694824,,,,,0.0743560791015625,0.08204269409179688,0.070892333984375,0.0346221923828125,,,,,0.16870227456092834,0.11413346976041794,0.1760753095149994,0.03913965821266174,,,,,0.7090549468994141,0.4189578890800476,0.7425178289413452,0.15615731477737427,,
20160222_165926_641_361,Consensus_7of7,Consensus_Resistant,True,1,48,8,3.5073063373565674,0.0,3.6661570072174072,0.7528986930847168,3.415727138519287,0.2343587875366211,0.375,0.75,15.05761432647705,0.0,15.244029998779297,0.5106124877929688,15.163246154785156,0.38625144958496094,0.375,0.375,1.4570136070251465,0.0,1.4411983489990234,0.20896267890930176,1.5103461742401123,0.052338242530822754,0.6041666666666667,0.25,-0.8650985360145569,0.0,-0.6564104557037354,0.989111065864563,-0.9854093790054321,0.3078857660293579,0.375,0.75,0.2395324856042862,0.0,0.555092453956604,0.8643544912338257,0.41834399104118347,0.6538381576538086,0.375,0.375,0.4618370532989502,0.0,0.506197452545166,0.21025332808494568,0.4362628161907196,0.06544667482376099,0.375,0.75,0.5449626445770264,0.0,0.5769693851470947,0.08767002820968628,0.563099205493927,0.06631767749786377,0.375,0.375,1.1046310663223267,0.0,1.1780602931976318,0.9344053268432617,1.3033866882324219,0.8047959804534912,0.47916666666666663,0.375,1.1046310663223267,0.0,1.2270162105560303,0.8879663348197937,1.3033866882324219,0.8047959804534912,0.45833333333333337,0.375,1.162406325340271,0.0,1.1464283466339111,0.4115210175514221,1.263977289199829,0.11390531063079834,0.5416666666666667,0.125,-0.048382267355918884,0.0,-0.01165966596454382,0.05737030506134033,0.015310066752135754,0.14939552545547485,0.27083333333333337,0.375,2.896763324737549,0.0,2.179612874984741,1.3369497060775757,2.246882915496826,0.7182080745697021,0.7708333333333334,1.0,2.5190069675445557,0.0,1.4011235237121582,1.2765536308288574,1.6026256084442139,0.9438810348510742,0.8333333333333334,0.75,0.11549949645996094,0.0,0.08362913131713867,0.09126901626586914,0.08420848846435547,0.057781219482421875,0.6666666666666667,0.875,0.1215057373046875,0.0,0.07711029052734375,0.06201171875,0.07311248779296875,0.09400558471679688,0.75,0.625,0.29327869415283203,0.0,0.2888150215148926,0.13045087456703186,0.3082835078239441,0.038639217615127563,0.5416666666666667,0.25,1.162406325340271,0.0,1.1464283466339111,0.4115210175514221,1.263977289199829,0.11390531063079834,0.5416666666666667,0.125
20160302_155857_641_721,Consensus_7of7,Consensus_Resistant,True,4,177,32,3.42985463142395,1.0997142791748047,4.173635959625244,1.0013446807861328,2.960920572280884,1.109912633895874,0.28813559322033894,0.640625,16.3018798828125,0.11041831970214844,16.361221313476562,0.6934394836425781,16.826480865478516,0.7423439025878906,0.4392655367231638,0.140625,1.5647716522216797,0.32254886627197266,1.3619197607040405,0.26040875911712646,1.736396074295044,0.45136165618896484,0.7146892655367232,0.328125,0.3422234058380127,2.002552032470703,1.6966307163238525,1.8234238624572754,-0.5116938352584839,2.0211236476898193,0.28813559322033894,0.640625,-0.6718647480010986,0.142497718334198,-0.5952827334403992,0.8949056267738342,0.0051506757736206055,0.9580177068710327,0.4392655367231638,0.140625,0.409496009349823,0.27862516045570374,0.5979414582252502,0.2537021040916443,0.2906861901283264,0.2812090814113617,0.28813559322033894,0.640625,0.3101515769958496,0.013287723064422607,0.3172927498817444,0.08344876766204834,0.37328237295150757,0.08933389186859131,0.4392655367231638,0.140625,-1.0140881538391113,1.86005437374115,-2.248389720916748,2.238569736480713,0.5699446201324463,2.6262781620025635,0.7005649717514124,0.265625,1.2329022884368896,1.2466552257537842,2.2597293853759766,2.1083152294158936,1.3844339847564697,1.4133663177490234,0.32485875706214684,0.4296875,0.8179836869239807,0.5985183119773865,0.5745346546173096,0.31077054142951965,1.2927544116973877,2.0547266006469727,0.7090395480225988,0.296875,-0.05695430189371109,0.07243983447551727,0.005795919336378574,0.09371517598628998,-0.017883185297250748,0.0954705998301506,0.18926553672316382,0.28125,1.5858848094940186,1.209037184715271,4.198475360870361,3.234480142593384,3.1329193115234375,2.127014398574829,0.1709039548022599,0.2578125,1.980470895767212,0.6237516403198242,2.2226948738098145,1.9618585109710693,3.8009719848632812,4.007861137390137,0.3418079096045198,0.1953125,0.06399965286254883,0.08141374588012695,0.26862621307373047,0.3126230239868164,0.15030765533447266,0.17087411880493164,0.12853107344632766,0.2734375,0.0851898193359375,0.088470458984375,0.128204345703125,0.162445068359375,0.3755950927734375,0.6161117553710938,0.29943502824858753,0.1875,0.18295539915561676,0.07815301418304443,0.12486420571804047,0.09575342386960983,0.2488580048084259,0.13978791236877441,0.7076271186440678,0.25,0.8179836869239807,0.5985183119773865,0.5745346546173096,0.31077054142951965,1.2927544116973877,2.0547266006469727,0.7090395480225988,0.296875
20160307_144202_1281_361,Consensus_7of7,Consensus_Sensitive,True,7,70,49,3.4812419414520264,0.6664648056030273,3.6394243240356445,0.6847467422485352,2.7764017581939697,0.7982337474822998,0.2612244897959184,0.7142857142857143,16.235855102539062,0.3213825225830078,16.360254287719727,0.5097618103027344,16.204313278198242,0.6104040145874023,0.30612244897959184,0.42274052478134116,1.5437270402908325,0.17607450485229492,1.5026705265045166,0.17745840549468994,1.7560069561004639,0.2846193313598633,0.7,0.2536443148688047,1.0000483989715576,1.5045112371444702,1.3571372032165527,1.5457828044891357,-0.5910939574241638,1.801973819732666,0.2612244897959184,0.7142857142857143,0.15600748360157013,0.46848610043525696,0.3373470902442932,0.7430923581123352,0.1100282371044159,0.8898001909255981,0.30612244897959184,0.42274052478134116,0.4628654420375824,0.1852012574672699,0.5068221092224121,0.19028165936470032,0.26700013875961304,0.22181807458400726,0.2612244897959184,0.7142857142857143,0.4269082844257355,0.04411402344703674,0.4439837336540222,0.06997174024581909,0.42257875204086304,0.08378615975379944,0.30612244897959184,0.42274052478134116,-0.7511621117591858,1.1845378875732422,-1.1494059562683105,1.8273204565048218,0.6246770024299622,1.6567881107330322,0.636734693877551,0.22740524781341104,1.1669870615005493,0.5202096700668335,1.2535367012023926,1.491283893585205,1.0143072605133057,1.255211591720581,0.3734693877551021,0.5102040816326531,0.9469424486160278,0.4002493619918823,0.8659025430679321,0.3187882900238037,1.4507479667663574,1.0527758598327637,0.6612244897959183,0.23615160349854225,-0.013242100365459919,0.05144129693508148,-0.02619038335978985,0.09737636148929596,-0.03308834508061409,0.08533847332000732,0.5938775510204082,0.629737609329446,1.5699362754821777,2.550330400466919,2.547025203704834,2.1484265327453613,2.612867832183838,1.9089304208755493,0.43061224489795913,0.446064139941691,1.45941162109375,1.0620486736297607,2.0835959911346436,1.182443618774414,1.454014778137207,1.0619920492172241,0.3142857142857143,0.4431486880466472,0.12242603302001953,0.14987659454345703,0.1180734634399414,0.14074301719665527,0.1050119400024414,0.110565185546875,0.5551020408163265,0.5918367346938775,0.0782928466796875,0.0200653076171875,0.12921142578125,0.13721466064453125,0.096221923828125,0.079498291015625,0.2530612244897959,0.3848396501457726,0.23400481045246124,0.0580468475818634,0.21285958588123322,0.09263601899147034,0.2921352982521057,0.0839303731918335,0.6306122448979592,0.23615160349854228,0.9469424486160278,0.4002493619918823,0.8659025430679321,0.3187882900238037,1.4507479667663574,1.0527758598327637,0.6612244897959183,0.23615160349854225
20160307_144202_1281_721,Consensus_7of7,Consensus_Resistant,True,7,56,65,4.069221496582031,0.36734604835510254,4.278939247131348,1.286778211593628,3.4902749061584473,0.7174479961395264,0.36989795918367346,0.7978021978021977,16.468454360961914,0.4421730041503906,16.504446029663086,1.9374771118164062,16.1623592376709,0.6978988647460938,0.46683673469387754,0.621978021978022,1.418042778968811,0.11355352401733398,1.3713147640228271,0.31709909439086914,1.5488172769546509,0.18723583221435547,0.5994897959183674,0.21978021978021975,0.5775669813156128,0.8611013889312744,1.0691697597503662,3.0163543224334717,-0.7795495986938477,1.6817796230316162,0.36989795918367346,0.7978021978021977,0.6132091283798218,0.6318813562393188,0.6646426320075989,2.7687315940856934,0.1757870614528656,0.99732506275177,0.46683673469387754,0.621978021978022,0.5537490248680115,0.10603567957878113,0.6142847537994385,0.37143266201019287,0.3866342306137085,0.20709365606307983,0.36989795918367346,0.7978021978021977,0.42981937527656555,0.05816066265106201,0.43455350399017334,0.25484418869018555,0.38955745100975037,0.09179744124412537,0.46683673469387754,0.621978021978022,0.2948629558086395,1.1837122440338135,-0.15498296916484833,4.307254791259766,1.031282901763916,2.177926540374756,0.548469387755102,0.3604395604395604,0.841771125793457,1.453275442123413,2.2502174377441406,1.9753344058990479,1.094870924949646,1.496505618095398,0.2653061224489796,0.40219780219780216,0.8368696570396423,0.26238495111465454,0.766193151473999,0.6484122276306152,1.0543124675750732,0.625080943107605,0.5331632653061225,0.3142857142857143,-0.02916017733514309,0.05694688484072685,0.0009782998822629452,0.045907121151685715,-0.060715243220329285,0.0868021696805954,0.32653061224489793,0.6307692307692307,2.846956729888916,2.2139854431152344,3.132260322570801,3.401841163635254,2.9876132011413574,2.5017902851104736,0.5,0.5494505494505495,3.672774076461792,2.6675808429718018,4.0206146240234375,6.29578971862793,2.696960926055908,5.0350213050842285,0.4642857142857142,0.5692307692307692,0.1462249755859375,0.17827892303466797,0.19626665115356445,0.30914807319641113,0.14251995086669922,0.16381359100341797,0.49489795918367346,0.5978021978021978,0.476348876953125,0.9857177734375,1.2300262451171875,1.650299072265625,0.16558837890625,0.678253173828125,0.3596938775510204,0.6615384615384615,0.2043444663286209,0.06176978349685669,0.14617975056171417,0.1974317878484726,0.2339245080947876,0.10609230399131775,0.5790816326530612,0.34725274725274724,0.8368696570396423,0.26238495111465454,0.766193151473999,0.6484122276306152,1.0543124675750732,0.625080943107605,0.5331632653061225,0.3142857142857143
20160307_144202_1921_361,Consensus_7of7,Consensus_Resistant,True,3,185,16,4.048612594604492,0.8388791084289551,4.220623970031738,0.7807259559631348,2.433690071105957,0.6374542713165283,0.33873873873873867,0.8541666666666666,16.067930221557617,0.11731719970703125,16.257320404052734,0.7186870574951172,15.869487762451172,0.2696876525878906,0.4108108108108108,0.875,1.3784325122833252,0.24702155590057373,1.3286882638931274,0.22542011737823486,1.861497163772583,0.22271215915679932,0.6468468468468468,0.14583333333333331,2.027643918991089,1.5172611474990845,2.338757038116455,1.412081003189087,-0.8932293653488159,1.1529490947723389,0.33873873873873867,0.8541666666666666,-0.16352449357509613,0.1625046730041504,0.09881801158189774,0.9955223798751831,-0.4384068548679352,0.3735702633857727,0.4108108108108108,0.875,0.6467418074607849,0.22874310612678528,0.6936454176902771,0.21288615465164185,0.20638933777809143,0.17381928861141205,0.33873873873873867,0.8541666666666666,0.42382025718688965,0.016326189041137695,0.45017677545547485,0.10001623630523682,0.396203875541687,0.037531137466430664,0.4108108108108108,0.875,-2.1911683082580566,1.679766058921814,-2.408519744873047,1.8363062143325806,0.1724499762058258,0.988161563873291,0.6018018018018018,0.22916666666666666,2.1911683082580566,1.1886932849884033,2.4463229179382324,1.521195650100708,0.6185363531112671,0.6003854274749756,0.3747747747747747,0.8125,0.6800514459609985,0.4517099857330322,0.6501067280769348,0.25819969177246094,1.6021034717559814,0.9191573858261108,0.6144144144144144,0.14583333333333331,0.022338146343827248,0.13361719250679016,0.011082280427217484,0.0995132178068161,-0.04216558486223221,0.112912617623806,0.5333333333333333,0.7083333333333333,3.481489658355713,2.087508201599121,3.2621753215789795,2.5429906845092773,2.1356759071350098,2.262028694152832,0.4522522522522522,0.5416666666666666,1.9162646532058716,0.31176137924194336,2.3070476055145264,1.8099334239959717,1.685595989227295,1.3740159273147583,0.35495495495495494,0.5208333333333334,0.1833343505859375,0.13132286071777344,0.16422271728515625,0.23124980926513672,0.08947467803955078,0.13027513027191162,0.5369369369369369,0.7291666666666666,0.069091796875,0.015869140625,0.1419677734375,0.168121337890625,0.06185150146484375,0.07912445068359375,0.12072072072072071,0.5,0.14971797168254852,0.10782065987586975,0.12422056496143341,0.10837537795305252,0.2919154167175293,0.059041619300842285,0.6414414414414414,0.25,0.6800514459609985,0.4517099857330322,0.6501067280769348,0.25819969177246094,1.6021034717559814,0.9191573858261108,0.6144144144144144,0.14583333333333331
20160307_144202_1_361,Consensus_7of7,Consensus_Resistant,True,9,248,215,3.606854200363159,0.7816107273101807,3.792048454284668,0.9025423526763916,3.227262496948242,0.6324965953826904,0.42876344086021506,0.724547803617571,16.31760025024414,0.1400928497314453,16.1231632232666,0.6209516525268555,16.01679801940918,0.5677413940429688,0.6025985663082437,0.655297157622739,1.4966062307357788,0.23586905002593994,1.4313809871673584,0.22929811477661133,1.5990324020385742,0.1902395486831665,0.5842293906810035,0.31886304909560725,0.6966307759284973,1.7213319540023804,1.10448157787323,1.9876580238342285,-0.13933949172496796,1.392939567565918,0.42876344086021506,0.724547803617571,0.47549086809158325,0.21589815616607666,0.1758425235748291,0.9569535255432129,0.011922324076294899,0.874951183795929,0.6025985663082437,0.655297157622739,0.48417264223098755,0.2151467204093933,0.535149335861206,0.2484343945980072,0.3796859383583069,0.17410147190093994,0.42876344086021506,0.724547803617571,0.49081239104270935,0.022293955087661743,0.45987027883529663,0.09881633520126343,0.44294366240501404,0.09034869074821472,0.6025985663082437,0.655297157622739,-0.6906978487968445,1.8287632465362549,-1.0944656133651733,2.0199036598205566,0.07177269458770752,1.793642282485962,0.6008064516129032,0.4051679586563307,1.1933237314224243,1.2248618602752686,1.2140755653381348,1.7708656787872314,0.918883740901947,1.1017718315124512,0.5053763440860215,0.5974160206718346,0.9122061729431152,0.45244890451431274,0.8428809642791748,0.3513757586479187,1.1160345077514648,0.5221935510635376,0.5990143369175627,0.38759689922480617,-0.062285322695970535,0.05016866698861122,-0.005903399083763361,0.09182009100914001,-0.05114579200744629,0.12974466383457184,0.2647849462365591,0.45271317829457364,2.4585561752319336,1.5418487787246704,2.7307796478271484,2.0600874423980713,2.0351407527923584,1.4129269123077393,0.4171146953405018,0.5715762273901809,2.0000417232513428,2.589280605316162,2.0997631549835205,1.689834713935852,1.7854969501495361,1.8565199375152588,0.5470430107526881,0.5953488372093023,0.09429359436035156,0.05776691436767578,0.12194061279296875,0.1524200439453125,0.09479808807373047,0.07230567932128906,0.3969534050179211,0.4733850129198966,0.125030517578125,0.528656005859375,0.1102447509765625,0.09281158447265625,0.092315673828125,0.09798431396484375,0.6263440860215054,0.6490956072351421,0.22436898946762085,0.11122781038284302,0.19753344357013702,0.11936849355697632,0.2670813798904419,0.1060536801815033,0.6097670250896058,0.4077519379844961,0.9122061729431152,0.45244890451431274,0.8428809642791748,0.3513757586479187,1.1160345077514648,0.5221935510635376,0.5990143369175627,0.38759689922480617
20160307_144202_641_361,Consensus_7of7,Consensus_Resistant,True,24,177,347,3.7464237213134766,0.6496360301971436,3.8418405055999756,0.6732885837554932,3.0954103469848633,0.6059389114379883,0.3830037664783428,0.781940441882805,16.450048446655273,0.5632133483886719,16.402748107910156,0.7158756256103516,16.18828010559082,0.6326866149902344,0.5009416195856874,0.6293227665706053,1.4928743839263916,0.21025848388671875,1.4519920349121094,0.18125855922698975,1.6563053131103516,0.22186732292175293,0.5953389830508475,0.2483189241114313,1.6344356536865234,1.4326918125152588,1.8448659181594849,1.4848545789718628,0.19870659708976746,1.3363230228424072,0.3830037664783428,0.781940441882805,0.4080880880355835,0.8028578758239746,0.34066158533096313,1.0204784870147705,0.03493811562657356,0.9018934965133667,0.5009416195856874,0.6293227665706053,0.6057015657424927,0.1916351020336151,0.6338484287261963,0.19861239194869995,0.4136602282524109,0.17874491214752197,0.3830037664783428,0.781940441882805,0.46251416206359863,0.07779845595359802,0.4559803903102875,0.09888634085655212,0.42635518312454224,0.08739525079727173,0.5009416195856874,0.6293227665706053,-0.8173835277557373,2.0282669067382812,-1.378629207611084,1.7928487062454224,-0.11864292621612549,1.8715779781341553,0.5795668549905838,0.34714217098943323,1.261252522468567,1.4166948795318604,1.4783307313919067,1.5363353490829468,0.9629298448562622,1.1033557653427124,0.42631826741996237,0.5764889529298751,0.8373242616653442,0.3347943425178528,0.757181704044342,0.27346038818359375,1.0544031858444214,0.5571318864822388,0.5725047080979284,0.3160422670509126,-0.03069937601685524,0.10583654791116714,-0.019253764301538467,0.0966017097234726,-0.03939344733953476,0.10898908972740173,0.4270244821092279,0.48823246878001925,3.063758373260498,1.4767844676971436,2.9858033657073975,1.6241874694824219,2.1690492630004883,1.380004644393921,0.5098870056497175,0.6969260326609029,2.72090220451355,1.5884814262390137,2.0226643085479736,2.231931209564209,1.9502633810043335,1.756040334701538,0.5725047080979284,0.6235590778097982,0.1185750961303711,0.10910844802856445,0.13733768463134766,0.12818527221679688,0.08836650848388672,0.07246255874633789,0.4825800376647834,0.683597502401537,0.186676025390625,0.14272308349609375,0.1400146484375,0.252532958984375,0.116119384765625,0.1372528076171875,0.5468455743879472,0.6583813640730067,0.19505520164966583,0.09702223539352417,0.16438885033130646,0.1003696471452713,0.24980264902114868,0.10455909371376038,0.6028719397363465,0.3240874159462056,0.8373242616653442,0.3347943425178528,0.757181704044342,0.27346038818359375,1.0544031858444214,0.5571318864822388,0.5725047080979284,0.3160422670509126
20160307_145059_1281_361,Consensus_7of7,Consensus_Resistant,True,3,217,18,2.8747596740722656,0.08982133865356445,3.090522527694702,0.4995245933532715,2.7729930877685547,0.29694271087646484,0.29339477726574503,0.7037037037037037,15.683025360107422,1.4722156524658203,15.987075805664062,0.9355487823486328,15.823528289794922,0.4801969528198242,0.39170506912442393,0.37037037037037035,1.696581482887268,0.1281365156173706,1.6388747692108154,0.14462947845458984,1.7491817474365234,0.14921236038208008,0.5606758832565284,0.2962962962962963,-0.5717830061912537,0.17006006836891174,-0.16327661275863647,0.9457558393478394,-0.7644590735435486,0.5622051954269409,0.29339477726574503,0.7037037037037037,0.037129681557416916,2.22060227394104,0.4957413673400879,1.4111263751983643,0.24905669689178467,0.7243006825447083,0.39170506912442393,0.37037037037037035,0.33761265873908997,0.028654903173446655,0.4064454734325409,0.1593586802482605,0.3051469326019287,0.09473088383674622,0.29339477726574503,0.7037037037037037,0.4759945869445801,0.24335971474647522,0.5262546539306641,0.1546477973461151,0.499220073223114,0.07937735319137573,0.39170506912442393,0.37037037037037035,0.6089127063751221,2.39066219329834,0.6693949103355408,1.2284314632415771,1.1126124858856201,1.1786606311798096,0.4746543778801843,0.2962962962962963,2.100693702697754,1.0358589887619019,0.8100546598434448,1.0283849239349365,1.1126124858856201,1.1786606311798096,0.7465437788018433,0.5925925925925926,1.357010841369629,0.6814788579940796,1.285881757736206,0.45226752758026123,1.6195485591888428,0.7594808340072632,0.5069124423963134,0.3703703703703703,0.03748905286192894,0.030077293515205383,-0.020560361444950104,0.08587177097797394,-0.0013249334879219532,0.11089432239532471,0.8341013824884792,0.7777777777777778,1.0882216691970825,0.480704128742218,1.7698756456375122,1.4085873365402222,1.1848785877227783,1.3301254510879517,0.23195084485407058,0.4259259259259259,2.18743896484375,4.18612003326416,2.860215902328491,3.2188892364501953,1.846555471420288,1.363877296447754,0.4531490015360983,0.5370370370370371,0.03497505187988281,0.013468265533447266,0.060065269470214844,0.06911468505859375,0.04215049743652344,0.041936635971069336,0.2596006144393241,0.37037037037037035,1.6965789794921875,1.029052734375,0.257720947265625,0.286224365234375,0.09342193603515625,0.1377105712890625,0.6497695852534561,0.7407407407407407,0.3152928054332733,0.1681743562221527,0.3084716200828552,0.08600059151649475,0.3526931405067444,0.08726900815963745,0.5053763440860215,0.31481481481481477,1.357010841369629,0.6814788579940796,1.285881757736206,0.45226752758026123,1.6195485591888428,0.7594808340072632,0.5069124423963134,0.3703703703703703
20160307_145059_1921_1081,Consensus_7of7,Consensus_Resistant,True,2,53,7,3.28971529006958,0.30742835998535156,3.3963916301727295,0.5095663070678711,3.2493417263031006,0.5019364356994629,0.42452830188679247,0.5,15.754438400268555,0.14931964874267578,16.50652313232422,0.6348094940185547,15.805376052856445,0.3691520690917969,0.09433962264150941,0.5,1.5706377029418945,0.08424389362335205,1.573288083076477,0.20420432090759277,1.554680347442627,0.14268314838409424,0.5,0.5,-0.5070584416389465,0.39752086997032166,-0.3691205084323883,0.6588952541351318,-0.5592635273933411,0.6490296125411987,0.42452830188679247,0.5,0.17803063988685608,0.21956071257591248,1.2838973999023438,0.9334256649017334,0.25292879343032837,0.5428022146224976,0.09433962264150941,0.5,0.38487905263900757,0.08001270890235901,0.4126431345939636,0.1326219141483307,0.3743712604045868,0.13063621520996094,0.42452830188679247,0.5,0.48109957575798035,0.02130526304244995,0.5884084701538086,0.0905759334564209,0.4883674085140228,0.05267137289047241,0.09433962264150941,0.5,0.685089111328125,0.17796015739440918,1.6628100872039795,1.4942307472229004,0.6565020084381104,0.35250183939933777,0.16981132075471694,0.5714285714285714,0.685089111328125,0.17796015739440918,1.6628100872039795,1.4514496326446533,0.6565020084381104,0.35250183939933777,0.13207547169811318,0.5714285714285714,1.2547186613082886,0.18186235427856445,1.3429067134857178,0.6371980905532837,1.180864691734314,0.3678135871887207,0.36792452830188677,0.4285714285714286,-0.09005069732666016,0.004092954099178314,-0.022740766406059265,0.15068814158439636,-0.07790211588144302,0.20133280754089355,0.3113207547169812,0.4285714285714286,2.3176803588867188,0.040909528732299805,1.9631386995315552,1.3464616537094116,2.4079151153564453,0.7992863655090332,0.6132075471698113,0.4285714285714286,1.2594548463821411,0.44666361808776855,2.2892446517944336,2.6394689083099365,1.111761450767517,0.5888396501541138,0.2169811320754717,0.5714285714285714,0.08279657363891602,0.0032029151916503906,0.06604290008544922,0.05611610412597656,0.07300758361816406,0.06836581230163574,0.6415094339622641,0.5714285714285714,0.06438446044921875,0.01557159423828125,0.150390625,0.1497802734375,0.0392608642578125,0.04700469970703125,0.10377358490566035,0.6428571428571428,0.2942297160625458,0.025388777256011963,0.33430200815200806,0.1341111958026886,0.2901639938354492,0.04831975698471069,0.32075471698113206,0.5,1.2547186613082886,0.18186235427856445,1.3429067134857178,0.6371980905532837,1.180864691734314,0.3678135871887207,0.36792452830188677,0.4285714285714286
20160307_145059_1921_721,Consensus_7of7,Consensus_Resistant,True,0,51,4,,,3.481647253036499,0.5574402809143066,3.460137367248535,0.3049356937408447,,,,,16.146053314208984,0.6710309982299805,16.81232452392578,2.1370162963867188,,,,,1.5433763265609741,0.14872169494628906,1.5530650615692139,0.1105722188949585,,,,,-0.6281849145889282,0.7818018198013306,-0.658352255821228,0.4276677370071411,,,,,0.6625270247459412,0.98313307762146,1.6386864185333252,3.130964994430542,,,,,0.3920800983905792,0.14509916305541992,0.3864811658859253,0.07937335968017578,,,,,0.5179503560066223,0.09615790843963623,0.6134262084960938,0.3062322437763214,,,,,1.5889887809753418,1.0429506301879883,2.0911386013031006,3.1150975227355957,,,,,1.657666802406311,0.9908831119537354,2.3793625831604004,2.070962905883789,,,,,1.3730040788650513,0.4722081422805786,1.403810739517212,0.7095783948898315,,,,,-0.030913230031728745,0.12410767376422882,0.06882375478744507,0.07365013659000397,,,,,1.615307092666626,1.1923115253448486,1.2424821853637695,0.3076624870300293,,,,,2.020007371902466,3.064424753189087,7.121715545654297,1.8849716186523438,,,,,0.056097984313964844,0.05600118637084961,0.055011749267578125,0.0031936168670654297,,,,,0.144989013671875,0.5402069091796875,2.0156173706054688,0.6260948181152344,,,,,0.332308828830719,0.0883721113204956,0.3541276454925537,0.19244448840618134,,,,,1.3730040788650513,0.4722081422805786,1.403810739517212,0.7095783948898315,,
20160307_145059_641_721,Consensus_7of7,Consensus_Resistant,True,1,183,8,4.08800745010376,0.0,3.685276746749878,0.6925158500671387,3.737492084503174,0.26531195640563965,0.7650273224043715,0.875,15.38206672668457,0.0,16.217451095581055,0.9721460342407227,15.708918571472168,0.41088294982910156,0.10382513661202186,0.125,1.3251266479492188,0.0,1.4898195266723633,0.19824647903442383,1.4589773416519165,0.0815972089767456,0.10928961748633881,0.0,0.4063814878463745,0.0,-0.4083440601825714,1.4009621143341064,-0.30271250009536743,0.5367268919944763,0.7650273224043715,0.875,-0.16917769610881805,0.0,1.0562511682510376,1.4260451793670654,0.3102826774120331,0.6027252674102783,0.10382513661202186,0.125,0.5318861603736877,0.0,0.3977603018283844,0.23063623905181885,0.41515010595321655,0.0883597731590271,0.7650273224043715,0.875,0.42344892024993896,0.0,0.5436864495277405,0.13992178440093994,0.470492959022522,0.05913862586021423,0.10382513661202186,0.125,-0.5755591988563538,0.0,1.6776788234710693,1.9774415493011475,0.7460286021232605,1.15638267993927,0.08196721311475408,0.0,0.5755591988563538,0.0,1.8250333070755005,1.72139310836792,0.7460286021232605,0.932009756565094,0.14754098360655743,0.5,0.8136452436447144,0.0,1.3697888851165771,0.8237831592559814,1.1933428049087524,0.32106220722198486,0.07650273224043713,0.0,0.003060639603063464,0.0,-0.009686258621513844,0.07705694437026978,0.0312151201069355,0.1458827257156372,0.6065573770491803,0.375,1.8606499433517456,0.0,1.6414546966552734,1.2085838317871094,1.5851867198944092,0.6782492399215698,0.6120218579234973,0.75,2.665898084640503,0.0,3.1276135444641113,3.360623598098755,2.1953134536743164,3.402195930480957,0.4480874316939891,0.625,0.046769142150878906,0.0,0.05093669891357422,0.06088066101074219,0.04837751388549805,0.037161827087402344,0.46448087431693985,0.375,0.191162109375,0.0,0.2664642333984375,0.4507904052734375,0.120635986328125,0.30870819091796875,0.33333333333333337,0.625,0.1982222944498062,0.0,0.3364016115665436,0.15765336155891418,0.286771297454834,0.07946214079856873,0.10382513661202186,0.0,0.8136452436447144,0.0,1.3697888851165771,0.8237831592559814,1.1933428049087524,0.32106220722198486,0.07650273224043713,0.0
20160310_114505_1281_1,Consensus_7of7,Consensus_Sensitive,True,2,31,58,3.7825984954833984,0.010415792465209961,3.4038238525390625,0.6050260066986084,2.9823803901672363,0.46204495429992676,0.8387096774193549,0.9655172413793104,15.802400588989258,0.07596492767333984,15.943334579467773,0.4304828643798828,15.637621879577637,0.43187713623046875,0.3225806451612903,0.6724137931034483,1.4297229051589966,0.002053499221801758,1.5368000268936157,0.18864643573760986,1.6589269638061523,0.15926694869995117,0.19354838709677424,0.03448275862068961,0.21553891897201538,0.011324569582939148,-0.1962880939245224,0.6578214168548584,-0.6545073986053467,0.5023638010025024,0.8387096774193549,0.9655172413793104,0.20123037695884705,0.09985396265983582,0.3864850401878357,0.5658616423606873,-0.01536899246275425,0.5676959156990051,0.3225806451612903,0.6724137931034483,0.4919751286506653,0.0025465786457061768,0.399365097284317,0.14792829751968384,0.2963225543498993,0.11296960711479187,0.8387096774193549,0.9655172413793104,0.44923126697540283,0.009811490774154663,0.4674341380596161,0.05560070276260376,0.427948534488678,0.05578097701072693,0.3225806451612903,0.6724137931034483,-0.014308542013168335,0.08852939307689667,0.7474879622459412,0.7414019107818604,0.5744633078575134,0.9090844392776489,0.20967741935483875,0.12931034482758624,0.08852939307689667,0.014308542013168335,0.845515251159668,0.6210485696792603,0.595849871635437,0.8917096853256226,0.032258064516129004,0.11206896551724138,0.9210684299468994,0.013775408267974854,1.182274341583252,0.4490309953689575,1.3687646389007568,0.48451662063598633,0.19354838709677424,0.043103448275862044,-0.02087857574224472,0.08102469891309738,-0.02084515243768692,0.06882935017347336,-0.024428093805909157,0.1526833176612854,0.4838709677419355,0.45689655172413796,1.7562274932861328,0.11900293827056885,2.7361249923706055,2.3271608352661133,1.763116717338562,1.6709845066070557,0.14516129032258068,0.4655172413793104,1.0578594207763672,0.20670926570892334,1.7484385967254639,2.019155502319336,1.8243165016174316,1.7833178043365479,0.27419354838709675,0.24137931034482757,0.09028387069702148,0.014091014862060547,0.1832294464111328,0.18511295318603516,0.07482600212097168,0.13017511367797852,0.2096774193548387,0.5603448275862069,0.112762451171875,0.0891876220703125,0.178131103515625,0.0851287841796875,0.09278106689453125,0.09639358520507812,0.33870967741935487,0.4482758620689655,0.2281956672668457,0.0038404613733291626,0.28830674290657043,0.07830020785331726,0.29640108346939087,0.07508140802383423,0.19354838709677424,0.051724137931034475,0.9210684299468994,0.013775408267974854,1.182274341583252,0.4490309953689575,1.3687646389007568,0.48451662063598633,0.19354838709677424,0.043103448275862044
20160310_114505_641_1,Consensus_7of7,Consensus_Resistant,True,2,65,60,2.759675979614258,0.3737814426422119,3.4670164585113525,0.817934513092041,2.5893197059631348,0.7335669994354248,0.16153846153846152,0.5833333333333334,16.791610717773438,0.22881507873535156,16.35686683654785,0.8767051696777344,16.361568450927734,1.3510103225708008,0.6769230769230768,0.6333333333333333,1.8149000406265259,0.12264895439147949,1.5824049711227417,0.23483502864837646,1.8577239513397217,0.2907118797302246,0.8692307692307691,0.4666666666666667,-1.5342206954956055,0.5671707391738892,-0.46091198921203613,1.2411227226257324,-1.7927172183990479,1.1131047010421753,0.16153846153846152,0.5833333333333334,1.062948226928711,0.2810431122779846,0.5289732813835144,1.0768122673034668,0.5347480177879333,1.6593780517578125,0.6769230769230768,0.6333333333333333,0.2854400873184204,0.10994389653205872,0.4934968948364258,0.24058690667152405,0.23533153533935547,0.2157711237668991,0.16153846153846152,0.5833333333333334,0.4688783884048462,0.028217434883117676,0.4152659475803375,0.10811465978622437,0.41584575176239014,0.16660574078559875,0.6769230769230768,0.6333333333333333,2.5971689224243164,0.28612780570983887,1.1842615604400635,1.5945167541503906,2.5187902450561523,2.1165809631347656,0.8538461538461539,0.5166666666666666,2.5971689224243164,0.28612780570983887,1.2178149223327637,1.4712862968444824,2.5187902450561523,1.7975653409957886,0.8538461538461539,0.5166666666666666,1.7021427154541016,0.4737738370895386,0.8875702619552612,0.4706016778945923,1.6627551317214966,1.5213457345962524,0.8846153846153846,0.4833333333333334,-0.04794047772884369,0.03612383455038071,-0.011212481185793877,0.07861725986003876,-0.024907993152737617,0.08901597559452057,0.2846153846153846,0.36666666666666664,2.8151495456695557,0.514101505279541,3.4356565475463867,2.1953063011169434,2.131999969482422,1.5227875709533691,0.34615384615384615,0.7333333333333334,6.0904765129089355,3.003420829772949,3.697941303253174,4.419828414916992,3.391570568084717,2.67012357711792,0.6692307692307693,0.6666666666666666,0.12471675872802734,0.030004501342773438,0.17647552490234375,0.14931774139404297,0.07989096641540527,0.066872239112854,0.3076923076923077,0.7666666666666667,0.65234375,0.383575439453125,0.314544677734375,0.3394775390625,0.2866363525390625,0.3507080078125,0.6307692307692307,0.6499999999999999,0.33193933963775635,0.03138723969459534,0.21879151463508606,0.11878401041030884,0.3249381482601166,0.14595599472522736,0.8846153846153846,0.5166666666666666,1.7021427154541016,0.4737738370895386,0.8875702619552612,0.4706016778945923,1.6627551317214966,1.5213457345962524,0.8846153846153846,0.4833333333333334
20160310_114505_641_1081,Consensus_7of7,Consensus_Resistant,True,4,65,37,3.881643295288086,0.47704362869262695,3.5154500007629395,0.6492645740509033,3.327531337738037,0.5920047760009766,0.6038461538461539,0.7094594594594595,16.105838775634766,0.6507186889648438,16.179584503173828,0.7280855178833008,15.625727653503418,0.4657554626464844,0.5769230769230769,0.8378378378378378,1.420626163482666,0.17394697666168213,1.5149526596069336,0.17299330234527588,1.5412638187408447,0.14790558815002441,0.3846153846153846,0.33783783783783783,0.1698722541332245,0.5836254358291626,-0.278136283159256,0.7943238615989685,-0.5080398917198181,0.7242709994316101,0.6038461538461539,0.7094594594594595,0.24961009621620178,0.8241673707962036,0.3430139720439911,0.9221569299697876,-0.35847359895706177,0.5899026989936829,0.5769230769230769,0.8378378378378378,0.5081515312194824,0.13047891855239868,0.4079919457435608,0.1775839626789093,0.3565932512283325,0.16192251443862915,0.6038461538461539,0.7094594594594595,0.37463444471359253,0.07692679762840271,0.383352667093277,0.08607301115989685,0.3178766667842865,0.05506080389022827,0.5769230769230769,0.8378378378378378,0.06443919241428375,1.4230914115905762,0.33733996748924255,1.1892002820968628,0.16750089824199677,0.8243354558944702,0.4615384615384615,0.46621621621621623,0.34361913800239563,0.8647315502166748,0.6214655637741089,0.8731465339660645,0.46681129932403564,0.452638179063797,0.49230769230769234,0.5405405405405406,0.7613000869750977,0.487923264503479,0.8893717527389526,0.31590598821640015,0.9041383862495422,0.3645092248916626,0.40384615384615385,0.3783783783783784,-0.039229538291692734,0.084536612033844,0.00187593640293926,0.10720853507518768,-0.046316612511873245,0.1428295224905014,0.28076923076923077,0.43918918918918914,3.144692897796631,0.891995906829834,2.473052978515625,2.8148014545440674,1.8033167123794556,2.079010009765625,0.6423076923076922,0.7702702702702703,3.904585838317871,4.069438934326172,2.352428913116455,1.5181537866592407,2.0002331733703613,1.3027771711349487,0.623076923076923,0.7567567567567568,0.14365863800048828,0.11870813369750977,0.11002159118652344,0.2176342010498047,0.08848857879638672,0.16458797454833984,0.5884615384615385,0.6756756756756757,0.3141937255859375,0.4617347717285156,0.173004150390625,0.117767333984375,0.0863037109375,0.141632080078125,0.4884615384615384,0.7027027027027026,0.18344593048095703,0.10195215046405792,0.20877514779567719,0.07529735565185547,0.20193980634212494,0.05465598404407501,0.4423076923076923,0.4391891891891892,0.7613000869750977,0.487923264503479,0.8893717527389526,0.31590598821640015,0.9041383862495422,0.3645092248916626,0.40384615384615385,0.3783783783783784
20160310_114505_641_361,Consensus_7of7,Consensus_Resistant,True,8,71,87,3.0715508460998535,0.9133560657501221,3.268888235092163,0.7377269268035889,2.7964465618133545,0.5954663753509521,0.3732394366197183,0.6235632183908045,17.146499633789062,0.7822780609130859,16.27876853942871,0.7623710632324219,15.94165325164795,1.8459224700927734,0.7852112676056338,0.7844827586206897,1.7151062488555908,0.31411969661712646,1.5963293313980103,0.2087106704711914,1.760223150253296,0.25471603870391846,0.6954225352112676,0.5028735632183908,-0.02830873429775238,2.031731128692627,0.410661906003952,1.6410493850708008,-0.6402692794799805,1.3245958089828491,0.3732394366197183,0.6235632183908045,1.5226929187774658,1.014959454536438,0.3968619108200073,0.9891331791877747,-0.040525227785110474,2.394975185394287,0.7852112676056338,0.7844827586206897,0.46758323907852173,0.31973323225975037,0.5366640090942383,0.25825178623199463,0.3712790608406067,0.20845144987106323,0.3732394366197183,0.6235632183908045,0.4385257363319397,0.08180910348892212,0.3477800786495209,0.07972738146781921,0.3125252425670624,0.19304290413856506,0.7852112676056338,0.7844827586206897,1.443791389465332,1.928667664527893,-0.0898888111114502,2.0053248405456543,0.9907341003417969,3.309441566467285,0.7887323943661971,0.6594827586206896,1.4472393989562988,1.5144476890563965,1.0186268091201782,1.2763354778289795,1.6890292167663574,1.389348030090332,0.7042253521126761,0.5459770114942528,0.9296686053276062,0.7430477142333984,0.6380322575569153,0.31991708278656006,0.9482863545417786,0.7094208598136902,0.7447183098591549,0.5905172413793103,-0.05965112894773483,0.061535175889730453,-0.013790232129395008,0.09054547548294067,-0.04059714823961258,0.1438451111316681,0.3926056338028169,0.47701149425287354,3.0373969078063965,1.7023229598999023,3.365685224533081,1.560274600982666,2.1188457012176514,2.121715545654297,0.4964788732394366,0.6882183908045977,4.266134738922119,4.503023147583008,2.7261502742767334,1.9940545558929443,7.081799507141113,6.87495231628418,0.6003521126760564,0.3089080459770115,0.13945221900939941,0.10929346084594727,0.18065547943115234,0.11710453033447266,0.102386474609375,0.14526820182800293,0.44718309859154926,0.6709770114942528,0.79718017578125,0.690185546875,0.193084716796875,0.328338623046875,1.353271484375,1.828216552734375,0.8080985915492958,0.41379310344827586,0.2254207283258438,0.15493902564048767,0.14746920764446259,0.110997274518013,0.2111743539571762,0.16374483704566956,0.7640845070422535,0.632183908045977,0.9296686053276062,0.7430477142333984,0.6380322575569153,0.31991708278656006,0.9482863545417786,0.7094208598136902,0.7447183098591549,0.5905172413793103
20160310_114505_641_721,Consensus_7of7,Consensus_Resistant,True,5,72,58,3.0965447425842285,0.7369709014892578,4.074779510498047,0.8583555221557617,3.0365500450134277,0.751021146774292,0.19722222222222222,0.5655172413793104,16.077970504760742,0.25340747833251953,16.210609436035156,0.7145442962646484,16.043292999267578,0.6127338409423828,0.4083333333333333,0.48620689655172417,1.649984359741211,0.23752176761627197,1.3792052268981934,0.20846891403198242,1.6605877876281738,0.22869813442230225,0.7972222222222223,0.42068965517241375,-1.0052095651626587,1.8675388097763062,1.4737091064453125,2.175135850906372,-1.1572402715682983,1.903143286705017,0.19722222222222222,0.5655172413793104,0.16168735921382904,0.31214094161987305,0.3250674605369568,0.8801564574241638,0.11897365748882294,0.7547494769096375,0.4083333333333333,0.48620689655172417,0.43970417976379395,0.2181471884250641,0.7292666435241699,0.2540775537490845,0.4219454824924469,0.22230616211891174,0.19722222222222222,0.5655172413793104,0.42522650957107544,0.030343949794769287,0.4411090612411499,0.08556205034255981,0.4210742115974426,0.07337093353271484,0.4083333333333333,0.48620689655172417,1.223365306854248,2.045713186264038,-1.1817741394042969,2.254638910293579,1.231907844543457,1.8871126174926758,0.7694444444444444,0.42068965517241375,1.223365306854248,0.37907397747039795,1.5141029357910156,1.4619934558868408,1.231907844543457,1.5405077934265137,0.4638888888888889,0.5482758620689656,0.9816455245018005,0.3886786699295044,0.6281082630157471,0.2400984764099121,0.9727122783660889,0.4158390760421753,0.7666666666666666,0.4241379310344828,-0.024568377062678337,0.02630366012454033,-0.021554863080382347,0.12234234809875488,0.02540612779557705,0.1647050827741623,0.45277777777777783,0.41379310344827586,4.754796028137207,2.988842010498047,4.34619665145874,2.341705322265625,2.4415035247802734,1.4390840530395508,0.4305555555555555,0.6551724137931034,1.7221885919570923,2.356879472732544,1.7927378416061401,1.443324327468872,2.1046247482299805,2.6424007415771484,0.5027777777777778,0.41724137931034483,0.3334379196166992,0.23343610763549805,0.25937628746032715,0.27196621894836426,0.09757184982299805,0.07475018501281738,0.43611111111111106,0.7551724137931035,0.142608642578125,0.041748046875,0.1129302978515625,0.08011627197265625,0.1700592041015625,0.15305328369140625,0.5861111111111111,0.31034482758620685,0.24132832884788513,0.09441454708576202,0.11627081036567688,0.10483115911483765,0.2356107234954834,0.09987884759902954,0.7861111111111112,0.43103448275862066,0.9816455245018005,0.3886786699295044,0.6281082630157471,0.2400984764099121,0.9727122783660889,0.4158390760421753,0.7666666666666666,0.4241379310344828
20160316_142539_1281_721,Consensus_7of7,Consensus_Resistant,True,1,146,3,3.9112415313720703,0.0,4.020693778991699,0.8762800693511963,3.1534698009490967,0.09352660179138184,0.452054794520548,1.0,17.08637237548828,0.0,15.434221267700195,0.5481853485107422,14.302492141723633,0.07603073120117188,0.9726027397260274,1.0,1.4744067192077637,0.0,1.368454933166504,0.2185896635055542,1.5119057893753052,0.03574085235595703,0.773972602739726,0.0,1.099792718887329,0.0,1.373375415802002,2.1903209686279297,-0.794309139251709,0.23377639055252075,0.452054794520548,1.0,2.3345766067504883,0.0,-0.023697681725025177,0.7824777960777283,-1.6391223669052124,0.10852670669555664,0.9726027397260274,1.0,0.5545879602432251,0.0,0.590367317199707,0.28645214438438416,0.3068755865097046,0.030573487281799316,0.452054794520548,1.0,0.6127530932426453,0.0,0.3984384536743164,0.0711098313331604,0.2516322433948517,0.009862661361694336,0.9726027397260274,1.0,1.2347838878631592,0.0,-1.2229955196380615,2.4952592849731445,-0.8448132276535034,0.3423030376434326,0.9315068493150684,1.0,1.2347838878631592,0.0,1.5407016277313232,1.862667202949524,0.8448132276535034,0.3423030376434326,0.4383561643835616,1.0,1.0962061882019043,0.0,0.7236775159835815,0.36418628692626953,0.8452028036117554,0.11435633897781372,0.863013698630137,1.0,-0.021144740283489227,0.0,-0.010619794949889183,0.07503148913383484,-0.08857288211584091,0.053075212985277176,0.4657534246575342,0.6666666666666667,3.056117296218872,0.0,2.9814014434814453,3.4066150188446045,2.081953287124634,0.7647297382354736,0.5136986301369864,1.0,10.623987197875977,0.0,2.081401824951172,2.85111141204834,13.012459754943848,1.0936717987060547,0.9794520547945206,0.0,0.1593017578125,0.0,0.13530397415161133,0.24109435081481934,0.07439041137695312,0.029602527618408203,0.5547945205479452,1.0,2.439666748046875,0.0,0.11328887939453125,0.29791259765625,2.4379425048828125,0.7181472778320312,0.952054794520548,0.6666666666666667,0.2729276120662689,0.0,0.16501960158348083,0.12192611396312714,0.17441244423389435,0.014737933874130249,0.8835616438356164,1.0,1.0962061882019043,0.0,0.7236775159835815,0.36418628692626953,0.8452028036117554,0.11435633897781372,0.863013698630137,1.0
20160316_142539_1921_361,Consensus_7of7,Consensus_Sensitive,True,7,185,25,2.1725921630859375,0.68902587890625,3.255037307739258,1.2292687892913818,2.4585180282592773,0.434375524520874,0.2015444015444015,0.4742857142857143,15.53647518157959,0.5522470474243164,15.580995559692383,0.6241159439086914,15.600360870361328,0.7880020141601562,0.44401544401544396,0.4,1.9556629657745361,0.2754082679748535,1.5654999017715454,0.36372148990631104,1.9107381105422974,0.20416724681854248,0.7737451737451737,0.4971428571428571,-1.4923146963119507,1.8255770206451416,1.3756287097930908,3.256953477859497,-0.7347528338432312,1.1508800983428955,0.2015444015444015,0.4742857142857143,0.12726067006587982,0.8525367379188538,0.19598937034606934,0.9634842872619629,0.22588473558425903,1.216484785079956,0.44401544401544396,0.4,0.1143539547920227,0.22799895703792572,0.47253555059432983,0.40676558017730713,0.2089669555425644,0.14373506605625153,0.2015444015444015,0.4742857142857143,0.43735575675964355,0.08184325695037842,0.4439536929130554,0.09249415993690491,0.4468236267566681,0.11678209900856018,0.44401544401544396,0.4,1.6195753812789917,3.0150983333587646,-1.277660846710205,2.816581964492798,1.3637917041778564,1.5886492729187012,0.7034749034749034,0.4057142857142857,1.9662625789642334,0.8238420486450195,1.9176641702651978,2.078488826751709,1.7306313514709473,1.3766679763793945,0.49189189189189186,0.5314285714285714,2.866509199142456,1.8517701625823975,0.9354864954948425,0.7557494640350342,2.437748670578003,1.7891263961791992,0.7552123552123552,0.4628571428571428,-0.027752218768000603,0.10551173239946365,-0.03032202087342739,0.07981444150209427,-0.022314317524433136,0.12731710076332092,0.4131274131274131,0.41714285714285715,1.813595175743103,1.5862822532653809,2.50363826751709,2.482149362564087,0.7924039363861084,1.1905802488327026,0.41544401544401544,0.7714285714285714,3.1270158290863037,0.7081954479217529,1.8493002653121948,1.7810786962509155,3.564378023147583,5.487813472747803,0.7065637065637065,0.4342857142857143,0.06243276596069336,0.10095810890197754,0.11164093017578125,0.17567968368530273,0.02801513671875,0.02895069122314453,0.37915057915057915,0.7714285714285714,0.131561279296875,0.03279876708984375,0.1167449951171875,0.148651123046875,0.34637451171875,1.492645263671875,0.6409266409266409,0.46285714285714286,0.3873423933982849,0.20483699440956116,0.22368735074996948,0.17043215036392212,0.37095242738723755,0.08720484375953674,0.6841698841698842,0.40571428571428564,2.866509199142456,1.8517701625823975,0.9354864954948425,0.7557494640350342,2.437748670578003,1.7891263961791992,0.7552123552123552,0.4628571428571428
20160316_142539_1_721,Consensus_7of7,Consensus_Resistant,True,2,199,19,3.415132522583008,0.7401196956634521,3.587575674057007,1.0599679946899414,2.7361862659454346,0.4674079418182373,0.5125628140703518,0.631578947368421,16.70559310913086,0.6813640594482422,15.999465942382812,0.5661182403564453,15.999520301818848,0.7499189376831055,0.7487437185929648,0.7631578947368421,1.610722541809082,0.17939388751983643,1.4968010187149048,0.3083016872406006,1.7462652921676636,0.1607832908630371,0.5678391959798995,0.3157894736842105,0.7045865058898926,1.4132194519042969,1.0338573455810547,2.0239527225494385,-0.591825544834137,0.8924904465675354,0.5125628140703518,0.631578947368421,1.3101849555969238,0.9808478355407715,0.29368969798088074,0.8149505257606506,0.29376792907714844,1.0795364379882812,0.7487437185929648,0.7631578947368421,0.4788251221179962,0.19926446676254272,0.5252524614334106,0.285378098487854,0.29603052139282227,0.12584149837493896,0.5125628140703518,0.631578947368421,0.5000292658805847,0.08516263961791992,0.4117715060710907,0.07075852155685425,0.4117783010005951,0.0937313437461853,0.7487437185929648,0.7631578947368421,0.6055984497070312,0.4323716163635254,-0.6258150339126587,1.99519944190979,0.39486220479011536,0.8643721342086792,0.7437185929648242,0.5526315789473684,0.6055984497070312,0.4323716163635254,1.1699045896530151,1.266204833984375,0.5188445448875427,0.5934877395629883,0.2537688442211055,0.4736842105263158,1.1414868831634521,0.26907777786254883,0.8135358691215515,0.5337284803390503,1.200150489807129,0.4037485122680664,0.6909547738693467,0.368421052631579,-0.03714188188314438,0.0707298070192337,-0.033816710114479065,0.08496391028165817,-0.039825692772865295,0.07183140516281128,0.47738693467336685,0.4736842105263158,3.5273630619049072,0.6842761039733887,2.6466002464294434,2.3267605304718018,1.8389414548873901,1.9043201208114624,0.6608040201005025,0.8157894736842105,2.4383292198181152,0.30681490898132324,1.8005340099334717,1.4224975109100342,2.02347993850708,1.3627190589904785,0.6884422110552764,0.631578947368421,0.1799468994140625,0.06560230255126953,0.11881065368652344,0.19329595565795898,0.0532231330871582,0.1159067153930664,0.6155778894472361,0.7894736842105263,0.19074249267578125,0.08089447021484375,0.10028076171875,0.1071929931640625,0.106597900390625,0.06349945068359375,0.7110552763819096,0.736842105263158,0.24363279342651367,0.055253446102142334,0.1944257616996765,0.1160210371017456,0.2601708173751831,0.052000612020492554,0.6407035175879396,0.39473684210526316,1.1414868831634521,0.26907777786254883,0.8135358691215515,0.5337284803390503,1.200150489807129,0.4037485122680664,0.6909547738693467,0.368421052631579
20160316_142539_641_721,Consensus_7of7,Consensus_Resistant,True,1,203,18,2.893040895462036,0.0,3.147467613220215,1.2316832542419434,2.929844617843628,0.7813231945037842,0.38916256157635465,0.4444444444444444,15.492193222045898,0.0,15.618712425231934,0.5235366821289062,15.669031143188477,0.43032264709472656,0.35960591133004927,0.2777777777777778,1.6779999732971191,0.0,1.610450267791748,0.3707005977630615,1.7073278427124023,0.27816951274871826,0.6059113300492611,0.4444444444444444,-0.6860135793685913,0.0,-0.17235523462295532,2.4866273403167725,-0.6117110848426819,1.5774016380310059,0.38916256157635465,0.4444444444444444,-0.15653565526008606,0.0,0.028092611581087112,0.7639920711517334,0.10152153670787811,0.6279653906822205,0.35960591133004927,0.2777777777777778,0.2729060649871826,0.0,0.3353947699069977,0.302508682012558,0.28194528818130493,0.19189754128456116,0.38916256157635465,0.4444444444444444,0.36854687333106995,0.0,0.3861176669597626,0.07270807027816772,0.39310580492019653,0.05976256728172302,0.35960591133004927,0.2777777777777778,0.5294779539108276,0.0,0.18826234340667725,2.31632924079895,1.2298022508621216,1.7607285976409912,0.5714285714285714,0.38888888888888884,0.5294779539108276,0.0,1.1651129722595215,1.4658403396606445,1.4661340713500977,1.4316538572311401,0.2512315270935961,0.2777777777777778,1.2961877584457397,0.0,1.1129159927368164,0.9919314384460449,1.590914249420166,1.1294134855270386,0.5911330049261083,0.38888888888888884,-0.0003276043280493468,0.0,-0.031690165400505066,0.08750243484973907,-0.05448736250400543,0.09082268178462982,0.6748768472906403,0.6666666666666667,3.2844576835632324,0.0,2.3921799659729004,2.0452098846435547,2.789609909057617,2.1602683067321777,0.7142857142857143,0.6111111111111112,1.9513304233551025,0.0,2.0045173168182373,1.9140360355377197,1.705564260482788,2.00062894821167,0.48768472906403937,0.5555555555555556,0.13020658493041992,0.0,0.0995645523071289,0.1270744800567627,0.11541056632995605,0.1776573657989502,0.5911330049261083,0.5555555555555556,0.061492919921875,0.0,0.1087188720703125,0.1216888427734375,0.121307373046875,0.08786392211914062,0.27586206896551724,0.05555555555555558,0.26796820759773254,0.0,0.2511041462421417,0.11084306240081787,0.2935062050819397,0.10552936792373657,0.5665024630541872,0.33333333333333337,1.2961877584457397,0.0,1.1129159927368164,0.9919314384460449,1.590914249420166,1.1294134855270386,0.5911330049261083,0.38888888888888884
20160316_143445_1281_1081,Consensus_7of7,Consensus_Resistant,True,2,58,3,4.1909894943237305,0.12728643417358398,3.6179280281066895,1.4337639808654785,3.418776512145996,0.5312471389770508,0.7155172413793104,1.0,18.360000610351562,0.07556343078613281,16.280067443847656,1.391068458557129,17.33148193359375,0.8922233581542969,0.9568965517241379,0.6666666666666667,1.4776721000671387,0.03449571132659912,1.5052001476287842,0.39095771312713623,1.642014980316162,0.16777777671813965,0.47413793103448276,0.0,0.28644341230392456,0.23308588564395905,-0.7629437446594238,2.6255013942718506,-1.1276288032531738,0.9728172421455383,0.7155172413793104,1.0,3.0084757804870605,0.10017609596252441,0.25103092193603516,1.844188928604126,1.6449296474456787,1.1828533411026,0.9568965517241379,0.6666666666666667,0.6628303527832031,0.03766673803329468,0.49324917793273926,0.42428138852119446,0.4343160390853882,0.15720736980438232,0.7155172413793104,1.0,0.7621324062347412,0.010728299617767334,0.46682435274124146,0.19750303030014038,0.6161037087440491,0.1266775131225586,0.9568965517241379,0.6666666666666667,2.7220325469970703,0.33326172828674316,1.3627800941467285,3.122471809387207,4.067505359649658,1.1946744918823242,0.7241379310344828,0.33333333333333337,2.7220325469970703,0.33326172828674316,1.8036139011383057,2.0764694213867188,4.067505359649658,1.1946744918823242,0.6810344827586208,0.33333333333333337,1.143294334411621,0.07546329498291016,1.0536177158355713,0.9974151253700256,1.5670872926712036,0.9060314893722534,0.543103448275862,0.16666666666666669,-0.053600866347551346,0.06425696611404419,-0.027292102575302124,0.09612850099802017,-0.05956912413239479,0.0546686127781868,0.4224137931034483,0.6666666666666667,1.627625584602356,1.0501153469085693,2.5232596397399902,1.7285600900650024,5.223418235778809,0.10143804550170898,0.31034482758620685,0.0,12.135856628417969,0.37580394744873047,2.7792301177978516,4.023663520812988,6.498027801513672,3.3340225219726562,0.9913793103448275,1.0,0.15747547149658203,0.041602134704589844,0.13448572158813477,0.1476142406463623,0.4240732192993164,0.023524761199951172,0.5775862068965517,0.0,2.419219970703125,0.026824951171875,0.3835296630859375,1.0876579284667969,0.512176513671875,0.9427490234375,0.7931034482758621,1.0,0.25737205147743225,0.03232426941394806,0.2481861412525177,0.21814054250717163,0.4060213565826416,0.10418593883514404,0.5344827586206897,0.0,1.143294334411621,0.07546329498291016,1.0536177158355713,0.9974151253700256,1.5670872926712036,0.9060314893722534,0.543103448275862,0.16666666666666669
20160316_143445_1281_361,Consensus_7of7,Consensus_Resistant,True,1,197,7,3.6847944259643555,0.0,3.8169384002685547,0.8955929279327393,3.3285863399505615,0.23282432556152344,0.41116751269035534,1.0,16.394969940185547,0.0,15.8851900100708,0.7218255996704102,17.904869079589844,1.2679080963134766,0.7868020304568528,0.0,1.4927388429641724,0.0,1.421910047531128,0.24054837226867676,1.6555901765823364,0.12432372570037842,0.6446700507614214,0.0,0.36729806661605835,0.0,0.6659025549888611,2.0237627029418945,-0.43762192130088806,0.5261108875274658,0.41116751269035534,1.0,0.5794983506202698,0.0,-0.10161764919757843,0.9644298553466797,2.596871852874756,1.6940497159957886,0.7868020304568528,0.0,0.4687265157699585,0.0,0.509831964969635,0.2785883843898773,0.35792234539985657,0.07242369651794434,0.41116751269035534,1.0,0.4971410632133484,0.0,0.42439427971839905,0.10300618410110474,0.712607204914093,0.18093347549438477,0.7868020304568528,0.0,0.21220028400421143,0.0,-0.807604968547821,2.418915271759033,2.829331636428833,2.0647854804992676,0.7208121827411167,0.0,0.21220028400421143,0.0,1.4377872943878174,1.5600732564926147,2.829331636428833,2.0647854804992676,0.09137055837563457,0.0,1.0547775030136108,0.0,0.8323147892951965,0.5059126615524292,1.7484385967254639,0.7334606647491455,0.6903553299492386,0.0,-0.05393103510141373,0.0,-0.022501030936837196,0.11834453046321869,-0.0694170668721199,0.037547290325164795,0.35532994923857864,0.7142857142857143,2.498509168624878,0.0,3.1545183658599854,2.335582733154297,2.4339864253997803,1.1098370552062988,0.3401015228426396,0.5714285714285714,2.7621171474456787,0.0,2.2258622646331787,2.2727437019348145,6.6571269035339355,2.0986886024475098,0.6294416243654822,0.0,0.1201162338256836,0.0,0.1796722412109375,0.18712997436523438,0.08388423919677734,0.14960765838623047,0.31472081218274117,0.5714285714285714,0.361846923828125,0.0,0.134063720703125,0.194976806640625,0.87286376953125,0.45379638671875,0.7868020304568528,0.1428571428571429,0.26411786675453186,0.0,0.19634650647640228,0.1331125944852829,0.4374234676361084,0.15198883414268494,0.7208121827411167,0.0,1.0547775030136108,0.0,0.8323147892951965,0.5059126615524292,1.7484385967254639,0.7334606647491455,0.6903553299492386,0.0
20160316_143445_1921_1081,Consensus_7of7,Consensus_Sensitive,True,2,134,3,3.8474903106689453,0.187255859375,3.342106342315674,1.1069316864013672,3.191112995147705,0.21520423889160156,0.7425373134328358,1.0,16.002914428710938,0.3437938690185547,16.263683319091797,0.5535678863525391,16.53504753112793,0.25293922424316406,0.291044776119403,0.16666666666666669,1.426284909248352,0.07019305229187012,1.5884448289871216,0.34281933307647705,1.6450871229171753,0.0859975814819336,0.22761194029850745,0.0,0.01894327998161316,0.23295611143112183,-0.6097809076309204,1.3770811557769775,-0.7976245284080505,0.26772540807724,0.7425373134328358,1.0,-0.39779117703437805,0.43011030554771423,-0.07155003398656845,0.6925548315048218,0.26794782280921936,0.31644442677497864,0.291044776119403,0.16666666666666669,0.531010627746582,0.047659873962402344,0.4023814797401428,0.2817336916923523,0.3639509975910187,0.05477327108383179,0.7425373134328358,1.0,0.35086798667907715,0.041861146688461304,0.38261985778808594,0.06740391254425049,0.41566202044487,0.03079843521118164,0.291044776119403,0.16666666666666669,-0.4167344272136688,0.6630664467811584,0.6773446798324585,1.4250621795654297,1.0655723810195923,0.584169864654541,0.2126865671641791,0.0,0.6630663871765137,0.41673439741134644,0.852314293384552,1.0536985397338867,1.0655723810195923,0.584169864654541,0.3955223880597015,0.33333333333333337,0.7005736231803894,0.12951648235321045,0.9968523979187012,0.7766949534416199,1.1249206066131592,0.2560518980026245,0.2052238805970149,0.0,0.03840605169534683,0.08978475630283356,-0.024749448522925377,0.08975276350975037,-0.03412608429789543,0.09398847073316574,0.6417910447761195,0.5,4.2213454246521,0.5450246334075928,3.221696615219116,2.65775465965271,1.5945976972579956,0.8799194097518921,0.7164179104477612,1.0,4.790568828582764,0.1341686248779297,1.921264410018921,1.9636256694793701,4.306150913238525,1.9296960830688477,0.8582089552238806,0.6666666666666667,0.2703723907470703,0.04755592346191406,0.17909812927246094,0.21627366542816162,0.08742046356201172,0.04230928421020508,0.7126865671641792,1.0,0.3731689453125,0.044525146484375,0.11962890625,0.11359405517578125,0.41632080078125,0.2110443115234375,0.8208955223880597,0.5,0.1665484607219696,0.03635476529598236,0.2363828420639038,0.11149844527244568,0.26438143849372864,0.0423240065574646,0.23134328358208955,0.0,0.7005736231803894,0.12951648235321045,0.9968523979187012,0.7766949534416199,1.1249206066131592,0.2560518980026245,0.2052238805970149,0.0
20160316_143527_1281_361,Consensus_7of7,Consensus_Resistant,True,0,40,1,,,4.426509380340576,0.920525312423706,3.177902936935425,0.0,,,,,15.894225120544434,1.6083984375,15.524547576904297,0.0,,,,,1.3222548961639404,0.25600147247314453,1.5861759185791016,0.0,,,,,-0.19346381723880768,2.327895402908325,-3.351036787033081,0.0,,,,,-0.23226743936538696,2.0474982261657715,-0.7028688788414001,0.0,,,,,0.5257630348205566,0.32993367314338684,0.07823887467384338,0.0,,,,,0.35657989978790283,0.18296876549720764,0.3145259618759155,0.0,,,,,0.8482169508934021,3.367818832397461,2.648167848587036,0.0,,,,,1.8017266988754272,1.1818931102752686,2.648167848587036,0.0,,,,,0.8535062074661255,0.5944673418998718,2.8425543308258057,0.0,,,,,-0.0011663639452308416,0.10982564091682434,0.019876303151249886,0.0,,,,,2.923635959625244,3.4538443088531494,4.111509323120117,0.0,,,,,2.6833763122558594,4.998196125030518,3.112123966217041,0.0,,,,,0.17128849029541016,0.1721057891845703,0.34922218322753906,0.0,,,,,1.0794219970703125,1.45928955078125,0.1544952392578125,0.0,,,,,0.19259652495384216,0.17444711923599243,0.28991782665252686,0.0,,,,,0.8535062074661255,0.5944673418998718,2.8425543308258057,0.0,,
20160316_143527_1281_721,Consensus_7of7,Consensus_Resistant,True,4,315,54,2.5932769775390625,1.3255910873413086,3.260824203491211,1.1387126445770264,2.6258089542388916,0.5704355239868164,0.39206349206349206,0.5092592592592592,15.747964859008789,0.42771434783935547,16.38303565979004,0.6570320129394531,16.28524398803711,1.8431587219238281,0.18492063492063493,0.3472222222222222,1.8394427299499512,0.4295389652252197,1.627287745475769,0.35840630531311035,1.8683674335479736,0.25515902042388916,0.5896825396825396,0.44907407407407407,-0.7868071794509888,2.8157763481140137,0.631174623966217,2.4188153743743896,-0.7177035808563232,1.2117000818252563,0.39206349206349206,0.5092592592592592,-0.8000320196151733,0.5445960760116577,0.008584992028772831,0.8365801572799683,-0.11593017727136612,2.3468377590179443,0.18492063492063493,0.3472222222222222,0.29145509004592896,0.38583409786224365,0.48575520515441895,0.3314402103424072,0.30092406272888184,0.16603419184684753,0.39206349206349206,0.5092592592592592,0.3421056568622589,0.05322408676147461,0.4211328625679016,0.08176004886627197,0.40896379947662354,0.22935953736305237,0.18492063492063493,0.3472222222222222,0.4666815400123596,2.3795437812805176,-0.3783807158470154,2.473773717880249,0.7017565369606018,2.489239454269409,0.5134920634920634,0.3564814814814815,0.9459806680679321,1.441961646080017,1.2010016441345215,1.283309817314148,1.3064026832580566,1.9423234462738037,0.4380952380952381,0.4398148148148148,1.41436767578125,0.9710180759429932,0.9175265431404114,0.6882882714271545,1.3793764114379883,0.8580843210220337,0.5801587301587301,0.425925925925926,-0.024579240009188652,0.08681026101112366,-0.027118273079395294,0.09347684681415558,-0.026532644405961037,0.09459787607192993,0.557936507936508,0.5925925925925926,3.470547676086426,1.8700664043426514,2.315497875213623,2.224738597869873,2.357388496398926,1.6871434450149536,0.6888888888888889,0.6990740740740741,5.112888336181641,6.3094096183776855,2.5926895141601562,2.474226951599121,5.057167053222656,6.858325004577637,0.7420634920634921,0.5277777777777778,0.16000962257385254,0.2559852600097656,0.1126861572265625,0.15743732452392578,0.10163259506225586,0.09329342842102051,0.642063492063492,0.6759259259259259,0.4431610107421875,0.9730453491210938,0.17724609375,0.31793212890625,0.678314208984375,1.6403350830078125,0.6873015873015873,0.46759259259259256,0.2673425078392029,0.09529897570610046,0.22133520245552063,0.14053501188755035,0.28394797444343567,0.1792411506175995,0.5055555555555555,0.3472222222222222,1.41436767578125,0.9710180759429932,0.9175265431404114,0.6882882714271545,1.3793764114379883,0.8580843210220337,0.5801587301587301,0.425925925925926
20160316_143527_1_361,Consensus_7of7,Consensus_Sensitive,True,0,40,7,,,3.327418327331543,0.8970935344696045,2.70932674407959,0.2619037628173828,,,,,16.80157470703125,0.43410301208496094,16.211524963378906,0.6385345458984375,,,,,1.6183303594589233,0.25380611419677734,1.7889914512634277,0.12007725238800049,,,,,-1.1761424541473389,0.9410536885261536,-1.8245221376419067,0.27473771572113037,,,,,1.0114693641662598,0.5966677665710449,0.20045217871665955,0.8776562809944153,,,,,0.31938523054122925,0.2265428602695465,0.16329869627952576,0.06613846123218536,,,,,0.6174593567848206,0.06888014078140259,0.5238344073295593,0.10131782293319702,,,,,2.285953998565674,0.8603435754776001,2.0249743461608887,0.719454288482666,,,,,2.285953998565674,0.8603435754776001,2.0249743461608887,0.719454288482666,,,,,1.8609619140625,1.4386191368103027,2.6902856826782227,0.9432778358459473,,,,,-0.040026403963565826,0.08755119889974594,-0.0413401797413826,0.1825876533985138,,,,,1.7295591831207275,1.5481693744659424,1.5669206380844116,0.5558695793151855,,,,,2.9870686531066895,2.2550790309906006,2.892681837081909,0.7034571170806885,,,,,0.07803964614868164,0.07055163383483887,0.05173778533935547,0.029626846313476562,,,,,0.232940673828125,0.28087615966796875,0.194183349609375,0.0815277099609375,,,,,0.43068572878837585,0.16779157519340515,0.4220218360424042,0.0721648633480072,,,,,1.8609619140625,1.4386191368103027,2.6902856826782227,0.9432778358459473,,
20160316_143527_641_361,Consensus_7of7,Consensus_Resistant,True,2,227,43,2.614652156829834,0.16240572929382324,3.4374992847442627,0.7660865783691406,2.4529731273651123,0.28684473037719727,0.10792951541850215,0.6744186046511628,16.409353256225586,0.738494873046875,16.44070053100586,0.7460746765136719,16.423641204833984,0.5416278839111328,0.4647577092511013,0.4186046511627907,1.8376072645187378,0.01715683937072754,1.5739728212356567,0.23295891284942627,1.910195231437683,0.12960803508758545,0.8942731277533039,0.29069767441860467,-1.2475523948669434,0.3940243721008301,0.7488185167312622,1.858659029006958,-1.6398136615753174,0.6959353685379028,0.10792951541850215,0.6744186046511628,0.03065815567970276,0.8890807032585144,0.06839687377214432,0.8982067108154297,0.047858983278274536,0.6520723104476929,0.4647577092511013,0.4186046511627907,0.27664944529533386,0.05667181313037872,0.5637838840484619,0.26732757687568665,0.22023122012615204,0.10009512305259705,0.10792951541850215,0.6744186046511628,0.43404412269592285,0.09280765056610107,0.43798351287841797,0.09376028180122375,0.4358396530151367,0.06806731224060059,0.4647577092511013,0.4186046511627907,1.2782106399536133,0.4950563907623291,-0.6001815795898438,2.2005629539489746,1.6031001806259155,1.360054612159729,0.8700440528634362,0.38372093023255816,1.2782106399536133,0.4950563907623291,1.0796887874603271,1.4022903442382812,1.6031001806259155,1.360054612159729,0.5440528634361234,0.38372093023255816,1.4770112037658691,0.02786695957183838,0.8027036786079407,0.4222424626350403,1.850569248199463,0.7586824893951416,0.8920704845814978,0.3023255813953489,-0.0012004936579614878,0.00022221554536372423,-0.04179354012012482,0.08404979109764099,-0.021359222009778023,0.08313755691051483,0.6982378854625552,0.5813953488372092,0.9776210784912109,0.43160057067871094,2.2960550785064697,1.7431080341339111,1.3192270994186401,1.0235557556152344,0.13215859030837007,0.3372093023255814,3.74690842628479,1.908705234527588,2.0691871643066406,2.2038614749908447,2.7626841068267822,2.5921168327331543,0.6718061674008811,0.5581395348837209,0.020128250122070312,0.012615680694580078,0.11639595031738281,0.11613941192626953,0.0260009765625,0.04522442817687988,0.03744493392070486,0.33720930232558144,0.3438873291015625,0.1649627685546875,0.155242919921875,0.2071990966796875,0.23236083984375,0.2475738525390625,0.7026431718061673,0.5348837209302325,0.30870649218559265,0.04253441095352173,0.1923910528421402,0.129103422164917,0.33321642875671387,0.09360581636428833,0.8480176211453745,0.36046511627906974,1.4770112037658691,0.02786695957183838,0.8027036786079407,0.4222424626350403,1.850569248199463,0.7586824893951416,0.8920704845814978,0.3023255813953489
20160318_181632_1281_361,Consensus_7of7,Consensus_Resistant,True,4,599,113,3.0525431632995605,0.844505786895752,3.7070469856262207,0.8539543151855469,2.944681167602539,0.4555480480194092,0.30592654424040067,0.595132743362832,15.910490036010742,0.2248849868774414,15.457536697387695,0.6347665786743164,16.165630340576172,0.7346601486206055,0.7099332220367279,0.33849557522123896,1.6391122341156006,0.28845536708831787,1.4395036697387695,0.26367127895355225,1.6975739002227783,0.16674470901489258,0.7220367278797997,0.35840707964601776,-0.5994664430618286,1.557283639907837,0.6074504256248474,1.5747073888778687,-0.7983658909797668,0.8400388956069946,0.30592654424040067,0.595132743362832,-0.12935346364974976,0.2799220085144043,-0.693159818649292,0.7901169061660767,0.1882292628288269,0.914457380771637,0.7099332220367279,0.33849557522123896,0.3499491214752197,0.24585819244384766,0.5404927134513855,0.24860894680023193,0.3185476064682007,0.13262224197387695,0.30592654424040067,0.595132743362832,0.44418996572494507,0.034270793199539185,0.3751632571220398,0.09673389792442322,0.48307159543037415,0.11195692420005798,0.7099332220367279,0.33849557522123896,0.12789437174797058,1.9625165462493896,-1.1508809328079224,2.113785982131958,1.0243130922317505,1.2225885391235352,0.746661101836394,0.2743362831858407,1.0444759130477905,0.12935352325439453,1.3140830993652344,1.535858392715454,1.0505915880203247,1.1110405921936035,0.3810517529215359,0.47345132743362833,1.2245023250579834,0.8260018825531006,0.7516466975212097,0.46864718198776245,1.515577793121338,0.6364229917526245,0.7537562604340569,0.32964601769911506,-0.04119422659277916,0.06956698000431061,-0.01827799715101719,0.1059497520327568,-0.049635425209999084,0.13957270979881287,0.38564273789649417,0.5154867256637168,3.4173552989959717,4.049382209777832,2.5540432929992676,2.370609760284424,1.488397240638733,1.336441159248352,0.5538397328881469,0.6814159292035398,2.1994800567626953,1.3428229093551636,2.376680374145508,3.057504892349243,2.1349120140075684,2.5100793838500977,0.4152754590984975,0.4336283185840708,0.26099157333374023,0.40458011627197266,0.11992597579956055,0.16970396041870117,0.0645599365234375,0.06390857696533203,0.5826377295492486,0.6747787610619469,0.0946502685546875,0.07538604736328125,0.1271209716796875,0.3582305908203125,0.2017364501953125,0.23187255859375,0.3674874791318865,0.2920353982300885,0.26548469066619873,0.13952699303627014,0.1766018271446228,0.1284983903169632,0.3266730308532715,0.09613332152366638,0.7429048414023371,0.27876106194690264,1.2245023250579834,0.8260018825531006,0.7516466975212097,0.46864718198776245,1.515577793121338,0.6364229917526245,0.7537562604340569,0.32964601769911506
20160318_181632_1921_1,Consensus_7of7,Consensus_Resistant,True,0,50,9,,,3.8767242431640625,1.2158451080322266,2.889808177947998,1.1100211143493652,,,,,15.475976943969727,0.4346275329589844,15.730664253234863,0.43182849884033203,,,,,1.387861967086792,0.34679722785949707,1.6705622673034668,0.3765435218811035,,,,,1.1162936687469482,3.70114803314209,-1.8879719972610474,3.379009485244751,,,,,-0.4989382028579712,0.5540444254875183,-0.17427456378936768,0.55047607421875,,,,,0.5513933897018433,0.33944278955459595,0.2758637070655823,0.3098985552787781,,,,,0.34447890520095825,0.06255161762237549,0.38113343715667725,0.062148720026016235,,,,,-1.5505218505859375,4.061572551727295,1.3220652341842651,2.7222397327423096,,,,,2.2365102767944336,2.249552011489868,1.3220652341842651,2.7222397327423096,,,,,0.6440404653549194,0.5028465390205383,1.1881552934646606,2.127746105194092,,,,,0.014315582811832428,0.10118572413921356,-0.07592114061117172,0.10840842872858047,,,,,2.1879801750183105,2.004398822784424,1.0568517446517944,2.5790107250213623,,,,,1.9507348537445068,2.8390636444091797,3.1437032222747803,2.584660053253174,,,,,0.11480236053466797,0.15463018417358398,0.0300750732421875,0.18601608276367188,,,,,0.09911346435546875,0.1684722900390625,0.1998291015625,0.4185638427734375,,,,,0.14893530309200287,0.14791490137577057,0.27651509642601013,0.11154107749462128,,,,,0.6440404653549194,0.5028465390205383,1.1881552934646606,2.127746105194092,,
20160321_185557_1921_361,Consensus_7of7,Consensus_Sensitive,True,0,147,5,,,3.7084388732910156,0.8739967346191406,2.914212465286255,0.17107224464416504,,,,,15.827571868896484,0.44403076171875,16.12894630432129,1.2413082122802734,,,,,1.452329158782959,0.24121415615081787,1.7611936330795288,0.10070168972015381,,,,,0.016691777855157852,1.294097900390625,-1.159293293952942,0.2533010244369507,,,,,-0.2957437038421631,0.5006965398788452,0.044090453535318375,1.399717092514038,,,,,0.4799790382385254,0.24521461129188538,0.2571452260017395,0.04799725115299225,,,,,0.38140177726745605,0.05459818243980408,0.4184587895870209,0.15263128280639648,,,,,-0.29475608468055725,1.6050838232040405,1.2657318115234375,1.4723554849624634,,,,,0.8106349110603333,0.8254914283752441,1.2657318115234375,1.4723554849624634,,,,,0.8119158148765564,0.4492915868759155,1.7285165786743164,0.5893157720565796,,,,,0.001252535148523748,0.09711155295372009,-0.05658495053648949,0.1623159945011139,,,,,3.372823476791382,2.595057964324951,1.7261959314346313,1.1827452182769775,,,,,1.9773887395858765,2.133516788482666,5.6949334144592285,2.756460666656494,,,,,0.1962566375732422,0.2668600082397461,0.06731033325195312,0.10648059844970703,,,,,0.0986328125,0.18436431884765625,0.460845947265625,0.115997314453125,,,,,0.1946362555027008,0.10944148898124695,0.31445634365081787,0.11904624104499817,,,,,0.8119158148765564,0.4492915868759155,1.7285165786743164,0.5893157720565796,,
20160324_170347_1281_1,Consensus_7of7,Consensus_Resistant,True,2,108,10,4.069896697998047,0.27178287506103516,3.8609261512756348,0.49448537826538086,4.193246841430664,0.45333266258239746,0.6666666666666667,0.39999999999999997,15.459176063537598,0.2410869598388672,15.48902702331543,0.6246166229248047,15.376130104064941,0.3217201232910156,0.4305555555555556,0.6000000000000001,1.3366800546646118,0.0824730396270752,1.4012563228607178,0.1165313720703125,1.2949035167694092,0.1172783374786377,0.3055555555555556,0.65,-0.1663459986448288,0.4963367283344269,-0.5479732751846313,0.903041660785675,0.058918699622154236,0.8278878331184387,0.6666666666666667,0.39999999999999997,0.6901150345802307,0.3943788409233093,0.7389472723007202,1.021774411201477,0.5542649030685425,0.5262832641601562,0.4305555555555556,0.6000000000000001,0.41939863562583923,0.0974474549293518,0.3444724678993225,0.1772972047328949,0.46362560987472534,0.16254201531410217,0.6666666666666667,0.39999999999999997,0.5375508666038513,0.03937464952468872,0.5424262285232544,0.10201364755630493,0.5239875912666321,0.052543967962265015,0.4305555555555556,0.6000000000000001,0.8564610481262207,0.8907155990600586,1.419034719467163,1.1719121932983398,0.6630034446716309,0.7832564115524292,0.3379629629629629,0.6,0.8907155990600586,0.8564610481262207,1.419034719467163,1.1719121932983398,0.6630034446716309,0.6826984882354736,0.34259259259259256,0.5,1.3262841701507568,0.3592207431793213,1.579784870147705,0.7035704851150513,1.093959093093872,0.36818528175354004,0.2962962962962963,0.6,-0.08282393217086792,0.001067817211151123,-0.019738154485821724,0.08554340898990631,-0.07890358567237854,0.13294783234596252,0.15740740740740744,0.5,2.494083881378174,0.1741180419921875,1.6394330263137817,0.9043318033218384,1.9793741703033447,0.4298691749572754,0.8888888888888888,0.8,1.6492788791656494,0.09781110286712646,1.802728533744812,1.4971121549606323,1.6456997394561768,0.6364214420318604,0.44907407407407407,0.5,0.08195114135742188,0.0073108673095703125,0.058310508728027344,0.03443169593811035,0.0664968490600586,0.023061275482177734,0.7962962962962963,0.75,0.13311767578125,0.01214599609375,0.1057281494140625,0.11739349365234375,0.107177734375,0.0331573486328125,0.6296296296296295,0.7999999999999999,0.315939724445343,0.07524394989013672,0.3630903959274292,0.1031569242477417,0.27181077003479004,0.08440303802490234,0.337962962962963,0.65,1.3262841701507568,0.3592207431793213,1.579784870147705,0.7035704851150513,1.093959093093872,0.36818528175354004,0.2962962962962963,0.6
20160324_170347_1281_361,Consensus_7of7,Consensus_Resistant,True,1,127,11,4.470137119293213,0.0,3.8651325702667236,0.43656015396118164,3.7996280193328857,0.3091154098510742,0.9291338582677166,1.0,14.898571968078613,0.0,15.3745756149292,0.5258340835571289,15.22518253326416,0.5281429290771484,0.07086614173228345,0.09090909090909094,1.203830599784851,0.0,1.382979154586792,0.11789166927337646,1.3920320272445679,0.05181694030761719,0.03149606299212604,0.0,0.844582736492157,0.0,-0.08468286693096161,0.6705407500267029,-0.18529553711414337,0.47479015588760376,0.9291338582677166,1.0,-0.19277608394622803,0.0,0.593652606010437,0.8687552213668823,0.34683308005332947,0.8725720643997192,0.07086614173228345,0.09090909090909094,0.6203197836875916,0.0,0.41507062315940857,0.14810395240783691,0.39284804463386536,0.10486805438995361,0.9291338582677166,1.0,0.46453413367271423,0.0,0.544891893863678,0.08876997232437134,0.5196717381477356,0.08915990591049194,0.07086614173228345,0.09090909090909094,-1.0373587608337402,0.0,0.6645795702934265,1.2114711999893188,0.7341598272323608,0.8394094109535217,0.023622047244094446,0.0,1.0373587608337402,0.0,0.7842162251472473,1.036819338798523,0.7341598272323608,0.7688220739364624,0.6377952755905512,0.6363636363636364,0.7675949931144714,0.0,1.2672492265701294,0.451693058013916,1.2843464612960815,0.24669098854064941,0.015748031496062964,0.0,-0.06885658204555511,0.0,-0.007493152748793364,0.10069775581359863,-0.06421857327222824,0.10887297242879868,0.13385826771653542,0.4545454545454546,3.4619085788726807,0.0,2.042804002761841,1.518344521522522,1.5364940166473389,1.325244426727295,0.905511811023622,1.0,0.17100954055786133,0.0,1.5384204387664795,1.4343032836914062,1.7113120555877686,0.6752452850341797,0.03149606299212604,0.0,0.17372512817382812,0.0,0.08319473266601562,0.07739925384521484,0.07180118560791016,0.06448841094970703,0.8976377952755905,1.0,0.0404205322265625,0.0,0.1033782958984375,0.0755767822265625,0.1228179931640625,0.0626220703125,0.07086614173228345,0.0,0.1763744205236435,0.0,0.30468297004699707,0.10000413656234741,0.3052135705947876,0.06218728423118591,0.03937007874015752,0.0,0.7675949931144714,0.0,1.2672492265701294,0.451693058013916,1.2843464612960815,0.24669098854064941,0.015748031496062964,0.0
20160324_170347_641_361,Consensus_7of7,Consensus_Resistant,True,1,67,8,4.350892066955566,0.0,4.236249923706055,0.5942926406860352,4.369438171386719,0.10541391372680664,0.582089552238806,0.375,15.143200874328613,0.0,15.438709259033203,0.5215110778808594,15.235383987426758,0.4603900909423828,0.23880597014925375,0.5,1.2471543550491333,0.0,1.2906701564788818,0.11923348903656006,1.246589183807373,0.03234243392944336,0.32835820895522383,0.5,1.238351583480835,0.0,0.9089352488517761,1.707659363746643,1.2916418313980103,0.30289971828460693,0.582089552238806,0.375,0.3019852638244629,0.0,0.772819459438324,0.830924928188324,0.44886085391044617,0.7335402369499207,0.23880597014925375,0.5,0.5585691332817078,0.0,0.5099755525588989,0.2519037127494812,0.5664302110671997,0.04468196630477905,0.582089552238806,0.375,0.4582793116569519,0.0,0.504189670085907,0.08102232217788696,0.47260093688964844,0.07152646780014038,0.23880597014925375,0.5,-0.9363663196563721,0.0,0.09948885440826416,1.4799145460128784,-0.954396665096283,0.6412108540534973,0.20895522388059706,0.5,0.9363663196563721,0.0,0.7460050582885742,1.025756597518921,0.954396665096283,0.5870149731636047,0.582089552238806,0.5,0.8352038860321045,0.0,0.985205888748169,0.40937668085098267,0.8317630290985107,0.1157064437866211,0.23880597014925375,0.5,0.07772870361804962,0.0,-0.0721888542175293,0.11043307185173035,-0.049986548721790314,0.15079060196876526,0.9402985074626866,0.75,1.0392451286315918,0.0,2.1577601432800293,1.118556022644043,1.782890796661377,1.5950007438659668,0.16417910447761197,0.375,1.5894320011138916,0.0,1.7603346109390259,1.7472548484802246,1.4620559215545654,1.2471591234207153,0.35820895522388063,0.5,0.0326690673828125,0.0,0.07628631591796875,0.057618141174316406,0.07894134521484375,0.06478261947631836,0.10447761194029848,0.25,0.0933837890625,0.0,0.1373443603515625,0.17317962646484375,0.06768035888671875,0.059574127197265625,0.34328358208955223,0.75,0.2022986263036728,0.0,0.2393663078546524,0.10710111260414124,0.20122963190078735,0.03163254261016846,0.34328358208955223,0.5,0.8352038860321045,0.0,0.985205888748169,0.40937668085098267,0.8317630290985107,0.1157064437866211,0.23880597014925375,0.5
20160328_151020_1281_361,Consensus_7of7,Consensus_Resistant,True,4,175,46,4.63508415222168,0.3722209930419922,4.40281343460083,0.9676470756530762,3.1705210208892822,0.5054366588592529,0.6271428571428571,0.9945652173913043,15.626314163208008,0.4648618698120117,15.606732368469238,0.573155403137207,15.489347457885742,0.5526084899902344,0.5128571428571429,0.5706521739130435,1.2367470264434814,0.06876623630523682,1.2674390077590942,0.2126542329788208,1.567299246788025,0.15047991275787354,0.38,0.0,2.455379009246826,0.659210205078125,2.044023275375366,1.7137202024459839,-0.13838818669319153,0.8951369524002075,0.6271428571428571,0.9945652173913043,0.06948606669902802,0.5979908108711243,0.04429575055837631,0.7372972369194031,-0.10670691728591919,0.7108659744262695,0.5128571428571429,0.5706521739130435,0.7163087129592896,0.09799951314926147,0.6551558375358582,0.25476503372192383,0.33071422576904297,0.13307282328605652,0.6271428571428571,0.9945652173913043,0.4017444849014282,0.060776352882385254,0.39918428659439087,0.07493466138839722,0.3838372528553009,0.07224833965301514,0.5128571428571429,0.5706521739130435,-1.959630012512207,0.4334385395050049,-1.9985707998275757,1.9535340070724487,-0.25235459208488464,1.1316895484924316,0.41857142857142854,0.0,1.959630012512207,0.4334385395050049,2.1680314540863037,1.5586844682693481,0.5869797468185425,0.6602254509925842,0.5642857142857143,0.9891304347826088,0.644067645072937,0.05333757400512695,0.6274502277374268,0.28659069538116455,1.0828015804290771,0.42116618156433105,0.4185714285714286,0.010869565217391297,0.01629503443837166,0.10290151834487915,-0.0035690937656909227,0.08378802239894867,-0.06768634915351868,0.10141061991453171,0.5942857142857143,0.6847826086956521,5.892448425292969,2.5089879035949707,4.121852874755859,2.880254030227661,1.5534052848815918,1.0879260301589966,0.6814285714285715,0.8641304347826088,1.3347843885421753,1.180901050567627,1.897884488105774,1.8561420440673828,1.669323205947876,1.5091915130615234,0.32571428571428573,0.3586956521739131,0.4289274215698242,0.33907508850097656,0.2626533508300781,0.29238176345825195,0.05301618576049805,0.043265461921691895,0.667142857142857,0.8858695652173914,0.062042236328125,0.023479461669921875,0.099609375,0.19275665283203125,0.11856842041015625,0.073089599609375,0.3314285714285714,0.2391304347826087,0.1250513195991516,0.03321613371372223,0.1305052489042282,0.09483852982521057,0.23970578610897064,0.06981846690177917,0.41428571428571426,0.010869565217391297,0.644067645072937,0.05333757400512695,0.6274502277374268,0.28659069538116455,1.0828015804290771,0.42116618156433105,0.4185714285714286,0.010869565217391297
20160328_151020_641_361,Consensus_7of7,Consensus_Resistant,True,0,95,11,,,4.0477142333984375,0.7536671161651611,3.2165279388427734,0.8038945198059082,,,,,15.591924667358398,0.5520353317260742,15.361564636230469,0.44583702087402344,,,,,1.3455116748809814,0.18361318111419678,1.5672252178192139,0.21949267387390137,,,,,1.866529107093811,1.6709074974060059,0.023759257048368454,1.7822632789611816,,,,,-0.03314298018813133,0.7212613821029663,-0.334119975566864,0.5825085043907166,,,,,0.6312190890312195,0.20850759744644165,0.40126532316207886,0.22240334749221802,,,,,0.3696424663066864,0.0715271532535553,0.33979472517967224,0.057767122983932495,,,,,-1.8635344505310059,1.6252961158752441,-0.2902657389640808,1.5973286628723145,,,,,1.8826040029525757,1.5796469449996948,0.381538987159729,1.450150489807129,,,,,0.6178312301635742,0.21113955974578857,0.8843068480491638,0.2978748679161072,,,,,-0.03201233595609665,0.09993644803762436,-0.0396844856441021,0.11100606620311737,,,,,2.9312312602996826,1.8417086601257324,3.4827680587768555,2.5649027824401855,,,,,1.7846118211746216,1.5799083709716797,0.9634997844696045,0.882831335067749,,,,,0.1716442108154297,0.11391878128051758,0.22625732421875,0.2344670295715332,,,,,0.08795166015625,0.06484222412109375,0.0840301513671875,0.04193115234375,,,,,0.13692191243171692,0.07429797947406769,0.20312343537807465,0.07891102135181427,,,,,0.6178312301635742,0.21113955974578857,0.8843068480491638,0.2978748679161072,,
20160328_151057_1281_1,Consensus_7of7,Consensus_Resistant,True,1,78,10,4.24638032913208,0.0,4.172397613525391,0.6913657188415527,4.272730827331543,0.3045039176940918,0.5897435897435898,0.5,16.099763870239258,0.0,16.055156707763672,0.6974277496337891,16.296161651611328,0.8105087280273438,0.5256410256410257,0.4,1.3327202796936035,0.0,1.3682397603988647,0.18515682220458984,1.363747000694275,0.06636250019073486,0.4358974358974359,0.4,0.7444431781768799,0.0,0.5336927175521851,1.9694617986679077,0.8195059299468994,0.8674266338348389,0.5897435897435898,0.5,0.8950904607772827,0.0,0.8336337208747864,0.9608669877052307,1.1656726598739624,1.116663932800293,0.5256410256410257,0.4,0.5543515682220459,0.0,0.5219289660453796,0.30298927426338196,0.5658994913101196,0.13344812393188477,0.5897435897435898,0.5,0.505081832408905,0.0,0.49852657318115234,0.10249122977256775,0.5339435935020447,0.1191093921661377,0.5256410256410257,0.4,0.15064728260040283,0.0,0.5210630893707275,1.9841597080230713,0.6281444430351257,0.6504486799240112,0.39743589743589747,0.30000000000000004,0.15064728260040283,0.0,1.017102599143982,1.331587314605713,0.6955927610397339,0.4052049517631531,0.10256410256410253,0.09999999999999998,0.9184750318527222,0.0,1.0142669677734375,0.7062046527862549,1.0414557456970215,0.18891239166259766,0.42307692307692313,0.30000000000000004,0.020654749125242233,0.0,-0.014402966946363449,0.09441278874874115,-0.011978860944509506,0.21073301136493683,0.717948717948718,0.6,0.9802154302597046,0.0,1.526780366897583,1.1436035633087158,1.058058261871338,1.1896687746047974,0.2564102564102564,0.5,2.826164484024048,0.0,2.3559491634368896,1.9417682886123657,3.715489387512207,3.412599563598633,0.6025641025641026,0.30000000000000004,0.08229255676269531,0.0,0.0684213638305664,0.0413973331451416,0.047306060791015625,0.05034160614013672,0.717948717948718,0.7,0.175811767578125,0.0,0.14959716796875,0.1434173583984375,0.2362518310546875,0.19202804565429688,0.5769230769230769,0.09999999999999998,0.2250889241695404,0.0,0.2522767186164856,0.14275392889976501,0.2572718858718872,0.061036646366119385,0.4487179487179487,0.4,0.9184750318527222,0.0,1.0142669677734375,0.7062046527862549,1.0414557456970215,0.18891239166259766,0.42307692307692313,0.30000000000000004
20160328_151057_1281_1081,Consensus_7of7,Consensus_Sensitive,True,0,21,13,,,3.380695104598999,0.42867469787597656,2.13081431388855,0.6148190498352051,,,,,15.534812927246094,0.3168182373046875,15.403218269348145,0.48468017578125,,,,,1.5081899166107178,0.130776047706604,1.943744421005249,0.25339770317077637,,,,,0.9883840084075928,1.1265714168548584,-2.296344041824341,1.615764856338501,,,,,0.3028185963630676,0.46147704124450684,0.1111379936337471,0.7059844732284546,,,,,0.660760760307312,0.16325944662094116,0.18474756181240082,0.2341519296169281,,,,,0.40692338347435,0.04253801703453064,0.3892546594142914,0.06507620215415955,,,,,-0.5958078503608704,1.3417823314666748,2.2563672065734863,1.2306606769561768,,,,,0.9126923680305481,0.9159970879554749,2.2563672065734863,1.2306606769561768,,,,,0.6531643867492676,0.1922818422317505,1.629387617111206,1.1079238653182983,,,,,0.00838882103562355,0.052857011556625366,-0.03502842038869858,0.11723680794239044,,,,,2.4179861545562744,1.3019052743911743,2.725728750228882,1.1470671892166138,,,,,1.8315694332122803,1.4746055603027344,1.8823832273483276,2.045093536376953,,,,,0.10343742370605469,0.10846614837646484,0.12296438217163086,0.045186519622802734,,,,,0.1003265380859375,0.04150390625,0.065338134765625,0.099212646484375,,,,,0.12774686515331268,0.07155212014913559,0.31097832322120667,0.05986863374710083,,,,,0.6531643867492676,0.1922818422317505,1.629387617111206,1.1079238653182983,,
20160328_151057_1281_361,Consensus_7of7,Consensus_Resistant,True,0,89,5,,,3.8286054134368896,0.6121647357940674,2.6597301959991455,0.9906158447265625,,,,,15.901366233825684,2.933338165283203,16.13813018798828,0.2709808349609375,,,,,1.409050464630127,0.2314469814300537,1.8161550760269165,0.35115909576416016,,,,,-0.831050455570221,1.1664372682571411,-3.058260917663574,1.8875495195388794,,,,,0.9108534455299377,4.242115020751953,1.2532551288604736,0.3918851613998413,,,,,0.406467467546463,0.1925152838230133,0.03887636959552765,0.31153160333633423,,,,,0.5959222912788391,0.4804416000843048,0.6347010135650635,0.04438304901123047,,,,,1.16156005859375,4.06956148147583,4.394811630249023,2.4558475017547607,,,,,1.645003318786621,2.628237009048462,4.394811630249023,2.4558475017547607,,,,,1.3019473552703857,1.2038161754608154,8.099944114685059,7.364879608154297,,,,,0.00205246452242136,0.07342132925987244,-0.024731723591685295,0.12820272147655487,,,,,2.7127346992492676,2.2904703617095947,1.520871877670288,0.5731279850006104,,,,,9.771350860595703,5.5423479080200195,6.383825778961182,2.6970276832580566,,,,,0.11170768737792969,0.11430168151855469,0.05460500717163086,0.021606922149658203,,,,,2.115966796875,1.09320068359375,1.31329345703125,0.4788818359375,,,,,0.278087854385376,0.2972959876060486,0.6181697249412537,0.249374121427536,,,,,1.3019473552703857,1.2038161754608154,8.099944114685059,7.364879608154297,,
20160328_151057_641_1081,Consensus_7of7,Consensus_Sensitive,True,0,74,5,,,3.8758163452148438,0.9217650890350342,2.7035129070281982,0.5116021633148193,,,,,15.48828125,0.5811748504638672,15.569263458251953,0.3689107894897461,,,,,1.4011229276657104,0.22145557403564453,1.7218859195709229,0.15124189853668213,,,,,0.10073988139629364,1.367739200592041,-1.638754963874817,0.7591288089752197,,,,,0.44416818022727966,0.884282112121582,0.5673865675926208,0.5613124370574951,,,,,0.50275719165802,0.2623157203197479,0.16914325952529907,0.14559167623519897,,,,,0.5477495789527893,0.09661245346069336,0.5612118244171143,0.06132632493972778,,,,,0.37009572982788086,1.1862531900405884,1.9892852306365967,0.5295830965042114,,,,,0.6970676779747009,0.9868807792663574,1.9892852306365967,0.5295830965042114,,,,,1.1062521934509277,0.4704740643501282,2.3975746631622314,0.9974464178085327,,,,,0.0010988470166921616,0.06000760197639465,-0.034265875816345215,0.153289794921875,,,,,2.663801908493042,2.408540725708008,1.3893675804138184,1.2830784320831299,,,,,1.8047386407852173,1.462576985359192,1.857917070388794,0.37313199043273926,,,,,0.1899423599243164,0.14069080352783203,0.057478904724121094,0.058910369873046875,,,,,0.10434722900390625,0.1038970947265625,0.07122802734375,0.079559326171875,,,,,0.2740013003349304,0.12291333079338074,0.43655160069465637,0.043769508600234985,,,,,1.1062521934509277,0.4704740643501282,2.3975746631622314,0.9974464178085327,,
20160328_151057_641_721,Consensus_7of7,Consensus_Resistant,True,1,86,8,3.390810489654541,0.0,3.544628381729126,0.6537399291992188,3.484910249710083,0.4256875514984131,0.34883720930232553,0.375,15.694879531860352,0.0,15.483430862426758,0.5053682327270508,15.696066856384277,0.48668861389160156,0.7558139534883721,0.5,1.5322424173355103,0.0,1.4541025161743164,0.19682586193084717,1.5153785943984985,0.10293769836425781,0.6627906976744187,0.625,-0.7715122103691101,0.0,-0.5230735540390015,1.0558865070343018,-0.6195272207260132,0.6875484585762024,0.34883720930232553,0.375,0.7699876427650452,0.0,0.4450579881668091,0.7765922546386719,0.7718122005462646,0.7478882670402527,0.7558139534883721,0.5,0.41480422019958496,0.0,0.46201765537261963,0.200661301612854,0.4436875283718109,0.13066214323043823,0.34883720930232553,0.375,0.5178949236869812,0.0,0.486488401889801,0.0750625729560852,0.5180712938308716,0.0722881555557251,0.7558139534883721,0.5,1.5414998531341553,0.0,0.9086083173751831,2.203335762023926,1.6280698776245117,0.5108511447906494,0.6744186046511628,0.5,1.5414998531341553,0.0,1.3345918655395508,1.411299705505371,1.6280698776245117,0.5108511447906494,0.6162790697674418,0.5,1.2217937707901,0.0,1.0136871337890625,0.5505290031433105,1.2025296688079834,0.22155475616455078,0.686046511627907,0.5,-0.021249815821647644,0.0,0.0011746576055884361,0.09512984752655029,0.004757154732942581,0.06768591701984406,0.32558139534883723,0.25,2.6474297046661377,0.0,2.464755058288574,1.7827677726745605,1.5423543453216553,0.4141809940338135,0.5813953488372092,0.875,2.485677719116211,0.0,1.8548448085784912,3.107182025909424,2.0987801551818848,1.4368810653686523,0.5813953488372092,0.625,0.1660633087158203,0.0,0.10980796813964844,0.10866641998291016,0.05762815475463867,0.05776238441467285,0.6744186046511628,1.0,0.2410430908203125,0.0,0.10732269287109375,0.2982330322265625,0.10926055908203125,0.060016632080078125,0.7093023255813953,0.875,0.30306991934776306,0.0,0.2516067624092102,0.13617557287216187,0.301665335893631,0.03835567831993103,0.6976744186046512,0.5,1.2217937707901,0.0,1.0136871337890625,0.5505290031433105,1.2025296688079834,0.22155475616455078,0.686046511627907,0.5
20160328_151244_1921_721,Consensus_7of7,Consensus_Resistant,True,0,87,2,,,3.0868632793426514,0.7229404449462891,2.4286460876464844,0.06953835487365723,,,,,15.222731590270996,0.7664213180541992,15.469951629638672,0.029209136962890625,,,,,1.6069329977035522,0.2453784942626953,1.8519392013549805,0.030527472496032715,,,,,0.16303379833698273,0.9887995719909668,-0.7372409105300903,0.09511101245880127,,,,,-0.21267472207546234,1.0013906955718994,0.11033780872821808,0.03816404938697815,,,,,0.3407239615917206,0.17277756333351135,0.1834147572517395,0.016619205474853516,,,,,0.396832138299942,0.11190482974052429,0.43292859196662903,0.004264771938323975,,,,,-0.16582787036895752,1.2344458103179932,0.847578763961792,0.1332750916481018,,,,,0.6125786304473877,0.6991823315620422,0.847578763961792,0.1332750916481018,,,,,1.2192715406417847,0.6622097492218018,2.0808215141296387,0.166426420211792,,,,,-0.01411205343902111,0.10497025400400162,0.012140276841819286,0.01374631654471159,,,,,1.934657335281372,2.169139862060547,3.8222808837890625,0.02433466911315918,,,,,2.0092039108276367,2.200082302093506,1.2895464897155762,0.22722017765045166,,,,,0.0961141586303711,0.10524892807006836,0.1752948760986328,0.0054988861083984375,,,,,0.15130615234375,0.153350830078125,0.0817108154296875,0.011505126953125,,,,,0.26792484521865845,0.08543843030929565,0.35359397530555725,0.010677516460418701,,,,,1.2192715406417847,0.6622097492218018,2.0808215141296387,0.166426420211792,,
20160328_151752_1921_721,Consensus_7of7,Consensus_Resistant,True,2,384,5,2.529636859893799,0.08612275123596191,3.361368179321289,1.1318471431732178,2.4395904541015625,0.06662392616271973,0.15234375,0.7,14.870919227600098,0.17391014099121094,15.217676162719727,0.6823759078979492,14.904582977294922,0.15268421173095703,0.28125,0.4,1.771810531616211,0.022362232208251953,1.5158910751342773,0.3232383728027344,1.8053419589996338,0.03766059875488281,0.8346354166666666,0.19999999999999996,-1.6275386810302734,0.18975746631622314,0.20504477620124817,2.493838310241699,-1.825940728187561,0.14679479598999023,0.15234375,0.7,-0.14002136886119843,0.2806537449359894,0.41956621408462524,1.1012017726898193,-0.08569557964801788,0.24639827013015747,0.28125,0.4,0.17788644134998322,0.02322748303413391,0.40220582485198975,0.3052610158920288,0.153600811958313,0.01796858012676239,0.15234375,0.7,0.437907874584198,0.02937924861907959,0.4964863359928131,0.11527544260025024,0.4435947835445404,0.025793343782424927,0.28125,0.4,1.487517237663269,0.0908963680267334,0.39856457710266113,2.3916749954223633,1.6331526041030884,0.28861165046691895,0.7434895833333334,0.09999999999999998,1.487517237663269,0.0908963680267334,1.2348861694335938,1.3201969861984253,1.6331526041030884,0.28861165046691895,0.5911458333333333,0.09999999999999998,2.1502110958099365,0.0902409553527832,1.2311711311340332,0.9402334690093994,2.369264602661133,0.3527708053588867,0.81640625,0.19999999999999996,0.0061364383436739445,0.002728245686739683,-0.021217864006757736,0.08990384638309479,-0.002352203940972686,0.056232064962387085,0.6783854166666666,0.7,0.8462563753128052,0.0987159013748169,1.8729246854782104,1.988613247871399,0.944838285446167,0.7776011228561401,0.15104166666666669,0.39999999999999997,0.5132919549942017,0.16701290011405945,1.9627419710159302,3.2548694610595703,1.1419801712036133,0.8661549091339111,0.0703125,0.3,0.02257061004638672,0.002646923065185547,0.06859850883483887,0.12784266471862793,0.03691911697387695,0.020807266235351562,0.1171875,0.19999999999999996,0.01839447021484375,0.00069427490234375,0.15503692626953125,0.3771781921386719,0.0489959716796875,0.0055084228515625,0.015625,0.0,0.3593275845050812,0.01398158073425293,0.2941945791244507,0.1410621851682663,0.37004145979881287,0.017889827489852905,0.7395833333333333,0.3,2.1502110958099365,0.0902409553527832,1.2311711311340332,0.9402334690093994,2.369264602661133,0.3527708053588867,0.81640625,0.19999999999999996
20160328_151752_1_721,Consensus_7of7,Consensus_Resistant,True,3,5,4,4.1595563888549805,0.35738515853881836,4.542025089263916,0.4395589828491211,3.176455497741699,0.44540858268737793,0.1333333333333333,0.9166666666666666,16.47929573059082,0.5196819305419922,13.8560152053833,0.6567592620849609,14.925191879272461,0.5985450744628906,1.0,1.0,1.386529803276062,0.06630706787109375,1.1276144981384277,0.10685110092163086,1.548766016960144,0.1737501621246338,1.0,0.25,0.38734644651412964,0.5704665184020996,0.9978518486022949,0.7016342282295227,-1.1819021701812744,0.7109718322753906,0.1333333333333333,0.9166666666666666,2.7773005962371826,0.9038166999816895,-1.7850466966629028,1.1422202587127686,0.0744391456246376,1.0409749746322632,1.0,1.0,0.5738548040390015,0.1106991171836853,0.6923235058784485,0.1361522674560547,0.2693418264389038,0.1379641890525818,0.1333333333333333,0.9166666666666666,0.765594482421875,0.09509778022766113,0.2855532169342041,0.12018217146396637,0.48120468854904175,0.10952934622764587,1.0,1.0,2.348331928253174,0.35416150093078613,-2.784660816192627,0.8595695495605469,1.2600185871124268,1.7556240558624268,1.0,0.8333333333333334,2.348331928253174,0.35416150093078613,2.784660816192627,0.8595695495605469,1.9874588251113892,1.0346462726593018,0.2666666666666666,0.6666666666666666,1.3552024364471436,0.15273332595825195,0.45915907621383667,0.08729198575019836,1.6978614330291748,0.8225123882293701,1.0,0.3333333333333333,0.004927292466163635,0.03759210556745529,0.01597406715154648,0.020088471472263336,-0.037438638508319855,0.01861296221613884,0.3333333333333333,0.75,2.54620623588562,1.1302173137664795,1.9828734397888184,0.9757938385009766,1.8919672966003418,1.4429796934127808,0.7333333333333333,0.75,6.992578983306885,1.9483165740966797,2.9726638793945312,1.2534160614013672,3.6414923667907715,2.3727567195892334,1.0,0.8333333333333334,0.1858062744140625,0.09910821914672852,0.10994720458984375,0.089019775390625,0.1062459945678711,0.08058285713195801,1.0,0.9166666666666666,1.356964111328125,0.8152313232421875,1.7530975341796875,0.365325927734375,0.9214248657226562,1.6870460510253906,0.2666666666666666,0.5833333333333334,0.33897700905799866,0.03348439931869507,0.07762757688760757,0.033605195581912994,0.35245710611343384,0.12937942147254944,1.0,0.5,1.3552024364471436,0.15273332595825195,0.45915907621383667,0.08729198575019836,1.6978614330291748,0.8225123882293701,1.0,0.3333333333333333
20160328_151752_641_361,Consensus_7of7,Consensus_Resistant,True,2,326,8,4.0806169509887695,0.4555490016937256,3.875553846359253,0.5834126472473145,3.71915340423584,0.32663631439208984,0.602760736196319,0.6875,15.404837608337402,0.5126056671142578,15.161418914794922,0.4917936325073242,15.129875183105469,0.4587068557739258,0.5766871165644172,0.4375,1.3341317176818848,0.14538943767547607,1.3618528842926025,0.15142154693603516,1.4280767440795898,0.12349367141723633,0.4325153374233129,0.375,1.7809302806854248,1.044438123703003,1.3107813596725464,1.3375916481018066,0.9522018432617188,0.7488798499107361,0.602760736196319,0.6875,0.6491206884384155,0.8269346952438354,0.2564395070075989,0.7933596968650818,0.20555253326892853,0.7399850487709045,0.5766871165644172,0.4375,0.6672670841217041,0.14165562391281128,0.6035014986991882,0.1814156174659729,0.5548678636550903,0.10156941413879395,0.602760736196319,0.6875,0.5591166019439697,0.09238511323928833,0.5152462720870972,0.08863413333892822,0.5095611810684204,0.08267107605934143,0.5766871165644172,0.4375,-1.1318095922470093,1.871372938156128,-1.065600037574768,1.6472561359405518,-0.3551637530326843,1.2991507053375244,0.47392638036809814,0.4375,1.8713728189468384,1.1318094730377197,1.3408540487289429,1.4648067951202393,0.7494062781333923,1.0810199975967407,0.6226993865030674,0.75,0.9101554155349731,0.30855125188827515,0.8615933656692505,0.2915945053100586,1.0061428546905518,0.26904284954071045,0.4708588957055215,0.4375,0.022965794429183006,0.0510413683950901,-0.025771180167794228,0.10190102458000183,-0.08914020657539368,0.11894955486059189,0.7070552147239264,0.8125,3.414092540740967,0.03949904441833496,1.9885127544403076,1.585752010345459,1.4129807949066162,0.5737166404724121,0.8588957055214723,1.0,1.4189289808273315,0.05446743965148926,1.691591739654541,1.893459677696228,2.994168758392334,1.3574533462524414,0.3819018404907975,0.125,0.17337417602539062,0.0031452178955078125,0.07595109939575195,0.0952000617980957,0.06400585174560547,0.06336188316345215,0.8665644171779141,1.0,0.1009368896484375,0.0068206787109375,0.09543609619140625,0.17518997192382812,0.17584228515625,0.26990509033203125,0.5276073619631902,0.1875,0.1991233378648758,0.10994155704975128,0.19248931109905243,0.1114639937877655,0.2488211989402771,0.08251096308231354,0.4815950920245399,0.4375,0.9101554155349731,0.30855125188827515,0.8615933656692505,0.2915945053100586,1.0061428546905518,0.26904284954071045,0.4708588957055215,0.4375
20160328_152022_1_361,Consensus_7of7,Consensus_Resistant,True,0,39,8,,,4.423368453979492,0.7512717247009277,3.2095630168914795,0.6925442218780518,,,,,14.941802024841309,0.49422359466552734,15.01496696472168,0.5086050033569336,,,,,1.2395243644714355,0.1926286220550537,1.54736328125,0.17205917835235596,,,,,-0.24051129817962646,0.9713443517684937,-1.8098806142807007,0.8954137563705444,,,,,-0.028900127857923508,0.6849420666694641,0.07249946147203445,0.7048735022544861,,,,,0.5730509757995605,0.22399061918258667,0.21115653216838837,0.20648114383220673,,,,,0.4109562039375305,0.07152077555656433,0.42154422402381897,0.07360202074050903,,,,,0.3423968255519867,0.9818655252456665,1.8492867946624756,1.1214599609375,,,,,0.5964335799217224,0.6865134239196777,1.8492867946624756,1.1214599609375,,,,,0.7769554257392883,0.33420705795288086,1.8678663969039917,1.0540114641189575,,,,,-0.01559127401560545,0.10453492403030396,-0.03162343055009842,0.06385602056980133,,,,,1.9377946853637695,1.2859821319580078,3.799731731414795,1.6528987884521484,,,,,2.0227882862091064,1.589480996131897,2.1192879676818848,1.1001029014587402,,,,,0.05991554260253906,0.06319570541381836,0.18270349502563477,0.12592196464538574,,,,,0.0971221923828125,0.15752410888671875,0.13458251953125,0.09128570556640625,,,,,0.18746992945671082,0.0846455991268158,0.32718145847320557,0.1124250590801239,,,,,0.7769554257392883,0.33420705795288086,1.8678663969039917,1.0540114641189575,,
20160328_152022_641_721,Consensus_7of7,Consensus_Resistant,True,1,233,2,3.7544310092926025,0.0,3.9724228382110596,0.8944249153137207,3.090977191925049,0.09833312034606934,0.3819742489270386,1.0,14.699317932128906,0.0,14.954590797424316,0.5215816497802734,15.170513153076172,0.020638465881347656,0.2703862660944206,0.0,1.364844560623169,0.0,1.3267267942428589,0.25519347190856934,1.591346025466919,0.03318297863006592,0.5793991416309012,0.0,0.7172176837921143,0.0,1.232608437538147,2.114658832550049,-0.851364254951477,0.23248541355133057,0.3819742489270386,1.0,-0.5819701552391052,0.0,-0.22976382076740265,0.719639241695404,0.06815031915903091,0.028474751859903336,0.2703862660944206,0.0,0.4592714011669159,0.0,0.5194674134254456,0.2469853162765503,0.2760660648345947,0.02715355157852173,0.3819742489270386,1.0,0.3263164460659027,0.0,0.35905444622039795,0.0668913722038269,0.3867459297180176,0.0026467740535736084,0.2703862660944206,0.0,-1.2991878986358643,0.0,-1.291259527206421,2.507995128631592,0.9195145964622498,0.2609602212905884,0.49785407725321884,0.0,1.2991878986358643,0.0,1.6912267208099365,1.640041708946228,0.9195145964622498,0.2609602212905884,0.3819742489270386,1.0,0.7389310598373413,0.0,0.737649142742157,0.46304553747177124,1.349474549293518,0.12049651145935059,0.502145922746781,0.0,0.003659241832792759,0.0,-0.02447720430791378,0.12329712510108948,-0.007894562557339668,0.04179506376385689,0.6180257510729614,0.5,2.6324446201324463,0.0,2.131321430206299,1.9066232442855835,0.8478467464447021,0.5213703513145447,0.630901287553648,1.0,1.4127042293548584,0.0,1.761695384979248,1.9721825122833252,3.0972321033477783,0.894721508026123,0.33476394849785407,0.0,0.10483837127685547,0.0,0.08251285552978516,0.11104679107666016,0.08113765716552734,0.008126258850097656,0.5879828326180258,1.0,0.0353851318359375,0.0,0.102783203125,0.114044189453125,0.174896240234375,0.061492919921875,0.05579399141630903,0.0,0.17644862830638885,0.0,0.17679959535598755,0.10497017204761505,0.2800503969192505,0.012417584657669067,0.49785407725321884,0.0,0.7389310598373413,0.0,0.737649142742157,0.46304553747177124,1.349474549293518,0.12049651145935059,0.502145922746781,0.0
20160328_153548_1921_721,Consensus_7of7,Consensus_Resistant,True,1,283,4,3.4170162677764893,0.0,3.839970111846924,0.8912558555603027,3.4021787643432617,0.37137794494628906,0.2897526501766784,0.5,14.917288780212402,0.0,15.328686714172363,0.5380630493164062,15.583799362182617,0.9652366638183594,0.16254416961130747,0.0,1.4737306833267212,0.0,1.3907074928283691,0.2394195795059204,1.5541027784347534,0.12099909782409668,0.6713780918727915,0.25,-0.7470518946647644,0.0,-0.17657852172851562,1.2021116018295288,-0.7670643329620361,0.500908613204956,0.2897526501766784,0.5,-0.6681534051895142,0.0,-0.06370764970779419,0.7905468940734863,0.31111618876457214,1.4181716442108154,0.16254416961130747,0.0,0.40015867352485657,0.0,0.512263834476471,0.23622983694076538,0.3962259888648987,0.09843477606773376,0.2897526501766784,0.5,0.3636874258518219,0.0,0.429493248462677,0.08606654405593872,0.47030019760131836,0.15439587831497192,0.16254416961130747,0.0,0.07889848947525024,0.0,0.2886587679386139,1.6160078048706055,1.2125282287597656,0.9363572597503662,0.45229681978798586,0.0,0.07889848947525024,0.0,0.7956116795539856,0.9824943542480469,1.2125282287597656,0.9363572597503662,0.05300353356890464,0.0,0.9189813733100891,0.0,0.8876960277557373,0.4835621118545532,1.3192603588104248,0.29467523097991943,0.5300353356890459,0.0,0.001813793322071433,0.0,-0.026428503915667534,0.10752087831497192,-0.05781642347574234,0.05212414637207985,0.6042402826855124,1.0,0.722726583480835,0.0,1.968325138092041,1.778620719909668,1.8184514045715332,1.087663173675537,0.0848056537102474,0.25,1.1471338272094727,0.0,1.727140188217163,2.001677989959717,2.551461696624756,1.8164983987808228,0.31095406360424027,0.25,0.03498554229736328,0.0,0.07274627685546875,0.09729361534118652,0.0652618408203125,0.04517507553100586,0.18021201413427557,0.25,0.144439697265625,0.0,0.10736083984375,0.17018890380859375,0.17682647705078125,0.04830169677734375,0.6113074204946997,0.25,0.21815475821495056,0.0,0.21181000769138336,0.11832042038440704,0.2914196848869324,0.05463460087776184,0.519434628975265,0.0,0.9189813733100891,0.0,0.8876960277557373,0.4835621118545532,1.3192603588104248,0.29467523097991943,0.5300353356890459,0.0
20160328_153548_641_361,Consensus_7of7,Consensus_Resistant,True,8,60,27,4.132983684539795,0.5992295742034912,3.986928701400757,0.7606663703918457,3.824615955352783,0.41126108169555664,0.6520833333333333,0.8657407407407408,15.768821716308594,0.34484100341796875,15.771766662597656,0.6646823883056641,15.795559883117676,0.6414146423339844,0.5125000000000001,0.5138888888888888,1.3228236436843872,0.11575531959533691,1.3815195560455322,0.18432116508483887,1.4261727333068848,0.10387706756591797,0.36458333333333337,0.21296296296296297,0.7778477072715759,1.7467678785324097,0.3520943522453308,2.2173590660095215,-0.12105079740285873,1.1988354921340942,0.6520833333333333,0.8657407407407408,0.37862980365753174,0.48837679624557495,0.38280123472213745,0.9413465261459351,0.4164973795413971,0.908396303653717,0.5125000000000001,0.5138888888888888,0.6621078252792358,0.1999903917312622,0.6133626699447632,0.2538692057132721,0.5591914653778076,0.1372567117214203,0.6520833333333333,0.8657407407407408,0.48633885383605957,0.0507851243019104,0.4867726266384125,0.09788832068443298,0.49027660489082336,0.09446185827255249,0.5125000000000001,0.5138888888888888,-0.6469513177871704,1.2416512966156006,0.239618718624115,2.196960210800171,0.3214079737663269,1.3907262086868286,0.3729166666666667,0.25,0.9109427332878113,1.354332447052002,1.2200080156326294,1.2795205116271973,0.927708089351654,0.8753054141998291,0.4291666666666667,0.513888888888889,0.7355690002441406,0.16224563121795654,0.8410685062408447,0.3729628324508667,0.8506166934967041,0.24842560291290283,0.3770833333333333,0.26851851851851855,-0.08256302773952484,0.07484222948551178,-0.034517399966716766,0.08867602050304413,-0.052937619388103485,0.07817485928535461,0.38958333333333334,0.3842592592592593,1.764122486114502,0.5391045808792114,1.9325392246246338,1.5279366970062256,2.2395412921905518,1.3343805074691772,0.4979166666666667,0.4166666666666667,1.9169317483901978,1.9667036533355713,2.7481722831726074,3.7497005462646484,2.401303291320801,3.4085187911987305,0.43333333333333335,0.46296296296296297,0.09161758422851562,0.023816585540771484,0.07471418380737305,0.11186861991882324,0.09145164489746094,0.07415485382080078,0.5979166666666667,0.5046296296296297,0.127716064453125,0.2436676025390625,0.28662109375,0.49810028076171875,0.2056427001953125,0.31893157958984375,0.36875,0.37037037037037035,0.15048769116401672,0.08062572777271271,0.18626993894577026,0.1343873143196106,0.2057158499956131,0.07334582507610321,0.39166666666666666,0.23611111111111113,0.7355690002441406,0.16224563121795654,0.8410685062408447,0.3729628324508667,0.8506166934967041,0.24842560291290283,0.3770833333333333,0.26851851851851855
20160328_153604_641_361,Consensus_7of7,Consensus_Resistant,True,0,251,5,,,3.2197818756103516,1.03104567527771,2.91420316696167,0.29962587356567383,,,,,15.820829391479492,0.7154426574707031,16.332218170166016,0.5921907424926758,,,,,1.5926132202148438,0.3347276449203491,1.7198947668075562,0.03963303565979004,,,,,0.23982550203800201,2.1038994789123535,-0.3837229311466217,0.611401379108429,,,,,0.30369141697883606,0.9148123860359192,0.9575856924057007,0.7572128772735596,,,,,0.39533349871635437,0.2817862927913666,0.311818391084671,0.08188816905021667,,,,,0.503210723400116,0.10982561111450195,0.5817124843597412,0.09090536832809448,,,,,0.09265339374542236,2.515341281890869,1.5461238622665405,0.9481686353683472,,,,,1.2552490234375,1.1625808477401733,1.5461238622665405,0.9481686353683472,,,,,1.2603284120559692,1.01888108253479,1.7571085691452026,0.18431055545806885,,,,,-0.03425657004117966,0.10915602743625641,0.012563847005367279,0.1238073781132698,,,,,2.5284688472747803,2.0978822708129883,1.30756413936615,0.8661422729492188,,,,,2.071287155151367,2.0760226249694824,2.6884548664093018,1.6378798484802246,,,,,0.12985563278198242,0.14969563484191895,0.028142929077148438,0.026468276977539062,,,,,0.14013671875,0.23567962646484375,0.219207763671875,0.1063232421875,,,,,0.30155041813850403,0.167190819978714,0.4172452688217163,0.07635971903800964,,,,,1.2603284120559692,1.01888108253479,1.7571085691452026,0.18431055545806885,,
20160328_153620_1281_721,Consensus_7of7,Consensus_Resistant,True,17,347,58,3.874570608139038,0.39554595947265625,3.8266468048095703,1.0956735610961914,3.289350986480713,0.42066359519958496,0.49466011188337006,0.8022312373225151,16.010009765625,0.530695915222168,15.46996784210205,0.7055110931396484,15.94980239868164,1.1231393814086914,0.7872520766231565,0.5273833671399595,1.4315102100372314,0.07357347011566162,1.3771684169769287,0.285752534866333,1.5905673503875732,0.18195819854736328,0.5723003898965926,0.21095334685598377,0.8432945013046265,0.8195114135742188,0.7440035939216614,2.2700693607330322,-0.36919236183166504,0.871551513671875,0.49466011188337006,0.8022312373225151,0.6129721403121948,0.6849031448364258,-0.08399271219968796,0.9105159044265747,0.5352699756622314,1.449497103691101,0.7872520766231565,0.5273833671399595,0.530523955821991,0.12321573495864868,0.5155953168869019,0.341310977935791,0.3482232987880707,0.13104009628295898,0.49466011188337006,0.8022312373225151,0.38677430152893066,0.061662495136260986,0.3240258991718292,0.08197459578514099,0.3797786831855774,0.13049957156181335,0.7872520766231565,0.5273833671399595,-0.11098608374595642,0.6256923079490662,-0.9978903532028198,2.3989405632019043,1.1184282302856445,1.8017230033874512,0.6489235463637905,0.25659229208924944,0.32937872409820557,1.012866735458374,1.3376227617263794,1.5610134601593018,1.2551430463790894,1.459416389465332,0.30903542973385323,0.30628803245436104,0.7926226258277893,0.11872166395187378,0.6371599435806274,0.4385971426963806,1.1609740257263184,0.5949204564094543,0.621630784878793,0.24949290060851925,-0.06016695871949196,0.14787176251411438,-0.02645215205848217,0.09931831061840057,0.0006082974141463637,0.12762214243412018,0.5048313273436176,0.4665314401622718,3.803223133087158,2.0922646522521973,2.497361421585083,2.3853049278259277,1.9965713024139404,1.5805760622024536,0.6594338023393795,0.742393509127789,1.3959192037582397,2.0020620822906494,2.0909006595611572,2.163111686706543,4.318493843078613,2.920698642730713,0.4005763688760807,0.19878296146044627,0.21361446380615234,0.25824928283691406,0.11539268493652344,0.17525577545166016,0.09399223327636719,0.11050248146057129,0.6960501779962704,0.7454361054766734,0.118896484375,0.185455322265625,0.136260986328125,0.2661590576171875,0.3212890625,0.25910186767578125,0.4397355483980336,0.20892494929006084,0.18730658292770386,0.03315196931362152,0.14480119943618774,0.12283626198768616,0.2593989670276642,0.09949398040771484,0.6506187489404984,0.24746450304259635,0.7926226258277893,0.11872166395187378,0.6371599435806274,0.4385971426963806,1.1609740257263184,0.5949204564094543,0.621630784878793,0.24949290060851925
20160328_153620_1921_361,Consensus_7of7,Consensus_Resistant,True,1,464,5,3.0390591621398926,0.0,4.446822166442871,0.8743195533752441,3.1966466903686523,0.15648531913757324,0.06034482758620685,0.0,16.12700653076172,0.0,15.426527976989746,0.6022405624389648,16.81914710998535,1.5649032592773438,0.8879310344827587,0.4,1.668920636177063,0.0,1.2528302669525146,0.21506071090698242,1.6041237115859985,0.06363272666931152,0.9439655172413793,0.8,-0.7258067727088928,0.0,1.6663079261779785,1.485671043395996,-0.4580291211605072,0.2659047245979309,0.06034482758620685,0.0,0.8141188025474548,0.0,-0.14544358849525452,0.8249894380569458,1.7622592449188232,2.143709182739258,0.8879310344827587,0.4,0.30345967411994934,0.0,0.6326289772987366,0.20443713665008545,0.34030747413635254,0.0365900993347168,0.06034482758620685,0.0,0.5336503386497498,0.0,0.42889127135276794,0.09006720781326294,0.6371623873710632,0.23403677344322205,0.8879310344827587,0.4,1.5399255752563477,0.0,-1.7891488075256348,2.072193145751953,1.894928216934204,2.1714091300964355,0.9568965517241379,0.4,1.5399255752563477,0.0,1.9223328828811646,1.7950595617294312,1.894928216934204,2.1714091300964355,0.4030172413793104,0.4,1.6512501239776611,0.0,0.7048647403717041,0.32674849033355713,1.5793969631195068,0.5491635799407959,0.9504310344827587,0.6,0.03083520382642746,0.0,-0.027972474694252014,0.12896983325481415,-0.07709210366010666,0.09195666015148163,0.7801724137931034,0.8,1.2280657291412354,0.0,2.643101215362549,1.666046380996704,2.1644718647003174,0.4485745429992676,0.10129310344827591,0.0,3.4606924057006836,0.0,2.0205159187316895,2.257507562637329,3.1436080932617188,2.5821340084075928,0.7435344827586207,0.6,0.04869556427001953,0.0,0.12073612213134766,0.11825275421142578,0.07257366180419922,0.028517723083496094,0.12284482758620685,0.0,0.36846923828125,0.0,0.11177825927734375,0.223876953125,0.361175537109375,0.017242431640625,0.7866379310344828,0.6,0.3717089891433716,0.0,0.1578199565410614,0.10904094576835632,0.3918045461177826,0.1585807502269745,0.959051724137931,0.4,1.6512501239776611,0.0,0.7048647403717041,0.32674849033355713,1.5793969631195068,0.5491635799407959,0.9504310344827587,0.6
20160328_153620_1_361,Consensus_7of7,Consensus_Resistant,True,0,491,0,,,4.4705729484558105,1.0021774768829346,,,,,,,15.60526180267334,0.6311464309692383,,,,,,,1.2627058029174805,0.24975049495697021,,,,,,,1.9258201122283936,1.5811092853546143,,,,,,,-0.125223308801651,0.8630039691925049,,,,,,,0.6036696434020996,0.2526627779006958,,,,,,,0.4011884033679962,0.08567348122596741,,,,,,,-1.8141238689422607,2.2039895057678223,,,,,,,1.891669750213623,1.9708614349365234,,,,,,,0.7310428023338318,0.40926414728164673,,,,,,,-0.04098716005682945,0.1260528266429901,,,,,,,2.9785377979278564,2.330942153930664,,,,,,,2.245868444442749,2.980376720428467,,,,,,,0.16244125366210938,0.18653392791748047,,,,,,,0.1315765380859375,0.3535003662109375,,,,,,,0.16239644587039948,0.12245959043502808,,,,,,,0.7310428023338318,0.40926414728164673,,,,
20160328_153620_641_721,Consensus_7of7,Consensus_Resistant,True,3,752,38,4.007549285888672,0.10285115242004395,3.8524844646453857,0.9401073455810547,3.3230385780334473,0.9192080497741699,0.5913120567375886,0.7543859649122808,16.068693161010742,1.0404233932495117,15.508392333984375,0.7268514633178711,15.414314270019531,0.3990287780761719,0.7522163120567376,0.8157894736842105,1.4160820245742798,0.07509231567382812,1.3984054327011108,0.27503371238708496,1.558052659034729,0.2791707515716553,0.49999999999999994,0.2982456140350877,1.3484125137329102,0.18176162242889404,1.0743780136108398,1.6613808870315552,0.1387282758951187,1.6244474649429321,0.5913120567375886,0.7543859649122808,0.4653536081314087,1.3471802473068237,-0.2601461410522461,0.9411550760269165,-0.3819614350795746,0.5166781544685364,0.7522163120567376,0.8157894736842105,0.6304821968078613,0.03119492530822754,0.583450973033905,0.2851349413394928,0.42286983132362366,0.2787961959838867,0.5913120567375886,0.7543859649122808,0.4641228914260864,0.14486783742904663,0.3861069083213806,0.10120627284049988,0.3730076253414154,0.055560529232025146,0.7522163120567376,0.8157894736842105,-0.6915812492370605,1.4332029819488525,-1.1359822750091553,2.219058036804199,-0.476615846157074,1.7850128412246704,0.6196808510638299,0.5175438596491229,1.0386805534362793,0.5680720806121826,1.438671350479126,1.5136359930038452,0.5860015153884888,1.5302729606628418,0.3931737588652482,0.6403508771929824,0.7938653230667114,0.22606128454208374,0.7178311347961426,0.4905800223350525,0.9139013290405273,0.4940177798271179,0.5687056737588653,0.4298245614035088,-0.055208444595336914,0.0508037805557251,-0.03038838505744934,0.12165232747793198,-0.025932038202881813,0.13173186779022217,0.49290780141843976,0.43859649122807015,2.2285876274108887,0.704904317855835,2.3838930130004883,1.8199210166931152,1.8327962160110474,2.696390151977539,0.3537234042553191,0.4649122807017544,1.8353829383850098,2.9477810859680176,2.297929048538208,2.7865676879882812,2.3242111206054688,2.304894208908081,0.4144503546099291,0.43859649122807015,0.10602569580078125,0.026103496551513672,0.10052919387817383,0.1137685775756836,0.07555770874023438,0.18515396118164062,0.5057624113475178,0.6052631578947368,0.1179656982421875,0.6909103393554688,0.1461181640625,0.2967681884765625,0.15613555908203125,0.21968841552734375,0.5429964539007092,0.4473684210526316,0.18675386905670166,0.05915680527687073,0.16402000188827515,0.1365155279636383,0.2139534056186676,0.11603090167045593,0.5749113475177305,0.43859649122807015,0.7938653230667114,0.22606128454208374,0.7178311347961426,0.4905800223350525,0.9139013290405273,0.4940177798271179,0.5687056737588653,0.4298245614035088
20160328_153629_1_361,Consensus_7of7,Consensus_Resistant,True,1,537,31,2.8408398628234863,0.0,4.44213342666626,0.9255204200744629,3.2256927490234375,0.5627264976501465,0.01862197392923648,0.16129032258064513,16.99440574645996,0.0,15.462423324584961,0.4986763000488281,15.396584510803223,0.535853385925293,0.9851024208566108,1.0,1.788755178451538,0.0,1.2434887886047363,0.22515976428985596,1.5659058094024658,0.17051208019256592,0.9906890130353817,1.0,-0.7830691933631897,0.0,1.7168247699737549,1.4448962211608887,-0.1822478026151657,0.878512442111969,0.01862197392923648,0.16129032258064513,2.4948105812072754,0.0,0.1416979879140854,0.7659627795219421,0.04057009890675545,0.8230672478675842,0.9851024208566108,1.0,0.21110814809799194,0.0,0.6509780287742615,0.2542373538017273,0.3168259263038635,0.15457899868488312,0.01862197392923648,0.16129032258064513,0.6665252447128296,0.0,0.44908854365348816,0.07077792286872864,0.43974393606185913,0.07605460286140442,0.9851024208566108,1.0,3.2778797149658203,0.0,-1.4566168785095215,1.9218971729278564,0.43328675627708435,0.9344080686569214,0.9981378026070763,1.0,3.2778797149658203,0.0,1.4843428134918213,1.7085117101669312,0.7103447318077087,0.7606126070022583,0.9348230912476723,1.0,2.7441701889038086,0.0,0.7266915440559387,0.34756696224212646,1.3683242797851562,0.6294409036636353,0.9925512104283054,1.0,-0.06511612236499786,0.0,-0.03324885293841362,0.12374893575906754,-0.011011016555130482,0.07290041446685791,0.34450651769087526,0.09677419354838712,3.208130359649658,0.0,2.5901405811309814,1.7667067050933838,1.9714173078536987,1.7947660684585571,0.6666666666666667,0.7741935483870968,8.205437660217285,0.0,1.7139475345611572,1.7464231252670288,2.009925365447998,1.3260283470153809,0.9702048417132216,1.0,0.1617279052734375,0.0,0.11463165283203125,0.1285419464111328,0.06144523620605469,0.11466264724731445,0.633147113594041,0.7741935483870968,2.07318115234375,0.0,0.094940185546875,0.11053466796875,0.1115570068359375,0.09416961669921875,0.9832402234636871,0.967741935483871,0.5258163213729858,0.0,0.1545577347278595,0.12827065587043762,0.308567613363266,0.07484647631645203,1.0,1.0,2.7441701889038086,0.0,0.7266915440559387,0.34756696224212646,1.3683242797851562,0.6294409036636353,0.9925512104283054,1.0
20160328_153629_641_721,Consensus_7of7,Consensus_Resistant,True,2,452,42,3.851059913635254,0.4373455047607422,4.123843193054199,0.7566647529602051,3.3718667030334473,0.5694272518157959,0.37831858407079644,0.7738095238095238,13.779105186462402,0.08020210266113281,15.199834823608398,0.6362829208374023,15.12894344329834,0.4859428405761719,0.021017699115044253,0.10714285714285715,1.281259298324585,0.10823333263397217,1.3141354322433472,0.2132415771484375,1.494168996810913,0.20925235748291016,0.42920353982300885,0.15476190476190477,0.5390986204147339,0.9994299411773682,1.1624679565429688,1.7291440963745117,-0.5559622049331665,1.3012653589248657,0.37831858407079644,0.7738095238095238,-2.290165662765503,0.11646175384521484,-0.22714456915855408,0.9239376783370972,-0.3300849199295044,0.7056310176849365,0.021017699115044253,0.10714285714285715,0.41583386063575745,0.14527422189712524,0.506445050239563,0.25134333968162537,0.25665897130966187,0.1891481578350067,0.37831858407079644,0.7738095238095238,0.19613578915596008,0.01075698435306549,0.3866868019104004,0.08533954620361328,0.37717872858047485,0.0651756227016449,0.021017699115044253,0.10714285714285715,-2.8292644023895264,0.8829681873321533,-1.2074705362319946,2.3267650604248047,0.22877907752990723,2.261002779006958,0.19800884955752207,0.07142857142857145,2.8292644023895264,0.8829681873321533,1.4924070835113525,1.7275500297546387,1.026221752166748,0.9382263422012329,0.7787610619469025,0.8571428571428571,0.577323317527771,0.15695127844810486,0.8132821917533875,0.527353823184967,1.3549937009811401,1.2369762659072876,0.21792035398230086,0.08333333333333337,0.01308085024356842,0.08649467676877975,-0.027341801673173904,0.11478396505117416,-0.03979822248220444,0.14069215953350067,0.6449115044247787,0.6904761904761905,2.6519672870635986,2.216226100921631,1.9583344459533691,1.798475980758667,1.7324327230453491,1.297140121459961,0.5033185840707964,0.5357142857142857,5.110913276672363,4.909180641174316,2.313297748565674,3.5688934326171875,1.350898265838623,1.917328119277954,0.49557522123893805,0.4642857142857143,0.13799095153808594,0.1263904571533203,0.071014404296875,0.10935068130493164,0.08442163467407227,0.05154275894165039,0.4491150442477876,0.5119047619047619,1.9901123046875,0.310302734375,0.12928009033203125,0.43096923828125,0.107177734375,1.3134765625,0.9303097345132744,0.8333333333333333,0.11301317065954208,0.02220959961414337,0.19370394945144653,0.12182740867137909,0.28293102979660034,0.12741556763648987,0.1747787610619469,0.047619047619047616,0.577323317527771,0.15695127844810486,0.8132821917533875,0.527353823184967,1.3549937009811401,1.2369762659072876,0.21792035398230086,0.08333333333333337
20160328_153829_1281_361,Consensus_7of7,Consensus_Resistant,True,4,511,341,3.3623366355895996,0.7176992893218994,3.549410820007324,0.7488136291503906,2.8151767253875732,0.5382287502288818,0.3590998043052838,0.8196480938416422,16.061073303222656,0.6925582885742188,15.478516578674316,0.6291580200195312,15.397499084472656,0.5651884078979492,0.6545988258317026,0.656891495601173,1.4895048141479492,0.08945989608764648,1.4817135334014893,0.2174609899520874,1.7282464504241943,0.19704985618591309,0.6139921722113503,0.14809384164222875,0.6309293508529663,1.493499755859375,1.0202220678329468,1.5582470893859863,-0.5076858997344971,1.1200296878814697,0.3590998043052838,0.8196480938416422,0.8381150960922241,0.9503201246261597,0.03873908892273903,0.8633243441581726,-0.07243213802576065,0.7755447030067444,0.6545988258317026,0.656891495601173,0.44812238216400146,0.2355891764163971,0.5095306038856506,0.24580258131027222,0.2685137391090393,0.1766768991947174,0.3590998043052838,0.8196480938416422,0.43068087100982666,0.09555467963218689,0.35030362010002136,0.08680728077888489,0.3391253352165222,0.07798102498054504,0.6545988258317026,0.656891495601173,-0.3970247507095337,0.9470207691192627,-0.9591359496116638,1.9358127117156982,0.5773685574531555,1.462829351425171,0.6144814090019569,0.27712609970674484,0.7813234329223633,1.001974105834961,1.1699192523956299,1.5688358545303345,0.8289462327957153,0.8921036720275879,0.4158512720156556,0.5124633431085044,0.8029729723930359,0.2526629567146301,0.7220105528831482,0.39141809940338135,1.3498551845550537,0.8530744910240173,0.5547945205479453,0.19794721407624633,-0.006339112762361765,0.06526783853769302,-0.02029554732143879,0.10562461614608765,-0.029705390334129333,0.11431144177913666,0.5092954990215264,0.5227272727272727,2.780996084213257,1.177626609802246,1.7814290523529053,1.623773217201233,1.4693896770477295,1.2387076616287231,0.6722113502935421,0.7646627565982405,4.448636054992676,7.0894670486450195,1.98067307472229,2.332589864730835,1.9014312028884888,1.7595289945602417,0.6653620352250489,0.7008797653958945,0.18367576599121094,0.10770821571350098,0.06975364685058594,0.07911539077758789,0.05416536331176758,0.06117820739746094,0.7969667318982387,0.8636363636363635,0.4144439697265625,1.0223426818847656,0.1355133056640625,0.23886871337890625,0.1038818359375,0.153228759765625,0.6208414872798435,0.7199413489736071,0.19266024231910706,0.05879297852516174,0.16843338310718536,0.10570134967565536,0.24958419799804688,0.08944942057132721,0.5782778864970646,0.282258064516129,0.8029729723930359,0.2526629567146301,0.7220105528831482,0.39141809940338135,1.3498551845550537,0.8530744910240173,0.5547945205479453,0.19794721407624633
20160328_153829_1281_721,Consensus_7of7,Consensus_Resistant,True,1,60,6,4.020209789276123,0.0,4.076444625854492,0.4241187572479248,3.751899480819702,0.46729612350463867,0.41666666666666663,0.6666666666666667,15.67250919342041,0.0,15.447117805480957,0.8213748931884766,15.213953018188477,0.2560882568359375,0.6333333333333333,0.8333333333333334,1.360555648803711,0.0,1.327314853668213,0.14247643947601318,1.39993417263031,0.16642045974731445,0.6666666666666667,0.33333333333333337,-1.5582579374313354,0.0,-1.4217933416366577,1.0292094945907593,-2.2093665599823,1.1339877843856812,0.41666666666666663,0.6666666666666667,0.7660984992980957,0.0,0.44410520792007446,1.1734137535095215,0.11100756376981735,0.3658456802368164,0.6333333333333333,0.8333333333333334,0.40493243932724,0.0,0.4253155291080475,0.15372836589813232,0.30767929553985596,0.1693786084651947,0.41666666666666663,0.6666666666666667,0.5160720348358154,0.0,0.48205530643463135,0.12396430969238281,0.4468654692173004,0.03864946961402893,0.6333333333333333,0.8333333333333334,2.3243565559387207,0.0,1.8041566610336304,2.0330169200897217,2.320374011993408,1.8741657733917236,0.6166666666666667,0.5,2.3243565559387207,0.0,1.8041566610336304,1.8392794132232666,2.320374011993408,1.8741657733917236,0.6166666666666667,0.5,1.2442991733551025,0.0,1.1189076900482178,0.5532633066177368,1.3896853923797607,0.7786125540733337,0.6333333333333333,0.33333333333333337,0.02295173518359661,0.0,0.003141613444313407,0.07502242922782898,0.0026251417584717274,0.06360919773578644,0.6333333333333333,0.6666666666666667,2.6847193241119385,0.0,2.5770504474639893,2.044428586959839,2.0821750164031982,0.9744820594787598,0.5,0.6666666666666667,1.6945246458053589,0.0,1.9433094263076782,2.7894155979156494,2.8938441276550293,1.639491319656372,0.44999999999999996,0.0,0.12349128723144531,0.0,0.13197612762451172,0.1624011993408203,0.1437530517578125,0.09635233879089355,0.4833333333333333,0.33333333333333337,0.081024169921875,0.0,0.24816131591796875,1.4009208679199219,0.12256622314453125,0.22739028930664062,0.18333333333333335,0.0,0.30709773302078247,0.0,0.26962724328041077,0.1382444053888321,0.3094070553779602,0.11588886380195618,0.65,0.5,1.2442991733551025,0.0,1.1189076900482178,0.5532633066177368,1.3896853923797607,0.7786125540733337,0.6333333333333333,0.33333333333333337
20160328_153829_1921_1,Consensus_7of7,Consensus_Resistant,True,10,305,549,3.3857061862945557,0.5512990951538086,3.523254871368408,0.6994435787200928,3.1836376190185547,0.46163249015808105,0.45114754098360654,0.642440801457195,16.201454162597656,0.8752346038818359,15.801380157470703,0.6856899261474609,15.50869083404541,0.6696500778198242,0.7134426229508197,0.7950819672131149,1.5474247932434082,0.15847551822662354,1.5230361223220825,0.2165926694869995,1.5872746706008911,0.1499243974685669,0.6177049180327869,0.4883424408014572,0.5361326932907104,1.3999974727630615,0.8854310512542725,1.7762041091918945,0.022989042103290558,1.1722939014434814,0.45114754098360654,0.642440801457195,0.8586935997009277,1.2053920030593872,0.3077021539211273,0.9443484544754028,-0.09539653360843658,0.9222580194473267,0.7134426229508197,0.7950819672131149,0.5233026742935181,0.1940247118473053,0.5717117190361023,0.24616295099258423,0.4521864354610443,0.16246742010116577,0.45114754098360654,0.642440801457195,0.4687245786190033,0.11202883720397949,0.4175155758857727,0.08776754140853882,0.3800516724586487,0.08571445941925049,0.7134426229508197,0.7950819672131149,0.18678449094295502,2.1057770252227783,-0.36937904357910156,1.954454779624939,-0.13526642322540283,1.5314059257507324,0.6645901639344263,0.6123861566484518,1.310444712638855,1.5255074501037598,1.088379979133606,1.4060156345367432,0.7878385186195374,1.0510551929473877,0.5036065573770492,0.5688524590163934,0.9139509201049805,0.38747984170913696,0.7907429933547974,0.347318172454834,0.8549440503120422,0.3451974391937256,0.6524590163934426,0.5845173041894354,-0.06190909445285797,0.09353761374950409,-0.017301764339208603,0.09629939496517181,-0.030908362939953804,0.13581137359142303,0.33868852459016396,0.40218579234972673,2.0703635215759277,0.8832842111587524,2.37312388420105,1.7145094871520996,1.4116336107254028,1.1096761226654053,0.47114754098360656,0.743351548269581,3.147976875305176,2.4729833602905273,2.21453857421875,2.389742851257324,2.335735321044922,3.450676918029785,0.6042622950819672,0.5854280510018215,0.08421707153320312,0.052715420722961426,0.10875320434570312,0.10558891296386719,0.05483818054199219,0.04662322998046875,0.45934426229508196,0.7717668488160292,0.2413177490234375,0.3569793701171875,0.179718017578125,0.2347412109375,0.146881103515625,0.3354339599609375,0.5785245901639344,0.6197632058287795,0.2112092673778534,0.0999077707529068,0.1841505914926529,0.10796616971492767,0.20439940690994263,0.07934167981147766,0.6409836065573771,0.5717668488160291,0.9139509201049805,0.38747984170913696,0.7907429933547974,0.347318172454834,0.8549440503120422,0.3451974391937256,0.6524590163934426,0.5845173041894354
20160328_153829_1_1,Consensus_7of7,Consensus_Resistant,True,2,263,64,3.714721441268921,0.6819710731506348,3.3769657611846924,0.5844311714172363,3.1664071083068848,0.6584558486938477,0.5874524714828897,0.703125,16.51599884033203,1.1926851272583008,15.527609825134277,0.51629638671875,15.62345027923584,1.0137767791748047,0.644486692015209,0.671875,1.5065321922302246,0.25802552700042725,1.5257521867752075,0.18183112144470215,1.5661962032318115,0.25679707527160645,0.4695817490494296,0.390625,1.9096777439117432,1.8752704858779907,0.980924129486084,1.6070573329925537,0.40193432569503784,1.810608148574829,0.5874524714828897,0.703125,1.7924822568893433,1.7437036037445068,0.3474592864513397,0.7548248171806335,0.4875779151916504,1.482140302658081,0.644486692015209,0.671875,0.6564611792564392,0.23440277576446533,0.540369987487793,0.20087695121765137,0.4679981768131256,0.2263200879096985,0.5874524714828897,0.703125,0.6750779151916504,0.1875166893005371,0.5196811556816101,0.08117333054542542,0.5347493886947632,0.15938833355903625,0.644486692015209,0.671875,-0.1171954870223999,3.618974447250366,-0.6039158701896667,1.830308198928833,-0.19338172674179077,3.2085418701171875,0.5095057034220533,0.484375,3.618974208831787,0.11719536781311035,1.2206993103027344,1.534876823425293,1.69681715965271,1.2871441841125488,0.9657794676806083,0.96875,1.2522861957550049,0.680937647819519,0.9636973738670349,0.3659834861755371,1.0383992195129395,0.8096740245819092,0.4961977186311787,0.46875,-0.06402672827243805,0.050021909177303314,-0.02879270724952221,0.11302170902490616,-0.03887975215911865,0.09025067090988159,0.32129277566539927,0.34375,1.6227954626083374,0.9038116931915283,1.983661413192749,1.4207359552383423,1.4220746755599976,1.4925057888031006,0.3840304182509506,0.46875,5.087045669555664,3.860105514526367,1.8728731870651245,2.0228826999664307,2.968552589416504,5.367128849029541,0.6254752851711026,0.46875,0.0767974853515625,0.05465126037597656,0.07918357849121094,0.08118438720703125,0.061733245849609375,0.08311307430267334,0.42015209125475284,0.515625,1.1243667602539062,1.0766067504882812,0.12457275390625,0.15924835205078125,0.2087860107421875,1.47589111328125,0.5456273764258555,0.4609375,0.2758699059486389,0.22265936434268951,0.23256626725196838,0.11813929677009583,0.25617218017578125,0.21687212586402893,0.5057034220532319,0.4765625,1.2522861957550049,0.680937647819519,0.9636973738670349,0.3659834861755371,1.0383992195129395,0.8096740245819092,0.4961977186311787,0.46875
20160328_153829_641_1,Consensus_7of7,Consensus_Resistant,True,1,9,4,3.258669137954712,0.0,3.7881956100463867,0.3062450885772705,3.2262706756591797,0.2815132141113281,0.0,0.5,15.091927528381348,0.0,15.438495635986328,0.5217552185058594,15.479511260986328,0.142303466796875,0.2222222222222222,0.0,1.5328171253204346,0.0,1.4167999029159546,0.0694812536239624,1.5754704475402832,0.10487020015716553,1.0,0.5,-0.2604336738586426,0.0,0.7220622897148132,0.5682144165039062,-0.3205467760562897,0.5223264098167419,0.0,0.5,-0.2970789968967438,0.0,0.19511541724205017,0.7409943342208862,0.2533649206161499,0.2020990550518036,0.2222222222222222,0.0,0.32931607961654663,0.0,0.49344608187675476,0.09492257237434387,0.3192739486694336,0.08725675940513611,0.0,0.5,0.35742107033729553,0.0,0.4043976664543152,0.07072284817695618,0.4099571704864502,0.019288986921310425,0.2222222222222222,0.0,-0.036645323038101196,0.0,-0.3358619809150696,0.5659170746803284,0.6117188930511475,0.7729632258415222,0.8888888888888888,0.25,0.036645323038101196,0.0,0.5269469022750854,0.371884822845459,0.6117188930511475,0.6932065486907959,0.0,0.0,1.0740938186645508,0.0,0.8522705435752869,0.09199529886245728,1.2914856672286987,0.3881469964981079,0.8888888888888888,0.25,-0.04442102834582329,0.0,0.035927969962358475,0.03595932573080063,0.003847546176984906,0.018676724284887314,0.0,0.0,1.5994319915771484,0.0,0.5313701629638672,0.28587764501571655,1.225501537322998,0.39135825634002686,0.8888888888888888,0.75,1.1821308135986328,0.0,1.0547370910644531,1.6573328971862793,1.1295889616012573,0.6128406524658203,0.5555555555555556,0.75,0.02689361572265625,0.0,0.0447235107421875,0.0291900634765625,0.04094409942626953,0.005242824554443359,0.0,0.0,0.049163818359375,0.0,0.0862274169921875,0.0439910888671875,0.0601043701171875,0.045001983642578125,0.11111111111111116,0.25,0.2397165596485138,0.0,0.20885947346687317,0.022163867950439453,0.28165754675865173,0.05206701159477234,0.8888888888888888,0.25,1.0740938186645508,0.0,0.8522705435752869,0.09199529886245728,1.2914856672286987,0.3881469964981079,0.8888888888888888,0.25
20160328_153829_641_1081,Consensus_7of7,Consensus_Resistant,True,0,93,4,,,3.6317367553710938,1.0498507022857666,3.1459836959838867,0.2678713798522949,,,,,15.239983558654785,0.9296426773071289,15.181999206542969,0.3178215026855469,,,,,1.4322203397750854,0.2932056188583374,1.5568112134933472,0.08195042610168457,,,,,1.1165375709533691,3.0131165981292725,-0.2775949537754059,0.7688025236129761,,,,,0.2504352033138275,1.407828450202942,0.16262438893318176,0.4813005030155182,,,,,0.5080235004425049,0.3497634828090668,0.3461921811103821,0.0892428457736969,,,,,0.4955822825431824,0.15634280443191528,0.485830694437027,0.0534496009349823,,,,,-0.7746353149414062,3.6215853691101074,0.25171735882759094,0.830558717250824,,,,,1.619537353515625,1.970520257949829,0.3763154149055481,0.5443147420883179,,,,,0.9952762126922607,0.7596369385719299,1.262267827987671,0.4462844133377075,,,,,0.01215616799890995,0.11117848753929138,-0.0054882001131772995,0.13065440952777863,,,,,3.56583833694458,2.28178334236145,3.300877809524536,1.9637672901153564,,,,,5.040842533111572,6.191498756408691,3.2789666652679443,0.3680083751678467,,,,,0.217864990234375,0.1929788589477539,0.2406482696533203,0.27243590354919434,,,,,0.4691619873046875,1.35748291015625,0.14591217041015625,0.020374298095703125,,,,,0.23862700164318085,0.20768208801746368,0.30873051285743713,0.04902270436286926,,,,,0.9952762126922607,0.7596369385719299,1.262267827987671,0.4462844133377075,,
20160328_153829_641_721,Consensus_7of7,Consensus_Resistant,True,0,40,6,,,3.5458734035491943,0.8240838050842285,2.846247434616089,0.27475857734680176,,,,,15.496206283569336,0.5657100677490234,15.776459693908691,0.16382217407226562,,,,,1.4851852655410767,0.2720515727996826,1.7151883840560913,0.12342405319213867,,,,,-1.0972037315368652,0.9914212226867676,-1.9388948678970337,0.3305509090423584,,,,,0.5521975755691528,0.8279812335968018,0.9623798131942749,0.23977148532867432,,,,,0.385440468788147,0.2288471758365631,0.1911551058292389,0.07630020380020142,,,,,0.5338205099105835,0.09332942962646484,0.5800558924674988,0.027026832103729248,,,,,1.6349259614944458,1.2027578353881836,2.9557700157165527,0.7930254936218262,,,,,1.6349259614944458,1.2027578353881836,2.9557700157165527,0.7930254936218262,,,,,1.420527458190918,1.0703198909759521,2.667056083679199,1.245046615600586,,,,,0.018093865364789963,0.05579617619514465,-0.015586256980895996,0.19543884694576263,,,,,4.5056586265563965,2.1916756629943848,1.292298674583435,1.4342458248138428,,,,,2.212580919265747,2.0112857818603516,2.016373634338379,0.7364373207092285,,,,,0.32297563552856445,0.19599533081054688,0.0888371467590332,0.03505873680114746,,,,,0.18206024169921875,0.1519317626953125,0.2326812744140625,0.0604248046875,,,,,0.3296354115009308,0.12670844793319702,0.4745836555957794,0.09542953968048096,,,,,1.420527458190918,1.0703198909759521,2.667056083679199,1.245046615600586,,
20160329_103807_361_1,Consensus_7of7,Consensus_Sensitive,True,0,351,1,,,3.835106372833252,2.0781421661376953,5.257143020629883,0.0,,,,,15.877018928527832,0.5868587493896484,16.848543167114258,0.0,,,,,1.4258674383163452,0.5685263872146606,1.164663314819336,0.0,,,,,0.8796612620353699,3.681769847869873,3.3990325927734375,0.0,,,,,-0.5866489410400391,0.7504338026046753,0.6556711196899414,0.0,,,,,0.4531361758708954,0.47939854860305786,0.7811803221702576,0.0,,,,,0.3921051025390625,0.08772888779640198,0.537337601184845,0.0,,,,,-1.5752441883087158,4.266923904418945,-2.743361473083496,0.0,,,,,2.154552936553955,2.901829719543457,2.743361473083496,0.0,,,,,0.853369414806366,1.1536130905151367,0.7066307663917542,0.0,,,,,-0.021042590960860252,0.11901333928108215,-0.15296854078769684,0.0,,,,,3.4884684085845947,4.598996162414551,7.183438301086426,0.0,,,,,2.1354470252990723,2.462209939956665,2.6552417278289795,0.0,,,,,0.20273590087890625,0.5072908401489258,0.6841144561767578,0.0,,,,,0.10504150390625,0.19977569580078125,0.14984130859375,0.0,,,,,0.2037307769060135,0.22611285746097565,0.11758004128932953,0.0,,,,,0.853369414806366,1.1536130905151367,0.7066307663917542,0.0,,
20160329_103807_361_1281,Consensus_7of7,Consensus_Sensitive,True,4,518,3,5.337656497955322,0.4178652763366699,3.9106054306030273,1.914790153503418,3.722588062286377,0.12226724624633789,0.8127413127413128,1.0,15.809505462646484,0.9430007934570312,15.754037857055664,0.7503833770751953,16.452312469482422,0.27329254150390625,0.5622586872586872,0.33333333333333337,1.0820869207382202,0.08064019680023193,1.391899585723877,0.5180784463882446,1.4967671632766724,0.04384756088256836,0.22972972972972974,0.0,3.0358340740203857,0.618755578994751,0.9227222204208374,2.835333824157715,0.6443147659301758,0.18104767799377441,0.8127413127413128,1.0,-0.6746891736984253,1.1185667514801025,-0.7404830455780029,0.8900882005691528,0.08779458701610565,0.3241736888885498,0.5622586872586872,0.33333333333333337,0.7646200060844421,0.08895796537399292,0.4608194828033447,0.40763381123542786,0.4207930564880371,0.026029109954833984,0.8127413127413128,1.0,0.34148913621902466,0.14601454138755798,0.3329005837440491,0.11618959903717041,0.4410216212272644,0.042316734790802,0.5622586872586872,0.33333333333333337,-3.754364013671875,1.0051600933074951,-1.6670249700546265,3.4974727630615234,-0.4343198537826538,0.44412127137184143,0.29295366795366795,0.08333333333333334,3.754364013671875,1.0051600933074951,1.955028772354126,2.7847342491149902,0.4343198537826538,0.44412127137184143,0.6800193050193051,0.9166666666666667,0.47354477643966675,0.185433030128479,0.741930365562439,0.8099461793899536,1.0833961963653564,0.12133824825286865,0.32142857142857145,0.08333333333333334,-0.023500271141529083,0.0954868271946907,-0.022564511746168137,0.11652454733848572,0.009493732824921608,0.10652174800634384,0.47876447876447875,0.5,2.316999673843384,2.801539421081543,4.01938533782959,4.3233113288879395,7.208308696746826,0.728175163269043,0.39768339768339767,0.16666666666666669,1.9384599924087524,1.365185022354126,2.254622459411621,2.622986316680908,5.5643415451049805,0.6409492492675781,0.5193050193050193,0.25,0.11560726165771484,0.2756614685058594,0.2597665786743164,0.49466729164123535,0.9587383270263672,0.13019847869873047,0.3296332046332046,0.0,0.09604644775390625,0.439605712890625,0.12256622314453125,0.2274017333984375,0.4619140625,0.107391357421875,0.5096525096525097,0.25,0.07675320655107498,0.037904977798461914,0.16786369681358337,0.18478131294250488,0.2631909251213074,0.03113040328025818,0.2833011583011583,0.0,0.47354477643966675,0.185433030128479,0.741930365562439,0.8099461793899536,1.0833961963653564,0.12133824825286865,0.32142857142857145,0.08333333333333334
20160329_103807_361_1921,Consensus_7of7,Consensus_Sensitive,True,0,396,35,,,4.094569683074951,1.9492888450622559,3.060272455215454,0.7262365818023682,,,,,15.90412425994873,0.6856346130371094,16.41105079650879,0.8086433410644531,,,,,1.3538782596588135,0.5233312845230103,1.713031530380249,0.24572908878326416,,,,,1.1961941719055176,3.3017702102661133,-0.5557328462600708,1.2301234006881714,,,,,-0.5861714482307434,0.806425929069519,0.010061517357826233,0.951103925704956,,,,,0.4980572462081909,0.44160836935043335,0.26373881101608276,0.1645277738571167,,,,,0.33122718334198,0.09296029806137085,0.3999575972557068,0.10963794589042664,,,,,-1.5800259113311768,3.8843843936920166,0.8466043472290039,1.431214451789856,,,,,1.8685541152954102,3.0659828186035156,1.1898932456970215,1.525141716003418,,,,,0.7355977892875671,0.8342907428741455,1.5471742153167725,1.018770694732666,,,,,-0.014586066827178001,0.12341546267271042,-0.04928824305534363,0.12824192643165588,,,,,4.394577503204346,4.924893379211426,1.2775474786758423,1.0074424743652344,,,,,2.4108099937438965,1.8817601203918457,3.009995698928833,2.6907410621643066,,,,,0.3208293914794922,0.6047406196594238,0.03912162780761719,0.053266286849975586,,,,,0.1181488037109375,0.12743759155273438,0.33514404296875,0.3609466552734375,,,,,0.16826732456684113,0.17847126722335815,0.30363765358924866,0.09263896942138672,,,,,0.7355977892875671,0.8342907428741455,1.5471742153167725,1.018770694732666,,
20160330_165956_1281_721,Consensus_7of7,Consensus_Resistant,True,4,111,168,3.6189088821411133,1.0967371463775635,4.090095043182373,0.7681236267089844,3.6771607398986816,0.6687438488006592,0.2927927927927928,0.49107142857142855,15.177299499511719,0.6417255401611328,15.822758674621582,0.8850946426391602,15.217052459716797,0.5154047012329102,0.3333333333333333,0.5208333333333333,1.4956083297729492,0.21510076522827148,1.359805703163147,0.20023012161254883,1.4262914657592773,0.18792366981506348,0.7139639639639639,0.5833333333333334,-0.38313183188438416,2.731224536895752,0.7902714014053345,1.912872552871704,-0.2380664348602295,1.6653850078582764,0.2927927927927928,0.49107142857142855,0.023185256868600845,0.9558761119842529,0.9846210479736328,1.318382740020752,0.08239883184432983,0.7677159905433655,0.3333333333333333,0.5208333333333333,0.3571751117706299,0.3642518222332001,0.5136669278144836,0.2551116943359375,0.3765218257904053,0.22210533916950226,0.2927927927927928,0.49107142857142855,0.4519192576408386,0.09652584791183472,0.5490065217018127,0.13313227891921997,0.45789873600006104,0.07752516865730286,0.3333333333333333,0.5208333333333333,1.6634883880615234,0.943165123462677,0.2874857783317566,2.079806327819824,0.3943905532360077,1.930176019668579,0.677927927927928,0.625,1.6634883880615234,0.45641982555389404,1.086226463317871,1.5413686037063599,0.9362907409667969,1.3466877937316895,0.6283783783783784,0.6919642857142857,1.6830415725708008,1.0980939865112305,1.0702446699142456,0.556610107421875,1.202401876449585,0.794251024723053,0.7117117117117118,0.6190476190476191,0.03700391575694084,0.055668119341135025,-0.02205714024603367,0.06286802887916565,-0.060027360916137695,0.1356947422027588,0.8085585585585586,0.7723214285714286,1.9451828002929688,1.5804166793823242,2.588521957397461,1.8547656536102295,2.057865619659424,1.411529302597046,0.28603603603603606,0.43898809523809523,1.866295337677002,2.4731905460357666,2.4636120796203613,3.166408061981201,1.73067307472229,2.089336633682251,0.3423423423423424,0.43601190476190477,0.10224103927612305,0.05360269546508789,0.12137985229492188,0.11933517456054688,0.08940792083740234,0.09608221054077148,0.3423423423423423,0.46726190476190477,0.17498016357421875,0.10850143432617188,0.222564697265625,0.5643310546875,0.10540771484375,0.14794540405273438,0.38513513513513514,0.6190476190476191,0.3490220904350281,0.050200849771499634,0.260602742433548,0.1354023516178131,0.28575772047042847,0.12270377576351166,0.6936936936936937,0.5952380952380952,1.6830415725708008,1.0980939865112305,1.0702446699142456,0.556610107421875,1.202401876449585,0.794251024723053,0.7117117117117118,0.6190476190476191
20160330_165956_1921_721,Consensus_7of7,Consensus_Resistant,True,1,102,8,4.263219833374023,0.0,4.3013410568237305,0.6077628135681152,4.072968006134033,0.22664523124694824,0.4509803921568627,1.0,15.371844291687012,0.0,15.828449249267578,0.6854972839355469,15.384693145751953,0.33168792724609375,0.21568627450980393,0.5,1.2824958562850952,0.0,1.3181263208389282,0.14551055431365967,1.3344677686691284,0.036956071853637695,0.3921568627450981,0.125,0.9175198078155518,0.0,0.9979337453842163,1.282030701637268,0.5161976218223572,0.4780915081501007,0.4509803921568627,1.0,0.03120490163564682,0.0,0.6951949000358582,0.9968434572219849,0.04989026114344597,0.4823366403579712,0.21568627450980393,0.5,0.5373522043228149,0.0,0.5479949712753296,0.16967648267745972,0.48423731327056885,0.0632753074169159,0.4509803921568627,1.0,0.46684134006500244,0.0,0.5353574752807617,0.10286268591880798,0.46876946091651917,0.04977154731750488,0.21568627450980393,0.5,-0.8863149285316467,0.0,-0.29284346103668213,1.522592306137085,-0.36980363726615906,0.38534945249557495,0.28431372549019607,0.125,0.8863149285316467,0.0,0.7468166351318359,1.0546774864196777,0.36980363726615906,0.38534945249557495,0.5686274509803921,0.875,0.8799512982368469,0.0,0.9806315898895264,0.3105071783065796,0.9889019727706909,0.07081592082977295,0.2941176470588235,0.125,-0.0714399442076683,0.0,-0.02553294599056244,0.0705573707818985,-0.027516260743141174,0.12548644840717316,0.13725490196078427,0.25,0.47800278663635254,0.0,2.5529074668884277,1.7751425504684448,0.9742292761802673,0.6548424959182739,0.0,0.125,2.0454750061035156,0.0,1.9757757186889648,1.580268383026123,1.682361364364624,0.9723751544952393,0.5294117647058824,0.625,0.026454925537109375,0.0,0.11767768859863281,0.11156463623046875,0.03102588653564453,0.017161130905151367,0.0490196078431373,0.375,0.08978271484375,0.0,0.14890289306640625,0.14816665649414062,0.0532989501953125,0.03301239013671875,0.0980392156862745,0.75,0.21598312258720398,0.0,0.24127337336540222,0.09777189791202545,0.2455022931098938,0.020090743899345398,0.3529411764705882,0.125,0.8799512982368469,0.0,0.9806315898895264,0.3105071783065796,0.9889019727706909,0.07081592082977295,0.2941176470588235,0.125
20160330_165956_1_721,Consensus_7of7,Consensus_Resistant,True,2,32,10,3.4035210609436035,0.1360328197479248,3.419623851776123,0.5674126148223877,3.1282806396484375,0.3158869743347168,0.453125,0.75,14.964388847351074,0.12095451354980469,15.182016372680664,0.8593673706054688,15.017580032348633,0.28513240814208984,0.375,0.44999999999999996,1.4816067218780518,0.04807138442993164,1.4776194095611572,0.18220996856689453,1.559441089630127,0.11365795135498047,0.453125,0.25,-0.02426239848136902,0.3532830476760864,0.017557267099618912,1.4735959768295288,-0.7390748262405396,0.8203723430633545,0.453125,0.75,-0.02952926605939865,0.18654315173625946,0.30610528588294983,1.3253560066223145,0.05250391364097595,0.43974369764328003,0.375,0.44999999999999996,0.3784935474395752,0.04233071208000183,0.3835044503211975,0.1765677034854889,0.2928440570831299,0.0982978343963623,0.453125,0.75,0.4127309322357178,0.017102360725402832,0.44350212812423706,0.12150940299034119,0.4202517867088318,0.040315985679626465,0.375,0.44999999999999996,-0.0052668750286102295,0.5398262143135071,0.13705569505691528,2.0563950538635254,0.6244767904281616,1.248079538345337,0.4375,0.3,0.5398261547088623,0.005266845226287842,1.1130480766296387,1.2584927082061768,0.8543874025344849,0.7490943670272827,0.25,0.4,1.0945265293121338,0.14804065227508545,1.1113510131835938,0.5638313889503479,1.299027681350708,0.4482063055038452,0.453125,0.3,0.036756232380867004,0.007780015468597412,-0.03912445902824402,0.07937535643577576,-0.06618380546569824,0.07916157692670822,0.90625,1.0,2.2690486907958984,0.34260010719299316,1.580132007598877,1.4719862937927246,1.9204673767089844,0.6116065979003906,0.6875,0.7,0.5197163820266724,0.21606647968292236,1.45453941822052,0.7951720952987671,1.096954584121704,0.9523945450782776,0.046875,0.25,0.1125640869140625,0.03755950927734375,0.061232566833496094,0.059366703033447266,0.07056617736816406,0.03385615348815918,0.734375,0.7,0.08881378173828125,0.02213287353515625,0.12145233154296875,0.0992584228515625,0.06433868408203125,0.041492462158203125,0.3125,0.8,0.25723889470100403,0.02810046076774597,0.25682997703552246,0.10822555422782898,0.28907060623168945,0.06741142272949219,0.453125,0.3,1.0945265293121338,0.14804065227508545,1.1113510131835938,0.5638313889503479,1.299027681350708,0.4482063055038452,0.453125,0.3
20160330_165956_641_721,Consensus_7of7,Consensus_Resistant,True,0,130,7,,,4.198596477508545,0.7279696464538574,4.147341251373291,0.2564840316772461,,,,,15.742964744567871,0.7809524536132812,15.829072952270508,0.8493490219116211,,,,,1.3245466947555542,0.17853474617004395,1.3298040628433228,0.0887908935546875,,,,,0.9666309952735901,1.9330682754516602,0.83052659034729,0.6810733675956726,,,,,0.9349257946014404,1.166548252105713,1.0635497570037842,1.2687119245529175,,,,,0.5917322635650635,0.2582988440990448,0.5735458135604858,0.09100580215454102,,,,,0.5625163912773132,0.13061213493347168,0.5769177079200745,0.14205080270767212,,,,,0.056486956775188446,2.005506992340088,0.1086341142654419,1.4534662961959839,,,,,0.905152440071106,1.4347047805786133,0.3172668218612671,0.8725868463516235,,,,,0.9573876857757568,0.3897910714149475,0.9555503726005554,0.2803165912628174,,,,,-0.005860862322151661,0.06995075941085815,-0.05435453727841377,0.04714995622634888,,,,,2.139232635498047,2.0309929847717285,2.844820022583008,1.221572995185852,,,,,2.2451844215393066,2.016362190246582,4.07511568069458,3.4525537490844727,,,,,0.10763120651245117,0.15035057067871094,0.1509246826171875,0.09814262390136719,,,,,0.172515869140625,0.22456741333007812,0.4163970947265625,0.146514892578125,,,,,0.22085362672805786,0.14390885829925537,0.2260139286518097,0.0881480723619461,,,,,0.9573876857757568,0.3897910714149475,0.9555503726005554,0.2803165912628174,,
20160330_172309_1281_721,Consensus_7of7,Consensus_Resistant,True,1,388,11,4.539172172546387,0.0,4.32057523727417,1.0501289367675781,2.5757436752319336,0.4916257858276367,0.5902061855670103,1.0,15.33972454071045,0.0,15.436041831970215,0.4899616241455078,15.542226791381836,0.265228271484375,0.41237113402061853,0.18181818181818177,1.2176856994628906,0.0,1.2676573991775513,0.23440182209014893,1.8030568361282349,0.1850370168685913,0.3788659793814433,0.0,2.0997684001922607,0.0,1.69016695022583,1.967705488204956,-1.5792549848556519,0.9211961030960083,0.5902061855670103,1.0,-0.024525253102183342,0.0,0.11375156044960022,0.7034074068069458,0.26619476079940796,0.3807726204395294,0.41237113402061853,0.18181818181818177,0.6184436082839966,0.0,0.563768744468689,0.26265549659729004,0.12735597789287567,0.12296415120363235,0.5902061855670103,1.0,0.4087735712528229,0.0,0.4228084087371826,0.07139456272125244,0.4382811188697815,0.03864771127700806,0.41237113402061853,0.18181818181818177,-2.124293565750122,0.0,-1.4802968502044678,2.1610803604125977,1.7140082120895386,0.9749897718429565,0.3608247422680413,0.0,2.124293565750122,0.0,1.6243717670440674,1.90141761302948,1.7140082120895386,0.9749897718429565,0.6211340206185567,0.7272727272727273,0.686331033706665,0.0,0.7867217063903809,0.37009328603744507,2.825681209564209,1.4994776248931885,0.365979381443299,0.0,0.06903867423534393,0.0,-0.022801034152507782,0.12872618436813354,-0.05827820301055908,0.13676872849464417,0.8634020618556701,0.8181818181818181,1.640041470527649,0.0,3.9446206092834473,2.541351795196533,3.2470874786376953,2.4673702716827393,0.11082474226804129,0.18181818181818177,4.833611011505127,0.0,1.6527258157730103,1.4467066526412964,2.352431535720825,2.3474340438842773,0.8917525773195876,0.8181818181818181,0.09703636169433594,0.0,0.23859500885009766,0.23159050941467285,0.174041748046875,0.2825586795806885,0.17525773195876293,0.2727272727272727,0.402435302734375,0.0,0.10381317138671875,0.12018585205078125,0.1210174560546875,0.1933746337890625,0.884020618556701,0.9090909090909091,0.15597017109394073,0.0,0.1818712204694748,0.11426515877246857,0.3719010651111603,0.06001424789428711,0.384020618556701,0.0,0.686331033706665,0.0,0.7867217063903809,0.37009328603744507,2.825681209564209,1.4994776248931885,0.365979381443299,0.0
20160402_150314_1281_721,Consensus_7of7,Consensus_Resistant,True,0,146,5,,,3.7568917274475098,0.5632097721099854,3.9950053691864014,0.22080206871032715,,,,,15.162408828735352,0.6315393447875977,15.665026664733887,0.7009401321411133,,,,,1.40406334400177,0.15121817588806152,1.3936299085617065,0.11603105068206787,,,,,-0.015265088528394699,0.7768770456314087,0.3131828010082245,0.30456873774528503,,,,,0.05735580623149872,0.8536532521247864,0.7367444038391113,0.9474617838859558,,,,,0.4875352084636688,0.16710111498832703,0.5581821799278259,0.06551074981689453,,,,,0.3300257921218872,0.08008718490600586,0.3937639892101288,0.088888019323349,,,,,0.2066708207130432,1.0979909896850586,1.0046055316925049,0.7768741250038147,,,,,0.623456597328186,0.8272746205329895,1.0046055316925049,0.7179723381996155,,,,,0.7324486970901489,0.3126533031463623,0.819931149482727,0.27780860662460327,,,,,0.005076318979263306,0.08195963501930237,-0.03923334926366806,0.074172742664814,,,,,2.470057487487793,1.9162275791168213,2.5497841835021973,1.1415107250213623,,,,,1.9258670806884766,1.5705220699310303,4.016798496246338,3.0631747245788574,,,,,0.12253212928771973,0.10993599891662598,0.10728263854980469,0.07938480377197266,,,,,0.11179351806640625,0.16168594360351562,0.1925506591796875,0.14190673828125,,,,,0.17360132932662964,0.06961323320865631,0.19822929799556732,0.07421483099460602,,,,,0.7324486970901489,0.3126533031463623,0.819931149482727,0.27780860662460327,,
20160402_151049_1_361,Consensus_7of7,Consensus_Resistant,True,0,379,1,,,4.130597114562988,0.8547377586364746,2.3000893592834473,0.0,,,,,15.436199188232422,0.6289310455322266,15.413335800170898,0.0,,,,,1.3241640329360962,0.1922743320465088,1.9022481441497803,0.0,,,,,1.2657276391983032,1.5989853143692017,-2.1586623191833496,0.0,,,,,0.19015899300575256,0.8352188467979431,0.15979647636413574,0.0,,,,,0.6277336478233337,0.24803507328033447,0.09654123336076736,0.0,,,,,0.38528165221214294,0.07370391488075256,0.3826023042201996,0.0,,,,,-0.9278779029846191,1.7276766300201416,2.3184587955474854,0.0,,,,,1.2347612380981445,1.343921422958374,2.3184587955474854,0.0,,,,,0.6615819334983826,0.2514951229095459,2.9520859718322754,0.0,,,,,-0.03770742565393448,0.10037203878164291,-0.12415327876806259,0.0,,,,,2.1171839237213135,2.147789478302002,0.8894829750061035,0.0,,,,,2.1338343620300293,2.3322885036468506,0.7287883758544922,0.0,,,,,0.08163833618164062,0.1551990509033203,0.15314817428588867,0.0,,,,,0.1302490234375,0.31719970703125,0.1857757568359375,0.0,,,,,0.14450818300247192,0.09302008152008057,0.3456653952598572,0.0,,,,,0.6615819334983826,0.2514951229095459,2.9520859718322754,0.0,,
20160402_151054_1921_361,Consensus_7of7,Consensus_Resistant,True,0,225,36,,,4.033564567565918,0.6924331188201904,3.546029806137085,0.30152368545532227,,,,,15.800808906555176,0.6879100799560547,15.480356216430664,0.5155258178710938,,,,,1.3486319780349731,0.1942535638809204,1.491112470626831,0.10919678211212158,,,,,0.6624232530593872,1.828579306602478,-0.625059962272644,0.7962645292282104,,,,,0.34080660343170166,0.8574919700622559,-0.0586438924074173,0.6426119804382324,,,,,0.5101292729377747,0.2350497841835022,0.34463322162628174,0.10235366225242615,,,,,0.4335781931877136,0.08469772338867188,0.3941229581832886,0.06347322463989258,,,,,-0.4477403163909912,2.1394128799438477,0.7185990810394287,1.0786198377609253,,,,,1.1180800199508667,1.6066724061965942,1.1169368028640747,0.9506666660308838,,,,,0.8501524329185486,0.44797641038894653,1.1887555122375488,0.45119816064834595,,,,,-0.02054096944630146,0.09205205738544464,-0.06592431664466858,0.1287744641304016,,,,,2.184870719909668,1.7283846139907837,1.9645147323608398,1.7689452171325684,,,,,2.5361759662628174,3.891328811645508,1.9247870445251465,1.4526177644729614,,,,,0.08796882629394531,0.10165882110595703,0.08254098892211914,0.09211349487304688,,,,,0.2241973876953125,0.450714111328125,0.09868621826171875,0.17193603515625,,,,,0.20143814384937286,0.12054428458213806,0.262554407119751,0.06931450963020325,,,,,0.8501524329185486,0.44797641038894653,1.1887555122375488,0.45119816064834595,,
20160407_163130_1_721,Consensus_7of7,Consensus_Resistant,True,0,55,2,,,3.5744426250457764,0.45951223373413086,3.5291576385498047,0.13910651206970215,,,,,15.705373764038086,1.3689851760864258,15.250518798828125,0.11169910430908203,,,,,1.4624122381210327,0.18976283073425293,1.4642829895019531,0.046759963035583496,,,,,-0.10218212008476257,1.1015164852142334,-0.2107364535331726,0.3334585428237915,,,,,0.543433427810669,2.1059722900390625,-0.1562918871641159,0.17183122038841248,,,,,0.46527183055877686,0.18007364869117737,0.44752562046051025,0.054513126611709595,,,,,0.47411009669303894,0.19798004627227783,0.40832972526550293,0.016153693199157715,,,,,0.6427949070930481,2.776517629623413,0.054444581270217896,0.5052897334098816,,,,,0.9055384397506714,2.175252676010132,0.5052897930145264,0.05444461107254028,,,,,0.9997357130050659,0.6626233458518982,0.936012864112854,0.13502544164657593,,,,,-0.013000705279409885,0.0582699179649353,-0.03163089603185654,0.04696189612150192,,,,,1.5911203622817993,1.1925970315933228,0.27236616611480713,0.10395334661006927,,,,,5.463021278381348,5.680548191070557,7.980192184448242,0.5805339813232422,,,,,0.051568031311035156,0.06221151351928711,0.015493392944335938,0.0039691925048828125,,,,,0.8488616943359375,1.8456878662109375,0.940673828125,0.08026123046875,,,,,0.24052055180072784,0.16312751173973083,0.22647228837013245,0.031183794140815735,,,,,0.9997357130050659,0.6626233458518982,0.936012864112854,0.13502544164657593,,
20160407_163257_1281_1,Consensus_7of7,Consensus_Resistant,True,2,173,5,4.080218315124512,0.12576961517333984,4.212407112121582,0.8686113357543945,3.9280407428741455,0.24165654182434082,0.40462427745664736,0.7,15.111546516418457,0.1060333251953125,15.212746620178223,0.4787149429321289,16.01943588256836,0.28705310821533203,0.37572254335260113,0.19999999999999996,1.3097413778305054,0.023816347122192383,1.285111665725708,0.2203826904296875,1.423665165901184,0.08092999458312988,0.5606936416184971,0.19999999999999996,0.23803086578845978,0.18670611083507538,0.4342662990093231,1.2894612550735474,0.012121902778744698,0.35874128341674805,0.40462427745664736,0.7,-0.06107110157608986,0.1538734883069992,0.08578851073980331,0.6947017312049866,1.2564401626586914,0.4165658950805664,0.37572254335260113,0.19999999999999996,0.5062816143035889,0.04095694422721863,0.5493289828300476,0.282863587141037,0.45672494173049927,0.07869550585746765,0.40462427745664736,0.7,0.3665525019168854,0.013197481632232666,0.3791484236717224,0.05958348512649536,0.47955337166786194,0.03572818636894226,0.37572254335260113,0.19999999999999996,-0.29910194873809814,0.03283265233039856,-0.3313434422016144,1.540113091468811,1.3627372980117798,0.7753071784973145,0.5086705202312138,0.19999999999999996,0.29910194873809814,0.03283265233039856,0.8329733610153198,0.8901485800743103,1.439697027206421,0.12226724624633789,0.16763005780346824,0.0,0.7511409521102905,0.03157925605773926,0.7115793824195862,0.39985716342926025,1.1009674072265625,0.21556973457336426,0.546242774566474,0.19999999999999996,-0.0272377897053957,0.013862375169992447,-0.005533679388463497,0.09215745329856873,-0.0593111589550972,0.2654351592063904,0.37572254335260113,0.6,1.8702913522720337,0.10665440559387207,2.976245164871216,2.3108105659484863,1.8109018802642822,1.2906494140625,0.2514450867052023,0.5,2.9890990257263184,0.0055882930755615234,1.5516667366027832,1.5492910146713257,1.7591301202774048,0.2569197416305542,0.8323699421965318,1.0,0.05718517303466797,0.01683330535888672,0.1501007080078125,0.1802682876586914,0.038468360900878906,0.12325286865234375,0.17630057803468208,0.6,0.1757659912109375,0.020355224609375,0.106903076171875,0.1272430419921875,0.152984619140625,0.0585479736328125,0.73121387283237,0.6,0.18043318390846252,0.00849701464176178,0.16760914027690887,0.11720316112041473,0.2729867696762085,0.05573686957359314,0.5549132947976878,0.19999999999999996,0.7511409521102905,0.03157925605773926,0.7115793824195862,0.39985716342926025,1.1009674072265625,0.21556973457336426,0.546242774566474,0.19999999999999996
20160407_163257_1921_1081,Consensus_7of7,Consensus_Resistant,True,0,100,6,,,4.327028274536133,1.1133277416229248,3.1592133045196533,0.33466434478759766,,,,,15.733186721801758,0.5791492462158203,15.77845573425293,0.2688026428222656,,,,,1.303145170211792,0.2460956573486328,1.5973793268203735,0.11958277225494385,,,,,0.10202150046825409,1.7201652526855469,-1.7023299932479858,0.5170783996582031,,,,,0.7693990468978882,0.8711564540863037,0.8374927043914795,0.40433269739151,,,,,0.6073620319366455,0.31874027848243713,0.2730223536491394,0.09581272304058075,,,,,0.4649513363838196,0.079856276512146,0.4711932837963104,0.03706398606300354,,,,,1.1309435367584229,1.709979772567749,2.7589285373687744,0.9194772243499756,,,,,1.3757696151733398,1.1797702312469482,2.7589285373687744,0.9194772243499756,,,,,0.8424519300460815,0.36565452814102173,1.6279780864715576,0.5359162092208862,,,,,-0.0341397188603878,0.08857806026935577,-0.003773340955376625,0.23499715328216553,,,,,1.7507500648498535,0.946495771408081,1.2096354961395264,0.9436435699462891,,,,,1.6665723323822021,1.9485790729522705,1.834984302520752,1.514791488647461,,,,,0.07043933868408203,0.06504344940185547,0.04531431198120117,0.046066999435424805,,,,,0.1290740966796875,0.18130111694335938,0.17720794677734375,0.1453094482421875,,,,,0.19053146243095398,0.1338500678539276,0.35971611738204956,0.05636748671531677,,,,,0.8424519300460815,0.36565452814102173,1.6279780864715576,0.5359162092208862,,
20160407_163257_641_361,Consensus_7of7,Consensus_Resistant,True,1,152,6,3.8610615730285645,0.0,4.342303276062012,0.5080485343933105,4.158472061157227,0.07718372344970703,0.11184210526315785,0.16666666666666663,16.030921936035156,0.0,15.805456161499023,0.7183713912963867,15.981973648071289,0.48395538330078125,0.6447368421052632,0.5,1.4235576391220093,0.0,1.290743112564087,0.14089393615722656,1.3600393533706665,0.049323439598083496,0.9013157894736842,1.0,0.017906809225678444,0.0,1.185136318206787,1.2322485446929932,0.7392628192901611,0.18720608949661255,0.11184210526315785,0.16666666666666663,1.1499826908111572,0.0,0.820529580116272,1.0496906042099,1.0784590244293213,0.7071593999862671,0.6447368421052632,0.5,0.4365791380405426,0.0,0.6181896924972534,0.19172698259353638,0.5488157272338867,0.02912759780883789,0.11184210526315785,0.16666666666666663,0.581027090549469,0.0,0.5467627644538879,0.1091717779636383,0.5735883712768555,0.07354724407196045,0.6447368421052632,0.5,1.1320759057998657,0.0,-0.36185768246650696,1.8233914375305176,0.6031777858734131,0.7578867673873901,0.8618421052631579,0.8333333333333334,1.1320759057998657,0.0,0.9857505559921265,1.1195642948150635,0.6031777858734131,0.2857203483581543,0.5855263157894737,0.8333333333333334,1.2968642711639404,0.0,0.897336483001709,0.355954647064209,1.0926152467727661,0.19877207279205322,0.881578947368421,1.0,-0.09257490187883377,0.0,-0.02984011173248291,0.07647228240966797,-0.019681228324770927,0.0633130744099617,0.125,0.0,1.232421875,0.0,1.3477144241333008,1.043208360671997,1.626055121421814,0.8448635339736938,0.4473684210526315,0.33333333333333337,0.5182110667228699,0.0,1.8928263187408447,2.1767420768737793,2.2021710872650146,1.2384724617004395,0.06578947368421051,0.0,0.04530525207519531,0.0,0.04563617706298828,0.04198646545410156,0.0726780891418457,0.055437326431274414,0.48684210526315785,0.33333333333333337,0.0517578125,0.0,0.13885498046875,0.19159317016601562,0.11681365966796875,0.07887649536132812,0.10526315789473684,0.16666666666666663,0.3273628056049347,0.0,0.20243430137634277,0.12112066149711609,0.2730260491371155,0.053986236453056335,0.8881578947368421,1.0,1.2968642711639404,0.0,0.897336483001709,0.355954647064209,1.0926152467727661,0.19877207279205322,0.881578947368421,1.0
20160407_165001_1281_1081,Consensus_7of7,Consensus_Sensitive,True,2,56,8,3.2158029079437256,0.09826040267944336,3.428856372833252,0.39278173446655273,2.8248887062072754,0.3767733573913574,0.28571428571428575,0.9375,16.189130783081055,0.6056804656982422,15.322343826293945,0.5643310546875,15.762813568115234,0.7421798706054688,0.8482142857142857,0.6875,1.6160049438476562,0.06799399852752686,1.4957729578018188,0.12601244449615479,1.7580184936523438,0.112496018409729,0.75,0.125,-0.1275894194841385,0.1321662962436676,0.1589812934398651,0.5283165574073792,-0.6533944606781006,0.5067844986915588,0.28571428571428575,0.9375,1.1115002632141113,0.8353816866874695,-0.08401215821504593,0.7783516645431519,0.5235039591789246,1.023648977279663,0.8482142857142857,0.6875,0.4327341914176941,0.030606716871261597,0.4990974962711334,0.12234622240066528,0.31096959114074707,0.11735987663269043,0.28571428571428575,0.9375,0.5048884153366089,0.07868081331253052,0.3922885060310364,0.07330942153930664,0.4495077133178711,0.09641283750534058,0.8482142857142857,0.6875,1.2390897274017334,0.9675480127334595,-0.2706087827682495,1.2218011617660522,1.3423349857330322,1.2819056510925293,0.8482142857142857,0.5,1.2390897274017334,0.9675480127334595,0.6341637372970581,0.6726844906806946,1.3423349857330322,1.2819056510925293,0.5982142857142857,0.5,1.1644850969314575,0.23682153224945068,0.7995253801345825,0.27570241689682007,1.5336365699768066,0.6095737218856812,0.8125,0.1875,-0.04406671226024628,0.02643982693552971,-0.0644705593585968,0.08791036158800125,-0.011412662453949451,0.09222462773323059,0.6517857142857142,0.375,1.4484813213348389,0.37757301330566406,2.2048938274383545,1.2768933773040771,2.2897002696990967,0.6347278356552124,0.2232142857142857,0.1875,3.97788667678833,0.474226713180542,1.838545322418213,1.1880182027816772,4.904693126678467,2.9000651836395264,0.9196428571428571,0.3125,0.047573089599609375,0.005793571472167969,0.10393786430358887,0.0532231330871582,0.06933832168579102,0.03510546684265137,0.05357142857142855,0.0625,0.42931365966796875,0.19583892822265625,0.11971282958984375,0.08257675170898438,0.6947021484375,0.29827117919921875,0.9017857142857143,0.3125,0.28881409764289856,0.06008589267730713,0.19407296180725098,0.07295423746109009,0.32277071475982666,0.10134273767471313,0.8392857142857143,0.3125,1.1644850969314575,0.23682153224945068,0.7995253801345825,0.27570241689682007,1.5336365699768066,0.6095737218856812,0.8125,0.1875
20160407_165001_1921_721,Consensus_7of7,Consensus_Resistant,True,1,101,5,3.3017077445983887,0.0,3.7925572395324707,0.8194835186004639,3.1719820499420166,0.06879973411560059,0.2376237623762376,0.8,14.87748908996582,0.0,15.436317443847656,0.6132068634033203,15.222979545593262,0.5556612014770508,0.17821782178217827,0.4,1.5053858757019043,0.0,1.4014493227005005,0.21575510501861572,1.5631744861602783,0.023033738136291504,0.7326732673267327,0.19999999999999996,-0.03608974441885948,0.0,1.1076819896697998,1.909550666809082,-0.3383750319480896,0.1603163480758667,0.2376237623762376,0.8,-0.6704192757606506,0.0,0.1559963971376419,0.9068325757980347,-0.15949542820453644,0.8217319250106812,0.17821782178217827,0.4,0.40507808327674866,0.0,0.5672235488891602,0.27070528268814087,0.3622249662876129,0.02272704243659973,0.2376237623762376,0.8,0.31109902262687683,0.0,0.3941101133823395,0.09108874201774597,0.36241987347602844,0.08254063129425049,0.17821782178217827,0.4,-0.6343295574188232,0.0,-0.9059352874755859,2.3256304264068604,-0.07402843236923218,0.41735970973968506,0.6336633663366337,0.19999999999999996,0.6343295574188232,0.0,1.3355417251586914,1.3291513919830322,0.27738821506500244,0.5075883865356445,0.13861386138613863,0.6,0.793488085269928,0.0,0.722663164138794,0.4445401430130005,0.962306797504425,0.09009397029876709,0.6633663366336633,0.19999999999999996,-0.08774113655090332,0.0,-0.038910530507564545,0.08812373131513596,-0.029881780967116356,0.15894784033298492,0.24752475247524752,0.4,0.7609301805496216,0.0,2.252326726913452,2.0351710319519043,1.5388230085372925,1.1608521938323975,0.07920792079207917,0.19999999999999996,0.2648603916168213,0.0,1.6571025848388672,4.493892192840576,1.746500849723816,0.8253593444824219,0.01980198019801982,0.0,0.0114593505859375,0.0,0.0971527099609375,0.13598918914794922,0.05944633483886719,0.03044605255126953,0.0,0.0,0.0914306640625,0.0,0.1103668212890625,1.05535888671875,0.078277587890625,0.016204833984375,0.4257425742574258,0.8,0.1850796341896057,0.0,0.15443851053714752,0.12114419043064117,0.20953291654586792,0.029769450426101685,0.6534653465346535,0.19999999999999996,0.793488085269928,0.0,0.722663164138794,0.4445401430130005,0.962306797504425,0.09009397029876709,0.6633663366336633,0.19999999999999996
IMG_2931_1297_485,Consensus_7of7,Consensus_Resistant,True,0,10,13,,,3.399660587310791,0.6899936199188232,3.4218974113464355,0.5094027519226074,,,,,15.811506271362305,0.6783027648925781,16.526100158691406,1.53985595703125,,,,,1.5098514556884766,0.21543633937835693,1.6339610815048218,0.10643088817596436,,,,,-2.227532386779785,1.3721520900726318,-2.1833112239837646,1.0130209922790527,,,,,-0.7416788339614868,0.7198491096496582,0.016683224588632584,1.6341705322265625,,,,,0.20739781856536865,0.2396720051765442,0.21512190997600555,0.17694306373596191,,,,,0.27811750769615173,0.07390077412128448,0.3559720814228058,0.16776636242866516,,,,,1.3498693704605103,1.6534922122955322,2.56105637550354,0.6014900207519531,,,,,1.3498693704605103,1.6534922122955322,2.56105637550354,0.6014900207519531,,,,,1.1579022407531738,1.3698737621307373,1.9457265138626099,1.0164637565612793,,,,,0.011457539163529873,0.060293059796094894,-0.00968784186989069,0.09779967367649078,,,,,0.7124001979827881,1.067739725112915,1.7057807445526123,1.004823088645935,,,,,1.3730669021606445,2.0101404190063477,6.093320846557617,1.5688104629516602,,,,,0.01873636245727539,0.03339409828186035,0.06757926940917969,0.04894256591796875,,,,,0.1157379150390625,0.060123443603515625,1.362335205078125,1.55810546875,,,,,0.21351343393325806,0.09586450457572937,0.2932297885417938,0.06711852550506592,,,,,1.1579022407531738,1.3698737621307373,1.9457265138626099,1.0164637565612793,,
IMG_2931_1945_485,Consensus_7of7,Consensus_Resistant,True,0,84,3,,,3.881931781768799,0.7702920436859131,3.5534722805023193,0.11731910705566406,,,,,16.063400268554688,2.1430158615112305,16.359159469604492,0.77276611328125,,,,,1.4000405073165894,0.25929975509643555,1.565093755722046,0.03135216236114502,,,,,-1.6613185405731201,1.7075501680374146,-2.3894331455230713,0.2600679397583008,,,,,-0.3144180476665497,2.3609747886657715,0.011420775204896927,0.8513604998588562,,,,,0.42754659056663513,0.21186941862106323,0.33720359206199646,0.0322687029838562,,,,,0.3683958649635315,0.26093578338623047,0.40440770983695984,0.09409269690513611,,,,,0.9999227523803711,3.152167320251465,2.4517698287963867,0.6167502403259277,,,,,1.5805158615112305,2.24485445022583,2.4517698287963867,0.6167502403259277,,,,,0.7948235273361206,0.6847452521324158,1.2412654161453247,0.17135107517242432,,,,,0.010715808719396591,0.06710527092218399,0.06388510763645172,0.04569366201758385,,,,,2.035752534866333,2.3505027294158936,0.5677285194396973,0.33312082290649414,,,,,8.075263977050781,8.065685272216797,2.6323814392089844,0.6579904556274414,,,,,0.0716238021850586,0.15537333488464355,0.018677711486816406,0.003853321075439453,,,,,1.9892196655273438,2.2439346313476562,0.249847412109375,0.0165863037109375,,,,,0.1812768578529358,0.1793944090604782,0.2680399715900421,0.05027487874031067,,,,,0.7948235273361206,0.6847452521324158,1.2412654161453247,0.17135107517242432,,
IMG_2941_1_969,Consensus_7of7,Consensus_Resistant,True,1,5,4,3.29883074760437,0.0,2.9050824642181396,0.27854347229003906,3.316401481628418,0.7104554176330566,1.0,0.5,16.523347854614258,0.0,16.540151596069336,0.9249134063720703,16.4542293548584,1.2013168334960938,0.4,0.5,1.6111819744110107,0.0,1.727531909942627,0.03843855857849121,1.6115391254425049,0.2846698760986328,0.0,0.5,-1.836807131767273,0.0,-2.5325732231140137,0.49219536781311035,-1.8057591915130615,1.2553982734680176,1.0,0.5,0.011282871477305889,0.0,0.029935920611023903,1.0267032384872437,-0.06544235348701477,1.3335247039794922,0.4,0.5,0.24202284216880798,0.0,0.1281370222568512,0.08056453615427017,0.24710491299629211,0.2054886519908905,1.0,0.5,0.3119502067565918,0.0,0.3136466443538666,0.09337535500526428,0.3049722909927368,0.121279776096344,0.4,0.5,1.8480900526046753,0.0,2.576829433441162,0.16878080368041992,1.7720105648040771,2.620616912841797,0.0,0.5,1.8480900526046753,0.0,2.576829433441162,0.16878080368041992,1.7720105648040771,2.494398593902588,0.0,0.5,1.2394585609436035,0.0,1.9279323816299438,0.2956352233886719,1.3592684268951416,1.378374695777893,0.0,0.5,0.03644590824842453,0.0,0.009415318258106709,0.0664374828338623,-0.03701673448085785,0.058984193950891495,0.8,0.75,2.8981306552886963,0.0,2.1717681884765625,0.9605827331542969,1.4995945692062378,0.42410552501678467,1.0,1.0,3.826809883117676,0.0,1.5737991333007812,2.672576427459717,5.135735034942627,7.178504943847656,0.6,0.5,0.09977054595947266,0.0,0.054889678955078125,0.024229049682617188,0.0710306167602539,0.019381046295166016,0.8,1.0,0.19580078125,0.0,0.165252685546875,0.0263671875,0.7316131591796875,1.4199066162109375,0.8,0.5,0.23645111918449402,0.0,0.2734569013118744,0.03661617636680603,0.23239082098007202,0.15970565378665924,0.19999999999999996,0.5,1.2394585609436035,0.0,1.9279323816299438,0.2956352233886719,1.3592684268951416,1.378374695777893,0.0,0.5
IMG_2942_1297_485,Consensus_7of7,Consensus_Resistant,True,3,79,57,3.599996328353882,0.36179423332214355,3.8832826614379883,0.7199316024780273,3.2767083644866943,0.630152702331543,0.4894514767932489,0.783625730994152,15.345139503479004,0.12693405151367188,15.241742134094238,0.4820690155029297,15.218345642089844,0.4892911911010742,0.5400843881856541,0.5847953216374269,1.4498447179794312,0.1006321907043457,1.3800112009048462,0.18742108345031738,1.522842288017273,0.20208191871643066,0.5232067510548521,0.21637426900584797,0.1893548220396042,0.9902747869491577,0.9647442102432251,1.9705407619476318,-0.6955239772796631,1.7248051166534424,0.4894514767932489,0.783625730994152,0.35630348324775696,0.20089229941368103,0.19266031682491302,0.762951135635376,0.15563155710697174,0.7743829488754272,0.5400843881856541,0.5847953216374269,0.44601258635520935,0.12141472101211548,0.5410808324813843,0.24160224199295044,0.33752018213272095,0.21147333085536957,0.4894514767932489,0.783625730994152,0.5221192240715027,0.021310746669769287,0.5047599077224731,0.08093416690826416,0.5008318424224854,0.08214691281318665,0.5400843881856541,0.5847953216374269,0.16694866120815277,1.1911671161651611,-0.5261065363883972,1.8826274871826172,0.7971402406692505,1.922349452972412,0.5611814345991561,0.2573099415204679,0.3102837800979614,0.9525508880615234,1.156480073928833,1.6795835494995117,1.3914257287979126,1.4677605628967285,0.34177215189873417,0.30409356725146197,1.1534368991851807,0.2278228998184204,0.9792278409004211,0.40613842010498047,1.3692125082015991,0.8294087648391724,0.5443037974683543,0.2573099415204679,-0.028974756598472595,0.07679945230484009,-0.010086082853376865,0.08381079137325287,-0.012754067778587341,0.11802409589290619,0.49367088607594933,0.5672514619883041,3.4425442218780518,0.0847315788269043,2.4659035205841064,1.991053819656372,2.196063995361328,1.864588975906372,0.6877637130801688,0.8596491228070176,2.109941005706787,0.8062827587127686,1.5336095094680786,1.357264757156372,1.5309394598007202,1.332909107208252,0.46835443037974683,0.5087719298245614,0.17811203002929688,0.020138263702392578,0.10688304901123047,0.1364116668701172,0.08260440826416016,0.11769676208496094,0.6919831223628692,0.8304093567251463,0.10443115234375,0.07212066650390625,0.0943145751953125,0.11041259765625,0.0872039794921875,0.0761871337890625,0.4472573839662447,0.456140350877193,0.28924745321273804,0.07098576426506042,0.2409329116344452,0.11367905139923096,0.3261053264141083,0.13216891884803772,0.5611814345991561,0.2690058479532164,1.1534368991851807,0.2278228998184204,0.9792278409004211,0.40613842010498047,1.3692125082015991,0.8294087648391724,0.5443037974683543,0.2573099415204679
IMG_2942_1945_485,Consensus_7of7,Consensus_Resistant,True,2,53,58,3.2842445373535156,0.10039234161376953,4.263044357299805,0.5018343925476074,3.2905290126800537,0.7441346645355225,0.018867924528301883,0.4482758620689655,15.247376441955566,0.05525779724121094,15.0177640914917,0.5137834548950195,14.911093711853027,0.39272594451904297,0.6886792452830189,0.8362068965517241,1.5357078313827515,0.034200429916381836,1.2748671770095825,0.12224256992340088,1.5025436878204346,0.23363006114959717,0.9811320754716981,0.5948275862068966,-0.9424088001251221,0.2642161250114441,1.633631706237793,1.3207459449768066,-0.9258691072463989,1.9584405422210693,0.018867924528301883,0.4482758620689655,0.6061641573905945,0.08936560153961182,0.2348240464925766,0.8309152722358704,0.06231158971786499,0.6351344585418701,0.6886792452830189,0.8362068965517241,0.3693785071372986,0.03468966484069824,0.7075941562652588,0.17340445518493652,0.3715500235557556,0.25712916254997253,0.018867924528301883,0.4482758620689655,0.44741523265838623,0.007876306772232056,0.4146868586540222,0.07323348522186279,0.3994823098182678,0.05597814917564392,0.6886792452830189,0.8362068965517241,1.5485730171203613,0.35358166694641113,-1.110987901687622,1.4863797426223755,0.7595455646514893,1.8820559978485107,0.9811320754716981,0.6896551724137931,1.5485730171203613,0.35358166694641113,1.241542100906372,1.217971920967102,1.387069582939148,1.496085286140442,0.6226415094339622,0.5689655172413793,1.195812463760376,0.11769485473632812,0.6423439979553223,0.18230754137039185,1.034790277481079,0.6408287286758423,0.9811320754716981,0.6379310344827587,-0.02656935341656208,0.05666368082165718,0.001487339730374515,0.07701299339532852,-0.023310549557209015,0.11582116782665253,0.3490566037735849,0.5431034482758621,1.0316162109375,0.27558380365371704,1.8306089639663696,1.4635262489318848,1.8093863725662231,1.4334845542907715,0.20754716981132076,0.20689655172413796,0.7302992939949036,0.22741425037384033,1.1855597496032715,1.8351690769195557,1.2402822971343994,0.5706227421760559,0.2169811320754717,0.15517241379310348,0.02156829833984375,0.006923675537109375,0.07074356079101562,0.072998046875,0.06422042846679688,0.09258008003234863,0.037735849056603765,0.09482758620689657,0.0486297607421875,0.0056915283203125,0.0948333740234375,0.112091064453125,0.05803680419921875,0.06944656372070312,0.17924528301886788,0.4224137931034483,0.28242290019989014,0.020487666130065918,0.13053198158740997,0.0667346715927124,0.23693007230758667,0.11596696078777313,0.9811320754716981,0.6896551724137931,1.195812463760376,0.11769485473632812,0.6423439979553223,0.18230754137039185,1.034790277481079,0.6408287286758423,0.9811320754716981,0.6379310344827587
IMG_2942_1_485,Consensus_7of7,Consensus_Resistant,True,4,77,60,4.105340957641602,0.4006824493408203,3.8799962997436523,0.5885124206542969,3.4496936798095703,0.5192923545837402,0.6266233766233766,0.8083333333333333,14.900185585021973,0.4962482452392578,14.992059707641602,0.36101436614990234,15.135994911193848,0.5169744491577148,0.45454545454545453,0.3,1.2926230430603027,0.08417832851409912,1.3520002365112305,0.14525067806243896,1.4798059463500977,0.17784297466278076,0.36363636363636365,0.17083333333333336,1.2726715803146362,1.139626145362854,0.6317432522773743,1.6738531589508057,-0.5921282768249512,1.4769766330718994,0.6266233766233766,0.8083333333333333,-0.01584787666797638,0.8396811485290527,0.13960853219032288,0.6108574867248535,0.38315534591674805,0.8747523427009583,0.45454545454545453,0.3,0.7037045955657959,0.14842814207077026,0.6202282905578613,0.21800732612609863,0.4608277678489685,0.1923656463623047,0.6266233766233766,0.8083333333333333,0.4728684425354004,0.08147299289703369,0.4879521429538727,0.05927059054374695,0.511583149433136,0.08487594127655029,0.45454545454545453,0.3,-1.2031197547912598,1.1489273309707642,-0.40886515378952026,1.4063949584960938,1.067989706993103,1.9665553569793701,0.3538961038961039,0.15000000000000002,1.3246915340423584,0.3830428123474121,0.8784803748130798,1.2813992500305176,1.1723138093948364,1.4334388971328735,0.7077922077922078,0.5833333333333333,0.7035394310951233,0.19023603200912476,0.8148702383041382,0.23971962928771973,1.0846571922302246,0.49044257402420044,0.3474025974025974,0.15833333333333335,-0.046827398240566254,0.01658312976360321,-0.0062514906749129295,0.07132170349359512,-0.022595172747969627,0.10256750881671906,0.237012987012987,0.39166666666666666,2.785677671432495,0.28992366790771484,2.099475383758545,1.20377516746521,2.1196138858795166,0.9136053323745728,0.75,0.8250000000000001,1.6402738094329834,1.6618294715881348,1.4033682346343994,1.3692821264266968,1.3856898546218872,1.0838085412979126,0.5974025974025974,0.6208333333333333,0.10445356369018555,0.02918696403503418,0.06962823867797852,0.06581974029541016,0.08387136459350586,0.046597957611083984,0.7272727272727273,0.7208333333333333,0.1665802001953125,0.10474777221679688,0.0853729248046875,0.0943450927734375,0.10005950927734375,0.09220504760742188,0.724025974025974,0.7000000000000001,0.14077821373939514,0.05906747281551361,0.1863923966884613,0.09432990849018097,0.26817455887794495,0.11596702039241791,0.37337662337662336,0.15833333333333335,0.7035394310951233,0.19023603200912476,0.8148702383041382,0.23971962928771973,1.0846571922302246,0.49044257402420044,0.3474025974025974,0.15833333333333335
IMG_2942_649_485,Consensus_7of7,Consensus_Resistant,True,2,34,76,3.4929046630859375,0.05548357963562012,3.625704526901245,0.9864904880523682,3.0225775241851807,0.5899620056152344,0.4117647058823529,0.8289473684210525,15.171213150024414,0.45064449310302734,15.105857849121094,0.49536991119384766,15.061812400817871,0.35485363006591797,0.5147058823529411,0.493421052631579,1.4683289527893066,0.013826847076416016,1.4228434562683105,0.25926434993743896,1.6047310829162598,0.20433151721954346,0.5882352941176471,0.19736842105263158,0.5140162706375122,0.14360538125038147,0.8577365875244141,2.5532889366149902,-0.7033102512359619,1.5269725322723389,0.4117647058823529,0.8289473684210525,0.15790659189224243,0.7117549180984497,0.05468276888132095,0.7823940515518188,-0.014883221127092838,0.5604599714279175,0.5147058823529411,0.493421052631579,0.47838085889816284,0.018469959497451782,0.5225887298583984,0.32839369773864746,0.3218132257461548,0.19639301300048828,0.4117647058823529,0.8289473684210525,0.36887747049331665,0.052796900272369385,0.36122047901153564,0.05803680419921875,0.3560601770877838,0.04157409071922302,0.5147058823529411,0.493421052631579,-0.3561096489429474,0.5681495070457458,-1.0983972549438477,2.590458393096924,0.574932336807251,1.682409405708313,0.6029411764705882,0.2631578947368421,0.5681495666503906,0.3561096787452698,1.2446502447128296,1.356396198272705,1.1488561630249023,1.2613530158996582,0.1764705882352941,0.25,0.7902294397354126,0.07229894399642944,0.6788527965545654,0.4536304473876953,1.0671294927597046,0.6336996555328369,0.5882352941176471,0.23026315789473684,-0.005437868181616068,0.005798759870231152,-0.002274033147841692,0.06814678758382797,-0.022856464609503746,0.148394376039505,0.4852941176470588,0.5789473684210525,3.4428701400756836,0.26615047454833984,2.1239547729492188,1.8166215419769287,1.6511399745941162,1.5083537101745605,0.8676470588235294,0.8881578947368421,1.2641973495483398,0.06287825107574463,1.5427533388137817,0.8471558094024658,1.1777642965316772,0.8898351788520813,0.3676470588235294,0.5526315789473684,0.1593790054321289,0.04474925994873047,0.07810831069946289,0.10995650291442871,0.05886030197143555,0.08593344688415527,0.7499999999999999,0.8355263157894738,0.1418304443359375,0.0019073486328125,0.07346343994140625,0.09832000732421875,0.0578155517578125,0.08875656127929688,0.7058823529411764,0.868421052631579,0.19143840670585632,0.02072674036026001,0.16166937351226807,0.1198170930147171,0.23498530685901642,0.08111271262168884,0.5882352941176471,0.25,0.7902294397354126,0.07229894399642944,0.6788527965545654,0.4536304473876953,1.0671294927597046,0.6336996555328369,0.5882352941176471,0.23026315789473684
20160222_115837_1281_361,Cured_by_D2,Cured_by_D2,True,1,35,10,3.938521385192871,0.0,4.111695289611816,0.649050235748291,3.5017526149749756,0.4262568950653076,0.3142857142857143,1.0,16.088685989379883,0.0,16.684356689453125,0.8223972320556641,16.082706451416016,0.8662357330322266,0.11428571428571432,0.5,1.4072917699813843,0.0,1.4135401248931885,0.17947542667388916,1.516538143157959,0.11569392681121826,0.48571428571428577,0.09999999999999998,-0.5083492398262024,0.0,-0.20171624422073364,1.149251103401184,-1.281720519065857,0.7547582983970642,0.3142857142857143,1.0,0.8774566054344177,0.0,1.7001097202301025,1.1357731819152832,0.8691985607147217,1.196317195892334,0.11428571428571432,0.5,0.4256802797317505,0.0,0.48141977190971375,0.20890986919403076,0.28509753942489624,0.1371992826461792,0.3142857142857143,1.0,0.6077008247375488,0.0,0.7015818953514099,0.1296142339706421,0.6067584156990051,0.13652348518371582,0.11428571428571432,0.5,1.3858058452606201,0.0,2.117852210998535,1.811326265335083,1.9125361442565918,1.5037181377410889,0.2571428571428571,0.30000000000000004,1.3858058452606201,0.0,2.117852210998535,1.811326265335083,1.9125361442565918,1.5037181377410889,0.2571428571428571,0.30000000000000004,1.3826531171798706,0.0,1.48452889919281,0.7293329238891602,1.8993542194366455,0.7089295387268066,0.4571428571428572,0.09999999999999998,-0.023912858217954636,0.0,0.015498683787882328,0.06708482652902603,-0.04414164274930954,0.11965994536876678,0.2571428571428571,0.7,1.9872722625732422,0.0,2.438422679901123,2.2485899925231934,1.2497721910476685,0.6880769729614258,0.3142857142857143,0.9,4.604245662689209,0.0,3.881057024002075,2.3293464183807373,3.437870979309082,3.071697235107422,0.7142857142857143,0.7,0.09249210357666016,0.0,0.10314750671386719,0.15766239166259766,0.06891012191772461,0.02451944351196289,0.37142857142857144,0.8,0.30755615234375,0.0,0.296600341796875,0.235626220703125,0.314117431640625,0.19405364990234375,0.5428571428571429,0.5,0.3490145802497864,0.0,0.3824005722999573,0.18668964505195618,0.4074266254901886,0.1327826976776123,0.4,0.19999999999999996,1.3826531171798706,0.0,1.48452889919281,0.7293329238891602,1.8993542194366455,0.7089295387268066,0.4571428571428572,0.09999999999999998
20160307_145059_1281_721,Cured_by_D2,Cured_by_D2,True,0,48,8,,,3.592019557952881,0.6695189476013184,2.447507381439209,0.3587315082550049,,,,,15.99322509765625,0.8495197296142578,15.320119857788086,0.13750648498535156,,,,,1.4892921447753906,0.1507554054260254,1.835539698600769,0.1470656394958496,,,,,0.6592425107955933,1.4308807849884033,-1.7867820262908936,0.7666728496551514,,,,,0.7196572422981262,1.250234603881836,-0.2709484100341797,0.20236657559871674,,,,,0.5525261759757996,0.20758959650993347,0.19766131043434143,0.11122749745845795,,,,,0.5092284679412842,0.12493425607681274,0.4102385938167572,0.020222216844558716,,,,,-0.10196736454963684,1.3683490753173828,1.455732822418213,0.6549689769744873,,,,,0.7505643367767334,1.0323662757873535,1.455732822418213,0.6549689769744873,,,,,0.8982263803482056,0.26818132400512695,1.8736505508422852,0.7611432075500488,,,,,-0.09085840731859207,0.1397332400083542,-0.01884119026362896,0.09795256704092026,,,,,1.6788886785507202,1.662717342376709,1.1647861003875732,1.6058655977249146,,,,,2.4361610412597656,1.9644224643707275,1.2037861347198486,2.9776697158813477,,,,,0.0828409194946289,0.06016993522644043,0.021704435348510742,0.04527628421783447,,,,,0.17566680908203125,0.5665016174316406,0.0323486328125,0.2522850036621094,,,,,0.2150610387325287,0.08123940229415894,0.3195117712020874,0.037253230810165405,,,,,0.8982263803482056,0.26818132400512695,1.8736505508422852,0.7611432075500488,,
20160316_143527_1921_361,Cured_by_D2,Cured_by_D2,True,1,137,12,2.4477765560150146,0.0,3.5966086387634277,0.8917591571807861,2.7825887203216553,0.1243133544921875,0.14598540145985406,0.0,16.173568725585938,0.0,16.432209014892578,0.8351039886474609,16.396953582763672,0.4904632568359375,0.2846715328467153,0.25,1.8881635665893555,0.0,1.5346802473068237,0.2643144130706787,1.7789509296417236,0.06980669498443604,0.8540145985401459,0.9166666666666666,-1.8030176162719727,0.0,0.6872631907463074,1.9330332279205322,-1.0772576332092285,0.26946961879730225,0.14598540145985406,0.0,-0.15251699090003967,0.0,0.1684117168188095,1.0362223386764526,0.12466572225093842,0.6085810661315918,0.2846715328467153,0.25,0.1823372095823288,0.0,0.5857504606246948,0.3131418824195862,0.29990676045417786,0.043652743101119995,0.14598540145985406,0.0,0.3991260826587677,0.0,0.43475767970085144,0.1150481104850769,0.4299007058143616,0.06756860017776489,0.2846715328467153,0.25,1.6505006551742554,0.0,-0.25312668085098267,2.1528079509735107,1.229243278503418,1.0939010381698608,0.8394160583941606,0.5833333333333333,1.6505006551742554,0.0,1.10884428024292,1.2256836891174316,1.229243278503418,1.0939010381698608,0.7007299270072993,0.5833333333333333,1.933078646659851,0.0,0.8189247846603394,0.5067965388298035,1.3914417028427124,0.4275566339492798,0.8540145985401459,0.9166666666666666,0.019573643803596497,0.0,-0.026569683104753494,0.08054372668266296,-0.024032440036535263,0.10836080461740494,0.7737226277372262,0.75,0.655212938785553,0.0,2.0399281978607178,1.9046261310577393,0.9114070534706116,0.5880683660507202,0.058394160583941646,0.33333333333333337,1.3011999130249023,0.0,2.7288920879364014,2.208095073699951,2.0374090671539307,2.258558511734009,0.12408759124087587,0.33333333333333337,0.018707275390625,0.0,0.09707164764404297,0.12094640731811523,0.025180578231811523,0.015069246292114258,0.051094890510948954,0.41666666666666663,0.043243408203125,0.0,0.242401123046875,0.27764892578125,0.281646728515625,0.22370147705078125,0.007299270072992692,0.0,0.32635053992271423,0.0,0.19110795855522156,0.13642138242721558,0.3027970790863037,0.08244848251342773,0.8613138686131387,0.5833333333333333,1.933078646659851,0.0,0.8189247846603394,0.5067965388298035,1.3914417028427124,0.4275566339492798,0.8540145985401459,0.9166666666666666
20160316_143547_1281_1081,Cured_by_D2,Cured_by_D2,True,1,56,3,5.091516017913818,0.0,4.213377952575684,0.7281265258789062,4.779812812805176,0.48766231536865234,0.8928571428571429,1.0,13.957098960876465,0.0,16.3751220703125,0.8052577972412109,17.636598587036133,0.3446998596191406,0.0,0.0,1.0084002017974854,0.0,1.351574420928955,0.11604690551757812,1.305559515953064,0.13096046447753906,0.0357142857142857,0.0,0.9455083012580872,0.0,-0.7262065410614014,1.3861370086669922,0.3521178364753723,0.9283639192581177,0.8928571428571429,1.0,-2.93979811668396,0.0,0.18346907198429108,1.0401219129562378,1.8128677606582642,0.4452352523803711,0.0,0.0,0.8185102939605713,0.0,0.5458012223243713,0.22612237930297852,0.7217097282409668,0.151445209980011,0.8928571428571429,1.0,0.14005540311336517,0.0,0.46767204999923706,0.10910409688949585,0.6385886669158936,0.04670315980911255,0.0,0.0,-3.8853063583374023,0.0,0.6938543319702148,1.4759310483932495,1.460749864578247,1.3735991716384888,0.017857142857142905,0.0,3.8853063583374023,0.0,1.1907494068145752,1.7744629383087158,1.460749864578247,1.3735991716384888,0.9464285714285714,1.0,0.2188291847705841,0.0,0.8382380604743958,0.28416895866394043,0.8922897577285767,0.3391984701156616,0.0,0.0,0.08232907205820084,0.0,-0.05020152032375336,0.09800759702920914,-0.015435807406902313,0.06228189915418625,0.9464285714285714,0.6666666666666667,3.7087574005126953,0.0,1.9158847332000732,2.1147749423980713,3.497521162033081,0.7384276390075684,0.7857142857142857,0.6666666666666667,2.1008167266845703,0.0,2.0617709159851074,4.211832046508789,7.640391826629639,0.016488075256347656,0.5,0.0,0.22019195556640625,0.0,0.09958791732788086,0.14258742332458496,0.18037796020507812,0.03775787353515625,0.8214285714285714,0.6666666666666667,2.70458984375,0.0,0.266448974609375,0.983642578125,2.0261993408203125,0.2737274169921875,0.9285714285714286,1.0,0.025418613106012344,0.0,0.20320050418376923,0.09407715499401093,0.17771300673484802,0.11673648655414581,0.0357142857142857,0.0,0.2188291847705841,0.0,0.8382380604743958,0.28416895866394043,0.8922897577285767,0.3391984701156616,0.0,0.0
20160318_181632_1_361,Cured_by_D2,Cured_by_D2,True,1,76,3,3.9675536155700684,0.0,4.424569129943848,1.0966005325317383,3.8710196018218994,0.2371814250946045,0.2894736842105263,1.0,14.340564727783203,0.0,15.237285614013672,1.5639381408691406,17.359956741333008,0.8572902679443359,0.25,0.0,1.2849242687225342,0.0,1.2269670963287354,0.21460294723510742,1.5198566913604736,0.02382206916809082,0.5921052631578947,0.0,-1.159208059310913,0.0,-0.2551341652870178,2.169308662414551,-1.3501728773117065,0.4691951274871826,0.2894736842105263,1.0,-2.2381160259246826,0.0,-0.9307286739349365,2.280163288116455,2.164048194885254,1.2498995065689087,0.25,0.0,0.3739573061466217,0.0,0.5415717363357544,0.402187705039978,0.3385525941848755,0.08698832988739014,0.2894736842105263,1.0,0.22821389138698578,0.0,0.3756408393383026,0.25712159276008606,0.7246220111846924,0.14094436168670654,0.25,0.0,-1.0789079666137695,0.0,-0.6342229247093201,2.651198387145996,3.51422119140625,0.7807042598724365,0.368421052631579,0.0,1.0789079666137695,0.0,1.3815534114837646,1.2778420448303223,3.51422119140625,0.7807042598724365,0.3157894736842105,0.0,0.6562308669090271,0.0,0.7258776426315308,0.6701558232307434,2.1323986053466797,0.261059045791626,0.39473684210526316,0.0,-0.019250884652137756,0.0,-0.012463681399822235,0.08093889057636261,-0.002000723499804735,0.008734505623579025,0.4605263157894737,0.0,1.5629057884216309,0.0,1.686768651008606,2.635612964630127,1.4428514242172241,1.7640225887298584,0.4473684210526315,0.6666666666666667,1.290140151977539,0.0,2.725789785385132,4.417083263397217,7.758635997772217,0.1588726043701172,0.25,0.0,0.03801727294921875,0.0,0.0785665512084961,0.17679882049560547,0.04226875305175781,0.13354253768920898,0.3157894736842105,0.33333333333333337,2.816131591796875,0.0,1.2544937133789062,1.7888946533203125,1.9419708251953125,0.7423858642578125,0.9605263157894737,1.0,0.1428716480731964,0.0,0.15434682369232178,0.1745223104953766,0.4792993366718292,0.04419398307800293,0.381578947368421,0.0,0.6562308669090271,0.0,0.7258776426315308,0.6701558232307434,2.1323986053466797,0.261059045791626,0.39473684210526316,0.0
20160407_165001_641_1081,Cured_by_D2,Cured_by_D2,True,2,35,10,3.5049939155578613,0.04889869689941406,3.6791560649871826,1.808523416519165,2.6951684951782227,0.22185730934143066,0.4714285714285715,1.0,15.01042366027832,0.11705303192138672,15.195950508117676,0.5052118301391602,15.569902420043945,0.7056674957275391,0.3,0.14999999999999997,1.4546011686325073,0.02174973487854004,1.441225290298462,0.4659569263458252,1.7473036050796509,0.12023234367370605,0.5142857142857143,0.0,0.12033388018608093,0.06395256519317627,0.3481132984161377,2.3652923107147217,-0.93880295753479,0.2901579737663269,0.4714285714285715,1.0,-0.3992164433002472,0.1685580313205719,-0.13205339014530182,0.7275158762931824,0.40644484758377075,1.0161757469177246,0.3,0.14999999999999997,0.43037545680999756,0.014160871505737305,0.48081204295158386,0.523740291595459,0.19585365056991577,0.06424888968467712,0.4714285714285715,1.0,0.3605983257293701,0.016186922788619995,0.3862544596195221,0.0698646605014801,0.4379674196243286,0.09758520126342773,0.3,0.14999999999999997,-0.5195503234863281,0.23251056671142578,0.3301367461681366,2.193636417388916,1.4169740676879883,1.2875099182128906,0.4142857142857143,0.09999999999999998,0.5195503234863281,0.23251056671142578,0.7406935095787048,1.1248371601104736,1.4169740676879883,1.1865513324737549,0.2571428571428571,0.09999999999999998,0.8564821481704712,0.0589444637298584,0.869584858417511,1.0811687707901,1.9837181568145752,0.8146852254867554,0.48571428571428577,0.04999999999999999,-0.017811205238103867,0.0278097465634346,-0.04122558981180191,0.08174136281013489,-0.03188563883304596,0.09765656292438507,0.6857142857142857,0.55,3.3796775341033936,0.2041168212890625,3.4588396549224854,2.0391855239868164,1.9252572059631348,1.6801469326019287,0.5,0.9,2.6946334838867188,0.10387277603149414,1.515484094619751,1.044140100479126,2.2664942741394043,1.2490054368972778,0.8571428571428572,0.6,0.15429115295410156,0.01897430419921875,0.21519851684570312,0.17037439346313477,0.0892174243927002,0.06458079814910889,0.37142857142857144,0.8500000000000001,0.19748687744140625,0.02689361572265625,0.119384765625,0.08156585693359375,0.2160797119140625,0.2554283142089844,0.8,0.5,0.20563486218452454,0.014326855540275574,0.2101731300354004,0.17826275527477264,0.3591376841068268,0.10228198766708374,0.48571428571428577,0.04999999999999999,0.8564821481704712,0.0589444637298584,0.869584858417511,1.0811687707901,1.9837181568145752,0.8146852254867554,0.48571428571428577,0.04999999999999999
IMG_2941_1297_969,Cured_by_D2,Cured_by_D2,True,2,88,8,3.055774450302124,0.05464744567871094,3.9102578163146973,0.839458703994751,3.604599714279175,0.8329873085021973,0.045454545454545414,0.0,15.769914627075195,0.5159492492675781,16.210285186767578,0.7830867767333984,16.9564208984375,1.7309684753417969,0.3295454545454546,0.125,1.6406689882278442,0.0506134033203125,1.425146222114563,0.20190167427062988,1.5225305557250977,0.19555068016052246,0.9090909090909092,0.75,-2.2475550174713135,0.10726404190063477,-0.5703431367874146,1.6477206945419312,-1.1703002452850342,1.6350185871124268,0.045454545454545414,0.0,-0.6923297643661499,0.586793839931488,-0.19149118661880493,0.8906123042106628,0.6570935845375061,1.9686458110809326,0.3295454545454546,0.125,0.2582777738571167,0.01511809229850769,0.4946686923503876,0.23223435878753662,0.4101090431213379,0.230444073677063,0.045454545454545414,0.0,0.29700636863708496,0.054162442684173584,0.34323492646217346,0.0822056233882904,0.4215613007545471,0.1817106306552887,0.3295454545454546,0.125,1.5552252531051636,0.6940577030181885,0.47241586446762085,1.9351423978805542,1.3733456134796143,2.322610855102539,0.7897727272727273,0.5,1.5552252531051636,0.6940577030181885,1.0331039428710938,1.191268801689148,1.3733456134796143,2.173275947570801,0.6818181818181819,0.5,1.1369794607162476,0.23145174980163574,0.7376608848571777,0.34407293796539307,0.911562442779541,0.5184087753295898,0.8409090909090909,0.625,-0.13746562600135803,0.026062652468681335,-0.0015169866383075714,0.08175038546323776,-0.06287701427936554,0.08307349681854248,0.01704545454545453,0.0625,3.4537768363952637,1.5515544414520264,2.821949005126953,2.0865511894226074,2.566107749938965,1.6162437200546265,0.6022727272727273,0.625,1.415593147277832,0.34644782543182373,2.4120311737060547,3.344524383544922,2.2539639472961426,5.240988731384277,0.25,0.0625,0.24076557159423828,0.1431751251220703,0.12659549713134766,0.1305372714996338,0.13422918319702148,0.08295965194702148,0.6647727272727273,0.625,1.5111083984375,1.118621826171875,0.290496826171875,1.2139358520507812,0.31524658203125,1.5256805419921875,0.7556818181818182,0.75,0.22111505270004272,0.04466366767883301,0.1667749434709549,0.09539327770471573,0.21345099806785583,0.13274024426937103,0.7329545454545455,0.4375,1.1369794607162476,0.23145174980163574,0.7376608848571777,0.34407293796539307,0.911562442779541,0.5184087753295898,0.8409090909090909,0.625
20160222_164851_641_1,Clean_Control,Clean_Control,False,0,176,14,,,3.6687238216400146,1.1993341445922852,2.5782957077026367,0.19822430610656738,,,,,15.318199157714844,0.48365116119384766,15.272294044494629,0.3250617980957031,,,,,1.440659523010254,0.35704123973846436,1.7780057191848755,0.062157273292541504,,,,,-0.4648340940475464,1.4558932781219482,-1.7885246276855469,0.24062788486480713,,,,,0.22220441699028015,0.7853639721870422,0.14766189455986023,0.5278429985046387,,,,,0.4889194071292877,0.3249462842941284,0.19347995519638062,0.053706660866737366,,,,,0.456516295671463,0.07346540689468384,0.4495433568954468,0.049376070499420166,,,,,0.7309166789054871,1.7706401348114014,1.905198574066162,0.5333976745605469,,,,,1.094526767730713,1.0972044467926025,1.905198574066162,0.5333976745605469,,,,,0.9819917678833008,0.6254780888557434,2.028285503387451,0.32384932041168213,,,,,-0.030480463057756424,0.11206351220607758,0.006538067478686571,0.09847447276115417,,,,,3.319185495376587,3.0050766468048096,1.5664031505584717,1.0014437437057495,,,,,1.4288756847381592,1.102396845817566,0.8197822570800781,0.8856690526008606,,,,,0.1782076358795166,0.2717742919921875,0.07806968688964844,0.07954692840576172,,,,,0.0683746337890625,0.07342910766601562,0.05037689208984375,0.048061370849609375,,,,,0.23806264996528625,0.15078863501548767,0.35733723640441895,0.04329320788383484,,,,,0.9819917678833008,0.6254780888557434,2.028285503387451,0.32384932041168213,,
20160222_164851_641_1081,Clean_Control,Clean_Control,False,3,68,21,2.409613847732544,0.38352060317993164,3.616891860961914,0.9540095329284668,2.662637710571289,0.3568756580352783,0.08823529411764704,0.3968253968253968,15.0165376663208,0.1663522720336914,15.151742935180664,0.3992013931274414,14.864044189453125,0.3967761993408203,0.21568627450980388,0.6190476190476191,1.8122361898422241,0.14188408851623535,1.4361584186553955,0.2987966537475586,1.7297502756118774,0.09220361709594727,0.8823529411764706,0.6031746031746031,-2.2171497344970703,0.9407274723052979,0.7441504001617432,2.34006404876709,-1.5965142250061035,0.8753708600997925,0.08823529411764704,0.3968253968253968,-0.13611917197704315,0.26549118757247925,0.0796627327799797,0.6371074318885803,-0.37949231266975403,0.6332380771636963,0.21568627450980388,0.6190476190476191,0.12448292970657349,0.14006145298480988,0.5653800368309021,0.34840357303619385,0.21688707172870636,0.13033075630664825,0.08823529411764704,0.3968253968253968,0.3583405315876007,0.023651927709579468,0.3775639832019806,0.05675828456878662,0.3366590142250061,0.05641359090805054,0.21568627450980388,0.6190476190476191,1.6672866344451904,0.9993467330932617,-0.4603930711746216,2.7239809036254883,1.3661773204803467,1.1338467597961426,0.803921568627451,0.5555555555555556,1.6672866344451904,0.9993467330932617,1.4829206466674805,1.304928183555603,1.3661773204803467,1.1338467597961426,0.47058823529411764,0.5555555555555556,2.129040002822876,0.8082022666931152,0.7127217054367065,0.5538229942321777,1.4558793306350708,0.6418406963348389,0.8774509803921569,0.6031746031746031,-0.10776592046022415,0.013182923197746277,-0.02263641729950905,0.09815147519111633,-0.02844618819653988,0.10190436989068985,0.12745098039215688,0.11111111111111112,2.0537760257720947,0.20931875705718994,2.3053596019744873,2.4640953540802,1.2953453063964844,0.9262409210205078,0.44607843137254904,0.7301587301587302,0.910037100315094,0.5933861136436462,1.740168809890747,1.1624960899353027,1.150687336921692,1.2162814140319824,0.24509803921568624,0.46031746031746035,0.09334754943847656,0.0180356502532959,0.082855224609375,0.1977674961090088,0.047667503356933594,0.02965259552001953,0.46568627450980393,0.8571428571428572,0.04412841796875,0.00882720947265625,0.089935302734375,0.06781387329101562,0.0571136474609375,0.044342041015625,0.11274509803921565,0.31746031746031744,0.2814622223377228,0.05480965971946716,0.16186439990997314,0.1577066332101822,0.2660430669784546,0.06769618391990662,0.8088235294117646,0.5714285714285714,2.129040002822876,0.8082022666931152,0.7127217054367065,0.5538229942321777,1.4558793306350708,0.6418406963348389,0.8774509803921569,0.6031746031746031
20160222_165225_641_361,Clean_Control,Clean_Control,False,1,130,8,2.55540132522583,0.0,3.7294440269470215,0.5561795234680176,2.713263511657715,0.252744197845459,0.038461538461538436,0.25,14.386173248291016,0.0,14.770751953125,0.41544246673583984,14.458765983581543,0.18283653259277344,0.10769230769230764,0.25,1.7280261516571045,0.0,1.3950793743133545,0.1476048231124878,1.6791716814041138,0.09763240814208984,0.9615384615384616,0.625,-2.2821877002716064,0.0,0.8436152935028076,1.4807875156402588,-1.861891508102417,0.67291259765625,0.038461538461538436,0.25,-0.5364522337913513,0.0,0.19395869970321655,0.7890298962593079,-0.39858031272888184,0.3472517132759094,0.10769230769230764,0.25,0.20621882379055023,0.0,0.6476907730102539,0.2091386318206787,0.2655792534351349,0.09503862261772156,0.038461538461538436,0.25,0.4469811022281647,0.0,0.5144851207733154,0.07292154431343079,0.4597231149673462,0.03209272027015686,0.10769230769230764,0.25,1.7457354068756104,0.0,-0.5019543170928955,1.7228012084960938,1.6107475757598877,0.8286576271057129,0.9230769230769231,0.5,1.7457354068756104,0.0,1.0125261545181274,1.159971833229065,1.6107475757598877,0.8286576271057129,0.7769230769230769,0.5,1.9396744966506958,0.0,0.8402196168899536,0.3004642724990845,1.6925222873687744,0.5533561706542969,0.9615384615384616,0.625,-0.017018426209688187,0.0,-0.0029225898906588554,0.083171546459198,0.049784958362579346,0.03895469754934311,0.42307692307692313,0.25,0.964039146900177,0.0,1.6169626712799072,1.0236626863479614,1.2550454139709473,1.4072067737579346,0.15384615384615385,0.375,0.7063347697257996,0.0,1.4678598642349243,1.4774235486984253,1.1682751178741455,0.5903926491737366,0.20769230769230773,0.25,0.017111778259277344,0.0,0.05850505828857422,0.0537109375,0.06182241439819336,0.08415818214416504,0.0461538461538461,0.0,0.039642333984375,0.0,0.07086944580078125,0.08747100830078125,0.03814697265625,0.010295867919921875,0.25384615384615383,0.5,0.3548051714897156,0.0,0.1940004527568817,0.10584887862205505,0.3469383120536804,0.05416387319564819,0.9307692307692308,0.5,1.9396744966506958,0.0,0.8402196168899536,0.3004642724990845,1.6925222873687744,0.5533561706542969,0.9615384615384616,0.625
20160222_165926_1_1081,Clean_Control,Clean_Control,False,1,11,4,3.444324016571045,0.0,3.49969744682312,0.4021337032318115,3.6074578762054443,0.06621098518371582,0.2727272727272727,0.0,14.019584655761719,0.0,16.1274356842041,2.894778251647949,16.82732391357422,1.0466499328613281,0.4545454545454546,0.0,1.4037057161331177,0.0,1.4013668298721313,0.2224135398864746,1.511303186416626,0.04704630374908447,0.5454545454545454,0.0,-0.8595293760299683,0.0,-0.7565999031066895,0.7474958896636963,-0.5562921166419983,0.12307468056678772,0.2727272727272727,0.0,-1.5877361297607422,0.0,1.9263699054718018,4.826030731201172,3.0931906700134277,1.744924545288086,0.4545454545454546,0.0,0.3687046468257904,0.0,0.38651227951049805,0.12932270765304565,0.4211670756340027,0.021292895078659058,0.2727272727272727,0.0,0.2419382631778717,0.0,0.5397825241088867,0.409038782119751,0.6386784911155701,0.14789420366287231,0.4545454545454546,0.0,-0.7282067537307739,0.0,2.2340543270111084,5.1992597579956055,3.452754259109497,1.4251213073730469,0.4545454545454546,0.0,0.7282067537307739,0.0,2.2340543270111084,1.1788873672485352,3.452754259109497,1.4251213073730469,0.0,0.25,0.6972415447235107,0.0,1.0381876230239868,1.0768778324127197,1.3634119033813477,0.16730964183807373,0.4545454545454546,0.0,-0.04135687276721001,0.0,-0.0021777248475700617,0.04001150652766228,-0.0027061374858021736,0.09651871025562286,0.18181818181818177,0.25,1.2572507858276367,0.0,0.7865203619003296,0.8030388355255127,1.0761704444885254,0.21036380529403687,0.6363636363636364,0.75,0.4907073974609375,0.0,6.528926849365234,4.510295867919922,5.904412269592285,0.9882502555847168,0.09090909090909094,0.0,0.022362709045410156,0.0,0.02707672119140625,0.03508901596069336,0.024768352508544922,0.007411003112792969,0.36363636363636365,0.25,2.232757568359375,0.0,1.64154052734375,1.025543212890625,1.5696868896484375,0.3972053527832031,0.6363636363636364,1.0,0.15273448824882507,0.0,0.2558172643184662,0.2757280766963959,0.3463667035102844,0.04872548580169678,0.4545454545454546,0.0,0.6972415447235107,0.0,1.0381876230239868,1.0768778324127197,1.3634119033813477,0.16730964183807373,0.4545454545454546,0.0
20160222_165926_641_721,Clean_Control,Clean_Control,False,1,87,16,2.7561898231506348,0.0,4.355104923248291,0.9352760314941406,3.2116384506225586,0.7930440902709961,0.011494252873563204,0.1875,15.637885093688965,0.0,15.273334503173828,0.5669422149658203,15.173920631408691,0.4118995666503906,0.7931034482758621,0.9375,1.7358174324035645,0.0,1.2466216087341309,0.25000178813934326,1.580929160118103,0.20383751392364502,1.0,1.0,-2.6197400093078613,0.0,1.030663013458252,2.135282039642334,-1.5799280405044556,1.8105593919754028,0.011494252873563204,0.1875,1.0669351816177368,0.0,0.462464302778244,0.9400601387023926,0.29762354493141174,0.6829819083213806,0.7931034482758621,0.9375,0.061383772641420364,0.0,0.6580074429512024,0.3489915430545807,0.23133113980293274,0.295918732881546,0.011494252873563204,0.1875,0.5782070755958557,0.0,0.5177596211433411,0.09400665760040283,0.5012754201889038,0.06829866766929626,0.7931034482758621,0.9375,3.6866750717163086,0.0,-0.6799485683441162,2.438182830810547,2.1564674377441406,1.2498716115951538,0.9655172413793104,1.0,3.6866750717163086,0.0,1.2108732461929321,1.0866323709487915,2.1564674377441406,1.2498716115951538,0.9655172413793104,1.0,5.640023231506348,0.0,0.8147007822990417,0.5511184930801392,2.2312569618225098,2.518009662628174,1.0,0.9375,0.04183794930577278,0.0,-0.00613989494740963,0.06711726635694504,-0.07388702034950256,0.142926424741745,0.8505747126436781,0.75,3.71979022026062,0.0,2.0950348377227783,1.476325273513794,2.494621753692627,1.34730863571167,0.9770114942528736,1.0,1.8565040826797485,0.0,1.5729669332504272,1.8714163303375244,1.2098795175552368,0.8365434408187866,0.6091954022988506,0.75,0.16411781311035156,0.0,0.08936309814453125,0.08491039276123047,0.08696699142456055,0.07760381698608398,0.8505747126436781,1.0,0.085540771484375,0.0,0.1285400390625,0.19228363037109375,0.05853271484375,0.01435089111328125,0.29885057471264365,0.8125,0.542714536190033,0.0,0.16033217310905457,0.19917193055152893,0.4041924476623535,0.11033892631530762,0.9885057471264368,1.0,5.640023231506348,0.0,0.8147007822990417,0.5511184930801392,2.2312569618225098,2.518009662628174,1.0,0.9375
20160307_145059_641_361,Clean_Control,Clean_Control,False,1,78,7,2.7226531505584717,0.0,3.4395155906677246,0.6486630439758301,2.4143004417419434,0.33863139152526855,0.14102564102564108,1.0,15.576042175292969,0.0,16.137191772460938,0.8870525360107422,15.494946479797363,0.2240734100341797,0.1923076923076923,0.5714285714285714,1.7440968751907349,0.0,1.5706143379211426,0.21739089488983154,1.873414397239685,0.1415727138519287,0.8076923076923077,0.0,-1.2879399061203003,0.0,0.23214265704154968,1.3754684925079346,-1.9417915344238281,0.7180566787719727,0.14102564102564108,1.0,0.4679797887802124,0.0,1.3284555673599243,1.3602231740951538,0.34362611174583435,0.3435975909233093,0.1923076923076923,0.5714285714285714,0.24478012323379517,0.0,0.45371243357658386,0.1890554130077362,0.15490953624248505,0.09869543462991714,0.14102564102564108,1.0,0.5052305459976196,0.0,0.5963826179504395,0.1440914273262024,0.4920575022697449,0.03639805316925049,0.1923076923076923,0.5714285714285714,1.7559196949005127,0.0,1.745948314666748,2.4177587032318115,2.583150863647461,0.6063110828399658,0.5128205128205128,0.2857142857142857,1.7559196949005127,0.0,1.859132170677185,1.7662572860717773,2.583150863647461,0.6063110828399658,0.47435897435897434,0.2857142857142857,1.8835413455963135,0.0,1.4357529878616333,0.7551436424255371,2.8228259086608887,1.508188009262085,0.7948717948717949,0.1428571428571429,-0.08598174899816513,0.0,-0.048909835517406464,0.07412497699260712,-0.014269370585680008,0.03914946690201759,0.21794871794871795,0.0,2.031787872314453,0.0,1.663961410522461,1.6296164989471436,1.7444524765014648,0.43050670623779297,0.6153846153846154,0.8571428571428572,0.440826416015625,0.0,3.2232515811920166,3.4460785388946533,0.8932098150253296,0.8913889527320862,0.012820512820512775,0.1428571428571429,0.05060148239135742,0.0,0.0615234375,0.08621788024902344,0.04325151443481445,0.013071298599243164,0.3846153846153846,0.8571428571428572,0.0111846923828125,0.0,0.236328125,0.2677116394042969,0.0491485595703125,0.04735565185546875,0.0,0.0,0.38156014680862427,0.0,0.3627619743347168,0.15529856085777283,0.4279402494430542,0.040815263986587524,0.5384615384615384,0.2857142857142857,1.8835413455963135,0.0,1.4357529878616333,0.7551436424255371,2.8228259086608887,1.508188009262085,0.7948717948717949,0.1428571428571429
20160316_143445_1281_721,Clean_Control,Clean_Control,False,3,279,28,2.8302319049835205,0.20021581649780273,3.2821412086486816,0.9616146087646484,2.5339255332946777,0.38329577445983887,0.2843488649940263,0.8095238095238095,15.84618091583252,1.4127216339111328,16.17434310913086,0.8169870376586914,16.20047378540039,0.6204662322998047,0.4551971326164875,0.4047619047619047,1.820543885231018,0.10632634162902832,1.601677417755127,0.3033982515335083,1.8847085237503052,0.1264272928237915,0.7156511350059737,0.2738095238095238,-0.4353247582912445,0.4881155490875244,0.6664068102836609,2.3443667888641357,-1.1577047109603882,0.9344556331634521,0.2843488649940263,0.8095238095238095,-0.4129186272621155,1.8561333417892456,0.018243735656142235,1.0734145641326904,0.05257478728890419,0.8152117729187012,0.4551971326164875,0.4047619047619047,0.3957584798336029,0.06717711687088013,0.5473847389221191,0.32264450192451477,0.2963406443595886,0.12860485911369324,0.2843488649940263,0.8095238095238095,0.40916281938552856,0.19143596291542053,0.45363157987594604,0.11070871353149414,0.4571723937988281,0.08407849073410034,0.4551971326164875,0.4047619047619047,0.6665666699409485,2.0221683979034424,-0.4067069888114929,2.5959012508392334,1.3105157613754272,0.9203997254371643,0.7264038231780168,0.42857142857142855,0.6665666699409485,1.4979609251022339,1.3307819366455078,1.4517853260040283,1.3394966125488281,0.7826656103134155,0.5029868578255675,0.4523809523809524,1.285789966583252,0.47504687309265137,0.8903551697731018,0.6310842037200928,1.5771236419677734,0.4567514657974243,0.7001194743130227,0.3928571428571428,-0.04478706046938896,0.05789995193481445,-0.04385431483387947,0.10404045879840851,-0.004061618819832802,0.1394696831703186,0.4480286738351254,0.29761904761904756,1.478684663772583,0.838944673538208,2.11338472366333,1.724912166595459,1.8915810585021973,1.4793802499771118,0.2532855436081242,0.23809523809523808,1.9059206247329712,1.0051462650299072,2.5243172645568848,2.391230344772339,3.525020122528076,3.5735673904418945,0.3667861409796893,0.2857142857142857,0.05242013931274414,0.013978719711303711,0.08824348449707031,0.11545658111572266,0.05874061584472656,0.08945202827453613,0.2998805256869773,0.44047619047619047,0.154388427734375,0.22063446044921875,0.175384521484375,0.1954345703125,0.48089599609375,0.5385665893554688,0.4707287933094384,0.3095238095238095,0.2835066318511963,0.1245175451040268,0.21294035017490387,0.1523442566394806,0.32139748334884644,0.06031924486160278,0.7395459976105139,0.41666666666666663,1.285789966583252,0.47504687309265137,0.8903551697731018,0.6310842037200928,1.5771236419677734,0.4567514657974243,0.7001194743130227,0.3928571428571428
20160316_143445_1_721,Clean_Control,Clean_Control,False,1,59,8,2.746793031692505,0.0,3.3047637939453125,0.7192316055297852,2.8915176391601562,0.45220351219177246,0.23728813559322037,0.375,15.763090133666992,0.0,16.176490783691406,0.5644798278808594,15.975634574890137,0.08820724487304688,0.13559322033898302,0.0,1.7472071647644043,0.0,1.6495532989501953,0.2440650463104248,1.7055583000183105,0.155478835105896,0.711864406779661,0.625,-1.9260212182998657,0.0,-0.8224731087684631,1.4224882125854492,-1.6397868394851685,0.8943626880645752,0.23728813559322037,0.375,-0.37635838985443115,0.0,0.2259267419576645,0.8223937153816223,-0.0667015016078949,0.12851054966449738,0.13559322033898302,0.0,0.22521640360355377,0.0,0.42534780502319336,0.2579720616340637,0.2771257758140564,0.16219507157802582,0.23728813559322037,0.375,0.3747921586036682,0.0,0.4338398277759552,0.08062699437141418,0.40515071153640747,0.012599080801010132,0.13559322033898302,0.0,1.5496628284454346,0.0,1.460756540298462,1.7692039012908936,1.478772759437561,0.8469177484512329,0.5423728813559322,0.5,1.5496628284454346,0.0,1.4927220344543457,1.436084508895874,1.478772759437561,0.8469177484512329,0.5254237288135593,0.5,1.5434842109680176,0.0,1.1182036399841309,0.8607545495033264,1.3757071495056152,0.808106541633606,0.6779661016949152,0.625,-0.11863450706005096,0.0,0.0038133561611175537,0.09886536002159119,-0.03140693157911301,0.050364360213279724,0.06779661016949157,0.0,2.6984500885009766,0.0,2.069164752960205,2.348778247833252,2.9987940788269043,1.6114516258239746,0.5932203389830508,0.375,0.5828819274902344,0.0,2.212993621826172,2.1133975982666016,0.7646321058273315,0.32473987340927124,0.13559322033898302,0.125,0.07628965377807617,0.0,0.0962667465209961,0.12804388999938965,0.11503291130065918,0.08662724494934082,0.44067796610169496,0.375,0.0091400146484375,0.0,0.1405029296875,0.25225830078125,0.0221710205078125,0.01474761962890625,0.016949152542372836,0.0,0.29038283228874207,0.0,0.2682456076145172,0.13457588851451874,0.28644001483917236,0.06244313716888428,0.576271186440678,0.5,1.5434842109680176,0.0,1.1182036399841309,0.8607545495033264,1.3757071495056152,0.808106541633606,0.6779661016949152,0.625
20160316_143527_1281_1081,Clean_Control,Clean_Control,False,2,162,21,2.56014347076416,0.05883955955505371,3.7622218132019043,0.9973978996276855,2.6693058013916016,0.5720195770263672,0.08024691358024694,0.35714285714285715,16.350189208984375,0.8204555511474609,16.39160919189453,0.6127986907958984,16.281139373779297,0.5064754486083984,0.4598765432098766,0.47619047619047616,1.8531467914581299,0.027235984802246094,1.4837861061096191,0.2694821357727051,1.8404263257980347,0.22018146514892578,0.9166666666666667,0.5952380952380952,-1.4344761371612549,0.07690346240997314,0.13664627075195312,1.3036036491394043,-1.2918002605438232,0.7476323843002319,0.08024691358024694,0.35714285714285715,-0.10285153985023499,1.0593221187591553,-0.04937130585312843,0.7912098169326782,-0.19200335443019867,0.6539309620857239,0.4598765432098766,0.47619047619047616,0.17287099361419678,0.01738758385181427,0.5280961990356445,0.2947401702404022,0.2051295042037964,0.16903704404830933,0.08024691358024694,0.35714285714285715,0.44188326597213745,0.1153920590877533,0.4477089047431946,0.08618652820587158,0.4321719706058502,0.07123276591300964,0.4598765432098766,0.47619047619047616,1.3316245079040527,0.9824186563491821,-0.08833521604537964,1.5608644485473633,1.2305419445037842,0.9771938323974609,0.8179012345679013,0.5476190476190477,1.3316245079040527,0.9824186563491821,0.7865224480628967,0.9805666208267212,1.2305419445037842,0.7897878289222717,0.6234567901234568,0.5238095238095238,2.1799063682556152,0.347684383392334,0.879202663898468,0.4836795926094055,1.9951001405715942,1.1632965803146362,0.9074074074074073,0.5714285714285714,-0.09191326797008514,0.04582829028367996,-0.031231660395860672,0.07826556265354156,0.030900491401553154,0.12581822276115417,0.19753086419753085,0.11904761904761907,2.575509548187256,0.10293889045715332,2.7749788761138916,2.2289230823516846,3.1583092212677,2.550875186920166,0.4537037037037037,0.38095238095238093,2.042969226837158,0.6589130163192749,2.1580066680908203,1.7895591259002686,2.5305895805358887,1.053060531616211,0.42901234567901236,0.38095238095238093,0.09639430046081543,0.0018551349639892578,0.16409826278686523,0.20455396175384521,0.1308732032775879,0.25258588790893555,0.2993827160493827,0.38095238095238093,0.1900177001953125,0.0597381591796875,0.1267242431640625,0.14498519897460938,0.154571533203125,0.10015869140625,0.6450617283950617,0.5714285714285714,0.3634880781173706,0.0877608060836792,0.21304216980934143,0.13638940453529358,0.3514924943447113,0.08806845545768738,0.8641975308641975,0.5714285714285714,2.1799063682556152,0.347684383392334,0.879202663898468,0.4836795926094055,1.9951001405715942,1.1632965803146362,0.9074074074074073,0.5714285714285714
20160316_143527_1_1,Clean_Control,Clean_Control,False,1,144,8,3.3261377811431885,0.0,3.557347536087036,0.39577817916870117,3.3981308937072754,0.4308192729949951,0.2222222222222222,0.375,17.14031982421875,0.0,16.416471481323242,0.7347545623779297,15.976314544677734,0.6359157562255859,0.8958333333333334,0.875,1.6395975351333618,0.0,1.5262336730957031,0.11957895755767822,1.573676586151123,0.12846779823303223,0.8472222222222222,1.0,-0.07404609769582748,0.0,0.5502181053161621,1.068597674369812,0.12033496052026749,1.1632080078125,0.2222222222222222,0.375,1.4542800188064575,0.0,0.4722573757171631,0.9968181252479553,-0.12488924711942673,0.8627259135246277,0.8958333333333334,0.875,0.4269157648086548,0.0,0.5077670812606812,0.13839906454086304,0.45209094882011414,0.1506524682044983,0.2222222222222222,0.375,0.6102432608604431,0.0,0.5044400095939636,0.10739734768867493,0.44010329246520996,0.0929502546787262,0.8958333333333334,0.875,1.528326153755188,0.0,-0.016053110361099243,1.5455965995788574,0.3935815691947937,0.9803974628448486,0.8888888888888888,1.0,1.528326153755188,0.0,0.7874706387519836,0.9408907890319824,0.6834384799003601,0.49633336067199707,0.7777777777777778,1.0,1.3844022750854492,0.0,0.9944578409194946,0.3261072635650635,1.1190664768218994,0.25507277250289917,0.8472222222222222,1.0,-0.2335728257894516,0.0,-0.03398597240447998,0.08865832537412643,-0.015312648378312588,0.06681455671787262,0.0,0.0,2.587002992630005,0.0,1.6448566913604736,1.3360469341278076,1.8822941780090332,0.8702437877655029,0.8472222222222222,0.75,3.2774009704589844,0.0,2.953028440475464,2.644097328186035,3.559192180633545,1.9942865371704102,0.5902777777777778,0.375,0.07564640045166016,0.0,0.06023120880126953,0.06420469284057617,0.060744285583496094,0.03459477424621582,0.6388888888888888,0.625,0.289947509765625,0.0,0.1898345947265625,0.16544342041015625,0.2279510498046875,0.0867767333984375,0.75,0.875,0.3497208058834076,0.0,0.24527372419834137,0.09485046565532684,0.2668555974960327,0.055757373571395874,0.8888888888888888,1.0,1.3844022750854492,0.0,0.9944578409194946,0.3261072635650635,1.1190664768218994,0.25507277250289917,0.8472222222222222,1.0
20160316_143527_641_721,Clean_Control,Clean_Control,False,3,107,17,3.4100451469421387,0.17248868942260742,2.984835624694824,0.6434741020202637,3.1961605548858643,0.16190457344055176,0.766355140186916,0.8431372549019607,16.441936492919922,0.6607551574707031,16.525632858276367,1.3534832000732422,16.396398544311523,0.8715457916259766,0.501557632398754,0.5294117647058824,1.57344651222229,0.01099705696105957,1.6971889734268188,0.20660924911499023,1.660247564315796,0.10436475276947021,0.2180685358255452,0.1372549019607843,-1.2974193096160889,0.3775120973587036,-2.2280397415161133,1.408318042755127,-1.7655305862426758,0.3543468713760376,0.766355140186916,0.8431372549019607,0.3154069781303406,0.8609516620635986,0.42446187138557434,1.7635653018951416,0.2560718357563019,1.1356086730957031,0.501557632398754,0.5294117647058824,0.43084219098091125,0.05299624800682068,0.300199031829834,0.1977037489414215,0.3651273846626282,0.049744248390197754,0.766355140186916,0.8431372549019607,0.3871276080608368,0.08625447750091553,0.39805325865745544,0.17668282985687256,0.38118311762809753,0.113770991563797,0.501557632398754,0.5294117647058824,1.6128263473510742,0.483439564704895,2.4545483589172363,1.911494493484497,2.4335827827453613,0.6071126461029053,0.31775700934579443,0.2549019607843137,1.6128263473510742,0.483439564704895,2.4545483589172363,1.8469393253326416,2.4335827827453613,0.6071126461029053,0.30841121495327106,0.2549019607843137,0.9090874791145325,0.07374674081802368,1.1861475706100464,0.7311499118804932,1.1660230159759521,0.27291595935821533,0.264797507788162,0.19607843137254902,-0.11684316396713257,0.10899657011032104,-0.022704938426613808,0.07833684235811234,-0.027248840779066086,0.0791366919875145,0.29595015576323985,0.2745098039215686,1.078850269317627,0.3389217257499695,1.8966741561889648,1.4690592288970947,1.1919227838516235,1.1201584339141846,0.28660436137071654,0.49019607843137253,3.083477735519409,0.9335594177246094,4.612663745880127,4.842173099517822,5.152070045471191,3.3740439414978027,0.33333333333333337,0.2549019607843137,0.026279449462890625,0.023168563842773438,0.06717252731323242,0.07557249069213867,0.026975631713867188,0.041259765625,0.31152647975077885,0.49019607843137253,0.20135498046875,0.0352783203125,0.616119384765625,1.65203857421875,0.4156494140625,0.392303466796875,0.23987538940809972,0.15686274509803924,0.2203367054462433,0.026851356029510498,0.2606005370616913,0.12888428568840027,0.2579878866672516,0.047440022230148315,0.3551401869158879,0.2549019607843137,0.9090874791145325,0.07374674081802368,1.1861475706100464,0.7311499118804932,1.1660230159759521,0.27291595935821533,0.264797507788162,0.19607843137254902
20160316_143547_1921_1081,Clean_Control,Clean_Control,False,1,333,7,3.2247812747955322,0.0,3.90716814994812,1.023951530456543,3.6522817611694336,0.3939785957336426,0.2222222222222222,0.2857142857142857,14.492928504943848,0.0,16.34906768798828,0.7442245483398438,17.489721298217773,2.2037181854248047,0.01501501501501501,0.0,1.5027716159820557,0.0,1.4578272104263306,0.28295207023620605,1.5551607608795166,0.23922646045684814,0.5795795795795795,0.2857142857142857,-0.30425000190734863,0.0,1.1134111881256104,2.127263069152832,0.5838838219642639,0.8184916973114014,0.2222222222222222,0.2857142857142857,-2.328826427459717,0.0,0.05819953605532646,0.9570852518081665,1.5250991582870483,2.834017038345337,0.01501501501501501,0.0,0.39913880825042725,0.0,0.6013225317001343,0.3033856451511383,0.525802493095398,0.11673152446746826,0.2222222222222222,0.2857142857142857,0.17668046057224274,0.0,0.41778823733329773,0.0966728925704956,0.5659562349319458,0.2862572968006134,0.01501501501501501,0.0,-2.024576425552368,0.0,-0.7230802774429321,2.483128547668457,1.1964606046676636,3.4615206718444824,0.24624624624624625,0.2857142857142857,2.024576425552368,0.0,1.4590891599655151,1.6571910381317139,2.266031265258789,1.4981508255004883,0.6906906906906907,0.4285714285714286,0.5047001838684082,0.0,0.7743915915489197,0.4591984152793884,1.0898916721343994,0.751891016960144,0.11711711711711714,0.1428571428571429,-0.09459267556667328,0.0,-0.029591526836156845,0.08888982981443405,-0.017496777698397636,0.049508918076753616,0.17717717717717718,0.1428571428571429,3.3653993606567383,0.0,2.2168831825256348,1.4962913990020752,2.4490137100219727,1.9540436267852783,0.8318318318318318,0.7142857142857143,13.550477981567383,0.0,2.448451280593872,2.7367684841156006,8.944999694824219,4.058625221252441,0.984984984984985,1.0,0.1373443603515625,0.0,0.09421443939208984,0.09440326690673828,0.10262298583984375,0.12677621841430664,0.7117117117117118,0.5714285714285714,2.95501708984375,0.0,0.164764404296875,0.245513916015625,2.037261962890625,1.2908782958984375,0.987987987987988,1.0,0.10616043210029602,0.0,0.181585893034935,0.14661914110183716,0.2701190114021301,0.19563724100589752,0.23723723723723722,0.1428571428571429,0.5047001838684082,0.0,0.7743915915489197,0.4591984152793884,1.0898916721343994,0.751891016960144,0.11711711711711714,0.1428571428571429
20160316_143547_641_361,Clean_Control,Clean_Control,False,0,217,10,,,3.846306800842285,0.6527354717254639,3.9831113815307617,0.3373701572418213,,,,,16.828121185302734,1.1271247863769531,16.35402488708496,3.232304573059082,,,,,1.4812719821929932,0.1669982671737671,1.3888217210769653,0.1902385950088501,,,,,1.046197533607483,1.64687180519104,1.3913600444793701,0.8511948585510254,,,,,0.5118696093559265,1.329497218132019,-0.047349464148283005,3.812656879425049,,,,,0.6026349663734436,0.22407111525535583,0.6495972871780396,0.11581236124038696,,,,,0.4082174599170685,0.13541334867477417,0.3512592911720276,0.38833069801330566,,,,,-0.4993487000465393,2.0464422702789307,-2.0471506118774414,3.691383123397827,,,,,1.0677117109298706,1.1632972955703735,2.0471506118774414,1.3015377521514893,,,,,0.7096807360649109,0.3235708475112915,0.5147010087966919,0.6610358357429504,,,,,-0.03305564075708389,0.0811355710029602,-0.0013390742242336273,0.1401255577802658,,,,,2.156553268432617,1.5625585317611694,1.8361279964447021,1.0598950386047363,,,,,3.5875871181488037,3.1320786476135254,6.860229015350342,5.868089199066162,,,,,0.1020355224609375,0.08334064483642578,0.054734230041503906,0.036355018615722656,,,,,0.383392333984375,0.3499755859375,2.6881561279296875,1.3911666870117188,,,,,0.1586223989725113,0.09757687896490097,0.09382040798664093,0.14321786165237427,,,,,0.7096807360649109,0.3235708475112915,0.5147010087966919,0.6610358357429504,,
20160316_143547_641_721,Clean_Control,Clean_Control,False,0,15,12,,,3.4471960067749023,0.32450270652770996,4.114857196807861,0.13737154006958008,,,,,16.325237274169922,0.509490966796875,15.858335494995117,0.28921985626220703,,,,,1.5554957389831543,0.10434079170227051,1.357839822769165,0.041293978691101074,,,,,-2.469153642654419,0.8162015676498413,-0.7898261547088623,0.34552234411239624,,,,,0.1952081173658371,0.677467405796051,-0.4256287217140198,0.3845735192298889,,,,,0.16906212270259857,0.1275542825460434,0.43150395154953003,0.05399751663208008,,,,,0.42050981521606445,0.06904679536819458,0.3572347164154053,0.039195358753204346,,,,,2.5010874271392822,1.095369577407837,0.42658454179763794,0.6421864032745361,,,,,2.5010874271392822,1.095369577407837,0.528477132320404,0.5555877685546875,,,,,2.1582868099212646,1.0309427976608276,0.8704955577850342,0.16094422340393066,,,,,-0.04401632770895958,0.1458798348903656,-0.0955367386341095,0.15666066110134125,,,,,0.8765809535980225,1.1233570575714111,1.2966866493225098,0.9373375773429871,,,,,2.037548065185547,1.4833672046661377,1.5285449028015137,1.7901118993759155,,,,,0.02147674560546875,0.038687705993652344,0.048941612243652344,0.036264657974243164,,,,,0.080169677734375,0.06105804443359375,0.0538482666015625,0.26486968994140625,,,,,0.3329281210899353,0.08666041493415833,0.2052866518497467,0.037248969078063965,,,,,2.1582868099212646,1.0309427976608276,0.8704955577850342,0.16094422340393066,,
20160318_181632_641_1,Clean_Control,Clean_Control,False,1,33,7,4.596552848815918,0.0,3.4737014770507812,1.3969941139221191,4.026500701904297,0.1497812271118164,0.7575757575757576,1.0,15.091376304626465,0.0,15.443044662475586,0.454925537109375,15.35495662689209,0.4803276062011719,0.09090909090909094,0.0,1.1888017654418945,0.0,1.5236692428588867,0.4351460933685303,1.3235046863555908,0.015013694763183594,0.21212121212121215,0.0,0.29204273223876953,0.0,-1.9131678342819214,2.74360990524292,-0.8275043964385986,0.294161319732666,0.7575757575757576,1.0,-1.169600486755371,0.0,-0.6938377022743225,0.6154567003250122,-0.8130096793174744,0.6498239040374756,0.09090909090909094,0.0,0.665351152420044,0.0,0.3439560532569885,0.3998633325099945,0.5021844506263733,0.042872101068496704,0.7575757575757576,1.0,0.34106042981147766,0.0,0.3933457136154175,0.06763732433319092,0.3802489638328552,0.07141420245170593,0.09090909090909094,0.0,-1.4616432189941406,0.0,1.7148857116699219,2.9864892959594727,-0.18527209758758545,0.370684951543808,0.1515151515151515,0.0,1.4616432189941406,0.0,2.0693211555480957,1.5525193214416504,0.297580361366272,0.08013039827346802,0.303030303030303,0.8571428571428572,0.5466691851615906,0.0,1.4089535474777222,1.8870041370391846,0.7401506304740906,0.06876540184020996,0.1515151515151515,0.0,-0.14568187296390533,0.0,0.03472297638654709,0.08705636113882065,-0.07855042815208435,0.13673411309719086,0.0,0.2857142857142857,0.11811494827270508,0.0,1.5299992561340332,1.7432169914245605,0.807243824005127,0.9527314901351929,0.06060606060606055,0.0,0.2104358673095703,0.0,1.3804484605789185,1.866443157196045,1.5821741819381714,1.2960524559020996,0.06060606060606055,0.1428571428571429,0.027423858642578125,0.0,0.1260690689086914,0.41658496856689453,0.05142974853515625,0.023199081420898438,0.0,0.1428571428571429,0.063934326171875,0.0,0.11468505859375,0.3037872314453125,0.0931243896484375,0.04404449462890625,0.3939393939393939,0.1428571428571429,0.11413548141717911,0.0,0.28167709708213806,0.2173137664794922,0.17822299897670746,0.01895834505558014,0.24242424242424243,0.0,0.5466691851615906,0.0,1.4089535474777222,1.8870041370391846,0.7401506304740906,0.06876540184020996,0.1515151515151515,0.0
20160326_142521_1281_1081,Clean_Control,Clean_Control,False,1,63,12,4.752527713775635,0.0,3.997636318206787,0.751732349395752,4.648068428039551,0.3878192901611328,0.9841269841269842,0.6666666666666667,15.632824897766113,0.0,15.952383041381836,2.9120960235595703,16.056785583496094,1.3455047607421875,0.4285714285714286,0.33333333333333337,1.1906815767288208,0.0,1.3296184539794922,0.2187058925628662,1.1816809177398682,0.14710450172424316,0.09523809523809523,0.5833333333333333,-0.32713255286216736,0.0,-2.1095759868621826,1.774984359741211,-0.5737810134887695,0.915716290473938,0.9841269841269842,0.6666666666666667,0.18809327483177185,0.0,0.6415146589279175,4.131977081298828,0.789652943611145,1.9091376066207886,0.4285714285714286,0.33333333333333337,0.631587564945221,0.0,0.35806041955947876,0.2723824381828308,0.5937378406524658,0.14052236080169678,0.9841269841269842,0.6666666666666667,0.4532284140586853,0.0,0.4965779483318329,0.395039439201355,0.5107407569885254,0.18252387642860413,0.4285714285714286,0.33333333333333337,0.5152258276939392,0.0,2.002558708190918,3.7887816429138184,0.6037881374359131,2.4829132556915283,0.3015873015873016,0.41666666666666663,0.5152258276939392,0.0,2.002558708190918,3.366464138031006,1.4204869270324707,2.2633116245269775,0.19047619047619047,0.25,0.7383180856704712,0.0,1.1397647857666016,1.2375596761703491,0.7360771298408508,0.41347795724868774,0.2222222222222222,0.5,0.07500819116830826,0.0,-0.04305257648229599,0.23143577575683594,-0.07914240658283234,0.24823817610740662,0.7619047619047619,0.6666666666666667,1.6990691423416138,0.0,1.328540325164795,0.8769239187240601,1.6466014385223389,1.2353639602661133,0.6984126984126984,0.5,3.6371991634368896,0.0,6.036357402801514,5.795703887939453,3.878143072128296,3.9179420471191406,0.33333333333333337,0.41666666666666663,0.05716896057128906,0.0,0.04162311553955078,0.030998706817626953,0.06913185119628906,0.05385446548461914,0.6825396825396826,0.33333333333333337,0.54248046875,0.0,1.7345428466796875,1.0379638671875,0.8340530395507812,1.7624664306640625,0.11111111111111116,0.41666666666666663,0.1669749766588211,0.0,0.23890991508960724,0.25131624937057495,0.1596623957157135,0.13583947718143463,0.25396825396825395,0.5833333333333333,0.7383180856704712,0.0,1.1397647857666016,1.2375596761703491,0.7360771298408508,0.41347795724868774,0.2222222222222222,0.5
20160326_142521_641_1081,Clean_Control,Clean_Control,False,1,32,8,4.7600579261779785,0.0,4.37956428527832,0.28007936477661133,4.525869369506836,0.30698728561401367,0.96875,0.75,17.040205001831055,0.0,15.36351203918457,0.4785928726196289,15.90210247039795,0.9286231994628906,1.0,1.0,1.2753005027770996,0.0,1.2650530338287354,0.0661473274230957,1.25127375125885,0.06006336212158203,0.65625,0.75,0.3948664665222168,0.0,-0.4808952808380127,0.6446424126625061,-0.14415296912193298,0.7065759897232056,0.96875,0.75,1.776817798614502,0.0,-0.532429575920105,0.6591476798057556,0.20935113728046417,1.2789597511291504,1.0,1.0,0.6771169900894165,0.0,0.5315715670585632,0.10713505744934082,0.5875357389450073,0.11742794513702393,0.96875,0.75,0.6288440823554993,0.0,0.38561514019966125,0.06942683458328247,0.4637455940246582,0.13471055030822754,1.0,1.0,1.3819513320922852,0.0,0.015895307064056396,1.076303482055664,0.04127591848373413,0.5572463274002075,0.9375,0.875,1.3819513320922852,0.0,0.46757081151008606,0.4953903555870056,0.17074254155158997,0.3016563057899475,0.90625,0.875,0.9336105585098267,0.0,0.7646818161010742,0.17693418264389038,0.7376288771629333,0.09922999143600464,0.84375,0.875,-0.03231799602508545,0.0,-0.08356546610593796,0.16840146481990814,-0.09865901619195938,0.19214506447315216,0.625,0.625,0.9580135345458984,0.0,1.0340583324432373,0.8427112102508545,0.9894083738327026,1.3486475944519043,0.4375,0.5,0.9158439636230469,0.0,1.4174480438232422,0.7907068729400635,2.3574740886688232,0.9139828681945801,0.1875,0.125,0.027973175048828125,0.0,0.04192066192626953,0.017164230346679688,0.055640220642089844,0.01625967025756836,0.15625,0.0,0.35595703125,0.0,0.089263916015625,0.07152175903320312,0.31534576416015625,0.20055770874023438,1.0,0.875,0.20304307341575623,0.0,0.18505528569221497,0.04750652611255646,0.17636525630950928,0.04309795796871185,0.6875,0.75,0.9336105585098267,0.0,0.7646818161010742,0.17693418264389038,0.7376288771629333,0.09922999143600464,0.84375,0.875
20160326_142745_1281_1081,Clean_Control,Clean_Control,False,4,69,19,3.024111747741699,0.13022232055664062,2.843231678009033,0.6123130321502686,2.7393975257873535,0.24624896049499512,0.6014492753623188,0.7894736842105263,15.370889663696289,1.1882104873657227,15.768954277038574,0.4455080032348633,15.43797779083252,0.5567893981933594,0.34782608695652173,0.4736842105263158,1.6574742794036865,0.10733270645141602,1.692150354385376,0.22891557216644287,1.7238256931304932,0.10773694515228271,0.38768115942028986,0.2763157894736842,-1.2938203811645508,0.11735856533050537,-1.4568325281143188,0.5518268346786499,-1.5504095554351807,0.221923828125,0.6014492753623188,0.7894736842105263,-0.13219940662384033,1.7220995426177979,0.44472506642341614,0.645684540271759,-0.03496641665697098,0.8069670796394348,0.34782608695652173,0.4736842105263158,0.26025837659835815,0.03218585252761841,0.21555186808109283,0.15133996307849884,0.1898881047964096,0.060863196849823,0.6014492753623188,0.7894736842105263,0.4873131215572357,0.17567986249923706,0.5461680293083191,0.06586945056915283,0.4972323179244995,0.08232265710830688,0.34782608695652173,0.4736842105263158,1.2442116737365723,1.5221503973007202,1.7630716562271118,0.9452247619628906,1.4328356981277466,0.7362054586410522,0.36231884057971014,0.42105263157894735,1.5710957050323486,1.0852198600769043,1.7702045440673828,0.9378422498703003,1.4932341575622559,0.6979836225509644,0.4818840579710145,0.5789473684210527,1.8833211660385132,0.6369997262954712,2.0948755741119385,1.4318097829818726,2.289947032928467,0.7380517721176147,0.35869565217391297,0.32894736842105265,-0.047198109328746796,0.07494982331991196,-0.048808131366968155,0.10605961829423904,-0.01767425239086151,0.09583620727062225,0.4673913043478261,0.3157894736842105,1.2021546363830566,0.5110130310058594,1.409233808517456,1.3183238506317139,1.169882893562317,0.5084903240203857,0.3188405797101449,0.42105263157894735,1.3078455924987793,2.4023499488830566,1.8051249980926514,1.2205811738967896,1.5426428318023682,4.565357685089111,0.4130434782608696,0.4210526315789474,0.03766989707946777,0.008608460426330566,0.05013561248779297,0.0657200813293457,0.03906393051147461,0.012696027755737305,0.4057971014492754,0.4736842105263158,1.1649093627929688,2.386035919189453,0.13043212890625,0.12652587890625,0.1062469482421875,1.17596435546875,0.5579710144927537,0.5789473684210527,0.37099480628967285,0.10805016756057739,0.41114088892936707,0.095843106508255,0.3971017897129059,0.06979367136955261,0.3876811594202898,0.381578947368421,1.8833211660385132,0.6369997262954712,2.0948755741119385,1.4318097829818726,2.289947032928467,0.7380517721176147,0.35869565217391297,0.32894736842105265
20160326_142745_1921_1081,Clean_Control,Clean_Control,False,3,103,15,2.9890265464782715,0.19272184371948242,2.9084200859069824,0.7242388725280762,2.9203028678894043,0.1471705436706543,0.6472491909385113,0.7333333333333334,16.001821517944336,1.3486194610595703,15.732086181640625,0.5609073638916016,15.56099796295166,1.0842304229736328,0.6181229773462783,0.711111111111111,1.6777275800704956,0.1435079574584961,1.6932575702667236,0.22278010845184326,1.6680901050567627,0.13496184349060059,0.4174757281553398,0.5111111111111111,-0.674803614616394,0.195623517036438,-0.7566236853599548,0.73514324426651,-0.7445619702339172,0.14938616752624512,0.6472491909385113,0.7333333333333334,0.5784048438072205,1.898247480392456,0.19873926043510437,0.789505124092102,-0.0420757420361042,1.5261070728302002,0.6181229773462783,0.711111111111111,0.25920403003692627,0.049548566341400146,0.23848019540309906,0.1862010359764099,0.2415352463722229,0.037837326526641846,0.6472491909385113,0.7333333333333334,0.5003571510314941,0.20028692483901978,0.4602980315685272,0.08330187201499939,0.4348892867565155,0.16102182865142822,0.6181229773462783,0.711111111111111,1.2532083988189697,2.0938711166381836,1.0482733249664307,1.125946044921875,0.7296889424324036,1.694007396697998,0.5533980582524272,0.6444444444444444,1.2532083988189697,1.788694143295288,1.1283700466156006,1.1989502906799316,1.0809171199798584,1.6114318370819092,0.5210355987055015,0.5333333333333333,1.7799158096313477,0.8508532047271729,1.7992595434188843,1.3119027614593506,1.703486680984497,0.7511118650436401,0.4530744336569579,0.6,0.031547002494335175,0.11172182857990265,-0.060552407056093216,0.108761727809906,0.0007577097276225686,0.08735140413045883,0.7734627831715211,0.6666666666666666,1.2454935312271118,0.0907130241394043,1.1330699920654297,0.956687331199646,0.83697909116745,0.3014971613883972,0.5889967637540453,0.9111111111111111,10.970198631286621,4.115475177764893,2.616102457046509,4.561587810516357,2.283952236175537,4.88510799407959,0.8511326860841424,0.888888888888889,0.029242515563964844,0.006193637847900391,0.034064292907714844,0.0376131534576416,0.025382041931152344,0.014780998229980469,0.43365695792880254,0.6000000000000001,1.335052490234375,1.2089080810546875,0.186004638671875,1.4413681030273438,1.044158935546875,2.7569961547851562,0.7346278317152103,0.5777777777777778,0.3706625699996948,0.16917955875396729,0.36251214146614075,0.12367680668830872,0.332844614982605,0.14303100109100342,0.5533980582524272,0.6444444444444444,1.7799158096313477,0.8508532047271729,1.7992595434188843,1.3119027614593506,1.703486680984497,0.7511118650436401,0.4530744336569579,0.6
20160328_151057_1281_721,Clean_Control,Clean_Control,False,2,259,20,3.593226909637451,0.0753176212310791,3.7659389972686768,0.81402587890625,3.3832976818084717,0.3328685760498047,0.38223938223938225,0.7,16.34353256225586,0.24712562561035156,15.693145751953125,0.7376766204833984,15.769668579101562,0.5751571655273438,0.8359073359073359,0.7749999999999999,1.5148651599884033,0.03608524799346924,1.4387624263763428,0.21320843696594238,1.528461217880249,0.11322283744812012,0.667953667953668,0.425,0.5074479579925537,0.18041712045669556,0.9211645126342773,1.9499294757843018,0.004580311477184296,0.7973579168319702,0.38223938223938225,0.7,1.429732322692871,0.3466883897781372,0.5173201560974121,1.0348711013793945,0.6246716976165771,0.8068757057189941,0.8359073359073359,0.7749999999999999,0.5210878252983093,0.025945603847503662,0.5805839896202087,0.2804173231124878,0.4487709701061249,0.11466720700263977,0.38223938223938225,0.7,0.5276826620101929,0.03049755096435547,0.44741928577423096,0.09103584289550781,0.45686280727386475,0.07097947597503662,0.8359073359073359,0.7749999999999999,0.9222843647003174,0.5271056294441223,-0.24798476696014404,1.9046685695648193,0.6752744913101196,1.260271668434143,0.7702702702702702,0.625,0.9222843647003174,0.5271056294441223,1.0166231393814087,1.199680209159851,0.9701877236366272,1.0319327116012573,0.4420849420849421,0.55,1.0160713195800781,0.09956467151641846,0.8155555129051208,0.38182032108306885,1.0028585195541382,0.3030961751937866,0.7123552123552124,0.5,-0.05725059658288956,0.047944582998752594,-0.009711820632219315,0.09759610891342163,-0.07098972052335739,0.1869077980518341,0.27606177606177607,0.5249999999999999,0.4134572744369507,0.2804145812988281,2.23366379737854,1.760056495666504,1.7457516193389893,0.8868964910507202,0.03667953667953666,0.04999999999999999,3.0074567794799805,0.5244696140289307,2.2870469093322754,2.16015625,4.56851863861084,3.616476535797119,0.6621621621621621,0.25,0.05583810806274414,0.00921010971069336,0.0911865234375,0.11393880844116211,0.08532190322875977,0.019100427627563477,0.25868725868725867,0.125,0.29595947265625,0.18365478515625,0.13018798828125,0.19147491455078125,0.5801773071289062,0.7493438720703125,0.611969111969112,0.3,0.2535049319267273,0.02829672396183014,0.19076025485992432,0.11854606866836548,0.24833029508590698,0.07391747832298279,0.7393822393822395,0.525,1.0160713195800781,0.09956467151641846,0.8155555129051208,0.38182032108306885,1.0028585195541382,0.3030961751937866,0.7123552123552124,0.5
20160328_151244_1921_1081,Clean_Control,Clean_Control,False,0,48,13,,,3.7438621520996094,0.6693925857543945,3.2799298763275146,0.15348362922668457,,,,,15.638319969177246,3.388050079345703,15.753461837768555,2.830486297607422,,,,,1.4187214374542236,0.2945561408996582,1.5695598125457764,0.1227412223815918,,,,,-0.13647058606147766,1.9864423274993896,-1.5132030248641968,0.4554671049118042,,,,,0.6164848208427429,4.474772930145264,0.7685585618019104,3.738368511199951,,,,,0.44350966811180115,0.24001097679138184,0.2771666347980499,0.05503156781196594,,,,,0.4702981412410736,0.44955945014953613,0.4855762720108032,0.37557631731033325,,,,,1.128413438796997,4.753261566162109,2.2851271629333496,3.1094284057617188,,,,,2.3738534450531006,2.7765464782714844,2.2851271629333496,2.1362409591674805,,,,,1.0690007209777832,0.9811813235282898,1.6390509605407715,0.7846182584762573,,,,,-0.023635700345039368,0.0629911720752716,-0.06520386040210724,0.11237499117851257,,,,,2.3531458377838135,2.3170230388641357,1.1129894256591797,0.998531699180603,,,,,8.797563552856445,6.5155134201049805,4.242865562438965,4.846388816833496,,,,,0.09192800521850586,0.1422712802886963,0.03054523468017578,0.03343772888183594,,,,,2.6998748779296875,2.6618499755859375,1.8480682373046875,1.7962188720703125,,,,,0.25344204902648926,0.24944011867046356,0.35118818283081055,0.24982009828090668,,,,,1.0690007209777832,0.9811813235282898,1.6390509605407715,0.7846182584762573,,
20160328_151244_1921_361,Clean_Control,Clean_Control,False,0,493,10,,,4.550102233886719,1.1102039813995361,2.8290505409240723,0.42435741424560547,,,,,15.084980964660645,0.4713430404663086,15.074235916137695,0.36431884765625,,,,,1.2027193307876587,0.2692323923110962,1.679141640663147,0.129083514213562,,,,,2.041316270828247,1.7704493999481201,-0.703255832195282,0.676725447177887,,,,,-0.2601417303085327,0.6165348887443542,-0.2741972804069519,0.47654253244400024,,,,,0.6342176198959351,0.2700877785682678,0.21552428603172302,0.10323664546012878,,,,,0.3116181194782257,0.055031388998031616,0.3103635311126709,0.04253578186035156,,,,,-2.305241107940674,2.0738704204559326,0.5333729982376099,0.43848609924316406,,,,,2.317993402481079,1.8885289430618286,0.5333729982376099,0.43848609924316406,,,,,0.5324661135673523,0.30001306533813477,1.3854196071624756,0.42166662216186523,,,,,-0.017432918772101402,0.11450615525245667,-0.0007873057620599866,0.20789168775081635,,,,,2.736192226409912,2.4163060188293457,1.737044095993042,1.4063608646392822,,,,,1.4899314641952515,1.4404206275939941,0.9020828008651733,0.8671342730522156,,,,,0.13836669921875,0.18315505981445312,0.05912613868713379,0.04611861705780029,,,,,0.085205078125,0.0819244384765625,0.04349517822265625,0.030059814453125,,,,,0.11180709302425385,0.09420850872993469,0.25046515464782715,0.021915167570114136,,,,,0.5324661135673523,0.30001306533813477,1.3854196071624756,0.42166662216186523,,
20160328_151752_1281_361,Clean_Control,Clean_Control,False,1,272,8,2.8479959964752197,0.0,3.1203675270080566,1.1925160884857178,3.4246251583099365,0.8150959014892578,0.3897058823529411,0.25,13.692320823669434,0.0,15.026703834533691,0.6283102035522461,14.054330825805664,3.1554460525512695,0.018382352941176516,0.5,1.570191740989685,0.0,1.5770466327667236,0.37576770782470703,1.4454522132873535,0.2558927536010742,0.4779411764705882,0.75,-0.6067404747009277,0.0,-0.08913183212280273,2.266230583190918,0.48907244205474854,1.5489896535873413,0.3897058823529411,0.25,-2.019719123840332,0.0,0.05684420466423035,0.9777754545211792,-1.4563608169555664,4.91049861907959,0.018382352941176516,0.5,0.3572494387626648,0.0,0.43697869777679443,0.34907618165016174,0.5260417461395264,0.2385968565940857,0.3897058823529411,0.25,0.21602244675159454,0.0,0.42384031414985657,0.09785360097885132,0.2724021077156067,0.4914318919181824,0.018382352941176516,0.5,-1.4129786491394043,0.0,0.18300500512123108,1.9597055912017822,-1.658199429512024,4.917950630187988,0.08823529411764708,0.625,1.4129786491394043,0.0,0.9799658060073853,1.0852864980697632,2.897749662399292,1.8118536472320557,0.6911764705882353,0.0,0.6532174348831177,0.0,1.0092161893844604,0.7290335893630981,0.6027400493621826,0.8897640705108643,0.08823529411764708,0.625,-0.13778841495513916,0.0,-0.03252893686294556,0.11684688925743103,-0.0017350725829601288,0.1545698046684265,0.09926470588235292,0.0,3.869137763977051,0.0,1.7259202003479004,1.5500677824020386,2.749569892883301,0.7275476455688477,0.9522058823529411,1.0,11.64840316772461,0.0,1.9246877431869507,1.7079758644104004,10.635863304138184,5.734231948852539,1.0,0.625,0.18800067901611328,0.0,0.05424332618713379,0.08222174644470215,0.13954448699951172,0.04177892208099365,0.8823529411764706,1.0,2.1638336181640625,0.0,0.105621337890625,0.10248565673828125,1.9969406127929688,0.55548095703125,0.9926470588235294,0.625,0.13884854316711426,0.0,0.23375418782234192,0.12717407941818237,0.12954987585544586,0.22538647055625916,0.11029411764705888,0.625,0.6532174348831177,0.0,1.0092161893844604,0.7290335893630981,0.6027400493621826,0.8897640705108643,0.08823529411764708,0.625
20160328_152022_1921_361,Clean_Control,Clean_Control,False,0,315,9,,,4.122809410095215,1.1204569339752197,2.851574420928955,0.21402835845947266,,,,,15.140809059143066,0.6755504608154297,15.090367317199707,0.14330196380615234,,,,,1.308213472366333,0.2828254699707031,1.6563539505004883,0.12031018733978271,,,,,1.5788755416870117,1.8559420108795166,-0.5268176198005676,0.3545198142528534,,,,,-0.06556928157806396,0.9831513166427612,-0.13897889852523804,0.2085523158311844,,,,,0.5968710780143738,0.28685858845710754,0.27141040563583374,0.05479538440704346,,,,,0.3956283628940582,0.10235202312469482,0.3879859745502472,0.0217115581035614,,,,,-1.3910948038101196,2.2686636447906494,0.20466089248657227,0.8935273289680481,,,,,1.4884183406829834,1.9165618419647217,0.697076678276062,0.8543764352798462,,,,,0.7316007614135742,0.3920988440513611,1.2581123113632202,0.4859166145324707,,,,,-0.008252494968473911,0.10799890756607056,-0.01829652115702629,0.058763958513736725,,,,,2.408893585205078,2.7230443954467773,2.6591806411743164,0.5529870986938477,,,,,2.0059993267059326,3.141514539718628,1.1843849420547485,2.181994676589966,,,,,0.10871601104736328,0.16287946701049805,0.0997934341430664,0.0479121208190918,,,,,0.1201324462890625,0.32968902587890625,0.1634674072265625,0.1732025146484375,,,,,0.16302962601184845,0.13535352051258087,0.2716977298259735,0.06087419390678406,,,,,0.7316007614135742,0.3920988440513611,1.2581123113632202,0.4859166145324707,,
20160328_152022_1_721,Clean_Control,Clean_Control,False,2,109,39,2.7672224044799805,0.15916681289672852,3.1405510902404785,0.6976735591888428,2.4084503650665283,0.6361112594604492,0.22935779816513757,0.7948717948717948,14.932975769042969,0.01704692840576172,15.040736198425293,0.5561561584472656,15.067840576171875,0.37146472930908203,0.41743119266055045,0.21794871794871795,1.687354564666748,0.05872166156768799,1.5710440874099731,0.21525585651397705,1.864493727684021,0.24924838542938232,0.7706422018348624,0.16666666666666669,-1.318572759628296,0.14972925186157227,-0.9673797488212585,0.6563065648078918,-1.6560721397399902,0.5983942747116089,0.22935779816513757,0.7948717948717948,-0.09257278591394424,0.024574577808380127,0.06277794390916824,0.8017681837081909,0.10185226798057556,0.5355125665664673,0.41743119266055045,0.21794871794871795,0.26504528522491455,0.03940668702125549,0.3574743866920471,0.17273077368736267,0.17622010409832,0.1574890911579132,0.22935779816513757,0.7948717948717948,0.4141673147678375,0.0023336410522460938,0.4289196729660034,0.07613718509674072,0.4326302409172058,0.05085310339927673,0.41743119266055045,0.21794871794871795,1.2260000705718994,0.17430388927459717,1.0601751804351807,1.1433219909667969,1.8015451431274414,0.49419617652893066,0.5779816513761468,0.07692307692307693,1.2260000705718994,0.17430388927459717,1.0601751804351807,1.0258028507232666,1.8015451431274414,0.49419617652893066,0.5779816513761468,0.07692307692307693,1.4976942539215088,0.19474291801452637,1.1758631467819214,0.5622065663337708,2.287684917449951,1.5901118516921997,0.7431192660550459,0.15384615384615385,0.03090224228799343,0.015208739787340164,-0.013153278268873692,0.09121163189411163,-0.0014406188856810331,0.09974759072065353,0.701834862385321,0.6794871794871795,1.261199712753296,0.01641523838043213,2.943110466003418,2.23966121673584,1.5479650497436523,0.9473735094070435,0.07339449541284404,0.3974358974358974,1.8071414232254028,0.1935417652130127,1.9154645204544067,1.5532307624816895,1.3166847229003906,1.3276934623718262,0.481651376146789,0.6923076923076924,0.04492354393005371,0.008721590042114258,0.1560220718383789,0.18776893615722656,0.04639482498168945,0.05555391311645508,0.06880733944954126,0.5,0.161712646484375,0.000701904296875,0.1130828857421875,0.075408935546875,0.0605316162109375,0.14186859130859375,0.7522935779816513,0.717948717948718,0.3044862151145935,0.018036097288131714,0.26973557472229004,0.10451139509677887,0.35725462436676025,0.059354692697525024,0.6467889908256881,0.10256410256410259,1.4976942539215088,0.19474291801452637,1.1758631467819214,0.5622065663337708,2.287684917449951,1.5901118516921997,0.7431192660550459,0.15384615384615385
20160328_152305_1281_361,Clean_Control,Clean_Control,False,1,235,10,2.3099682331085205,0.0,4.421780109405518,0.866304874420166,2.646483898162842,0.26924991607666016,0.0,0.09999999999999998,15.913834571838379,0.0,15.244500160217285,0.8925762176513672,15.875506401062012,0.2678489685058594,0.8425531914893617,0.6,1.9299180507659912,0.0,1.2336726188659668,0.18561387062072754,1.805312991142273,0.09590435028076172,1.0,0.8,-1.7767295837402344,0.0,2.1422903537750244,1.60765540599823,-1.1522369384765625,0.49966365098953247,0.0,0.09999999999999998,0.06989865750074387,0.0,-0.7611883282661438,1.1082777976989746,0.02230803109705448,0.33257782459259033,0.8425531914893617,0.6,0.07737769931554794,0.0,0.6514914035797119,0.23551219701766968,0.1688622683286667,0.07319784164428711,0.0,0.09999999999999998,0.5049645900726318,0.0,0.4029536247253418,0.1360345184803009,0.49912312626838684,0.04082190990447998,0.8425531914893617,0.6,1.846628189086914,0.0,-2.881869316101074,1.6663427352905273,1.0928573608398438,0.9810163378715515,1.0,0.6,1.846628189086914,0.0,2.881869316101074,1.6663427352905273,1.0928573608398438,0.9810163378715515,0.24255319148936172,0.6,4.356842517852783,0.0,0.655318021774292,0.2679697871208191,2.6196839809417725,0.8142921924591064,1.0,0.9,0.10200480371713638,0.0,-0.008192582987248898,0.10191766917705536,-0.05151834711432457,0.07340265065431595,0.9787234042553191,0.9,0.9401445388793945,0.0,2.0346877574920654,2.661464214324951,0.8229939341545105,0.4828948974609375,0.174468085106383,0.6,0.6550369262695312,0.0,2.1033706665039062,2.4621219635009766,2.019653797149658,1.0309851169586182,0.11914893617021272,0.0,0.05150747299194336,0.0,0.10379981994628906,0.1839146614074707,0.050131797790527344,0.008572220802307129,0.28936170212765955,0.7,0.0848388671875,0.0,0.1101531982421875,0.2204132080078125,0.099395751953125,0.0598602294921875,0.4042553191489362,0.4,0.46589159965515137,0.0,0.13517946004867554,0.09265010803937912,0.4046206772327423,0.07932984828948975,0.9957446808510638,0.6,4.356842517852783,0.0,0.655318021774292,0.2679697871208191,2.6196839809417725,0.8142921924591064,1.0,0.9
20160328_152305_1281_721,Clean_Control,Clean_Control,False,0,227,18,,,3.9339234828948975,0.7482376098632812,3.44160795211792,0.4089047908782959,,,,,15.072492599487305,0.7557373046875,16.332469940185547,1.5818099975585938,,,,,1.35957670211792,0.20625972747802734,1.5340319871902466,0.1801079511642456,,,,,0.7560847401618958,1.4868205785751343,-0.22219403088092804,0.8125336170196533,,,,,-0.9857163429260254,0.9863512516021729,0.658745288848877,2.064499855041504,,,,,0.5459551215171814,0.2196437120437622,0.40143686532974243,0.12003320455551147,,,,,0.32769009470939636,0.10754835605621338,0.5069966316223145,0.22510603070259094,,,,,-1.5710422992706299,1.9893405437469482,0.7002325057983398,2.3833422660827637,,,,,1.7054176330566406,1.6888060569763184,1.5985727310180664,1.4636502265930176,,,,,0.6631652116775513,0.351733922958374,1.1998114585876465,0.6480437517166138,,,,,-0.01561667863279581,0.07612483203411102,-0.06425502896308899,0.09038424491882324,,,,,2.545686721801758,2.4791483879089355,1.4935686588287354,0.8635309934616089,,,,,2.4082603454589844,3.4908218383789062,5.974042892456055,5.980102062225342,,,,,0.11180686950683594,0.15934181213378906,0.05678558349609375,0.03628063201904297,,,,,0.1892852783203125,1.4287338256835938,1.4717559814453125,1.1059799194335938,,,,,0.15282951295375824,0.10360755026340485,0.2921450138092041,0.15884800255298615,,,,,0.6631652116775513,0.351733922958374,1.1998114585876465,0.6480437517166138,,
20160328_152305_641_361,Clean_Control,Clean_Control,False,0,176,13,,,4.129293441772461,0.6688814163208008,3.537022352218628,0.3367300033569336,,,,,15.498283386230469,0.7495031356811523,15.359636306762695,0.2864828109741211,,,,,1.307800531387329,0.21301138401031494,1.4854950904846191,0.09479236602783203,,,,,1.6535899639129639,1.3924508094787598,0.42062345147132874,0.7009909152984619,,,,,-0.30390113592147827,1.0194109678268433,-0.49247780442237854,0.3896496295928955,,,,,0.6424217820167542,0.1844937801361084,0.47905898094177246,0.09287828207015991,,,,,0.3437125086784363,0.1033257246017456,0.3245986998081207,0.039494216442108154,,,,,-2.075218915939331,2.6668612957000732,-1.0363125801086426,0.45898985862731934,,,,,2.202281951904297,2.02535343170166,1.0363125801086426,0.45898985862731934,,,,,0.5518112182617188,0.3641901910305023,0.6842072606086731,0.07252979278564453,,,,,-0.029291657730937004,0.1012369692325592,-0.08157828450202942,0.1587352305650711,,,,,1.7895034551620483,2.0656051635742188,1.0650818347930908,0.9196810722351074,,,,,1.855055570602417,1.5893120765686035,1.6190675497055054,0.5182704925537109,,,,,0.07164192199707031,0.15254664421081543,0.07492828369140625,0.025565147399902344,,,,,0.0930023193359375,0.126708984375,0.051422119140625,0.0406036376953125,,,,,0.11017051339149475,0.110623799264431,0.16324804723262787,0.02246767282485962,,,,,0.5518112182617188,0.3641901910305023,0.6842072606086731,0.07252979278564453,,
20160328_152305_641_721,Clean_Control,Clean_Control,False,1,307,8,3.2493298053741455,0.0,3.6412103176116943,0.7851824760437012,3.1657462120056152,0.1811971664428711,0.2247557003257329,0.875,13.923341751098633,0.0,15.503270149230957,1.043905258178711,17.515830993652344,2.4715118408203125,0.061889250814332275,0.25,1.455094337463379,0.0,1.4495325088500977,0.24573838710784912,1.6807336807250977,0.15802454948425293,0.504885993485342,0.25,-0.45981478691101074,0.0,0.4669882655143738,1.8569681644439697,-0.6574909687042236,0.4285343289375305,0.2247557003257329,0.875,-2.471379041671753,0.0,-0.2820412516593933,1.4465606212615967,2.5068039894104004,3.424821138381958,0.061889250814332275,0.25,0.3902669847011566,0.0,0.5131820440292358,0.24627608060836792,0.36405062675476074,0.056833356618881226,0.2247557003257329,0.875,0.18250226974487305,0.0,0.42742273211479187,0.1618262529373169,0.7394098043441772,0.38313356041908264,0.061889250814332275,0.25,-2.011564254760742,0.0,-0.751724123954773,2.8585619926452637,3.049798011779785,3.5754995346069336,0.254071661237785,0.25,2.011564254760742,0.0,1.5120984315872192,1.660386085510254,3.049798011779785,1.414473056793213,0.6547231270358307,0.125,0.5280938148498535,0.0,0.8463431596755981,0.5810200572013855,1.782456398010254,0.9719870090484619,0.17263843648208466,0.25,0.09771525114774704,0.0,-0.012874254025518894,0.11392247676849365,0.026347054168581963,0.12475328147411346,0.9543973941368078,1.0,0.4990420341491699,0.0,1.8905024528503418,1.5526983737945557,2.1066884994506836,1.5541685819625854,0.0456026058631922,0.0,0.37277984619140625,0.0,2.5953941345214844,4.651430606842041,9.078901290893555,5.6084184646606445,0.03583061889250816,0.125,0.018799781799316406,0.0,0.07466650009155273,0.09099912643432617,0.08597898483276367,0.10448825359344482,0.05863192182410426,0.125,3.6466064453125,0.0,0.22113037109375,1.296295166015625,2.845062255859375,0.977813720703125,0.990228013029316,1.0,0.11127765476703644,0.0,0.19547420740127563,0.16144752502441406,0.45100826025009155,0.2587185502052307,0.2052117263843648,0.25,0.5280938148498535,0.0,0.8463431596755981,0.5810200572013855,1.782456398010254,0.9719870090484619,0.17263843648208466,0.25
20160328_152511_1281_361,Clean_Control,Clean_Control,False,2,119,21,2.5361852645874023,0.08466792106628418,3.3420028686523438,0.662661075592041,2.337275505065918,0.29763031005859375,0.0672268907563025,0.7142857142857142,15.45012378692627,0.17014312744140625,15.749133110046387,0.5304946899414062,15.826937675476074,0.5523815155029297,0.23529411764705882,0.2142857142857143,1.807420015335083,0.04440772533416748,1.5554382801055908,0.2453596591949463,1.8942322731018066,0.14655852317810059,0.8907563025210083,0.19047619047619047,-1.447613000869751,0.16424047946929932,0.11553089320659637,1.285445213317871,-1.8334624767303467,0.5773502588272095,0.0672268907563025,0.7142857142857142,-0.5431913137435913,0.2253996729850769,-0.14707426726818085,0.7027807831764221,-0.0440014973282814,0.73177570104599,0.23529411764705882,0.2142857142857143,0.25344160199165344,0.03131309151649475,0.5514610409736633,0.24507513642311096,0.1798778921365738,0.11007403582334518,0.0672268907563025,0.7142857142857142,0.34382790327072144,0.023029178380966187,0.3842993676662445,0.07180339097976685,0.3948303461074829,0.07476583123207092,0.23529411764705882,0.2142857142857143,0.9044215679168701,0.389640212059021,-0.21154066920280457,1.708005428314209,1.6096793413162231,1.3628977537155151,0.7521008403361344,0.19047619047619052,0.9044215679168701,0.389640212059021,0.879000186920166,1.1579673290252686,1.6096793413162231,1.3628977537155151,0.47058823529411764,0.19047619047619052,1.3197561502456665,0.212083101272583,0.720194935798645,0.4358408451080322,1.8378595113754272,1.3794963359832764,0.8613445378151261,0.19047619047619047,-0.006249835714697838,0.06392872333526611,-0.016478346660733223,0.08320178091526031,-0.06187593936920166,0.053685955703258514,0.5672268907563025,0.6666666666666667,0.7466050982475281,0.40670645236968994,3.009725570678711,2.429905652999878,1.2764813899993896,1.2476361989974976,0.1092436974789916,0.23809523809523814,3.741239070892334,0.22829675674438477,2.610551357269287,2.182220697402954,1.533172845840454,1.7457141876220703,0.7184873949579832,0.8571428571428572,0.026026248931884766,0.0075130462646484375,0.15951108932495117,0.15005254745483398,0.059070587158203125,0.05345010757446289,0.12605042016806722,0.2142857142857143,0.24118804931640625,0.02089691162109375,0.14898681640625,0.22490692138671875,0.1343994140625,0.0912933349609375,0.6680672268907563,0.8333333333333334,0.2574087381362915,0.027958929538726807,0.17056484520435333,0.12157508730888367,0.3103223741054535,0.10844066739082336,0.7773109243697478,0.2142857142857143,1.3197561502456665,0.212083101272583,0.720194935798645,0.4358408451080322,1.8378595113754272,1.3794963359832764,0.8613445378151261,0.19047619047619047
20160328_152511_1921_361,Clean_Control,Clean_Control,False,1,151,9,2.7972865104675293,0.0,3.5471882820129395,1.6547224521636963,2.3550174236297607,0.3271472454071045,0.26490066225165565,0.8888888888888888,17.004121780395508,0.0,15.560076713562012,0.5395784378051758,16.091463088989258,0.4498777389526367,0.9801324503311258,1.0,1.8047760725021362,0.0,1.4754817485809326,0.4500685930252075,1.9027607440948486,0.16038382053375244,0.8874172185430463,0.2222222222222222,-1.1180375814437866,0.0,0.5006413459777832,3.57175350189209,-2.0726850032806396,0.7061542272567749,0.26490066225165565,0.8888888888888888,1.695122480392456,0.0,-0.3030474781990051,0.7466315031051636,0.4322483539581299,0.622509777545929,0.9801324503311258,1.0,0.24372167885303497,0.0,0.433230459690094,0.4181672930717468,0.13195520639419556,0.08267385512590408,0.26490066225165565,0.8888888888888888,0.6404498219490051,0.0,0.41833174228668213,0.08299612998962402,0.5000677704811096,0.06919866800308228,0.9801324503311258,1.0,2.813159942626953,0.0,-1.014047622680664,3.3616724014282227,2.106349468231201,0.7781987190246582,0.9933774834437086,0.7777777777777778,2.813159942626953,0.0,1.6436253786087036,1.5421596765518188,2.106349468231201,0.7781987190246582,0.794701986754967,0.7777777777777778,2.350694179534912,0.0,0.910086989402771,0.9798767566680908,2.76782488822937,1.7178328037261963,0.9536423841059603,0.33333333333333337,0.08896519988775253,0.0,-0.01878376677632332,0.11047607660293579,0.014641113579273224,0.0777471661567688,0.9602649006622517,0.8888888888888888,2.2280049324035645,0.0,2.500439405441284,3.6407227516174316,1.6157760620117188,0.9850361347198486,0.4437086092715232,0.7777777777777778,0.3132591247558594,0.0,1.8038241863250732,1.8921294212341309,2.605968475341797,0.7017617225646973,0.039735099337748325,0.0,0.06716346740722656,0.0,0.22031021118164062,0.38750314712524414,0.05444765090942383,0.04308462142944336,0.2715231788079471,0.5555555555555556,0.1046142578125,0.0,0.10028076171875,0.1271514892578125,0.159454345703125,0.044921875,0.5496688741721854,0.0,0.4843583405017853,0.0,0.21893885731697083,0.17263665795326233,0.4139433205127716,0.05746018886566162,0.9933774834437086,0.7777777777777778,2.350694179534912,0.0,0.910086989402771,0.9798767566680908,2.76782488822937,1.7178328037261963,0.9536423841059603,0.33333333333333337
20160328_152747_1281_361,Clean_Control,Clean_Control,False,0,181,20,,,3.4987168312072754,1.0027470588684082,2.9764750003814697,0.29056239128112793,,,,,15.857260704040527,0.5682802200317383,16.324304580688477,1.2899322509765625,,,,,1.5140889883041382,0.3342006206512451,1.7237310409545898,0.1595515012741089,,,,,0.8403449058532715,2.6569902896881104,-0.5434452295303345,0.7699066400527954,,,,,0.1216859519481659,0.6690240502357483,0.6715266704559326,1.5186086893081665,,,,,0.5351598858833313,0.33461233973503113,0.36089006066322327,0.09695941209793091,,,,,0.3744904398918152,0.06671738624572754,0.4293224513530731,0.15144091844558716,,,,,-0.6406809091567993,3.061169147491455,1.3041586875915527,2.0711820125579834,,,,,1.5782333612442017,1.7329847812652588,1.3041586875915527,1.996323585510254,,,,,0.7463376522064209,0.653775691986084,1.2434897422790527,0.6057083606719971,,,,,-0.010115958750247955,0.08355226367712021,-0.0063766781240701675,0.11131154000759125,,,,,2.506063222885132,2.4688825607299805,1.6959367990493774,1.588960886001587,,,,,2.276050567626953,2.9252333641052246,4.087361812591553,4.954286098480225,,,,,0.12126541137695312,0.15989398956298828,0.06347227096557617,0.10426831245422363,,,,,0.207733154296875,0.410736083984375,0.915618896484375,1.5799102783203125,,,,,0.1728532612323761,0.13969291746616364,0.27354365587234497,0.13040614128112793,,,,,0.7463376522064209,0.653775691986084,1.2434897422790527,0.6057083606719971,,
20160328_153548_1281_721,Clean_Control,Clean_Control,False,2,441,9,3.2128522396087646,0.10325860977172852,3.609955072402954,1.210209846496582,3.4402010440826416,0.5627501010894775,0.3378684807256236,0.33333333333333337,14.895063400268555,1.506394386291504,15.153409004211426,0.5752811431884766,15.282608032226562,2.920802116394043,0.45918367346938777,0.33333333333333337,1.5292227268218994,0.06933081150054932,1.4405877590179443,0.36049044132232666,1.4903960227966309,0.16341495513916016,0.6190476190476191,0.5555555555555556,-0.026000358164310455,0.18838168680667877,0.6984612941741943,2.2078680992126465,0.3887675106525421,1.0266633033752441,0.3378684807256236,0.33333333333333337,-0.7013427019119263,2.1977732181549072,-0.32442688941955566,0.8393135070800781,-0.1359303742647171,4.261340141296387,0.45918367346938777,0.33333333333333337,0.3580241799354553,0.022753506898880005,0.44552749395370483,0.26667508482933044,0.4081214666366577,0.12400442361831665,0.3378684807256236,0.33333333333333337,0.3523431122303009,0.2415795624256134,0.39377373456954956,0.09225746989250183,0.4144933223724365,0.46840712428092957,0.45918367346938777,0.33333333333333337,-0.6753422617912292,2.0093917846679688,-0.7929918766021729,2.797184705734253,-0.5173035860061646,2.712188243865967,0.5226757369614512,0.5,2.0093915462493896,0.675342321395874,1.4281818866729736,1.7193920612335205,1.649019718170166,1.7403435707092285,0.6326530612244898,0.6111111111111112,0.9560327529907227,0.5387585163116455,0.948702871799469,0.6854526996612549,1.008382797241211,0.634852945804596,0.427437641723356,0.3888888888888889,-0.10254374891519547,0.049866966903209686,-0.029746072366833687,0.11507276445627213,0.012117386795580387,0.08627152442932129,0.23015873015873017,0.22222222222222227,2.141533136367798,0.26734304428100586,2.139166831970215,1.6433522701263428,1.599440574645996,0.4169948101043701,0.5079365079365079,0.8888888888888888,3.7352938652038574,3.3825924396514893,1.9044435024261475,2.656968116760254,5.862676620483398,5.024423122406006,0.4580498866213152,0.6111111111111112,0.052294254302978516,0.012250423431396484,0.08188247680664062,0.09421920776367188,0.041991233825683594,0.013827323913574219,0.272108843537415,0.7222222222222222,1.968536376953125,0.2808380126953125,0.1222991943359375,0.443878173828125,1.78582763671875,1.741912841796875,0.9240362811791384,0.5,0.2206989824771881,0.14707119762897491,0.2256476730108261,0.13897569477558136,0.2489529252052307,0.2061118185520172,0.48412698412698413,0.3888888888888889,0.9560327529907227,0.5387585163116455,0.948702871799469,0.6854526996612549,1.008382797241211,0.634852945804596,0.427437641723356,0.3888888888888889
20160328_153548_641_721,Clean_Control,Clean_Control,False,2,266,26,4.76910400390625,0.657442569732666,3.6369457244873047,1.0890586376190186,4.37367582321167,0.30556201934814453,0.8740601503759399,0.5576923076923077,15.080972671508789,0.1796894073486328,15.610637664794922,0.7070465087890625,15.192229270935059,0.5247678756713867,0.1766917293233083,0.30769230769230765,1.160783052444458,0.15065038204193115,1.4705653190612793,0.320654034614563,1.2371677160263062,0.07995986938476562,0.11090225563909772,0.4423076923076923,1.6415417194366455,1.1477570533752441,-0.3349684178829193,1.9012675285339355,0.9512075781822205,0.533447265625,0.8740601503759399,0.5576923076923077,-0.5259853601455688,0.25263673067092896,0.21870501339435577,0.9940813779830933,-0.36956262588500977,0.7378045320510864,0.1766917293233083,0.30769230769230765,0.7465046644210815,0.1797013282775879,0.43704771995544434,0.2976764142513275,0.638420820236206,0.08352041244506836,0.8740601503759399,0.5576923076923077,0.4186271131038666,0.03044646978378296,0.5083732604980469,0.11980143189430237,0.43747836351394653,0.08891633152961731,0.1766917293233083,0.30769230769230765,-2.167527198791504,1.4003937244415283,0.8720525503158569,2.382122278213501,-1.401501178741455,0.8529917001724243,0.11090225563909772,0.3846153846153846,2.167527198791504,1.4003937244415283,1.3669893741607666,1.7037672996520996,1.401501178741455,0.8529917001724243,0.6090225563909775,0.6153846153846154,0.6289950013160706,0.18013405799865723,1.2333018779754639,0.9624319076538086,0.692270040512085,0.14737802743911743,0.12406015037593987,0.3846153846153846,-0.08569591492414474,0.056155964732170105,-0.018804818391799927,0.08921408653259277,-0.0036642008926719427,0.18893852829933167,0.22556390977443608,0.28846153846153844,2.2677087783813477,0.5808331966400146,2.1657166481018066,2.1782734394073486,1.9969441890716553,1.4768651723861694,0.5037593984962406,0.5961538461538461,1.1524837017059326,0.3239591717720032,2.282799243927002,2.698719024658203,1.4303808212280273,1.2482752799987793,0.20488721804511278,0.40384615384615385,0.13802814483642578,0.013558387756347656,0.08987975120544434,0.14334261417388916,0.10390090942382812,0.08095121383666992,0.6334586466165413,0.6923076923076923,0.11885833740234375,0.05406951904296875,0.1948394775390625,0.49114227294921875,0.0807037353515625,0.11277389526367188,0.31203007518796994,0.5192307692307693,0.11159127950668335,0.08294585347175598,0.29855161905288696,0.17562372982501984,0.15080825984477997,0.05357442796230316,0.10338345864661652,0.40384615384615385,0.6289950013160706,0.18013405799865723,1.2333018779754639,0.9624319076538086,0.692270040512085,0.14737802743911743,0.12406015037593987,0.3846153846153846
20160328_153604_1921_361,Clean_Control,Clean_Control,False,5,188,35,4.37592887878418,0.15645456314086914,3.622060775756836,0.9328253269195557,4.09035062789917,0.2621283531188965,0.847872340425532,0.702857142857143,15.4041748046875,0.2655658721923828,15.806534767150879,0.7147006988525391,15.490440368652344,0.40543365478515625,0.25851063829787235,0.4,1.2663288116455078,0.08603382110595703,1.5044019222259521,0.2753779888153076,1.3313707113265991,0.07202374935150146,0.13617021276595748,0.28,1.0396182537078857,0.27220815420150757,-0.2720021605491638,1.6229801177978516,0.5427536964416504,0.4560655355453491,0.847872340425532,0.702857142857143,-0.3574156165122986,0.35328108072280884,0.1778419464826584,0.950764536857605,-0.24265694618225098,0.539347767829895,0.25851063829787235,0.4,0.7343222498893738,0.04748040437698364,0.5055405497550964,0.28309112787246704,0.6476557850837708,0.07955002784729004,0.847872340425532,0.702857142857143,0.4378710091114044,0.04181438684463501,0.501224160194397,0.1125326156616211,0.4514538645744324,0.06383728981018066,0.25851063829787235,0.4,-1.2360436916351318,0.3287041187286377,0.6350407004356384,1.9871231317520142,-0.8076884746551514,0.8217920064926147,0.13085106382978723,0.3028571428571428,1.2360436916351318,0.3287041187286377,1.0787032842636108,1.6435304880142212,0.819182276725769,0.7812473177909851,0.4670212765957447,0.6742857142857144,0.6463233828544617,0.0465162992477417,1.0414767265319824,0.7033736109733582,0.717931866645813,0.1432974934577942,0.12340425531914896,0.3028571428571429,-0.0015065079787746072,0.1966983675956726,-0.006245836615562439,0.09107760339975357,-0.056715141981840134,0.1520407646894455,0.4808510638297872,0.5885714285714285,2.0540971755981445,1.162187099456787,3.1418471336364746,2.718126058578491,1.2293598651885986,1.4166792631149292,0.19680851063829785,0.5485714285714286,1.3169466257095337,0.36189985275268555,2.156553268432617,2.5041069984436035,1.6696561574935913,1.2484837770462036,0.28191489361702127,0.4,0.08510780334472656,0.0192108154296875,0.1650376319885254,0.21219301223754883,0.07045555114746094,0.031701087951660156,0.23191489361702128,0.6799999999999999,0.0445556640625,0.0437469482421875,0.1954498291015625,0.3595542907714844,0.09368896484375,0.080352783203125,0.0978723404255319,0.26857142857142857,0.12139502912759781,0.03950011730194092,0.2533529996871948,0.15332186222076416,0.16048824787139893,0.05245193839073181,0.14361702127659576,0.28,0.6463233828544617,0.0465162992477417,1.0414767265319824,0.7033736109733582,0.717931866645813,0.1432974934577942,0.12340425531914896,0.3028571428571429
20160328_153604_641_721,Clean_Control,Clean_Control,False,4,221,17,3.611240863800049,0.29424047470092773,3.543842077255249,1.0008165836334229,3.6804637908935547,0.3218691349029541,0.5746606334841629,0.42647058823529416,15.19639778137207,1.3427619934082031,15.686073303222656,0.6369705200195312,14.968018531799316,0.7271318435668945,0.3257918552036199,0.4852941176470588,1.4007842540740967,0.2016127109527588,1.4850338697433472,0.3060039281845093,1.4104347229003906,0.08201849460601807,0.3416289592760181,0.5,0.02885555475950241,0.4815538823604584,-0.08144944906234741,1.6379358768463135,0.1421455591917038,0.526770830154419,0.5746606334841629,0.42647058823529416,-0.3186092972755432,1.7814619541168213,0.3310498893260956,0.8450782895088196,-0.6216040849685669,0.9646966457366943,0.3257918552036199,0.4852941176470588,0.47959721088409424,0.07507544755935669,0.4624003767967224,0.2553582787513733,0.4972594082355499,0.08212488889694214,0.5746606334841629,0.42647058823529416,0.3557250201702118,0.19621917605400085,0.42728176712989807,0.09308117628097534,0.3223516643047333,0.10625654458999634,0.3257918552036199,0.4852941176470588,-0.5231053829193115,2.7502284049987793,0.4272873103618622,2.1992268562316895,-0.7010146379470825,0.49783915281295776,0.3257918552036199,0.47058823529411764,1.3475260734558105,1.1013870239257812,0.9465032815933228,1.6676514148712158,0.902073860168457,1.0008211135864258,0.6052036199095023,0.7058823529411764,0.7753327488899231,0.5745156407356262,0.9342707991600037,0.6423718929290771,0.6918774843215942,0.08803379535675049,0.3190045248868778,0.4852941176470588,-0.03695061430335045,0.07888996601104736,-0.04078755900263786,0.11123647540807724,-0.05197465419769287,0.13685064017772675,0.47398190045248867,0.6176470588235294,0.9084458947181702,0.6558904051780701,2.6141319274902344,2.223170280456543,1.0278913974761963,0.563818097114563,0.13348416289592763,0.3970588235294118,4.750677108764648,4.9171142578125,2.1859560012817383,2.475102424621582,1.4606717824935913,5.316349029541016,0.6334841628959276,0.7058823529411765,0.05491352081298828,0.023103713989257812,0.1314687728881836,0.1620655059814453,0.057769775390625,0.03415489196777344,0.1764705882352941,0.4852941176470588,1.0843963623046875,1.2641181945800781,0.1262359619140625,0.2523345947265625,0.42218017578125,1.45501708984375,0.7415158371040724,0.6617647058823529,0.18127602338790894,0.1540469229221344,0.22876088321208954,0.1430710405111313,0.16230778396129608,0.022237151861190796,0.32918552036199095,0.4852941176470588,0.7753327488899231,0.5745156407356262,0.9342707991600037,0.6423718929290771,0.6918774843215942,0.08803379535675049,0.3190045248868778,0.4852941176470588
20160328_153620_1281_361,Clean_Control,Clean_Control,False,0,696,12,,,3.51459002494812,1.004204273223877,2.759000778198242,0.2658877372741699,,,,,15.571634292602539,0.7113380432128906,15.739368438720703,0.8429813385009766,,,,,1.4954187870025635,0.30123305320739746,1.7162036895751953,0.10939526557922363,,,,,1.0196250677108765,1.997194766998291,-0.483115553855896,0.5288065671920776,,,,,-0.14574271440505981,0.9398193359375,0.07586730271577835,1.1137464046478271,,,,,0.46817076206207275,0.30707868933677673,0.23711688816547394,0.08130665123462677,,,,,0.40371978282928467,0.1020168662071228,0.42777538299560547,0.12089654803276062,,,,,-1.1092591285705566,2.520162582397461,0.44472482800483704,1.0496898889541626,,,,,1.433023452758789,1.9301741123199463,0.44472482800483704,0.7498037219047546,,,,,0.8857595920562744,0.6650730967521667,1.543241024017334,0.6849662065505981,,,,,-0.025955982506275177,0.131460040807724,-0.03787445276975632,0.1703225076198578,,,,,2.5683369636535645,1.8498225212097168,1.507340908050537,1.3322477340698242,,,,,2.4739606380462646,2.8435540199279785,2.2002973556518555,2.6653285026550293,,,,,0.11438274383544922,0.12746453285217285,0.07532978057861328,0.05814778804779053,,,,,0.1617584228515625,0.2840843200683594,0.1886138916015625,0.046001434326171875,,,,,0.21020783483982086,0.15690824389457703,0.31961458921432495,0.08056715130805969,,,,,0.8857595920562744,0.6650730967521667,1.543241024017334,0.6849662065505981,,
20160328_153629_641_361,Clean_Control,Clean_Control,False,0,150,5,,,4.250579833984375,1.0767905712127686,2.877394914627075,0.35683631896972656,,,,,15.50876235961914,0.5255203247070312,15.154448509216309,0.3065452575683594,,,,,1.2777549028396606,0.26445138454437256,1.7069549560546875,0.1343233585357666,,,,,0.5493556261062622,1.5355733633041382,-1.40889573097229,0.5088717937469482,,,,,0.3653559386730194,0.7846008539199829,-0.16363418102264404,0.4576716721057892,,,,,0.6343765258789062,0.3075487017631531,0.24217282235622406,0.10191817581653595,,,,,0.5494532585144043,0.09053581953048706,0.4884125888347626,0.052811115980148315,,,,,-0.12294173985719681,1.7677974700927734,1.4873343706130981,1.1871414184570312,,,,,0.8935918807983398,1.008629560470581,1.4873343706130981,1.1871414184570312,,,,,0.8753165602684021,0.47654324769973755,2.2094173431396484,0.7807013988494873,,,,,-0.0478750541806221,0.1234971433877945,0.07799547910690308,0.17769065499305725,,,,,2.649256706237793,2.028015613555908,0.9157928824424744,0.0832209587097168,,,,,1.6821457147598267,1.3086421489715576,1.6938514709472656,1.11747407913208,,,,,0.141632080078125,0.1401996612548828,0.047158241271972656,0.009267807006835938,,,,,0.09806060791015625,0.08624267578125,0.09686279296875,0.02703857421875,,,,,0.1874220073223114,0.1802937090396881,0.39381203055381775,0.11260703206062317,,,,,0.8753165602684021,0.47654324769973755,2.2094173431396484,0.7807013988494873,,
20160328_153829_1921_361,Clean_Control,Clean_Control,False,5,59,22,3.848395586013794,0.04116630554199219,4.311389446258545,0.789024829864502,3.9359066486358643,0.3695056438446045,0.22033898305084748,0.3545454545454546,15.506982803344727,0.4357614517211914,15.848597526550293,2.4672727584838867,15.135791778564453,0.9555044174194336,0.39322033898305087,0.5818181818181818,1.3719717264175415,0.02213609218597412,1.3244397640228271,0.24381983280181885,1.3429539203643799,0.1251164674758911,0.6576271186440679,0.5727272727272728,-0.41750144958496094,0.11507353186607361,0.8767206072807312,2.2055869102478027,-0.17287889122962952,1.0328922271728516,0.22033898305084748,0.3545454545454546,0.3680267035961151,0.6255680322647095,0.858440101146698,3.5419538021087646,-0.16484498977661133,1.3716984987258911,0.39322033898305087,0.5818181818181818,0.35164257884025574,0.014180004596710205,0.511123776435852,0.27178454399108887,0.3817863464355469,0.1272786557674408,0.22033898305084748,0.3545454545454546,0.5043972134590149,0.06516626477241516,0.5554842352867126,0.3689700961112976,0.4488872289657593,0.14289164543151855,0.39322033898305087,0.5818181818181818,0.7855281829833984,0.7016050815582275,0.32696354389190674,3.712733745574951,0.1680428683757782,1.536131739616394,0.6067796610169491,0.6,1.1083372831344604,1.5027925968170166,1.49696683883667,3.0167360305786133,0.6440311670303345,1.4731173515319824,0.4271186440677966,0.6181818181818182,1.3445954322814941,0.11200380325317383,1.1298819780349731,0.8768001794815063,1.1842999458312988,0.440570592880249,0.6440677966101696,0.5909090909090908,-0.00037945041549392045,0.05863785371184349,-0.017325717955827713,0.08096833527088165,-0.058963850140571594,0.11880631744861603,0.5898305084745763,0.7909090909090908,0.9760518670082092,1.2974852323532104,2.054121732711792,2.5330495834350586,1.083528757095337,0.8809785842895508,0.2406779661016949,0.40909090909090906,3.0538220405578613,1.3672363758087158,3.9790990352630615,5.758632659912109,2.2050771713256836,2.5392868518829346,0.43389830508474575,0.5818181818181818,0.04884529113769531,0.009413719177246094,0.10471916198730469,0.11527442932128906,0.08026266098022461,0.04867959022521973,0.17966101694915254,0.3,0.3355865478515625,1.428558349609375,1.6511688232421875,1.845123291015625,0.137451171875,1.115570068359375,0.33220338983050846,0.6363636363636364,0.32702967524528503,0.03960487246513367,0.28349143266677856,0.24939227104187012,0.28303301334381104,0.0805356353521347,0.6372881355932203,0.6272727272727273,1.3445954322814941,0.11200380325317383,1.1298819780349731,0.8768001794815063,1.1842999458312988,0.440570592880249,0.6440677966101696,0.5909090909090908
20160328_153829_641_361,Clean_Control,Clean_Control,False,0,117,5,,,3.901359796524048,0.7025516033172607,2.9656410217285156,0.9792680740356445,,,,,15.307903289794922,1.0487022399902344,15.316383361816406,0.37248802185058594,,,,,1.400534749031067,0.20505738258361816,1.690353274345398,0.4154934883117676,,,,,-0.6742637753486633,1.0149987936019897,-2.0261266231536865,1.4147799015045166,,,,,0.2060631811618805,1.493535041809082,0.21814028918743134,0.5304879546165466,,,,,0.5010730624198914,0.18128648400306702,0.2596200704574585,0.25269049406051636,,,,,0.45927953720092773,0.16220220923423767,0.4605911374092102,0.057612478733062744,,,,,1.2910250425338745,1.7884927988052368,3.329448699951172,1.6996604204177856,,,,,1.8232941627502441,1.5125988721847534,3.329448699951172,1.6996604204177856,,,,,1.061819076538086,0.5442472696304321,2.0297296047210693,6.128887176513672,,,,,-0.02794293873012066,0.08829565346240997,-0.04881562292575836,0.07209409028291702,,,,,2.212955951690674,1.5923738479614258,3.8218612670898438,0.25861310958862305,,,,,4.292570114135742,5.272797584533691,1.2282066345214844,1.7390124797821045,,,,,0.0947256088256836,0.09295845031738281,0.2094573974609375,0.08173942565917969,,,,,0.60150146484375,1.782958984375,0.1443634033203125,0.0078277587890625,,,,,0.25541451573371887,0.12851175665855408,0.42826908826828003,0.13925766944885254,,,,,1.061819076538086,0.5442472696304321,2.0297296047210693,6.128887176513672,,
20160329_103807_361_641,Clean_Control,Clean_Control,False,1,2,7,3.0501766204833984,0.0,2.879871129989624,0.25115060806274414,2.8349533081054688,0.34157371520996094,0.5,1.0,15.377755165100098,0.0,16.17159080505371,0.14011764526367188,15.5053129196167,0.19267749786376953,0.0,0.2857142857142857,1.6176962852478027,0.0,1.7292613983154297,0.07876360416412354,1.684485673904419,0.11250114440917969,0.0,0.0,-0.2962893545627594,0.0,-0.5474220514297485,0.37034738063812256,-0.6136579513549805,0.5036846399307251,0.5,1.0,-1.1937267780303955,0.0,-0.23305493593215942,0.16956311464309692,-1.0393608808517456,0.2331714630126953,0.0,0.2857142857142857,0.27747297286987305,0.0,0.24115383625030518,0.05356012284755707,0.23157471418380737,0.07284355163574219,0.5,1.0,0.23516421020030975,0.0,0.33666202425956726,0.01791483163833618,0.25147342681884766,0.02463527023792267,0.0,0.2857142857142857,-0.8974374532699585,0.0,0.3143671154975891,0.20078425109386444,-0.33608484268188477,0.6161906123161316,0.0,0.0,0.8974374532699585,0.0,0.3143671154975891,0.20078425109386444,0.4549682140350342,0.26678666472435,1.0,1.0,0.8708022236824036,0.0,1.3628334999084473,0.18917393684387207,1.1898176670074463,0.2816634178161621,0.0,0.0,-0.1425658017396927,0.0,-0.03645450621843338,0.055246178060770035,-0.008192582055926323,0.06649179756641388,0.0,0.0,1.3633053302764893,0.0,2.432312488555908,0.33150482177734375,1.2395045757293701,0.5167708396911621,0.0,0.5714285714285714,2.7017228603363037,0.0,4.352654457092285,1.2127251625061035,2.0018954277038574,1.2523397207260132,0.0,0.7142857142857143,0.05803966522216797,0.0,0.11909890174865723,0.018184900283813477,0.06678485870361328,0.020403385162353516,0.0,0.1428571428571429,0.1042633056640625,0.0,0.2979736328125,0.170867919921875,0.12054443359375,0.071929931640625,0.0,0.4285714285714286,0.16991250216960907,0.0,0.2545151710510254,0.004437088966369629,0.19575615227222443,0.033905014395713806,0.0,0.1428571428571429,0.8708022236824036,0.0,1.3628334999084473,0.18917393684387207,1.1898176670074463,0.2816634178161621,0.0,0.0
20160329_103807_721_1281,Clean_Control,Clean_Control,False,1,36,12,3.27714467048645,0.0,3.456441879272461,0.7916038036346436,3.3020009994506836,0.2032477855682373,0.41666666666666663,0.5,14.717364311218262,0.0,16.130393981933594,1.356557846069336,16.576841354370117,1.8828487396240234,0.2222222222222222,0.16666666666666663,1.502031922340393,0.0,1.5073063373565674,0.19641804695129395,1.6103127002716064,0.10548639297485352,0.5,0.08333333333333337,-1.7096117734909058,0.0,-1.4058071374893188,1.341308832168579,-1.6674948930740356,0.3443869352340698,0.41666666666666663,0.5,-1.952345848083496,0.0,-0.25818824768066406,1.6264522075653076,0.2770831286907196,2.2574515342712402,0.2222222222222222,0.16666666666666663,0.24855400621891022,0.0,0.3113005757331848,0.2770284414291382,0.25725263357162476,0.07112827897071838,0.41666666666666663,0.5,0.18915250897407532,0.0,0.3804284930229187,0.1836318075656891,0.44086241722106934,0.25487372279167175,0.2222222222222222,0.16666666666666663,-0.24273407459259033,0.0,0.9896585941314697,2.06139874458313,1.7934651374816895,2.2324326038360596,0.19444444444444442,0.08333333333333337,0.24273407459259033,0.0,1.5420067310333252,1.672776222229004,1.7934651374816895,2.2178397178649902,0.16666666666666663,0.08333333333333337,0.80103600025177,0.0,1.0496336221694946,0.8501007556915283,1.5698435306549072,0.6757625341415405,0.3055555555555556,0.08333333333333337,0.08575744926929474,0.0,-0.07210078835487366,0.14877811074256897,-0.06272023916244507,0.19336813688278198,0.8888888888888888,0.9166666666666666,1.2684001922607422,0.0,2.174354314804077,1.6992391347885132,0.89802086353302,0.5865935683250427,0.3055555555555556,0.75,0.23529815673828125,0.0,5.72084903717041,6.258429527282715,5.174849510192871,4.0868635177612305,0.02777777777777779,0.0,0.019148826599121094,0.0,0.06965780258178711,0.07480454444885254,0.025910377502441406,0.010013818740844727,0.13888888888888884,0.25,2.230255126953125,0.0,0.744171142578125,2.2882003784179688,1.7905426025390625,1.99066162109375,0.6388888888888888,0.6666666666666667,0.14213789999485016,0.0,0.24538883566856384,0.16231900453567505,0.3143555223941803,0.18081137537956238,0.2222222222222222,0.16666666666666663,0.80103600025177,0.0,1.0496336221694946,0.8501007556915283,1.5698435306549072,0.6757625341415405,0.3055555555555556,0.08333333333333337
20160330_170359_1921_721,Clean_Control,Clean_Control,False,1,404,8,3.2066447734832764,0.0,4.193500518798828,1.0557544231414795,3.0613112449645996,0.11870908737182617,0.0866336633663366,0.875,15.10330581665039,0.0,15.837512969970703,1.1594581604003906,18.116756439208984,1.857126235961914,0.16584158415841588,0.0,1.54966402053833,0.0,1.320518970489502,0.2884746789932251,1.7768369913101196,0.10876917839050293,0.8267326732673268,0.0,-1.2994316816329956,0.0,0.6757379174232483,2.1130688190460205,-1.5903136730194092,0.2375938892364502,0.0866336633663366,0.875,-1.8803861141204834,0.0,-1.064960241317749,1.2877178192138672,1.466414451599121,2.0625624656677246,0.16584158415841588,0.0,0.26749998331069946,0.0,0.5198773145675659,0.26999741792678833,0.23033253848552704,0.030358552932739258,0.0866336633663366,0.875,0.17710718512535095,0.0,0.26088953018188477,0.13230878114700317,0.5209798812866211,0.21192151308059692,0.16584158415841588,0.0,-0.5809544324874878,0.0,-1.7737126350402832,2.920011520385742,2.8573293685913086,1.762047529220581,0.6757425742574257,0.0,0.5809544324874878,0.0,2.019822597503662,2.1935439109802246,2.8573293685913086,1.762047529220581,0.1732673267326733,0.125,0.7152982354164124,0.0,0.5447007417678833,0.47475963830947876,1.937401533126831,0.6774202585220337,0.6485148514851485,0.0,-0.11403288692235947,0.0,-0.013140594586730003,0.10023796558380127,0.03860265761613846,0.1161503940820694,0.15594059405940597,0.0,0.20664358139038086,0.0,2.332747459411621,2.5454630851745605,0.7224099636077881,0.2844589948654175,0.017326732673267342,0.0,10.07651138305664,0.0,2.9517431259155273,3.495093584060669,8.20297622680664,2.3764166831970215,0.9702970297029703,1.0,0.02978515625,0.0,0.10150527954101562,0.16490793228149414,0.028117656707763672,0.008105278015136719,0.07178217821782173,0.625,2.805267333984375,0.0,0.32834625244140625,1.3094482421875,2.3957977294921875,1.1471786499023438,0.9603960396039604,0.75,0.12973101437091827,0.0,0.11756744235754013,0.1179375946521759,0.3875665068626404,0.14804020524024963,0.551980198019802,0.0,0.7152982354164124,0.0,0.5447007417678833,0.47475963830947876,1.937401533126831,0.6774202585220337,0.6485148514851485,0.0
20160330_172309_641_721,Clean_Control,Clean_Control,False,1,478,6,3.457530975341797,0.0,3.6315927505493164,1.0207104682922363,2.9367470741271973,0.127793550491333,0.41422594142259417,1.0,15.381852149963379,0.0,15.443672180175781,0.5695514678955078,15.260464668273926,0.23999881744384766,0.4435146443514645,0.6666666666666667,1.492611289024353,0.0,1.453488826751709,0.2972853183746338,1.6430251598358154,0.03779780864715576,0.5857740585774058,0.0,0.8850287199020386,0.0,1.228830099105835,2.0160768032073975,-0.14360810816287994,0.25241413712501526,0.41422594142259417,1.0,-0.04258502274751663,0.0,0.04307062551379204,0.7891446352005005,-0.21077392995357513,0.3325313329696655,0.4435146443514645,0.6666666666666667,0.5009708404541016,0.0,0.5504980087280273,0.2904311716556549,0.35278791189193726,0.036362141370773315,0.41422594142259417,1.0,0.44848987460136414,0.0,0.45729586482048035,0.08112955093383789,0.4311988949775696,0.03418654203414917,0.4435146443514645,0.6666666666666667,-0.9276137351989746,0.0,-1.1331408023834229,2.419555187225342,-0.0570201501250267,0.5468740463256836,0.5502092050209205,0.0,0.9276137351989746,0.0,1.48392653465271,1.5293147563934326,0.2058362364768982,0.27815502882003784,0.297071129707113,1.0,0.9047482013702393,0.0,0.8520883321762085,0.5517249703407288,1.1831674575805664,0.10211360454559326,0.5564853556485356,0.0,-0.01665239781141281,0.0,-0.022891826927661896,0.11335352808237076,0.003033994697034359,0.09924397617578506,0.5271966527196652,0.33333333333333337,1.7668812274932861,0.0,2.800879955291748,2.0899271965026855,1.2298178672790527,0.3606923818588257,0.2343096234309623,1.0,1.1553800106048584,0.0,1.904756784439087,2.3877930641174316,1.7903597354888916,0.8272920846939087,0.2468619246861925,0.33333333333333337,0.05420494079589844,0.0,0.13985228538513184,0.15597856044769287,0.05196809768676758,0.04228377342224121,0.15481171548117156,0.5,0.2273406982421875,0.0,0.17138671875,0.2821807861328125,0.1441192626953125,0.10138702392578125,0.5920502092050209,0.8333333333333334,0.22380952537059784,0.0,0.20297794044017792,0.15293249487876892,0.27970120310783386,0.033784717321395874,0.5753138075313807,0.0,0.9047482013702393,0.0,0.8520883321762085,0.5517249703407288,1.1831674575805664,0.10211360454559326,0.5564853556485356,0.0
20160402_150314_1_721,Clean_Control,Clean_Control,False,0,147,6,,,3.482417583465576,0.743168830871582,2.649482250213623,0.08580970764160156,,,,,15.278621673583984,0.7588768005371094,15.187551498413086,0.4808206558227539,,,,,1.4547960758209229,0.2652236223220825,1.7314512729644775,0.05464756488800049,,,,,1.083784580230713,1.898363471031189,-1.0438807010650635,0.21919411420822144,,,,,0.14268308877944946,1.047278881072998,0.01700212061405182,0.6635514497756958,,,,,0.6433603167533875,0.2788662016391754,0.330810010433197,0.03219923377037048,,,,,0.4240506589412689,0.09924361109733582,0.41214069724082947,0.06288036704063416,,,,,-1.0217803716659546,2.5151660442352295,0.8336136937141418,0.5256140828132629,,,,,1.5361535549163818,1.1974670886993408,0.8336136937141418,0.5256140828132629,,,,,0.6708934307098389,0.4340670108795166,1.1350654363632202,0.18842577934265137,,,,,-0.04515016824007034,0.11221764236688614,-0.04600236937403679,0.17485129833221436,,,,,2.456345319747925,1.6838361024856567,1.2487375736236572,0.5855011343955994,,,,,1.8847987651824951,3.622842311859131,1.2173736095428467,0.6310185194015503,,,,,0.11712169647216797,0.11663055419921875,0.02810382843017578,0.015344738960266113,,,,,0.1282501220703125,0.4367523193359375,0.08551788330078125,0.067230224609375,,,,,0.13389471173286438,0.14340665936470032,0.2602342367172241,0.03268423676490784,,,,,0.6708934307098389,0.4340670108795166,1.1350654363632202,0.18842577934265137,,
20160402_151049_1281_721,Clean_Control,Clean_Control,False,1,553,8,3.614283800125122,0.0,4.660504341125488,0.7675676345825195,3.5955617427825928,0.1749897003173828,0.032549728752260365,0.625,15.11188793182373,0.0,15.187201499938965,0.6410293579101562,14.944709777832031,0.24793624877929688,0.4321880650994575,0.75,1.4305669069290161,0.0,1.1806503534317017,0.17147386074066162,1.4259727001190186,0.06686663627624512,0.9602169981916817,0.625,0.12595994770526886,0.0,1.6830954551696777,1.1424041986465454,0.09809508919715881,0.26044467091560364,0.032549728752260365,0.625,-0.06346060335636139,0.0,0.04606365039944649,0.9322127103805542,-0.30657902359962463,0.3605603575706482,0.4321880650994575,0.75,0.3498646914958954,0.0,0.6157680153846741,0.19508200883865356,0.3451063632965088,0.04447469115257263,0.032549728752260365,0.625,0.41090139746665955,0.0,0.4212232828140259,0.0878542959690094,0.38798925280570984,0.03398019075393677,0.4321880650994575,0.75,-0.18942055106163025,0.0,-1.6201324462890625,1.385343313217163,-0.4125731885433197,0.5591943860054016,0.8842676311030742,0.75,0.18942055106163025,0.0,1.6653746366500854,1.3219518661499023,0.4682523012161255,0.4000096917152405,0.039783001808318286,0.125,1.1526434421539307,0.0,0.7108498811721802,0.2257927656173706,1.1003936529159546,0.21800506114959717,0.9385171790235082,0.625,-0.08113124966621399,0.0,-0.02616562694311142,0.1212960034608841,-0.030340593308210373,0.06918112933635712,0.2766726943942134,0.125,1.7351200580596924,0.0,2.0732712745666504,2.3090314865112305,1.6380219459533691,0.8891040086746216,0.40506329113924056,0.625,1.8729110956192017,0.0,1.8931999206542969,2.057326316833496,1.5070483684539795,0.9293169975280762,0.49909584086799275,0.625,0.05204200744628906,0.0,0.09682464599609375,0.163238525390625,0.05424928665161133,0.04877781867980957,0.29837251356238703,0.5,0.0757904052734375,0.0,0.11663818359375,0.19757080078125,0.07634735107421875,0.0261077880859375,0.30560578661844484,0.5,0.2671414911746979,0.0,0.157863587141037,0.08911971747875214,0.25290176272392273,0.03536292910575867,0.9222423146473779,0.75,1.1526434421539307,0.0,0.7108498811721802,0.2257927656173706,1.1003936529159546,0.21800506114959717,0.9385171790235082,0.625
20160405_171348_1281_721,Clean_Control,Clean_Control,False,0,592,7,,,4.357002258300781,1.3170030117034912,3.5670602321624756,0.7198405265808105,,,,,16.484350204467773,0.7678852081298828,17.41108512878418,0.9084987640380859,,,,,1.3374230861663818,0.3158137798309326,1.5742698907852173,0.26936209201812744,,,,,1.4154003858566284,1.9737683534622192,0.23152852058410645,1.0788120031356812,,,,,-0.6699775457382202,0.8249232769012451,0.3255940079689026,0.9759818315505981,,,,,0.5662952661514282,0.30433449149131775,0.38375458121299744,0.1663416028022766,,,,,0.276029109954834,0.08829498291015625,0.38258931040763855,0.10446342825889587,,,,,-2.004032611846924,2.3119990825653076,0.281659334897995,2.1420788764953613,,,,,2.0594987869262695,2.076840400695801,1.1274597644805908,0.5701665878295898,,,,,0.5425140261650085,0.3843209147453308,1.0248029232025146,0.8323781490325928,,,,,-0.012459341436624527,0.11849901080131531,-0.06018700450658798,0.16680552065372467,,,,,3.8685202598571777,2.677565574645996,2.4304990768432617,1.2433750629425049,,,,,2.565135955810547,3.1433544158935547,3.576525926589966,1.3143112659454346,,,,,0.22309160232543945,0.26172852516174316,0.13474082946777344,0.11436176300048828,,,,,0.153045654296875,0.37697601318359375,0.284637451171875,0.1320343017578125,,,,,0.11724315583705902,0.10319849103689194,0.24833957850933075,0.1322370171546936,,,,,0.5425140261650085,0.3843209147453308,1.0248029232025146,0.8323781490325928,,
20160405_171348_1_721,Clean_Control,Clean_Control,False,0,15,6,,,2.977911949157715,0.31992292404174805,3.296384811401367,0.6910278797149658,,,,,17.092172622680664,0.7017898559570312,16.96774673461914,0.35581016540527344,,,,,1.7461302280426025,0.09571695327758789,1.6853963136672974,0.08498895168304443,,,,,-0.12312653660774231,0.4615676999092102,0.3363493084907532,0.9969788789749146,,,,,0.1931147575378418,0.8268439769744873,0.046516306698322296,0.4192102551460266,,,,,0.2876882553100586,0.07196539640426636,0.3593274652957916,0.15544405579566956,,,,,0.37891077995300293,0.08833524584770203,0.3632490634918213,0.0447860062122345,,,,,0.3660905659198761,1.0184760093688965,-0.19699126482009888,0.6981019377708435,,,,,0.5247294306755066,0.6816051006317139,0.43074387311935425,0.9844585657119751,,,,,1.305796504020691,0.2586655616760254,1.0808632373809814,0.3299292325973511,,,,,-0.02286967635154724,0.16644667088985443,-0.030081739649176598,0.08345452696084976,,,,,1.3487977981567383,1.0584250688552856,1.9029066562652588,0.8611297607421875,,,,,2.565290927886963,3.1350388526916504,3.5725769996643066,0.38474011421203613,,,,,0.05957794189453125,0.07287025451660156,0.08689165115356445,0.004048824310302734,,,,,0.145538330078125,0.614105224609375,0.1803436279296875,0.05710601806640625,,,,,0.27284759283065796,0.07300518453121185,0.234533429145813,0.04182279109954834,,,,,1.305796504020691,0.2586655616760254,1.0808632373809814,0.3299292325973511,,
20160405_171348_641_721,Clean_Control,Clean_Control,False,0,47,13,,,2.467021942138672,0.5332975387573242,2.4338645935058594,0.1650254726409912,,,,,16.9627742767334,0.7720527648925781,17.673744201660156,3.1543140411376953,,,,,1.9240326881408691,0.1889638900756836,1.9612396955490112,0.22798144817352295,,,,,-1.3250913619995117,0.7602860927581787,-1.3723615407943726,0.23526549339294434,,,,,-0.12369658797979355,0.8892441987991333,0.6951908469200134,3.6331045627593994,,,,,0.10112139582633972,0.11259429901838303,0.09412094205617905,0.03484155982732773,,,,,0.34829047322273254,0.08982133865356445,0.4310051500797272,0.3669748604297638,,,,,1.2512072324752808,1.121086597442627,1.8823747634887695,4.143435478210449,,,,,1.3988020420074463,0.9367153644561768,1.8823747634887695,4.143435478210449,,,,,2.616232395172119,2.0126945972442627,3.0333566665649414,3.236229658126831,,,,,-0.004888121038675308,0.10701033473014832,0.005462706089019775,0.08157064020633698,,,,,1.1805596351623535,0.8556445837020874,0.8000479340553284,0.3861713409423828,,,,,3.4213082790374756,6.813011169433594,10.580238342285156,9.164259910583496,,,,,0.04211091995239258,0.0442202091217041,0.021144390106201172,0.018801212310791016,,,,,0.713165283203125,2.7729949951171875,2.007904052734375,4.32421875,,,,,0.31692543625831604,0.07710728049278259,0.3786187469959259,0.36793503165245056,,,,,2.616232395172119,2.0126945972442627,3.0333566665649414,3.236229658126831,,
20160407_163130_1281_721,Clean_Control,Clean_Control,False,0,341,5,,,3.634584903717041,0.5544934272766113,3.9428153038024902,0.1277608871459961,,,,,15.466828346252441,0.6772375106811523,15.375354766845703,0.4246788024902344,,,,,1.4517440795898438,0.16612768173217773,1.3608520030975342,0.1293095350265503,,,,,0.27786681056022644,1.471496820449829,1.0958387851715088,0.33904772996902466,,,,,0.340518981218338,1.0389316082000732,0.20019185543060303,0.651488184928894,,,,,0.5164153575897217,0.21197456121444702,0.6342473030090332,0.048841118812561035,,,,,0.4420376718044281,0.09490185976028442,0.42921939492225647,0.059510618448257446,,,,,0.13549986481666565,1.8769253492355347,-0.8956469297409058,1.678176999092102,,,,,0.9624941349029541,1.1857694387435913,1.4287315607070923,0.6300772428512573,,,,,0.8847514986991882,0.40650659799575806,0.7003599405288696,0.27274423837661743,,,,,-0.026725204661488533,0.09250124543905258,-0.08029403537511826,0.08439512550830841,,,,,1.4972666501998901,1.3923461437225342,2.9169397354125977,0.682548999786377,,,,,2.1981680393218994,2.8720192909240723,3.0044400691986084,3.020627975463867,,,,,0.04665565490722656,0.06264781951904297,0.13640975952148438,0.062277793884277344,,,,,0.139312744140625,0.30810546875,0.4111175537109375,0.3996429443359375,,,,,0.21468916535377502,0.1088186651468277,0.15698814392089844,0.08763892948627472,,,,,0.8847514986991882,0.40650659799575806,0.7003599405288696,0.27274423837661743,,
20160407_163130_1_361,Clean_Control,Clean_Control,False,1,36,8,3.083667039871216,0.0,3.6357498168945312,0.24384093284606934,2.877018451690674,0.32711338996887207,0.13888888888888884,1.0,15.496789932250977,0.0,15.532328605651855,0.4133110046386719,15.21895980834961,0.3210868835449219,0.41666666666666663,0.75,1.6144874095916748,0.0,1.4732718467712402,0.09878051280975342,1.6976633071899414,0.1529775857925415,0.8611111111111112,0.125,-2.5728070735931396,0.0,-1.198395848274231,0.607042670249939,-3.087259292602539,0.8143494129180908,0.13888888888888884,1.0,0.34775087237358093,0.0,0.40248602628707886,0.636564314365387,-0.08015071600675583,0.4945245385169983,0.41666666666666663,0.75,0.24942375719547272,0.0,0.4326024055480957,0.08090534806251526,0.18085862696170807,0.1085347980260849,0.13888888888888884,1.0,0.4718921184539795,0.0,0.4769396185874939,0.05870148539543152,0.43243271112442017,0.04560312628746033,0.41666666666666663,0.75,2.920557975769043,0.0,1.8668327331542969,1.1537225246429443,3.3417301177978516,1.3095061779022217,0.8611111111111112,0.5,2.920557975769043,0.0,1.8668327331542969,1.1537225246429443,3.3417301177978516,1.3095061779022217,0.8611111111111112,0.5,1.7429883480072021,0.0,1.1567933559417725,0.3454049825668335,2.505762815475464,1.601667046546936,0.8611111111111112,0.125,0.0011996945831924677,0.0,0.0016493435250595212,0.08224493265151978,0.02029421180486679,0.06802458316087723,0.5,0.375,1.1205544471740723,0.0,1.0158238410949707,0.8958213329315186,1.5127865076065063,0.8477010726928711,0.5277777777777778,0.25,1.3501911163330078,0.0,2.0292325019836426,1.0567817687988281,1.2119956016540527,1.3278250694274902,0.25,0.625,0.03317070007324219,0.0,0.03108835220336914,0.03075885772705078,0.03802323341369629,0.04739487171173096,0.5555555555555556,0.375,0.169342041015625,0.0,0.099090576171875,0.11197280883789062,0.0314178466796875,0.16342926025390625,0.7222222222222222,0.625,0.35419103503227234,0.0,0.28544729948043823,0.06352314352989197,0.3724873661994934,0.08654972910881042,0.8611111111111112,0.5,1.7429883480072021,0.0,1.1567933559417725,0.3454049825668335,2.505762815475464,1.601667046546936,0.8611111111111112,0.125
20160407_165001_1281_361,Clean_Control,Clean_Control,False,1,191,10,3.414982557296753,0.0,3.308387279510498,1.3180503845214844,3.2504851818084717,0.19754362106323242,0.549738219895288,0.8,15.313241958618164,0.0,15.216774940490723,0.46388816833496094,15.255908966064453,0.1380929946899414,0.6335078534031413,0.8,1.5005228519439697,0.0,1.5245440006256104,0.36837267875671387,1.54410982131958,0.06443798542022705,0.481675392670157,0.19999999999999996,0.34132352471351624,0.0,0.13776634633541107,2.516984462738037,0.027194954454898834,0.37723445892333984,0.549738219895288,0.8,-0.12128207087516785,0.0,-0.25045067071914673,0.6211439967155457,-0.1980498731136322,0.18490642309188843,0.6335078534031413,0.8,0.529539167881012,0.0,0.4988749623298645,0.37916263937950134,0.48221829533576965,0.05682724714279175,0.549738219895288,0.8,0.384103924036026,0.0,0.3715856075286865,0.060197919607162476,0.3766639828681946,0.01792013645172119,0.6335078534031413,0.8,-0.4626055955886841,0.0,-0.352888286113739,2.2235283851623535,-0.26645687222480774,0.4211288392543793,0.47643979057591623,0.19999999999999996,0.4626055955886841,0.0,1.057930827140808,1.1954857110977173,0.35418397188186646,0.5238212943077087,0.16753926701570676,0.7,0.7490501999855042,0.0,0.7698685526847839,0.5130696296691895,0.7940958738327026,0.09980535507202148,0.47643979057591623,0.19999999999999996,0.0724581703543663,0.0,-0.02537151798605919,0.10113797336816788,-0.08561559021472931,0.14731809496879578,0.9057591623036649,0.8,1.3083586692810059,0.0,2.3187875747680664,2.0383083820343018,1.0228941440582275,0.6924439668655396,0.23036649214659688,0.7,0.06432914733886719,0.0,1.5157674551010132,1.3810603618621826,0.6398286819458008,0.3147923946380615,0.0,0.0,0.05597209930419922,0.0,0.11149978637695312,0.13995909690856934,0.07285499572753906,0.03193187713623047,0.2827225130890052,0.30000000000000004,0.0047454833984375,0.0,0.0821075439453125,0.10041046142578125,0.0186614990234375,0.015354156494140625,0.0,0.0,0.18070584535598755,0.0,0.17647646367549896,0.14069333672523499,0.19293668866157532,0.023527666926383972,0.5130890052356021,0.19999999999999996,0.7490501999855042,0.0,0.7698685526847839,0.5130696296691895,0.7940958738327026,0.09980535507202148,0.47643979057591623,0.19999999999999996
20160407_165001_1_1081,Clean_Control,Clean_Control,False,2,74,17,2.3671765327453613,0.3074014186859131,3.6130871772766113,1.3763504028320312,2.3494677543640137,0.3718855381011963,0.040540540540540515,0.4411764705882353,14.966434478759766,0.07853221893310547,15.350778579711914,0.5649938583374023,15.261693000793457,0.3856315612792969,0.18243243243243246,0.17647058823529416,1.8525657653808594,0.1253446340560913,1.4118868112564087,0.3726438283920288,1.8610241413116455,0.18015992641448975,0.9391891891891891,0.5,-1.8847124576568604,0.513735294342041,0.19747918844223022,2.300184726715088,-1.9143075942993164,0.6215027570724487,0.040540540540540515,0.4411764705882353,-0.5524802803993225,0.1090964674949646,-0.01854785345494747,0.7848911881446838,-0.14230576157569885,0.5357203483581543,0.18243243243243246,0.17647058823529416,0.13509507477283478,0.09287723898887634,0.5115306377410889,0.4158461093902588,0.12974464893341064,0.11236031353473663,0.040540540540540515,0.4411764705882353,0.30365240573883057,0.00986027717590332,0.3519097566604614,0.07093924283981323,0.340724378824234,0.04841893911361694,0.18243243243243246,0.17647058823529416,1.3322322368621826,0.4046388864517212,-0.6007629632949829,2.375047445297241,1.612318992614746,0.9362328052520752,0.7972972972972974,0.35294117647058826,1.3322322368621826,0.4046388864517212,1.2437152862548828,1.1647169589996338,1.612318992614746,0.9362328052520752,0.45945945945945943,0.35294117647058826,2.5178871154785156,1.2101573944091797,0.6456055641174316,0.5746763348579407,2.0505001544952393,1.4266365766525269,0.9189189189189189,0.5,-0.07804320007562637,0.0502978190779686,-0.028144970536231995,0.06821419298648834,0.01948084682226181,0.2013252079486847,0.2635135135135135,0.2647058823529412,1.9332399368286133,0.4151803255081177,2.5985217094421387,1.6863758563995361,1.5072903633117676,0.7676517963409424,0.34459459459459457,0.7058823529411764,2.265239715576172,1.5052683353424072,1.952481746673584,2.527433156967163,1.6890630722045898,1.043237328529358,0.4189189189189189,0.5588235294117647,0.05117321014404297,0.009702205657958984,0.1079559326171875,0.10323476791381836,0.044704437255859375,0.031722068786621094,0.20270270270270274,0.6470588235294117,0.1506195068359375,0.0466461181640625,0.13518524169921875,0.28847503662109375,0.088409423828125,0.066741943359375,0.45945945945945943,0.8235294117647058,0.2617146670818329,0.019674211740493774,0.14676111936569214,0.14857253432273865,0.273008793592453,0.07321259379386902,0.7972972972972974,0.3235294117647059,2.5178871154785156,1.2101573944091797,0.6456055641174316,0.5746763348579407,2.0505001544952393,1.4266365766525269,0.9189189189189189,0.5
20160407_165001_641_721,Clean_Control,Clean_Control,False,0,29,22,,,5.04828405380249,0.8625450134277344,3.9066171646118164,0.1715381145477295,,,,,15.358663558959961,2.2713422775268555,15.16761302947998,0.42882347106933594,,,,,1.1323524713516235,0.15137922763824463,1.3557742834091187,0.07915627956390381,,,,,2.9530301094055176,2.416609764099121,-0.2456013262271881,0.480601966381073,,,,,0.11847197264432907,3.170142650604248,-0.1481797993183136,0.5985146760940552,,,,,0.7222845554351807,0.29453957080841064,0.3324311375617981,0.05857640504837036,,,,,0.4126225411891937,0.3073287010192871,0.3867720365524292,0.05802285671234131,,,,,-2.3146557807922363,2.6883702278137207,0.04775630682706833,1.1171009540557861,,,,,2.3146557807922363,2.623931407928467,0.5980076789855957,1.6825729608535767,,,,,0.6049423813819885,0.42942559719085693,1.113394021987915,0.3659324645996094,,,,,-0.023250805214047432,0.05380823835730553,-0.034600310027599335,0.14607226848602295,,,,,3.493309736251831,1.462277889251709,0.7655180096626282,0.4912620782852173,,,,,2.926502227783203,4.592944622039795,1.1032601594924927,5.188559055328369,,,,,0.22919654846191406,0.12682723999023438,0.036678314208984375,0.02473592758178711,,,,,1.9481658935546875,1.957733154296875,0.576629638671875,1.7208099365234375,,,,,0.10138202458620071,0.09357967227697372,0.25550025701522827,0.0661405473947525,,,,,0.6049423813819885,0.42942559719085693,1.113394021987915,0.3659324645996094,,
IMG_2931_649_485,Clean_Control,Clean_Control,False,0,203,6,,,4.027098178863525,0.6625099182128906,2.4686412811279297,0.31321239471435547,,,,,16.36404800415039,1.2270088195800781,16.52747344970703,0.2896595001220703,,,,,1.4151986837387085,0.1514902114868164,1.9020999670028687,0.13454890251159668,,,,,-0.026155205443501472,1.5327351093292236,-3.6316888332366943,0.7246260643005371,,,,,-0.32492172718048096,1.3271793127059937,-0.1481555998325348,0.31330567598342896,,,,,0.499864786863327,0.19812557101249695,0.033803489059209824,0.0936671644449234,,,,,0.28508082032203674,0.12616696953773499,0.30188488960266113,0.029784083366394043,,,,,-0.22810092568397522,1.616474986076355,3.3842289447784424,0.8047072887420654,,,,,0.8388148546218872,1.1424479484558105,3.3842289447784424,0.8047072887420654,,,,,0.6297970414161682,0.26144587993621826,4.6182074546813965,3.788945436477661,,,,,-0.006863522343337536,0.0822710394859314,-0.03719400614500046,0.13219942152500153,,,,,1.7561396360397339,1.484330654144287,2.3100392818450928,0.6396363973617554,,,,,3.786269426345825,5.013980865478516,1.6734428405761719,3.7088065147399902,,,,,0.0689554214477539,0.08995246887207031,0.08078527450561523,0.05006563663482666,,,,,0.313140869140625,1.0713958740234375,0.05902099609375,0.4361572265625,,,,,0.1438039392232895,0.06998603790998459,0.2796926498413086,0.023151934146881104,,,,,0.6297970414161682,0.26144587993621826,4.6182074546813965,3.788945436477661,,
IMG_2941_1_485,Clean_Control,Clean_Control,False,0,11,7,,,3.3931970596313477,0.2656667232513428,2.995864152908325,0.48488378524780273,,,,,15.939352035522461,0.5577392578125,16.080812454223633,0.21252822875976562,,,,,1.5469952821731567,0.11378216743469238,1.6805884838104248,0.14298319816589355,,,,,-1.808769702911377,0.5863656997680664,-2.685741424560547,1.0702097415924072,,,,,-0.44724342226982117,0.6619772911071777,-0.2793446183204651,0.2522483468055725,,,,,0.3785216212272644,0.07710656523704529,0.2632006108760834,0.14073161780834198,,,,,0.28994688391685486,0.059673696756362915,0.3050820529460907,0.02273881435394287,,,,,1.3615262508392334,1.414139747619629,2.2198128700256348,1.1754193305969238,,,,,1.3615262508392334,1.414139747619629,2.2198128700256348,1.1754193305969238,,,,,0.7933015823364258,0.40491676330566406,1.0855073928833008,0.3351859450340271,,,,,0.014420630410313606,0.09303915500640869,0.0003184845845680684,0.07833091914653778,,,,,0.8140683174133301,0.4441490173339844,3.9310624599456787,2.57340145111084,,,,,4.582391738891602,5.800034523010254,4.435927391052246,4.813526153564453,,,,,0.03267669677734375,0.01754617691040039,0.19635963439941406,0.18917465209960938,,,,,0.33819580078125,1.1576004028320312,0.369873046875,0.48661041259765625,,,,,0.18019571900367737,0.0687379240989685,0.21286049485206604,0.05491732060909271,,,,,0.7933015823364258,0.40491676330566406,1.0855073928833008,0.3351859450340271,,
