case_name,dice,iou,precision,recall,tp,fp,fn,tn,gt_area,pred_area,fp_area_ratio,fn_area_ratio,num_gt_cc,num_pred_cc,mean_component_size,perimeter,boundary_to_area_ratio,thinness_score,fragmentation_ratio,mean_routing_entropy,cnn_expert_fraction,vit_expert_fraction,expert_hhi_concentration,mean_gs,cnn_expert_selections,vit_expert_selections,error_taxonomy,primary_error_category,performance_tier
20160222_080850_1281_361,0.8835021705386855,0.7913156185578578,0.9397471132821621,0.8336096748104898,17094,1096,3412,208798,20506,18190,0.06025288620120946,0.16639032478299035,1,1,20506.0,3739,0.18233687701160636,0.09116843850580318,1.0,0.9999952444694837,0.5,0.5,0.1875,0.5033,8,8,['high_quality'],high_quality,High_Dice (>75%)
20160222_080850_1281_721,0.7085758620322549,0.548677882966713,0.5742138346722835,0.9250253245946032,1826,1354,148,227072,1974,3180,0.4257861635220126,0.07497467071935157,2,2,987.0,936,0.47416413373860183,0.23708206686930092,1.0,0.999993553439152,0.5625,0.4375,0.2421875,0.5043249999999999,9,7,['moderate_general_error'],moderate_general_error,Low_Dice (<25%)
20160222_080850_1921_1,0.19079435747810997,0.10545752953332473,0.11911935082475238,0.479030750428418,514,3801,559,225526,1073,4315,0.8808806488991888,0.5209692451071761,1,8,1073.0,330,0.30754892823858343,0.15377446411929171,8.0,0.9999907371282213,0.4375,0.5625,0.1796875,0.503925,7,9,"['false_crack_high_fp', 'thin_low_area_failure', 'over_segmentation', 'fragmented_prediction']",false_crack_high_fp,Low_Dice (<25%)
20160222_080850_1921_361,0.8819343906108319,0.7888037904078441,0.9133014348240501,0.8526503866273673,14316,1359,2474,212251,16790,15675,0.08669856459330144,0.14734961286480047,1,1,16790.0,2880,0.17153067301965455,0.08576533650982728,1.0,0.9999910588678077,0.375,0.625,0.1875,0.5029875,6,10,['high_quality'],high_quality,High_Dice (>75%)
20160222_080850_1_361,0.8454939992979698,0.7323426632549707,0.8232026659168376,0.8690261776464812,20748,4456,3127,202069,23875,25204,0.17679733375654658,0.13097382198952878,1,1,23875.0,3950,0.16544502617801046,0.08272251308900523,1.0,0.9999925554265141,0.4375,0.5625,0.1875,0.5028874999999999,7,9,['boundary_margin_error'],boundary_margin_error,Medium_Dice (25-75%)
20160222_080850_641_361,0.778186647268299,0.6369112315956018,0.7090349900630054,0.8622846275907262,14063,5771,2246,208320,16309,19834,0.29096500957950994,0.13771537188055674,4,1,4077.25,4122,0.25274388374517137,0.12637194187258569,0.25,0.9999962761651904,0.4375,0.5625,0.1953125,0.5032125000000001,7,9,['boundary_margin_error'],boundary_margin_error,Medium_Dice (25-75%)
20160222_080850_641_721,0.7143882304320163,0.55567959732671,0.5697524673490449,0.957441690412499,3982,3007,177,223234,4159,6989,0.4302475318357419,0.04255830728540515,1,1,4159.0,1886,0.45347439288290453,0.22673719644145227,1.0,0.999995082881332,0.375,0.625,0.1875,0.5038625,6,10,['moderate_general_error'],moderate_general_error,Medium_Dice (25-75%)
20160222_115224_1281_1,0.5064272886847919,0.33907106419937394,0.36395540837742013,0.8321925871319505,3526,6162,711,220001,4237,9688,0.6360445912469034,0.16780741090394147,10,4,423.7,4075,0.9617654000472032,0.4808827000236016,0.4,0.9999949462109268,0.3125,0.6875,0.1953125,0.5027750000000001,5,11,"['thin_low_area_failure', 'over_segmentation', 'complex_topology']",thin_low_area_failure,Low_Dice (<25%)
20160222_115224_1281_1081,0.8593505809521179,0.7533871201805646,0.8076044373244053,0.9181818164783269,4949,1179,441,223831,5390,6128,0.19239556135770236,0.08181818181818182,1,1,5390.0,2275,0.42207792207792205,0.21103896103896103,1.0,0.9999921274911754,0.375,0.625,0.21875,0.5032875,6,10,['high_quality'],high_quality,Medium_Dice (25-75%)
20160222_115224_1281_361,0.4704216480956236,0.3075498862218682,0.331191846851591,0.8116178023256363,1495,3019,347,225539,1842,4514,0.6688081524147098,0.18838219326818675,6,5,307.0,1801,0.9777415852334419,0.48887079261672095,0.8333333333333334,0.9999921322992824,0.375,0.625,0.2109375,0.5029999999999999,6,10,"['false_crack_high_fp', 'thin_low_area_failure', 'over_segmentation', 'complex_topology']",false_crack_high_fp,Low_Dice (<25%)
20160222_115224_1281_721,0.7666745780784282,0.6216320238367564,0.6821061513696943,0.8751806342572604,4845,2258,691,222606,5536,7103,0.3178938476699986,0.12481936416184972,4,3,1384.0,2724,0.4920520231213873,0.24602601156069365,0.75,0.9999919118581404,0.5,0.5,0.15625,0.503,8,8,['boundary_margin_error'],boundary_margin_error,Medium_Dice (25-75%)
20160222_115224_1921_1081,0.7915194320863493,0.6549707567518833,0.6780407227405574,0.9506172766156075,1232,585,64,228519,1296,1817,0.3219592735277931,0.04938271604938271,1,1,1296.0,552,0.42592592592592593,0.21296296296296297,1.0,0.9999910048173257,0.375,0.625,0.171875,0.5038750000000001,6,10,['boundary_margin_error'],boundary_margin_error,Medium_Dice (25-75%)
20160222_115224_641_1,0.7175166794540786,0.5594744726571956,0.6446205418626226,0.8090016564975117,6345,3498,1498,219059,7843,9843,0.35537945748247485,0.19099834247099323,4,4,1960.75,4660,0.5941603978069616,0.2970801989034808,1.0,0.9999926566150159,0.3125,0.6875,0.1953125,0.50305,5,11,['boundary_margin_error'],boundary_margin_error,Medium_Dice (25-75%)
20160222_115224_641_1081,0.009685230008579128,0.004866180040768564,0.006690454936015935,0.017533605975840996,30,4454,1681,224235,1711,4484,0.9933095450490633,0.9824663939216832,1,5,1711.0,1669,0.9754529514903565,0.48772647574517825,5.0,0.9999930824962009,0.5,0.5,0.1796875,0.503575,8,8,"['missed_crack_high_fn', 'false_crack_high_fp', 'thin_low_area_failure', 'over_segmentation', 'fragmented_prediction']",missed_crack_high_fn,Low_Dice (<25%)
20160222_115224_641_361,0.8025613649912469,0.6702317275618723,0.6827054001754304,0.9734627800211559,3008,1398,82,225912,3090,4406,0.31729459827507944,0.026537216828478965,2,1,1545.0,1649,0.5336569579288026,0.2668284789644013,0.5,0.9999939699242589,0.4375,0.5625,0.1796875,0.5038625,7,9,['boundary_margin_error'],boundary_margin_error,Medium_Dice (25-75%)
20160222_115224_641_721,0.5740538847935619,0.4025775439000054,0.8037505416321389,0.44646317721302525,1843,450,2285,225822,4128,2293,0.19624945486262538,0.5535368217054264,5,2,825.6,2219,0.5375484496124031,0.26877422480620156,0.4,0.9999950898777867,0.375,0.625,0.171875,0.5036875000000001,6,10,['complex_topology'],complex_topology,Low_Dice (<25%)
20160222_115837_1281_1,0.7479888608075581,0.5974298769338566,0.6255660491324025,0.9299865340835035,4835,2894,364,222307,5199,7729,0.3744339500582223,0.07001346412771686,1,3,5199.0,2135,0.41065589536449315,0.20532794768224658,3.0,0.999995039830113,0.3125,0.6875,0.171875,0.5023124999999999,5,11,['boundary_margin_error'],boundary_margin_error,Medium_Dice (25-75%)
20160222_115837_1281_1081,0.6762723057815303,0.5108847603137912,0.5113954408008888,0.9980491572452237,2558,2444,5,225393,2563,5002,0.4886045581767293,0.0019508388607101053,4,2,640.75,1867,0.7284432305891534,0.3642216152945767,0.5,0.9999952784067492,0.1875,0.8125,0.1953125,0.5028375,3,13,['moderate_general_error'],moderate_general_error,Low_Dice (<25%)
20160222_115837_1281_361,0.7555253306635777,0.6071038240307763,0.6172222210792181,0.9737072714761692,3333,2067,90,224910,3423,5400,0.3827777777777778,0.026292725679228746,4,4,855.75,2052,0.5994741454864154,0.2997370727432077,1.0,0.9999954121916584,0.375,0.625,0.171875,0.5022625,6,10,['boundary_margin_error'],boundary_margin_error,Medium_Dice (25-75%)
20160222_115837_1281_721,0.7293315133296978,0.573974660566943,0.5760775849653501,0.9936802937037906,2673,1967,17,225743,2690,4640,0.42392241379310347,0.006319702602230483,1,1,2690.0,2008,0.7464684014869889,0.37323420074349445,1.0,0.9999952922597068,0.25,0.75,0.1796875,0.5028125,4,12,['moderate_general_error'],moderate_general_error,Medium_Dice (25-75%)
20160222_164851_1281_1081,0.8699649389404247,0.7698565902235844,0.8527569866308891,0.8878816779772875,5583,964,705,223148,6288,6547,0.14724301206659537,0.11211832061068702,2,1,3144.0,1152,0.183206106870229,0.0916030534351145,0.5,0.9999968729394816,0.4375,0.5625,0.171875,0.5029125000000001,7,9,['high_quality'],high_quality,Medium_Dice (25-75%)
20160222_164851_641_1,0.8413010944154914,0.7260739527419291,0.7811905800927377,0.9114334463213025,10682,2992,1038,215688,11720,13674,0.21880941933596607,0.08856655290102389,2,2,5860.0,2308,0.1969283276450512,0.0984641638225256,1.0,0.9999952861369796,0.4375,0.5625,0.1640625,0.5022,7,9,['boundary_margin_error'],boundary_margin_error,Medium_Dice (25-75%)
20160222_164851_641_1081,0.7178048015479858,0.5598249021791587,0.5940338557039287,0.906727586408181,5755,3933,592,220120,6347,9688,0.4059661436829067,0.09327241216322672,3,5,2115.6666666666665,2372,0.3737198676540098,0.1868599338270049,1.6666666666666667,0.9999962596161251,0.375,0.625,0.203125,0.502525,6,10,['moderate_general_error'],moderate_general_error,Medium_Dice (25-75%)
20160222_164851_641_361,0.8133946448070183,0.6854803420929556,0.7160018275667547,0.941454201269247,10967,4350,682,214401,11649,15317,0.28399817196578964,0.05854579792256846,7,3,1664.142857142857,3669,0.31496265773886173,0.15748132886943086,0.42857142857142855,0.9999964511436042,0.375,0.625,0.1640625,0.5019125,6,10,"['complex_topology', 'boundary_margin_error']",complex_topology,Medium_Dice (25-75%)
20160222_164851_641_721,0.8578752488676913,0.7511221939785379,0.774634432526538,0.9611597365416122,10542,3067,426,216365,10968,13609,0.22536556690425455,0.038840262582056896,3,3,3656.0,2773,0.25282640408460977,0.12641320204230488,1.0,0.9999972012980347,0.4375,0.5625,0.1796875,0.5026375000000001,7,9,['high_quality'],high_quality,Medium_Dice (25-75%)
20160222_165225_1281_361,0.8117819998846943,0.6831928146231737,0.7013170266215268,0.9635517630043275,7455,3175,282,219488,7737,10630,0.29868297271872063,0.03644823575029081,1,1,7737.0,3094,0.39989660074964456,0.19994830037482228,1.0,0.9999955046275568,0.5,0.5,0.203125,0.5016625,8,8,['boundary_margin_error'],boundary_margin_error,Medium_Dice (25-75%)
20160222_165225_1281_721,0.7292334575073347,0.5738532083768201,0.6233183825445023,0.8785112297857358,1251,756,173,228220,1424,2007,0.37668161434977576,0.12148876404494383,1,1,1424.0,650,0.45646067415730335,0.22823033707865167,1.0,0.9999906180462712,0.5625,0.4375,0.1953125,0.5030875,9,7,['boundary_margin_error'],boundary_margin_error,Medium_Dice (25-75%)
20160222_165225_1921_721,0.671515824169064,0.5054752148244794,0.5248676325623924,0.9318847265651338,6047,5474,442,218437,6489,11521,0.4751323669820328,0.06811527199876714,2,1,3244.5,3365,0.5185698875019263,0.25928494375096317,0.5,0.9999959541465931,0.4375,0.5625,0.2109375,0.502375,7,9,['moderate_general_error'],moderate_general_error,Low_Dice (<25%)
20160222_165225_1_361,0.764762280319913,0.619121540846387,0.6660117871650179,0.8978943174441871,6780,3400,771,219449,7551,10180,0.33398821218074654,0.10210568136670639,1,3,7551.0,3404,0.4508012183816713,0.22540060919083565,3.0,0.9999947684052812,0.5625,0.4375,0.1875,0.501525,9,7,['boundary_margin_error'],boundary_margin_error,Medium_Dice (25-75%)
20160222_165225_641_361,0.7923358064058391,0.6560895078355745,0.7306710236639046,0.8653683308753256,7154,2637,1113,219496,8267,9791,0.2693289755898274,0.13463166807790009,4,2,2066.75,4037,0.4883270835853393,0.24416354179266966,0.5,0.9999946437032232,0.5625,0.4375,0.1875,0.501825,9,7,['boundary_margin_error'],boundary_margin_error,Medium_Dice (25-75%)
20160222_165402_1281_1,0.9195200783873774,0.8510293065094521,0.8734388000900929,0.97073452750638,8392,1216,253,220539,8645,9608,0.12656119900083265,0.029265471370734528,1,1,8645.0,2045,0.23655292076344708,0.11827646038172354,1.0,0.9999905851890899,0.5,0.5,0.1796875,0.5019625,8,8,['high_quality'],high_quality,High_Dice (>75%)
20160222_165402_1281_361,0.8692636336419887,0.7687588897859541,0.7778877286992734,0.9849641177981956,8647,2469,132,219152,8779,11116,0.22211227060093558,0.015035881079849642,2,1,4389.5,2052,0.2337396058776626,0.1168698029388313,0.5,0.9999930332325071,0.5,0.5,0.1796875,0.5023625,8,8,['high_quality'],high_quality,Medium_Dice (25-75%)
20160222_165402_641_1081,0.9242300553156846,0.8591335534912158,0.9079244726194325,0.9411320177275508,12454,1263,779,215904,13233,13717,0.09207552671867027,0.058867981561248395,1,1,13233.0,1717,0.12975137912793774,0.06487568956396887,1.0,0.9999910844544987,0.5,0.5,0.203125,0.502525,8,8,['high_quality'],high_quality,High_Dice (>75%)
20160222_165402_641_721,0.8729378554319247,0.7745250425090457,0.7803201663647815,0.9905024837211458,8969,2525,86,218820,9055,11494,0.21967983295632504,0.009497515184980673,1,1,9055.0,1678,0.1853119823302043,0.09265599116510215,1.0,0.9999910604602112,0.5625,0.4375,0.2421875,0.5025125,9,7,['high_quality'],high_quality,High_Dice (>75%)
20160222_165926_1281_361,0.4561891508063471,0.2954954948299651,0.2954954948299651,0.9999999923780488,1312,3128,0,225960,1312,4440,0.7045045045045045,0.0,2,1,656.0,1592,1.2134146341463414,0.6067073170731707,0.5,0.9999966445754036,0.5625,0.4375,0.203125,0.5028,9,7,"['false_crack_high_fp', 'thin_low_area_failure', 'over_segmentation']",false_crack_high_fp,Low_Dice (<25%)
20160222_165926_1281_721,0.6709621366314615,0.5048480221104172,0.5081697548983773,0.9872177226518584,4634,4485,60,221221,4694,9119,0.4918302445443579,0.01278227524499361,1,1,4694.0,3164,0.674051981252663,0.3370259906263315,1.0,0.9999971396907069,0.5,0.5,0.21875,0.5025875,8,8,['moderate_general_error'],moderate_general_error,Low_Dice (<25%)
20160222_165926_1921_721,0.698256997888586,0.5364015760069539,0.5529397698937144,0.9471852590641039,4627,3741,258,221774,4885,8368,0.4470602294455067,0.05281473899692937,4,1,1221.25,3742,0.7660184237461617,0.38300921187308085,0.25,0.9999943372147821,0.5,0.5,0.1875,0.5024500000000001,8,8,['moderate_general_error'],moderate_general_error,Low_Dice (<25%)
20160222_165926_1_1081,0.5705908873013287,0.39917955064948074,0.40806451481269507,0.9482758549604509,1265,1835,69,227231,1334,3100,0.5919354838709677,0.05172413793103448,4,3,333.5,1166,0.8740629685157422,0.4370314842578711,0.75,0.9999961984946156,0.4375,0.5625,0.140625,0.5025875,7,9,['over_segmentation'],over_segmentation,Low_Dice (<25%)
20160222_165926_1_721,0.5792563594485145,0.40771349799860196,0.4144368381853814,0.9617328485135997,2664,3764,106,223866,2770,6428,0.5855631611698817,0.038267148014440436,5,4,554.0,2358,0.8512635379061372,0.4256317689530686,0.8,0.9999967276059457,0.4375,0.5625,0.140625,0.5024875,7,9,"['over_segmentation', 'complex_topology']",over_segmentation,Low_Dice (<25%)
20160222_165926_641_1,0.7077785555854024,0.5477223417430905,0.5568829249092393,0.9708426755179663,3030,2411,91,224868,3121,5441,0.443117074067267,0.029157321371355335,1,1,3121.0,1933,0.619352771547581,0.3096763857737905,1.0,0.9999950749286411,0.5,0.5,0.1328125,0.5027999999999999,8,8,['moderate_general_error'],moderate_general_error,Low_Dice (<25%)
20160222_165926_641_361,0.5881903300323043,0.4166215478930407,0.4176957519097629,0.9938650274657247,3078,4291,19,223012,3097,7369,0.5823042475234089,0.006134969325153374,2,3,1548.5,2230,0.7200516628995802,0.3600258314497901,1.5,0.9999967214604313,0.4375,0.5625,0.1484375,0.5028,7,9,['over_segmentation'],over_segmentation,Low_Dice (<25%)
20160222_165926_641_721,0.7059276361907059,0.5455086252771083,0.5536882353288838,0.9736329835893949,5502,4435,149,220314,5651,9937,0.4463117641139177,0.0263670146876659,2,2,2825.5,4142,0.7329676163510883,0.36648380817554416,1.0,0.9999961088569891,0.4375,0.5625,0.1796875,0.50255,7,9,['moderate_general_error'],moderate_general_error,Low_Dice (<25%)
20160302_155857_1281_1,0.6568204191041276,0.48900417222397186,0.5631168823855625,0.787933852829486,4336,3364,1167,221533,5503,7700,0.4368831168831169,0.21206614573868798,2,2,2751.5,1899,0.3450844993639833,0.17254224968199164,1.0,0.9999932467832016,0.375,0.625,0.1640625,0.5029375,6,10,['moderate_general_error'],moderate_general_error,Low_Dice (<25%)
20160302_155857_1281_361,0.7767208866005961,0.634949847579875,0.7008633817157305,0.8709921725940518,6900,2945,1022,219533,7922,9845,0.29913661757237175,0.12900782630648827,1,4,7922.0,2828,0.35698056046452914,0.17849028023226457,4.0,0.9999930614687299,0.3125,0.6875,0.1796875,0.5026999999999999,5,11,['boundary_margin_error'],boundary_margin_error,Medium_Dice (25-75%)
20160302_155857_1281_721,0.3823437003104874,0.2363565736330228,0.2363565736330228,0.9999999917830732,1217,3932,0,225251,1217,5149,0.7636434259079433,0.0,1,2,1217.0,430,0.3533278553820871,0.17666392769104355,2.0,0.9999957068236038,0.5,0.5,0.203125,0.5033875,8,8,"['false_crack_high_fp', 'thin_low_area_failure', 'over_segmentation']",false_crack_high_fp,Low_Dice (<25%)
20160302_155857_1_721,0.8767447359890794,0.7805391740238982,0.8552307687921894,0.899369033651853,16677,2823,1866,209034,18543,19500,0.14476923076923076,0.10063096586312895,1,1,18543.0,3212,0.17321900447608263,0.08660950223804131,1.0,0.9999931955966652,0.3125,0.6875,0.1875,0.502775,5,11,['high_quality'],high_quality,High_Dice (>75%)
20160302_155857_641_721,0.731391804696447,0.5765308843219631,0.5991123436343343,0.9386353751076616,10799,7226,706,211669,11505,18025,0.4008876560332871,0.06136462407648848,3,2,3835.0,3366,0.2925684485006519,0.14628422425032594,0.6666666666666666,0.9999960948752491,0.4375,0.5625,0.1640625,0.502625,7,9,['moderate_general_error'],moderate_general_error,Medium_Dice (25-75%)
20160307_144202_1281_361,0.6205453039820736,0.4498482666907457,0.4755593073232931,0.8927099827373852,5633,6212,677,217878,6310,11845,0.5244406922752216,0.10729001584786053,10,2,631.0,3310,0.5245641838351822,0.2622820919175911,0.2,0.9999953759579561,0.3125,0.6875,0.171875,0.5028,5,11,['complex_topology'],complex_topology,Low_Dice (<25%)
20160307_144202_1281_721,0.5790960446524519,0.40755467142802565,0.41153640201882175,0.9768106703404997,3075,4397,73,222855,3148,7472,0.5884635974304069,0.02318932655654384,5,1,629.6,1470,0.4669631512071156,0.2334815756035578,0.2,0.9999965039719034,0.1875,0.8125,0.21875,0.5029125,3,13,"['over_segmentation', 'complex_topology']",over_segmentation,Low_Dice (<25%)
20160307_144202_1921_361,0.6318481250154687,0.46182601257087236,0.4707782792234692,0.9604529314175656,11366,12777,468,205789,11834,24143,0.529221720581535,0.039547067770829815,5,1,2366.8,4983,0.42107486902146357,0.21053743451073179,0.2,0.9999933659808564,0.3125,0.6875,0.1875,0.5021249999999999,5,11,"['over_segmentation', 'complex_topology']",over_segmentation,Low_Dice (<25%)
20160307_144202_1_361,0.7941471887520299,0.6585772171730855,0.6848167045812928,0.9450187356602799,14627,6732,851,208190,15478,21359,0.3151832950980851,0.054981263729163975,7,2,2211.1428571428573,4184,0.2703191626825171,0.13515958134125855,0.2857142857142857,0.9999914625686819,0.25,0.75,0.203125,0.5026875,4,12,"['complex_topology', 'boundary_margin_error']",complex_topology,Medium_Dice (25-75%)
20160307_144202_641_361,0.6978097415175516,0.535873876318786,0.5450970375152722,0.9693914614265291,10673,8907,337,210483,11010,19580,0.454902962206333,0.03060853769300636,10,2,1101.0,4281,0.3888283378746594,0.1944141689373297,0.2,0.999995362900321,0.1875,0.8125,0.203125,0.5025125,3,13,['complex_topology'],complex_topology,Low_Dice (<25%)
20160307_145059_1281_361,0.8930420340269456,0.8067533379570837,0.8291916072137423,0.967546210690316,13714,2825,460,213401,14174,16539,0.17080839228490236,0.032453788627063634,4,3,3543.5,3270,0.23070410610977846,0.11535205305488923,0.75,0.9999952373090297,0.5625,0.4375,0.21875,0.501775,9,7,['high_quality'],high_quality,High_Dice (>75%)
20160307_145059_1281_721,0.7684645540063237,0.6239889858681905,0.6330859880985719,0.9774902264759534,7252,4203,167,218778,7419,11455,0.366914011348756,0.02250977220649683,3,3,2473.0,3748,0.5051893786224558,0.2525946893112279,1.0,0.9999869529486362,0.4375,0.5625,0.1875,0.50275,7,9,['boundary_margin_error'],boundary_margin_error,Medium_Dice (25-75%)
20160307_145059_1921_1081,0.7693188317334582,0.6251162783428881,0.6285513847438894,0.9913332085721314,5376,3177,47,221800,5423,8553,0.37144861452122063,0.00866678959985248,3,3,1807.6666666666667,2182,0.4023603171676194,0.2011801585838097,1.0,0.9999881573840209,0.5,0.5,0.1875,0.5026375,8,8,['boundary_margin_error'],boundary_margin_error,Medium_Dice (25-75%)
20160307_145059_1921_361,0.8629220238879156,0.7588943256454872,0.843885579201496,0.8828371406394052,11476,2123,1523,215278,12999,13599,0.15611442017795427,0.11716285868143704,1,1,12999.0,3074,0.23647972920993923,0.11823986460496962,1.0,0.9999901459895895,0.3125,0.6875,0.15625,0.50195,5,11,['high_quality'],high_quality,Medium_Dice (25-75%)
20160307_145059_1921_721,0.8063822151251504,0.675578250712559,0.714308399691427,0.9257048756416858,4498,1799,361,223742,4859,6297,0.28569159917420994,0.07429512245317967,3,3,1619.6666666666667,1757,0.3615970364272484,0.1807985182136242,1.0,0.9999841973407471,0.5,0.5,0.171875,0.5035999999999999,8,8,['boundary_margin_error'],boundary_margin_error,Medium_Dice (25-75%)
20160307_145059_1_361,0.9122582702507814,0.8386717593900757,0.8593797040455889,0.9720708435830259,8562,1401,246,220191,8808,9963,0.14062029509183982,0.027929155313351498,1,1,8808.0,2411,0.27372842870118075,0.13686421435059037,1.0,0.9999921436961459,0.4375,0.5625,0.1953125,0.502075,7,9,['high_quality'],high_quality,High_Dice (>75%)
20160307_145059_1_721,0.8081771715106119,0.6781017716659785,0.6996224626007286,0.9566059026349316,5930,2546,269,221655,6199,8476,0.3003775365738556,0.04339409582190676,1,1,6199.0,1626,0.2623003710275851,0.13115018551379254,1.0,0.9999921954467478,0.5,0.5,0.234375,0.5024,8,8,['boundary_margin_error'],boundary_margin_error,Medium_Dice (25-75%)
20160307_145059_641_361,0.7291919258760489,0.5738017728434148,0.5863057683377615,0.9641644644206631,5112,3607,190,221491,5302,8719,0.4136942309897924,0.035835533760844966,2,2,2651.0,2106,0.3972086005281026,0.1986043002640513,1.0,0.9999924104849812,0.625,0.375,0.25,0.50275,10,6,['moderate_general_error'],moderate_general_error,Medium_Dice (25-75%)
20160307_145059_641_721,0.8587896250257848,0.7525252520116535,0.7655881122305318,0.9778290165148732,11026,3376,250,215748,11276,14402,0.23441188723788361,0.022170982617949628,2,1,5638.0,3040,0.2695991486342675,0.13479957431713374,0.5,0.9999867338917056,0.375,0.625,0.1875,0.5022,6,10,['high_quality'],high_quality,Medium_Dice (25-75%)
20160307_162438_1281_361,0.8146131793486917,0.6872129545873509,0.9999999964825887,0.6872129545873509,2843,0,1294,226263,4137,2843,0.0,0.31278704375151073,1,1,4137.0,396,0.09572153734590283,0.047860768672951415,1.0,0.9999875759561643,0.5,0.5,0.234375,0.5024,8,8,['boundary_margin_error'],boundary_margin_error,Medium_Dice (25-75%)
20160307_162438_1281_721,0.8861458722531889,0.7955672562310759,0.9580829489555455,0.824257032946095,25988,1137,5541,197734,31529,27125,0.04191705069124424,0.17574296679247678,1,1,31529.0,3073,0.09746582511338768,0.04873291255669384,1.0,0.9999912231032694,0.5,0.5,0.1640625,0.50145,8,8,['high_quality'],high_quality,High_Dice (>75%)
20160307_162438_1921_1081,0.7245471577748118,0.5680705187898191,0.5701802290714472,0.9935287390621158,10440,7870,68,212022,10508,18310,0.4298197706171491,0.006471259992386753,2,1,5254.0,2256,0.21469356680624285,0.10734678340312143,0.5,0.9999932696950804,0.5625,0.4375,0.1796875,0.5021,9,7,['moderate_general_error'],moderate_general_error,Medium_Dice (25-75%)
20160307_162438_1921_721,0.8940110150279693,0.8083362738468666,0.8716333343741772,0.9175679881971033,20615,3036,1852,204897,22467,23651,0.128366665257283,0.08243201139448969,1,1,22467.0,2708,0.12053233631548493,0.06026616815774247,1.0,0.9999921819671244,0.5,0.5,0.1875,0.5013625,8,8,['high_quality'],high_quality,High_Dice (>75%)
20160307_162438_1_361,0.865099496633917,0.7622690218817036,0.9004094307778032,0.8324544455614121,31888,3527,6418,188567,38306,35415,0.09959056896795143,0.16754555422127082,1,1,38306.0,3094,0.08077063645381924,0.04038531822690962,1.0,0.9999928235883049,0.5,0.5,0.1640625,0.5013125,8,8,['high_quality'],high_quality,Medium_Dice (25-75%)
20160307_162438_641_361,0.8870731380418594,0.7970632827399795,0.8671267956473817,0.9079587287359853,19976,3061,2025,205338,22001,23037,0.1328732039762122,0.09204127085132494,1,1,22001.0,2516,0.11435843825280669,0.05717921912640334,1.0,0.999993840414566,0.4375,0.5625,0.2109375,0.5013749999999999,7,9,['high_quality'],high_quality,High_Dice (>75%)
20160307_162438_641_721,0.721935055850275,0.564865705107471,0.5997577619469745,0.9066244991567503,5447,3635,561,220757,6008,9082,0.4002422373926448,0.09337549933422104,1,1,6008.0,705,0.11734354194407456,0.05867177097203728,1.0,0.9999923909953684,0.5,0.5,0.203125,0.502,8,8,['moderate_general_error'],moderate_general_error,Medium_Dice (25-75%)
20160310_114505_1281_1,0.4114746745725295,0.2590293450070128,0.2590293450070128,0.999999994553377,1836,5252,0,223312,1836,7088,0.7409706546275395,0.0,4,1,459.0,1931,1.051742919389978,0.525871459694989,0.25,0.999996675866305,0.25,0.75,0.1875,0.50265,4,12,"['false_crack_high_fp', 'thin_low_area_failure', 'over_segmentation']",false_crack_high_fp,Low_Dice (<25%)
20160310_114505_641_1,0.50357008611827,0.3365143141331707,0.34344297279500813,0.9434405047091282,4020,7685,241,218454,4261,11705,0.6565570269115762,0.05655949307674255,4,1,1065.25,2348,0.551044355785027,0.2755221778925135,0.25,0.9999973792426868,0.3125,0.6875,0.2109375,0.502525,5,11,"['false_crack_high_fp', 'thin_low_area_failure', 'over_segmentation']",false_crack_high_fp,Low_Dice (<25%)
20160310_114505_641_1081,0.5720532965001344,0.4006124984203154,0.40126533703866435,0.9959552676755764,4186,6246,17,219951,4203,10432,0.5987346625766872,0.004044729954794195,3,3,1401.0,1842,0.4382583868665239,0.21912919343326195,1.0,0.9999968944258236,0.25,0.75,0.203125,0.5025,4,12,['over_segmentation'],over_segmentation,Low_Dice (<25%)
20160310_114505_641_361,0.5265615138633681,0.357369186985211,0.359555402068279,0.9832704972118981,4173,7433,71,218723,4244,11606,0.6404445976219197,0.016729500471253534,5,3,848.8,2457,0.5789349670122526,0.2894674835061263,0.6,0.9999960410533029,0.3125,0.6875,0.1953125,0.5025875,5,11,"['thin_low_area_failure', 'over_segmentation', 'complex_topology']",thin_low_area_failure,Low_Dice (<25%)
20160310_114505_641_721,0.5646585298853165,0.3933966527422916,0.3936815421438567,0.9981638719344414,4349,6698,8,219345,4357,11047,0.6063184574997736,0.0018361257746155612,4,1,1089.25,1798,0.41266926784484737,0.20633463392242368,0.25,0.999996082846278,0.375,0.625,0.171875,0.5024374999999999,6,10,['over_segmentation'],over_segmentation,Low_Dice (<25%)
20160316_142539_1281_361,0.8376080284098076,0.7205899979366951,0.8621233847028359,0.8144483588852692,6009,961,1369,222061,7378,6970,0.13787661406025825,0.18555164001084304,1,1,7378.0,1653,0.22404445649227434,0.11202222824613717,1.0,0.9999972096868726,0.25,0.75,0.1875,0.5025875,4,12,['boundary_margin_error'],boundary_margin_error,Medium_Dice (25-75%)
20160316_142539_1281_721,0.8120546314271305,0.6835791046541873,0.7417954970239622,0.8970154139094617,8205,2856,942,218397,9147,11061,0.2582045023053973,0.10298458510987209,2,1,4573.5,2578,0.2818410407783973,0.14092052038919864,0.5,0.9999890931947009,0.3125,0.6875,0.1875,0.502175,5,11,['boundary_margin_error'],boundary_margin_error,Medium_Dice (25-75%)
20160316_142539_1921_361,0.6965901427468367,0.5344367612922978,0.5866252312277385,0.8572925756704869,9816,6917,1634,212033,11450,16733,0.4133747684216817,0.14270742358078603,7,2,1635.7142857142858,4030,0.3519650655021834,0.1759825327510917,0.2857142857142857,0.9999930946769721,0.3125,0.6875,0.15625,0.502225,5,11,['complex_topology'],complex_topology,Low_Dice (<25%)
20160316_142539_1_721,0.7200601614589021,0.5625734427327784,0.6031496059825986,0.8931902978131294,11490,7560,1374,209976,12864,19050,0.3968503937007874,0.10680970149253731,7,2,1837.7142857142858,4023,0.3127332089552239,0.15636660447761194,0.2857142857142857,0.9999932637385283,0.3125,0.6875,0.1875,0.5022875,5,11,"['complex_topology', 'boundary_margin_error']",complex_topology,Medium_Dice (25-75%)
20160316_142539_641_721,0.6719551712557538,0.5059732598719062,0.590682492231049,0.779160794755628,9953,6897,2821,210729,12774,16850,0.4093175074183976,0.22083920463441364,4,7,3193.5,4538,0.35525285736652573,0.17762642868326287,1.75,0.9999899996650852,0.3125,0.6875,0.1953125,0.5025125,5,11,['moderate_general_error'],moderate_general_error,Low_Dice (<25%)
20160316_143445_1281_1,0.8764261074302115,0.7800342400495694,0.8332072134990496,0.9243738625126809,13213,2645,1081,213461,14294,15858,0.16679278597553285,0.07562613684063244,1,1,14294.0,2297,0.16069679585840213,0.08034839792920107,1.0,0.9999972725019837,0.3125,0.6875,0.1640625,0.5024,5,11,['high_quality'],high_quality,High_Dice (>75%)
20160316_143445_1281_1081,0.7085028471231664,0.5485903283216407,0.5771333876103838,0.917303131637337,3483,2552,314,224051,3797,6035,0.42286661143330573,0.0826968659468001,4,2,949.25,1205,0.3173558072162233,0.15867790360811165,0.5,0.9999930360979907,0.375,0.625,0.1875,0.5031625000000001,6,10,['moderate_general_error'],moderate_general_error,Low_Dice (<25%)
20160316_143445_1281_361,0.831023982746237,0.7108990864487831,0.721285187836272,0.980146880009566,12145,4693,246,213316,12391,16838,0.2787148117353605,0.01985311919941893,2,2,6195.5,2403,0.19393107900895812,0.09696553950447906,1.0,0.9999968214772859,0.375,0.625,0.1484375,0.5025124999999999,6,10,['boundary_margin_error'],boundary_margin_error,Medium_Dice (25-75%)
20160316_143445_1281_721,0.8353023680111931,0.717183881094403,0.8073834597938349,0.8652212780145165,15484,3694,2412,208810,17896,19178,0.19261653978517052,0.13477872150201162,2,2,8948.0,4941,0.2760952168082253,0.13804760840411265,1.0,0.9999909996197414,0.375,0.625,0.140625,0.5023,6,10,['boundary_margin_error'],boundary_margin_error,Medium_Dice (25-75%)
20160316_143445_1921_1081,0.6904251922296746,0.5272132513034429,0.5732556375259152,0.8677969975165575,7575,5639,1154,216032,8729,13214,0.42674436204026034,0.13220300148928857,2,1,4364.5,2735,0.31332340474281134,0.15666170237140567,0.5,0.9999929123769806,0.5,0.5,0.2109375,0.5032,8,8,['moderate_general_error'],moderate_general_error,Low_Dice (<25%)
20160316_143445_1_1081,0.8738433982320947,0.7759519385317148,0.8552926274658753,0.893216718302434,8783,1486,1050,219081,9833,10269,0.14470737170123674,0.1067832807891793,1,1,9833.0,2466,0.2507881623105868,0.1253940811552934,1.0,0.9999925443478436,0.3125,0.6875,0.1875,0.5029125,5,11,['high_quality'],high_quality,High_Dice (>75%)
20160316_143445_1_721,0.5071311022304367,0.33970236970448064,0.35719115197798595,0.8740250511131529,3698,6655,533,219514,4231,10353,0.6428088476770019,0.12597494682108248,2,4,2115.5,1268,0.2996927440321437,0.14984637201607184,2.0,0.999989213493926,0.4375,0.5625,0.1953125,0.5033375,7,9,"['thin_low_area_failure', 'over_segmentation']",thin_low_area_failure,Low_Dice (<25%)
20160316_143445_641_361,0.8556800881621327,0.7477629981880186,0.7772750119178189,0.9516774382356854,9276,2658,471,217995,9747,11934,0.2227249874308698,0.048322560787934746,1,1,9747.0,2796,0.2868574946137273,0.14342874730686364,1.0,0.9999941656304501,0.3125,0.6875,0.1953125,0.5024125,5,11,['high_quality'],high_quality,Medium_Dice (25-75%)
20160316_143445_641_721,0.8513765261584679,0.7412146325993741,0.7863492966386108,0.928128172257556,8226,2235,637,219302,8863,10461,0.21365070260969315,0.07187182669524991,1,3,8863.0,2133,0.2406634322464177,0.12033171612320885,3.0,0.9999936202175583,0.375,0.625,0.171875,0.502975,6,10,['high_quality'],high_quality,Medium_Dice (25-75%)
20160316_143527_1281_1081,0.7844372618809323,0.6453284863722883,0.7599682911137786,0.8105343246444586,9587,3028,2241,215544,11828,12615,0.24003170828378914,0.18946567467027392,4,4,2957.0,4261,0.360246871829557,0.1801234359147785,1.0,0.9999909840317343,0.375,0.625,0.1484375,0.5026125,6,10,['boundary_margin_error'],boundary_margin_error,Medium_Dice (25-75%)
20160316_143527_1281_361,0.5992006842717661,0.42775626568625175,0.5443464716173587,0.666349204233812,2099,1757,1051,225493,3150,3856,0.45565352697095435,0.33365079365079364,4,2,787.5,1101,0.3495238095238095,0.17476190476190476,0.5,0.9999968517133511,0.375,0.625,0.1953125,0.5032000000000001,6,10,['moderate_general_error'],moderate_general_error,Low_Dice (<25%)
20160316_143527_1281_721,0.7721901495642725,0.6289167245972462,0.737497307457464,0.8103081069571167,17121,6094,4008,203177,21129,23215,0.2625026922248546,0.1896918926593781,7,1,3018.4285714285716,7452,0.35269061479483177,0.17634530739741588,0.14285714285714285,0.9999925811348319,0.3125,0.6875,0.1484375,0.5025,5,11,"['complex_topology', 'boundary_margin_error']",complex_topology,Medium_Dice (25-75%)
20160316_143527_1921_361,0.701326543971894,0.540033016549709,0.5735680884179076,0.902310078264211,7851,5837,850,215862,8701,13688,0.42643191116306256,0.09768992069877025,2,4,4350.5,4261,0.48971382599701185,0.24485691299850593,2.0,0.9999954589396938,0.3125,0.6875,0.1640625,0.5026125,5,11,['moderate_general_error'],moderate_general_error,Low_Dice (<25%)
20160316_143527_1_1,0.6373260902182107,0.46770257039724816,0.6294066119669295,0.6454474001959724,5749,3385,3158,218108,8907,9134,0.3705933873439895,0.35455259907937575,2,1,4453.5,3323,0.37307735488941285,0.18653867744470642,0.5,0.999993604300092,0.25,0.75,0.171875,0.5024,4,12,['moderate_general_error'],moderate_general_error,Low_Dice (<25%)
20160316_143527_1_361,0.6386513551934384,0.4691313702994771,0.4730365536137594,0.9827067632229068,2614,2912,46,224828,2660,5526,0.5269634455302208,0.017293233082706767,2,4,1330.0,1788,0.6721804511278195,0.3360902255639098,2.0,0.9999942616524471,0.4375,0.5625,0.171875,0.5031,7,9,['over_segmentation'],over_segmentation,Low_Dice (<25%)
20160316_143527_641_1,0.819104057443198,0.6936293266193507,0.7571256143745932,0.8921343388117993,8155,2616,986,218643,9141,10771,0.242874384922477,0.10786566021223061,1,1,9141.0,2978,0.3257849250629034,0.1628924625314517,1.0,0.9999952524496243,0.4375,0.5625,0.1484375,0.5024625,7,9,['boundary_margin_error'],boundary_margin_error,Medium_Dice (25-75%)
20160316_143527_641_361,0.7622381600744995,0.6158197283900576,0.687493582150378,0.8552177795023517,13391,6087,2267,208655,15658,19478,0.3125064174966629,0.1447822199514625,8,2,1957.25,5907,0.37725124536977905,0.18862562268488953,0.25,0.9999937992243255,0.3125,0.6875,0.15625,0.502475,5,11,"['complex_topology', 'boundary_margin_error']",complex_topology,Medium_Dice (25-75%)
20160316_143527_641_721,0.7039937954990354,0.5432024885792216,0.7092187488918458,0.6988452645129404,4539,1861,1956,222044,6495,6400,0.29078125,0.3011547344110854,3,1,2165.0,2013,0.3099307159353349,0.15496535796766744,0.3333333333333333,0.9999942996822035,0.4375,0.5625,0.1796875,0.503125,7,9,['boundary_margin_error'],boundary_margin_error,Low_Dice (<25%)
20160316_143547_1281_1081,0.8822757098726832,0.7893500370938396,0.8432794176149486,0.9250535303608028,3024,562,245,226569,3269,3586,0.15672058003346348,0.07494646680942184,3,1,1089.6666666666667,774,0.23676965432854083,0.11838482716427041,0.3333333333333333,0.9999940624994597,0.4375,0.5625,0.203125,0.503025,7,9,['high_quality'],high_quality,High_Dice (>75%)
20160316_143547_1281_361,0.2675084418330518,0.15440677939931055,0.15717736342792035,0.8975369369700794,911,4885,104,224500,1015,5796,0.8428226363008972,0.10246305418719212,1,2,1015.0,210,0.20689655172413793,0.10344827586206896,2.0,0.9999962171757985,0.5,0.5,0.1640625,0.5030749999999999,8,8,"['false_crack_high_fp', 'thin_low_area_failure', 'over_segmentation']",false_crack_high_fp,Low_Dice (<25%)
20160316_143547_1281_721,0.8962310430441245,0.8119734092865527,0.8585264186757687,0.9373996069349457,21009,3462,1403,204526,22412,24471,0.14147358097339707,0.06260039264679636,1,1,22412.0,4400,0.19632339817954667,0.09816169908977333,1.0,0.9999912943768623,0.375,0.625,0.1640625,0.5021125000000001,6,10,['high_quality'],high_quality,High_Dice (>75%)
20160316_143547_1921_1081,0.8524411460804475,0.7428300022860582,0.815171196850625,0.893282368571995,20332,4610,2429,203029,22761,24942,0.18482880282254832,0.10671763103554326,3,3,7587.0,5059,0.2222661570229779,0.11113307851148894,1.0,0.9999926868950115,0.3125,0.6875,0.15625,0.5023,5,11,['high_quality'],high_quality,Medium_Dice (25-75%)
20160316_143547_1_1,0.7744363257629789,0.6319021541211288,0.8128497131111515,0.7394897588097439,12348,2843,4350,210859,16698,15191,0.1871502863537621,0.26051024074739487,1,1,16698.0,4621,0.2767397293088993,0.13836986465444964,1.0,0.9999952075602236,0.5,0.5,0.1640625,0.5024625,8,8,['boundary_margin_error'],boundary_margin_error,Medium_Dice (25-75%)
20160316_143547_641_1,0.8440243050505594,0.7301401826510503,0.77065350942877,0.9328358139340611,1250,372,90,228688,1340,1622,0.22934648581997533,0.06716417910447761,1,1,1340.0,445,0.332089552238806,0.166044776119403,1.0,0.9999971288203637,0.5,0.5,0.1875,0.5030874999999999,8,8,['boundary_margin_error'],boundary_margin_error,Medium_Dice (25-75%)
20160316_143547_641_361,0.8934807721097604,0.807469720895251,0.8290352215442357,0.9687902641597779,13534,2791,436,213639,13970,16325,0.1709647779479326,0.03120973514674302,2,1,6985.0,3890,0.278453829634932,0.139226914817466,0.5,0.9999947629948198,0.4375,0.5625,0.1484375,0.5023875,7,9,['high_quality'],high_quality,High_Dice (>75%)
20160316_143547_641_721,0.6454965320698814,0.4765558356644856,0.8547400480926598,0.5185528708854094,559,95,519,229227,1078,654,0.1452599388379205,0.48144712430426717,2,2,539.0,561,0.5204081632653061,0.2602040816326531,1.0,0.9999945453443231,0.375,0.625,0.2109375,0.50305,6,10,['moderate_general_error'],moderate_general_error,Low_Dice (<25%)
20160318_181632_1281_1081,0.8647706938353962,0.7617586060714399,0.8214141952585473,0.9129591882920122,18366,3993,1751,206290,20117,22359,0.17858580437407756,0.08704081125416314,1,1,20117.0,3066,0.1524084107968385,0.07620420539841925,1.0,0.9999944517202453,0.5,0.5,0.15625,0.502225,8,8,['high_quality'],high_quality,Medium_Dice (25-75%)
20160318_181632_1281_361,0.8594754793855232,0.7535791329786283,0.9060363119234742,0.8174662267797398,30740,3188,6864,189608,37604,33928,0.09396368780947889,0.18253377300287205,8,1,4700.5,5071,0.13485267524731412,0.06742633762365706,0.125,0.999997101641134,0.4375,0.5625,0.15625,0.50245,7,9,"['complex_topology', 'high_quality']",complex_topology,Medium_Dice (25-75%)
20160318_181632_1281_721,0.892730022937193,0.8062442235680298,0.8664392430838418,0.9206662379918022,20065,3093,1729,205513,21794,23158,0.1335607565420157,0.07933376158575754,1,2,21794.0,2539,0.1164999541158117,0.05824997705790585,2.0,0.9999967328303527,0.5,0.5,0.15625,0.5032375,8,8,['high_quality'],high_quality,High_Dice (>75%)
20160318_181632_1921_1,0.7729988044872573,0.6299902618792758,0.7882233486533536,0.7583512389952115,3882,1043,1237,224238,5119,4925,0.2117766497461929,0.24164875952334441,5,1,1023.8,1148,0.22426255127954678,0.11213127563977339,0.2,0.9999955348872489,0.5625,0.4375,0.1875,0.50345,9,7,"['complex_topology', 'boundary_margin_error']",complex_topology,Medium_Dice (25-75%)
20160318_181632_1921_361,0.8887576853925734,0.7997874754315388,0.911090703798017,0.867493342527128,21827,2130,3334,203109,25161,23957,0.08890929582168051,0.13250665712809506,1,2,25161.0,3071,0.12205397241763045,0.06102698620881523,2.0,0.9999948800789252,0.375,0.625,0.171875,0.5024375,6,10,['high_quality'],high_quality,High_Dice (>75%)
20160318_181632_1_1,0.9392392606409337,0.8854393133068268,0.9261392920390105,0.9527151364733741,30545,2436,1516,195903,32061,32981,0.0738607076801795,0.04728486322946882,1,1,32061.0,3190,0.0994978322572596,0.0497489161286298,1.0,0.9999954901596922,0.4375,0.5625,0.1484375,0.50225,7,9,['high_quality'],high_quality,High_Dice (>75%)
20160318_181632_1_361,0.9101395767560969,0.8350973733380666,0.9138290458331503,0.9064797773288609,3945,372,407,225676,4352,4317,0.08617095205003475,0.0935202205882353,2,3,2176.0,534,0.12270220588235294,0.06135110294117647,1.5,0.9999966094752222,0.4375,0.5625,0.171875,0.5033875000000001,7,9,['high_quality'],high_quality,High_Dice (>75%)
20160318_181632_641_1,0.8267110446708736,0.7046099265793974,0.8999094162141783,0.7645248142957874,1987,221,612,227580,2599,2208,0.10009057971014493,0.235475182762601,2,2,1299.5,488,0.1877645248172374,0.0938822624086187,1.0,0.9999953937698758,0.4375,0.5625,0.21875,0.5036375,7,9,['boundary_margin_error'],boundary_margin_error,Medium_Dice (25-75%)
20160318_181632_641_361,0.9189599443961632,0.8500702075122087,0.9501813062320231,0.8897250726239135,35113,1841,4352,189094,39465,36954,0.04981869351085133,0.1102749271506398,1,1,39465.0,3248,0.08230077283669074,0.04115038641834537,1.0,0.9999961174181811,0.4375,0.5625,0.1484375,0.5023625,7,9,['high_quality'],high_quality,High_Dice (>75%)
20160318_181632_641_721,0.22519531228008272,0.12688456022132216,0.12712238133724105,0.9854700770472643,1153,7917,17,221313,1170,9070,0.872877618522602,0.01452991452991453,1,2,1170.0,668,0.5709401709401709,0.28547008547008546,2.0,0.9999974369257718,0.4375,0.5625,0.2421875,0.503325,7,9,"['false_crack_high_fp', 'thin_low_area_failure', 'over_segmentation']",false_crack_high_fp,Low_Dice (<25%)
20160321_183947_1281_361,0.7845391461158788,0.6454664036351389,0.6917161807350011,0.9061355269865589,1979,882,205,227334,2184,2861,0.3082838168472562,0.09386446886446886,1,2,2184.0,385,0.1762820512820513,0.08814102564102565,2.0,0.9999950403453399,0.4375,0.5625,0.15625,0.5031125000000001,7,9,['boundary_margin_error'],boundary_margin_error,Medium_Dice (25-75%)
20160321_183947_1281_721,0.934836352183031,0.8776457534003894,0.9144056451775137,0.9562008966709498,30062,2814,1377,196147,31439,32876,0.08559435454434847,0.043799103024905375,1,2,31439.0,3118,0.09917618244855116,0.04958809122427558,2.0,0.9999927745809956,0.4375,0.5625,0.1640625,0.50215,7,9,['high_quality'],high_quality,High_Dice (>75%)
20160321_183947_1921_721,0.9161852022284165,0.8453337268619805,0.8827447954101019,0.9522589656822613,28623,3802,1435,196540,30058,32425,0.11725520431765613,0.047741034000931534,1,1,30058.0,3092,0.10286778894138,0.05143389447069,1.0,0.999993097708112,0.5,0.5,0.15625,0.5021375,8,8,['high_quality'],high_quality,High_Dice (>75%)
20160321_183947_1_721,0.8978701151527654,0.8146681507300009,0.8627666974213886,0.9359511927259107,44643,7101,3055,175601,47698,51744,0.13723330241187384,0.0640488070778649,1,2,47698.0,3492,0.07321061679735,0.036605308398675,2.0,0.9999941896501787,0.5,0.5,0.1875,0.5015625,8,8,['high_quality'],high_quality,High_Dice (>75%)
20160321_183947_641_721,0.9043671902752873,0.8254290874170859,0.8329113280921376,0.9892340537728221,32895,6599,358,190548,33253,39494,0.16708867169696662,0.010765945929690554,1,1,33253.0,3297,0.0991489489670105,0.04957447448350525,1.0,0.9999927827715769,0.5,0.5,0.1640625,0.5018374999999999,8,8,['high_quality'],high_quality,High_Dice (>75%)
20160321_185557_1281_721,0.877725046630164,0.7820944804966323,0.8570637320518929,0.8994071372498131,23211,3871,2596,200722,25807,27082,0.14293626763163725,0.10059286240167396,3,1,8602.333333333334,3922,0.1519742705467509,0.07598713527337544,0.3333333333333333,0.9999951516214468,0.5,0.5,0.1875,0.5023875,8,8,['high_quality'],high_quality,High_Dice (>75%)
20160321_185557_1921_1,0.8513973482392524,0.7412461976594821,0.8033299519917766,0.9055830784055039,9505,2327,991,217577,10496,11832,0.19667004732927654,0.09441692073170732,1,1,10496.0,2096,0.19969512195121952,0.09984756097560976,1.0,0.9999947967320137,0.3125,0.6875,0.1796875,0.50315,5,11,['high_quality'],high_quality,Medium_Dice (25-75%)
20160321_185557_1921_1081,0.8270537650468985,0.7051079925074034,0.7940523739067444,0.8629172285713707,8945,2320,1421,217714,10366,11265,0.20594762538837105,0.13708277059617982,1,1,10366.0,1930,0.18618560679143353,0.09309280339571677,1.0,0.9999964126075569,0.3125,0.6875,0.1796875,0.5028874999999999,5,11,['boundary_margin_error'],boundary_margin_error,Medium_Dice (25-75%)
20160321_185557_1921_361,0.7335741241290638,0.5792475802222344,0.5951534303996092,0.955896350125969,9038,6148,417,214797,9455,15186,0.4048465692084815,0.04410364886303543,2,2,4727.5,2665,0.28186144896879956,0.14093072448439978,1.0,0.9999954249491421,0.3125,0.6875,0.1875,0.5025,5,11,['moderate_general_error'],moderate_general_error,Medium_Dice (25-75%)
20160321_185557_1921_721,0.9185691104262915,0.8494015838482146,0.9144628095738306,0.9227124551123067,24343,2277,2039,201741,26382,26620,0.08553719008264463,0.07728754453794254,1,2,26382.0,3311,0.1255022363732848,0.0627511181866424,2.0,0.9999957976917455,0.25,0.75,0.171875,0.5022374999999999,4,12,['high_quality'],high_quality,High_Dice (>75%)
20160321_185557_1_361,0.35920762970035564,0.21892326914876897,0.21978811237244011,0.9823434913134551,1224,4345,22,224809,1246,5569,0.7802118872328964,0.01765650080256822,1,4,1246.0,314,0.2520064205457464,0.1260032102728732,4.0,0.9999962227644841,0.5,0.5,0.203125,0.5032375,8,8,"['false_crack_high_fp', 'thin_low_area_failure', 'over_segmentation', 'fragmented_prediction']",false_crack_high_fp,Low_Dice (<25%)
20160321_185557_1_721,0.8231714506160408,0.6994829034755751,0.7237360537830302,0.9542819638224423,17450,6661,836,205453,18286,24111,0.2762639459168015,0.04571803565569288,1,1,18286.0,3861,0.21114513835721316,0.10557256917860658,1.0,0.9999955592144185,0.5,0.5,0.1875,0.5026125,8,8,['boundary_margin_error'],boundary_margin_error,Medium_Dice (25-75%)
20160321_185557_641_721,0.9017017015011229,0.8209989059744,0.8622112558547619,0.9449832147776095,20268,3239,1180,205713,21448,23507,0.13778874377844896,0.055016784781797834,1,1,21448.0,3301,0.1539071242073853,0.07695356210369265,1.0,0.9999916595824849,0.4375,0.5625,0.1640625,0.5022375,7,9,['high_quality'],high_quality,High_Dice (>75%)
20160324_170347_1281_1,0.8794305416603577,0.7848068097121064,0.8815653952014634,0.8773060016437687,5992,805,838,222765,6830,6797,0.1184346035015448,0.12269399707174232,2,1,3415.0,2141,0.31346998535871157,0.15673499267935578,0.5,0.999994902234121,0.5,0.5,0.15625,0.5019875,8,8,['high_quality'],high_quality,High_Dice (>75%)
20160324_170347_1281_1081,0.8273162238456457,0.7054896133710564,0.865332118796888,0.7924999988993056,5706,888,1494,222312,7200,6594,0.13466787989080983,0.2075,1,1,7200.0,2631,0.36541666666666667,0.18270833333333333,1.0,0.9999947788383418,0.4375,0.5625,0.171875,0.5029625,7,9,['boundary_margin_error'],boundary_margin_error,Medium_Dice (25-75%)
20160324_170347_1281_361,0.8027179541617425,0.6704501724986051,0.7187048868646062,0.9089723514489145,6970,2728,698,220004,7668,9698,0.2812951123943081,0.09102764736567553,5,1,1533.6,2600,0.33907146583202924,0.16953573291601462,0.2,0.9999951311022984,0.5,0.5,0.1796875,0.50215,8,8,"['complex_topology', 'boundary_margin_error']",complex_topology,Medium_Dice (25-75%)
20160324_170347_1281_721,0.7856467422556876,0.6469672125844531,0.8003447568441039,0.7714788380691244,7893,1969,2338,218200,10231,9862,0.19965524234435206,0.22852116117681556,1,2,10231.0,4382,0.4283061284331932,0.2141530642165966,2.0,0.9999912425411751,0.4375,0.5625,0.1640625,0.5024,7,9,['boundary_margin_error'],boundary_margin_error,Medium_Dice (25-75%)
20160324_170347_641_1,0.7194361605862888,0.5618120225194496,0.5792230454403687,0.9492131582646167,2654,1928,142,225676,2796,4582,0.42077695329550413,0.05078683834048641,1,1,2796.0,2183,0.780758226037196,0.390379113018598,1.0,0.999990805776149,0.5,0.5,0.15625,0.50205,8,8,['moderate_general_error'],moderate_general_error,Medium_Dice (25-75%)
20160324_170347_641_361,0.7424644077148116,0.5904122414265893,0.6215683040907968,0.9217454877578122,3781,2302,321,223996,4102,6083,0.3784316948873911,0.07825450999512433,3,2,1367.3333333333333,2940,0.7167235494880546,0.3583617747440273,0.6666666666666666,0.9999961966446681,0.4375,0.5625,0.1875,0.5021125,7,9,['boundary_margin_error'],boundary_margin_error,Medium_Dice (25-75%)
20160324_170347_641_721,0.8077843343311784,0.6775488341515953,0.7330631131063604,0.8994671371244506,2532,922,283,226663,2815,3454,0.2669368847712797,0.10053285968028419,1,1,2815.0,1498,0.5321492007104796,0.2660746003552398,1.0,0.9999964249937214,0.5,0.5,0.1484375,0.5029125,8,8,['boundary_margin_error'],boundary_margin_error,Medium_Dice (25-75%)
20160326_141808_1281_1,0.14406275984302536,0.0776226462435985,0.1548683870307478,0.13466666636740743,606,3307,3894,222593,4500,3913,0.845131612573473,0.8653333333333333,4,10,1125.0,1265,0.2811111111111111,0.14055555555555554,2.5,0.9999956559632253,0.4375,0.5625,0.1796875,0.50315,7,9,"['missed_crack_high_fn', 'false_crack_high_fp', 'thin_low_area_failure']",missed_crack_high_fn,Low_Dice (<25%)
20160326_141808_641_1,0.8212180714293985,0.6966666620222223,0.7152635132425496,0.9640221313282091,1045,416,39,228900,1084,1461,0.28473648186173856,0.035977859778597784,1,2,1084.0,178,0.16420664206642066,0.08210332103321033,2.0,0.999994121148281,0.5625,0.4375,0.1796875,0.5033875,9,7,['boundary_margin_error'],boundary_margin_error,Medium_Dice (25-75%)
20160326_141808_641_361,0.7669633733318919,0.6220118338287876,0.6956675190190881,0.8545415121888776,7884,3449,1342,217725,9226,11333,0.3043324803670696,0.14545848688489052,1,1,9226.0,1956,0.21200953826143507,0.10600476913071753,1.0,0.9999961978126961,0.5,0.5,0.171875,0.5031375,8,8,['boundary_margin_error'],boundary_margin_error,Medium_Dice (25-75%)
20160326_141808_641_721,0.4192025179965001,0.26518420149885585,0.5346865926060973,0.3447432757877991,2397,2086,4556,221361,6953,4483,0.46531340620120454,0.6552567237163814,4,4,1738.25,1926,0.27700273263339564,0.13850136631669782,1.0,0.9999938842421054,0.5625,0.4375,0.203125,0.503425,9,7,"['missed_crack_high_fn', 'thin_low_area_failure']",missed_crack_high_fn,Low_Dice (<25%)
20160326_142521_1281_1,0.4403224894625233,0.28231636763857987,0.8824858737118964,0.29334435074117765,3905,520,9407,216568,13312,4425,0.11751412429378531,0.7066556490384616,1,2,13312.0,1582,0.11884014423076923,0.059420072115384616,2.0,0.9999968678387182,0.5,0.5,0.1875,0.50325,8,8,['missed_crack_high_fn'],missed_crack_high_fn,Low_Dice (<25%)
20160326_142521_1281_1081,0.3799582457363767,0.23453608200924647,0.40224413328036673,0.3600121717589404,1183,1758,2103,225356,3286,2941,0.5977558653519212,0.6399878271454656,2,1,1643.0,933,0.2839318320146074,0.1419659160073037,0.5,0.999996070466226,0.5,0.5,0.171875,0.5032875,8,8,['thin_low_area_failure'],thin_low_area_failure,Low_Dice (<25%)
20160326_142521_1281_361,0.5971718363832296,0.4256913653940349,0.9489411742377856,0.43567030308342847,4033,217,5224,220926,9257,4250,0.05105882352941177,0.5643296964459328,1,4,9257.0,1801,0.19455547153505456,0.09727773576752728,4.0,0.9999972637880996,0.5,0.5,0.1796875,0.5033125,8,8,['fragmented_prediction'],fragmented_prediction,Low_Dice (<25%)
20160326_142521_1281_721,0.729911541538264,0.5746934685339116,0.8869721924730019,0.6201062005039095,6890,878,4221,218411,11111,7768,0.11302780638516993,0.37989379893798936,1,1,11111.0,1846,0.16614166141661416,0.08307083070830708,1.0,0.9999949099356896,0.5,0.5,0.171875,0.50325,8,8,['boundary_margin_error'],boundary_margin_error,Medium_Dice (25-75%)
20160326_142521_641_1,0.0,0.0,0.0,0.0,0,597,1355,228448,1355,597,1.0,1.0,1,3,1355.0,291,0.21476014760147602,0.10738007380073801,3.0,0.9999957319669461,0.4375,0.5625,0.15625,0.502925,7,9,"['missed_crack_high_fn', 'false_crack_high_fp', 'thin_low_area_failure']",missed_crack_high_fn,Low_Dice (<25%)
20160326_142521_641_1081,0.0,0.0,0.0,0.0,0,1563,2487,226350,2487,1563,1.0,1.0,2,2,1243.5,797,0.32046642541214315,0.16023321270607158,1.0,0.9999963812313633,0.5,0.5,0.171875,0.50315,8,8,"['missed_crack_high_fn', 'false_crack_high_fp', 'thin_low_area_failure']",missed_crack_high_fn,Low_Dice (<25%)
20160326_142745_1281_1081,0.7738285564213153,0.631093278573534,0.8683411513432482,0.6978704509807666,3146,477,1362,225415,4508,3623,0.1316588462600055,0.3021295474711624,2,2,2254.0,1217,0.2699645075421473,0.13498225377107365,1.0,0.9999943001846174,0.5,0.5,0.1796875,0.503775,8,8,['boundary_margin_error'],boundary_margin_error,Medium_Dice (25-75%)
20160326_142745_1281_361,0.29590765981398554,0.17364532005447839,0.8359683761424174,0.17977050558455546,2115,415,9650,218220,11765,2530,0.16403162055335968,0.8202294942626435,1,1,11765.0,1303,0.11075223119422015,0.05537611559711007,1.0,0.9999939547467029,0.4375,0.5625,0.15625,0.503575,7,9,['missed_crack_high_fn'],missed_crack_high_fn,Low_Dice (<25%)
20160326_142745_1281_721,0.6763608729357693,0.5109858564213842,0.915902711958931,0.5361406195728066,9791,899,8471,211239,18262,10690,0.08409728718428437,0.4638593801336108,1,7,18262.0,3193,0.17484393823239514,0.08742196911619757,7.0,0.9999973340184232,0.375,0.625,0.171875,0.5026999999999999,6,10,['fragmented_prediction'],fragmented_prediction,Low_Dice (<25%)
20160326_142745_1921_1081,0.6311497202099551,0.4610801703651338,0.7101535992217164,0.5679642620166493,3560,1453,2708,222679,6268,5013,0.2898463993616597,0.4320357370772176,2,1,3134.0,2013,0.3211550733886407,0.16057753669432034,0.5,0.9999962569086809,0.4375,0.5625,0.171875,0.503425,7,9,['moderate_general_error'],moderate_general_error,Low_Dice (<25%)
20160326_142745_1_1,0.5467632369666817,0.37623823651793076,0.9246804611614723,0.38813310315633065,6077,495,9580,214248,15657,6572,0.0753195374315277,0.6118668965957719,1,1,15657.0,3472,0.2217538481190522,0.1108769240595261,1.0,0.9999968714151573,0.375,0.625,0.1875,0.502675,6,10,['moderate_general_error'],moderate_general_error,Low_Dice (<25%)
20160326_142745_641_361,0.643124961385726,0.4739750847230011,0.8815401458576627,0.5062170397666955,10463,1406,10206,208325,20669,11869,0.11845985339961243,0.4937829599883884,1,4,20669.0,4010,0.19401035366974698,0.09700517683487349,4.0,0.9999968842961843,0.5,0.5,0.1640625,0.5030125000000001,8,8,['fragmented_prediction'],fragmented_prediction,Low_Dice (<25%)
20160328_151020_1281_361,0.6011906488743456,0.4297874105506613,0.44860015582534446,0.9110993742530593,10351,12723,1010,206316,11361,23074,0.5513998439802374,0.08890062494498724,6,1,1893.5,3906,0.3438077634011091,0.17190388170055454,0.16666666666666666,0.9999975493804496,0.375,0.625,0.1875,0.5023124999999999,6,10,"['over_segmentation', 'complex_topology']",over_segmentation,Low_Dice (<25%)
20160328_151020_1921_361,0.536134018983324,0.36624528880094015,0.37509549259173514,0.9394763333942837,9329,15542,601,204928,9930,24871,0.6249045072574484,0.06052366565961732,1,1,9930.0,4010,0.4038267875125881,0.20191339375629405,1.0,0.9999953210873667,0.375,0.625,0.171875,0.5021374999999999,6,10,['over_segmentation'],over_segmentation,Low_Dice (<25%)
20160328_151020_1_1,0.6741004496171991,0.5084098938132827,0.5145922744940657,0.9769147195974235,14388,13572,340,202100,14728,27960,0.4854077253218884,0.023085279739272133,1,1,14728.0,4702,0.3192558392178164,0.1596279196089082,1.0,0.9999957103605682,0.25,0.75,0.171875,0.5020625,4,12,['moderate_general_error'],moderate_general_error,Low_Dice (<25%)
20160328_151020_1_361,0.3920251220389797,0.24380052662021934,0.2452933647913605,0.9756452163735179,2684,8258,67,219391,2751,10942,0.7547066349844636,0.024354780079970918,1,4,2751.0,1264,0.45946928389676484,0.22973464194838242,4.0,0.9999909433395044,0.375,0.625,0.1953125,0.5026,6,10,"['false_crack_high_fp', 'thin_low_area_failure', 'over_segmentation', 'fragmented_prediction']",false_crack_high_fp,Low_Dice (<25%)
20160328_151020_641_361,0.5807962526440299,0.409240923811028,0.43438913995446715,0.8760671167558624,5952,7750,842,215856,6794,13702,0.5656108597285068,0.12393288195466588,5,3,1358.8,2741,0.4034442154842508,0.2017221077421254,0.6,0.9999952803404653,0.3125,0.6875,0.171875,0.502375,5,11,"['over_segmentation', 'complex_topology']",over_segmentation,Low_Dice (<25%)
20160328_151020_641_721,0.7465447151942599,0.5955894272765854,0.6338587202980565,0.907959788309196,11019,6365,1117,211899,12136,17384,0.36614127933732166,0.09204021094264997,1,3,12136.0,3877,0.3194627554383652,0.1597313777191826,3.0,0.9999916331307566,0.3125,0.6875,0.1796875,0.502175,5,11,['boundary_margin_error'],boundary_margin_error,Medium_Dice (25-75%)
20160328_151057_1281_1,0.8179951092244547,0.6920403761508517,0.7744444430102881,0.8667357494989933,4182,1218,643,224357,4825,5400,0.22555555555555556,0.13326424870466322,3,1,1608.3333333333333,1961,0.40642487046632125,0.20321243523316063,0.3333333333333333,0.9999962775534506,0.4375,0.5625,0.234375,0.502825,7,9,['boundary_margin_error'],boundary_margin_error,Medium_Dice (25-75%)
20160328_151057_1281_1081,0.538560410816599,0.36851363190286013,0.38796296244978445,0.880252098198523,2933,4627,399,222441,3332,7560,0.612037037037037,0.11974789915966387,4,5,833.0,2058,0.6176470588235294,0.3088235294117647,1.25,0.9999954066468473,0.1875,0.8125,0.1953125,0.503025,3,13,"['thin_low_area_failure', 'over_segmentation']",thin_low_area_failure,Low_Dice (<25%)
20160328_151057_1281_361,0.8189038288755967,0.6933422094629265,0.7590378997681664,0.8890216819378152,5207,1653,650,222890,5857,6860,0.24096209912536443,0.11097831654430595,2,1,2928.5,2153,0.3675943315690627,0.18379716578453134,0.5,0.9999984738637112,0.375,0.625,0.203125,0.5027625,6,10,['boundary_margin_error'],boundary_margin_error,Medium_Dice (25-75%)
20160328_151057_1281_721,0.8174512759575568,0.6912622366739939,0.8395522382750112,0.7964840698407127,13275,2537,3392,211196,16667,15812,0.16044776119402984,0.20351592968140636,2,3,8333.5,5496,0.32975340493190136,0.16487670246595068,1.5,0.9999966903274694,0.25,0.75,0.1875,0.5022125000000001,4,12,['boundary_margin_error'],boundary_margin_error,Medium_Dice (25-75%)
20160328_151057_1921_721,0.8346958566187724,0.7162901302288623,0.8743105942193415,0.7985153757524608,9036,1299,2280,217785,11316,10335,0.12568940493468794,0.2014846235418876,1,1,11316.0,3174,0.2804878048780488,0.1402439024390244,1.0,0.9999962503508255,0.25,0.75,0.203125,0.5022875,4,12,['boundary_margin_error'],boundary_margin_error,Medium_Dice (25-75%)
20160328_151057_641_1081,0.7472168898779109,0.5964455330221456,0.659942361993656,0.8610926767062759,3893,2006,628,223873,4521,5899,0.3400576368876081,0.13890732138907322,2,1,2260.5,2225,0.49214775492147755,0.24607387746073878,0.5,0.9999971812875688,0.3125,0.6875,0.1953125,0.5029625,5,11,['boundary_margin_error'],boundary_margin_error,Medium_Dice (25-75%)
20160328_151057_641_721,0.7952481961856188,0.6600929699111242,0.7581297512406896,0.8361884353387073,4686,1495,918,223301,5604,6181,0.24187024753276168,0.16381156316916487,2,1,2802.0,1913,0.3413633119200571,0.17068165596002854,0.5,0.9999960919568327,0.375,0.625,0.1875,0.5031749999999999,6,10,['boundary_margin_error'],boundary_margin_error,Medium_Dice (25-75%)
20160328_151244_1281_1081,0.8809823675732614,0.7872819355515731,0.8085770428048483,0.9676303771994142,20985,4968,702,203745,21687,25953,0.19142295688359728,0.032369622354405866,1,3,21687.0,1886,0.08696454096924425,0.043482270484622124,3.0,0.9999943640982667,0.4375,0.5625,0.15625,0.50215,7,9,['high_quality'],high_quality,High_Dice (>75%)
20160328_151244_1281_361,0.8906813750071162,0.8029085196445069,0.8854304086059407,0.8959949933683793,21477,2779,2493,203651,23970,24256,0.11456959102902374,0.10400500625782227,1,1,23970.0,3379,0.14096787651230705,0.07048393825615352,1.0,0.9999967695589997,0.5625,0.4375,0.1875,0.5018875,9,7,['high_quality'],high_quality,High_Dice (>75%)
20160328_151244_1281_721,0.8466002955344535,0.734004259110457,0.833483136270869,0.8601369256050934,38947,7781,6333,177339,45280,46728,0.16651686355076187,0.139863074204947,6,3,7546.666666666667,6598,0.1457155477031802,0.0728577738515901,0.5,0.9999968644604929,0.375,0.625,0.1640625,0.5015499999999999,6,10,"['complex_topology', 'boundary_margin_error']",complex_topology,Medium_Dice (25-75%)
20160328_151244_1921_1081,0.7204213932573571,0.5630145654679993,0.7370253677051478,0.7045490557861007,4445,1586,1864,222505,6309,6031,0.26297463107279057,0.2954509430971628,3,2,2103.0,1675,0.26549373910286894,0.13274686955143447,0.6666666666666666,0.9999955653151916,0.5,0.5,0.1640625,0.502825,8,8,['boundary_margin_error'],boundary_margin_error,Medium_Dice (25-75%)
20160328_151244_1921_361,0.8787729979573802,0.7837601095553854,0.9254930351242956,0.836543255785171,26843,2161,5245,196151,32088,29004,0.07450696455661288,0.16345674395412615,2,1,16044.0,3054,0.09517576664173523,0.047587883320867615,0.5,0.9999957518144486,0.625,0.375,0.171875,0.50205,10,6,['high_quality'],high_quality,High_Dice (>75%)
20160328_151244_1921_721,0.8803298803983849,0.7862403979411464,0.8463566021498263,0.9171446338845173,39816,7228,3597,179759,43413,47044,0.15364339767026614,0.08285536590422224,4,2,10853.25,5681,0.1308594199894041,0.06542970999470205,0.5,0.9999964129541694,0.4375,0.5625,0.1484375,0.5019,7,9,['high_quality'],high_quality,High_Dice (>75%)
20160328_151244_1_1,0.8591764471737914,0.7531194855201917,0.8825419094296796,0.8370162840703848,23901,3181,4654,198664,28555,27082,0.1174580902444428,0.16298371563649097,1,1,28555.0,4036,0.1413412712309578,0.0706706356154789,1.0,0.9999954874065695,0.4375,0.5625,0.171875,0.5015499999999999,7,9,['high_quality'],high_quality,Medium_Dice (25-75%)
20160328_151244_1_1081,0.8433083107842644,0.72906922272092,0.8402964948243983,0.846341793340109,6235,1185,1132,221848,7367,7420,0.1597035040431267,0.15365820551106285,1,1,7367.0,1519,0.20618976516899687,0.10309488258449843,1.0,0.9999912878827489,0.6875,0.3125,0.2109375,0.5025,11,5,['boundary_margin_error'],boundary_margin_error,Medium_Dice (25-75%)
20160328_151244_1_721,0.8873009289839033,0.7974311762241666,0.8561679291871004,0.9207835589589068,18191,3056,1565,207588,19756,21247,0.14383207040994023,0.07921644057501519,1,1,19756.0,2941,0.14886616724033205,0.07443308362016603,1.0,0.9999939686626798,0.625,0.375,0.15625,0.5019,10,6,['high_quality'],high_quality,High_Dice (>75%)
20160328_151244_641_1,0.8932938718211177,0.8071644758044842,0.8959042793852259,0.8906986316096909,19468,2262,2389,206281,21857,21730,0.10409572020248505,0.10930136798279727,1,2,21857.0,3341,0.15285720821704718,0.07642860410852359,2.0,0.9999940636561016,0.5,0.5,0.1484375,0.5019625,8,8,['high_quality'],high_quality,High_Dice (>75%)
20160328_151244_641_361,0.8944830968288682,0.8091084761011602,0.8756005194847677,0.9141980402961183,15492,2201,1454,211253,16946,17693,0.12439948002034704,0.08580195916440458,1,1,16946.0,2183,0.12882096069868995,0.06441048034934498,1.0,0.9999920529538969,0.5625,0.4375,0.1796875,0.5021625,9,7,['high_quality'],high_quality,High_Dice (>75%)
20160328_151244_641_721,0.8836344212354176,0.7915278274821811,0.8846300750764619,0.8826410059293748,46321,6041,6159,171879,52480,52362,0.11536992475459303,0.11735899390243902,1,1,52480.0,5253,0.1000952743902439,0.05004763719512195,1.0,0.9999939263822223,0.4375,0.5625,0.1640625,0.5017,7,9,['high_quality'],high_quality,High_Dice (>75%)
20160328_151752_1281_361,0.7347313074724181,0.5806919208636008,0.787807275786426,0.6883555755264588,12018,3237,5441,209704,17459,15255,0.21219272369714848,0.31164442407927145,2,1,8729.5,2428,0.13906867518185462,0.06953433759092731,0.5,0.999997246855628,0.4375,0.5625,0.171875,0.5020374999999999,7,9,['boundary_margin_error'],boundary_margin_error,Medium_Dice (25-75%)
20160328_151752_1281_721,0.8158703961480009,0.6890043061958395,0.8759864698405758,0.7634755744476761,5439,770,1685,222506,7124,6209,0.12401352874859076,0.23652442448062885,1,2,7124.0,1432,0.20101066816395283,0.10050533408197641,2.0,0.9999973975051224,0.5625,0.4375,0.1640625,0.5028625,9,7,['boundary_margin_error'],boundary_margin_error,Medium_Dice (25-75%)
20160328_151752_1921_721,0.7727461377051542,0.6296546798069911,0.895330198282042,0.6796868659529136,16757,1959,7897,203787,24654,18716,0.10466980123958111,0.32031313377139614,4,1,6163.5,4532,0.18382412590249048,0.09191206295124524,0.25,0.9999971096513505,0.5,0.5,0.1484375,0.5023,8,8,['boundary_margin_error'],boundary_margin_error,Medium_Dice (25-75%)
20160328_151752_1_361,0.7504599883116279,0.6005890017860334,0.6486599224900095,0.8901610011519421,12440,6738,1535,209687,13975,19178,0.3513400771717593,0.10983899821109123,1,1,13975.0,2708,0.19377459749552772,0.09688729874776386,1.0,0.9999977258946844,0.4375,0.5625,0.15625,0.5021125,7,9,['boundary_margin_error'],boundary_margin_error,Medium_Dice (25-75%)
20160328_151752_1_721,0.4461506527367698,0.2871260676091718,0.28720277775259745,0.9990706226852173,1075,2668,1,226656,1076,3743,0.7127972214800962,0.0009293680297397769,5,2,215.2,573,0.5325278810408922,0.2662639405204461,0.4,0.9999940506611582,0.5625,0.4375,0.1953125,0.5030125,9,7,"['false_crack_high_fp', 'thin_low_area_failure', 'over_segmentation', 'complex_topology']",false_crack_high_fp,Low_Dice (<25%)
20160328_151752_641_361,0.7909295367870969,0.6541633104536635,0.7683228970817051,0.814906831908788,17056,5143,3874,204327,20930,22199,0.23167710257218793,0.18509316770186335,5,1,4186.0,3827,0.18284758719541327,0.09142379359770664,0.2,0.9999977465114955,0.5,0.5,0.1640625,0.5024125,8,8,"['complex_topology', 'boundary_margin_error']",complex_topology,Medium_Dice (25-75%)
20160328_152022_1281_721,0.9000841723197175,0.8183209566299186,0.8535446104021921,0.9519915586415222,28872,4954,1456,195118,30328,33826,0.1464553893454739,0.04800844104457927,1,1,30328.0,3008,0.09918227380638354,0.04959113690319177,1.0,0.999997005502179,0.5,0.5,0.15625,0.5018625,8,8,['high_quality'],high_quality,High_Dice (>75%)
20160328_152022_1921_1,0.8166505517191743,0.6901178285971292,0.7391985253438982,0.9122328320688576,8024,2831,772,218773,8796,10855,0.26080147397512665,0.08776716689404275,1,2,8796.0,850,0.09663483401546158,0.04831741700773079,2.0,0.9999973497681389,0.5625,0.4375,0.1640625,0.50295,9,7,['boundary_margin_error'],boundary_margin_error,Medium_Dice (25-75%)
20160328_152022_1921_361,0.7628009603126309,0.6165547626882939,0.687743797516093,0.8562478748694828,17631,8005,2960,201804,20591,25636,0.31225620221563427,0.14375212471468118,3,3,6863.666666666667,3230,0.15686464960419602,0.07843232480209801,1.0,0.9999962674076024,0.4375,0.5625,0.1875,0.5017750000000001,7,9,['boundary_margin_error'],boundary_margin_error,Medium_Dice (25-75%)
20160328_152022_1921_721,0.8722427294173752,0.7734312623555555,0.8084112142786956,0.9470185718992976,9688,2296,542,217874,10230,11984,0.19158878504672897,0.05298142717497556,1,2,10230.0,1710,0.16715542521994134,0.08357771260997067,2.0,0.9999976495431346,0.5625,0.4375,0.15625,0.502775,9,7,['high_quality'],high_quality,Medium_Dice (25-75%)
20160328_152022_1_1081,0.6887014512118961,0.5252056839751641,0.5676178154008424,0.875451937569565,7022,5349,999,217030,8021,12371,0.4323821841403282,0.12454806133898516,1,2,8021.0,2299,0.28662261563396085,0.14331130781698043,2.0,0.9999963682909623,0.4375,0.5625,0.1796875,0.5024249999999999,7,9,['moderate_general_error'],moderate_general_error,Low_Dice (<25%)
20160328_152022_1_361,0.6742120334180344,0.5085368478311285,0.5278151625665878,0.9329896870222454,2353,2105,169,225773,2522,4458,0.4721848362494392,0.06701030927835051,2,2,1261.0,818,0.32434575733544807,0.16217287866772404,1.0,0.9999889906240096,0.4375,0.5625,0.15625,0.5029625,7,9,['moderate_general_error'],moderate_general_error,Low_Dice (<25%)
20160328_152022_1_721,0.7625396820555304,0.6162134421588369,0.7203694809016681,0.8099541397222092,6005,2331,1409,220655,7414,8336,0.27963051823416507,0.19004585918532507,2,3,3707.0,1733,0.23374696520097113,0.11687348260048556,1.5,0.9999909746228202,0.5625,0.4375,0.1484375,0.5030874999999999,9,7,['boundary_margin_error'],boundary_margin_error,Medium_Dice (25-75%)
20160328_152022_641_361,0.8370473140875364,0.719760420374094,0.8128127573204219,0.8627714213969347,14781,3404,2351,209864,17132,18185,0.1871872422326093,0.13722857809946298,1,1,17132.0,2760,0.16110203128648143,0.08055101564324071,1.0,0.9999977598842169,0.5,0.5,0.1640625,0.502175,8,8,['boundary_margin_error'],boundary_margin_error,Medium_Dice (25-75%)
20160328_152022_641_721,0.800368910650801,0.6671792001364368,0.7156995048154648,0.9077596038368457,14319,5688,1455,208938,15774,20007,0.28430049482681063,0.09224039558767592,3,2,5258.0,2652,0.1681247622670217,0.08406238113351085,0.6666666666666666,0.9999965438067007,0.375,0.625,0.1953125,0.5022375,6,10,['boundary_margin_error'],boundary_margin_error,Medium_Dice (25-75%)
20160328_152305_1281_361,0.8933877159506421,0.8073177289172355,0.8591387993248175,0.9304806195779965,15004,2460,1121,211815,16125,17464,0.1408612001832341,0.06951937984496125,2,2,8062.5,1636,0.10145736434108527,0.05072868217054263,1.0,0.9999981552933999,0.375,0.625,0.2109375,0.502625,6,10,['high_quality'],high_quality,High_Dice (>75%)
20160328_152305_1281_721,0.816685170240544,0.6901672739169166,0.7062211977692445,0.9681131074918304,12873,5355,424,211748,13297,18228,0.29377880184331795,0.031886891780100776,2,4,6648.5,1594,0.11987666390915244,0.05993833195457622,2.0,0.999996205723622,0.5,0.5,0.171875,0.5023875,8,8,['boundary_margin_error'],boundary_margin_error,Medium_Dice (25-75%)
20160328_152305_1921_361,0.7862449022845266,0.6477788672232107,0.7760323742326128,0.7967298066490663,17834,5147,4550,202869,22384,22981,0.2239676254297028,0.20327019299499643,3,3,7461.333333333333,2186,0.0976590421729807,0.04882952108649035,1.0,0.9999947879386097,0.3125,0.6875,0.1640625,0.502625,5,11,['boundary_margin_error'],boundary_margin_error,Medium_Dice (25-75%)
20160328_152305_1921_721,0.928272915540887,0.8661467354903832,0.9072919812966463,0.9502471790149276,14993,1532,785,213090,15778,16525,0.09270801815431165,0.04975282038281151,1,1,15778.0,1312,0.08315375839776905,0.041576879198884524,1.0,0.9999952789320756,0.375,0.625,0.1953125,0.50225,6,10,['high_quality'],high_quality,High_Dice (>75%)
20160328_152305_1_361,0.7778969583135888,0.6365232159476086,0.6985458608634441,0.8775860716077867,11241,4851,1568,212740,12809,16092,0.30145413870246085,0.12241392770708096,1,1,12809.0,3367,0.26286205012100866,0.13143102506050433,1.0,0.9999971899044385,0.5,0.5,0.2109375,0.5024625,8,8,['boundary_margin_error'],boundary_margin_error,Medium_Dice (25-75%)
20160328_152305_641_361,0.7659308312119459,0.6206547011981071,0.6801934256811126,0.876399763512335,10409,4894,1468,213629,11877,15303,0.3198065738744037,0.12360023574976846,2,2,5938.5,2578,0.2170581796750021,0.10852908983750105,1.0,0.9999983080057913,0.375,0.625,0.1875,0.5027874999999999,6,10,['boundary_margin_error'],boundary_margin_error,Medium_Dice (25-75%)
20160328_152305_641_721,0.7868086089361701,0.6485445039683551,0.716350610739001,0.8726386032481321,16999,6731,2481,204189,19480,23730,0.28364938895912345,0.12736139630390145,2,2,9740.0,2953,0.15159137577002055,0.07579568788501027,1.0,0.9999971866419093,0.375,0.625,0.203125,0.5019750000000001,6,10,['boundary_margin_error'],boundary_margin_error,Medium_Dice (25-75%)
20160328_152511_1281_361,0.7036464767698566,0.5427890341336599,0.5881694501565615,0.8755447309977638,6831,4783,971,217815,7802,11614,0.4118305493370071,0.12445526788003076,3,3,2600.6666666666665,2301,0.2949243783645219,0.14746218918226095,1.0,0.9999963340799937,0.3125,0.6875,0.1875,0.50255,5,11,['moderate_general_error'],moderate_general_error,Low_Dice (<25%)
20160328_152511_1281_721,0.8080824082344831,0.6779683543704715,0.6978240034243548,0.9597214361759432,5099,2208,214,222879,5313,7307,0.30217599562063774,0.040278562017692456,1,2,5313.0,1252,0.23564840956145303,0.11782420478072651,2.0,0.9999968709588727,0.3125,0.6875,0.171875,0.5029625,5,11,['boundary_margin_error'],boundary_margin_error,Medium_Dice (25-75%)
20160328_152511_1921_361,0.7617147739438527,0.6151367697165067,0.6801657694633083,0.8654824675127372,9355,4399,1454,215192,10809,13754,0.31983423004216954,0.1345175316865575,2,2,5404.5,1974,0.1826255897862892,0.0913127948931446,1.0,0.9999936749265189,0.3125,0.6875,0.1875,0.5026875,5,11,['boundary_margin_error'],boundary_margin_error,Medium_Dice (25-75%)
20160328_152511_1921_721,0.4761652069725257,0.3124782352728053,0.7742306563870271,0.34380587440126964,2692,785,5138,221785,7830,3477,0.22576934138625251,0.6561941251596424,1,2,7830.0,1447,0.18480204342273307,0.09240102171136653,2.0,0.9999951718301905,0.375,0.625,0.1875,0.5030375,6,10,"['missed_crack_high_fn', 'thin_low_area_failure']",missed_crack_high_fn,Low_Dice (<25%)
20160328_152511_1_361,0.6568053948892264,0.48898751706574894,0.5469099028624287,0.8219714624433727,8814,7302,1909,212375,10723,16116,0.45309009679821294,0.1780285367900774,1,2,10723.0,3459,0.3225776368553576,0.1612888184276788,2.0,0.9999950650715814,0.1875,0.8125,0.1953125,0.50245,3,13,['moderate_general_error'],moderate_general_error,Low_Dice (<25%)
20160328_152511_641_361,0.7771963644000134,0.6355855852674747,0.6436391279048965,0.9806934890874249,12699,7031,250,210420,12949,19730,0.35636087176887987,0.019306510155224343,1,1,12949.0,2798,0.21607846165727082,0.10803923082863541,1.0,0.9999964802028465,0.375,0.625,0.171875,0.5023375,6,10,['boundary_margin_error'],boundary_margin_error,Medium_Dice (25-75%)
20160328_152511_641_721,0.6417355358641829,0.4724672939687639,0.5071848448491677,0.8734533134226473,1553,1509,225,227113,1778,3062,0.4928151534944481,0.1265466816647919,1,2,1778.0,514,0.2890888638920135,0.14454443194600675,2.0,0.9999971152898426,0.5,0.5,0.1796875,0.5036125,8,8,['moderate_general_error'],moderate_general_error,Low_Dice (<25%)
20160328_152747_1281_361,0.7966141360599882,0.66197730913324,0.7407326799124173,0.8616150528549362,10211,3574,1640,214975,11851,13785,0.25926731955023574,0.1383849464180238,2,2,5925.5,3166,0.26715045143869715,0.13357522571934857,1.0,0.9999970535553957,0.3125,0.6875,0.15625,0.5024625,5,11,['boundary_margin_error'],boundary_margin_error,Medium_Dice (25-75%)
20160328_152747_1281_721,0.7051077400137515,0.5445300445469028,0.5489282368781353,0.9854991579169038,1767,1452,26,227155,1793,3219,0.451071761416589,0.014500836586726157,1,1,1793.0,390,0.21751254880089235,0.10875627440044618,1.0,0.9999977456457912,0.4375,0.5625,0.1640625,0.5029625,7,9,['moderate_general_error'],moderate_general_error,Low_Dice (<25%)
20160328_152747_1921_361,0.813236731408994,0.6852560682759552,0.8294528175300846,0.797642546501809,14143,2908,3588,209761,17731,17051,0.1705471819834614,0.20235745304833344,1,1,17731.0,3321,0.18729908070610796,0.09364954035305398,1.0,0.9999967484948362,0.375,0.625,0.15625,0.5023625,6,10,['boundary_margin_error'],boundary_margin_error,Medium_Dice (25-75%)
20160328_152747_1_361,0.7675141465021463,0.6227366783350125,0.6684250706820122,0.9010947872170911,9630,4777,1057,214936,10687,14407,0.3315749288540293,0.09890521193973988,1,1,10687.0,2884,0.26986057827266774,0.13493028913633387,1.0,0.9999971719616388,0.4375,0.5625,0.1875,0.502525,7,9,['boundary_margin_error'],boundary_margin_error,Medium_Dice (25-75%)
20160328_152747_641_361,0.7565371919406775,0.6084115962594877,0.6534371227642599,0.8982667664670183,11920,6322,1350,210808,13270,18242,0.34656287687753534,0.10173323285606632,1,1,13270.0,3624,0.27309721175584023,0.13654860587792012,1.0,0.9999976782332807,0.4375,0.5625,0.1484375,0.5026375,7,9,['boundary_margin_error'],boundary_margin_error,Medium_Dice (25-75%)
20160328_153548_1281_1081,0.8339253959417167,0.7151561255509815,0.9494438731097687,0.7434679276051629,939,50,324,229087,1263,989,0.05055611729019211,0.25653206650831356,1,1,1263.0,218,0.1726049089469517,0.08630245447347586,1.0,0.999993681771265,0.5625,0.4375,0.203125,0.5036875000000001,9,7,['boundary_margin_error'],boundary_margin_error,Medium_Dice (25-75%)
20160328_153548_1281_361,0.8728119794523714,0.7743268767426466,0.9496017364958701,0.8075123142764626,6557,348,1563,221932,8120,6905,0.050398262128892105,0.19248768472906405,1,2,8120.0,1052,0.12955665024630542,0.06477832512315271,2.0,0.9999982339383024,0.5625,0.4375,0.1875,0.5027625,9,7,['high_quality'],high_quality,High_Dice (>75%)
20160328_153548_1281_721,0.8223458144421789,0.6982914207982518,0.8277706458323454,0.8169916235598678,23214,4830,5200,197156,28414,28044,0.17222935387248609,0.18300837615260082,3,4,9471.333333333334,4591,0.161575279791652,0.080787639895826,1.3333333333333333,0.9999966040488604,0.4375,0.5625,0.1484375,0.5017625,7,9,['boundary_margin_error'],boundary_margin_error,Medium_Dice (25-75%)
20160328_153548_1921_361,0.9040062722980972,0.8248279615556122,0.9127648338137941,0.8954142005211434,12106,1157,1414,215723,13520,13263,0.08723516549800196,0.10458579881656804,1,1,13520.0,1494,0.11050295857988165,0.05525147928994083,1.0,0.9999970002004992,0.5,0.5,0.171875,0.5027375,8,8,['high_quality'],high_quality,High_Dice (>75%)
20160328_153548_1921_721,0.9002426378900841,0.818582961029643,0.8863130458296796,0.9146170648693949,16325,2094,1524,210457,17849,18419,0.11368695368912536,0.0853829346181859,2,1,8924.5,2779,0.15569499691859487,0.07784749845929743,0.5,0.9999966614269202,0.4375,0.5625,0.15625,0.5023375,7,9,['high_quality'],high_quality,High_Dice (>75%)
20160328_153548_1_1,0.7867693792014925,0.6484911983870532,0.8360620301312681,0.7429655235076512,15473,3034,5353,206540,20826,18507,0.16393796941697736,0.2570344761355997,1,1,20826.0,3686,0.1769903005858062,0.0884951502929031,1.0,0.9999960168161515,0.375,0.625,0.1640625,0.5024875,6,10,['boundary_margin_error'],boundary_margin_error,Medium_Dice (25-75%)
20160328_153548_1_1081,0.7509398495064317,0.601203912565537,0.7350505977506745,0.7675312197350205,23970,8640,7260,190530,31230,32610,0.26494940202391903,0.23246878001921228,1,1,31230.0,4278,0.13698366954851104,0.06849183477425552,1.0,0.9999964555847645,0.375,0.625,0.1875,0.5023125,6,10,['boundary_margin_error'],boundary_margin_error,Medium_Dice (25-75%)
20160328_153548_641_1,0.7950679499639385,0.6598446360026223,0.7451079609562956,0.8522091436384157,4417,1511,766,223706,5183,5928,0.2548920377867746,0.14779085471734515,1,2,5183.0,1078,0.20798765193903146,0.10399382596951573,2.0,0.9999959442882045,0.5,0.5,0.1796875,0.5031625,8,8,['boundary_margin_error'],boundary_margin_error,Medium_Dice (25-75%)
20160328_153548_641_1081,0.721792848735915,0.5646916057558409,0.6770859461757635,0.77282098226273,13495,6436,3967,206502,17462,19931,0.3229140534845216,0.22717901729469706,1,1,17462.0,3550,0.2032985912266636,0.1016492956133318,1.0,0.9999977061273222,0.3125,0.6875,0.1640625,0.5026625,5,11,['boundary_margin_error'],boundary_margin_error,Medium_Dice (25-75%)
20160328_153548_641_361,0.6443342230871162,0.47528987901014313,0.5825055179601193,0.7208468486924248,4222,3026,1635,221517,5857,7248,0.4174944812362031,0.27915315007683117,10,2,585.7,2268,0.38722895680382446,0.19361447840191223,0.2,0.9999976151105368,0.3125,0.6875,0.1484375,0.5026125000000001,5,11,['complex_topology'],complex_topology,Low_Dice (<25%)
20160328_153548_641_721,0.790962585106214,0.6542085260245648,0.7961989225237891,0.78579467251107,12568,3217,3426,211189,15994,15785,0.2038010769718087,0.2142053269976241,2,1,7997.0,3223,0.2015130674002751,0.10075653370013755,0.5,0.999997204620591,0.25,0.75,0.1875,0.5023625,4,12,['boundary_margin_error'],boundary_margin_error,Medium_Dice (25-75%)
20160328_153604_1281_1,0.6328675648368569,0.4629160632571309,0.4918789039001644,0.8871554846816512,5118,5287,651,219344,5769,10405,0.5081210956271024,0.11284451378055123,1,1,5769.0,1772,0.3071589530247877,0.15357947651239384,1.0,0.9999944351714418,0.5,0.5,0.203125,0.502775,8,8,['moderate_general_error'],moderate_general_error,Low_Dice (<25%)
20160328_153604_1281_361,0.7969463066096832,0.6624361913256047,0.7614664078588144,0.8358941018579991,14145,4431,2777,209047,16922,18576,0.23853359173126615,0.16410589764803216,1,1,16922.0,3158,0.18662096678879564,0.09331048339439782,1.0,0.9999975658691618,0.4375,0.5625,0.1640625,0.5024,7,9,['boundary_margin_error'],boundary_margin_error,Medium_Dice (25-75%)
20160328_153604_1281_721,0.7367618516992093,0.5832327441110322,0.6204763012955427,0.9066871367223753,10630,6502,1094,212174,11724,17132,0.37952369834228344,0.09331286250426475,1,2,11724.0,2934,0.2502558853633572,0.1251279426816786,2.0,0.9999986511989299,0.375,0.625,0.1640625,0.5027250000000001,6,10,['boundary_margin_error'],boundary_margin_error,Medium_Dice (25-75%)
20160328_153604_1921_361,0.7320677500920512,0.5773713462570251,0.6786090616939873,0.7946692984578239,9660,4575,2496,213669,12156,14235,0.321390937829294,0.20533070088845015,2,2,6078.0,3155,0.25954261270154655,0.12977130635077327,1.0,0.99999651195363,0.5,0.5,0.15625,0.5030749999999999,8,8,['boundary_margin_error'],boundary_margin_error,Medium_Dice (25-75%)
20160328_153604_1921_721,0.7903591453723267,0.6533833098879573,0.7118498347099514,0.8883325874936678,9936,4022,1249,215193,11185,13958,0.28815016478005445,0.11166741171211444,1,1,11185.0,2448,0.218864550737595,0.1094322753687975,1.0,0.9999978930901263,0.375,0.625,0.15625,0.5027250000000001,6,10,['boundary_margin_error'],boundary_margin_error,Medium_Dice (25-75%)
20160328_153604_1_1,0.8233946762406624,0.6998053294624386,0.7722222216502058,0.8818304847895192,10425,3075,1397,215503,11822,13500,0.22777777777777777,0.1181695144645576,1,1,11822.0,2152,0.18203349687024192,0.09101674843512096,1.0,0.9999949157636991,0.4375,0.5625,0.1484375,0.5024,7,9,['boundary_margin_error'],boundary_margin_error,Medium_Dice (25-75%)
20160328_153604_1_361,0.7768935828774891,0.6351806940112493,0.6989716215185032,0.8743689945657311,10739,4625,1543,213493,12282,15364,0.3010283780265556,0.12563100472235791,1,3,12282.0,2675,0.21779840416870216,0.10889920208435108,3.0,0.9999948433986353,0.5625,0.4375,0.1484375,0.502725,9,7,['boundary_margin_error'],boundary_margin_error,Medium_Dice (25-75%)
20160328_153604_641_1,0.7833958120218544,0.6439200355900195,0.6901884963024097,0.9057082442857207,8568,3846,892,217094,9460,12414,0.3098115031416143,0.09429175475687103,1,2,9460.0,1886,0.19936575052854122,0.09968287526427061,2.0,0.9999968784151456,0.5,0.5,0.171875,0.5023625,8,8,['boundary_margin_error'],boundary_margin_error,Medium_Dice (25-75%)
20160328_153604_641_1081,0.8484755156430357,0.736828028556286,0.8465202023626158,0.8504398822604107,16530,2997,2907,207966,19437,19527,0.15347979720387156,0.1495601173020528,1,1,19437.0,2413,0.1241446725317693,0.06207233626588465,1.0,0.9999976572506839,0.6875,0.3125,0.1640625,0.502475,11,5,['boundary_margin_error'],boundary_margin_error,Medium_Dice (25-75%)
20160328_153604_641_361,0.769164513143528,0.6249125259688101,0.6833094210027215,0.8796946183476821,14288,6622,1954,207536,16242,20910,0.3166905786704926,0.12030538111070065,3,1,5414.0,4470,0.27521241226449944,0.13760620613224972,0.3333333333333333,0.9999976301066846,0.3125,0.6875,0.1640625,0.5016625,5,11,['boundary_margin_error'],boundary_margin_error,Medium_Dice (25-75%)
20160328_153604_641_721,0.7855342739460892,0.6468146915092267,0.7324208419594543,0.8469533313993932,12468,4555,2253,211124,14721,17023,0.26757915761029194,0.15304666802527003,2,2,7360.5,3390,0.23028326879967392,0.11514163439983696,1.0,0.9999951298349002,0.5,0.5,0.140625,0.5022875,8,8,['boundary_margin_error'],boundary_margin_error,Medium_Dice (25-75%)
20160328_153620_1281_1081,0.8708655860822211,0.7712683054806222,0.9009828871460397,0.8426966263442403,2475,272,462,227191,2937,2747,0.09901710957408082,0.15730337078651685,1,1,2937.0,555,0.18896833503575078,0.09448416751787539,1.0,0.9999971921548644,0.375,0.625,0.1953125,0.5033875,6,10,['high_quality'],high_quality,Medium_Dice (25-75%)
20160328_153620_1281_361,0.7938919017379938,0.6582261597297845,0.8271164525887961,0.7632334745574333,34547,7221,10717,177915,45264,41768,0.17288354721317756,0.2367665252739484,2,1,22632.0,7174,0.1584924001413927,0.07924620007069635,0.5,0.9999951389423463,0.375,0.625,0.1484375,0.5013624999999999,6,10,['boundary_margin_error'],boundary_margin_error,Medium_Dice (25-75%)
20160328_153620_1281_721,0.8442573418111716,0.7304890373556105,0.7560518053479376,0.9557623017486376,20957,6762,970,201711,21927,27719,0.24394819437930662,0.044237697815478635,12,2,1827.25,5996,0.2734528207233092,0.1367264103616546,0.16666666666666666,0.999997522327521,0.375,0.625,0.140625,0.5021125,6,10,"['complex_topology', 'boundary_margin_error']",complex_topology,Medium_Dice (25-75%)
20160328_153620_1921_1081,0.9010765197841739,0.819962932821496,0.9080336191281924,0.8942252156937197,9291,941,1099,219069,10390,10232,0.09196637998436279,0.10577478344562079,1,2,10390.0,1998,0.1923002887391723,0.09615014436958615,2.0,0.9999971809098126,0.375,0.625,0.15625,0.503525,6,10,['high_quality'],high_quality,High_Dice (>75%)
20160328_153620_1921_361,0.9034974924611839,0.8239812369322833,0.8728300360632185,0.9363984671209734,28106,4095,1909,196290,30015,32201,0.12716996366572467,0.06360153256704981,2,1,15007.5,4710,0.15692153923038482,0.07846076961519241,0.5,0.9999950853506985,0.4375,0.5625,0.1640625,0.502425,7,9,['high_quality'],high_quality,High_Dice (>75%)
20160328_153620_1_361,0.9289421706354106,0.8673128053099713,0.8941814534887161,0.9665147988127203,30336,3590,1051,195423,31387,33926,0.10581854624771561,0.03348520087934495,2,1,15693.5,3918,0.1248287507566827,0.06241437537834135,0.5,0.9999963031609693,0.5,0.5,0.1484375,0.5018125,8,8,['high_quality'],high_quality,High_Dice (>75%)
20160328_153620_1_721,0.9405979229251441,0.8878573520662285,0.8979135605098159,0.9875430241148287,6025,685,76,223614,6101,6710,0.10208643815201192,0.012456974266513687,1,3,6101.0,709,0.11621045730208163,0.05810522865104081,3.0,0.9999961527281411,0.5,0.5,0.15625,0.503025,8,8,['high_quality'],high_quality,High_Dice (>75%)
20160328_153620_641_361,0.8692869025289419,0.7687952889846068,0.8014636440020495,0.9496503483221673,6790,1682,360,221568,7150,8472,0.1985363550519358,0.05034965034965035,4,2,1787.5,1854,0.2593006993006993,0.12965034965034966,0.5,0.9999972027850657,0.4375,0.5625,0.1796875,0.5026375,7,9,['high_quality'],high_quality,Medium_Dice (25-75%)
20160328_153620_641_721,0.8765156381358016,0.780176091353331,0.8497478989916464,0.9050246386503338,42976,7599,4510,175315,47486,50575,0.15025210084033613,0.09497536115907847,3,1,15828.666666666666,8363,0.17611506549298742,0.08805753274649371,0.3333333333333333,0.9999865610136491,0.375,0.625,0.1484375,0.5010625,6,10,['high_quality'],high_quality,High_Dice (>75%)
20160328_153629_1281_361,0.9649690252919417,0.9323093210462825,0.9343879382796604,0.997619586264317,8801,618,21,220960,8822,9419,0.0656120607283151,0.0023804126048515076,1,1,8822.0,698,0.07912038086601678,0.03956019043300839,1.0,0.9999960481240601,0.5625,0.4375,0.1640625,0.5031625000000001,9,7,['high_quality'],high_quality,High_Dice (>75%)
20160328_153629_1281_721,0.9059303000694646,0.8280370986665512,0.8947303565553332,0.9174141920752099,21784,2563,1961,204092,23745,24347,0.10526964307717583,0.08258580753842915,1,1,23745.0,3705,0.1560328490208465,0.07801642451042325,1.0,0.9999972434914022,0.4375,0.5625,0.171875,0.50205,7,9,['high_quality'],high_quality,High_Dice (>75%)
20160328_153629_1921_361,0.9270131279063766,0.8639557034817945,0.9270131277583247,0.9270131277583247,29022,2285,2285,196808,31307,31307,0.07298687194557128,0.07298687194557128,1,1,31307.0,3988,0.1273836522183537,0.06369182610917686,1.0,0.9999963414342717,0.3125,0.6875,0.15625,0.5021,5,11,['high_quality'],high_quality,High_Dice (>75%)
20160328_153629_1_361,0.92039332073088,0.8525265158177555,0.8766513918919925,0.96872964140695,32714,4603,1056,192027,33770,37317,0.12334860787308734,0.031270358306188926,3,1,11256.666666666666,4891,0.14483269173822919,0.07241634586911459,0.3333333333333333,0.9999944445840454,0.5,0.5,0.1484375,0.5019750000000001,8,8,['high_quality'],high_quality,High_Dice (>75%)
20160328_153629_641_361,0.8620465716383493,0.7575411700982055,0.8152307415202398,0.914566928233694,9292,2106,868,218134,10160,11398,0.18476925776452008,0.08543307086614173,2,1,5080.0,1951,0.19202755905511812,0.09601377952755906,0.5,0.9999983126301949,0.4375,0.5625,0.1484375,0.5029125000000001,7,9,['high_quality'],high_quality,Medium_Dice (25-75%)
20160328_153629_641_721,0.9375644821550296,0.8824671863914835,0.8999456918186929,0.9784654923488363,28171,3132,620,198477,28791,31303,0.10005430789381209,0.021534507311312564,6,1,4798.5,3676,0.12767878851029835,0.06383939425514917,0.16666666666666666,0.9999941564670447,0.4375,0.5625,0.1640625,0.5018875,7,9,"['complex_topology', 'high_quality']",complex_topology,High_Dice (>75%)
20160328_153829_1281_361,0.8789443487008739,0.7840327531307804,0.8035924464450149,0.9698897498626078,31406,7676,975,190343,32381,39082,0.196407553349368,0.030110249837867885,7,1,4625.857142857143,7820,0.24149964485346345,0.12074982242673173,0.14285714285714285,0.9999951749914893,0.375,0.625,0.171875,0.5016875000000001,6,10,"['complex_topology', 'high_quality']",complex_topology,High_Dice (>75%)
20160328_153829_1281_721,0.7923599709487228,0.6561226457284638,0.7230538906692603,0.8763608064376339,3381,1295,477,225247,3858,4676,0.27694610778443113,0.12363919129082426,3,1,1286.0,1468,0.3805080352514256,0.1902540176257128,0.3333333333333333,0.9999934784130291,0.5625,0.4375,0.1953125,0.5035875000000001,9,7,['boundary_margin_error'],boundary_margin_error,Medium_Dice (25-75%)
20160328_153829_1921_1,0.8224250210566887,0.6984056520924775,0.7237598709178257,0.9522368482613423,18880,7206,947,203367,19827,26086,0.2762401288047228,0.04776315125838503,14,1,1416.2142857142858,6747,0.3402935391133303,0.17014676955666516,0.07142857142857142,0.9999964748573913,0.3125,0.6875,0.171875,0.5016125,5,11,"['complex_topology', 'boundary_margin_error']",complex_topology,Medium_Dice (25-75%)
20160328_153829_1921_361,0.8210157608627954,0.6963755185256971,0.7203441902881701,0.9543973915461526,3516,1365,168,225351,3684,4881,0.2796558082360172,0.04560260586319218,2,2,1842.0,976,0.26492942453854507,0.13246471226927253,1.0,0.9999948066067563,0.375,0.625,0.15625,0.50355,6,10,['boundary_margin_error'],boundary_margin_error,Medium_Dice (25-75%)
20160328_153829_1_1,0.8256761807738561,0.7031077521002345,0.7221786147208361,0.9638014310866546,16561,6371,622,206846,17183,22932,0.2778213849642421,0.03619856835244137,4,1,4295.75,5674,0.33021009136937673,0.16510504568468837,0.25,0.9999981539560031,0.5,0.5,0.1953125,0.5019874999999999,8,8,['boundary_margin_error'],boundary_margin_error,Medium_Dice (25-75%)
20160328_153829_1_721,0.8646790501324261,0.761616395992062,0.8596214499742095,0.8697965143372836,6540,1068,979,221813,7519,7608,0.14037854889589904,0.13020348450591834,1,1,7519.0,1642,0.2183801037371991,0.10919005186859955,1.0,0.9999976512960113,0.625,0.375,0.1640625,0.5029,10,6,['high_quality'],high_quality,Medium_Dice (25-75%)
20160328_153829_641_1,0.86658621983501,0.764580628011124,0.8456545460131802,0.8885803954076652,14722,2687,1846,211145,16568,17409,0.15434545350106266,0.11141960405601159,5,2,3313.6,3613,0.21807098020280058,0.10903549010140029,0.4,0.9999969715487482,0.5,0.5,0.171875,0.5022249999999999,8,8,"['complex_topology', 'high_quality']",complex_topology,Medium_Dice (25-75%)
20160328_153829_641_1081,0.7296153362818278,0.5743263100692539,0.5848717687008564,0.9695616195706177,5861,4160,184,220195,6045,10021,0.4151282307154975,0.0304383788254756,2,2,3022.5,1958,0.323904052936311,0.1619520264681555,1.0,0.9999983544331402,0.375,0.625,0.171875,0.5028125,6,10,['moderate_general_error'],moderate_general_error,Medium_Dice (25-75%)
20160328_153829_641_361,0.8463376742464227,0.7336095279817613,0.7442471359207239,0.9808890721771375,7083,2434,138,220745,7221,9517,0.25575286329725755,0.019110926464478605,2,1,3610.5,2066,0.2861099570696579,0.14305497853482896,0.5,0.9999976850092996,0.4375,0.5625,0.1640625,0.503,7,9,['boundary_margin_error'],boundary_margin_error,Medium_Dice (25-75%)
20160328_153829_641_721,0.7989637291900454,0.6652286434707257,0.6712129986325798,0.9867747398175138,2313,1133,31,226923,2344,3446,0.3287869994196169,0.013225255972696246,2,2,1172.0,1120,0.4778156996587031,0.23890784982935154,1.0,0.9999956438156228,0.5,0.5,0.1953125,0.5033875,8,8,['boundary_margin_error'],boundary_margin_error,Medium_Dice (25-75%)
20160329_103807_1081_1,0.20388191126426047,0.11351253157734739,0.14491073465126192,0.34378437654684063,625,3688,1193,224894,1818,4313,0.8550892650127522,0.6562156215621562,1,5,1818.0,702,0.38613861386138615,0.19306930693069307,5.0,0.9999914241416213,0.375,0.625,0.1953125,0.50345,6,10,"['missed_crack_high_fn', 'false_crack_high_fp', 'thin_low_area_failure', 'over_segmentation', 'fragmented_prediction']",missed_crack_high_fn,Low_Dice (<25%)
20160329_103807_361_1,0.7779889708370318,0.6366464395742198,0.853296957402946,0.7148956353653202,16577,2850,6611,204362,23188,19427,0.1467030421578216,0.2851043643263757,2,1,11594.0,1985,0.08560462308090391,0.04280231154045196,0.5,0.9999930020137469,0.375,0.625,0.1953125,0.5026375000000001,6,10,['boundary_margin_error'],boundary_margin_error,Medium_Dice (25-75%)
20160329_103807_361_1281,0.7207014062171893,0.56335667819826,0.7654895827191348,0.6808645705317821,22523,6900,10557,190420,33080,29423,0.23451041702069808,0.3191354292623942,4,1,8270.0,5043,0.1524486094316808,0.0762243047158404,0.25,0.9999960736924307,0.4375,0.5625,0.1640625,0.5026,7,9,['boundary_margin_error'],boundary_margin_error,Medium_Dice (25-75%)
20160329_103807_361_1921,0.639644884179951,0.470204343513907,0.8233420752981725,0.5229652544850769,17580,3772,16036,193012,33616,21352,0.1766579243162233,0.4770347453593527,6,1,5602.666666666667,5092,0.15147548786292242,0.07573774393146121,0.16666666666666666,0.9999957908538588,0.4375,0.5625,0.171875,0.50255,7,9,['complex_topology'],complex_topology,Low_Dice (<25%)
20160329_103807_361_641,0.820046403617164,0.6949819095691793,0.915695113499224,0.7424898111964854,35344,3254,12258,179544,47602,38598,0.08430488626353697,0.25751018864753583,3,1,15867.333333333334,4507,0.09468089576068232,0.04734044788034116,0.3333333333333333,0.9999943426397988,0.4375,0.5625,0.2109375,0.5022875,7,9,['boundary_margin_error'],boundary_margin_error,Medium_Dice (25-75%)
20160329_103807_721_1,0.6793330362972309,0.5143863327909537,0.714025689992186,0.6478554236550487,13730,5499,7463,203708,21193,19229,0.28597430963648657,0.35214457603925825,1,1,21193.0,3008,0.14193365733968763,0.07096682866984381,1.0,0.9999911410115827,0.375,0.625,0.171875,0.50285,6,10,['boundary_margin_error'],boundary_margin_error,Low_Dice (<25%)
20160329_103807_721_1281,0.6822471894780963,0.5177353324770282,0.6426756958396456,0.7270114907710177,1518,844,570,227468,2088,2362,0.3573243014394581,0.27298850574712646,2,2,1044.0,664,0.31800766283524906,0.15900383141762453,1.0,0.999995477528991,0.375,0.625,0.1953125,0.5034749999999999,6,10,['boundary_margin_error'],boundary_margin_error,Low_Dice (<25%)
20160330_165956_1281_721,0.6508453540919056,0.4824097489979231,0.5151837599122667,0.883492418748607,6294,5923,830,217353,7124,12217,0.48481623966603915,0.11650758001122964,5,1,1424.8,3495,0.49059517125210556,0.24529758562605278,0.2,0.9999959452727922,0.3125,0.6875,0.15625,0.5022,5,11,['complex_topology'],complex_topology,Low_Dice (<25%)
20160330_165956_1921_721,0.7528362009223479,0.6036385930052753,0.6324694788686341,0.9297858927427805,5906,3432,446,220616,6352,9338,0.3675305204540587,0.07021410579345089,2,1,3176.0,3591,0.5653337531486146,0.2826668765743073,0.5,0.9999951187938179,0.4375,0.5625,0.15625,0.502225,7,9,['boundary_margin_error'],boundary_margin_error,Medium_Dice (25-75%)
20160330_165956_1_1081,0.833884114984642,0.715095408355285,0.8115351620802582,0.8574988662692582,7570,1758,1258,219814,8828,9328,0.1884648370497427,0.1425011327594019,1,1,8828.0,3489,0.3952197553239692,0.1976098776619846,1.0,0.9999960158969792,0.5,0.5,0.1484375,0.5023875,8,8,['boundary_margin_error'],boundary_margin_error,Medium_Dice (25-75%)
20160330_165956_1_721,0.6778763400781965,0.512717804413461,0.5246439178966658,0.9575462858471175,5120,4639,227,220414,5347,9759,0.47535608156573417,0.04245371236207219,5,3,1069.4,4121,0.7707125490929493,0.38535627454647464,0.6,0.999995268368024,0.5625,0.4375,0.140625,0.5025250000000001,9,7,['complex_topology'],complex_topology,Low_Dice (<25%)
20160330_165956_641_721,0.8047783711596047,0.6733298258168247,0.702717539845624,0.9415226174555319,7680,3249,477,218994,8157,10929,0.2972824595113917,0.05847738139021699,2,1,4078.5,4056,0.49724163295329166,0.24862081647664583,0.5,0.9999983355931505,0.4375,0.5625,0.1640625,0.502525,7,9,['boundary_margin_error'],boundary_margin_error,Medium_Dice (25-75%)
20160330_170359_1281_721,0.8171020706402553,0.6907629562615938,0.9301496560697059,0.7285556168615597,28963,2175,10791,188471,39754,31138,0.06985034363157556,0.2714443829551743,1,2,39754.0,3228,0.08119937616340495,0.04059968808170247,2.0,0.9999914971678406,0.4375,0.5625,0.1640625,0.5021625,7,9,['boundary_margin_error'],boundary_margin_error,Medium_Dice (25-75%)
20160330_170359_1921_361,0.8640114626093848,0.7605811451179196,0.8492957742048536,0.879246097705219,16281,2889,2236,208994,18517,19170,0.15070422535211267,0.12075390181994923,1,1,18517.0,1564,0.08446292595992871,0.04223146297996436,1.0,0.9999931628394824,0.25,0.75,0.171875,0.5020374999999999,4,12,['high_quality'],high_quality,Medium_Dice (25-75%)
20160330_170359_1921_721,0.8811688603426134,0.7875798492813213,0.9406538215555296,0.828759837979681,19480,1229,4025,205666,23505,20709,0.05934617799024579,0.17124016166773026,2,3,11752.5,1744,0.07419697936609232,0.03709848968304616,1.5,0.9999916304130112,0.1875,0.8125,0.1796875,0.5022,3,13,['high_quality'],high_quality,High_Dice (>75%)
20160330_170359_1_721,0.8526516574283096,0.7431497704674053,0.8458096235440556,0.859605288773587,30620,5582,5001,189197,35621,36202,0.15419037622230816,0.14039471098509307,1,1,35621.0,3446,0.09674068667359143,0.04837034333679571,1.0,0.9999918348287581,0.125,0.875,0.203125,0.502075,2,14,['high_quality'],high_quality,Medium_Dice (25-75%)
20160330_170359_641_721,0.8612289147569865,0.756279225840372,0.8646753742909863,0.8578098199651243,27009,4227,4477,194687,31486,31236,0.13532462543219362,0.1421901797624341,1,1,31486.0,3540,0.11243092167947659,0.056215460839738295,1.0,0.9999917554548349,0.5,0.5,0.140625,0.5022875,8,8,['high_quality'],high_quality,Medium_Dice (25-75%)
20160330_172309_1281_361,0.8643324720050853,0.7610787934837877,0.8009795182535847,0.9385678871285146,7196,1788,471,220945,7667,8984,0.19902048085485308,0.06143211164731968,1,1,7667.0,2848,0.37146211034302856,0.18573105517151428,1.0,0.9999970439995245,0.5,0.5,0.1875,0.5021249999999999,8,8,['high_quality'],high_quality,Medium_Dice (25-75%)
20160330_172309_1281_721,0.8568003334392938,0.7494756677256221,0.785179759645518,0.9427981489913975,24657,6746,1496,197501,26153,31403,0.2148202401044486,0.057201850648109204,4,2,6538.25,4491,0.1717202615378733,0.08586013076893664,0.5,0.9999947991051064,0.5625,0.4375,0.1875,0.5020625,9,7,['high_quality'],high_quality,Medium_Dice (25-75%)
20160330_172309_1921_361,0.8932822998422945,0.8071455798664857,0.8170240912856144,0.9852413236369889,14820,3319,222,212039,15042,18139,0.18297590826396162,0.014758675708017551,1,1,15042.0,1696,0.1127509639675575,0.05637548198377875,1.0,0.9999955023965623,0.5,0.5,0.21875,0.5024375000000001,8,8,['high_quality'],high_quality,High_Dice (>75%)
20160330_172309_1921_721,0.8660855378329801,0.763801474211562,0.8188346422387418,0.9191236132436442,16990,3759,1495,208156,18485,20749,0.18116535736662007,0.08087638625912902,1,1,18485.0,2827,0.15293481200973763,0.07646740600486882,1.0,0.9999954086127805,0.4375,0.5625,0.1484375,0.5022,7,9,['high_quality'],high_quality,Medium_Dice (25-75%)
20160330_172309_1_721,0.8941818370247673,0.8086156177964628,0.9088679139823667,0.879962826743785,17044,1709,2325,209322,19369,18753,0.09113208553298138,0.12003717280189995,1,1,19369.0,3466,0.17894573803500438,0.08947286901750219,1.0,0.9999958449953328,0.5625,0.4375,0.1875,0.5020625000000001,9,7,['high_quality'],high_quality,High_Dice (>75%)
20160330_172309_641_361,0.7889985286815064,0.6515256565481079,0.6537926212463722,0.9947061884875268,1879,995,10,227516,1889,2874,0.34620737647877525,0.005293806246691371,1,1,1889.0,624,0.33033350979354154,0.16516675489677077,1.0,0.9999937197722955,0.625,0.375,0.171875,0.503225,10,6,['boundary_margin_error'],boundary_margin_error,Medium_Dice (25-75%)
20160330_172309_641_721,0.8562108473406779,0.7485740228869792,0.85947478142204,0.8529716093730286,26379,4313,4547,195161,30926,30692,0.1405252182979278,0.14702839035116083,3,1,10308.666666666666,6929,0.2240509603569812,0.1120254801784906,0.3333333333333333,0.9999945328340161,0.375,0.625,0.171875,0.5013,6,10,['high_quality'],high_quality,Medium_Dice (25-75%)
20160402_150314_1281_1081,0.8244660178165709,0.701354474062258,0.726557150148675,0.9528725271415056,2123,799,105,227373,2228,2922,0.2734428473648186,0.047127468581687613,1,1,2228.0,838,0.3761220825852783,0.18806104129263915,1.0,0.9999961913908825,0.4375,0.5625,0.1875,0.5031375,7,9,['boundary_margin_error'],boundary_margin_error,Medium_Dice (25-75%)
20160402_150314_1281_361,0.8417481848834426,0.7267402251372562,0.7427258795172966,0.9712361169283887,5335,1848,158,223059,5493,7183,0.2572741194486983,0.02876388130347715,1,1,5493.0,1826,0.3324230839249954,0.1662115419624977,1.0,0.9999952356072395,0.5625,0.4375,0.15625,0.5029,9,7,['boundary_margin_error'],boundary_margin_error,Medium_Dice (25-75%)
20160402_150314_1281_721,0.8495206660185759,0.7384058460908368,0.8219417617106807,0.8790145533140787,10811,2342,1488,215759,12299,13153,0.17805823766441117,0.12098544597121717,3,2,4099.666666666667,3719,0.30238230750467515,0.15119115375233758,0.6666666666666666,0.9999953949222345,0.4375,0.5625,0.1796875,0.5025625,7,9,['boundary_margin_error'],boundary_margin_error,Medium_Dice (25-75%)
20160402_150314_1921_1,0.8453375899871642,0.7321080020070689,0.7922900890756116,0.9059983887822077,9002,2360,934,218104,9936,11362,0.2077099102270727,0.09400161030595813,2,1,4968.0,2878,0.2896537842190016,0.1448268921095008,0.5,0.9999952383173947,0.4375,0.5625,0.15625,0.502575,7,9,['boundary_margin_error'],boundary_margin_error,Medium_Dice (25-75%)
20160402_150314_1921_361,0.8678343935225568,0.7665260175343853,0.7855289686205564,0.9694059019231379,2725,744,86,226845,2811,3469,0.21447102911501872,0.030594094628246176,1,1,2811.0,1008,0.35859124866595515,0.17929562433297758,1.0,0.9999962750407518,0.4375,0.5625,0.1796875,0.5033125,7,9,['high_quality'],high_quality,Medium_Dice (25-75%)
20160402_150314_1_361,0.9000937142880893,0.8183367310293227,0.9003347837628608,0.8998527735729597,26893,2977,2993,197537,29886,29870,0.09966521593572146,0.10014722612594526,1,1,29886.0,5157,0.172555711704477,0.0862778558522385,1.0,0.9999978423700013,0.4375,0.5625,0.1796875,0.5018625,7,9,['high_quality'],high_quality,High_Dice (>75%)
20160402_150314_1_721,0.808797445492932,0.6789755801250953,0.7588436660718489,0.8657914713401417,7980,2536,1237,218647,9217,10516,0.24115633320654242,0.13420852772051645,2,2,4608.5,3065,0.3325377020722578,0.1662688510361289,1.0,0.9999969492373048,0.5,0.5,0.15625,0.5027874999999999,8,8,['boundary_margin_error'],boundary_margin_error,Medium_Dice (25-75%)
20160402_150314_641_361,0.8687019106051738,0.7678806485652911,0.8973208551502104,0.8418520735515911,7000,801,1315,221284,8315,7801,0.1026791436995257,0.1581479254359591,1,2,8315.0,1802,0.21671677690920024,0.10835838845460012,2.0,0.9999976745148376,0.3125,0.6875,0.2109375,0.5027125,5,11,['high_quality'],high_quality,Medium_Dice (25-75%)
20160402_150314_641_721,0.8600775805770904,0.75450536450762,0.8667677207440394,0.8534899246421738,21729,3340,3730,201601,25459,25069,0.13323227891020784,0.14651007502258534,1,1,25459.0,7162,0.28131505557955927,0.14065752778977963,1.0,0.9999982150674214,0.25,0.75,0.1796875,0.5016125,4,12,['high_quality'],high_quality,Medium_Dice (25-75%)
20160402_151049_1281_721,0.9384455446969543,0.8840295851135145,0.9084721520939452,0.9704642541176155,34303,3456,1044,191597,35347,37759,0.09152784766545724,0.029535745607830934,2,1,17673.5,3596,0.10173423487141765,0.05086711743570883,0.5,0.999994424840708,0.625,0.375,0.171875,0.50205,10,6,['high_quality'],high_quality,High_Dice (>75%)
20160402_151049_1921_1081,0.9305860952491825,0.8701832761993282,0.9160386933268994,0.945603000692043,17140,1571,986,210703,18126,18711,0.0839613061835284,0.05439699878627386,1,1,18126.0,1926,0.10625620655412116,0.05312810327706058,1.0,0.9999926128989053,0.4375,0.5625,0.15625,0.5024124999999999,7,9,['high_quality'],high_quality,High_Dice (>75%)
20160402_151049_1921_721,0.9217460915471222,0.8548506843528911,0.9023816776669213,0.9419598214062541,20725,2242,1277,206156,22002,22967,0.09761832194017503,0.058040178165621306,1,1,22002.0,2377,0.10803563312426143,0.05401781656213071,1.0,0.9999964167152828,0.4375,0.5625,0.15625,0.502025,7,9,['high_quality'],high_quality,High_Dice (>75%)
20160402_151049_1_361,0.9025719182887079,0.82244288562515,0.8497632368884477,0.9623791334352892,23688,4188,926,201598,24614,27876,0.15023676280671544,0.03762086617372227,2,1,12307.0,4093,0.16628747867067523,0.08314373933533761,0.5,0.9999968613207625,0.5625,0.4375,0.171875,0.50225,9,7,['high_quality'],high_quality,High_Dice (>75%)
20160402_151049_1_721,0.8497939243754657,0.7388188450613498,0.766980481852133,0.9526552957887997,16701,5074,830,207795,17531,21775,0.2330195177956372,0.047344703667788486,1,1,17531.0,4794,0.2734584450402145,0.13672922252010725,1.0,0.9999922843361081,0.375,0.625,0.15625,0.5021249999999999,6,10,['boundary_margin_error'],boundary_margin_error,Medium_Dice (25-75%)
20160402_151049_641_361,0.7982849331547751,0.6642880289838208,0.6705959375553505,0.9860375494172481,2048,1006,29,227317,2077,3054,0.32940406024885394,0.013962445835339432,1,1,2077.0,517,0.24891670678863745,0.12445835339431872,1.0,0.9999937640670512,0.5,0.5,0.171875,0.5031749999999999,8,8,['boundary_margin_error'],boundary_margin_error,Medium_Dice (25-75%)
20160402_151049_641_721,0.9374280138991811,0.8822254173471462,0.9080786919012526,0.9687378544090706,39881,4037,1287,185195,41168,43918,0.09192130789198051,0.031262145355616014,1,1,41168.0,4241,0.10301690633501749,0.051508453167508746,1.0,0.9999946740310197,0.625,0.375,0.171875,0.5015875000000001,10,6,['high_quality'],high_quality,High_Dice (>75%)
20160402_151054_1281_1081,0.9298297642417017,0.8688615448016509,0.9252198542612171,0.9344858414697551,15676,1267,1099,212358,16775,16943,0.07478014519270496,0.06551415797317436,1,1,16775.0,2057,0.12262295081967213,0.061311475409836065,1.0,0.9999978298311768,0.5,0.5,0.140625,0.502125,8,8,['high_quality'],high_quality,High_Dice (>75%)
20160402_151054_1281_361,0.9152569162725241,0.8437545534998476,0.8488269782275265,0.9929674082453389,5789,1031,41,223539,5830,6820,0.15117302052785925,0.007032590051457976,1,1,5830.0,732,0.12555746140651802,0.06277873070325901,1.0,0.9999964284505619,0.625,0.375,0.1640625,0.5033124999999999,10,6,['high_quality'],high_quality,High_Dice (>75%)
20160402_151054_1281_721,0.9501308703229523,0.9049993408371042,0.9288500121899925,0.9724097236317182,41201,3156,1169,184874,42370,44357,0.07114998760060419,0.027590276138777438,1,1,42370.0,4055,0.09570450790653764,0.04785225395326882,1.0,0.9999934521953565,0.4375,0.5625,0.1484375,0.5012875,7,9,['high_quality'],high_quality,High_Dice (>75%)
20160402_151054_1921_361,0.8473974392276742,0.7352035021159918,0.7619314358268365,0.9544593355171852,13602,4250,649,211899,14251,17852,0.23806856374635896,0.04554066381306575,3,1,4750.333333333333,3394,0.23815872570345942,0.11907936285172971,0.3333333333333333,0.9999975327703468,0.375,0.625,0.1875,0.5026124999999999,6,10,['boundary_margin_error'],boundary_margin_error,Medium_Dice (25-75%)
20160402_151054_1_361,0.8781142842738641,0.7827127772150198,0.9357113653352903,0.8271967471083206,54930,3774,11475,160221,66405,58704,0.0642886345053148,0.17280325276711092,1,1,66405.0,5533,0.08332203900308711,0.04166101950154356,1.0,0.9999970853618155,0.4375,0.5625,0.1484375,0.5013875,7,9,['high_quality'],high_quality,High_Dice (>75%)
20160402_151054_1_721,0.16722004175303337,0.0912384713727323,0.6517646905467132,0.09591412709171009,277,148,2611,227364,2888,425,0.34823529411764703,0.9040858725761773,1,3,2888.0,396,0.1371191135734072,0.0685595567867036,3.0,0.9999933865554663,0.5625,0.4375,0.1640625,0.5033,9,7,"['missed_crack_high_fn', 'thin_low_area_failure']",missed_crack_high_fn,Low_Dice (<25%)
20160402_151054_641_361,0.9087892372606327,0.8328264972196708,0.9307430872317966,0.8878471910208997,10133,754,1280,218233,11413,10887,0.06925691191329109,0.1121528082011741,1,2,11413.0,1572,0.13773766757206693,0.06886883378603346,2.0,0.9999964918630613,0.5,0.5,0.140625,0.502875,8,8,['high_quality'],high_quality,High_Dice (>75%)
20160402_151054_641_721,0.9431282706253656,0.8923772340692923,0.9190790583548845,0.9684698742503368,21716,1912,707,206065,22423,23628,0.08092094125613679,0.03153012531775409,1,1,22423.0,2562,0.11425768184453464,0.05712884092226732,1.0,0.9999911761028708,0.375,0.625,0.15625,0.5020125,6,10,['high_quality'],high_quality,High_Dice (>75%)
20160405_171348_1281_361,0.7748851431090806,0.6324999968375,0.6480532753685796,0.9634424907582446,1265,687,48,228400,1313,1952,0.3519467213114754,0.03655750190403656,1,5,1313.0,228,0.17364813404417365,0.08682406702208682,5.0,0.9999951754866873,0.375,0.625,0.2109375,0.5032875,6,10,['boundary_margin_error'],boundary_margin_error,Medium_Dice (25-75%)
20160405_171348_1281_721,0.8827536566048747,0.7901155030164015,0.8465843254082329,0.9221515075801843,34340,6223,2899,186938,37239,40563,0.15341567438305845,0.07784849217218508,2,2,18619.5,4149,0.11141545154273745,0.055707725771368725,1.0,0.9999933090651948,0.3125,0.6875,0.1875,0.5021875,5,11,['high_quality'],high_quality,High_Dice (>75%)
20160405_171348_1921_721,0.8345452912117598,0.7160684022457318,0.8793275855032762,0.7941032898579264,32536,4465,8436,184963,40972,37001,0.12067241425907407,0.20589670994825734,4,4,10243.0,5734,0.13994923362296202,0.06997461681148101,1.0,0.9999901172787076,0.3125,0.6875,0.1953125,0.502375,5,11,['boundary_margin_error'],boundary_margin_error,Medium_Dice (25-75%)
20160405_171348_1_721,0.736106239554903,0.5824114831421222,0.7771932062885472,0.6991453382577895,30431,8724,13095,178150,43526,39155,0.22280679351296132,0.3008546615815834,5,2,8705.2,8064,0.18526857510453523,0.09263428755226762,0.4,0.9999916364652363,0.125,0.875,0.21875,0.502125,2,14,"['complex_topology', 'boundary_margin_error']",complex_topology,Medium_Dice (25-75%)
20160405_171348_641_721,0.8291627963859588,0.708179406860808,0.8203714369680488,0.8381446185991747,29905,6548,5775,188172,35680,36453,0.17962856280690204,0.16185538116591927,3,2,11893.333333333334,4812,0.13486547085201794,0.06743273542600897,0.6666666666666666,0.9999925001253367,0.3125,0.6875,0.2109375,0.5024125,5,11,['boundary_margin_error'],boundary_margin_error,Medium_Dice (25-75%)
20160407_163130_1281_721,0.9038531133969037,0.8245729878391561,0.950812182258471,0.8613142038619974,18731,969,3016,207684,21747,19700,0.04918781725888325,0.13868579574194143,2,1,10873.5,4406,0.2026026578378627,0.10130132891893134,0.5,0.999993729244461,0.5,0.5,0.15625,0.5025250000000001,8,8,['high_quality'],high_quality,High_Dice (>75%)
20160407_163130_1921_721,0.9054751770480921,0.8272769681057089,0.9677399787958645,0.8507383118232644,15959,532,2800,211109,18759,16491,0.03226002061730641,0.14926168772322618,1,1,18759.0,3963,0.2112585958739805,0.10562929793699025,1.0,0.99999513991294,0.5625,0.4375,0.1484375,0.5022125,9,7,['high_quality'],high_quality,High_Dice (>75%)
20160407_163130_1_361,0.7908558458513966,0.6540624979560546,0.7586081886241094,0.8259668475691916,2093,666,441,227200,2534,2759,0.24139180862631388,0.17403314917127072,2,3,1267.0,693,0.27348066298342544,0.13674033149171272,1.5,0.9999968173066327,0.5625,0.4375,0.1875,0.5029875,9,7,['boundary_margin_error'],boundary_margin_error,Medium_Dice (25-75%)
20160407_163130_1_721,0.8698469636156313,0.769671837009332,0.9070833830655947,0.8355471567634374,15034,1540,2959,210867,17993,16574,0.09291661638711235,0.1644528427721892,4,2,4498.25,3803,0.21135997332295892,0.10567998666147946,0.5,0.9999950657930867,0.4375,0.5625,0.15625,0.5022375,7,9,['high_quality'],high_quality,Medium_Dice (25-75%)
20160407_163130_641_721,0.891157961534034,0.80368341983761,0.9400247954643947,0.8471207109319302,18197,1161,3284,207758,21481,19358,0.059975204050005164,0.15287928867371164,1,1,21481.0,3919,0.1824402960756017,0.09122014803780085,1.0,0.9999956260259351,0.5,0.5,0.15625,0.50255,8,8,['high_quality'],high_quality,High_Dice (>75%)
20160407_163257_1281_1,0.8866569889416388,0.7963915703739576,0.8032413983485631,0.9894054802649458,11300,2768,121,216211,11421,14068,0.1967586010804663,0.010594518868750548,2,1,5710.5,2159,0.18903773750109448,0.09451886875054724,0.5,0.9999939403269599,0.4375,0.5625,0.15625,0.5022875,7,9,['high_quality'],high_quality,High_Dice (>75%)
20160407_163257_1281_361,0.9004271868508223,0.8188881864694326,0.8566047704641481,0.9489751091149523,12963,2170,697,214570,13660,15133,0.1433952289698011,0.05102489019033675,1,1,13660.0,3222,0.23587115666178624,0.11793557833089312,1.0,0.9999962796239474,0.4375,0.5625,0.171875,0.502275,7,9,['high_quality'],high_quality,High_Dice (>75%)
20160407_163257_1281_721,0.8788534336946637,0.7838880839557548,0.8369817140909327,0.9251352107527253,6500,1266,526,222108,7026,7766,0.163018284831316,0.0748647879305437,1,1,7026.0,1974,0.28095644748078563,0.14047822374039282,1.0,0.9999890136949127,0.5,0.5,0.1796875,0.5024625,8,8,['high_quality'],high_quality,High_Dice (>75%)
20160407_163257_1921_1081,0.7830279647451247,0.6434231371480381,0.6723444515349605,0.9373350908025477,5684,2770,380,221566,6064,8454,0.32765554766974214,0.06266490765171503,3,1,2021.3333333333333,2190,0.3611477572559367,0.18057387862796834,0.3333333333333333,0.9999899959319367,0.5,0.5,0.171875,0.5025625,8,8,['boundary_margin_error'],boundary_margin_error,Medium_Dice (25-75%)
20160407_163257_1921_721,0.8696843009444397,0.7694171651965092,0.8264383550322763,0.9177061136025159,6033,1267,541,222559,6574,7300,0.17356164383561642,0.08229388500152114,1,1,6574.0,2038,0.31000912686340126,0.15500456343170063,1.0,0.9999948449537697,0.5,0.5,0.15625,0.5024500000000001,8,8,['high_quality'],high_quality,Medium_Dice (25-75%)
20160407_163257_1_1,0.8833973707246118,0.7911474929070216,0.8133611373997459,0.9666312613147183,10921,2506,377,216596,11298,13427,0.18663886199448873,0.03336873782970437,1,1,11298.0,3246,0.2873074880509825,0.14365374402549125,1.0,0.9999969533107372,0.5625,0.4375,0.1484375,0.5021500000000001,9,7,['high_quality'],high_quality,High_Dice (>75%)
20160407_163257_641_361,0.8600064066358489,0.7543958243641945,0.793313069239013,0.9389427391436568,9396,2448,611,217945,10007,11844,0.2066869300911854,0.06105725991805736,2,1,5003.5,3413,0.341061257120016,0.170530628560008,0.5,0.9999903315848582,0.4375,0.5625,0.1484375,0.5020375,7,9,['high_quality'],high_quality,Medium_Dice (25-75%)
20160407_165001_1281_1081,0.4544422006218815,0.2940311910720738,0.2982935716548264,0.9536546584913806,3601,8471,175,218153,3776,12072,0.7017064280980781,0.04634533898305085,2,2,1888.0,1841,0.4875529661016949,0.24377648305084745,1.0,0.9999976801417572,0.3125,0.6875,0.1640625,0.5026125,5,11,"['false_crack_high_fp', 'thin_low_area_failure', 'over_segmentation']",false_crack_high_fp,Low_Dice (<25%)
20160407_165001_1281_361,0.7729712434603593,0.6299536496929585,0.69153469395692,0.8761482668201868,10873,4850,1537,213140,12410,15723,0.30846530560325636,0.12385173247381144,2,2,6205.0,2498,0.20128928283642225,0.10064464141821113,1.0,0.9999975273155819,0.4375,0.5625,0.1640625,0.5023,7,9,['boundary_margin_error'],boundary_margin_error,Medium_Dice (25-75%)
20160407_165001_1281_721,0.8040761384309978,0.6723472658000849,0.8250147941901464,0.7841740094052616,4182,887,1151,224180,5333,5069,0.17498520418228447,0.21582598912432027,1,1,5333.0,1172,0.21976373523345208,0.10988186761672604,1.0,0.9999980403111652,0.375,0.625,0.1640625,0.5024375,6,10,['boundary_margin_error'],boundary_margin_error,Medium_Dice (25-75%)
20160407_165001_1921_361,0.6311975979389323,0.46113127576961394,0.524243465398481,0.7929778913056491,3049,2767,796,223788,3845,5816,0.47575653370013754,0.20702210663198958,1,1,3845.0,1108,0.2881664499349805,0.14408322496749024,1.0,0.9999971113937767,0.5,0.5,0.140625,0.5029125,8,8,['moderate_general_error'],moderate_general_error,Low_Dice (<25%)
20160407_165001_1921_721,0.6880431845138768,0.524440420898255,0.5334393567142887,0.9688355108409311,6373,5574,205,218248,6578,11947,0.4665606428392065,0.031164487686226816,2,1,3289.0,2875,0.4370629370629371,0.21853146853146854,0.5,0.999997339540337,0.5,0.5,0.140625,0.5022,8,8,['moderate_general_error'],moderate_general_error,Low_Dice (<25%)
20160407_165001_1_1081,0.6309084189153357,0.4608226561553302,0.5392141383316804,0.7601779738372014,3417,2920,1078,222985,4495,6337,0.4607858608174215,0.23982202447163514,2,2,2247.5,2332,0.5187986651835372,0.2593993325917686,1.0,0.9999959538435117,0.4375,0.5625,0.15625,0.5027375,7,9,['moderate_general_error'],moderate_general_error,Low_Dice (<25%)
20160407_165001_1_721,0.8773804784044736,0.7815474980850985,0.8850785635479536,0.8698151482924847,15434,2004,2310,210652,17744,17438,0.11492143594448904,0.1301848512173129,1,1,17744.0,3895,0.2195108205590622,0.1097554102795311,1.0,0.9999969382862032,0.25,0.75,0.1875,0.502,4,12,['high_quality'],high_quality,High_Dice (>75%)
20160407_165001_641_1081,0.4636417201371341,0.30177968655756415,0.31005674604341626,0.9187295613324167,1967,4377,174,223882,2141,6344,0.6899432534678437,0.0812704343764596,2,3,1070.5,1225,0.572162540868753,0.2860812704343765,1.5,0.9999958975755555,0.4375,0.5625,0.1640625,0.5028125,7,9,"['false_crack_high_fp', 'thin_low_area_failure', 'over_segmentation']",false_crack_high_fp,Low_Dice (<25%)
20160407_165001_641_361,0.8789463964308738,0.7840360118664712,0.8440898340164954,0.916805751112591,14282,2638,1296,212184,15578,16920,0.15591016548463357,0.08319424829888304,1,1,15578.0,3166,0.2032353318782899,0.10161766593914495,1.0,0.999998247409039,0.3125,0.6875,0.171875,0.5020500000000001,5,11,['high_quality'],high_quality,High_Dice (>75%)
20160407_165001_641_721,0.5707465265391786,0.3993319149731797,0.41106595682692726,0.933286011829056,1315,1884,94,227107,1409,3199,0.5889340418880901,0.0667139815471966,2,4,704.5,474,0.33640880056777855,0.16820440028388928,2.0,0.9999947574998636,0.4375,0.5625,0.1796875,0.503175,7,9,['over_segmentation'],over_segmentation,Low_Dice (<25%)
IMG_2931_1297_485,0.8121635373022501,0.6837334623132448,0.7555495377489184,0.8779490378170838,2791,903,388,309550,3179,3694,0.24445046020573905,0.12205095942120163,8,3,397.375,1061,0.33375275243787356,0.16687637621893678,0.375,0.9999919920101844,0.625,0.375,0.1875,0.50385,10,6,"['complex_topology', 'boundary_margin_error']",complex_topology,Medium_Dice (25-75%)
IMG_2931_1297_969,0.9109471512907742,0.836458168554862,0.8708989494169136,0.9548561142492301,10618,1574,502,300938,11120,12192,0.12910104986876642,0.04514388489208633,1,1,11120.0,2558,0.23003597122302158,0.11501798561151079,1.0,0.9999929568551742,0.5,0.5,0.1875,0.503575,8,8,['high_quality'],high_quality,High_Dice (>75%)
IMG_2931_1945_485,0.8861508913623883,0.7955753472265834,0.8232495899758443,0.9594594577971943,5538,1189,234,306671,5772,6727,0.17675040880035678,0.04054054054054054,2,1,2886.0,1530,0.26507276507276506,0.13253638253638253,0.5,0.9999891605348504,0.4375,0.5625,0.1796875,0.5035625,7,9,['high_quality'],high_quality,High_Dice (>75%)
IMG_2931_1945_969,0.8682499662543121,0.7671746767090567,0.8099009890966572,0.9356591350648282,6544,1536,450,305102,6994,8080,0.1900990099009901,0.06434086359736918,1,1,6994.0,1920,0.2745210180154418,0.1372605090077209,1.0,0.9999891478194436,0.5,0.5,0.1875,0.50345,8,8,['high_quality'],high_quality,Medium_Dice (25-75%)
IMG_2931_1_485,0.9079793905582157,0.8314672660091589,0.9059237156904306,0.9100444154171111,17006,1766,1681,293179,18687,18772,0.09407628382697635,0.08995558409589555,1,1,18687.0,3905,0.20896880184085193,0.10448440092042596,1.0,0.999985249580259,0.5,0.5,0.15625,0.5027375000000001,8,8,['high_quality'],high_quality,High_Dice (>75%)
IMG_2931_649_485,0.9076299350204062,0.8308813689776104,0.8803939623890074,0.9366048538092833,12425,1688,841,298678,13266,14113,0.11960603698717495,0.06339514548469773,2,2,6633.0,3277,0.2470224634403739,0.12351123172018695,1.0,0.9999909312925641,0.5,0.5,0.171875,0.5031000000000001,8,8,['high_quality'],high_quality,High_Dice (>75%)
IMG_2931_649_969,0.5891167180813945,0.4175517036960545,0.42108229870044445,0.9803149541974084,1494,2054,30,310054,1524,3548,0.5789177001127396,0.01968503937007874,1,3,1524.0,436,0.28608923884514437,0.14304461942257218,3.0,0.9999912757646359,0.5,0.5,0.1953125,0.5037875,8,8,['over_segmentation'],over_segmentation,Low_Dice (<25%)
IMG_2941_1297_485,0.8781037429044345,0.782696026794602,0.8005630795917189,0.9722761288492042,10521,2621,300,300190,10821,13142,0.19943691979911735,0.02772387025228722,1,1,10821.0,2685,0.24812863875797062,0.12406431937898531,1.0,0.999986188980679,0.375,0.625,0.171875,0.5035875,6,10,['high_quality'],high_quality,High_Dice (>75%)
IMG_2941_1297_969,0.7844745970460125,0.6453790230459774,0.657324166238334,0.972613456626343,4972,2592,140,305928,5112,7564,0.3426758328926494,0.027386541471048513,2,1,2556.0,2222,0.43466353677621283,0.21733176838810642,0.5,0.9999926018250642,0.4375,0.5625,0.1796875,0.5038,7,9,['boundary_margin_error'],boundary_margin_error,Medium_Dice (25-75%)
IMG_2941_1945_485,0.8970149739843982,0.8132612436496577,0.83534724714064,0.9685134076498172,13688,2698,445,296801,14133,16386,0.1646527523495667,0.031486591664897756,1,1,14133.0,3879,0.2744640203778391,0.13723201018891956,1.0,0.999992957737867,0.4375,0.5625,0.1796875,0.503025,7,9,['high_quality'],high_quality,High_Dice (>75%)
IMG_2941_1_485,0.7454942647501418,0.5942533731036811,0.6793297931663408,0.8259378765108152,4095,1933,863,306741,4958,6028,0.32067020570670207,0.17406212182331585,3,4,1652.6666666666667,1490,0.30052440500201694,0.15026220250100847,1.3333333333333333,0.9999895610528202,0.4375,0.5625,0.171875,0.50395,7,9,['boundary_margin_error'],boundary_margin_error,Medium_Dice (25-75%)
IMG_2941_1_969,0.8878345712613757,0.7982936245989266,0.8256743249869511,0.9601161655758799,9918,2094,412,301208,10330,12012,0.17432567432567433,0.039883833494675704,3,3,3443.3333333333335,2424,0.2346563407550823,0.11732817037754115,1.0,0.9999915265585478,0.3125,0.6875,0.171875,0.503575,5,11,['high_quality'],high_quality,High_Dice (>75%)
IMG_2941_649_969,0.8994002995129684,0.8171911178196491,0.8537678781372178,0.9501861083787233,11998,2055,629,298950,12627,14053,0.14623212125524798,0.04981389086877326,1,1,12627.0,3828,0.30315989546210503,0.15157994773105252,1.0,0.9999923858088917,0.4375,0.5625,0.140625,0.5031125000000001,7,9,['high_quality'],high_quality,High_Dice (>75%)
IMG_2942_1297_485,0.5711920526164085,0.3997682499333557,0.4143187063147171,0.9192457451952332,4485,6340,394,302413,4879,10825,0.5856812933025404,0.08075425292068046,3,1,1626.3333333333333,2380,0.4878048780487805,0.24390243902439024,0.3333333333333333,0.9999947389840182,0.3125,0.6875,0.171875,0.5016375,5,11,['over_segmentation'],over_segmentation,Low_Dice (<25%)
IMG_2942_1945_485,0.5315994793830954,0.3620262128208452,0.36486968896243044,0.9789271999395682,3066,5337,66,305163,3132,8403,0.6351303106033559,0.0210727969348659,3,1,1044.0,1994,0.6366538952745849,0.31832694763729247,0.3333333333333333,0.9999923807484166,0.375,0.625,0.1875,0.501925,6,10,"['thin_low_area_failure', 'over_segmentation']",thin_low_area_failure,Low_Dice (<25%)
IMG_2942_1_485,0.6760919706257222,0.5106789562604778,0.54973378442675,0.8778743944388901,4543,3721,632,304736,5175,8264,0.45026621490803487,0.1221256038647343,5,2,1035.0,3132,0.6052173913043478,0.3026086956521739,0.4,0.9999880605937332,0.4375,0.5625,0.171875,0.5013124999999999,7,9,['complex_topology'],complex_topology,Low_Dice (<25%)
IMG_2942_649_485,0.335376394518799,0.2014728094774615,0.20487711193848204,0.9238095198103483,2134,8282,176,303040,2310,10416,0.7951228878648233,0.0761904761904762,3,1,770.0,1534,0.664069264069264,0.332034632034632,0.3333333333333333,0.9999903653978783,0.3125,0.6875,0.1640625,0.5014875000000001,5,11,"['false_crack_high_fp', 'thin_low_area_failure', 'over_segmentation']",false_crack_high_fp,Low_Dice (<25%)
