case_name,dice,iou,precision,recall,tp,fp,fn,tn,gt_area,pred_area,fp_area_ratio,fn_area_ratio,num_gt_cc,num_pred_cc,mean_component_size,perimeter,boundary_to_area_ratio,thinness_score,fragmentation_ratio,mean_routing_entropy,cnn_expert_fraction,vit_expert_fraction,expert_hhi_concentration,mean_gs,cnn_expert_selections,vit_expert_selections,error_taxonomy,primary_error_category,performance_tier
20160222_080850_1281_361,0.8792230385418413,0.7844763666429674,0.9403432755983206,0.8255632493779561,16929,1074,3577,208820,20506,18003,0.05965672387935344,0.17443675021944796,1,1,20506.0,3739,0.18233687701160636,0.09116843850580318,1.0,0.9999829026131148,0.375,0.625,0.15625,0.4991125,6,10,['high_quality'],high_quality,High_Dice (>75%)
20160222_080850_1281_721,0.7007413174000365,0.5393393377197017,0.5697969525069894,0.9098277562825342,1796,1356,178,227070,1974,3152,0.4302030456852792,0.09017223910840932,2,1,987.0,936,0.47416413373860183,0.23708206686930092,0.5,0.9999767032463072,0.4375,0.5625,0.1484375,0.500625,7,9,['moderate_general_error'],moderate_general_error,Low_Dice (<25%)
20160222_080850_1921_1,0.4125373122013811,0.2598721314032639,0.3034694760497607,0.6439888104008499,691,1586,382,227741,1073,2277,0.6965305226174792,0.3560111835973905,1,7,1073.0,330,0.30754892823858343,0.15377446411929171,7.0,0.9999775629528209,0.4375,0.5625,0.171875,0.4999,7,9,"['false_crack_high_fp', 'thin_low_area_failure', 'over_segmentation', 'fragmented_prediction']",false_crack_high_fp,Low_Dice (<25%)
20160222_080850_1921_361,0.8702497626082043,0.7703027924272107,0.9274258753858317,0.8197141150567516,13763,1077,3027,212533,16790,14840,0.07257412398921832,0.18028588445503277,1,1,16790.0,2880,0.17153067301965455,0.08576533650982728,1.0,0.9999791009661582,0.375,0.625,0.171875,0.49885,6,10,['high_quality'],high_quality,Medium_Dice (25-75%)
20160222_080850_1_361,0.8460364594477364,0.7331570103530659,0.8332859402716473,0.8591832457134311,20513,4104,3362,202421,23875,24617,0.16671405938985254,0.14081675392670157,1,1,23875.0,3950,0.16544502617801046,0.08272251308900523,1.0,0.9999803980493541,0.375,0.625,0.1875,0.4988375,6,10,['boundary_margin_error'],boundary_margin_error,Medium_Dice (25-75%)
20160222_080850_641_361,0.7604494623926692,0.6134880662958231,0.682201119706744,0.8589735723471865,14009,6526,2300,207565,16309,20535,0.3177988799610421,0.14102642712612667,4,2,4077.25,4122,0.25274388374517137,0.12637194187258569,0.5,0.9999826516805278,0.4375,0.5625,0.1953125,0.49898750000000003,7,9,['boundary_margin_error'],boundary_margin_error,Medium_Dice (25-75%)
20160222_080850_641_721,0.7475384755305052,0.5968554410061739,0.62043795521987,0.9401298366431118,3910,2392,249,223849,4159,6302,0.3795620437956204,0.05987016109641741,1,1,4159.0,1886,0.45347439288290453,0.22673719644145227,1.0,0.9999775598490603,0.4375,0.5625,0.171875,0.4999125,7,9,['boundary_margin_error'],boundary_margin_error,Medium_Dice (25-75%)
20160222_115224_1281_1,0.5223226145878803,0.3534754065700248,0.3634766524609555,0.927779086788343,3931,6884,306,219279,4237,10815,0.6365233472029589,0.0722209110219495,10,6,423.7,4075,0.9617654000472032,0.4808827000236016,0.6,0.999986597976766,0.25,0.75,0.1640625,0.49845,4,12,"['thin_low_area_failure', 'over_segmentation', 'complex_topology']",thin_low_area_failure,Low_Dice (<25%)
20160222_115224_1281_1081,0.8495684332838045,0.7384780267363681,0.8086854446534449,0.8948051931450739,4823,1141,567,223869,5390,5964,0.19131455399061034,0.10519480519480519,1,1,5390.0,2275,0.42207792207792205,0.21103896103896103,1.0,0.9999853001634706,0.375,0.625,0.140625,0.49929999999999997,6,10,['boundary_margin_error'],boundary_margin_error,Medium_Dice (25-75%)
20160222_115224_1281_361,0.4159174643833199,0.26256047587912085,0.28545417704743237,0.7660151967100153,1411,3532,431,225026,1842,4943,0.7145458223750759,0.23398479913137893,6,4,307.0,1801,0.9777415852334419,0.48887079261672095,0.6666666666666666,0.999989243108188,0.3125,0.6875,0.1953125,0.4985875,5,11,"['false_crack_high_fp', 'thin_low_area_failure', 'over_segmentation', 'complex_topology']",false_crack_high_fp,Low_Dice (<25%)
20160222_115224_1281_721,0.7759607516140958,0.633934534891203,0.7088437396043565,0.8571170504748609,4745,1949,791,222915,5536,6694,0.29115625933671946,0.14288294797687862,4,3,1384.0,2724,0.4920520231213873,0.24602601156069365,0.75,0.9999883559258608,0.3125,0.6875,0.171875,0.49901249999999997,5,11,['boundary_margin_error'],boundary_margin_error,Medium_Dice (25-75%)
20160222_115224_1921_1081,0.82051281778051,0.6956521699850244,0.7217340320929465,0.9506172766156075,1232,475,64,228629,1296,1707,0.27826596367896894,0.04938271604938271,1,1,1296.0,552,0.42592592592592593,0.21296296296296297,1.0,0.9999810834839866,0.375,0.625,0.15625,0.5005625,6,10,['boundary_margin_error'],boundary_margin_error,Medium_Dice (25-75%)
20160222_115224_641_1,0.7134207273449998,0.5545097317422008,0.6618673640250138,0.7736835384754769,6068,3100,1775,219457,7843,9168,0.3381326352530541,0.22631646053805943,4,4,1960.75,4660,0.5941603978069616,0.2970801989034808,1.0,0.9999789878368721,0.25,0.75,0.171875,0.499,4,12,['boundary_margin_error'],boundary_margin_error,Medium_Dice (25-75%)
20160222_115224_641_1081,0.004125128905551588,0.002066827417537229,0.0025655644205165844,0.010520163585504597,18,6998,1693,221691,1711,7016,0.9974344355758267,0.98947983635301,1,9,1711.0,1669,0.9754529514903565,0.48772647574517825,9.0,0.9999857094846853,0.4375,0.5625,0.1875,0.5002,7,9,"['missed_crack_high_fn', 'false_crack_high_fp', 'thin_low_area_failure', 'over_segmentation', 'fragmented_prediction']",missed_crack_high_fn,Low_Dice (<25%)
20160222_115224_641_361,0.7865998406929572,0.6482608681559546,0.6638468373467346,0.9650485405661859,2982,1510,108,225800,3090,4492,0.336153161175423,0.03495145631067961,2,1,1545.0,1649,0.5336569579288026,0.2668284789644013,0.5,0.9999801762849864,0.375,0.625,0.15625,0.5003249999999999,6,10,['boundary_margin_error'],boundary_margin_error,Medium_Dice (25-75%)
20160222_115224_641_721,0.481854303997544,0.31739661434758926,0.5315604893876081,0.4406492237387374,1819,1603,2309,224669,4128,3422,0.4684395090590298,0.5593507751937985,5,3,825.6,2219,0.5375484496124031,0.26877422480620156,0.6,0.9999850910572976,0.375,0.625,0.171875,0.5001,6,10,"['thin_low_area_failure', 'complex_topology']",thin_low_area_failure,Low_Dice (<25%)
20160222_115837_1281_1,0.6732338863824698,0.50742469186739,0.5307888599458683,0.9201769553372245,4784,4229,415,220972,5199,9013,0.4692111394652169,0.07982304289286402,1,4,5199.0,2135,0.41065589536449315,0.20532794768224658,4.0,0.9999949497388504,0.1875,0.8125,0.1875,0.4985,3,13,['fragmented_prediction'],fragmented_prediction,Low_Dice (<25%)
20160222_115837_1281_1081,0.7212043733543468,0.5639715669392014,0.5669941925703569,0.9906359696034491,2539,1939,24,225898,2563,4478,0.43300580616346585,0.009364026531408505,4,1,640.75,1867,0.7284432305891534,0.3642216152945767,0.25,0.9999862020049199,0.3125,0.6875,0.1640625,0.49887499999999996,5,11,['moderate_general_error'],moderate_general_error,Medium_Dice (25-75%)
20160222_115837_1281_361,0.7878211218032575,0.6499215057890081,0.6643931782058312,0.9675723021689386,3312,1673,111,225304,3423,4985,0.3356068204613841,0.03242769500438212,4,3,855.75,2052,0.5994741454864154,0.2997370727432077,0.75,0.99999351777707,0.25,0.75,0.171875,0.4986625,4,12,['boundary_margin_error'],boundary_margin_error,Medium_Dice (25-75%)
20160222_115837_1281_721,0.7369447141944789,0.5834619612272063,0.5891783554015179,0.983643119019914,2646,1845,44,225865,2690,4491,0.41082164328657317,0.016356877323420074,1,1,2690.0,2008,0.7464684014869889,0.37323420074349445,1.0,0.9999930587215092,0.3125,0.6875,0.171875,0.499225,5,11,['moderate_general_error'],moderate_general_error,Medium_Dice (25-75%)
20160222_164851_1281_1081,0.8843645610908505,0.7927003125282288,0.884505248354271,0.8842239171688552,5560,726,728,223386,6288,6286,0.11549475023862552,0.11577608142493638,2,1,3144.0,1152,0.183206106870229,0.0916030534351145,0.5,0.9999932009447856,0.375,0.625,0.171875,0.498975,6,10,['high_quality'],high_quality,High_Dice (>75%)
20160222_164851_641_1,0.8399188250209229,0.724017287011033,0.7869659229088316,0.9005119446241366,10554,2857,1166,215823,11720,13411,0.2130340765043621,0.09948805460750854,2,2,5860.0,2308,0.1969283276450512,0.0984641638225256,1.0,0.9999907292789667,0.3125,0.6875,0.1875,0.498,5,11,['boundary_margin_error'],boundary_margin_error,Medium_Dice (25-75%)
20160222_164851_641_1081,0.72218146201872,0.5651674635740025,0.5900689373663014,0.9305183536623313,5906,4103,441,219950,6347,10009,0.40993106204416024,0.06948164487159288,3,4,2115.6666666666665,2372,0.3737198676540098,0.1868599338270049,1.3333333333333333,0.9999951150550648,0.3125,0.6875,0.1875,0.49853749999999997,5,11,['moderate_general_error'],moderate_general_error,Medium_Dice (25-75%)
20160222_164851_641_361,0.8100173345590612,0.680696751375715,0.7101008790027801,0.942656021166919,10981,4483,668,214268,11649,15464,0.2898991205380238,0.05734397802386471,7,3,1664.142857142857,3669,0.31496265773886173,0.15748132886943086,0.42857142857142855,0.9999901609207889,0.3125,0.6875,0.1796875,0.49740000000000006,5,11,"['complex_topology', 'boundary_margin_error']",complex_topology,Medium_Dice (25-75%)
20160222_164851_641_721,0.8293599526994089,0.7084670942292222,0.7266927346321652,0.9658096271281823,10593,3984,375,215448,10968,14577,0.27330726486931467,0.03419037199124726,3,4,3656.0,2773,0.25282640408460977,0.12641320204230488,1.3333333333333333,0.9999935143863568,0.3125,0.6875,0.171875,0.49835,5,11,['boundary_margin_error'],boundary_margin_error,Medium_Dice (25-75%)
20160222_165225_1281_361,0.7932309290324234,0.6573179145173301,0.664196023138999,0.9844901111742406,7617,3851,120,218812,7737,11468,0.3358039762818277,0.015509887553315239,1,1,7737.0,3094,0.39989660074964456,0.19994830037482228,1.0,0.9999915555738824,0.375,0.625,0.1875,0.49728750000000005,6,10,['boundary_margin_error'],boundary_margin_error,Medium_Dice (25-75%)
20160222_165225_1281_721,0.7493228987381194,0.5991337795999336,0.6556082113975344,0.8742977466692574,1245,654,179,228322,1424,1899,0.344391785150079,0.12570224719101122,1,1,1424.0,650,0.45646067415730335,0.22823033707865167,1.0,0.9999919774909801,0.3125,0.6875,0.1796875,0.49875,5,11,['boundary_margin_error'],boundary_margin_error,Medium_Dice (25-75%)
20160222_165225_1921_721,0.6611052009063854,0.4937693397225313,0.5191698905037198,0.9098474327171406,5904,5468,585,218443,6489,11372,0.48083010903974677,0.09015256588072122,2,2,3244.5,3365,0.5185698875019263,0.25928494375096317,1.0,0.9999905792435461,0.25,0.75,0.1875,0.49783749999999993,4,12,['moderate_general_error'],moderate_general_error,Low_Dice (<25%)
20160222_165225_1_361,0.7608162350798304,0.6139656252911314,0.6570052954674961,0.903588927422078,6823,3562,728,219287,7551,10385,0.34299470389985554,0.096411071381274,1,2,7551.0,3404,0.4508012183816713,0.22540060919083565,2.0,0.9999878320314708,0.375,0.625,0.1953125,0.4973625,6,10,['boundary_margin_error'],boundary_margin_error,Medium_Dice (25-75%)
20160222_165225_641_361,0.7891546341953297,0.6517385757766807,0.7247697128001117,0.8660941080608515,7160,2719,1107,219414,8267,9879,0.27523028646624154,0.13390589089149632,4,2,2066.75,4037,0.4883270835853393,0.24416354179266966,0.5,0.9999902030786181,0.3125,0.6875,0.1796875,0.49745,5,11,['boundary_margin_error'],boundary_margin_error,Medium_Dice (25-75%)
20160222_165402_1281_1,0.9159577345348373,0.8449465152004934,0.8615698258291847,0.9776749554914113,8452,1358,193,220397,8645,9810,0.1384301732925586,0.022325043377674957,1,1,8645.0,2045,0.23655292076344708,0.11827646038172354,1.0,0.9999945496421967,0.375,0.625,0.171875,0.4977750000000001,6,10,['high_quality'],high_quality,High_Dice (>75%)
20160222_165402_1281_361,0.8720217146516429,0.773083778277109,0.7803868638952884,0.9880396389246615,8674,2441,105,219180,8779,11115,0.2196131354026091,0.011960359949880397,2,1,4389.5,2052,0.2337396058776626,0.1168698029388313,0.5,0.999993634313189,0.375,0.625,0.1875,0.4981875,6,10,['high_quality'],high_quality,High_Dice (>75%)
20160222_165402_641_1081,0.922335809030545,0.8558656924480545,0.898288087602401,0.94770649063122,12541,1420,692,215747,13233,13961,0.10171191175417234,0.0522935086526109,1,1,13233.0,1717,0.12975137912793774,0.06487568956396887,1.0,0.9999911853664242,0.3125,0.6875,0.1875,0.49866249999999995,5,11,['high_quality'],high_quality,High_Dice (>75%)
20160222_165402_641_721,0.8689290007851124,0.7682355938648093,0.770136518114218,0.9967973484298207,9026,2694,29,218651,9055,11720,0.22986348122866895,0.003202650469353948,1,1,9055.0,1678,0.1853119823302043,0.09265599116510215,1.0,0.9999910838119679,0.3125,0.6875,0.1796875,0.4987,5,11,['high_quality'],high_quality,Medium_Dice (25-75%)
20160222_165926_1281_361,0.46632308429656466,0.3040556192258271,0.3040556192258271,0.9999999923780488,1312,3003,0,226085,1312,4315,0.6959443800695249,0.0,2,2,656.0,1592,1.2134146341463414,0.6067073170731707,1.0,0.9999950301389836,0.4375,0.5625,0.171875,0.49865000000000004,7,9,"['false_crack_high_fp', 'thin_low_area_failure', 'over_segmentation']",false_crack_high_fp,Low_Dice (<25%)
20160222_165926_1281_721,0.6989108076023225,0.5371736324351087,0.5439241250220224,0.9774179783182404,4588,3847,106,221859,4694,8435,0.45607587433313573,0.02258201959948871,1,1,4694.0,3164,0.674051981252663,0.3370259906263315,1.0,0.9999948424254301,0.25,0.75,0.1796875,0.49845,4,12,['moderate_general_error'],moderate_general_error,Low_Dice (<25%)
20160222_165926_1921_721,0.7224591609218161,0.5655076838428978,0.5952002113561387,0.9189355150072969,4489,3053,396,222462,4885,7542,0.40479978785468046,0.08106448311156601,4,1,1221.25,3742,0.7660184237461617,0.38300921187308085,0.25,0.9999913023604869,0.3125,0.6875,0.1796875,0.4981875,5,11,['moderate_general_error'],moderate_general_error,Medium_Dice (25-75%)
20160222_165926_1_1081,0.6009097423966729,0.42950034076146354,0.4414351022109212,0.9407796031425817,1255,1588,79,227478,1334,2843,0.5585648962363701,0.05922038980509745,4,3,333.5,1166,0.8740629685157422,0.4370314842578711,0.75,0.9999948140514324,0.25,0.75,0.203125,0.4988875,4,12,['over_segmentation'],over_segmentation,Low_Dice (<25%)
20160222_165926_1_721,0.5988187180840314,0.4273670550788472,0.43685780504332483,0.9516245453009944,2636,3398,134,224232,2770,6034,0.5631421942326815,0.04837545126353791,5,5,554.0,2358,0.8512635379061372,0.4256317689530686,1.0,0.9999932864623117,0.375,0.625,0.1640625,0.4988125,6,10,"['over_segmentation', 'complex_topology']",over_segmentation,Low_Dice (<25%)
20160222_165926_641_1,0.7240427310958556,0.5674506104093121,0.5788867551268968,0.9663569337828999,3016,2194,105,225085,3121,5210,0.42111324376199616,0.03364306312079462,1,1,3121.0,1933,0.619352771547581,0.3096763857737905,1.0,0.9999953407849511,0.3125,0.6875,0.1640625,0.4992125,5,11,['moderate_general_error'],moderate_general_error,Medium_Dice (25-75%)
20160222_165926_641_361,0.5945213429537108,0.42300275423828826,0.4245230848430701,0.9916047756163875,3071,4163,26,223140,3097,7234,0.5754769145700857,0.008395221181788828,2,2,1548.5,2230,0.7200516628995802,0.3600258314497901,1.0,0.9999949233322455,0.3125,0.6875,0.1640625,0.4990375,5,11,['over_segmentation'],over_segmentation,Low_Dice (<25%)
20160222_165926_641_721,0.7233253900428082,0.5665698874257882,0.5777730775322268,0.9669085100567891,5464,3993,187,220756,5651,9457,0.42222692185682564,0.0330914882321713,2,3,2825.5,4142,0.7329676163510883,0.36648380817554416,1.5,0.9999955823654312,0.25,0.75,0.203125,0.4985,4,12,['moderate_general_error'],moderate_general_error,Medium_Dice (25-75%)
20160302_155857_1281_1,0.617937036365039,0.44711207276678927,0.4936983914670813,0.8257314177253654,4544,4660,959,220237,5503,9204,0.5063016079965232,0.17426858077412322,2,2,2751.5,1899,0.3450844993639833,0.17254224968199164,1.0,0.999980219653437,0.4375,0.5625,0.1875,0.49903749999999997,7,9,['moderate_general_error'],moderate_general_error,Low_Dice (<25%)
20160302_155857_1281_361,0.6949356716161829,0.5324915075081291,0.5619982849645404,0.9102499357356097,7211,5620,711,216858,7922,12831,0.4380017145974593,0.08975006311537491,1,2,7922.0,2828,0.35698056046452914,0.17849028023226457,2.0,0.9999779216023137,0.375,0.625,0.203125,0.49859999999999993,6,10,['moderate_general_error'],moderate_general_error,Low_Dice (<25%)
20160302_155857_1281_721,0.36862032353684643,0.22595618227635317,0.22595618227635317,0.9999999917830732,1217,4169,0,225014,1217,5386,0.7740438173041218,0.0,1,1,1217.0,430,0.3533278553820871,0.17666392769104355,1.0,0.9999807698851038,0.4375,0.5625,0.1875,0.49963749999999996,7,9,"['false_crack_high_fp', 'thin_low_area_failure', 'over_segmentation']",false_crack_high_fp,Low_Dice (<25%)
20160302_155857_1_721,0.8853494934645457,0.7942843862480091,0.8516691575228356,0.9218033754398947,17093,2977,1450,208880,18543,20070,0.14833084205281516,0.07819662406298873,1,1,18543.0,3212,0.17321900447608263,0.08660950223804131,1.0,0.9999734815180231,0.5,0.5,0.15625,0.49868750000000006,8,8,['high_quality'],high_quality,High_Dice (>75%)
20160302_155857_641_721,0.7118246651539308,0.5525836785556761,0.5691594622595774,0.9499348101260888,10929,8273,576,210622,11505,19202,0.43084053744401624,0.050065189048239894,3,2,3835.0,3366,0.2925684485006519,0.14628422425032594,0.6666666666666666,0.9999780670621068,0.4375,0.5625,0.171875,0.4985125,7,9,['moderate_general_error'],moderate_general_error,Medium_Dice (25-75%)
20160307_144202_1281_361,0.6143344706569508,0.4433497533479164,0.4667050782231418,0.8985736911274586,5670,6479,640,217611,6310,12149,0.5332949213927072,0.10142630744849446,10,2,631.0,3310,0.5245641838351822,0.2622820919175911,0.2,0.9999857987810863,0.4375,0.5625,0.171875,0.49877499999999997,7,9,['complex_topology'],complex_topology,Low_Dice (<25%)
20160307_144202_1281_721,0.5788235288669896,0.4072847676724705,0.4112612004664154,0.9768106703404997,3075,4402,73,222850,3148,7477,0.5887387989835495,0.02318932655654384,5,1,629.6,1470,0.4669631512071156,0.2334815756035578,0.2,0.9999857341775678,0.3125,0.6875,0.1875,0.49859999999999993,5,11,"['over_segmentation', 'complex_topology']",over_segmentation,Low_Dice (<25%)
20160307_144202_1921_361,0.5918704218013333,0.42032383309388094,0.4259410496599818,0.9695791778185067,11474,15464,360,203102,11834,26938,0.5740589501818992,0.03042082136217678,5,2,2366.8,4983,0.42107486902146357,0.21053743451073179,0.4,0.9999864601899859,0.1875,0.8125,0.2265625,0.4977125,3,13,"['over_segmentation', 'complex_topology']",over_segmentation,Low_Dice (<25%)
20160307_144202_1_361,0.8023358305414455,0.6699172030037179,0.6993181596565264,0.9409484423433593,14564,6262,914,208660,15478,20826,0.3006818400076827,0.0590515570487143,7,2,2211.1428571428573,4184,0.2703191626825171,0.13515958134125855,0.2857142857142857,0.9999802209859305,0.25,0.75,0.1953125,0.4984625,4,12,"['complex_topology', 'boundary_margin_error']",complex_topology,Medium_Dice (25-75%)
20160307_144202_641_361,0.6932519319694577,0.5305168983446735,0.5395268901437895,0.9694822879477909,10674,9110,336,210280,11010,19784,0.4604731095835018,0.030517711171662125,10,2,1101.0,4281,0.3888283378746594,0.1944141689373297,0.2,0.9999877435294668,0.3125,0.6875,0.203125,0.4983375,5,11,['complex_topology'],complex_topology,Low_Dice (<25%)
20160307_145059_1281_361,0.8907189960139235,0.8029696648669047,0.818638755355308,0.976717933556711,13844,3067,330,213159,14174,16911,0.18136124416060553,0.023282065754197827,4,2,3543.5,3270,0.23070410610977846,0.11535205305488923,0.5,0.9999900400793884,0.375,0.625,0.15625,0.4976625,6,10,['high_quality'],high_quality,High_Dice (>75%)
20160307_145059_1281_721,0.7818668995560415,0.6418567061933411,0.6578027229869317,0.9636069538164079,7149,3719,270,219262,7419,10868,0.34219727640780273,0.03639304488475536,3,2,2473.0,3748,0.5051893786224558,0.2525946893112279,0.6666666666666666,0.9999764404929934,0.375,0.625,0.15625,0.49892499999999995,6,10,['boundary_margin_error'],boundary_margin_error,Medium_Dice (25-75%)
20160307_145059_1921_1081,0.7088723972490495,0.5490335701434044,0.5504895955217365,0.9952056039181162,5397,4407,26,220570,5423,9804,0.44951040391676866,0.004794394246726904,3,1,1807.6666666666667,2182,0.4023603171676194,0.2011801585838097,0.3333333333333333,0.9999865570743537,0.3125,0.6875,0.15625,0.499,5,11,['moderate_general_error'],moderate_general_error,Low_Dice (<25%)
20160307_145059_1921_361,0.8725204089717704,0.7738680291108918,0.8392552580732978,0.9085314247953448,11810,2262,1189,215139,12999,14072,0.1607447413303013,0.0914685745057312,1,1,12999.0,3074,0.23647972920993923,0.11823986460496962,1.0,0.9999888313153333,0.375,0.625,0.171875,0.49791250000000004,6,10,['high_quality'],high_quality,High_Dice (>75%)
20160307_145059_1921_721,0.7871170456601929,0.6489637296359186,0.6833889046932572,0.927968715933384,4509,2089,350,223452,4859,6598,0.3166110942709912,0.07203128215682239,3,3,1619.6666666666667,1757,0.3615970364272484,0.1807985182136242,1.0,0.9999869973660447,0.5,0.5,0.140625,0.500425,8,8,['boundary_margin_error'],boundary_margin_error,Medium_Dice (25-75%)
20160307_145059_1_361,0.8825264438148258,0.7897515238101834,0.7992815025798807,0.9851271560114361,8677,2179,131,219413,8808,10856,0.20071849668386146,0.014872842870118074,1,1,8808.0,2411,0.27372842870118075,0.13686421435059037,1.0,0.9999881954132912,0.25,0.75,0.171875,0.4979625,4,12,['high_quality'],high_quality,High_Dice (>75%)
20160307_145059_1_721,0.8048496466848074,0.673429618668696,0.6994047610721372,0.9477335038752485,5875,2525,324,221676,6199,8400,0.3005952380952381,0.05226649459590257,1,1,6199.0,1626,0.2623003710275851,0.13115018551379254,1.0,0.999987263041477,0.25,0.75,0.171875,0.498375,4,12,['boundary_margin_error'],boundary_margin_error,Medium_Dice (25-75%)
20160307_145059_641_361,0.7118175530671613,0.5525751067032456,0.5617364740818755,0.9713315711593143,5150,4018,152,221080,5302,9168,0.43826352530541013,0.028668427008675973,2,2,2651.0,2106,0.3972086005281026,0.1986043002640513,1.0,0.9999866939397586,0.375,0.625,0.1875,0.49851249999999997,6,10,['moderate_general_error'],moderate_general_error,Medium_Dice (25-75%)
20160307_145059_641_721,0.8516504851061552,0.7416300299346432,0.7575652889611958,0.972419296760891,10965,3509,311,215615,11276,14474,0.24243471051540694,0.027580702376729337,2,1,5638.0,3040,0.2695991486342675,0.13479957431713374,0.5,0.9999822514095544,0.3125,0.6875,0.1640625,0.49824999999999997,5,11,['high_quality'],high_quality,Medium_Dice (25-75%)
20160307_162438_1281_361,0.8535472260357527,0.7445114577936998,0.9974143471318216,0.7459511705439904,3086,8,1051,226255,4137,3094,0.002585649644473174,0.25404882765288855,1,1,4137.0,396,0.09572153734590283,0.047860768672951415,1.0,0.9999883586807821,0.4375,0.5625,0.1796875,0.498675,7,9,['high_quality'],high_quality,Medium_Dice (25-75%)
20160307_162438_1281_721,0.9017747143306072,0.8211199706451444,0.9490486032347308,0.8589869641095541,27083,1454,4446,197417,31529,28537,0.050951396432701405,0.14101303561800246,1,1,31529.0,3073,0.09746582511338768,0.04873291255669384,1.0,0.9999911786840331,0.25,0.75,0.203125,0.49717500000000003,4,12,['high_quality'],high_quality,High_Dice (>75%)
20160307_162438_1921_1081,0.7070768603556785,0.5468823618936798,0.5486632698415551,0.9940997325903124,10446,8593,62,211299,10508,19039,0.4513367298702663,0.0059002664636467455,2,1,5254.0,2256,0.21469356680624285,0.10734678340312143,0.5,0.999991324001914,0.5625,0.4375,0.1875,0.49844999999999995,9,7,['moderate_general_error'],moderate_general_error,Low_Dice (<25%)
20160307_162438_1921_721,0.8911669227551753,0.803697996608745,0.8565915339095161,0.928650909810544,20864,3493,1603,204440,22467,24357,0.14340846573880198,0.07134908977611608,1,1,22467.0,2708,0.12053233631548493,0.06026616815774247,1.0,0.9999920284781854,0.3125,0.6875,0.21875,0.4973875,5,11,['high_quality'],high_quality,High_Dice (>75%)
20160307_162438_1_361,0.8644428289496752,0.7612499405469083,0.8923846578953905,0.8381976711642568,32108,3872,6198,188222,38306,35980,0.107615341856587,0.16180232861692687,1,1,38306.0,3094,0.08077063645381924,0.04038531822690962,1.0,0.9999910457529211,0.4375,0.5625,0.1875,0.4972375,7,9,['high_quality'],high_quality,Medium_Dice (25-75%)
20160307_162438_641_361,0.8878176066677389,0.7982661944572848,0.864513350187548,0.9124130717183705,20074,3146,1927,205253,22001,23220,0.1354866494401378,0.08758692786691515,1,1,22001.0,2516,0.11435843825280669,0.05717921912640334,1.0,0.9999914759615651,0.375,0.625,0.21875,0.4973125,6,10,['high_quality'],high_quality,High_Dice (>75%)
20160307_162438_641_721,0.7342428371526311,0.5800819135804248,0.6220527038580066,0.8958055910522544,5382,3270,626,221122,6008,8652,0.3779472954230236,0.10419440745672437,1,2,6008.0,705,0.11734354194407456,0.05867177097203728,2.0,0.9999910467692128,0.3125,0.6875,0.203125,0.49795,5,11,['boundary_margin_error'],boundary_margin_error,Medium_Dice (25-75%)
20160310_114505_1281_1,0.40440528589823205,0.25345113162140925,0.25345113162140925,0.999999994553377,1836,5408,0,223156,1836,7244,0.7465488680287135,0.0,4,2,459.0,1931,1.051742919389978,0.525871459694989,0.5,0.9999915998058253,0.3125,0.6875,0.171875,0.49893750000000003,5,11,"['false_crack_high_fp', 'thin_low_area_failure', 'over_segmentation']",false_crack_high_fp,Low_Dice (<25%)
20160310_114505_641_1,0.5104863896790423,0.34272019143822635,0.35042884618376613,0.9396855176257087,4004,7422,257,218717,4261,11426,0.6495711535095396,0.06031448016897442,4,1,1065.25,2348,0.551044355785027,0.2755221778925135,0.25,0.9999959846346103,0.25,0.75,0.203125,0.49863750000000007,4,12,"['thin_low_area_failure', 'over_segmentation']",thin_low_area_failure,Low_Dice (<25%)
20160310_114505_641_1081,0.5683708244251051,0.39700980821158954,0.39829941683548353,0.9919105377304056,4169,6298,34,219899,4203,10467,0.6017005827839877,0.00808945990958839,3,5,1401.0,1842,0.4382583868665239,0.21912919343326195,1.6666666666666667,0.9999941100958317,0.1875,0.8125,0.1953125,0.49831250000000005,3,13,['over_segmentation'],over_segmentation,Low_Dice (<25%)
20160310_114505_641_361,0.5023753680303233,0.33544812051441686,0.33726281765259364,0.9842130042784802,4177,8208,67,217948,4244,12385,0.6627371820750908,0.01578699340245052,5,3,848.8,2457,0.5789349670122526,0.2894674835061263,0.6,0.9999925296458072,0.25,0.75,0.1875,0.49846250000000003,4,12,"['false_crack_high_fp', 'thin_low_area_failure', 'over_segmentation', 'complex_topology']",false_crack_high_fp,Low_Dice (<25%)
20160310_114505_641_721,0.5646334268724147,0.3933722837380206,0.3951036123279813,0.9889832430824347,4309,6597,48,219446,4357,10906,0.6048963873097377,0.011016754647693368,4,1,1089.25,1798,0.41266926784484737,0.20633463392242368,0.25,0.9999908978161143,0.25,0.75,0.21875,0.49824999999999997,4,12,['over_segmentation'],over_segmentation,Low_Dice (<25%)
20160316_142539_1281_361,0.8194772640032386,0.694164745002833,0.868680733461848,0.7755489281979548,5722,865,1656,222157,7378,6587,0.13131926521937148,0.224451070750881,1,1,7378.0,1653,0.22404445649227434,0.11202222824613717,1.0,0.9999949770183791,0.375,0.625,0.1953125,0.498375,6,10,['boundary_margin_error'],boundary_margin_error,Medium_Dice (25-75%)
20160316_142539_1281_721,0.8142039182569712,0.6866306364076986,0.7836198172056422,0.8472723287993087,7750,2140,1397,219113,9147,9890,0.21638018200202225,0.1527276702744069,2,3,4573.5,2578,0.2818410407783973,0.14092052038919864,1.5,0.9999864670202916,0.375,0.625,0.1875,0.4978625,6,10,['boundary_margin_error'],boundary_margin_error,Medium_Dice (25-75%)
20160316_142539_1921_361,0.6704957916834208,0.504320172504308,0.6170618892760723,0.7340611347300776,8405,5216,3045,213734,11450,13621,0.38293811027090524,0.26593886462882094,7,8,1635.7142857142858,4030,0.3519650655021834,0.1759825327510917,1.1428571428571428,0.9999901656807857,0.25,0.75,0.203125,0.49771249999999995,4,12,"['complex_topology', 'boundary_margin_error']",complex_topology,Low_Dice (<25%)
20160316_142539_1_721,0.7015374757522301,0.5402831908134179,0.5965896706272664,0.8512904222238104,10951,7405,1913,210131,12864,18356,0.40341032904772284,0.14870957711442787,7,3,1837.7142857142858,4023,0.3127332089552239,0.15636660447761194,0.42857142857142855,0.9999867722786491,0.375,0.625,0.171875,0.49825,6,10,['complex_topology'],complex_topology,Low_Dice (<25%)
20160316_142539_641_721,0.5519216008761079,0.3811406904557297,0.44299658811457704,0.7318772500924713,9349,11755,3425,205871,12774,21104,0.5570034116755117,0.26812274933458585,4,3,3193.5,4538,0.35525285736652573,0.17762642868326287,0.75,0.9999852970847036,0.3125,0.6875,0.1640625,0.49817500000000003,5,11,['moderate_general_error'],moderate_general_error,Low_Dice (<25%)
20160316_143445_1281_1,0.8748354827339972,0.7775178378889239,0.8258168711480824,0.9300405758149989,13294,2804,1000,213302,14294,16098,0.1741831283389241,0.06995942353435007,1,1,14294.0,2297,0.16069679585840213,0.08034839792920107,1.0,0.9999929212146037,0.5,0.5,0.171875,0.4981875,8,8,['high_quality'],high_quality,High_Dice (>75%)
20160316_143445_1281_1081,0.7651942867649792,0.6196880031922396,0.660045835255833,0.9101922546479002,3456,1780,341,224823,3797,5236,0.33995416348357527,0.08980774295496445,4,2,949.25,1205,0.3173558072162233,0.15867790360811165,0.5,0.9999838804241092,0.4375,0.5625,0.1640625,0.499625,7,9,['boundary_margin_error'],boundary_margin_error,Medium_Dice (25-75%)
20160316_143445_1281_361,0.8300608877231782,0.7094906726451724,0.7203586055213688,0.9791784351713515,12133,4710,258,213299,12391,16843,0.279641394050941,0.02082156403841498,2,3,6195.5,2403,0.19393107900895812,0.09696553950447906,1.5,0.9999907225441995,0.3125,0.6875,0.1796875,0.4983875,5,11,['boundary_margin_error'],boundary_margin_error,Medium_Dice (25-75%)
20160316_143445_1281_721,0.8316206377564705,0.7117727894128388,0.7979663101900337,0.8682387120763083,15538,3934,2358,208570,17896,19472,0.20203368940016433,0.13176128743853374,2,3,8948.0,4941,0.2760952168082253,0.13804760840411265,1.5,0.9999846720739475,0.125,0.875,0.21875,0.49788750000000004,2,14,['boundary_margin_error'],boundary_margin_error,Medium_Dice (25-75%)
20160316_143445_1921_1081,0.6904761901575875,0.5272727269011468,0.5780730892543667,0.8571428561609087,7482,5461,1247,216210,8729,12943,0.4219269102990033,0.14285714285714285,2,1,4364.5,2735,0.31332340474281134,0.15666170237140567,0.5,0.9999855717768511,0.3125,0.6875,0.1875,0.49938750000000004,5,11,['moderate_general_error'],moderate_general_error,Low_Dice (<25%)
20160316_143445_1_1081,0.841412705489019,0.7262402319405413,0.8720270555618296,0.8128750118856147,7993,1173,1840,219394,9833,9166,0.12797294348679905,0.18712498728770466,1,1,9833.0,2466,0.2507881623105868,0.1253940811552934,1.0,0.9999852803015139,0.4375,0.5625,0.171875,0.49907500000000005,7,9,['boundary_margin_error'],boundary_margin_error,Medium_Dice (25-75%)
20160316_143445_1_721,0.5366261394098586,0.3667047456987177,0.39545301781223763,0.8345544768741326,3531,5398,700,220771,4231,8929,0.6045469817448762,0.16544552115339164,2,4,2115.5,1268,0.2996927440321437,0.14984637201607184,2.0,0.999980531446909,0.4375,0.5625,0.171875,0.499925,7,9,"['thin_low_area_failure', 'over_segmentation']",thin_low_area_failure,Low_Dice (<25%)
20160316_143445_641_361,0.8643342324070279,0.7610815233420062,0.7907550857318847,0.9530111819503323,9289,2458,458,218195,9747,11747,0.20924491359496042,0.04698881707191956,1,1,9747.0,2796,0.2868574946137273,0.14342874730686364,1.0,0.9999896127309192,0.3125,0.6875,0.171875,0.498475,5,11,['high_quality'],high_quality,Medium_Dice (25-75%)
20160316_143445_641_721,0.8468780430435677,0.7344219212327122,0.8135980862734192,0.8829967269739403,7826,1793,1037,219744,8863,9619,0.18640191288075683,0.11700327202978675,1,2,8863.0,2133,0.2406634322464177,0.12033171612320885,2.0,0.9999875743272075,0.375,0.625,0.171875,0.49929999999999997,6,10,['boundary_margin_error'],boundary_margin_error,Medium_Dice (25-75%)
20160316_143527_1281_1081,0.7859350201344963,0.6473582824385262,0.7765307800160663,0.795569833618896,9410,2708,2418,215864,11828,12118,0.22346921934312594,0.20443016570848832,4,3,2957.0,4261,0.360246871829557,0.1801234359147785,0.75,0.9999862308734079,0.125,0.875,0.21875,0.4985875000000001,2,14,['boundary_margin_error'],boundary_margin_error,Medium_Dice (25-75%)
20160316_143527_1281_361,0.5961732116297321,0.4246771870779316,0.5451197039065516,0.6577777756895943,2072,1729,1078,225521,3150,3801,0.4548802946593002,0.3422222222222222,4,2,787.5,1101,0.3495238095238095,0.17476190476190476,0.5,0.9999906266452414,0.4375,0.5625,0.1640625,0.4996,7,9,['moderate_general_error'],moderate_general_error,Low_Dice (<25%)
20160316_143527_1281_721,0.7316701579103091,0.5768768766843921,0.6616532718478173,0.8182592641306927,17289,8841,3840,200430,21129,26130,0.3383467278989667,0.1817407354820389,7,3,3018.4285714285716,7452,0.35269061479483177,0.17634530739741588,0.42857142857142855,0.9999831254090676,0.3125,0.6875,0.203125,0.498275,5,11,"['complex_topology', 'boundary_margin_error']",complex_topology,Medium_Dice (25-75%)
20160316_143527_1921_361,0.7104561400185001,0.5509360030830532,0.5991005202784436,0.872658314133251,7593,5081,1108,216618,8701,12674,0.40089947924885594,0.12734168486380876,2,6,4350.5,4261,0.48971382599701185,0.24485691299850593,3.0,0.9999895105957273,0.1875,0.8125,0.1953125,0.49828750000000005,3,13,['moderate_general_error'],moderate_general_error,Medium_Dice (25-75%)
20160316_143527_1_1,0.6382860628082999,0.4687372621922742,0.6311745327868556,0.6455596714431799,5750,3360,3157,218133,8907,9110,0.36882546652030734,0.3544403278320422,2,1,4453.5,3323,0.37307735488941285,0.18653867744470642,0.5,0.9999884414343353,0.3125,0.6875,0.1875,0.49821249999999995,5,11,['moderate_general_error'],moderate_general_error,Low_Dice (<25%)
20160316_143527_1_361,0.6193147897584877,0.44855611196860434,0.45373447533018285,0.9751879662586918,2594,3123,66,224617,2660,5717,0.5462655238761588,0.02481203007518797,2,6,1330.0,1788,0.6721804511278195,0.3360902255639098,3.0,0.9999867537652463,0.4375,0.5625,0.15625,0.499625,7,9,['over_segmentation'],over_segmentation,Low_Dice (<25%)
20160316_143527_641_1,0.8177534575580111,0.6916945224207641,0.7616081533016156,0.8828355750105726,8070,2526,1071,218733,9141,10596,0.23839184597961494,0.1171644240236298,1,1,9141.0,2978,0.3257849250629034,0.1628924625314517,1.0,0.9999907980529819,0.375,0.625,0.15625,0.49845,6,10,['boundary_margin_error'],boundary_margin_error,Medium_Dice (25-75%)
20160316_143527_641_361,0.7708358314033948,0.627121950913599,0.726409763404673,0.8210499419970303,12856,4842,2802,209900,15658,17698,0.27359023618487965,0.17895005747860518,8,4,1957.25,5907,0.37725124536977905,0.18862562268488953,0.5,0.9999883882240519,0.3125,0.6875,0.1953125,0.4983125,5,11,"['complex_topology', 'boundary_margin_error']",complex_topology,Medium_Dice (25-75%)
20160316_143527_641_721,0.6445457610228421,0.4755201190039615,0.7135913241473335,0.5876828320435984,3817,1532,2678,222373,6495,5349,0.2864086745186016,0.4123171670515781,3,2,2165.0,2013,0.3099307159353349,0.15496535796766744,0.6666666666666666,0.9999870517797931,0.3125,0.6875,0.1640625,0.499475,5,11,['moderate_general_error'],moderate_general_error,Low_Dice (<25%)
20160316_143547_1281_1081,0.8936423040795569,0.8077336175947002,0.8686110283898035,0.9201590672372008,3008,455,261,226676,3269,3463,0.13138896910193473,0.07984092994799633,3,1,1089.6666666666667,774,0.23676965432854083,0.11838482716427041,0.3333333333333333,0.999989134738676,0.3125,0.6875,0.1875,0.49935,5,11,['high_quality'],high_quality,High_Dice (>75%)
20160316_143547_1281_361,0.3017832642862624,0.17770597706389163,0.1785070317733375,0.9753694485185276,990,4556,25,224829,1015,5546,0.8214929679047962,0.024630541871921183,1,3,1015.0,210,0.20689655172413793,0.10344827586206896,3.0,0.9999931662806709,0.375,0.625,0.1953125,0.49955,6,10,"['false_crack_high_fp', 'thin_low_area_failure', 'over_segmentation']",false_crack_high_fp,Low_Dice (<25%)
20160316_143547_1281_721,0.8912352116161567,0.8038090864296279,0.8490748966433406,0.937801177521952,21018,3736,1394,204252,22412,24754,0.15092510301365436,0.06219882205961092,1,1,22412.0,4400,0.19632339817954667,0.09816169908977333,1.0,0.9999844920958096,0.3125,0.6875,0.1640625,0.4980874999999999,5,11,['high_quality'],high_quality,High_Dice (>75%)
20160316_143547_1921_1081,0.8468202763242559,0.7343350381023249,0.7931629831211008,0.9082641356230992,20673,5391,2088,202248,22761,26064,0.20683701657458564,0.09173586397785687,3,3,7587.0,5059,0.2222661570229779,0.11113307851148894,1.0,0.9999838923867661,0.3125,0.6875,0.15625,0.4982,5,11,['boundary_margin_error'],boundary_margin_error,Medium_Dice (25-75%)
20160316_143547_1_1,0.7752950035226918,0.6330463301388651,0.8144533820292408,0.7397293084562646,12352,2814,4346,210888,16698,15166,0.18554661743373335,0.26027069110073064,1,1,16698.0,4621,0.2767397293088993,0.13836986465444964,1.0,0.999990230695087,0.3125,0.6875,0.1640625,0.4984625,5,11,['boundary_margin_error'],boundary_margin_error,Medium_Dice (25-75%)
20160316_143547_641_1,0.8494055454114744,0.7382319130985538,0.761848336718908,0.959701485375362,1286,402,54,228658,1340,1688,0.2381516587677725,0.04029850746268657,1,1,1340.0,445,0.332089552238806,0.166044776119403,1.0,0.9999922712952226,0.4375,0.5625,0.1640625,0.49986249999999993,7,9,['boundary_margin_error'],boundary_margin_error,Medium_Dice (25-75%)
20160316_143547_641_361,0.893510980864036,0.8075190674388811,0.8337570528717325,0.9624910515658618,13446,2681,524,213749,13970,16127,0.166242946611273,0.03750894774516822,2,1,6985.0,3890,0.278453829634932,0.139226914817466,0.5,0.9999903506428518,0.3125,0.6875,0.1640625,0.4985125,5,11,['high_quality'],high_quality,High_Dice (>75%)
20160316_143547_641_721,0.6514333167784241,0.483056066031694,0.5899172265619471,0.727272720526227,784,545,294,228777,1078,1329,0.41008276899924756,0.2727272727272727,2,1,539.0,561,0.5204081632653061,0.2602040816326531,0.5,0.9999882504670892,0.3125,0.6875,0.1875,0.499525,5,11,['moderate_general_error'],moderate_general_error,Low_Dice (<25%)
20160318_181632_1281_1081,0.8661656239225642,0.7639260567483528,0.8164297967983325,0.9223542273090649,18555,4172,1562,206111,20117,22727,0.1835702028424341,0.07764577223244022,1,1,20117.0,3066,0.1524084107968385,0.07620420539841925,1.0,0.9999905227196338,0.3125,0.6875,0.1953125,0.4976625,5,11,['high_quality'],high_quality,Medium_Dice (25-75%)
20160318_181632_1281_361,0.8596625233164832,0.7538667639133194,0.8996831484841478,0.8230507390641817,30950,3451,6654,189345,37604,34401,0.100316851254324,0.176949260716945,8,1,4700.5,5071,0.13485267524731412,0.06742633762365706,0.125,0.999989866809502,0.375,0.625,0.1875,0.4979,6,10,"['complex_topology', 'high_quality']",complex_topology,Medium_Dice (25-75%)
20160318_181632_1281_721,0.895411455584269,0.8106289532976232,0.8692965775711646,0.9231439841593356,20119,3025,1675,205581,21794,23144,0.13070342205323193,0.07685601541708727,1,2,21794.0,2539,0.1164999541158117,0.05824997705790585,2.0,0.9999917556240014,0.5,0.5,0.1640625,0.4988,8,8,['high_quality'],high_quality,High_Dice (>75%)
20160318_181632_1921_1,0.7731358017055449,0.6301722739813681,0.7818617643190936,0.7646024599245899,3914,1092,1205,224189,5119,5006,0.21813823411905714,0.23539753858175425,5,2,1023.8,1148,0.22426255127954678,0.11213127563977339,0.4,0.9999889003897493,0.5,0.5,0.171875,0.4990125,8,8,"['complex_topology', 'boundary_margin_error']",complex_topology,Medium_Dice (25-75%)
20160318_181632_1921_361,0.8841133330165437,0.7922967082369946,0.909549427996995,0.8600612054926031,21640,2152,3521,203087,25161,23792,0.09045057162071285,0.1399387941655737,1,2,25161.0,3071,0.12205397241763045,0.06102698620881523,2.0,0.9999867798892139,0.3125,0.6875,0.1875,0.497975,5,11,['high_quality'],high_quality,High_Dice (>75%)
20160318_181632_1_1,0.9368218355997154,0.8811522536565224,0.9184070952810933,0.9559901434902248,30650,2723,1411,195616,32061,33373,0.08159290444371198,0.04400985621159664,1,1,32061.0,3190,0.0994978322572596,0.0497489161286298,1.0,0.9999885141213243,0.4375,0.5625,0.1796875,0.4978875,7,9,['high_quality'],high_quality,High_Dice (>75%)
20160318_181632_1_361,0.911971829915526,0.8381877004569845,0.9321017252108884,0.8926930126546576,3885,283,467,225765,4352,4168,0.0678982725527831,0.10730698529411764,2,1,2176.0,534,0.12270220588235294,0.06135110294117647,0.5,0.9999907578053226,0.5,0.5,0.1484375,0.4994375,8,8,['high_quality'],high_quality,High_Dice (>75%)
20160318_181632_641_1,0.9155206268850283,0.8442028954920184,0.9353673186055105,0.8964986498788047,2330,161,269,227640,2599,2491,0.06463267763950221,0.10350134667179685,2,1,1299.5,488,0.1877645248172374,0.0938822624086187,0.5,0.9999937469838116,0.4375,0.5625,0.140625,0.499725,7,9,['high_quality'],high_quality,High_Dice (>75%)
20160318_181632_641_361,0.9254426236791843,0.8612314652269325,0.9450842619934797,0.9066007852764218,35779,2079,3686,188856,39465,37858,0.054915737756880974,0.09339921449385531,1,1,39465.0,3248,0.08230077283669074,0.04115038641834537,1.0,0.999991561251789,0.3125,0.6875,0.1953125,0.49781250000000005,5,11,['high_quality'],high_quality,High_Dice (>75%)
20160318_181632_641_721,0.2512293247080584,0.14366053151372632,0.1445101566668679,0.9606837524727885,1124,6654,46,222576,1170,7778,0.8554898431473387,0.039316239316239315,1,2,1170.0,668,0.5709401709401709,0.28547008547008546,2.0,0.9999906391341069,0.4375,0.5625,0.1875,0.4993125,7,9,"['false_crack_high_fp', 'thin_low_area_failure', 'over_segmentation']",false_crack_high_fp,Low_Dice (<25%)
20160321_183947_1281_361,0.7705479437394446,0.626740945135435,0.6591796853542328,0.927197797952391,2025,1047,159,227169,2184,3072,0.3408203125,0.07280219780219781,1,2,2184.0,385,0.1762820512820513,0.08814102564102565,2.0,0.9999933032530394,0.5625,0.4375,0.1484375,0.4993375,9,7,['boundary_margin_error'],boundary_margin_error,Medium_Dice (25-75%)
20160321_183947_1281_721,0.9262176546988988,0.8625748586313146,0.8969102878476565,0.9575050093967667,30103,3460,1336,195501,31439,33563,0.10308971188511158,0.042494990298673624,1,2,31439.0,3118,0.09917618244855116,0.04958809122427558,2.0,0.9999909425339015,0.4375,0.5625,0.1953125,0.49797499999999995,7,9,['high_quality'],high_quality,High_Dice (>75%)
20160321_183947_1921_721,0.9059626791432606,0.8280912011610373,0.8721714230251004,0.9424778757926416,28329,4152,1729,196190,30058,32481,0.1278285767063822,0.05752212389380531,1,1,30058.0,3092,0.10286778894138,0.05143389447069,1.0,0.9999891458188674,0.375,0.625,0.203125,0.49797499999999995,6,10,['high_quality'],high_quality,High_Dice (>75%)
20160321_183947_1_721,0.8819638742738821,0.7888509628444103,0.8345151451225439,0.9351335483804072,44604,8845,3094,173857,47698,53449,0.16548485472132313,0.06486645142353976,1,2,47698.0,3492,0.07321061679735,0.036605308398675,2.0,0.9999904177851326,0.375,0.625,0.2109375,0.49748749999999997,6,10,['high_quality'],high_quality,High_Dice (>75%)
20160321_183947_641_721,0.8922723897020621,0.8054980135974708,0.8094631659459582,0.9939554322936409,33052,7780,201,189367,33253,40832,0.19053683385579936,0.006044567407451959,1,1,33253.0,3297,0.0991489489670105,0.04957447448350525,1.0,0.9999903442470625,0.25,0.75,0.203125,0.4975125,4,12,['high_quality'],high_quality,High_Dice (>75%)
20160321_185557_1281_721,0.8674934483321349,0.7659941984923266,0.8281828109418292,0.9107218968067882,23503,4876,2304,199717,25807,28379,0.1718171887663413,0.08927810284031465,3,1,8602.333333333334,3922,0.1519742705467509,0.07598713527337544,0.3333333333333333,0.999986737613193,0.375,0.625,0.1484375,0.49840000000000007,6,10,['high_quality'],high_quality,Medium_Dice (25-75%)
20160321_185557_1921_1,0.8412062049672275,0.7259326107656945,0.7751365236306325,0.9195884137580141,9652,2800,844,217104,10496,12452,0.22486347574686796,0.08041158536585366,1,1,10496.0,2096,0.19969512195121952,0.09984756097560976,1.0,0.9999885189442335,0.375,0.625,0.15625,0.49927499999999997,6,10,['boundary_margin_error'],boundary_margin_error,Medium_Dice (25-75%)
20160321_185557_1921_1081,0.8069352908987858,0.6763550080252428,0.7450788199419434,0.8799922816129729,9122,3121,1244,216913,10366,12243,0.25492117944948134,0.12000771753810534,1,1,10366.0,1930,0.18618560679143353,0.09309280339571677,1.0,0.9999869585292945,0.4375,0.5625,0.1484375,0.4990375,7,9,['boundary_margin_error'],boundary_margin_error,Medium_Dice (25-75%)
20160321_185557_1921_361,0.7295770097152176,0.5742788152406413,0.5899092744664779,0.955896350125969,9038,6283,417,214662,9455,15321,0.410090725148489,0.04410364886303543,2,1,4727.5,2665,0.28186144896879956,0.14093072448439978,0.5,0.9999889423314248,0.3125,0.6875,0.15625,0.49825,5,11,['moderate_general_error'],moderate_general_error,Medium_Dice (25-75%)
20160321_185557_1921_721,0.9042084166689363,0.825164593727085,0.8704924930298539,0.94064134601598,24816,3692,1566,200326,26382,28508,0.12950750666479585,0.05935865362747328,1,1,26382.0,3311,0.1255022363732848,0.0627511181866424,1.0,0.9999862007527414,0.3125,0.6875,0.15625,0.49798749999999997,5,11,['high_quality'],high_quality,High_Dice (>75%)
20160321_185557_1_361,0.36297968342666714,0.2217319356099799,0.22337469860460327,0.967897263500022,1206,4193,40,224961,1246,5399,0.7766253009816633,0.03210272873194221,1,4,1246.0,314,0.2520064205457464,0.1260032102728732,4.0,0.9999896574702485,0.25,0.75,0.1875,0.49950000000000006,4,12,"['false_crack_high_fp', 'thin_low_area_failure', 'over_segmentation', 'fragmented_prediction']",false_crack_high_fp,Low_Dice (<25%)
20160321_185557_1_721,0.8128352220482171,0.6846861001474479,0.7085704989800901,0.9530788576216347,17428,7168,858,204946,18286,24596,0.29142950073182633,0.04692114185715848,1,1,18286.0,3861,0.21114513835721316,0.10557256917860658,1.0,0.9999854085152854,0.1875,0.8125,0.203125,0.49877499999999997,3,13,['boundary_margin_error'],boundary_margin_error,Medium_Dice (25-75%)
20160321_185557_641_721,0.8987859680061738,0.816177365973859,0.8634391507953781,0.9371503166089378,20100,3179,1348,205773,21448,23279,0.13656084883371278,0.06284968295412159,1,1,21448.0,3301,0.1539071242073853,0.07695356210369265,1.0,0.9999851955551207,0.3125,0.6875,0.1796875,0.4983125,5,11,['high_quality'],high_quality,High_Dice (>75%)
20160324_170347_1281_1,0.8790388770397441,0.7841831969322551,0.8963628049058548,0.8623718874635844,5890,681,940,222889,6830,6571,0.10363719373002588,0.1376281112737921,2,1,3415.0,2141,0.31346998535871157,0.15673499267935578,0.5,0.9999935892610311,0.375,0.625,0.15625,0.4982,6,10,['high_quality'],high_quality,High_Dice (>75%)
20160324_170347_1281_1081,0.8251686705594246,0.7023720340794357,0.8741454305870954,0.7813888878036266,5626,810,1574,222390,7200,6436,0.12585456805469236,0.21861111111111112,1,1,7200.0,2631,0.36541666666666667,0.18270833333333333,1.0,0.9999931048824307,0.3125,0.6875,0.1875,0.4987125,5,11,['boundary_margin_error'],boundary_margin_error,Medium_Dice (25-75%)
20160324_170347_1281_361,0.8026870085376938,0.6704069982213703,0.7122651033418215,0.9194053196147557,7050,2848,618,219884,7668,9898,0.28773489593857343,0.08059467918622848,5,1,1533.6,2600,0.33907146583202924,0.16953573291601462,0.2,0.9999933838963364,0.3125,0.6875,0.1875,0.4978625,5,11,"['complex_topology', 'boundary_margin_error']",complex_topology,Medium_Dice (25-75%)
20160324_170347_1281_721,0.7379862696390752,0.5847688118480435,0.7885961978564008,0.693480597504173,7095,1902,3136,218267,10231,8997,0.21140380126708902,0.3065194018180041,1,3,10231.0,4382,0.4283061284331932,0.2141530642165966,3.0,0.9999944170305476,0.25,0.75,0.203125,0.4979,4,12,['boundary_margin_error'],boundary_margin_error,Medium_Dice (25-75%)
20160324_170347_641_1,0.740098293234897,0.5874254231587301,0.6210577374549788,0.9155937020186204,2560,1562,236,226042,2796,4122,0.3789422610383309,0.0844062947067239,1,2,2796.0,2183,0.780758226037196,0.390379113018598,2.0,0.9999950921978071,0.25,0.75,0.1875,0.49802499999999994,4,12,['boundary_margin_error'],boundary_margin_error,Medium_Dice (25-75%)
20160324_170347_641_361,0.7528682162761052,0.6036797603121503,0.6535079837546959,0.8878595785278899,3642,1931,460,224367,4102,5573,0.3464920150726718,0.1121404193076548,3,2,1367.3333333333333,2940,0.7167235494880546,0.3583617747440273,0.6666666666666666,0.9999945856118029,0.25,0.75,0.203125,0.49763749999999995,4,12,['boundary_margin_error'],boundary_margin_error,Medium_Dice (25-75%)
20160324_170347_641_721,0.7954129951879458,0.6603200864781454,0.7473454067853047,0.8500888069268603,2393,809,422,226776,2815,3202,0.2526545908806996,0.14991119005328596,1,1,2815.0,1498,0.5321492007104796,0.2660746003552398,1.0,0.9999924651547618,0.375,0.625,0.1875,0.498625,6,10,['boundary_margin_error'],boundary_margin_error,Medium_Dice (25-75%)
20160326_141808_1281_1,0.2363262209072607,0.13399656087693865,0.23050919030105813,0.242444443905679,1091,3642,3409,222258,4500,4733,0.7694908092119164,0.7575555555555555,4,9,1125.0,1265,0.2811111111111111,0.14055555555555554,2.25,0.9999892017162499,0.4375,0.5625,0.1796875,0.49917500000000004,7,9,"['missed_crack_high_fn', 'false_crack_high_fp', 'thin_low_area_failure']",missed_crack_high_fn,Low_Dice (<25%)
20160326_141808_641_1,0.7780979799059871,0.6367924490755162,0.6382978685679795,0.9963099539085798,1080,612,4,228704,1084,1692,0.3617021276595745,0.0036900369003690036,1,3,1084.0,178,0.16420664206642066,0.08210332103321033,3.0,0.9999838243774534,0.5625,0.4375,0.1953125,0.499725,9,7,['boundary_margin_error'],boundary_margin_error,Medium_Dice (25-75%)
20160326_141808_641_361,0.7152808984745613,0.5567605382571624,0.7424772559569894,0.6900065026121759,6366,2208,2860,218966,9226,8574,0.2575227431770469,0.30999349663993064,1,4,9226.0,1956,0.21200953826143507,0.10600476913071753,4.0,0.9999829409782401,0.5625,0.4375,0.1953125,0.49910000000000004,9,7,['boundary_margin_error'],boundary_margin_error,Medium_Dice (25-75%)
20160326_141808_641_721,0.20916777902851827,0.11679920462624353,0.46191645964660216,0.13519344148541143,940,1095,6013,222352,6953,2035,0.538083538083538,0.8648065583201495,4,7,1738.25,1926,0.27700273263339564,0.13850136631669782,1.75,0.9999809861377527,0.5625,0.4375,0.171875,0.49932499999999996,9,7,"['missed_crack_high_fn', 'thin_low_area_failure']",missed_crack_high_fn,Low_Dice (<25%)
20160326_142521_1281_1,0.43689594730294695,0.2795053512586742,0.8822186695224409,0.29033954305112714,3865,516,9447,216572,13312,4381,0.11778132846382104,0.7096604567307693,1,1,13312.0,1582,0.11884014423076923,0.059420072115384616,1.0,0.9999941807057178,0.4375,0.5625,0.1640625,0.4996625,7,9,['missed_crack_high_fn'],missed_crack_high_fn,Low_Dice (<25%)
20160326_142521_1281_1081,0.40498652222879633,0.25390789975938344,0.4535849039487362,0.3657942776451787,1202,1448,2084,225666,3286,2650,0.5464150943396227,0.6342057212416312,2,1,1643.0,933,0.2839318320146074,0.1419659160073037,0.5,0.9999917563494475,0.3125,0.6875,0.1640625,0.499525,5,11,['thin_low_area_failure'],thin_low_area_failure,Low_Dice (<25%)
20160326_142521_1281_361,0.40958904074521485,0.25753660609653684,0.9872059389714983,0.2583990490889067,2392,31,6865,221112,9257,2423,0.012794056954189021,0.7416009506319542,1,5,9257.0,1801,0.19455547153505456,0.09727773576752728,5.0,0.9999962981345116,0.375,0.625,0.1796875,0.49931250000000005,6,10,"['missed_crack_high_fn', 'fragmented_prediction']",missed_crack_high_fn,Low_Dice (<25%)
20160326_142521_1281_721,0.6731593295825259,0.5073399878304337,0.8818897624935991,0.5443254427645348,6048,810,5063,218479,11111,6858,0.11811023622047244,0.45567455674556745,1,2,11111.0,1846,0.16614166141661416,0.08307083070830708,2.0,0.9999926925077013,0.4375,0.5625,0.171875,0.4991375,7,9,['moderate_general_error'],moderate_general_error,Low_Dice (<25%)
20160326_142521_641_1,0.0,0.0,0.0,0.0,0,640,1355,228405,1355,640,1.0,1.0,1,2,1355.0,291,0.21476014760147602,0.10738007380073801,2.0,0.9999951009853077,0.4375,0.5625,0.1640625,0.4989,7,9,"['missed_crack_high_fn', 'false_crack_high_fp', 'thin_low_area_failure']",missed_crack_high_fn,Low_Dice (<25%)
20160326_142521_641_1081,0.0,0.0,0.0,0.0,0,1108,2487,226805,2487,1108,1.0,1.0,2,3,1243.5,797,0.32046642541214315,0.16023321270607158,1.5,0.9999930901625635,0.4375,0.5625,0.1875,0.49912500000000004,7,9,"['missed_crack_high_fn', 'false_crack_high_fp', 'thin_low_area_failure']",missed_crack_high_fn,Low_Dice (<25%)
20160326_142745_1281_1081,0.7940465579518553,0.6584388171762895,0.9308082286584901,0.6923247544535831,3121,232,1387,225660,4508,3353,0.06919176856546376,0.3076752440106477,2,1,2254.0,1217,0.2699645075421473,0.13498225377107365,0.5,0.9999951757239717,0.4375,0.5625,0.1484375,0.500125,7,9,['boundary_margin_error'],boundary_margin_error,Medium_Dice (25-75%)
20160326_142745_1281_361,0.09566202646838619,0.05023374411369848,0.9999999830795265,0.05023374411369848,591,0,11174,218635,11765,591,0.0,0.9497662558436039,1,2,11765.0,1303,0.11075223119422015,0.05537611559711007,2.0,0.9999959110317842,0.4375,0.5625,0.1484375,0.499775,7,9,['missed_crack_high_fn'],missed_crack_high_fn,Low_Dice (<25%)
20160326_142745_1281_721,0.7411056374187496,0.5886956518727899,0.8993514097840498,0.6302157482038026,11509,1288,6753,210850,18262,12797,0.10064858951316714,0.36978425145110067,1,1,18262.0,3193,0.17484393823239514,0.08742196911619757,1.0,0.9999952028462454,0.3125,0.6875,0.171875,0.49845,5,11,['boundary_margin_error'],boundary_margin_error,Medium_Dice (25-75%)
20160326_142745_1921_1081,0.5921808406594582,0.42063700918578967,0.7061422874367161,0.5098915116306773,3196,1330,3072,222802,6268,4526,0.2938577110030932,0.4901084875558392,2,2,3134.0,2013,0.3211550733886407,0.16057753669432034,1.0,0.9999908401756102,0.375,0.625,0.15625,0.49953749999999997,6,10,['moderate_general_error'],moderate_general_error,Low_Dice (<25%)
20160326_142745_1_1,0.5263787311869838,0.3572008237984888,0.9404996697230447,0.3654595386309896,5722,362,9935,214381,15657,6084,0.059500328731097965,0.6345404611355943,1,1,15657.0,3472,0.2217538481190522,0.1108769240595261,1.0,0.9999955332569774,0.3125,0.6875,0.15625,0.49892500000000006,5,11,['moderate_general_error'],moderate_general_error,Low_Dice (<25%)
20160326_142745_641_361,0.6082295441878514,0.43701857705617647,0.8731667564066932,0.466640862902588,9645,1401,11024,208330,20669,11046,0.12683324280282454,0.5333591368716435,1,3,20669.0,4010,0.19401035366974698,0.09700517683487349,3.0,0.9999960145127852,0.5,0.5,0.1484375,0.4992375,8,8,['moderate_general_error'],moderate_general_error,Low_Dice (<25%)
20160328_151020_1281_361,0.600493147370694,0.4290748174919795,0.4452948928667369,0.9217498451529357,10472,13045,889,205994,11361,23517,0.554705106943913,0.07825015403573629,6,1,1893.5,3906,0.3438077634011091,0.17190388170055454,0.16666666666666666,0.9999923733467957,0.375,0.625,0.15625,0.49829999999999997,6,10,"['over_segmentation', 'complex_topology']",over_segmentation,Low_Dice (<25%)
20160328_151020_1921_361,0.5378007882162144,0.3678026796089797,0.3798620344166132,0.9205438057194927,9141,14923,789,205547,9930,24064,0.6201379654255319,0.07945619335347431,1,2,9930.0,4010,0.4038267875125881,0.20191339375629405,2.0,0.9999897818457408,0.3125,0.6875,0.1875,0.4977625,5,11,['over_segmentation'],over_segmentation,Low_Dice (<25%)
20160328_151020_1_1,0.6706620600553098,0.5045083269670421,0.5128500052072715,0.9687669738126243,14268,13553,460,202119,14728,27821,0.48714999460838937,0.031233025529603477,1,1,14728.0,4702,0.3192558392178164,0.1596279196089082,1.0,0.9999881245307958,0.4375,0.5625,0.1640625,0.4979625,7,9,['moderate_general_error'],moderate_general_error,Low_Dice (<25%)
20160328_151020_1_361,0.37349815933502456,0.22963279228895578,0.23085508221938952,0.9774627372684015,2689,8959,62,218690,2751,11648,0.7691449175824175,0.022537259178480554,1,3,2751.0,1264,0.45946928389676484,0.22973464194838242,3.0,0.9999865151557908,0.5,0.5,0.171875,0.498475,8,8,"['false_crack_high_fp', 'thin_low_area_failure', 'over_segmentation']",false_crack_high_fp,Low_Dice (<25%)
20160328_151020_641_361,0.5341402444704029,0.3643870039104966,0.3804110185643007,0.8963791567612907,6090,9919,704,213687,6794,16009,0.619588981198076,0.1036208419193406,5,3,1358.8,2741,0.4034442154842508,0.2017221077421254,0.6,0.9999899830386294,0.3125,0.6875,0.1796875,0.498325,5,11,"['thin_low_area_failure', 'over_segmentation', 'complex_topology']",thin_low_area_failure,Low_Dice (<25%)
20160328_151020_641_721,0.7220732172064255,0.565034888483954,0.6254148309748296,0.8540705332448332,10365,6208,1771,212056,12136,16573,0.3745851686478006,0.14592946605141727,1,3,12136.0,3877,0.3194627554383652,0.1597313777191826,3.0,0.9999842372248482,0.3125,0.6875,0.1796875,0.4979875,5,11,['boundary_margin_error'],boundary_margin_error,Medium_Dice (25-75%)
20160328_151057_1281_1,0.8242677816056309,0.7010676144703142,0.793592939202776,0.8574093246478564,4137,1076,688,224499,4825,5213,0.2064070592748897,0.14259067357512953,3,1,1608.3333333333333,1961,0.40642487046632125,0.20321243523316063,0.3333333333333333,0.9999958053140006,0.375,0.625,0.1484375,0.49877499999999997,6,10,['boundary_margin_error'],boundary_margin_error,Medium_Dice (25-75%)
20160328_151057_1281_1081,0.4760584403582612,0.31238628367755594,0.3692307686199657,0.6698679451684635,2232,3813,1100,223255,3332,6045,0.6307692307692307,0.33013205282112845,4,6,833.0,2058,0.6176470588235294,0.3088235294117647,1.5,0.9999912325381877,0.25,0.75,0.1796875,0.49889999999999995,4,12,['thin_low_area_failure'],thin_low_area_failure,Low_Dice (<25%)
20160328_151057_1281_361,0.8139667995633603,0.6862934353470858,0.7810734451018936,0.8497524315353382,4977,1395,880,223148,5857,6372,0.2189265536723164,0.1502475670138296,2,1,2928.5,2153,0.3675943315690627,0.18379716578453134,0.5,0.9999952836535763,0.3125,0.6875,0.1640625,0.498475,5,11,['boundary_margin_error'],boundary_margin_error,Medium_Dice (25-75%)
20160328_151057_1281_721,0.7982781371211343,0.6642786170243797,0.8379840353334758,0.7621647562475762,12703,2456,3964,211277,16667,15159,0.16201596411372782,0.23783524329513409,2,3,8333.5,5496,0.32975340493190136,0.16487670246595068,1.5,0.999993889002265,0.25,0.75,0.2109375,0.49773749999999994,4,12,['boundary_margin_error'],boundary_margin_error,Medium_Dice (25-75%)
20160328_151057_1921_721,0.8162453293142582,0.6895392681672904,0.9050898516032607,0.7432838452250938,8411,882,2905,218202,11316,9293,0.09491014742279134,0.2567161541180629,1,3,11316.0,3174,0.2804878048780488,0.1402439024390244,3.0,0.9999934757909188,0.25,0.75,0.1875,0.4979875,4,12,['boundary_margin_error'],boundary_margin_error,Medium_Dice (25-75%)
20160328_151057_641_1081,0.7369860509280828,0.5835137857896437,0.6268610412114438,0.8940499869629508,4042,2406,479,223473,4521,6448,0.3731389578163772,0.10595001105950011,2,1,2260.5,2225,0.49214775492147755,0.24607387746073878,0.5,0.9999910106020184,0.375,0.625,0.15625,0.498675,6,10,['boundary_margin_error'],boundary_margin_error,Medium_Dice (25-75%)
20160328_151057_641_721,0.791218105627517,0.6545582038505495,0.7535927648093126,0.832797999941474,4667,1526,937,223270,5604,6193,0.24640723397384143,0.16720199857244825,2,1,2802.0,1913,0.3413633119200571,0.17068165596002854,0.5,0.9999927206717624,0.3125,0.6875,0.1796875,0.49887499999999996,5,11,['boundary_margin_error'],boundary_margin_error,Medium_Dice (25-75%)
20160328_151244_1281_1081,0.8552887467798135,0.7471654920608156,0.7690891684084055,0.9632498727517638,20890,6272,797,202441,21687,27162,0.2309108313084456,0.036750126804076175,1,3,21687.0,1886,0.08696454096924425,0.043482270484622124,3.0,0.9999904848913719,0.375,0.625,0.1875,0.4983375,6,10,['high_quality'],high_quality,Medium_Dice (25-75%)
20160328_151244_1281_361,0.8668932425296094,0.7650587526853245,0.8322840687783939,0.904505631662701,21681,4369,2289,202061,23970,26050,0.16771593090211132,0.09549436795994994,1,4,23970.0,3379,0.14096787651230705,0.07048393825615352,4.0,0.9999943192799988,0.3125,0.6875,0.203125,0.4979,5,11,['high_quality'],high_quality,Medium_Dice (25-75%)
20160328_151244_1281_721,0.842126868805405,0.7273049577863251,0.8242471661258147,0.8607994697745583,38977,8311,6303,176809,45280,47288,0.17575283369988157,0.1392005300353357,6,3,7546.666666666667,6598,0.1457155477031802,0.0728577738515901,0.5,0.9999927665301989,0.1875,0.8125,0.234375,0.4975,3,13,"['complex_topology', 'boundary_margin_error']",complex_topology,Medium_Dice (25-75%)
20160328_151244_1921_1081,0.7116574813805363,0.552382205116633,0.7650382778617604,0.6652401320886985,4197,1289,2112,222802,6309,5486,0.23496172074371127,0.33475986685687115,3,3,2103.0,1675,0.26549373910286894,0.13274686955143447,1.0,0.9999940557313073,0.5625,0.4375,0.203125,0.49975,9,7,['boundary_margin_error'],boundary_margin_error,Medium_Dice (25-75%)
20160328_151244_1921_361,0.8771644050630931,0.7812046652407576,0.9188478992189032,0.839098728235135,26925,2378,5163,195934,32088,29303,0.08115210046752892,0.16090127150336575,2,1,16044.0,3054,0.09517576664173523,0.047587883320867615,0.5,0.9999939160037642,0.3125,0.6875,0.1796875,0.4981,5,11,['high_quality'],high_quality,High_Dice (>75%)
20160328_151244_1921_721,0.8883754385761519,0.7991685946901508,0.843093853903913,0.9387971342826348,40756,7585,2657,179402,43413,48341,0.1569061459216814,0.06120286550111718,4,2,10853.25,5681,0.1308594199894041,0.06542970999470205,0.5,0.9999943401993645,0.3125,0.6875,0.1875,0.4981375,5,11,['high_quality'],high_quality,High_Dice (>75%)
20160328_151244_1_1,0.8589350732075894,0.7527486412382318,0.8849682424377044,0.8343897738279147,23826,3097,4729,198748,28555,26923,0.1150317572335921,0.16561022587988092,1,1,28555.0,4036,0.1413412712309578,0.0706706356154789,1.0,0.9999929393144813,0.3125,0.6875,0.203125,0.49805,5,11,['high_quality'],high_quality,Medium_Dice (25-75%)
20160328_151244_1_1081,0.84275679752225,0.7282451914323976,0.8640901299713489,0.8224514716676375,6059,953,1308,222080,7367,7012,0.13590986879634911,0.1775485272159631,1,1,7367.0,1519,0.20618976516899687,0.10309488258449843,1.0,0.9999889586999146,0.625,0.375,0.1875,0.4995,10,6,['boundary_margin_error'],boundary_margin_error,Medium_Dice (25-75%)
20160328_151244_1_721,0.8916408666539778,0.8044692733863309,0.8663928942477352,0.9184045348661649,18144,2798,1612,207846,19756,20942,0.1336071053385541,0.08159546466896132,1,1,19756.0,2941,0.14886616724033205,0.07443308362016603,1.0,0.9999920016411835,0.4375,0.5625,0.2109375,0.49834999999999996,7,9,['high_quality'],high_quality,High_Dice (>75%)
20160328_151244_641_1,0.8938938936905327,0.8081447960476574,0.88899950183764,0.8988424756833772,19646,2453,2211,206090,21857,22099,0.11100049776007964,0.101157523905385,1,2,21857.0,3341,0.15285720821704718,0.07642860410852359,2.0,0.9999935700534696,0.375,0.625,0.15625,0.49822500000000003,6,10,['high_quality'],high_quality,High_Dice (>75%)
20160328_151244_641_361,0.8976631746006494,0.8143274849549251,0.8760813386832483,0.9203351818008172,15596,2206,1350,211248,16946,17802,0.12391866082462645,0.07966481765608403,1,1,16946.0,2183,0.12882096069868995,0.06441048034934498,1.0,0.9999932773148572,0.625,0.375,0.1875,0.4988875,10,6,['high_quality'],high_quality,High_Dice (>75%)
20160328_151244_641_721,0.8841060229169487,0.7922849670969667,0.8790927242984264,0.8891768290988611,46664,6418,5816,171502,52480,53082,0.12090727553596323,0.11082317073170732,1,1,52480.0,5253,0.1000952743902439,0.05004763719512195,1.0,0.9999938193390892,0.375,0.625,0.1796875,0.49782499999999996,6,10,['high_quality'],high_quality,High_Dice (>75%)
20160328_151752_1281_361,0.7619189154791585,0.615403082241608,0.7919060853927056,0.7341199377203047,12817,3368,4642,209573,17459,16185,0.2080939141180105,0.26588006185921303,2,1,8729.5,2428,0.13906867518185462,0.06953433759092731,0.5,0.9999943582410037,0.375,0.625,0.1875,0.49801249999999997,6,10,['boundary_margin_error'],boundary_margin_error,Medium_Dice (25-75%)
20160328_151752_1281_721,0.8082055968823263,0.6781417959071644,0.8847887779515967,0.7438236935095119,5299,690,1825,222586,7124,5989,0.11521122057104692,0.2561763054463784,1,2,7124.0,1432,0.20101066816395283,0.10050533408197641,2.0,0.999994700196619,0.5,0.5,0.1875,0.4988625,8,8,['boundary_margin_error'],boundary_margin_error,Medium_Dice (25-75%)
20160328_151752_1921_721,0.7759224900304811,0.6338834622080448,0.8912391471237889,0.6870284738026168,16938,2067,7716,203679,24654,19005,0.10876085240726124,0.312971525918715,4,1,6163.5,4532,0.18382412590249048,0.09191206295124524,0.25,0.9999944205268281,0.3125,0.6875,0.1796875,0.4980625000000001,5,11,['boundary_margin_error'],boundary_margin_error,Medium_Dice (25-75%)
20160328_151752_1_361,0.7487678841217574,0.5984244446892221,0.6426374073817487,0.8968872981059841,12534,6970,1441,209455,13975,19504,0.35736259228876127,0.10311270125223614,1,1,13975.0,2708,0.19377459749552772,0.09688729874776386,1.0,0.9999947321733368,0.3125,0.6875,0.1640625,0.4976875,5,11,['boundary_margin_error'],boundary_margin_error,Medium_Dice (25-75%)
20160328_151752_1_721,0.46598565427953564,0.3037687721627408,0.3041134743145717,0.9962825186219098,1072,2453,4,226871,1076,3525,0.6958865248226951,0.0037174721189591076,5,2,215.2,573,0.5325278810408922,0.2662639405204461,0.4,0.9999943245384939,0.5,0.5,0.171875,0.49894999999999995,8,8,"['false_crack_high_fp', 'thin_low_area_failure', 'over_segmentation', 'complex_topology']",false_crack_high_fp,Low_Dice (<25%)
20160328_151752_641_361,0.7980517045714566,0.663965087023081,0.7825847337271128,0.8141423789707872,17040,4734,3890,204736,20930,21774,0.2174152659134748,0.18585762064022934,5,2,4186.0,3827,0.18284758719541327,0.09142379359770664,0.4,0.9999963114863306,0.375,0.625,0.2265625,0.49807500000000005,6,10,"['complex_topology', 'boundary_margin_error']",complex_topology,Medium_Dice (25-75%)
20160328_152022_1281_721,0.8989090907699947,0.8163804489118917,0.8468962297440311,0.9577288311271007,29046,5251,1282,194821,30328,34297,0.1531037700090387,0.04227116855710894,1,1,30328.0,3008,0.09918227380638354,0.04959113690319177,1.0,0.9999943450306938,0.3125,0.6875,0.1796875,0.4977625,5,11,['high_quality'],high_quality,High_Dice (>75%)
20160328_152022_1921_1,0.8170001011389255,0.6906172197694075,0.7382088449823739,0.9146202809065254,8045,2853,751,218751,8796,10898,0.2617911543402459,0.08537971805366075,1,2,8796.0,850,0.09663483401546158,0.04831741700773079,2.0,0.999994802210819,0.5,0.5,0.15625,0.49865,8,8,['boundary_margin_error'],boundary_margin_error,Medium_Dice (25-75%)
20160328_152022_1921_361,0.7567468404490936,0.6086828210615199,0.6520425723938169,0.9015103681698264,18563,9906,2028,199903,20591,28469,0.3479574273771471,0.09848963139235588,3,2,6863.666666666667,3230,0.15686464960419602,0.07843232480209801,0.6666666666666666,0.999993311345583,0.3125,0.6875,0.1953125,0.49765,5,11,['boundary_margin_error'],boundary_margin_error,Medium_Dice (25-75%)
20160328_152022_1921_721,0.8679145791071647,0.7666511405320205,0.788314175615969,0.9653958934844615,9876,2652,354,217518,10230,12528,0.21168582375478928,0.03460410557184751,1,1,10230.0,1710,0.16715542521994134,0.08357771260997067,1.0,0.9999945997970786,0.375,0.625,0.1796875,0.498975,6,10,['high_quality'],high_quality,Medium_Dice (25-75%)
20160328_152022_1_1081,0.7104070140435376,0.5508769214626618,0.5916030529442391,0.8889165928326686,7130,4922,891,217457,8021,12052,0.4083969465648855,0.11108340605909488,1,1,8021.0,2299,0.28662261563396085,0.14331130781698043,1.0,0.9999946854510406,0.4375,0.5625,0.1640625,0.49838750000000004,7,9,['moderate_general_error'],moderate_general_error,Low_Dice (<25%)
20160328_152022_1_361,0.6713681231715541,0.5053078545534866,0.5210157606807887,0.9436954760361004,2380,2188,142,225690,2522,4568,0.478984238178634,0.056304520222045996,2,1,1261.0,818,0.32434575733544807,0.16217287866772404,0.5,0.999994881238695,0.4375,0.5625,0.1953125,0.4991625,7,9,['moderate_general_error'],moderate_general_error,Low_Dice (<25%)
20160328_152022_1_721,0.7589901473158928,0.6115907506087221,0.6982778147538208,0.8312651728739342,6163,2663,1251,220323,7414,8826,0.30172218445501925,0.16873482600485568,2,4,3707.0,1733,0.23374696520097113,0.11687348260048556,2.0,0.9999959949245779,0.4375,0.5625,0.1875,0.49946250000000003,7,9,['boundary_margin_error'],boundary_margin_error,Medium_Dice (25-75%)
20160328_152022_641_361,0.8317205180603245,0.7119191348626893,0.7821593826312805,0.8879873914966219,15213,4237,1919,209031,17132,19450,0.21784061696658097,0.1120126079850572,1,2,17132.0,2760,0.16110203128648143,0.08055101564324071,2.0,0.9999960933625026,0.375,0.625,0.21875,0.498075,6,10,['boundary_margin_error'],boundary_margin_error,Medium_Dice (25-75%)
20160328_152022_641_721,0.7990375735671215,0.6653310344940917,0.7151084176898651,0.905287180863898,14280,5689,1494,208937,15774,19969,0.28489158195202563,0.09471281856219095,3,2,5258.0,2652,0.1681247622670217,0.08406238113351085,0.6666666666666666,0.9999953187329612,0.3125,0.6875,0.1796875,0.4978375,5,11,['boundary_margin_error'],boundary_margin_error,Medium_Dice (25-75%)
20160328_152305_1281_361,0.8905519727591101,0.8026982345210376,0.8513658724894713,0.9335193792660345,15053,2628,1072,211647,16125,17681,0.14863412702901418,0.06648062015503876,2,3,8062.5,1636,0.10145736434108527,0.05072868217054263,1.5,0.9999933619572539,0.5,0.5,0.15625,0.498425,8,8,['high_quality'],high_quality,High_Dice (>75%)
20160328_152305_1281_721,0.8259206428857881,0.7034623663904896,0.7258275877580608,0.9580356464179622,12739,4812,558,212291,13297,17551,0.27417241182838586,0.04196435286154772,2,3,6648.5,1594,0.11987666390915244,0.05993833195457622,1.5,0.9999941321624979,0.375,0.625,0.1953125,0.498425,6,10,['boundary_margin_error'],boundary_margin_error,Medium_Dice (25-75%)
20160328_152305_1921_361,0.8037212770023161,0.671851184470053,0.7494493601957382,0.8664671189838871,19395,6484,2989,201532,22384,25879,0.2505506395146644,0.13353288062902072,3,2,7461.333333333333,2186,0.0976590421729807,0.04882952108649035,0.6666666666666666,0.9999890307668604,0.4375,0.5625,0.171875,0.49829999999999997,7,9,['boundary_margin_error'],boundary_margin_error,Medium_Dice (25-75%)
20160328_152305_1921_721,0.9272914261453886,0.8644392789863804,0.9121957195951955,0.9428951698929553,14877,1432,901,213190,15778,16309,0.08780427984548408,0.05710482950944353,1,1,15778.0,1312,0.08315375839776905,0.041576879198884524,1.0,0.9999931853989523,0.3125,0.6875,0.1875,0.4981875,5,11,['high_quality'],high_quality,High_Dice (>75%)
20160328_152305_1_361,0.773173200861232,0.6302219689071019,0.6993179230141986,0.8644702936494103,11073,4761,1736,212830,12809,15834,0.3006820765441455,0.13552970567569678,1,1,12809.0,3367,0.26286205012100866,0.13143102506050433,1.0,0.9999943361908175,0.4375,0.5625,0.1875,0.498175,7,9,['boundary_margin_error'],boundary_margin_error,Medium_Dice (25-75%)
20160328_152305_641_361,0.7572154952053205,0.6092894562846356,0.6694695985320378,0.8714321791096807,10350,5110,1527,213413,11877,15460,0.33053040103492887,0.1285678201566052,2,2,5938.5,2578,0.2170581796750021,0.10852908983750105,1.0,0.9999945461313859,0.5,0.5,0.140625,0.4986,8,8,['boundary_margin_error'],boundary_margin_error,Medium_Dice (25-75%)
20160328_152305_641_721,0.788491593467087,0.6508346035530923,0.7318241755024949,0.8546714574668011,16649,6101,2831,204819,19480,22750,0.2681758241758242,0.14532854209445586,2,3,9740.0,2953,0.15159137577002055,0.07579568788501027,1.5,0.9999935737200949,0.25,0.75,0.1953125,0.49792499999999995,4,12,['boundary_margin_error'],boundary_margin_error,Medium_Dice (25-75%)
20160328_152511_1281_361,0.6794110303571694,0.5144757725342235,0.5563639331673638,0.8723404244138164,6806,5427,996,217171,7802,12233,0.4436360663778305,0.1276595744680851,3,2,2600.6666666666665,2301,0.2949243783645219,0.14746218918226095,0.6666666666666666,0.9999930884762098,0.5625,0.4375,0.1484375,0.49829999999999997,9,7,['moderate_general_error'],moderate_general_error,Low_Dice (<25%)
20160328_152511_1281_721,0.8355912352938693,0.7176098811870011,0.751843490215435,0.9403350255216733,4996,1649,317,223438,5313,6645,0.24815650865312264,0.05966497270845097,1,1,5313.0,1252,0.23564840956145303,0.11782420478072651,1.0,0.9999920999942731,0.4375,0.5625,0.171875,0.49877499999999997,7,9,['boundary_margin_error'],boundary_margin_error,Medium_Dice (25-75%)
20160328_152511_1921_361,0.7602389746245425,0.6132141268066615,0.6609034369842798,0.8947173643309119,9671,4962,1138,214629,10809,14633,0.3390965625640675,0.10528263484133592,2,2,5404.5,1974,0.1826255897862892,0.0913127948931446,1.0,0.9999885928461854,0.3125,0.6875,0.1796875,0.498425,5,11,['boundary_margin_error'],boundary_margin_error,Medium_Dice (25-75%)
20160328_152511_1921_721,0.385605561979136,0.23885461501704736,0.7294703137949864,0.26206896518254286,2052,761,5778,221809,7830,2813,0.27052968361180235,0.7379310344827587,1,2,7830.0,1447,0.18480204342273307,0.09240102171136653,2.0,0.9999885945463267,0.3125,0.6875,0.15625,0.49895,5,11,"['missed_crack_high_fn', 'thin_low_area_failure']",missed_crack_high_fn,Low_Dice (<25%)
20160328_152511_1_361,0.6532443453269394,0.48505038242109444,0.542192404417928,0.8215051750242421,8809,7438,1914,212239,10723,16247,0.4578075952483535,0.17849482420964283,1,1,10723.0,3459,0.3225776368553576,0.1612888184276788,1.0,0.999992224559695,0.25,0.75,0.171875,0.4977875,4,12,['moderate_general_error'],moderate_general_error,Low_Dice (<25%)
20160328_152511_641_361,0.7745633185424056,0.6320712691749214,0.6376891193700059,0.9862537640078356,12771,7256,178,210195,12949,20027,0.3623108803115794,0.01374623523051973,1,1,12949.0,2798,0.21607846165727082,0.10803923082863541,1.0,0.9999924477210862,0.375,0.625,0.1640625,0.49788750000000004,6,10,['boundary_margin_error'],boundary_margin_error,Medium_Dice (25-75%)
20160328_152511_641_721,0.7816034159798858,0.6415016475185575,0.7064970435870193,0.8745781728088967,1555,646,223,227976,1778,2201,0.2935029532030895,0.12542182227221596,1,2,1778.0,514,0.2890888638920135,0.14454443194600675,2.0,0.9999922967789718,0.4375,0.5625,0.1484375,0.49954999999999994,7,9,['boundary_margin_error'],boundary_margin_error,Medium_Dice (25-75%)
20160328_152747_1281_361,0.7869415804340772,0.64872521202703,0.7637576425285812,0.8115770814179588,9618,2975,2233,215574,11851,12593,0.23624235686492495,0.18842291789722387,2,3,5925.5,3166,0.26715045143869715,0.13357522571934857,1.5,0.9999944968582506,0.4375,0.5625,0.171875,0.4983125,7,9,['boundary_margin_error'],boundary_margin_error,Medium_Dice (25-75%)
20160328_152747_1281_721,0.7021834045803856,0.5410497962952564,0.5769644758630624,0.8968209654388123,1608,1179,185,227428,1793,2787,0.42303552206673845,0.10317902955939766,1,1,1793.0,390,0.21751254880089235,0.10875627440044618,1.0,0.9999949162640935,0.375,0.625,0.1484375,0.4991375,6,10,['moderate_general_error'],moderate_general_error,Low_Dice (<25%)
20160328_152747_1921_361,0.802477315050417,0.6701144998219405,0.8201248228802845,0.7855732892755213,13929,3055,3802,209614,17731,16984,0.17987517663683467,0.214426710281428,1,1,17731.0,3321,0.18729908070610796,0.09364954035305398,1.0,0.999992906660406,0.25,0.75,0.21875,0.4984375,4,12,['boundary_margin_error'],boundary_margin_error,Medium_Dice (25-75%)
20160328_152747_1_361,0.7703557633841279,0.6264867027752996,0.6866349317564007,0.8773275934524866,9376,4279,1311,215434,10687,13655,0.3133650677407543,0.1226724057265837,1,1,10687.0,2884,0.26986057827266774,0.13493028913633387,1.0,0.999992686961634,0.5,0.5,0.1796875,0.4982875,8,8,['boundary_margin_error'],boundary_margin_error,Medium_Dice (25-75%)
20160328_152747_641_361,0.7559235499555166,0.6076182455897206,0.6681129233668212,0.8703089669402344,11549,5737,1721,211393,13270,17286,0.33188707624667363,0.1296910324039186,1,1,13270.0,3624,0.27309721175584023,0.13654860587792012,1.0,0.9999943593251763,0.5625,0.4375,0.1484375,0.49855,9,7,['boundary_margin_error'],boundary_margin_error,Medium_Dice (25-75%)
20160328_153548_1281_1081,0.701998259331024,0.5408299829931059,0.7776708298587985,0.6397466299307472,808,231,455,228906,1263,1039,0.22232916265640038,0.3602533650039588,1,3,1263.0,218,0.1726049089469517,0.08630245447347586,3.0,0.9999926248644109,0.5,0.5,0.140625,0.4997750000000001,8,8,['boundary_margin_error'],boundary_margin_error,Low_Dice (<25%)
20160328_153548_1281_361,0.8738792582361166,0.7760084916536819,0.948392675582539,0.8102216738790373,6579,358,1541,221922,8120,6937,0.05160732305030993,0.1897783251231527,1,2,8120.0,1052,0.12955665024630542,0.06477832512315271,2.0,0.9999949911834398,0.5,0.5,0.171875,0.4986999999999999,8,8,['high_quality'],high_quality,High_Dice (>75%)
20160328_153548_1281_721,0.8287885716848828,0.7076336105063136,0.828584493869219,0.8289927497610359,23555,4873,4859,197113,28414,28428,0.17141550583931336,0.17100724994720912,3,4,9471.333333333334,4591,0.161575279791652,0.080787639895826,1.3333333333333333,0.9999911765123821,0.1875,0.8125,0.1953125,0.497325,3,13,['boundary_margin_error'],boundary_margin_error,Medium_Dice (25-75%)
20160328_153548_1921_361,0.905340971759253,0.8270529437958853,0.9048393048357302,0.9058431945962698,12247,1288,1273,215592,13520,13535,0.09516069449575175,0.09415680473372781,1,1,13520.0,1494,0.11050295857988165,0.05525147928994083,1.0,0.9999930037846971,0.375,0.625,0.1796875,0.4985875,6,10,['high_quality'],high_quality,High_Dice (>75%)
20160328_153548_1921_721,0.9067091420902673,0.8293393615527057,0.8892480064160483,0.924869740083551,16508,2056,1341,210495,17849,18564,0.11075199310493428,0.07513025939828562,2,1,8924.5,2779,0.15569499691859487,0.07784749845929743,0.5,0.9999913460579362,0.25,0.75,0.2109375,0.49815,4,12,['high_quality'],high_quality,High_Dice (>75%)
20160328_153548_1_1,0.7916960594599173,0.6552126769577928,0.832820947295229,0.754441563068068,15712,3154,5114,206420,20826,18866,0.16717905226333085,0.24555843656967252,1,1,20826.0,3686,0.1769903005858062,0.0884951502929031,1.0,0.9999954703270142,0.3125,0.6875,0.171875,0.49839999999999995,5,11,['boundary_margin_error'],boundary_margin_error,Medium_Dice (25-75%)
20160328_153548_1_1081,0.7573399858490153,0.609450676150104,0.7380641237690125,0.7776496955563081,24286,8619,6944,190551,31230,32905,0.26193587600668594,0.2223503041946846,1,1,31230.0,4278,0.13698366954851104,0.06849183477425552,1.0,0.9999932375006442,0.25,0.75,0.21875,0.4979,4,12,['boundary_margin_error'],boundary_margin_error,Medium_Dice (25-75%)
20160328_153548_641_1,0.8160833946238986,0.6893081750168111,0.7883474181112257,0.845842174713791,4384,1177,799,224040,5183,5561,0.21165258047113827,0.1541578236542543,1,1,5183.0,1078,0.20798765193903146,0.10399382596951573,1.0,0.9999963901270323,0.4375,0.5625,0.1484375,0.499325,7,9,['boundary_margin_error'],boundary_margin_error,Medium_Dice (25-75%)
20160328_153548_641_1081,0.7174317780952625,0.5593712411101277,0.6697953910062597,0.7723628445926224,13487,6649,3975,206289,17462,20136,0.3302046086611045,0.227637154965067,1,1,17462.0,3550,0.2032985912266636,0.1016492956133318,1.0,0.9999941759181699,0.25,0.75,0.1953125,0.4984125,4,12,['boundary_margin_error'],boundary_margin_error,Medium_Dice (25-75%)
20160328_153548_641_361,0.6557401922332953,0.4878076309688331,0.5901393053945106,0.7377496999526213,4321,3001,1536,221542,5857,7322,0.40986069379950835,0.26225029878777534,10,3,585.7,2268,0.38722895680382446,0.19361447840191223,0.3,0.9999944644035048,0.25,0.75,0.1875,0.4983875,4,12,['complex_topology'],complex_topology,Low_Dice (<25%)
20160328_153548_641_721,0.7885803470154841,0.6509555504343163,0.8215447148905524,0.7581593092671256,12126,2634,3868,211772,15994,14760,0.17845528455284554,0.24184069025884708,2,1,7997.0,3223,0.2015130674002751,0.10075653370013755,0.5,0.9999936946227735,0.3125,0.6875,0.1640625,0.49792499999999995,5,11,['boundary_margin_error'],boundary_margin_error,Medium_Dice (25-75%)
20160328_153604_1281_1,0.6742258466452982,0.5085525652610258,0.5459621987264152,0.8812619156157707,5084,4228,685,220403,5769,9312,0.4540378006872852,0.1187380828566476,1,2,5769.0,1772,0.3071589530247877,0.15357947651239384,2.0,0.9999954319197897,0.375,0.625,0.1796875,0.4988125,6,10,['moderate_general_error'],moderate_general_error,Low_Dice (<25%)
20160328_153604_1281_361,0.8021713928009919,0.6696879570081254,0.769013931387752,0.8383169833126599,14186,4261,2736,209217,16922,18447,0.23098606819537051,0.16168301619193948,1,1,16922.0,3158,0.18662096678879564,0.09331048339439782,1.0,0.9999963318009024,0.25,0.75,0.2109375,0.4982875,4,12,['boundary_margin_error'],boundary_margin_error,Medium_Dice (25-75%)
20160328_153604_1281_721,0.7237868660659179,0.5671363558489301,0.613559522739451,0.882292732103128,10344,6515,1380,212161,11724,16859,0.3864404768966131,0.11770726714431934,1,4,11724.0,2934,0.2502558853633572,0.1251279426816786,4.0,0.9999961227515618,0.4375,0.5625,0.1640625,0.4987625,7,9,['boundary_margin_error'],boundary_margin_error,Medium_Dice (25-75%)
20160328_153604_1921_361,0.7256272193356905,0.5693994962427188,0.6771434675524599,0.7815893379552572,9501,4530,2655,213714,12156,14031,0.3228565319649348,0.2184106614017769,2,2,6078.0,3155,0.25954261270154655,0.12977130635077327,1.0,0.9999945314753476,0.375,0.625,0.15625,0.49922500000000003,6,10,['boundary_margin_error'],boundary_margin_error,Medium_Dice (25-75%)
20160328_153604_1921_721,0.8007851586479928,0.6677578787677272,0.7030479146428006,0.9300849343494995,10403,4394,782,214821,11185,14797,0.2969520848820707,0.06991506481895396,1,1,11185.0,2448,0.218864550737595,0.1094322753687975,1.0,0.9999943257288428,0.375,0.625,0.1796875,0.498725,6,10,['boundary_margin_error'],boundary_margin_error,Medium_Dice (25-75%)
20160328_153604_1_1,0.8298500501787546,0.7091826567232039,0.7673132178395738,0.9034850271498182,10681,3239,1141,215339,11822,13920,0.2326867816091954,0.09651497208594147,1,1,11822.0,2152,0.18203349687024192,0.09101674843512096,1.0,0.9999937009096204,0.375,0.625,0.171875,0.498325,6,10,['boundary_margin_error'],boundary_margin_error,Medium_Dice (25-75%)
20160328_153604_1_361,0.7761020457258778,0.6341231660822358,0.7008861170325658,0.8694023767550868,10678,4557,1604,213561,12282,15235,0.2991138825073843,0.13059762253704607,1,2,12282.0,2675,0.21779840416870216,0.10889920208435108,2.0,0.9999930104611072,0.3125,0.6875,0.1640625,0.498625,5,11,['boundary_margin_error'],boundary_margin_error,Medium_Dice (25-75%)
20160328_153604_641_1,0.7834863219694541,0.6440423450378839,0.6897161689396831,0.9067653267370346,8578,3859,882,217081,9460,12437,0.310283830505749,0.09323467230443974,1,2,9460.0,1886,0.19936575052854122,0.09968287526427061,2.0,0.9999953389238103,0.4375,0.5625,0.203125,0.4983125,7,9,['boundary_margin_error'],boundary_margin_error,Medium_Dice (25-75%)
20160328_153604_641_1081,0.8526863082716349,0.743202416583306,0.8574549990336827,0.8479703653609248,16482,2740,2955,208223,19437,19222,0.14254500052023722,0.15202963420280907,1,1,19437.0,2413,0.1241446725317693,0.06207233626588465,1.0,0.9999945834619693,0.375,0.625,0.1640625,0.49801249999999997,6,10,['high_quality'],high_quality,Medium_Dice (25-75%)
20160328_153604_641_361,0.7711240937003342,0.6275036313652755,0.6876507473769171,0.8776628488624166,14255,6475,1987,207683,16242,20730,0.3123492522913652,0.12233715059721709,3,1,5414.0,4470,0.27521241226449944,0.13760620613224972,0.3333333333333333,0.9999926247314259,0.3125,0.6875,0.1796875,0.4977625,5,11,['boundary_margin_error'],boundary_margin_error,Medium_Dice (25-75%)
20160328_153604_641_721,0.7824889693079798,0.6426955892656032,0.7254003244805057,0.8493308872703411,12503,4733,2218,210946,14721,17236,0.27459967509863076,0.150669112152707,2,2,7360.5,3390,0.23028326879967392,0.11514163439983696,1.0,0.9999946412013583,0.375,0.625,0.1875,0.49793750000000003,6,10,['boundary_margin_error'],boundary_margin_error,Medium_Dice (25-75%)
20160328_153620_1281_1081,0.8703470583162254,0.7704552665697062,0.9222560940462801,0.8239700346477016,2420,204,517,227259,2937,2624,0.07774390243902439,0.1760299625468165,1,1,2937.0,555,0.18896833503575078,0.09448416751787539,1.0,0.9999948513511712,0.375,0.625,0.1484375,0.4995375,6,10,['high_quality'],high_quality,High_Dice (>75%)
20160328_153620_1281_361,0.7949899319937898,0.6597371699218804,0.8194610565868192,0.7719379637743156,34941,7698,10323,177438,45264,42639,0.18053894322099487,0.22806203605514316,2,1,22632.0,7174,0.1584924001413927,0.07924620007069635,0.5,0.9999931028291176,0.25,0.75,0.1875,0.4972625,4,12,['boundary_margin_error'],boundary_margin_error,Medium_Dice (25-75%)
20160328_153620_1281_721,0.8427027133746409,0.7281644250907513,0.7520942218256984,0.958133807197458,21009,6925,918,201548,21927,27934,0.24790577790506194,0.041866192365576683,12,2,1827.25,5996,0.2734528207233092,0.1367264103616546,0.16666666666666666,0.999994527019747,0.25,0.75,0.1796875,0.49775,4,12,"['complex_topology', 'boundary_margin_error']",complex_topology,Medium_Dice (25-75%)
20160328_153620_1921_1081,0.8986317205152092,0.8159230089099536,0.8996720037626162,0.8975938393670897,9326,1040,1064,218970,10390,10366,0.10032799536947713,0.10240615976900866,1,3,10390.0,1998,0.1923002887391723,0.09615014436958615,3.0,0.9999937343910241,0.375,0.625,0.1484375,0.4993375,6,10,['high_quality'],high_quality,High_Dice (>75%)
20160328_153620_1921_361,0.8965268520742411,0.8124591466131073,0.8468009476164688,0.9524571044636159,28588,5172,1427,195213,30015,33760,0.15319905213270144,0.047542895219057135,2,2,15007.5,4710,0.15692153923038482,0.07846076961519241,1.0,0.9999945484713149,0.375,0.625,0.140625,0.49835000000000007,6,10,['high_quality'],high_quality,High_Dice (>75%)
20160328_153620_1_361,0.9127335186415654,0.8394754499386322,0.8727616276532669,0.9565425172980716,30023,4377,1364,194636,31387,34400,0.12723837209302324,0.0434574823971708,2,1,15693.5,3918,0.1248287507566827,0.06241437537834135,0.5,0.9999933023330024,0.4375,0.5625,0.203125,0.49741250000000004,7,9,['high_quality'],high_quality,High_Dice (>75%)
20160328_153620_1_721,0.9527123193478473,0.9096949548328376,0.9203972484027544,0.987379116558959,6024,521,77,223778,6101,6545,0.07960275019098549,0.012620881822652025,1,2,6101.0,709,0.11621045730208163,0.05810522865104081,2.0,0.9999945963775738,0.4375,0.5625,0.140625,0.498925,7,9,['high_quality'],high_quality,High_Dice (>75%)
20160328_153620_641_361,0.8672979792504432,0.7656894429097209,0.7904487908050072,0.9606992993556653,6869,1821,281,221429,7150,8690,0.2095512082853855,0.0393006993006993,4,2,1787.5,1854,0.2593006993006993,0.12965034965034966,0.5,0.9999945073488635,0.4375,0.5625,0.171875,0.49863750000000007,7,9,['high_quality'],high_quality,Medium_Dice (25-75%)
20160328_153620_641_721,0.8737028958894656,0.7757303936064465,0.8428149277201481,0.9069409929438274,43067,8032,4419,174882,47486,51099,0.1571850721149142,0.09305900686518132,3,1,15828.666666666666,8363,0.17611506549298742,0.08805753274649371,0.3333333333333333,0.9999891458470029,0.375,0.625,0.171875,0.49687499999999996,6,10,['high_quality'],high_quality,High_Dice (>75%)
20160328_153629_1281_361,0.9624150772724003,0.9275530669262297,0.9313891824693646,0.9955792326053284,8783,647,39,220931,8822,9430,0.06861081654294804,0.0044207662661528,1,1,8822.0,698,0.07912038086601678,0.03956019043300839,1.0,0.9999965592810273,0.5,0.5,0.140625,0.4994,8,8,['high_quality'],high_quality,High_Dice (>75%)
20160328_153629_1281_721,0.9080134622642494,0.8315244106827802,0.8907072831197005,0.9260054744468286,21988,2698,1757,203957,23745,24686,0.10929271651948473,0.07399452516319226,1,1,23745.0,3705,0.1560328490208465,0.07801642451042325,1.0,0.9999921531086198,0.1875,0.8125,0.2265625,0.49765,3,13,['high_quality'],high_quality,High_Dice (>75%)
20160328_153629_1921_361,0.9213635359753373,0.8541928320664214,0.9089355086530115,0.9341361353901249,29245,2930,2062,196163,31307,32175,0.09106449106449106,0.06586386431149584,1,1,31307.0,3988,0.1273836522183537,0.06369182610917686,1.0,0.9999951396581592,0.375,0.625,0.15625,0.4978625,6,10,['high_quality'],high_quality,High_Dice (>75%)
20160328_153629_1_361,0.9151450950693912,0.843564508866674,0.8644670315819287,0.9721350308048163,32829,5147,941,191483,33770,37976,0.13553296819043606,0.027864968907314182,3,1,11256.666666666666,4891,0.14483269173822919,0.07241634586911459,0.3333333333333333,0.999992749146285,0.375,0.625,0.203125,0.4978625,6,10,['high_quality'],high_quality,High_Dice (>75%)
20160328_153629_641_361,0.8677372532104793,0.766374461820729,0.827484596100112,0.912106298314856,9267,1932,893,218308,10160,11199,0.1725154031609965,0.08789370078740158,2,1,5080.0,1951,0.19202755905511812,0.09601377952755906,0.5,0.999996073357636,0.4375,0.5625,0.140625,0.49888750000000004,7,9,['high_quality'],high_quality,Medium_Dice (25-75%)
20160328_153629_641_721,0.936215426347874,0.8800799048379799,0.8967337719375589,0.9793338192562488,28196,3247,595,198362,28791,31443,0.10326622777724771,0.020666180403598345,6,1,4798.5,3676,0.12767878851029835,0.06383939425514917,0.16666666666666666,0.9999905749956401,0.375,0.625,0.1875,0.49753749999999997,6,10,"['complex_topology', 'high_quality']",complex_topology,High_Dice (>75%)
20160328_153829_1281_361,0.8754888813169782,0.7785506668376143,0.7992400089772665,0.9678206352590035,31339,7872,1042,190147,32381,39211,0.20075999081890286,0.032179364442111114,7,1,4625.857142857143,7820,0.24149964485346345,0.12074982242673173,0.14285714285714285,0.9999960884176871,0.375,0.625,0.171875,0.4978250000000001,6,10,"['complex_topology', 'high_quality']",complex_topology,High_Dice (>75%)
20160328_153829_1281_721,0.8048662963082795,0.6734529315189419,0.7518001783262823,0.8659927401088835,3341,1103,517,225439,3858,4444,0.2481998199819982,0.13400725764644894,3,1,1286.0,1468,0.3805080352514256,0.1902540176257128,0.3333333333333333,0.9999941911811316,0.5,0.5,0.15625,0.49985,8,8,['boundary_margin_error'],boundary_margin_error,Medium_Dice (25-75%)
20160328_153829_1921_1,0.8210672268949308,0.6964495733988351,0.7196733761034283,0.9557169511495854,18949,7381,878,203192,19827,26330,0.28032662362324345,0.04428304836838654,14,1,1416.2142857142858,6747,0.3402935391133303,0.17014676955666516,0.07142857142857142,0.9999914808165375,0.125,0.875,0.234375,0.4974875,2,14,"['complex_topology', 'boundary_margin_error']",complex_topology,Medium_Dice (25-75%)
20160328_153829_1921_361,0.8327225430515162,0.7133886961446452,0.7375916214919548,0.9560260560368457,3522,1253,162,225463,3684,4775,0.2624083769633508,0.043973941368078175,2,2,1842.0,976,0.26492942453854507,0.13246471226927253,1.0,0.9999944477248628,0.5,0.5,0.15625,0.49995,8,8,['boundary_margin_error'],boundary_margin_error,Medium_Dice (25-75%)
20160328_153829_1_1,0.8276363999328322,0.7059553878041035,0.7275735777577665,0.9596112431126048,16489,6174,694,207043,17183,22663,0.27242642192119315,0.040388756328929756,4,1,4295.75,5674,0.33021009136937673,0.16510504568468837,0.25,0.9999953616794846,0.375,0.625,0.171875,0.49833750000000004,6,10,['boundary_margin_error'],boundary_margin_error,Medium_Dice (25-75%)
20160328_153829_1_721,0.8650086441913761,0.7621279578601735,0.8650086436161609,0.8650086436161609,6504,1015,1015,221866,7519,7519,0.1349913552334087,0.1349913552334087,1,1,7519.0,1642,0.2183801037371991,0.10919005186859955,1.0,0.9999939093833078,0.5,0.5,0.1875,0.499025,8,8,['high_quality'],high_quality,Medium_Dice (25-75%)
20160328_153829_641_1,0.8644137523172454,0.7612048438250674,0.8422861064927923,0.8877353929938826,14708,2754,1860,211078,16568,17462,0.15771389302485397,0.1122646064703042,5,2,3313.6,3613,0.21807098020280058,0.10903549010140029,0.4,0.9999957641442664,0.25,0.75,0.171875,0.4984875,4,12,"['complex_topology', 'high_quality']",complex_topology,Medium_Dice (25-75%)
20160328_153829_641_1081,0.7506043771639305,0.6007739769890451,0.6203023751400623,0.9502067808929582,5744,3516,301,220839,6045,9260,0.3796976241900648,0.04979321753515302,2,2,3022.5,1958,0.323904052936311,0.1619520264681555,1.0,0.9999956807850606,0.375,0.625,0.1640625,0.49867500000000003,6,10,['boundary_margin_error'],boundary_margin_error,Medium_Dice (25-75%)
20160328_153829_641_361,0.8510202848064646,0.7406747687126207,0.7526618390623278,0.9789502825384985,7069,2323,152,220856,7221,9392,0.2473381601362862,0.02104971610580252,2,1,3610.5,2066,0.2861099570696579,0.14305497853482896,0.5,0.9999958319976188,0.5,0.5,0.140625,0.4994125,8,8,['high_quality'],high_quality,Medium_Dice (25-75%)
20160328_153829_641_721,0.7871304334136863,0.6489819310324578,0.6644157349840993,0.9654436818880389,2263,1143,81,226913,2344,3406,0.3355842630651791,0.03455631399317406,2,2,1172.0,1120,0.4778156996587031,0.23890784982935154,1.0,0.9999925710740043,0.4375,0.5625,0.1484375,0.49983750000000005,7,9,['boundary_margin_error'],boundary_margin_error,Medium_Dice (25-75%)
20160329_103807_1081_1,0.2073948146889188,0.11569464173614358,0.16897506866698384,0.26842684120777316,488,2400,1330,226182,1818,2888,0.8310249307479224,0.7315731573157316,1,4,1818.0,702,0.38613861386138615,0.19306930693069307,4.0,0.9999824922215141,0.375,0.625,0.1640625,0.4993375,6,10,"['missed_crack_high_fn', 'false_crack_high_fp', 'thin_low_area_failure', 'fragmented_prediction']",missed_crack_high_fn,Low_Dice (<25%)
20160329_103807_361_1,0.7895516170492916,0.6522802856943002,0.8517021059939592,0.7358547521408251,17063,2971,6125,204241,23188,20034,0.14829789358091244,0.264145247541832,2,1,11594.0,1985,0.08560462308090391,0.04280231154045196,0.5,0.999982238404426,0.4375,0.5625,0.1640625,0.4981,7,9,['boundary_margin_error'],boundary_margin_error,Medium_Dice (25-75%)
20160329_103807_361_1281,0.7295220126603179,0.5742106671111247,0.7467629085551768,0.7130592500867414,23588,7999,9492,189321,33080,31587,0.25323709120840854,0.28694074969770256,4,2,8270.0,5043,0.1524486094316808,0.0762243047158404,0.5,0.999984599672135,0.3125,0.6875,0.15625,0.4980625,5,11,['boundary_margin_error'],boundary_margin_error,Medium_Dice (25-75%)
20160329_103807_361_1921,0.6491929565940585,0.48059636627091856,0.8465843853585034,0.5264457399671448,17697,3207,15919,193577,33616,20904,0.15341561423650976,0.4735542598762494,6,2,5602.666666666667,5092,0.15147548786292242,0.07573774393146121,0.3333333333333333,0.9999885173139736,0.3125,0.6875,0.1640625,0.49793750000000003,5,11,['complex_topology'],complex_topology,Low_Dice (<25%)
20160329_103807_361_641,0.8272055017276914,0.7053286001480067,0.9139284895138805,0.7555144740230422,35964,3387,11638,179411,47602,39351,0.08607151025386903,0.24448552581824293,3,1,15867.333333333334,4507,0.09468089576068232,0.04734044788034116,0.3333333333333333,0.9999839995997509,0.375,0.625,0.1796875,0.4978875,6,10,['boundary_margin_error'],boundary_margin_error,Medium_Dice (25-75%)
20160329_103807_721_1,0.6686484245830636,0.5022327963022574,0.6913039093655261,0.6474307551326236,13721,6127,7472,203080,21193,19848,0.30869609028617495,0.35256924456188365,1,2,21193.0,3008,0.14193365733968763,0.07096682866984381,2.0,0.9999834870743075,0.4375,0.5625,0.171875,0.498425,7,9,['boundary_margin_error'],boundary_margin_error,Low_Dice (<25%)
20160329_103807_721_1281,0.6774766755275952,0.5122606633783652,0.6317315632488336,0.7303639811764177,1525,889,563,227423,2088,2414,0.36826843413421706,0.2696360153256705,2,1,1044.0,664,0.31800766283524906,0.15900383141762453,0.5,0.9999892542195509,0.4375,0.5625,0.1875,0.499375,7,9,['boundary_margin_error'],boundary_margin_error,Low_Dice (<25%)
20160330_165956_1281_721,0.6603734001151808,0.4929533350352699,0.5271265903155337,0.8837731599048665,6296,5648,828,217628,7124,11944,0.47287340924313465,0.11622683885457608,5,1,1424.8,3495,0.49059517125210556,0.24529758562605278,0.2,0.9999943816401549,0.5,0.5,0.1875,0.498375,8,8,['complex_topology'],complex_topology,Low_Dice (<25%)
20160330_165956_1921_721,0.7275791045824258,0.5718069447009938,0.6027298101512462,0.917663726515013,5829,3842,523,220206,6352,9671,0.3972701892255196,0.08233627204030226,2,1,3176.0,3591,0.5653337531486146,0.2826668765743073,0.5,0.9999928315720639,0.375,0.625,0.1796875,0.4985875,6,10,['boundary_margin_error'],boundary_margin_error,Medium_Dice (25-75%)
20160330_165956_1_1081,0.8218038290992566,0.6975101849728291,0.7765346227431362,0.8726778422375647,7704,2217,1124,219355,8828,9921,0.22346537647414574,0.1273221567739012,1,1,8828.0,3489,0.3952197553239692,0.1976098776619846,1.0,0.9999930008257352,0.4375,0.5625,0.1953125,0.4990375,7,9,['boundary_margin_error'],boundary_margin_error,Medium_Dice (25-75%)
20160330_165956_1_721,0.6919691964439156,0.5290159792588142,0.5471349347100849,0.9410884590591202,5032,4165,315,220888,5347,9197,0.45286506469500926,0.05891153918084908,5,3,1069.4,4121,0.7707125490929493,0.38535627454647464,0.6,0.999993136571208,0.4375,0.5625,0.140625,0.4992,7,9,['complex_topology'],complex_topology,Low_Dice (<25%)
20160330_165956_641_721,0.7961583889907256,0.661348122302604,0.6850804307185077,0.9502267979033631,7751,3563,406,218680,8157,11314,0.31491956867597665,0.04977320093171509,2,1,4078.5,4056,0.49724163295329166,0.24862081647664583,0.5,0.9999968337448141,0.4375,0.5625,0.1875,0.49866249999999995,7,9,['boundary_margin_error'],boundary_margin_error,Medium_Dice (25-75%)
20160330_170359_1281_721,0.8126076618577498,0.6843632350947502,0.93607530554099,0.7179151781662435,28540,1949,11214,188697,39754,30489,0.06392469415198924,0.28208482165316695,1,1,39754.0,3228,0.08119937616340495,0.04059968808170247,1.0,0.999979060446617,0.25,0.75,0.1875,0.4981875,4,12,['boundary_margin_error'],boundary_margin_error,Medium_Dice (25-75%)
20160330_170359_1921_361,0.8628767845418094,0.7588243497377927,0.8453090188855054,0.8811902571252416,16317,2986,2200,208897,18517,19303,0.15469098067657877,0.1188097423988767,1,1,18517.0,1564,0.08446292595992871,0.04223146297996436,1.0,0.999981057668158,0.375,0.625,0.15625,0.4982125,6,10,['high_quality'],high_quality,Medium_Dice (25-75%)
20160330_170359_1921_721,0.8868378990867708,0.7966835183835456,0.9416770241219634,0.8380344603964968,19698,1220,3807,205675,23505,20918,0.05832297542786117,0.16196553924696874,2,2,11752.5,1744,0.07419697936609232,0.03709848968304616,1.0,0.9999798973897556,0.25,0.75,0.171875,0.498325,4,12,['high_quality'],high_quality,High_Dice (>75%)
20160330_170359_1_721,0.8537134897035881,0.7447644912813559,0.8311177281635866,0.877572218388711,31260,6352,4361,188427,35621,37612,0.1688822716154419,0.12242778136492519,1,1,35621.0,3446,0.09674068667359143,0.04837034333679571,1.0,0.9999772242908265,0.3125,0.6875,0.1875,0.49796250000000003,5,11,['high_quality'],high_quality,Medium_Dice (25-75%)
20160330_170359_641_721,0.8654721183566899,0.7628478174578613,0.8552468367479389,0.8759448641059694,27580,4668,3906,194246,31486,32248,0.1447531629868519,0.12405513561582926,1,1,31486.0,3540,0.11243092167947659,0.056215460839738295,1.0,0.9999768568032372,0.25,0.75,0.1875,0.4982375,4,12,['high_quality'],high_quality,Medium_Dice (25-75%)
20160330_172309_1281_361,0.8652899502549586,0.7625648071499684,0.8015793562433774,0.9400026073561986,7207,1784,460,220949,7667,8991,0.19842064286508732,0.059997391417764445,1,1,7667.0,2848,0.37146211034302856,0.18573105517151428,1.0,0.9999951412478921,0.375,0.625,0.15625,0.49820000000000003,6,10,['high_quality'],high_quality,Medium_Dice (25-75%)
20160330_172309_1281_721,0.8515741114627121,0.7415142064999369,0.7626682799084349,0.9639429507268983,25210,7845,943,196402,26153,33055,0.237331719860838,0.03605704890452338,4,2,6538.25,4491,0.1717202615378733,0.08586013076893664,0.5,0.9999952204181333,0.375,0.625,0.2265625,0.497975,6,10,['high_quality'],high_quality,Medium_Dice (25-75%)
20160330_172309_1921_361,0.8879866250035864,0.7985395184715746,0.8058957403241055,0.9886983107374696,14872,3582,170,211776,15042,18454,0.19410425923918934,0.011301688605238665,1,1,15042.0,1696,0.1127509639675575,0.05637548198377875,1.0,0.9999946226373175,0.3125,0.6875,0.2109375,0.49841250000000004,5,11,['high_quality'],high_quality,High_Dice (>75%)
20160330_172309_1921_721,0.862132214160624,0.7576734528297163,0.8049169556137201,0.9281038674989971,17156,4158,1329,207757,18485,21314,0.19508304400863283,0.07189613199891805,1,1,18485.0,2827,0.15293481200973763,0.07646740600486882,1.0,0.999992893451799,0.3125,0.6875,0.21875,0.4980375,5,11,['high_quality'],high_quality,Medium_Dice (25-75%)
20160330_172309_1_721,0.8912537584282249,0.803839260067994,0.9028925615051427,0.879911197852284,17043,1833,2326,209198,19369,18876,0.09710743801652892,0.12008880169342764,1,1,19369.0,3466,0.17894573803500438,0.08947286901750219,1.0,0.9999944753003653,0.375,0.625,0.1796875,0.4982625,6,10,['high_quality'],high_quality,High_Dice (>75%)
20160330_172309_641_361,0.7814899340496163,0.6413487716575313,0.6426621138475695,0.9968237109749936,1883,1047,6,227464,1889,2930,0.35733788395904437,0.0031762837480148226,1,1,1889.0,624,0.33033350979354154,0.16516675489677077,1.0,0.9999936626630289,0.5625,0.4375,0.1484375,0.49946250000000003,9,7,['boundary_margin_error'],boundary_margin_error,Medium_Dice (25-75%)
20160330_172309_641_721,0.8492974707588442,0.7380686573435477,0.843567577644082,0.855105735997185,26445,4904,4481,194570,30926,31349,0.15643242208682892,0.14489426372631442,3,3,10308.666666666666,6929,0.2240509603569812,0.1120254801784906,1.0,0.999995414393129,0.25,0.75,0.234375,0.4968,4,12,['boundary_margin_error'],boundary_margin_error,Medium_Dice (25-75%)
20160402_150314_1281_1081,0.8210282164263081,0.6963934403396936,0.720977594294034,0.9533213601736025,2124,822,104,227350,2228,2946,0.2790224032586558,0.0466786355475763,1,1,2228.0,838,0.3761220825852783,0.18806104129263915,1.0,0.9999959610732148,0.375,0.625,0.1796875,0.4990875,6,10,['boundary_margin_error'],boundary_margin_error,Medium_Dice (25-75%)
20160402_150314_1281_361,0.8362412950189803,0.7185693146180324,0.7332601526711578,0.9728745658604141,5344,1944,149,222963,5493,7288,0.2667398463227223,0.02712543236846896,1,1,5493.0,1826,0.3324230839249954,0.1662115419624977,1.0,0.9999942536521366,0.5625,0.4375,0.171875,0.49875,9,7,['boundary_margin_error'],boundary_margin_error,Medium_Dice (25-75%)
20160402_150314_1281_721,0.8374068493619804,0.7202922612286335,0.7973529405901817,0.881697698283033,10844,2756,1455,215345,12299,13600,0.2026470588235294,0.11830230100008131,3,2,4099.666666666667,3719,0.30238230750467515,0.15119115375233758,0.6666666666666666,0.999996015793104,0.4375,0.5625,0.1875,0.49824999999999997,7,9,['boundary_margin_error'],boundary_margin_error,Medium_Dice (25-75%)
20160402_150314_1921_1,0.8473442070508183,0.7351233666060931,0.7871017864222553,0.9175724628446332,9117,2466,819,217998,9936,11583,0.2128982128982129,0.08242753623188406,2,1,4968.0,2878,0.2896537842190016,0.1448268921095008,0.5,0.9999918698691722,0.3125,0.6875,0.1640625,0.49822500000000003,5,11,['boundary_margin_error'],boundary_margin_error,Medium_Dice (25-75%)
20160402_150314_1921_361,0.8359707838770987,0.7181699327629544,0.7303908515543981,0.9772322981955449,2747,1014,64,226575,2811,3761,0.26960914650358947,0.022767698327997153,1,1,2811.0,1008,0.35859124866595515,0.17929562433297758,1.0,0.9999917398836264,0.4375,0.5625,0.171875,0.4991,7,9,['boundary_margin_error'],boundary_margin_error,Medium_Dice (25-75%)
20160402_150314_1_361,0.8951275790229863,0.8101637456308713,0.8946189836582156,0.8956367526950288,26767,3153,3119,197361,29886,29920,0.10538101604278075,0.10436324700528675,1,1,29886.0,5157,0.172555711704477,0.0862778558522385,1.0,0.9999943820502672,0.4375,0.5625,0.171875,0.497625,7,9,['high_quality'],high_quality,High_Dice (>75%)
20160402_150314_1_721,0.7907678378886872,0.6539421152245991,0.7369259599466486,0.8530975362340267,7863,2807,1354,218376,9217,10670,0.26307403936269913,0.1469024628404036,2,2,4608.5,3065,0.3325377020722578,0.1662688510361289,1.0,0.9999947753005765,0.375,0.625,0.1875,0.49852500000000005,6,10,['boundary_margin_error'],boundary_margin_error,Medium_Dice (25-75%)
20160402_150314_641_361,0.8743210333556091,0.7767054899870156,0.9091145145298436,0.8420926027154629,7002,700,1313,221385,8315,7702,0.09088548428979486,0.15790739627179795,1,1,8315.0,1802,0.21671677690920024,0.10835838845460012,1.0,0.9999966687288235,0.4375,0.5625,0.1640625,0.498775,7,9,['high_quality'],high_quality,High_Dice (>75%)
20160402_150314_641_721,0.842261609893601,0.7275059867507677,0.8493768969286719,0.8352645426626087,21265,3771,4194,201170,25459,25036,0.15062310273206583,0.16473545700930908,1,1,25459.0,7162,0.28131505557955927,0.14065752778977963,1.0,0.9999930367088876,0.25,0.75,0.1875,0.497375,4,12,['boundary_margin_error'],boundary_margin_error,Medium_Dice (25-75%)
20160402_151049_1281_721,0.9357531265720835,0.8792632141432022,0.9006620781146043,0.9736894217405466,34417,3796,930,191257,35347,38213,0.09933792164970036,0.026310577983987327,2,1,17673.5,3596,0.10173423487141765,0.05086711743570883,0.5,0.9999934955812262,0.5,0.5,0.1640625,0.49793750000000003,8,8,['high_quality'],high_quality,High_Dice (>75%)
20160402_151049_1921_1081,0.9374491398748306,0.8822628403542006,0.92209178179184,0.953326712482993,17280,1460,846,210814,18126,18740,0.07790821771611527,0.04667328699106256,1,1,18126.0,1926,0.10625620655412116,0.05312810327706058,1.0,0.9999923539964144,0.4375,0.5625,0.1875,0.4985,7,9,['high_quality'],high_quality,High_Dice (>75%)
20160402_151049_1921_721,0.9297299684161112,0.8686872854322636,0.9047393768687686,0.9561403504426232,21037,2215,965,206183,22002,23252,0.09526062274212971,0.043859649122807015,1,1,22002.0,2377,0.10803563312426143,0.05401781656213071,1.0,0.9999918592720084,0.5625,0.4375,0.1875,0.4981375,9,7,['high_quality'],high_quality,High_Dice (>75%)
20160402_151049_1_361,0.9042522856455885,0.825237665385734,0.8496767045869765,0.9663199801063135,23785,4208,829,201578,24614,27993,0.15032329510949166,0.03368001950109693,2,1,12307.0,4093,0.16628747867067523,0.08314373933533761,0.5,0.9999937568439276,0.3125,0.6875,0.1953125,0.49815,5,11,['high_quality'],high_quality,High_Dice (>75%)
20160402_151049_1_721,0.8409751166247378,0.7255884914012256,0.754738369114565,0.9494609543383373,16645,5409,886,207460,17531,22054,0.24526163054321212,0.05053904512007301,1,1,17531.0,4794,0.2734584450402145,0.13672922252010725,1.0,0.999991952448869,0.4375,0.5625,0.2109375,0.49813749999999996,7,9,['boundary_margin_error'],boundary_margin_error,Medium_Dice (25-75%)
20160402_151049_641_361,0.8102604252785189,0.6810401557569448,0.6828382815747911,0.9961482860079524,2069,961,8,227362,2077,3030,0.31716171617161715,0.0038517091959557053,1,1,2077.0,517,0.24891670678863745,0.12445835339431872,1.0,0.9999953515075544,0.4375,0.5625,0.1875,0.49934999999999996,7,9,['boundary_margin_error'],boundary_margin_error,Medium_Dice (25-75%)
20160402_151049_641_721,0.9268337910217732,0.8636442177062412,0.8862905905161718,0.9712640883765875,39985,5130,1183,184102,41168,45115,0.1137094092873767,0.028735911387485425,1,1,41168.0,4241,0.10301690633501749,0.051508453167508746,1.0,0.9999925389276868,0.375,0.625,0.1796875,0.497375,6,10,['high_quality'],high_quality,High_Dice (>75%)
20160402_151054_1281_1081,0.9318501168232288,0.8723964038191206,0.9155018689010631,0.9487928459321653,15916,1469,859,212156,16775,17385,0.08449813057233246,0.05120715350223547,1,1,16775.0,2057,0.12262295081967213,0.061311475409836065,1.0,0.9999960174716005,0.5,0.5,0.203125,0.4981625,8,8,['high_quality'],high_quality,High_Dice (>75%)
20160402_151054_1281_361,0.9174749555434291,0.8475323136787128,0.8550681670790335,0.9897084031051314,5770,978,60,223592,5830,6748,0.14493183165382337,0.010291595197255575,1,1,5830.0,732,0.12555746140651802,0.06277873070325901,1.0,0.9999959972843221,0.5625,0.4375,0.1640625,0.4997125,9,7,['high_quality'],high_quality,High_Dice (>75%)
20160402_151054_1281_721,0.9497251672052477,0.904263472331385,0.926062970728816,0.9746282744926531,41295,3297,1075,184733,42370,44592,0.07393702906350914,0.025371725277318857,1,1,42370.0,4055,0.09570450790653764,0.04785225395326882,1.0,0.9999927225147986,0.4375,0.5625,0.1796875,0.49715,7,9,['high_quality'],high_quality,High_Dice (>75%)
20160402_151054_1921_361,0.8538192361987897,0.7449254630370618,0.7751574122637909,0.9502491046591474,13542,3928,709,212221,14251,17470,0.22484258729250142,0.04975089467405796,3,1,4750.333333333333,3394,0.23815872570345942,0.11907936285172971,0.3333333333333333,0.9999958974998695,0.1875,0.8125,0.2109375,0.49886250000000004,3,13,['high_quality'],high_quality,Medium_Dice (25-75%)
20160402_151054_1_361,0.8788561757428566,0.7838924469170369,0.9253763654201012,0.8367893982626625,55567,4481,10838,159514,66405,60048,0.0746236344257927,0.16321060161132445,1,1,66405.0,5533,0.08332203900308711,0.04166101950154356,1.0,0.9999913494955515,0.375,0.625,0.171875,0.49702500000000005,6,10,['high_quality'],high_quality,High_Dice (>75%)
20160402_151054_1_721,0.4133215694456957,0.2604948561009317,0.5692588057760705,0.32444598225607346,937,709,1951,226803,2888,1646,0.4307411907654921,0.6755540166204986,1,3,2888.0,396,0.1371191135734072,0.0685595567867036,3.0,0.9999929066632375,0.5,0.5,0.1796875,0.49963750000000007,8,8,"['missed_crack_high_fn', 'thin_low_area_failure']",missed_crack_high_fn,Low_Dice (<25%)
20160402_151054_641_361,0.9164755684792399,0.845828245139741,0.9225783530830344,0.9104529914041418,10391,872,1022,218115,11413,11263,0.0774216460978425,0.08954700779812494,1,2,11413.0,1572,0.13773766757206693,0.06886883378603346,2.0,0.99999695429558,0.5625,0.4375,0.1953125,0.49909999999999993,9,7,['high_quality'],high_quality,High_Dice (>75%)
20160402_151054_641_721,0.9422815311821636,0.8908623220272488,0.9133874745004239,0.9730633719961364,21819,2069,604,205908,22423,23888,0.08661252511721367,0.0269366275699059,1,1,22423.0,2562,0.11425768184453464,0.05712884092226732,1.0,0.9999927700658414,0.3125,0.6875,0.1875,0.49800000000000005,5,11,['high_quality'],high_quality,High_Dice (>75%)
20160405_171348_1281_361,0.629283487588585,0.4590909074856961,0.4590909074856961,0.9999999923838538,1313,1547,0,227540,1313,2860,0.5409090909090909,0.0,1,5,1313.0,228,0.17364813404417365,0.08682406702208682,5.0,0.9999871701612326,0.375,0.625,0.171875,0.49976250000000005,6,10,"['over_segmentation', 'fragmented_prediction']",over_segmentation,Low_Dice (<25%)
20160405_171348_1281_721,0.8743358394894316,0.7767288594254065,0.8196705902540657,0.9368135554293042,34886,7675,2353,185486,37239,42561,0.18032940955334695,0.0631864443191278,2,1,18619.5,4149,0.11141545154273745,0.055707725771368725,0.5,0.9999844608155821,0.25,0.75,0.203125,0.498025,4,12,['high_quality'],high_quality,High_Dice (>75%)
20160405_171348_1921_721,0.838103989862021,0.7213244408701371,0.8531159143336832,0.8236112465040487,33745,5810,7227,183618,40972,39555,0.14688408545063836,0.17638875329493311,4,3,10243.0,5734,0.13994923362296202,0.06997461681148101,0.75,0.9999829975084513,0.3125,0.6875,0.1640625,0.4986125,5,11,['boundary_margin_error'],boundary_margin_error,Medium_Dice (25-75%)
20160405_171348_1_721,0.7471973418897527,0.5964206230347884,0.755739900651954,0.7388457471996402,32159,10394,11367,176480,43526,42553,0.24426009917044628,0.2611542526306116,5,3,8705.2,8064,0.18526857510453523,0.09263428755226762,0.6,0.9999756529830802,0.1875,0.8125,0.1875,0.49793750000000003,3,13,"['complex_topology', 'boundary_margin_error']",complex_topology,Medium_Dice (25-75%)
20160405_171348_641_721,0.8303218711116406,0.7098721012256279,0.805149672009807,0.8571188338404935,30582,7401,5098,187319,35680,37983,0.19485032777821656,0.14288116591928252,3,2,11893.333333333334,4812,0.13486547085201794,0.06743273542600897,0.6666666666666666,0.9999820732455061,0.25,0.75,0.1953125,0.498275,4,12,['boundary_margin_error'],boundary_margin_error,Medium_Dice (25-75%)
20160407_163130_1281_721,0.8988247939361271,0.8162414019009357,0.9589198201653009,0.8458178135624143,18394,788,3353,207865,21747,19182,0.041080179334793035,0.1541821860486504,2,1,10873.5,4406,0.2026026578378627,0.10130132891893134,0.5,0.9999897086626991,0.4375,0.5625,0.1875,0.49829999999999997,7,9,['high_quality'],high_quality,High_Dice (>75%)
20160407_163130_1921_721,0.8999434066497046,0.8180882802664429,0.9590495139261507,0.8476997703248043,15902,679,2857,210962,18759,16581,0.040950485495446595,0.15230022922330613,1,1,18759.0,3963,0.2112585958739805,0.10562929793699025,1.0,0.9999905102884553,0.4375,0.5625,0.1640625,0.497725,7,9,['high_quality'],high_quality,High_Dice (>75%)
20160407_163130_1_361,0.7062243489975644,0.5458630701933305,0.6231140596767831,0.8149171238558913,2065,1249,469,226617,2534,3314,0.37688593844296925,0.1850828729281768,2,4,1267.0,693,0.27348066298342544,0.13674033149171272,2.0,0.9999946913481166,0.4375,0.5625,0.171875,0.49865000000000004,7,9,['boundary_margin_error'],boundary_margin_error,Low_Dice (<25%)
20160407_163130_1_721,0.8549973178213846,0.7467207991116381,0.9216832631405826,0.7973100645821652,14346,1219,3647,211188,17993,15565,0.0783167362672663,0.20268993497471238,4,2,4498.25,3803,0.21135997332295892,0.10567998666147946,0.5,0.9999893741080879,0.5,0.5,0.1640625,0.498,8,8,['high_quality'],high_quality,Medium_Dice (25-75%)
20160407_163130_641_721,0.8796321744972057,0.785128021774856,0.9494551726456709,0.8193752614778756,17601,937,3880,207982,21481,18538,0.05054482684216204,0.18062473814068247,1,1,21481.0,3919,0.1824402960756017,0.09122014803780085,1.0,0.9999899246925054,0.4375,0.5625,0.1875,0.498175,7,9,['high_quality'],high_quality,High_Dice (>75%)
20160407_163257_1281_1,0.882060515566579,0.7890056016883714,0.7976072484796778,0.9865160660305436,11267,2859,154,216120,11421,14126,0.20239275095568454,0.013483933105682515,2,1,5710.5,2159,0.18903773750109448,0.09451886875054724,0.5,0.9999954794495395,0.5,0.5,0.15625,0.49826250000000005,8,8,['high_quality'],high_quality,High_Dice (>75%)
20160407_163257_1281_361,0.8948936604353253,0.8097805870771163,0.8407876949348171,0.9564421662105109,13065,2474,595,214266,13660,15539,0.15921230452410065,0.04355783308931186,1,1,13660.0,3222,0.23587115666178624,0.11793557833089312,1.0,0.9999958831935654,0.4375,0.5625,0.140625,0.498425,7,9,['high_quality'],high_quality,High_Dice (>75%)
20160407_163257_1281_721,0.8778709937574811,0.7823262645148593,0.8492549217013639,0.9084827769591762,6383,1133,643,222241,7026,7516,0.15074507716870675,0.0915172217477939,1,1,7026.0,1974,0.28095644748078563,0.14047822374039282,1.0,0.9999948658944735,0.4375,0.5625,0.171875,0.49842500000000006,7,9,['high_quality'],high_quality,High_Dice (>75%)
20160407_163257_1921_1081,0.797403672975139,0.6630684420497607,0.6859111419744462,0.9521767794324262,5774,2644,290,221692,6064,8418,0.31408885721073887,0.04782321899736148,3,1,2021.3333333333333,2190,0.3611477572559367,0.18057387862796834,0.3333333333333333,0.9999935031708207,0.375,0.625,0.171875,0.498475,6,10,['boundary_margin_error'],boundary_margin_error,Medium_Dice (25-75%)
20160407_163257_1921_721,0.8739117811419677,0.7760597851100892,0.8353675439176594,0.9161849697046167,6023,1187,551,222639,6574,7210,0.16463245492371706,0.0838150289017341,1,1,6574.0,2038,0.31000912686340126,0.15500456343170063,1.0,0.9999942255772678,0.375,0.625,0.171875,0.498425,6,10,['high_quality'],high_quality,High_Dice (>75%)
20160407_163257_1_1,0.8861791929830842,0.7956209718836987,0.8216743546686271,0.9616746318271601,10865,2358,433,216744,11298,13223,0.17832564470997506,0.03832536732164985,1,2,11298.0,3246,0.2873074880509825,0.14365374402549125,2.0,0.9999948420833977,0.5,0.5,0.15625,0.498325,8,8,['high_quality'],high_quality,High_Dice (>75%)
20160407_163257_641_361,0.8608061982931435,0.7556275297525283,0.7993147744759617,0.9325472160162415,9332,2343,675,218050,10007,11675,0.20068522483940043,0.0674527830518637,2,1,5003.5,3413,0.341061257120016,0.170530628560008,0.5,0.9999927167952274,0.375,0.625,0.1875,0.4981,6,10,['high_quality'],high_quality,Medium_Dice (25-75%)
20160407_165001_1281_1081,0.4528064432086544,0.29266308744699604,0.29696269371330253,0.952860166968061,3598,8518,178,218106,3776,12116,0.7030373060415979,0.047139830508474576,2,2,1888.0,1841,0.4875529661016949,0.24377648305084745,1.0,0.9999963944710433,0.3125,0.6875,0.1875,0.4984375,5,11,"['false_crack_high_fp', 'thin_low_area_failure', 'over_segmentation']",false_crack_high_fp,Low_Dice (<25%)
20160407_165001_1281_361,0.7846305704000912,0.645590181298526,0.7181288893005897,0.8647058816561597,10731,4212,1679,213778,12410,14943,0.28187111021883154,0.13529411764705881,2,2,6205.0,2498,0.20128928283642225,0.10064464141821113,1.0,0.999994328485037,0.4375,0.5625,0.1796875,0.4979125000000001,7,9,['boundary_margin_error'],boundary_margin_error,Medium_Dice (25-75%)
20160407_165001_1281_721,0.7924798193598858,0.656287018689648,0.8706780402544274,0.7271704467894798,3878,576,1455,224491,5333,4454,0.1293219577907499,0.2728295518469904,1,1,5333.0,1172,0.21976373523345208,0.10988186761672604,1.0,0.9999959652944923,0.4375,0.5625,0.171875,0.4982875,7,9,['boundary_margin_error'],boundary_margin_error,Medium_Dice (25-75%)
20160407_165001_1921_361,0.6321133904885621,0.46210949510963584,0.5327152780661165,0.7771131319190815,2988,2621,857,223934,3845,5609,0.46728472098413265,0.22288686605981795,1,1,3845.0,1108,0.2881664499349805,0.14408322496749024,1.0,0.9999940850032104,0.375,0.625,0.1875,0.4987375,6,10,['moderate_general_error'],moderate_general_error,Low_Dice (<25%)
20160407_165001_1921_721,0.6832874638803694,0.5189344258041522,0.5296578260439573,0.96245059142224,6331,5622,247,218200,6578,11953,0.4703421735129256,0.037549407114624504,2,1,3289.0,2875,0.4370629370629371,0.21853146853146854,0.5,0.9999938172295638,0.4375,0.5625,0.1796875,0.49817500000000003,7,9,['moderate_general_error'],moderate_general_error,Low_Dice (<25%)
20160407_165001_1_1081,0.6009646004177226,0.4295563933529903,0.5084693555459358,0.7345939916916708,3302,3192,1193,222713,4495,6494,0.491530643671081,0.2654060066740823,2,2,2247.5,2332,0.5187986651835372,0.2593993325917686,1.0,0.9999942035538818,0.375,0.625,0.1875,0.498475,6,10,['moderate_general_error'],moderate_general_error,Low_Dice (<25%)
20160407_165001_1_721,0.8695856043404296,0.7692626771910906,0.9058493094969781,0.8361136153989441,14836,1542,2908,211114,17744,16378,0.09415068994993284,0.1638863841298467,1,1,17744.0,3895,0.2195108205590622,0.1097554102795311,1.0,0.9999915112903996,0.375,0.625,0.15625,0.4980375,6,10,['high_quality'],high_quality,Medium_Dice (25-75%)
20160407_165001_641_1081,0.42443502774901715,0.269385925191415,0.2837136108832201,0.8421298419330693,1803,4552,338,223707,2141,6355,0.7162863886703383,0.15787015413358244,2,5,1070.5,1225,0.572162540868753,0.2860812704343765,2.5,0.9999948719278039,0.3125,0.6875,0.2109375,0.4986,5,11,"['false_crack_high_fp', 'thin_low_area_failure', 'over_segmentation']",false_crack_high_fp,Low_Dice (<25%)
20160407_165001_641_361,0.8825029963172687,0.7897139709627536,0.8465711416672144,0.9216202330712414,14357,2602,1221,212220,15578,16959,0.1534288578335987,0.07837976633714212,1,1,15578.0,3166,0.2032353318782899,0.10161766593914495,1.0,0.9999953171332889,0.375,0.625,0.1875,0.4979875,6,10,['high_quality'],high_quality,High_Dice (>75%)
20160407_165001_641_721,0.5179314433962128,0.3494652397073122,0.35926333051329484,0.9276082262057613,1307,2331,102,226660,1409,3638,0.6407366684991753,0.0723917672107878,2,4,704.5,474,0.33640880056777855,0.16820440028388928,2.0,0.9999950456971293,0.4375,0.5625,0.1640625,0.49911249999999996,7,9,"['thin_low_area_failure', 'over_segmentation']",thin_low_area_failure,Low_Dice (<25%)
IMG_2931_1297_485,0.8089521256722215,0.6791936269806031,0.7648542579460362,0.8584460495173134,2729,839,450,309614,3179,3568,0.2351457399103139,0.14155394778232147,8,3,397.375,1061,0.33375275243787356,0.16687637621893678,0.375,0.9999857546505819,0.5,0.5,0.1640625,0.5000249999999999,8,8,"['complex_topology', 'boundary_margin_error']",complex_topology,Medium_Dice (25-75%)
IMG_2931_1297_969,0.9082797078900559,0.8319710776234116,0.8684167343163112,0.9519784164100914,10586,1604,534,300908,11120,12190,0.13158326497128794,0.04802158273381295,1,1,11120.0,2558,0.23003597122302158,0.11501798561151079,1.0,0.9999861606832889,0.5,0.5,0.1484375,0.49957500000000005,8,8,['high_quality'],high_quality,High_Dice (>75%)
IMG_2931_1945_485,0.8748355255963524,0.777517905602225,0.83265497678044,0.9215176699211406,5319,1069,453,306791,5772,6388,0.16734502191609268,0.07848232848232849,2,1,2886.0,1530,0.26507276507276506,0.13253638253638253,0.5,0.9999857944171796,0.375,0.625,0.1875,0.499125,6,10,['high_quality'],high_quality,High_Dice (>75%)
IMG_2931_1945_969,0.8636757543739246,0.7600610104891928,0.8090420871624303,0.92622247508404,6478,1529,516,305109,6994,8007,0.19095791182715124,0.07377752359164999,1,1,6994.0,1920,0.2745210180154418,0.1372605090077209,1.0,0.999986324608299,0.5,0.5,0.171875,0.4992125,8,8,['high_quality'],high_quality,Medium_Dice (25-75%)
IMG_2931_1_485,0.9021796914135619,0.8217917671565174,0.8963185966849846,0.9081179424690331,16970,1963,1717,292982,18687,18933,0.10368140284159932,0.09188205704500454,1,1,18687.0,3905,0.20896880184085193,0.10448440092042596,1.0,0.999972796323978,0.375,0.625,0.171875,0.49838750000000004,6,10,['high_quality'],high_quality,High_Dice (>75%)
IMG_2931_649_485,0.906088975649144,0.8283022617738325,0.8735656305110792,0.9411276941496097,12485,1807,781,298559,13266,14292,0.12643436887769383,0.05887230514096186,2,2,6633.0,3277,0.2470224634403739,0.12351123172018695,1.0,0.9999808771410081,0.4375,0.5625,0.1640625,0.4987125,7,9,['high_quality'],high_quality,High_Dice (>75%)
IMG_2931_649_969,0.7212092113214751,0.5639774838124672,0.5684568813598453,0.986220465969682,1503,1141,21,310967,1524,2644,0.4315431164901664,0.013779527559055118,1,2,1524.0,436,0.28608923884514437,0.14304461942257218,2.0,0.9999831035119944,0.5,0.5,0.1640625,0.4998125,8,8,['moderate_general_error'],moderate_general_error,Medium_Dice (25-75%)
IMG_2941_1297_485,0.8804946784669606,0.7865033435135618,0.8080605305682053,0.9671934193076487,10466,2486,355,300325,10821,12952,0.1919394688079061,0.032806579798539875,1,1,10821.0,2685,0.24812863875797062,0.12406431937898531,1.0,0.999983464382469,0.375,0.625,0.1484375,0.4996125,6,10,['high_quality'],high_quality,High_Dice (>75%)
IMG_2941_1297_969,0.8027846021271215,0.6705431650423544,0.6904761895034148,0.9587245677646233,4901,2197,211,306323,5112,7098,0.30952380952380953,0.0412754303599374,2,2,2556.0,2222,0.43466353677621283,0.21733176838810642,1.0,0.999989273351244,0.5,0.5,0.140625,0.500275,8,8,['boundary_margin_error'],boundary_margin_error,Medium_Dice (25-75%)
IMG_2941_1945_485,0.8948868286236409,0.8097693990101551,0.8331300312069224,0.9665322288498321,13660,2736,473,296763,14133,16396,0.16686996828494755,0.03346777046628458,1,1,14133.0,3879,0.2744640203778391,0.13723201018891956,1.0,0.9999892493995256,0.3125,0.6875,0.1796875,0.49844999999999995,5,11,['high_quality'],high_quality,High_Dice (>75%)
IMG_2941_1_485,0.762669725795879,0.6163833066207368,0.725090907772562,0.8043565937790307,3988,1512,970,307162,4958,5500,0.27490909090909094,0.19564340459862847,3,5,1652.6666666666667,1490,0.30052440500201694,0.15026220250100847,1.6666666666666667,0.9999836219643294,0.5,0.5,0.15625,0.5001625000000001,8,8,['boundary_margin_error'],boundary_margin_error,Medium_Dice (25-75%)
IMG_2941_1_969,0.8930544232124177,0.8067735595494326,0.8388907784630055,0.9546950619993272,9862,1894,468,301408,10330,11756,0.1611092208234093,0.04530493707647628,3,3,3443.3333333333335,2424,0.2346563407550823,0.11732817037754115,1.0,0.9999825904861397,0.5,0.5,0.15625,0.4996375,8,8,['high_quality'],high_quality,High_Dice (>75%)
IMG_2941_649_969,0.8929427626262576,0.8065913238095748,0.847181746501399,0.9439296737594601,11919,2150,708,298855,12627,14069,0.15281825289643897,0.05607032549299121,1,1,12627.0,3828,0.30315989546210503,0.15157994773105252,1.0,0.9999845937848637,0.4375,0.5625,0.1484375,0.4987625,7,9,['high_quality'],high_quality,High_Dice (>75%)
IMG_2942_1297_485,0.5648660682287548,0.3935981553523691,0.40957741242888224,0.9098175837060514,4439,6399,440,302354,4879,10838,0.5904225871932091,0.09018241442918631,3,1,1626.3333333333333,2380,0.4878048780487805,0.24390243902439024,0.3333333333333333,0.9999823875194085,0.3125,0.6875,0.15625,0.497475,5,11,['over_segmentation'],over_segmentation,Low_Dice (<25%)
IMG_2942_1945_485,0.5225349676027154,0.35366993881057746,0.35810650845194497,0.9661558078986084,3026,5424,106,305076,3132,8450,0.6418934911242603,0.03384418901660281,3,1,1044.0,1994,0.6366538952745849,0.31832694763729247,0.3333333333333333,0.9999799053544045,0.375,0.625,0.15625,0.49755,6,10,"['thin_low_area_failure', 'over_segmentation']",thin_low_area_failure,Low_Dice (<25%)
IMG_2942_1_485,0.6785875956853874,0.5135320309312185,0.5566282948921546,0.8689855055671778,4497,3582,678,304875,5175,8079,0.4433717044188637,0.1310144927536232,5,3,1035.0,3132,0.6052173913043478,0.3026086956521739,0.6,0.9999738039751997,0.375,0.625,0.171875,0.49702500000000005,6,10,['complex_topology'],complex_topology,Low_Dice (<25%)
IMG_2942_649_485,0.3344160863616272,0.2007800889665861,0.20357815423391887,0.9359307318790877,2162,8458,148,302864,2310,10620,0.796421845574388,0.06406926406926407,3,1,770.0,1534,0.664069264069264,0.332034632034632,0.3333333333333333,0.9999807992999432,0.375,0.625,0.15625,0.49720000000000003,6,10,"['false_crack_high_fp', 'thin_low_area_failure', 'over_segmentation']",false_crack_high_fp,Low_Dice (<25%)
