case_name,dice,iou,precision,recall,tp,fp,fn,tn,gt_area,pred_area,fp_area_ratio,fn_area_ratio,num_gt_cc,num_pred_cc,mean_component_size,perimeter,boundary_to_area_ratio,thinness_score,fragmentation_ratio,mean_routing_entropy,cnn_expert_fraction,vit_expert_fraction,expert_hhi_concentration,mean_gs,cnn_expert_selections,vit_expert_selections,error_taxonomy,primary_error_category,performance_tier
20160222_080850_1281_361,0.867421962671074,0.7658827330934331,0.9358098566387344,0.8083487755738082,16576,1137,3930,208757,20506,17713,0.06419014283294755,0.19165122403199064,1,2,20506.0,3739,0.18233687701160636,0.09116843850580318,2.0,0.9999942475431134,0.625,0.375,0.171875,0.5020125,10,6,['high_quality'],high_quality,Medium_Dice (25-75%)
20160222_080850_1281_721,0.6650493837029122,0.4981827609081444,0.5053989978788543,0.9721377863620173,1919,1878,55,226548,1974,3797,0.49460100079009744,0.027862208713272545,2,2,987.0,936,0.47416413373860183,0.23708206686930092,1.0,0.9999951326905693,0.5,0.5,0.171875,0.503375,8,8,['moderate_general_error'],moderate_general_error,Low_Dice (<25%)
20160222_080850_1921_1,0.0495316597791189,0.02539475199762006,0.02580317756731734,0.6160298171851835,661,24956,412,204371,1073,25617,0.97419682242261,0.38397017707362535,1,19,1073.0,330,0.30754892823858343,0.15377446411929171,19.0,0.9999936996126695,0.5625,0.4375,0.1953125,0.5027375000000001,9,7,"['false_crack_high_fp', 'thin_low_area_failure', 'over_segmentation', 'fragmented_prediction']",false_crack_high_fp,Low_Dice (<25%)
20160222_080850_1921_361,0.8917487645656197,0.8046449541886572,0.8859561455023478,0.8976176290067792,15071,1940,1719,211670,16790,17011,0.11404385397683851,0.10238237045860632,1,1,16790.0,2880,0.17153067301965455,0.08576533650982728,1.0,0.999995919180349,0.5625,0.4375,0.15625,0.5012,9,7,['high_quality'],high_quality,High_Dice (>75%)
20160222_080850_1_361,0.8345018608079066,0.7160044557311532,0.8632314093820874,0.8076230363109432,19282,3055,4593,203470,23875,22337,0.13676859023145455,0.19237696335078533,1,1,23875.0,3950,0.16544502617801046,0.08272251308900523,1.0,0.9999976065422602,0.625,0.375,0.15625,0.501575,10,6,['boundary_margin_error'],boundary_margin_error,Medium_Dice (25-75%)
20160222_080850_641_361,0.7726314011157143,0.6295023368025376,0.7136103892396829,0.8422956644538012,13737,5513,2572,208578,16309,19250,0.2863896103896104,0.15770433502973819,4,1,4077.25,4122,0.25274388374517137,0.12637194187258569,0.25,0.9999896202979222,0.4375,0.5625,0.15625,0.5019625,7,9,['boundary_margin_error'],boundary_margin_error,Medium_Dice (25-75%)
20160222_080850_641_721,0.6437850836858179,0.47469252545566165,0.4829743707339979,0.9651358476433378,4014,4297,145,221944,4159,8311,0.5170256286848754,0.03486415003606636,1,1,4159.0,1886,0.45347439288290453,0.22673719644145227,1.0,0.999995571801197,0.5,0.5,0.1875,0.50295,8,8,['moderate_general_error'],moderate_general_error,Low_Dice (<25%)
20160222_115224_1281_1,0.5334774881971754,0.36377040509344877,0.39646464600956766,0.8151994316374808,3454,5258,783,220905,4237,8712,0.6035353535353535,0.18480056643851783,10,5,423.7,4075,0.9617654000472032,0.4808827000236016,0.5,0.9999979775025085,0.25,0.75,0.203125,0.5007375000000001,4,12,"['thin_low_area_failure', 'over_segmentation', 'complex_topology']",thin_low_area_failure,Low_Dice (<25%)
20160222_115224_1281_1081,0.8517990431503825,0.7418553677986043,0.7772845541446739,0.9421150260814193,5078,1455,312,223555,5390,6533,0.22271544466554416,0.05788497217068646,1,1,5390.0,2275,0.42207792207792205,0.21103896103896103,1.0,0.9999955388090663,0.375,0.625,0.2109375,0.5014125,6,10,['high_quality'],high_quality,Medium_Dice (25-75%)
20160222_115224_1281_361,0.45923180515628065,0.29805379335654103,0.332926232699252,0.7399565649296603,1363,2731,479,225827,1842,4094,0.6670737664875428,0.26004343105320304,6,5,307.0,1801,0.9777415852334419,0.48887079261672095,0.8333333333333334,0.9999924534762987,0.25,0.75,0.2109375,0.5018,4,12,"['false_crack_high_fp', 'thin_low_area_failure', 'over_segmentation', 'complex_topology']",false_crack_high_fp,Low_Dice (<25%)
20160222_115224_1281_721,0.7697200025054526,0.6256461976728708,0.6744596973298088,0.896315027282668,4962,2395,574,222469,5536,7357,0.3255403017534321,0.1036849710982659,4,3,1384.0,2724,0.4920520231213873,0.24602601156069365,0.75,0.9999986097846016,0.375,0.625,0.2109375,0.5012125000000001,6,10,['boundary_margin_error'],boundary_margin_error,Medium_Dice (25-75%)
20160222_115224_1921_1081,0.7774682736692409,0.6359493638686108,0.6490956038806429,0.9691357949912361,1256,679,40,228425,1296,1935,0.3509043927648579,0.030864197530864196,1,1,1296.0,552,0.42592592592592593,0.21296296296296297,1.0,0.9999881157058641,0.4375,0.5625,0.171875,0.502275,7,9,['boundary_margin_error'],boundary_margin_error,Medium_Dice (25-75%)
20160222_115224_641_1,0.7030381519059747,0.5420654068885201,0.6094685623040152,0.8305495335578866,6514,4174,1329,218383,7843,10688,0.3905314371257485,0.1694504653831442,4,4,1960.75,4660,0.5941603978069616,0.2970801989034808,1.0,0.9999914118551341,0.25,0.75,0.203125,0.5013749999999999,4,12,['boundary_margin_error'],boundary_margin_error,Low_Dice (<25%)
20160222_115224_641_1081,0.11716925564304066,0.06223037094237449,0.07090194142184574,0.3372296882686751,577,7561,1134,221128,1711,8138,0.9290980584910298,0.6627703097603741,1,2,1711.0,1669,0.9754529514903565,0.48772647574517825,2.0,0.9999927262774869,0.375,0.625,0.1796875,0.5019125,6,10,"['missed_crack_high_fn', 'false_crack_high_fp', 'thin_low_area_failure', 'over_segmentation']",missed_crack_high_fn,Low_Dice (<25%)
20160222_115224_641_361,0.7810039995083186,0.6406944724948244,0.6494955985200782,0.9792880227207507,3026,1633,64,225677,3090,4659,0.3505044000858553,0.020711974110032363,2,1,1545.0,1649,0.5336569579288026,0.2668284789644013,0.5,0.9999930629439744,0.5,0.5,0.1875,0.50265,8,8,['boundary_margin_error'],boundary_margin_error,Medium_Dice (25-75%)
20160222_115224_641_721,0.5648741239909517,0.39360597800787633,0.7334622795610743,0.4593023244687444,1896,689,2232,225583,4128,2585,0.2665377176015474,0.5406976744186046,5,2,825.6,2219,0.5375484496124031,0.26877422480620156,0.4,0.9999945320744187,0.375,0.625,0.1875,0.5022249999999999,6,10,['complex_topology'],complex_topology,Low_Dice (<25%)
20160222_115837_1281_1,0.7231912852556184,0.5664053486668142,0.5857176912425874,0.9449894192248713,4913,3475,286,221726,5199,8388,0.4142823080591321,0.055010578957491826,1,5,5199.0,2135,0.41065589536449315,0.20532794768224658,5.0,0.99998903342688,0.4375,0.5625,0.1875,0.5001875,7,9,['moderate_general_error'],moderate_general_error,Medium_Dice (25-75%)
20160222_115837_1281_1081,0.63148810179819,0.46144144061001546,0.46160778575773653,0.9992196605570828,2561,2987,2,224850,2563,5548,0.5383922134102379,0.0007803355442840422,4,2,640.75,1867,0.7284432305891534,0.3642216152945767,0.5,0.9999862651475226,0.3125,0.6875,0.1796875,0.5007375000000001,5,11,['over_segmentation'],over_segmentation,Low_Dice (<25%)
20160222_115837_1281_361,0.7486400716810516,0.5982611834844029,0.6115534149017712,0.9649430296086969,3303,2098,120,224879,3423,5401,0.38844658396593224,0.035056967572304996,4,2,855.75,2052,0.5994741454864154,0.2997370727432077,0.5,0.9999741446104394,0.3125,0.6875,0.171875,0.5002624999999999,5,11,['boundary_margin_error'],boundary_margin_error,Medium_Dice (25-75%)
20160222_115837_1281_721,0.7172395264269072,0.5591375328466872,0.5613703224855605,0.9929367992827628,2671,2087,19,225623,2690,4758,0.4386296763345944,0.007063197026022305,1,1,2690.0,2008,0.7464684014869889,0.37323420074349445,1.0,0.9999818517418329,0.25,0.75,0.1796875,0.500875,4,12,['moderate_general_error'],moderate_general_error,Medium_Dice (25-75%)
20160222_164851_1281_1081,0.8909623682210346,0.8033653166411274,0.8648203579867959,0.9187340952310209,5777,903,511,223209,6288,6680,0.13517964071856287,0.08126590330788803,2,1,3144.0,1152,0.183206106870229,0.0916030534351145,0.5,0.9999855960091232,0.375,0.625,0.1796875,0.501875,6,10,['high_quality'],high_quality,High_Dice (>75%)
20160222_164851_641_1,0.852556340720792,0.7430049691993975,0.7861413233550808,0.9312286681474158,10914,2969,806,215711,11720,13883,0.21385867607865736,0.06877133105802048,2,2,5860.0,2308,0.1969283276450512,0.0984641638225256,1.0,0.9999854173641712,0.4375,0.5625,0.1875,0.501425,7,9,['high_quality'],high_quality,Medium_Dice (25-75%)
20160222_164851_641_1081,0.710589334320081,0.5510962125828083,0.5645999623495452,0.9584055444171963,6083,4691,264,219362,6347,10774,0.43540003712641545,0.0415944540727903,3,3,2115.6666666666665,2372,0.3737198676540098,0.1868599338270049,1.0,0.9999835945861515,0.4375,0.5625,0.1953125,0.5014375,7,9,['moderate_general_error'],moderate_general_error,Medium_Dice (25-75%)
20160222_164851_641_361,0.804957887084866,0.6735811888011934,0.7041827537296121,0.9393939385875235,10943,4597,706,214154,11649,15540,0.29581724581724583,0.06060606060606061,7,3,1664.142857142857,3669,0.31496265773886173,0.15748132886943086,0.42857142857142855,0.9999925248831146,0.3125,0.6875,0.1796875,0.5006125,5,11,"['complex_topology', 'boundary_margin_error']",complex_topology,Medium_Dice (25-75%)
20160222_164851_641_721,0.846230913779413,0.7334491137662736,0.7549517334608854,0.9626185257452421,10558,3427,410,216005,10968,13985,0.24504826599928495,0.03738147337709701,3,3,3656.0,2773,0.25282640408460977,0.12641320204230488,1.0,0.9999896487828476,0.4375,0.5625,0.1953125,0.501425,7,9,['boundary_margin_error'],boundary_margin_error,Medium_Dice (25-75%)
20160222_165225_1281_361,0.7943269941600303,0.6588245654605476,0.674271800275704,0.9663952423854268,7477,3612,260,219051,7737,11089,0.32572819911624135,0.03360475636551635,1,1,7737.0,3094,0.39989660074964456,0.19994830037482228,1.0,0.9999918893893175,0.375,0.625,0.1875,0.50035,6,10,['boundary_margin_error'],boundary_margin_error,Medium_Dice (25-75%)
20160222_165225_1281_721,0.7505179024844099,0.6006631899542245,0.6485933470660187,0.8904494319490911,1268,687,156,228289,1424,1955,0.3514066496163683,0.10955056179775281,1,1,1424.0,650,0.45646067415730335,0.22823033707865167,1.0,0.9999707381812091,0.375,0.625,0.21875,0.502425,6,10,['boundary_margin_error'],boundary_margin_error,Medium_Dice (25-75%)
20160222_165225_1921_721,0.6668477961925513,0.5002037984020512,0.5150243406790127,0.9456002451138847,6136,5778,353,218133,6489,11914,0.48497565888870237,0.05439975342887964,2,1,3244.5,3365,0.5185698875019263,0.25928494375096317,0.5,0.9999851682278087,0.375,0.625,0.171875,0.5011125,6,10,['moderate_general_error'],moderate_general_error,Low_Dice (<25%)
20160222_165225_1_361,0.7659807351324537,0.6207202407125064,0.6527376171506971,0.926764665704192,6998,3723,553,219126,7551,10721,0.34726238224046263,0.07323533306846776,1,2,7551.0,3404,0.4508012183816713,0.22540060919083565,2.0,0.9999938026320361,0.4375,0.5625,0.1875,0.5004375,7,9,['boundary_margin_error'],boundary_margin_error,Medium_Dice (25-75%)
20160222_165225_641_361,0.787656451884087,0.6496974006321669,0.7108773973017067,0.8830289090564547,7300,2969,967,219164,8267,10269,0.28912260200603757,0.11697108987540825,4,2,2066.75,4037,0.4883270835853393,0.24416354179266966,0.5,0.999995744498469,0.25,0.75,0.1875,0.50035,4,12,['boundary_margin_error'],boundary_margin_error,Medium_Dice (25-75%)
20160222_165402_1281_1,0.921670728494532,0.854721051212657,0.8843414469178894,0.9622903401245919,8319,1088,326,220667,8645,9407,0.11565855214202189,0.03770965876229034,1,1,8645.0,2045,0.23655292076344708,0.11827646038172354,1.0,0.9999969999195882,0.3125,0.6875,0.1953125,0.5009,5,11,['high_quality'],high_quality,High_Dice (>75%)
20160222_165402_1281_361,0.8715610270701926,0.7723599130995331,0.7849060040291057,0.9797243410642166,8601,2357,178,219264,8779,10958,0.2150939952546085,0.020275657819797243,2,1,4389.5,2052,0.2337396058776626,0.1168698029388313,0.5,0.9999912972254721,0.4375,0.5625,0.1953125,0.501275,7,9,['high_quality'],high_quality,Medium_Dice (25-75%)
20160222_165402_641_1081,0.9271126236025187,0.8641285599943938,0.9082276180440539,0.9467996667824381,12529,1266,704,215901,13233,13795,0.09177238129757158,0.05320033250207814,1,1,13233.0,1717,0.12975137912793774,0.06487568956396887,1.0,0.9999779272417737,0.4375,0.5625,0.234375,0.502075,7,9,['high_quality'],high_quality,High_Dice (>75%)
20160222_165402_641_721,0.8887560995474773,0.7997849069727685,0.809286296536423,0.9855328536879814,8924,2103,131,219242,9055,11027,0.19071370272966356,0.014467145223633352,1,1,9055.0,1678,0.1853119823302043,0.09265599116510215,1.0,0.9999629020775939,0.375,0.625,0.21875,0.502275,6,10,['high_quality'],high_quality,High_Dice (>75%)
20160222_165926_1281_361,0.45173545078270516,0.2917689041004486,0.2920294702120351,0.9969512119134817,1308,3171,4,225917,1312,4479,0.7079705291359678,0.003048780487804878,2,1,656.0,1592,1.2134146341463414,0.6067073170731707,0.5,0.9999834535056726,0.375,0.625,0.1484375,0.5015,6,10,"['false_crack_high_fp', 'thin_low_area_failure', 'over_segmentation']",false_crack_high_fp,Low_Dice (<25%)
20160222_165926_1281_721,0.6545964907687042,0.486542874518524,0.4880703217998427,0.9936088602607396,4664,4892,30,220814,4694,9556,0.5119296776894098,0.006391137622496805,1,1,4694.0,3164,0.674051981252663,0.3370259906263315,1.0,0.9999932103311779,0.3125,0.6875,0.1640625,0.50115,5,11,['over_segmentation'],over_segmentation,Low_Dice (<25%)
20160222_165926_1921_721,0.6811689733529854,0.5164945012590308,0.5303375906360202,0.9518935497402384,4650,4118,235,221397,4885,8768,0.4696624087591241,0.048106448311156604,4,1,1221.25,3742,0.7660184237461617,0.38300921187308085,0.25,0.9999917786225888,0.375,0.625,0.1484375,0.5006999999999999,6,10,['moderate_general_error'],moderate_general_error,Low_Dice (<25%)
20160222_165926_1_1081,0.5344248519428529,0.36465196114393594,0.3711370251570349,0.9542728564147462,1273,2157,61,226909,1334,3430,0.6288629737609329,0.04572713643178411,4,3,333.5,1166,0.8740629685157422,0.4370314842578711,0.75,0.9999849702709821,0.25,0.75,0.171875,0.5014625,4,12,"['thin_low_area_failure', 'over_segmentation']",thin_low_area_failure,Low_Dice (<25%)
20160222_165926_1_721,0.564624422403877,0.3933635427666079,0.3979591830849465,0.9714801408971835,2691,4071,79,223559,2770,6762,0.6020408163265306,0.02851985559566787,5,5,554.0,2358,0.8512635379061372,0.4256317689530686,1.0,0.9999912978843907,0.375,0.625,0.1796875,0.5014375,6,10,"['over_segmentation', 'complex_topology']",over_segmentation,Low_Dice (<25%)
20160222_165926_641_1,0.7197264465042725,0.5621661437425564,0.5694029840123079,0.9778916982444995,3052,2308,69,224971,3121,5360,0.4305970149253731,0.022108298622236462,1,1,3121.0,1933,0.619352771547581,0.3096763857737905,1.0,0.9999926814381639,0.375,0.625,0.1484375,0.501675,6,10,['moderate_general_error'],moderate_general_error,Medium_Dice (25-75%)
20160222_165926_641_361,0.6509364081568761,0.4825098031646905,0.4841045003397789,0.9932192412230569,3076,3278,21,224025,3097,6354,0.5158954988983318,0.006780755569906361,2,1,1548.5,2230,0.7200516628995802,0.3600258314497901,0.5,0.9999918457163611,0.375,0.625,0.171875,0.5018875,6,10,['over_segmentation'],over_segmentation,Low_Dice (<25%)
20160222_165926_641_721,0.6978822610595932,0.5359594145668364,0.5503575070987156,0.9534595629915775,5388,4402,263,220347,5651,9790,0.44964249233912157,0.04654043532118209,2,1,2825.5,4142,0.7329676163510883,0.36648380817554416,0.5,0.999997660555421,0.375,0.625,0.1796875,0.50095,6,10,['moderate_general_error'],moderate_general_error,Low_Dice (<25%)
20160302_155857_1281_1,0.6112301753651154,0.44012345640200756,0.4609346135381099,0.9069598384391063,4991,5837,512,219060,5503,10828,0.5390653860362025,0.09304015991277485,2,1,2751.5,1899,0.3450844993639833,0.17254224968199164,0.5,0.9999941729977976,0.375,0.625,0.203125,0.5016625,6,10,['moderate_general_error'],moderate_general_error,Low_Dice (<25%)
20160302_155857_1281_361,0.714805648219146,0.5561848659143749,0.5806070157031084,0.9296894711819118,7365,5320,557,217158,7922,12685,0.4193929838391801,0.07031052764453422,1,1,7922.0,2828,0.35698056046452914,0.17849028023226457,1.0,0.9999953572304684,0.4375,0.5625,0.1640625,0.5013624999999999,7,9,['moderate_general_error'],moderate_general_error,Medium_Dice (25-75%)
20160302_155857_1281_721,0.384700489355618,0.23816046920125153,0.23816046920125153,0.9999999917830732,1217,3893,0,225290,1217,5110,0.761839530332681,0.0,1,3,1217.0,430,0.3533278553820871,0.17666392769104355,3.0,0.9999969144184764,0.4375,0.5625,0.1953125,0.5023249999999999,7,9,"['false_crack_high_fp', 'thin_low_area_failure', 'over_segmentation']",false_crack_high_fp,Low_Dice (<25%)
20160302_155857_1_721,0.87456098944421,0.7770843033176132,0.8507470292944026,0.8997465345954018,16684,2927,1859,208930,18543,19611,0.14925297027178624,0.10025346491937659,1,1,18543.0,3212,0.17321900447608263,0.08660950223804131,1.0,0.9999884421818208,0.4375,0.5625,0.1875,0.5015875000000001,7,9,['high_quality'],high_quality,High_Dice (>75%)
20160302_155857_641_721,0.6987679152945788,0.5370048306584517,0.5472896457351732,0.9661886128064419,11116,9195,389,209700,11505,20311,0.45271035399537196,0.033811386353759236,3,2,3835.0,3366,0.2925684485006519,0.14628422425032594,0.6666666666666666,0.9999927069899008,0.5625,0.4375,0.1875,0.5011875,9,7,['moderate_general_error'],moderate_general_error,Low_Dice (<25%)
20160307_144202_1281_361,0.596222455091174,0.4247271636831162,0.4456470584740023,0.9004754343891039,5682,7068,628,217022,6310,12750,0.5543529411764706,0.09952456418383518,10,2,631.0,3310,0.5245641838351822,0.2622820919175911,0.2,0.9999964694056767,0.5,0.5,0.171875,0.5014625,8,8,"['over_segmentation', 'complex_topology']",over_segmentation,Low_Dice (<25%)
20160307_144202_1281_721,0.5276800270125482,0.35840037267296215,0.3615194632935206,0.976493008333885,3074,5429,74,221823,3148,8503,0.6384805362813125,0.023506988564167726,5,1,629.6,1470,0.4669631512071156,0.2334815756035578,0.2,0.9999912472177862,0.375,0.625,0.203125,0.5017625,6,10,"['thin_low_area_failure', 'over_segmentation', 'complex_topology']",thin_low_area_failure,Low_Dice (<25%)
20160307_144202_1921_361,0.6017331931192927,0.43034218516683237,0.43652366058198444,0.9681426390331734,11457,14789,377,203777,11834,26246,0.5634763392516955,0.031857360148724014,5,1,2366.8,4983,0.42107486902146357,0.21053743451073179,0.2,0.9999912377800881,0.25,0.75,0.1875,0.5001875,4,12,"['over_segmentation', 'complex_topology']",over_segmentation,Low_Dice (<25%)
20160307_144202_1_361,0.7941390753139212,0.6585660577074087,0.6818497749493305,0.9507042247378833,14715,6866,763,208056,15478,21581,0.3181502247347204,0.04929577464788732,7,1,2211.1428571428573,4184,0.2703191626825171,0.13515958134125855,0.14285714285714285,0.9999942948918644,0.375,0.625,0.1953125,0.50115,6,10,"['complex_topology', 'boundary_margin_error']",complex_topology,Medium_Dice (25-75%)
20160307_144202_641_361,0.6795042051857636,0.5145826346848414,0.5211971281911151,0.9759309709573742,10745,9871,265,209519,11010,20616,0.47880287155607293,0.024069028156221618,10,1,1101.0,4281,0.3888283378746594,0.1944141689373297,0.1,0.9999954519609382,0.4375,0.5625,0.1875,0.501,7,9,['complex_topology'],complex_topology,Low_Dice (<25%)
20160307_145059_1281_361,0.9103180281179678,0.8353978973752516,0.8806304815137964,0.9420770418074805,13353,1810,821,214416,14174,15163,0.11936951790542769,0.05792295752786793,4,2,3543.5,3270,0.23070410610977846,0.11535205305488923,0.5,0.9999801646309392,0.375,0.625,0.1953125,0.5003,6,10,['high_quality'],high_quality,High_Dice (>75%)
20160307_145059_1281_721,0.7482225006544215,0.5977280315755696,0.6111538127840518,0.9645504772010373,7156,4553,263,218428,7419,11709,0.38884618669399607,0.035449521498854296,3,2,2473.0,3748,0.5051893786224558,0.2525946893112279,0.6666666666666666,0.9999872423766757,0.375,0.625,0.21875,0.5013875,6,10,['boundary_margin_error'],boundary_margin_error,Medium_Dice (25-75%)
20160307_145059_1921_1081,0.7585914891266732,0.6110732144030546,0.6144261538472495,0.9911488087937511,5375,3373,48,221604,5423,8748,0.38557384545038864,0.008851189378572745,3,3,1807.6666666666667,2182,0.4023603171676194,0.2011801585838097,1.0,0.9999903272315227,0.4375,0.5625,0.1796875,0.501725,7,9,['boundary_margin_error'],boundary_margin_error,Medium_Dice (25-75%)
20160307_145059_1921_361,0.8814299150022842,0.7879970390984343,0.8626988797416774,0.9009923833364164,11712,1864,1287,215537,12999,13576,0.13730111962286387,0.09900761597045926,1,2,12999.0,3074,0.23647972920993923,0.11823986460496962,2.0,0.9999919600401992,0.5,0.5,0.171875,0.5006875,8,8,['high_quality'],high_quality,High_Dice (>75%)
20160307_145059_1921_721,0.7861351812945102,0.6476299248320533,0.6789402773852115,0.9335254148311888,4536,2145,323,223396,4859,6681,0.3210597215985631,0.0664745832475818,3,4,1619.6666666666667,1757,0.3615970364272484,0.1807985182136242,1.3333333333333333,0.9999821387101573,0.4375,0.5625,0.171875,0.5025375000000001,7,9,['boundary_margin_error'],boundary_margin_error,Medium_Dice (25-75%)
20160307_145059_1_361,0.9087364311788722,0.832737807018119,0.8478859382026687,0.9789963658276608,8623,1547,185,220045,8808,10170,0.15211406096361849,0.02100363306085377,1,1,8808.0,2411,0.27372842870118075,0.13686421435059037,1.0,0.999980327282302,0.25,0.75,0.1875,0.5010125,4,12,['high_quality'],high_quality,High_Dice (>75%)
20160307_145059_1_721,0.8176380575757143,0.6915294109511418,0.7186697631511557,0.9482174528985039,5878,2301,321,221900,6199,8179,0.2813302359701675,0.05178254557186643,1,1,6199.0,1626,0.2623003710275851,0.13115018551379254,1.0,0.9999664446152798,0.25,0.75,0.1953125,0.5011,4,12,['boundary_margin_error'],boundary_margin_error,Medium_Dice (25-75%)
20160307_145059_641_361,0.7336523120678177,0.5793450874978875,0.5958549215781266,0.954356844673035,5060,3432,242,221666,5302,8492,0.40414507772020725,0.04564315352697095,2,2,2651.0,2106,0.3972086005281026,0.1986043002640513,1.0,0.9999919186063779,0.5,0.5,0.1875,0.5016125,8,8,['moderate_general_error'],moderate_general_error,Medium_Dice (25-75%)
20160307_145059_641_721,0.8679034506810679,0.766633774480805,0.7888171725369373,0.9646151108862938,10877,2912,399,216212,11276,13789,0.21118282689100007,0.03538488825824761,2,1,5638.0,3040,0.2695991486342675,0.13479957431713374,0.5,0.999977995781524,0.4375,0.5625,0.2109375,0.5005875,7,9,['high_quality'],high_quality,Medium_Dice (25-75%)
20160307_162438_1281_361,0.8643974734224575,0.7611795969031192,0.9999999968243887,0.7611795969031192,3149,0,988,226263,4137,3149,0.0,0.23882040125694948,1,1,4137.0,396,0.09572153734590283,0.047860768672951415,1.0,0.9999793735368946,0.4375,0.5625,0.234375,0.5018375,7,9,['high_quality'],high_quality,Medium_Dice (25-75%)
20160307_162438_1281_721,0.8859260249116004,0.7952129254624262,0.9373760970909883,0.8398299975134543,26479,1769,5050,197102,31529,28248,0.06262390257717361,0.16017000222017824,1,1,31529.0,3073,0.09746582511338768,0.04873291255669384,1.0,0.999994495024416,0.4375,0.5625,0.21875,0.4998125,7,9,['high_quality'],high_quality,High_Dice (>75%)
20160307_162438_1921_1081,0.8257547594987178,0.7032217215087073,0.7294418090263103,0.9513703835635988,9997,3708,511,216184,10508,13705,0.27055819044144475,0.04862961553102398,2,3,5254.0,2256,0.21469356680624285,0.10734678340312143,1.5,0.999992149132116,0.4375,0.5625,0.2109375,0.5011749999999999,7,9,['boundary_margin_error'],boundary_margin_error,Medium_Dice (25-75%)
20160307_162438_1921_721,0.9004557135050094,0.8189353758322784,0.8746328770350622,0.9278497347541507,20846,2988,1621,204945,22467,23834,0.12536712259796928,0.07215026483286598,1,1,22467.0,2708,0.12053233631548493,0.06026616815774247,1.0,0.9999939193308711,0.4375,0.5625,0.21875,0.5,7,9,['high_quality'],high_quality,High_Dice (>75%)
20160307_162438_1_361,0.8559232162083464,0.74813441574409,0.8809583020031063,0.832271706564958,31881,4308,6425,187786,38306,36189,0.11904169775346099,0.16772829321777266,1,1,38306.0,3094,0.08077063645381924,0.04038531822690962,1.0,0.9999907894974605,0.5,0.5,0.1953125,0.499725,8,8,['high_quality'],high_quality,Medium_Dice (25-75%)
20160307_162438_641_361,0.8618557600092076,0.7572465156228178,0.8297854434876797,0.8965047039241377,19724,4046,2277,204353,22001,23770,0.17021455616323097,0.10349529566837871,1,1,22001.0,2516,0.11435843825280669,0.05717921912640334,1.0,0.9999948377150343,0.5,0.5,0.171875,0.499975,8,8,['high_quality'],high_quality,Medium_Dice (25-75%)
20160307_162438_641_721,0.7184381773547085,0.5605958016693796,0.6351316790652881,0.8268974686636195,4968,2854,1040,221538,6008,7822,0.36486832012273074,0.17310252996005326,1,1,6008.0,705,0.11734354194407456,0.05867177097203728,1.0,0.9999877182127397,0.4375,0.5625,0.171875,0.5012,7,9,['boundary_margin_error'],boundary_margin_error,Medium_Dice (25-75%)
20160310_114505_1281_1,0.40082960331750944,0.25064846382164035,0.25064846382164035,0.999999994553377,1836,5489,0,223075,1836,7325,0.7493515358361775,0.0,4,3,459.0,1931,1.051742919389978,0.525871459694989,0.75,0.9999937087687385,0.5,0.5,0.1640625,0.5006375000000001,8,8,"['false_crack_high_fp', 'thin_low_area_failure', 'over_segmentation']",false_crack_high_fp,Low_Dice (<25%)
20160310_114505_641_1,0.531249999649756,0.3617021273348576,0.3693958005231541,0.9455526849435516,4029,6878,232,219261,4261,10907,0.6306041991381681,0.05444731283736212,4,2,1065.25,2348,0.551044355785027,0.2755221778925135,0.5,0.9999972862999555,0.5625,0.4375,0.15625,0.5003875,9,7,"['thin_low_area_failure', 'over_segmentation']",thin_low_area_failure,Low_Dice (<25%)
20160310_114505_641_1081,0.5886569677499073,0.41708993086635804,0.417713943329629,0.9964311182573612,4188,5838,15,220359,4203,10026,0.5822860562537403,0.0035688793718772305,3,3,1401.0,1842,0.4382583868665239,0.21912919343326195,1.0,0.9999962589399387,0.5,0.5,0.15625,0.5005125,8,8,['over_segmentation'],over_segmentation,Low_Dice (<25%)
20160310_114505_641_361,0.5148075021502916,0.3466267860197518,0.348712804790444,0.9830348704452525,4172,7792,72,218364,4244,11964,0.6512871949180876,0.016965127238454288,5,3,848.8,2457,0.5789349670122526,0.2894674835061263,0.6,0.9999982516935044,0.4375,0.5625,0.171875,0.500525,7,9,"['false_crack_high_fp', 'thin_low_area_failure', 'over_segmentation', 'complex_topology']",false_crack_high_fp,Low_Dice (<25%)
20160310_114505_641_721,0.579245157039709,0.4077023984185697,0.4079317453516485,0.9986229033770418,4351,6315,6,219728,4357,10666,0.5920682542658916,0.001377094330961671,4,1,1089.25,1798,0.41266926784484737,0.20633463392242368,0.25,0.9999973107039228,0.5,0.5,0.15625,0.5006499999999999,8,8,['over_segmentation'],over_segmentation,Low_Dice (<25%)
20160316_142539_1281_361,0.8442245113583077,0.7304398818411263,0.8444534840731578,0.843995661637306,6227,1147,1151,221875,7378,7374,0.1555465147816653,0.15600433721875848,1,1,7378.0,1653,0.22404445649227434,0.11202222824613717,1.0,0.9999976553872166,0.375,0.625,0.1953125,0.500875,6,10,['boundary_margin_error'],boundary_margin_error,Medium_Dice (25-75%)
20160316_142539_1281_721,0.7762154993248045,0.6342746610179694,0.684535737571363,0.8962501356769978,8198,3778,949,217475,9147,11976,0.3154642618570474,0.10374986334317263,2,7,4573.5,2578,0.2818410407783973,0.14092052038919864,3.5,0.9999970119458027,0.3125,0.6875,0.2109375,0.5004500000000001,5,11,['boundary_margin_error'],boundary_margin_error,Medium_Dice (25-75%)
20160316_142539_1921_361,0.685744358698196,0.5217739510853069,0.5500211056616605,0.9103930123053336,10424,8528,1026,210422,11450,18952,0.4499788940481216,0.08960698689956331,7,2,1635.7142857142858,4030,0.3519650655021834,0.1759825327510917,0.2857142857142857,0.9999942813053115,0.3125,0.6875,0.203125,0.5005625,5,11,['complex_topology'],complex_topology,Low_Dice (<25%)
20160316_142539_1_721,0.7070606529682548,0.5468629712534339,0.5893394168882404,0.8835509943380356,11366,7920,1498,209616,12864,19286,0.4106605828061807,0.11644900497512438,7,3,1837.7142857142858,4023,0.3127332089552239,0.15636660447761194,0.42857142857142855,0.999996296371553,0.1875,0.8125,0.21875,0.500725,3,13,['complex_topology'],complex_topology,Medium_Dice (25-75%)
20160316_142539_641_721,0.6184900327677005,0.44769132864584105,0.516272731766536,0.7711758252926446,9851,9230,2923,208396,12774,19081,0.483727267962895,0.22882417410364803,4,3,3193.5,4538,0.35525285736652573,0.17762642868326287,0.75,0.9999971670362642,0.375,0.625,0.171875,0.50105,6,10,['moderate_general_error'],moderate_general_error,Low_Dice (<25%)
20160316_143445_1281_1,0.8753267642350939,0.7782942959781308,0.8401312398094885,0.9136001112959283,13059,2485,1235,213621,14294,15544,0.15986875965002573,0.08639988806492234,1,1,14294.0,2297,0.16069679585840213,0.08034839792920107,1.0,0.9999978836091921,0.5,0.5,0.1796875,0.5001375,8,8,['high_quality'],high_quality,High_Dice (>75%)
20160316_143445_1281_1081,0.7992665026903832,0.6656485427292842,0.7458361835595798,0.8609428473506904,3269,1114,528,225489,3797,4383,0.2541638147387634,0.13905715038188043,4,1,949.25,1205,0.3173558072162233,0.15867790360811165,0.25,0.9999953494029497,0.375,0.625,0.1875,0.5019875,6,10,['boundary_margin_error'],boundary_margin_error,Medium_Dice (25-75%)
20160316_143445_1281_361,0.8634285711202041,0.7596782297890409,0.7744250107153405,0.9755467670280472,12088,3521,303,214488,12391,15609,0.22557498878851945,0.024453232184650148,2,2,6195.5,2403,0.19393107900895812,0.09696553950447906,1.0,0.9999964546744706,0.375,0.625,0.1640625,0.500675,6,10,['high_quality'],high_quality,Medium_Dice (25-75%)
20160316_143445_1281_721,0.8289119139895796,0.7078134633010041,0.8241727885852219,0.8337058555913579,14920,3183,2976,209321,17896,18103,0.17582721095950948,0.1662941439427805,2,3,8948.0,4941,0.2760952168082253,0.13804760840411265,1.5,0.9999958454670891,0.5,0.5,0.15625,0.5001,8,8,['boundary_margin_error'],boundary_margin_error,Medium_Dice (25-75%)
20160316_143445_1921_1081,0.7031566750153699,0.542206341713409,0.6075569266764893,0.8344598455327531,7284,4705,1445,216966,8729,11989,0.3924430728167487,0.16554015351128423,2,1,4364.5,2735,0.31332340474281134,0.15666170237140567,0.5,0.9999952316878373,0.4375,0.5625,0.1875,0.5014749999999999,7,9,['boundary_margin_error'],boundary_margin_error,Low_Dice (<25%)
20160316_143445_1_1081,0.8609775636713854,0.7558916630707952,0.848149974496152,0.874199124505035,8596,1539,1237,219028,9833,10135,0.15185002466699557,0.12580087460591885,1,1,9833.0,2466,0.2507881623105868,0.1253940811552934,1.0,0.9999900858927939,0.4375,0.5625,0.1875,0.5013375,7,9,['high_quality'],high_quality,Medium_Dice (25-75%)
20160316_143445_1_721,0.5392327807764946,0.36914353887481993,0.3892793450233092,0.8770976107844538,3711,5822,520,220347,4231,9533,0.6107206545683416,0.1229023871425195,2,3,2115.5,1268,0.2996927440321437,0.14984637201607184,1.5,0.9999949779825594,0.5,0.5,0.1875,0.5020875,8,8,"['thin_low_area_failure', 'over_segmentation']",thin_low_area_failure,Low_Dice (<25%)
20160316_143445_641_361,0.870005627054021,0.7699203180860555,0.8012438448637438,0.9516774382356854,9276,2301,471,218352,9747,11577,0.1987561544441565,0.048322560787934746,1,1,9747.0,2796,0.2868574946137273,0.14342874730686364,1.0,0.9999940088628244,0.375,0.625,0.1640625,0.5003375000000001,6,10,['high_quality'],high_quality,Medium_Dice (25-75%)
20160316_143445_641_721,0.8515840948056644,0.741529345730856,0.8051060399988883,0.9037571918044035,8010,1939,853,219598,8863,9949,0.19489395919187857,0.09624280717589981,1,3,8863.0,2133,0.2406634322464177,0.12033171612320885,3.0,0.9999900475242223,0.25,0.75,0.171875,0.5016625,4,12,['high_quality'],high_quality,Medium_Dice (25-75%)
20160316_143527_1281_1081,0.7829038851603665,0.6432555947017571,0.7582791944554911,0.8091816022918654,9571,3051,2257,215521,11828,12622,0.241720804943749,0.19081839702401082,4,4,2957.0,4261,0.360246871829557,0.1801234359147785,1.0,0.9999964968710005,0.4375,0.5625,0.1953125,0.5005125,7,9,['boundary_margin_error'],boundary_margin_error,Medium_Dice (25-75%)
20160316_143527_1281_361,0.6240526231602279,0.4535439608115902,0.5677855827015728,0.6926984104993701,2182,1661,968,225589,3150,3843,0.4322144158209732,0.3073015873015873,4,2,787.5,1101,0.3495238095238095,0.17476190476190476,0.5,0.9999950201457861,0.5,0.5,0.2109375,0.501725,8,8,['moderate_general_error'],moderate_general_error,Low_Dice (<25%)
20160316_143527_1281_721,0.7686508203497323,0.6242346468838736,0.7347660966965449,0.8058119168887254,17026,6146,4103,203125,21129,23172,0.26523390298636285,0.1941880827298973,7,3,3018.4285714285716,7452,0.35269061479483177,0.17634530739741588,0.42857142857142855,0.9999967447349989,0.375,0.625,0.1875,0.5002249999999999,6,10,"['complex_topology', 'boundary_margin_error']",complex_topology,Medium_Dice (25-75%)
20160316_143527_1921_361,0.6881902421663817,0.5246113150605695,0.5446021962599771,0.9346052167169231,8132,6800,569,214899,8701,14932,0.4553978033753014,0.0653947822089415,2,3,4350.5,4261,0.48971382599701185,0.24485691299850593,1.5,0.9999952253860266,0.3125,0.6875,0.1953125,0.49987499999999996,5,11,['moderate_general_error'],moderate_general_error,Low_Dice (<25%)
20160316_143527_1_1,0.646295052246309,0.47742682282336135,0.6443477283290395,0.6482541813761601,5774,3187,3133,218306,8907,8961,0.3556522709519027,0.3517458178960368,2,1,4453.5,3323,0.37307735488941285,0.18653867744470642,0.5,0.9999975979224278,0.375,0.625,0.1796875,0.5001625,6,10,['moderate_general_error'],moderate_general_error,Low_Dice (<25%)
20160316_143527_1_361,0.6455882345029557,0.4766558080407966,0.47890909003834714,0.9902255601871219,2634,2866,26,224874,2660,5500,0.521090909090909,0.009774436090225564,2,3,1330.0,1788,0.6721804511278195,0.3360902255639098,1.5,0.9999941075241645,0.4375,0.5625,0.1875,0.50125,7,9,['over_segmentation'],over_segmentation,Low_Dice (<25%)
20160316_143527_641_1,0.8189063756966776,0.6933458608581653,0.759805297425999,0.887977244406545,8117,2566,1024,218693,9141,10683,0.24019470186277264,0.1120227546220326,1,1,9141.0,2978,0.3257849250629034,0.1628924625314517,1.0,0.9999958499137471,0.5,0.5,0.1640625,0.4997625,8,8,['boundary_margin_error'],boundary_margin_error,Medium_Dice (25-75%)
20160316_143527_641_361,0.7857121232675307,0.6470558903888638,0.7468492831059163,0.8288414862505802,12978,4399,2680,210343,15658,17377,0.2531507164642919,0.1711585132200792,8,4,1957.25,5907,0.37725124536977905,0.18862562268488953,0.5,0.9999960750339163,0.375,0.625,0.1875,0.5003625,6,10,"['complex_topology', 'boundary_margin_error']",complex_topology,Medium_Dice (25-75%)
20160316_143527_641_721,0.663350702144836,0.4962787944521219,0.6807648668274755,0.646805233800146,4201,1970,2294,221935,6495,6171,0.31923513206935666,0.35319476520400306,3,2,2165.0,2013,0.3099307159353349,0.15496535796766744,0.6666666666666666,0.999995068223388,0.4375,0.5625,0.1953125,0.50115,7,9,['boundary_margin_error'],boundary_margin_error,Low_Dice (<25%)
20160316_143547_1281_1081,0.8600960826028591,0.754533842261727,0.8205555532762345,0.9036402541950436,2954,646,315,226485,3269,3600,0.17944444444444443,0.09635974304068523,3,2,1089.6666666666667,774,0.23676965432854083,0.11838482716427041,0.6666666666666666,0.9999911197950757,0.4375,0.5625,0.1875,0.5009625,7,9,['high_quality'],high_quality,Medium_Dice (25-75%)
20160316_143547_1281_361,0.2940145981109276,0.1723429742044447,0.17257926277192928,0.9921182168264215,1007,4828,8,224557,1015,5835,0.827420736932305,0.007881773399014778,1,2,1015.0,210,0.20689655172413793,0.10344827586206896,2.0,0.9999967290200303,0.4375,0.5625,0.1875,0.5013625,7,9,"['false_crack_high_fp', 'thin_low_area_failure', 'over_segmentation']",false_crack_high_fp,Low_Dice (<25%)
20160316_143547_1281_721,0.8993162912295178,0.8170524230199595,0.8782427486270976,0.921426021362919,20651,2863,1761,205125,22412,23514,0.12175725099940461,0.07857397822595039,1,1,22412.0,4400,0.19632339817954667,0.09816169908977333,1.0,0.9999834434726977,0.5,0.5,0.1484375,0.4998875,8,8,['high_quality'],high_quality,High_Dice (>75%)
20160316_143547_1921_1081,0.8574296347167768,0.7504392383783165,0.8180838750177232,0.9007512846971788,20502,4559,2259,203080,22761,25061,0.18191612465583976,0.0992487149070779,3,3,7587.0,5059,0.2222661570229779,0.11113307851148894,1.0,0.9999903610029292,0.3125,0.6875,0.1796875,0.500075,5,11,['high_quality'],high_quality,Medium_Dice (25-75%)
20160316_143547_1_1,0.7825080383335987,0.6427213180632151,0.844882654600137,0.7287100247163073,12168,2234,4530,211468,16698,14402,0.1551173448132204,0.2712899748472871,1,1,16698.0,4621,0.2767397293088993,0.13836986465444964,1.0,0.9999923228554439,0.4375,0.5625,0.203125,0.5000875,7,9,['boundary_margin_error'],boundary_margin_error,Medium_Dice (25-75%)
20160316_143547_641_1,0.8413234272743976,0.7261072218758321,0.7681874181985979,0.9298507393294722,1246,376,94,228684,1340,1622,0.2318125770653514,0.07014925373134329,1,1,1340.0,445,0.332089552238806,0.166044776119403,1.0,0.9999966975494929,0.5,0.5,0.171875,0.5014125,8,8,['boundary_margin_error'],boundary_margin_error,Medium_Dice (25-75%)
20160316_143547_641_361,0.8970533756871347,0.8133243766406177,0.8469952299860126,0.9534001424814602,13319,2406,651,214024,13970,15725,0.1530047694753577,0.04659985683607731,2,1,6985.0,3890,0.278453829634932,0.139226914817466,0.5,0.9999946899036422,0.375,0.625,0.203125,0.499825,6,10,['high_quality'],high_quality,High_Dice (>75%)
20160316_143547_641_721,0.7166123739597591,0.5583756297937764,0.8638743342424826,0.612244892279732,660,104,418,229218,1078,764,0.13612565445026178,0.3877551020408163,2,2,539.0,561,0.5204081632653061,0.2602040816326531,1.0,0.9999939997680649,0.5,0.5,0.2109375,0.5016375,8,8,['boundary_margin_error'],boundary_margin_error,Medium_Dice (25-75%)
20160318_181632_1281_1081,0.8822158231906815,0.7892541704329187,0.8164629242348196,0.9594870005669399,19302,4339,815,205944,20117,23641,0.1835370754198215,0.04051299895610678,1,1,20117.0,3066,0.1524084107968385,0.07620420539841925,1.0,0.9999969868362617,0.3125,0.6875,0.1796875,0.49898750000000003,5,11,['high_quality'],high_quality,High_Dice (>75%)
20160318_181632_1281_361,0.881285162220391,0.7877656865350413,0.8988689469597442,0.8643761299690521,32504,3657,5100,189139,37604,36161,0.10113105279168165,0.13562386980108498,8,1,4700.5,5071,0.13485267524731412,0.06742633762365706,0.125,0.9999950376048192,0.1875,0.8125,0.234375,0.499075,3,13,"['complex_topology', 'high_quality']",complex_topology,High_Dice (>75%)
20160318_181632_1281_721,0.8992092658649717,0.8168757584715193,0.8737716978166435,0.9261723405863208,20185,2916,1609,205690,21794,23101,0.12622830180511665,0.07382765898871249,1,2,21794.0,2539,0.1164999541158117,0.05824997705790585,2.0,0.9999869130391448,0.375,0.625,0.1875,0.5003625,6,10,['high_quality'],high_quality,High_Dice (>75%)
20160318_181632_1921_1,0.7880179722536016,0.6501894864884009,0.8059640506414133,0.7708536808539682,3946,950,1173,224331,5119,4896,0.1940359477124183,0.2291463176401641,5,1,1023.8,1148,0.22426255127954678,0.11213127563977339,0.2,0.9999869457615238,0.3125,0.6875,0.1875,0.50135,5,11,"['complex_topology', 'boundary_margin_error']",complex_topology,Medium_Dice (25-75%)
20160318_181632_1921_361,0.8938397855503124,0.8080563501327844,0.9130705132392031,0.8754024081414084,22026,2097,3135,203142,25161,24123,0.08692948638229075,0.12459759151067128,1,2,25161.0,3071,0.12205397241763045,0.06102698620881523,2.0,0.9999959872016582,0.1875,0.8125,0.234375,0.49959999999999993,3,13,['high_quality'],high_quality,High_Dice (>75%)
20160318_181632_1_1,0.941874295101581,0.8901345943504906,0.9329824343800164,0.9509372755213695,30488,2190,1573,196149,32061,32678,0.0670175653344758,0.049062724182028006,1,1,32061.0,3190,0.0994978322572596,0.0497489161286298,1.0,0.9999952835416834,0.3125,0.6875,0.1953125,0.49953749999999997,5,11,['high_quality'],high_quality,High_Dice (>75%)
20160318_181632_1_361,0.8351319576502491,0.7169326715888229,0.7805072882354558,0.8979779391131022,3908,1099,444,224949,4352,5007,0.219492710205712,0.10202205882352941,2,2,2176.0,534,0.12270220588235294,0.06135110294117647,1.0,0.9999939954125437,0.5,0.5,0.15625,0.5012000000000001,8,8,['boundary_margin_error'],boundary_margin_error,Medium_Dice (25-75%)
20160318_181632_641_1,0.7997587438685992,0.6663316560591904,0.8374736806843213,0.7652943410338809,1989,386,610,227415,2599,2375,0.16252631578947369,0.23470565602154675,2,2,1299.5,488,0.1877645248172374,0.0938822624086187,1.0,0.99999613669964,0.5,0.5,0.15625,0.5012125000000001,8,8,['boundary_margin_error'],boundary_margin_error,Medium_Dice (25-75%)
20160318_181632_641_361,0.9163628705215162,0.8456362795196297,0.9533380795899725,0.8821487391658054,34814,1704,4651,189231,39465,36518,0.04666192014896763,0.11785126061066768,1,1,39465.0,3248,0.08230077283669074,0.04115038641834537,1.0,0.9999955571554417,0.375,0.625,0.1875,0.49883750000000004,6,10,['high_quality'],high_quality,High_Dice (>75%)
20160318_181632_641_721,0.23152862908497493,0.1309202019850509,0.13178753089815742,0.9521367439988313,1114,7339,56,221891,1170,8453,0.8682124689459364,0.04786324786324787,1,1,1170.0,668,0.5709401709401709,0.28547008547008546,1.0,0.9999927728079452,0.4375,0.5625,0.171875,0.5007125,7,9,"['false_crack_high_fp', 'thin_low_area_failure', 'over_segmentation']",false_crack_high_fp,Low_Dice (<25%)
20160321_183947_1281_361,0.7815912621263821,0.6414852732346822,0.6807065194269479,0.9175824133810329,2004,940,180,227276,2184,2944,0.31929347826086957,0.08241758241758242,1,2,2184.0,385,0.1762820512820513,0.08814102564102565,2.0,0.99999539068702,0.3125,0.6875,0.1796875,0.501475,5,11,['boundary_margin_error'],boundary_margin_error,Medium_Dice (25-75%)
20160321_183947_1281_721,0.9306604208248851,0.8703132652611564,0.9025673209293261,0.960558541632826,30199,3260,1240,195701,31439,33459,0.09743267880092053,0.03944145806164318,1,1,31439.0,3118,0.09917618244855116,0.04958809122427558,1.0,0.9999970437801998,0.25,0.75,0.234375,0.4997125,4,12,['high_quality'],high_quality,High_Dice (>75%)
20160321_183947_1921_721,0.9159435921200577,0.8449224463433062,0.8753297150424977,0.960509680963301,28871,4112,1187,196230,30058,32983,0.12467028469211412,0.03949031871714685,1,1,30058.0,3092,0.10286778894138,0.05143389447069,1.0,0.9999962186056575,0.25,0.75,0.21875,0.49955000000000005,4,12,['high_quality'],high_quality,High_Dice (>75%)
20160321_183947_1_721,0.887649481378688,0.7979943970169344,0.8427459624921804,0.9376074466565458,44722,8345,2976,174357,47698,53067,0.15725403734901164,0.06239255314688247,1,1,47698.0,3492,0.07321061679735,0.036605308398675,1.0,0.999990241561002,0.25,0.75,0.265625,0.4994375,4,12,['high_quality'],high_quality,High_Dice (>75%)
20160321_183947_641_721,0.9093389932039612,0.8337503473010968,0.8393506854847338,0.9920608663903825,32989,6314,264,190833,33253,39303,0.16064931430170726,0.007939133311280185,1,1,33253.0,3297,0.0991489489670105,0.04957447448350525,1.0,0.999990143731449,0.25,0.75,0.21875,0.49955,4,12,['high_quality'],high_quality,High_Dice (>75%)
20160321_185557_1281_721,0.9020761243940645,0.8216199177709074,0.8950902220672604,0.9091719297441888,23463,2750,2344,201843,25807,26213,0.1049097775912715,0.09082806990351455,3,1,8602.333333333334,3922,0.1519742705467509,0.07598713527337544,0.3333333333333333,0.9999901790738157,0.25,0.75,0.2265625,0.4991125,4,12,['high_quality'],high_quality,High_Dice (>75%)
20160321_185557_1921_1,0.877983132568642,0.7825043972633101,0.8296032546375015,0.9323551820385336,9786,2010,710,217894,10496,11796,0.1703967446592065,0.06764481707317073,1,1,10496.0,2096,0.19969512195121952,0.09984756097560976,1.0,0.9999930325138846,0.375,0.625,0.171875,0.5007625,6,10,['high_quality'],high_quality,High_Dice (>75%)
20160321_185557_1921_1081,0.8353876920622412,0.7173096886993293,0.8066109756520157,0.8662936514892016,8980,2153,1386,217881,10366,11133,0.19338902362346178,0.13370634767509165,1,1,10366.0,1930,0.18618560679143353,0.09309280339571677,1.0,0.9999914540258408,0.375,0.625,0.203125,0.5004624999999999,6,10,['boundary_margin_error'],boundary_margin_error,Medium_Dice (25-75%)
20160321_185557_1921_361,0.7493475826397632,0.5991653414154973,0.615892686493332,0.9566366991468677,9045,5641,410,215304,9455,14686,0.384107313087294,0.04336329984135378,2,1,4727.5,2665,0.28186144896879956,0.14093072448439978,0.5,0.999992890373923,0.3125,0.6875,0.2109375,0.49970000000000003,5,11,['boundary_margin_error'],boundary_margin_error,Medium_Dice (25-75%)
20160321_185557_1921_721,0.9159065207470963,0.8448593578648659,0.9108253988639233,0.9210446513073138,24299,2379,2083,201639,26382,26678,0.08917460079466227,0.07895534834356759,1,1,26382.0,3311,0.1255022363732848,0.0627511181866424,1.0,0.9999951399821336,0.25,0.75,0.2421875,0.499325,4,12,['high_quality'],high_quality,High_Dice (>75%)
20160321_185557_1_361,0.38079359723108774,0.23517298139379536,0.24031986481414172,0.9165328979411486,1142,3610,104,225544,1246,4752,0.7596801346801347,0.08346709470304976,1,5,1246.0,314,0.2520064205457464,0.1260032102728732,5.0,0.9999927727869067,0.3125,0.6875,0.203125,0.5007625,5,11,"['false_crack_high_fp', 'thin_low_area_failure', 'over_segmentation', 'fragmented_prediction']",false_crack_high_fp,Low_Dice (<25%)
20160321_185557_1_721,0.8255830521005122,0.7029726994123467,0.7296809400798988,0.9505085852835455,17381,6439,905,205675,18286,23820,0.27031905961376995,0.04949141419665318,1,1,18286.0,3861,0.21114513835721316,0.10557256917860658,1.0,0.9999901957022205,0.25,0.75,0.203125,0.4993375,4,12,['boundary_margin_error'],boundary_margin_error,Medium_Dice (25-75%)
20160321_185557_641_721,0.9112773065146785,0.837015074607669,0.889145188799563,0.9345393505527139,20044,2499,1404,206453,21448,22543,0.11085481080601517,0.06546064901156284,1,2,21448.0,3301,0.1539071242073853,0.07695356210369265,2.0,0.9999910635621825,0.125,0.875,0.265625,0.49896250000000003,2,14,['high_quality'],high_quality,High_Dice (>75%)
20160324_170347_1281_1,0.8772288798032528,0.7813069502976999,0.8756930246925985,0.8787701304849632,6002,852,828,222718,6830,6854,0.12430697402976364,0.1212298682284041,2,1,3415.0,2141,0.31346998535871157,0.15673499267935578,0.5,0.999994256675739,0.5,0.5,0.15625,0.5005625,8,8,['high_quality'],high_quality,High_Dice (>75%)
20160324_170347_1281_1081,0.8180235083311396,0.6920810304578502,0.8564266167480604,0.7829166655792824,5637,945,1563,222255,7200,6582,0.14357338195077485,0.21708333333333332,1,1,7200.0,2631,0.36541666666666667,0.18270833333333333,1.0,0.9999626969348829,0.375,0.625,0.1875,0.5014125,6,10,['boundary_margin_error'],boundary_margin_error,Medium_Dice (25-75%)
20160324_170347_1281_361,0.80649217007287,0.6757326176252322,0.7178026442341784,0.9201877922271938,7056,2774,612,219958,7668,9830,0.2821973550356053,0.07981220657276995,5,1,1533.6,2600,0.33907146583202924,0.16953573291601462,0.2,0.9999938778085995,0.4375,0.5625,0.171875,0.5001625000000001,7,9,"['complex_topology', 'boundary_margin_error']",complex_topology,Medium_Dice (25-75%)
20160324_170347_1281_721,0.7437866231845895,0.5920862147401591,0.769681128311886,0.71957775318192,7362,2203,2869,217966,10231,9565,0.23031887088342917,0.2804222461147493,1,1,10231.0,4382,0.4283061284331932,0.2141530642165966,1.0,0.9999838812724049,0.375,0.625,0.1640625,0.5002625,6,10,['boundary_margin_error'],boundary_margin_error,Medium_Dice (25-75%)
20160324_170347_641_1,0.7145969489180325,0.5559322022120081,0.5769569028650904,0.938483544569086,2624,1924,172,225680,2796,4548,0.4230430958663149,0.06151645207439199,1,2,2796.0,2183,0.780758226037196,0.390379113018598,2.0,0.999983658830612,0.375,0.625,0.1484375,0.5003625,6,10,['moderate_general_error'],moderate_general_error,Medium_Dice (25-75%)
20160324_170347_641_361,0.7373873002710654,0.5840170152172334,0.6078431362937332,0.937103849495115,3844,2480,258,223818,4102,6324,0.39215686274509803,0.0628961482203803,3,1,1367.3333333333333,2940,0.7167235494880546,0.3583617747440273,0.3333333333333333,0.9999927774454849,0.4375,0.5625,0.1640625,0.500425,7,9,['boundary_margin_error'],boundary_margin_error,Medium_Dice (25-75%)
20160324_170347_641_721,0.7986011750141454,0.6647261162616404,0.7226697332489362,0.8923623414125671,2512,964,303,226621,2815,3476,0.2773302646720368,0.10763765541740675,1,1,2815.0,1498,0.5321492007104796,0.2660746003552398,1.0,0.9999677089470018,0.3125,0.6875,0.1875,0.50125,5,11,['boundary_margin_error'],boundary_margin_error,Medium_Dice (25-75%)
20160326_141808_1281_1,0.26246683429997497,0.15105716511271952,0.1891361896370858,0.4286666657140741,1929,8270,2571,217630,4500,10199,0.8108638101774683,0.5713333333333334,4,9,1125.0,1265,0.2811111111111111,0.14055555555555554,2.25,0.9999955653613092,0.5625,0.4375,0.21875,0.5008875,9,7,"['false_crack_high_fp', 'thin_low_area_failure', 'over_segmentation']",false_crack_high_fp,Low_Dice (<25%)
20160326_141808_641_1,0.6024025766117709,0.4310272518615209,0.44139115310695076,0.9483394746463149,1028,1301,56,228015,1084,2329,0.5586088449978531,0.05166051660516605,1,7,1084.0,178,0.16420664206642066,0.08210332103321033,7.0,0.9999936830993653,0.5,0.5,0.2109375,0.5012125000000001,8,8,"['over_segmentation', 'fragmented_prediction']",over_segmentation,Low_Dice (<25%)
20160326_141808_641_361,0.8030842761405581,0.6709614220381545,0.6875916912303361,0.9652070225826935,8905,4046,321,217128,9226,12951,0.31240830823874605,0.03479297637112508,1,1,9226.0,1956,0.21200953826143507,0.10600476913071753,1.0,0.9999922959488239,0.5,0.5,0.2109375,0.5009375,8,8,['boundary_margin_error'],boundary_margin_error,Medium_Dice (25-75%)
20160326_141808_641_721,0.5843450261021229,0.4127736184850056,0.5475113115290204,0.6264921607558002,4356,3600,2597,219847,6953,7956,0.45248868778280543,0.3735078383431612,4,2,1738.25,1926,0.27700273263339564,0.13850136631669782,0.5,0.9999912511685991,0.5,0.5,0.2421875,0.5008999999999999,8,8,['moderate_general_error'],moderate_general_error,Low_Dice (<25%)
20160326_142521_1281_1,0.43908999190906084,0.28130384816103976,0.8641376249136797,0.294320913240444,3918,616,9394,216472,13312,4534,0.13586237318041464,0.7056790865384616,1,2,13312.0,1582,0.11884014423076923,0.059420072115384616,2.0,0.9999944571877686,0.5,0.5,0.1875,0.500975,8,8,['missed_crack_high_fn'],missed_crack_high_fn,Low_Dice (<25%)
20160326_142521_1281_1081,0.3934676428671129,0.2449173470550687,0.3946723809103724,0.39227023617690127,1289,1977,1997,225137,3286,3266,0.6053276178812003,0.6077297626293365,2,5,1643.0,933,0.2839318320146074,0.1419659160073037,2.5,0.9999916825068663,0.4375,0.5625,0.1875,0.50095,7,9,['thin_low_area_failure'],thin_low_area_failure,Low_Dice (<25%)
20160326_142521_1281_361,0.5505757854415065,0.3798582774534483,0.9841446426032138,0.3821972557176221,3538,57,5719,221086,9257,3595,0.015855354659248956,0.6178027438695042,1,5,9257.0,1801,0.19455547153505456,0.09727773576752728,5.0,0.9999915072632902,0.4375,0.5625,0.1875,0.50105,7,9,['fragmented_prediction'],fragmented_prediction,Low_Dice (<25%)
20160326_142521_1281_721,0.811906269395476,0.6833688693756201,0.8849830067066876,0.7499774991000112,8333,1083,2778,218206,11111,9416,0.11501699235344096,0.2500225002250023,1,7,11111.0,1846,0.16614166141661416,0.08307083070830708,7.0,0.9999930793816822,0.4375,0.5625,0.1875,0.50085,7,9,['boundary_margin_error'],boundary_margin_error,Medium_Dice (25-75%)
20160326_142521_641_1,0.0,0.0,0.0,0.0,0,189,1355,228856,1355,189,1.0,1.0,1,3,1355.0,291,0.21476014760147602,0.10738007380073801,3.0,0.9999967147422733,0.4375,0.5625,0.1875,0.5007375000000001,7,9,"['missed_crack_high_fn', 'thin_low_area_failure']",missed_crack_high_fn,Low_Dice (<25%)
20160326_142521_641_1081,0.0,0.0,0.0,0.0,0,1222,2487,226691,2487,1222,1.0,1.0,2,4,1243.5,797,0.32046642541214315,0.16023321270607158,2.0,0.9999940241920975,0.4375,0.5625,0.1796875,0.500825,7,9,"['missed_crack_high_fn', 'false_crack_high_fp', 'thin_low_area_failure']",missed_crack_high_fn,Low_Dice (<25%)
20160326_142745_1281_1081,0.7569269511877494,0.6089159055543751,0.8755827480315187,0.6665927225674518,3005,427,1503,225465,4508,3432,0.12441724941724942,0.3334072759538598,2,3,2254.0,1217,0.2699645075421473,0.13498225377107365,1.5,0.999994685803968,0.4375,0.5625,0.1640625,0.5013875,7,9,['boundary_margin_error'],boundary_margin_error,Medium_Dice (25-75%)
20160326_142745_1281_361,0.07146955161751532,0.03705907349166249,0.9999999770642207,0.03705907349166249,436,0,11329,218635,11765,436,0.0,0.962940926476838,1,2,11765.0,1303,0.11075223119422015,0.05537611559711007,2.0,0.999988090169363,0.375,0.625,0.171875,0.5010625,6,10,['missed_crack_high_fn'],missed_crack_high_fn,Low_Dice (<25%)
20160326_142745_1281_721,0.6660006198828675,0.49925107148429776,0.8979098923382166,0.5292958052079204,9666,1099,8596,211039,18262,10765,0.1020901068276823,0.4707041945022451,1,4,18262.0,3193,0.17484393823239514,0.08742196911619757,4.0,0.9999928901121817,0.375,0.625,0.1796875,0.49995,6,10,['fragmented_prediction'],fragmented_prediction,Low_Dice (<25%)
20160326_142745_1921_1081,0.6553632604275119,0.48739056515433093,0.7292277600601608,0.5950861509331746,3730,1385,2538,222747,6268,5115,0.270772238514174,0.4049138481174218,2,1,3134.0,2013,0.3211550733886407,0.16057753669432034,0.5,0.9999936528338174,0.4375,0.5625,0.1640625,0.5009125,7,9,['moderate_general_error'],moderate_general_error,Low_Dice (<25%)
20160326_142745_1_1,0.5255668775701979,0.3564535207294356,0.9340838620752425,0.36565114621852773,5725,404,9932,214339,15657,6129,0.0659161364007179,0.6343488535479338,1,1,15657.0,3472,0.2217538481190522,0.1108769240595261,1.0,0.9999966420633302,0.375,0.625,0.1796875,0.500125,6,10,['moderate_general_error'],moderate_general_error,Low_Dice (<25%)
20160326_142745_641_361,0.7193835208300582,0.5617478242169285,0.9284675993202758,0.587159513964314,12136,935,8533,208796,20669,13071,0.0715323999693979,0.4128404857516087,1,7,20669.0,4010,0.19401035366974698,0.09700517683487349,7.0,0.9999944637391673,0.4375,0.5625,0.1640625,0.5004625,7,9,['moderate_general_error'],moderate_general_error,Medium_Dice (25-75%)
20160328_151020_1281_361,0.5891175339998471,0.4175525234713516,0.4432252330327742,0.8781797369261687,9977,12533,1384,206506,11361,22510,0.5567747667703243,0.1218202623008538,6,1,1893.5,3906,0.3438077634011091,0.17190388170055454,0.16666666666666666,0.9999971024996321,0.375,0.625,0.140625,0.500225,6,10,['complex_topology'],complex_topology,Low_Dice (<25%)
20160328_151020_1921_361,0.5315755775183122,0.36200404282294024,0.37381303193606213,0.9197381662439696,9133,15299,797,205171,9930,24432,0.6261869679109365,0.08026183282980866,1,1,9930.0,4010,0.4038267875125881,0.20191339375629405,1.0,0.9999961150413859,0.4375,0.5625,0.15625,0.5000500000000001,7,9,['over_segmentation'],over_segmentation,Low_Dice (<25%)
20160328_151020_1_1,0.6799418810756873,0.5150848067430225,0.5236837275642328,0.9691064632203242,14273,12982,455,202690,14728,27255,0.47631627224362505,0.030893536121673004,1,1,14728.0,4702,0.3192558392178164,0.1596279196089082,1.0,0.9999923578423958,0.3125,0.6875,0.171875,0.4997,5,11,['moderate_general_error'],moderate_general_error,Low_Dice (<25%)
20160328_151020_1_361,0.3496940673385913,0.21189650986387,0.21400081382661718,0.9556524865297983,2629,9656,122,217993,2751,12285,0.785999185999186,0.044347509996364956,1,2,2751.0,1264,0.45946928389676484,0.22973464194838242,2.0,0.9999940331734657,0.4375,0.5625,0.1640625,0.5011125000000001,7,9,"['false_crack_high_fp', 'thin_low_area_failure', 'over_segmentation']",false_crack_high_fp,Low_Dice (<25%)
20160328_151020_641_361,0.5731918994343337,0.4017301970791226,0.4262154019602643,0.8748896071903303,5944,8002,850,215604,6794,13946,0.5737845977341173,0.12511039152193112,5,2,1358.8,2741,0.4034442154842508,0.2017221077421254,0.4,0.9999968725584931,0.375,0.625,0.171875,0.5005999999999999,6,10,"['over_segmentation', 'complex_topology']",over_segmentation,Low_Dice (<25%)
20160328_151020_641_721,0.7310942733749475,0.5761612214639943,0.655197178992428,0.8268787072949253,10035,5281,2101,212983,12136,15316,0.34480282057978584,0.17312129202373105,1,5,12136.0,3877,0.3194627554383652,0.1597313777191826,5.0,0.9999942712475355,0.3125,0.6875,0.171875,0.5000375,5,11,['boundary_margin_error'],boundary_margin_error,Medium_Dice (25-75%)
20160328_151057_1281_1,0.8153406282013796,0.6882490001860037,0.7775479488951712,0.8569948168766948,4135,1183,690,224392,4825,5318,0.22245204964272283,0.14300518134715026,3,1,1608.3333333333333,1961,0.40642487046632125,0.20321243523316063,0.3333333333333333,0.9999878074799855,0.4375,0.5625,0.1640625,0.5006375000000001,7,9,['boundary_margin_error'],boundary_margin_error,Medium_Dice (25-75%)
20160328_151057_1281_1081,0.5184164595219836,0.3499070051458066,0.37352746476038723,0.846938772968371,2822,4733,510,222335,3332,7555,0.6264725347452018,0.15306122448979592,4,5,833.0,2058,0.6176470588235294,0.3088235294117647,1.25,0.9999943031077683,0.375,0.625,0.1640625,0.5011,6,10,"['thin_low_area_failure', 'over_segmentation']",thin_low_area_failure,Low_Dice (<25%)
20160328_151057_1281_361,0.816823023678786,0.6903641974326513,0.7643207844601685,0.877070170945757,5137,1584,720,222959,5857,6721,0.23567921440261866,0.12292982755676968,2,1,2928.5,2153,0.3675943315690627,0.18379716578453134,0.5,0.999991512703271,0.4375,0.5625,0.1796875,0.5007375,7,9,['boundary_margin_error'],boundary_margin_error,Medium_Dice (25-75%)
20160328_151057_1281_721,0.8137200564031899,0.6859426906738254,0.8357472640340603,0.7928241430414447,13214,2597,3453,211136,16667,15811,0.16425273543735375,0.20717585648287035,2,3,8333.5,5496,0.32975340493190136,0.16487670246595068,1.5,0.9999969515099265,0.25,0.75,0.2265625,0.49968749999999995,4,12,['boundary_margin_error'],boundary_margin_error,Medium_Dice (25-75%)
20160328_151057_1921_721,0.8335738555776855,0.7146392076032574,0.8807673380415472,0.7911806284984265,8953,1212,2363,217872,11316,10165,0.11923266109198229,0.20881937080240368,1,1,11316.0,3174,0.2804878048780488,0.1402439024390244,1.0,0.9999784602714121,0.3125,0.6875,0.1875,0.500175,5,11,['boundary_margin_error'],boundary_margin_error,Medium_Dice (25-75%)
20160328_151057_641_1081,0.7278615705303401,0.5721559491240094,0.6256761046362137,0.8699402767751819,3933,2353,588,223526,4521,6286,0.37432389436843777,0.1300597213005972,2,2,2260.5,2225,0.49214775492147755,0.24607387746073878,1.0,0.9999958199296104,0.3125,0.6875,0.1875,0.5008874999999999,5,11,['boundary_margin_error'],boundary_margin_error,Medium_Dice (25-75%)
20160328_151057_641_721,0.7878077367377259,0.6499032873032561,0.7421899641177186,0.8394004267676652,4704,1634,900,223162,5604,6338,0.2578100347112654,0.16059957173447537,2,1,2802.0,1913,0.3413633119200571,0.17068165596002854,0.5,0.999995621263154,0.5,0.5,0.171875,0.501275,8,8,['boundary_margin_error'],boundary_margin_error,Medium_Dice (25-75%)
20160328_151244_1281_1081,0.8623958630807247,0.7580808078073301,0.7769438382160891,0.9689675838202759,21014,6033,673,202680,21687,27047,0.22305616149665397,0.03103241573292756,1,3,21687.0,1886,0.08696454096924425,0.043482270484622124,3.0,0.9999905302969603,0.3125,0.6875,0.2109375,0.4998375,5,11,['high_quality'],high_quality,Medium_Dice (25-75%)
20160328_151244_1281_361,0.876683475934811,0.7804420723396523,0.8518912107482618,0.902962035501476,21644,3763,2326,202667,23970,25407,0.14810878891644036,0.09703796412181893,1,2,23970.0,3379,0.14096787651230705,0.07048393825615352,2.0,0.9999969160975554,0.3125,0.6875,0.203125,0.500025,5,11,['high_quality'],high_quality,High_Dice (>75%)
20160328_151244_1281_721,0.8443799386287825,0.7306726205729513,0.8226668061542542,0.8672703178296663,39270,8465,6010,176655,45280,47735,0.17733319367340525,0.13272968197879859,6,3,7546.666666666667,6598,0.1457155477031802,0.0728577738515901,0.5,0.9999949379769413,0.3125,0.6875,0.203125,0.4988375,5,11,"['complex_topology', 'boundary_margin_error']",complex_topology,Medium_Dice (25-75%)
20160328_151244_1921_1081,0.726875100658614,0.5709377776168243,0.7432499573575453,0.7112062122187254,4487,1550,1822,222541,6309,6037,0.256750041411297,0.28879378665398636,3,2,2103.0,1675,0.26549373910286894,0.13274686955143447,0.6666666666666666,0.9999920807699414,0.375,0.625,0.1875,0.5012375,6,10,['boundary_margin_error'],boundary_margin_error,Medium_Dice (25-75%)
20160328_151244_1921_361,0.8785077046425778,0.7833381542425981,0.9160408629605437,0.8439291944515305,27080,2482,5008,195830,32088,29562,0.08395913672958528,0.15607080528546496,2,1,16044.0,3054,0.09517576664173523,0.047587883320867615,0.5,0.9999975441758432,0.3125,0.6875,0.1953125,0.5000625,5,11,['high_quality'],high_quality,High_Dice (>75%)
20160328_151244_1921_721,0.8908061647570591,0.8031113557009182,0.8460056350281748,0.9406168656990723,40835,7433,2578,179554,43413,48268,0.15399436479655257,0.05938313408426048,4,2,10853.25,5681,0.1308594199894041,0.06542970999470205,0.5,0.9999974628029602,0.3125,0.6875,0.203125,0.49972500000000003,5,11,['high_quality'],high_quality,High_Dice (>75%)
20160328_151244_1_1,0.8605483582207336,0.7552302587207456,0.8942300427104335,0.8293118540258057,23681,2801,4874,199044,28555,26482,0.10576995695189186,0.17068814568376817,1,1,28555.0,4036,0.1413412712309578,0.0706706356154789,1.0,0.9999905765705489,0.3125,0.6875,0.1953125,0.49921249999999995,5,11,['high_quality'],high_quality,Medium_Dice (25-75%)
20160328_151244_1_1081,0.8523195162967887,0.7426452992793049,0.8619014561250501,0.8429482817389056,6210,995,1157,222038,7367,7205,0.13809854267869534,0.15705171711687255,1,1,7367.0,1519,0.20618976516899687,0.10309488258449843,1.0,0.9999898259130087,0.5625,0.4375,0.1640625,0.5013875,9,7,['high_quality'],high_quality,Medium_Dice (25-75%)
20160328_151244_1_721,0.8862839343536101,0.7957898441908707,0.8596165734933559,0.9146588373584436,18070,2951,1686,207693,19756,21021,0.14038342609771182,0.08534116217857866,1,1,19756.0,2941,0.14886616724033205,0.07443308362016603,1.0,0.9999935924509754,0.375,0.625,0.21875,0.5000625000000001,6,10,['high_quality'],high_quality,High_Dice (>75%)
20160328_151244_641_1,0.9018068988634315,0.8211733418559194,0.8993856651197335,0.9042412037771692,19764,2211,2093,206332,21857,21975,0.10061433447098976,0.09575879580912293,1,1,21857.0,3341,0.15285720821704718,0.07642860410852359,1.0,0.9999963903890021,0.4375,0.5625,0.1796875,0.5002625,7,9,['high_quality'],high_quality,High_Dice (>75%)
20160328_151244_641_361,0.8982605933890268,0.8153113050137135,0.8786185876199883,0.9188008964246425,15570,2151,1376,211303,16946,17721,0.12138141188420518,0.08119910303316417,1,1,16946.0,2183,0.12882096069868995,0.06441048034934498,1.0,0.9999826983611722,0.4375,0.5625,0.171875,0.5009874999999999,7,9,['high_quality'],high_quality,High_Dice (>75%)
20160328_151244_641_721,0.8930138750590101,0.8067073786553683,0.875535537574511,0.911204268119054,47820,6798,4660,171122,52480,54618,0.1244644622651873,0.08879573170731707,1,1,52480.0,5253,0.1000952743902439,0.05004763719512195,1.0,0.9999940753398945,0.4375,0.5625,0.1875,0.4993000000000001,7,9,['high_quality'],high_quality,High_Dice (>75%)
20160328_151752_1281_361,0.7624857260765413,0.6161429747869734,0.8020102403426195,0.7266739213433335,12687,3132,4772,209809,17459,15819,0.19798975915038877,0.2733260782404491,2,1,8729.5,2428,0.13906867518185462,0.06953433759092731,0.5,0.99998451642785,0.375,0.625,0.15625,0.500325,6,10,['boundary_margin_error'],boundary_margin_error,Medium_Dice (25-75%)
20160328_151752_1281_721,0.8098607617668259,0.6804756416308968,0.8842000317590962,0.747052216806496,5322,697,1802,222579,7124,6019,0.11579996677188902,0.2529477821448624,1,2,7124.0,1432,0.20101066816395283,0.10050533408197641,2.0,0.9999900732585311,0.375,0.625,0.15625,0.50125,6,10,['boundary_margin_error'],boundary_margin_error,Medium_Dice (25-75%)
20160328_151752_1921_721,0.7706600558879919,0.6268892990739553,0.8985898747103626,0.6746166947859914,16632,1877,8022,203869,24654,18509,0.10141012480414933,0.32538330494037476,4,1,6163.5,4532,0.18382412590249048,0.09191206295124524,0.25,0.9999947786315546,0.3125,0.6875,0.1953125,0.5004875,5,11,['boundary_margin_error'],boundary_margin_error,Medium_Dice (25-75%)
20160328_151752_1_361,0.7606327956310821,0.613726741315859,0.6616035984855234,0.8945259385370119,12501,6394,1474,210031,13975,18895,0.3383964011643292,0.10547406082289804,1,1,13975.0,2708,0.19377459749552772,0.09688729874776386,1.0,0.9999971691643326,0.3125,0.6875,0.1796875,0.4999,5,11,['boundary_margin_error'],boundary_margin_error,Medium_Dice (25-75%)
20160328_151752_1_721,0.46266408335987935,0.3009518468618369,0.3010361234919179,0.9990706226852173,1075,2496,1,226828,1076,3571,0.6989638756650798,0.0009293680297397769,5,2,215.2,573,0.5325278810408922,0.2662639405204461,0.4,0.999986893242041,0.4375,0.5625,0.171875,0.501575,7,9,"['false_crack_high_fp', 'thin_low_area_failure', 'over_segmentation', 'complex_topology']",false_crack_high_fp,Low_Dice (<25%)
20160328_151752_641_361,0.8001045079093381,0.66681182918294,0.7955318341226469,0.8047300521716532,16843,4329,4087,205141,20930,21172,0.2044681655016059,0.19526994744386048,5,1,4186.0,3827,0.18284758719541327,0.09142379359770664,0.2,0.9999977730268735,0.3125,0.6875,0.1640625,0.49998750000000003,5,11,"['complex_topology', 'boundary_margin_error']",complex_topology,Medium_Dice (25-75%)
20160328_152022_1281_721,0.8998993572966014,0.8180154818246261,0.8482937791259322,0.9581904507523772,29060,5197,1268,194875,30328,34257,0.15170622062644132,0.0418095489316803,1,1,30328.0,3008,0.09918227380638354,0.04959113690319177,1.0,0.9999962086084098,0.3125,0.6875,0.25,0.499375,5,11,['high_quality'],high_quality,High_Dice (>75%)
20160328_152022_1921_1,0.824257425317524,0.701052630963989,0.7542468849053918,0.9085948147924116,7992,2604,804,219000,8796,10596,0.24575311438278596,0.09140518417462483,1,2,8796.0,850,0.09663483401546158,0.04831741700773079,2.0,0.9999982899312537,0.5625,0.4375,0.171875,0.5010375,9,7,['boundary_margin_error'],boundary_margin_error,Medium_Dice (25-75%)
20160328_152022_1921_361,0.7946775750613208,0.6593070523032458,0.7396652716570439,0.8585304254972899,17678,6222,2913,203587,20591,23900,0.2603347280334728,0.14146957408576563,3,1,6863.666666666667,3230,0.15686464960419602,0.07843232480209801,0.3333333333333333,0.999997213654386,0.1875,0.8125,0.2421875,0.4992375,3,13,['boundary_margin_error'],boundary_margin_error,Medium_Dice (25-75%)
20160328_152022_1921_721,0.8618292512781911,0.7572055882177999,0.8051617278163157,0.9270772229451836,9484,2295,746,217875,10230,11779,0.19483827150012734,0.0729227761485826,1,2,10230.0,1710,0.16715542521994134,0.08357771260997067,2.0,0.9999890620430698,0.4375,0.5625,0.1796875,0.5007375000000001,7,9,['high_quality'],high_quality,Medium_Dice (25-75%)
20160328_152022_1_1081,0.6942706293047172,0.531710969276143,0.5710494567180945,0.8853010835490573,7101,5334,920,217045,8021,12435,0.4289505428226779,0.11469891534721356,1,5,8021.0,2299,0.28662261563396085,0.14331130781698043,5.0,0.9999962545522277,0.375,0.625,0.1953125,0.500575,6,10,['fragmented_prediction'],fragmented_prediction,Low_Dice (<25%)
20160328_152022_1_361,0.6865627309776352,0.5227221331161607,0.5487775918614347,0.9167327481493546,2312,1901,210,225977,2522,4213,0.45122240683598386,0.08326724821570182,2,1,1261.0,818,0.32434575733544807,0.16217287866772404,0.5,0.9999924498495725,0.4375,0.5625,0.1875,0.5013125,7,9,['moderate_general_error'],moderate_general_error,Low_Dice (<25%)
20160328_152022_1_721,0.7162893553417393,0.55798349754467,0.6299518879824425,0.8300512532640258,6154,3615,1260,219371,7414,9769,0.3700481113727096,0.16994874561640141,2,3,3707.0,1733,0.23374696520097113,0.11687348260048556,1.5,0.9999931839921754,0.5,0.5,0.1875,0.5015000000000001,8,8,['boundary_margin_error'],boundary_margin_error,Medium_Dice (25-75%)
20160328_152022_641_361,0.8456192318429931,0.7325305957695764,0.8257676897942993,0.8664487503698057,14844,3132,2288,210136,17132,17976,0.17423230974632845,0.1335512491244455,1,1,17132.0,2760,0.16110203128648143,0.08055101564324071,1.0,0.9999965868816343,0.3125,0.6875,0.1640625,0.49997499999999995,5,11,['boundary_margin_error'],boundary_margin_error,Medium_Dice (25-75%)
20160328_152022_641_721,0.7909045139590243,0.654129076727213,0.7076576573034746,0.8963484208847797,14139,5841,1635,208785,15774,19980,0.29234234234234235,0.10365157854697604,3,1,5258.0,2652,0.1681247622670217,0.08406238113351085,0.3333333333333333,0.9999944332408508,0.375,0.625,0.15625,0.4995375,6,10,['boundary_margin_error'],boundary_margin_error,Medium_Dice (25-75%)
20160328_152305_1281_361,0.8959424081104407,0.8114997031785851,0.8609570631404968,0.9338914722890596,15059,2432,1066,211843,16125,17491,0.1390429363672746,0.06610852713178295,2,2,8062.5,1636,0.10145736434108527,0.05072868217054263,1.0,0.9999873993530843,0.5,0.5,0.1875,0.500825,8,8,['high_quality'],high_quality,High_Dice (>75%)
20160328_152305_1281_721,0.7983258891219271,0.6643447519549074,0.6826923073276217,0.9611190486868324,12780,5940,517,211163,13297,18720,0.3173076923076923,0.038880950590358725,2,2,6648.5,1594,0.11987666390915244,0.05993833195457622,1.0,0.9999970433060339,0.375,0.625,0.203125,0.4997875,6,10,['boundary_margin_error'],boundary_margin_error,Medium_Dice (25-75%)
20160328_152305_1921_361,0.8206947160753638,0.6959137106077876,0.7547240549059973,0.8993030732222556,20130,6542,2254,201474,22384,26672,0.2452759448110378,0.10069692637598285,3,2,7461.333333333333,2186,0.0976590421729807,0.04882952108649035,0.6666666666666666,0.999993306445633,0.1875,0.8125,0.2734375,0.5002500000000001,3,13,['boundary_margin_error'],boundary_margin_error,Medium_Dice (25-75%)
20160328_152305_1921_721,0.9278324735340421,0.8653801300924789,0.9152740945210125,0.9407402706675496,14843,1374,935,213248,15778,16217,0.08472590491459579,0.05925972873621498,1,3,15778.0,1312,0.08315375839776905,0.041576879198884524,3.0,0.9999933362306865,0.25,0.75,0.2265625,0.499525,4,12,['high_quality'],high_quality,High_Dice (>75%)
20160328_152305_1_361,0.7823126886024827,0.6424577814682464,0.7046933662674009,0.8791474737456886,11261,4719,1548,212872,12809,15980,0.2953066332916145,0.12085252556796003,1,1,12809.0,3367,0.26286205012100866,0.13143102506050433,1.0,0.9999971085606386,0.5,0.5,0.1640625,0.5003,8,8,['boundary_margin_error'],boundary_margin_error,Medium_Dice (25-75%)
20160328_152305_641_361,0.7765600203784051,0.634734873237175,0.691236367960034,0.8859139505886049,10522,4700,1355,213823,11877,15222,0.30876363158586256,0.11408604866548792,2,2,5938.5,2578,0.2170581796750021,0.10852908983750105,1.0,0.9999969760086898,0.4375,0.5625,0.1484375,0.5009125000000001,7,9,['boundary_margin_error'],boundary_margin_error,Medium_Dice (25-75%)
20160328_152305_641_721,0.7944803833028155,0.6590356326838452,0.7266110493204175,0.8763347018088631,17071,6423,2409,204497,19480,23494,0.2733889503703073,0.1236652977412731,2,2,9740.0,2953,0.15159137577002055,0.07579568788501027,1.0,0.9999874754069997,0.375,0.625,0.1875,0.4996125,6,10,['boundary_margin_error'],boundary_margin_error,Medium_Dice (25-75%)
20160328_152511_1281_361,0.679630915428301,0.5147279827812383,0.5543865324098523,0.8779800040015637,6850,5506,952,217092,7802,12356,0.4456134671414697,0.12201999487310945,3,3,2600.6666666666665,2301,0.2949243783645219,0.14746218918226095,1.0,0.9999955686116375,0.375,0.625,0.2109375,0.5006375000000001,6,10,['moderate_general_error'],moderate_general_error,Low_Dice (<25%)
20160328_152511_1281_721,0.8159616912881391,0.6891345366822128,0.708327558946477,0.9621682647051228,5112,2105,201,222982,5313,7217,0.2916724400720521,0.0378317334839074,1,1,5313.0,1252,0.23564840956145303,0.11782420478072651,1.0,0.9999912567907506,0.375,0.625,0.203125,0.50105,6,10,['boundary_margin_error'],boundary_margin_error,Medium_Dice (25-75%)
20160328_152511_1921_361,0.7490719207159173,0.5988129398651103,0.669950378962383,0.849384771163489,9181,4523,1628,215068,10809,13704,0.33004962054874487,0.1506152280506985,2,2,5404.5,1974,0.1826255897862892,0.0913127948931446,1.0,0.9999945406646531,0.4375,0.5625,0.1875,0.5008375,7,9,['boundary_margin_error'],boundary_margin_error,Medium_Dice (25-75%)
20160328_152511_1921_721,0.4274362951617168,0.27180857210848114,0.7502404592810501,0.2988505743309699,2340,779,5490,221791,7830,3119,0.24975953831356204,0.7011494252873564,1,2,7830.0,1447,0.18480204342273307,0.09240102171136653,2.0,0.999994326540238,0.4375,0.5625,0.171875,0.5010249999999999,7,9,"['missed_crack_high_fn', 'thin_low_area_failure']",missed_crack_high_fn,Low_Dice (<25%)
20160328_152511_1_361,0.6502371773457467,0.48174180413939827,0.5395117148148874,0.818147905606502,8773,7488,1950,212189,10723,16261,0.46048828485333004,0.18185209363051386,1,2,10723.0,3459,0.3225776368553576,0.1612888184276788,2.0,0.9999956529971273,0.4375,0.5625,0.171875,0.5003875,7,9,['moderate_general_error'],moderate_general_error,Low_Dice (<25%)
20160328_152511_641_361,0.7802012907154696,0.6396147862569018,0.6459979733302949,0.9847864692371716,12752,6988,197,210463,12949,19740,0.35400202634245187,0.015213530002316782,1,1,12949.0,2798,0.21607846165727082,0.10803923082863541,1.0,0.999993209959359,0.375,0.625,0.1953125,0.5001625000000001,6,10,['boundary_margin_error'],boundary_margin_error,Medium_Dice (25-75%)
20160328_152511_641_721,0.7043010736910819,0.5435684628507315,0.5852568853862364,0.8841394775920165,1572,1114,206,227508,1778,2686,0.41474311243484735,0.11586051743532058,1,2,1778.0,514,0.2890888638920135,0.14454443194600675,2.0,0.9999929311185651,0.4375,0.5625,0.1875,0.5017125,7,9,['moderate_general_error'],moderate_general_error,Low_Dice (<25%)
20160328_152747_1281_361,0.7936581950751309,0.6579049087373374,0.7355758836450509,0.8616994339197541,10212,3671,1639,214878,11851,13883,0.26442411582510983,0.13830056535313476,2,2,5925.5,3166,0.26715045143869715,0.13357522571934857,1.0,0.9999961530111654,0.375,0.625,0.1875,0.50025,6,10,['boundary_margin_error'],boundary_margin_error,Medium_Dice (25-75%)
20160328_152747_1281_721,0.7050960720444944,0.5445161272757544,0.5636060081348714,0.9414389239183552,1688,1307,105,227300,1793,2995,0.43639398998330553,0.05856107083100948,1,1,1793.0,390,0.21751254880089235,0.10875627440044618,1.0,0.9999961264978712,0.3125,0.6875,0.1875,0.5010625,5,11,['moderate_general_error'],moderate_general_error,Low_Dice (<25%)
20160328_152747_1921_361,0.798411179496561,0.6644628893618073,0.8215393789847617,0.7765495455549323,13769,2991,3962,209678,17731,16760,0.17846062052505968,0.2234504540071062,1,1,17731.0,3321,0.18729908070610796,0.09364954035305398,1.0,0.9999962506035223,0.3125,0.6875,0.2109375,0.49991250000000004,5,11,['boundary_margin_error'],boundary_margin_error,Medium_Dice (25-75%)
20160328_152747_1_361,0.7770803803291839,0.6354304631553441,0.6849657333773803,0.8978197802022834,9595,4413,1092,215300,10687,14008,0.31503426613363794,0.10218021895761205,1,1,10687.0,2884,0.26986057827266774,0.13493028913633387,1.0,0.9999981132985161,0.5,0.5,0.1875,0.500425,8,8,['boundary_margin_error'],boundary_margin_error,Medium_Dice (25-75%)
20160328_152747_641_361,0.7606210209300308,0.6137114101296129,0.6683982185932195,0.8823662389733488,11709,5809,1561,211321,13270,17518,0.3316017810252312,0.11763376036171816,1,1,13270.0,3624,0.27309721175584023,0.13654860587792012,1.0,0.9999982053717389,0.4375,0.5625,0.1640625,0.5004625,7,9,['boundary_margin_error'],boundary_margin_error,Medium_Dice (25-75%)
20160328_153548_1281_1081,0.7327433602380765,0.578212287272557,0.662612031609398,0.8194774281909942,1035,527,228,228610,1263,1562,0.3373879641485275,0.18052256532066507,1,2,1263.0,218,0.1726049089469517,0.08630245447347586,2.0,0.9999911024900694,0.4375,0.5625,0.1953125,0.5014624999999999,7,9,['boundary_margin_error'],boundary_margin_error,Medium_Dice (25-75%)
20160328_153548_1281_361,0.8764713656417992,0.7801059437550254,0.9464438718274153,0.8161330039210185,6627,375,1493,221905,8120,7002,0.05355612682090831,0.18386699507389162,1,2,8120.0,1052,0.12955665024630542,0.06477832512315271,2.0,0.9999926659536831,0.375,0.625,0.1640625,0.5008375,6,10,['high_quality'],high_quality,High_Dice (>75%)
20160328_153548_1281_721,0.8250836585288127,0.7022488575617846,0.8172778120235903,0.8330400503860632,23670,5292,4744,196694,28414,28962,0.18272218769422002,0.16695994932075736,3,2,9471.333333333334,4591,0.161575279791652,0.080787639895826,0.6666666666666666,0.9999978138588905,0.1875,0.8125,0.25,0.498375,3,13,['boundary_margin_error'],boundary_margin_error,Medium_Dice (25-75%)
20160328_153548_1921_361,0.9092743438796523,0.8336416575309067,0.9188189088364153,0.8999260348373328,12167,1075,1353,215805,13520,13242,0.08118109046971757,0.10007396449704142,1,1,13520.0,1494,0.11050295857988165,0.05525147928994083,1.0,0.999992563831771,0.4375,0.5625,0.1875,0.5004625,7,9,['high_quality'],high_quality,High_Dice (>75%)
20160328_153548_1921_721,0.8993665256447636,0.8171353557746578,0.8920795894327953,0.9067734882028273,16185,1958,1664,210593,17849,18143,0.10792041007551122,0.09322651128914786,2,1,8924.5,2779,0.15569499691859487,0.07784749845929743,0.5,0.9999971385555702,0.25,0.75,0.203125,0.499725,4,12,['high_quality'],high_quality,High_Dice (>75%)
20160328_153548_1_1,0.7898804277432647,0.652729239202559,0.8301497429334094,0.7533371743237601,15689,3210,5137,206364,20826,18899,0.16985025662733477,0.2466628253145107,1,1,20826.0,3686,0.1769903005858062,0.0884951502929031,1.0,0.9999963861977477,0.375,0.625,0.140625,0.5000625,6,10,['boundary_margin_error'],boundary_margin_error,Medium_Dice (25-75%)
20160328_153548_1_1081,0.7455595441321118,0.5943363358895295,0.7272838000221425,0.7647774573279611,23884,8956,7346,190214,31230,32840,0.27271619975639466,0.23522254242715337,1,1,31230.0,4278,0.13698366954851104,0.06849183477425552,1.0,0.9999972725975202,0.25,0.75,0.21875,0.4996625,4,12,['boundary_margin_error'],boundary_margin_error,Medium_Dice (25-75%)
20160328_153548_641_1,0.8087180422947232,0.6788636704047187,0.7726234391624962,0.8483503745931886,4397,1294,786,223923,5183,5691,0.2273765594798805,0.15164962377001737,1,2,5183.0,1078,0.20798765193903146,0.10399382596951573,2.0,0.9999884732540077,0.3125,0.6875,0.1640625,0.501,5,11,['boundary_margin_error'],boundary_margin_error,Medium_Dice (25-75%)
20160328_153548_641_1081,0.7182971970602069,0.5604241446711953,0.6672069944654647,0.7778604966339133,13583,6775,3879,206163,17462,20358,0.33279300520679833,0.22213950292062765,1,1,17462.0,3550,0.2032985912266636,0.1016492956133318,1.0,0.9999957259835732,0.3125,0.6875,0.1796875,0.499725,5,11,['boundary_margin_error'],boundary_margin_error,Medium_Dice (25-75%)
20160328_153548_641_361,0.6592776893166873,0.4917332128087581,0.5903321623138913,0.7464572293896923,4372,3034,1485,221509,5857,7406,0.40966783688900893,0.25354276933583747,10,3,585.7,2268,0.38722895680382446,0.19361447840191223,0.3,0.9999976357578836,0.375,0.625,0.171875,0.4996750000000001,6,10,['complex_topology'],complex_topology,Low_Dice (<25%)
20160328_153548_641_721,0.7866343100035361,0.6483076919752269,0.7828833287200376,0.7904214075338118,12642,3506,3352,210900,15994,16148,0.2171166707951449,0.2095785919719895,2,1,7997.0,3223,0.2015130674002751,0.10075653370013755,0.5,0.9999958369950566,0.3125,0.6875,0.1875,0.49941250000000004,5,11,['boundary_margin_error'],boundary_margin_error,Medium_Dice (25-75%)
20160328_153604_1281_1,0.647804265591089,0.47907580914997144,0.5076197025782915,0.8949557966806105,5163,5008,606,219623,5769,10171,0.49238029692262314,0.10504420176807072,1,2,5769.0,1772,0.3071589530247877,0.15357947651239384,2.0,0.9999935256688086,0.5,0.5,0.171875,0.49992499999999995,8,8,['moderate_general_error'],moderate_general_error,Low_Dice (<25%)
20160328_153604_1281_361,0.7843409644408921,0.6451981530167764,0.7401678024435407,0.8341212617692227,14115,4955,2807,208523,16922,19070,0.25983219716832723,0.16587873773785605,1,1,16922.0,3158,0.18662096678879564,0.09331048339439782,1.0,0.9999959606086506,0.5,0.5,0.15625,0.4998125,8,8,['boundary_margin_error'],boundary_margin_error,Medium_Dice (25-75%)
20160328_153604_1281_721,0.7323723635829111,0.5777503917892951,0.627295949016363,0.8797338784717385,10314,6128,1410,212548,11724,16442,0.37270405060211653,0.1202661207778915,1,1,11724.0,2934,0.2502558853633572,0.1251279426816786,1.0,0.999995139080735,0.4375,0.5625,0.1953125,0.5003249999999999,7,9,['boundary_margin_error'],boundary_margin_error,Medium_Dice (25-75%)
20160328_153604_1921_361,0.7428486401283902,0.590898330813766,0.6780063823738668,0.8214050667806803,9985,4742,2171,213502,12156,14727,0.32199361716575,0.17859493254359987,2,2,6078.0,3155,0.25954261270154655,0.12977130635077327,1.0,0.9999949294500443,0.3125,0.6875,0.171875,0.5007,5,11,['boundary_margin_error'],boundary_margin_error,Medium_Dice (25-75%)
20160328_153604_1921_721,0.8023215319008236,0.6698972664793582,0.707230558862735,0.9269557434716533,10368,4292,817,214923,11185,14660,0.2927694406548431,0.07304425569959767,1,1,11185.0,2448,0.218864550737595,0.1094322753687975,1.0,0.9999955587307879,0.25,0.75,0.2109375,0.5003124999999999,4,12,['boundary_margin_error'],boundary_margin_error,Medium_Dice (25-75%)
20160328_153604_1_1,0.820693709260947,0.695912262747815,0.7646242600126896,0.8856369473137905,10470,3223,1352,215355,11822,13693,0.23537573942890527,0.11436305193706649,1,1,11822.0,2152,0.18203349687024192,0.09101674843512096,1.0,0.9999900825945164,0.5,0.5,0.1484375,0.499725,8,8,['boundary_margin_error'],boundary_margin_error,Medium_Dice (25-75%)
20160328_153604_1_361,0.7663934423374094,0.6212624580964891,0.7064844067135015,0.8374043308602799,10285,4273,1997,213845,12282,14558,0.293515592801209,0.16259566845790588,1,2,12282.0,2675,0.21779840416870216,0.10889920208435108,2.0,0.9999970469299408,0.5,0.5,0.171875,0.500075,8,8,['boundary_margin_error'],boundary_margin_error,Medium_Dice (25-75%)
20160328_153604_641_1,0.7583307515341281,0.6107349058302552,0.6522036989783028,0.9057082442857207,8568,4569,892,216371,9460,13137,0.3477963005252341,0.09429175475687103,1,2,9460.0,1886,0.19936575052854122,0.09968287526427061,2.0,0.9999860542977671,0.5625,0.4375,0.1640625,0.49977499999999997,9,7,['boundary_margin_error'],boundary_margin_error,Medium_Dice (25-75%)
20160328_153604_641_1081,0.8515142906582545,0.7414234968115536,0.8546698451048669,0.8483819515108392,16490,2804,2947,208159,19437,19294,0.1453301544521613,0.15161804805268303,1,1,19437.0,2413,0.1241446725317693,0.06207233626588465,1.0,0.9999933814554699,0.4375,0.5625,0.1953125,0.49956249999999996,7,9,['high_quality'],high_quality,Medium_Dice (25-75%)
20160328_153604_641_361,0.7571140667050613,0.6091581266013066,0.6717207835446904,0.8673808638915276,14088,6885,2154,207273,16242,20973,0.32827921613503075,0.13261913557443664,3,1,5414.0,4470,0.27521241226449944,0.13760620613224972,0.3333333333333333,0.9999939530248141,0.375,0.625,0.1796875,0.49866250000000006,6,10,['boundary_margin_error'],boundary_margin_error,Medium_Dice (25-75%)
20160328_153604_641_721,0.7798650022988204,0.6391628826057288,0.7339246115335742,0.8319407643285506,12247,4440,2474,211239,14721,16687,0.2660753880266075,0.1680592351063107,2,2,7360.5,3390,0.23028326879967392,0.11514163439983696,1.0,0.9999942650850697,0.4375,0.5625,0.15625,0.49970000000000003,7,9,['boundary_margin_error'],boundary_margin_error,Medium_Dice (25-75%)
20160328_153620_1281_1081,0.8755105649520324,0.7785849627966362,0.9149962846510902,0.8392917914903241,2465,229,472,227234,2937,2694,0.085003711952487,0.16070820565202587,1,1,2937.0,555,0.18896833503575078,0.09448416751787539,1.0,0.9999936603777457,0.375,0.625,0.1796875,0.5009375,6,10,['high_quality'],high_quality,High_Dice (>75%)
20160328_153620_1281_361,0.7987951390764885,0.6649949272286144,0.8327540329283615,0.7674973487169721,34740,6977,10524,178159,45264,41717,0.1672459668720186,0.23250265111346766,2,1,22632.0,7174,0.1584924001413927,0.07924620007069635,0.5,0.999995756485739,0.3125,0.6875,0.203125,0.4983625,5,11,['boundary_margin_error'],boundary_margin_error,Medium_Dice (25-75%)
20160328_153620_1281_721,0.852339716052295,0.7426759712555613,0.768878130792211,0.9561271487407639,20965,6302,962,202171,21927,27267,0.23112186892580774,0.043872850823186024,12,2,1827.25,5996,0.2734528207233092,0.1367264103616546,0.16666666666666666,0.9999976825761008,0.25,0.75,0.234375,0.49893750000000003,4,12,"['complex_topology', 'high_quality']",complex_topology,Medium_Dice (25-75%)
20160328_153620_1921_1081,0.8902594035637402,0.8022229757320355,0.8713482620299067,0.9100096237632246,9455,1396,935,218614,10390,10851,0.12865173716708136,0.08999037536092397,1,3,10390.0,1998,0.1923002887391723,0.09615014436958615,3.0,0.9999887149645819,0.375,0.625,0.1640625,0.5011125,6,10,['high_quality'],high_quality,High_Dice (>75%)
20160328_153620_1921_361,0.9033439788178119,0.8237259098290575,0.8520421721591086,0.9612193899846012,28851,5010,1164,195375,30015,33861,0.147957827589262,0.03878060969515242,2,1,15007.5,4710,0.15692153923038482,0.07846076961519241,0.5,0.9999880104670187,0.375,0.625,0.203125,0.499625,6,10,['high_quality'],high_quality,High_Dice (>75%)
20160328_153620_1_361,0.9158346522409846,0.8447370635245143,0.8767374767967078,0.9585815780550605,30087,4230,1300,194783,31387,34317,0.12326252294781012,0.04141842163953229,2,2,15693.5,3918,0.1248287507566827,0.06241437537834135,1.0,0.999997671583817,0.4375,0.5625,0.1484375,0.49912500000000004,7,9,['high_quality'],high_quality,High_Dice (>75%)
20160328_153620_1_721,0.9526176533691834,0.9095223501078961,0.9323603249649085,0.9737747894217755,5941,431,160,223868,6101,6372,0.06763967357187696,0.026225208982134075,1,3,6101.0,709,0.11621045730208163,0.05810522865104081,3.0,0.9999910235359528,0.4375,0.5625,0.171875,0.50055,7,9,['high_quality'],high_quality,High_Dice (>75%)
20160328_153620_641_361,0.8633630777397867,0.7595768365706271,0.7884637605034519,0.9539860126517679,6821,1830,329,221420,7150,8651,0.21153623858513468,0.046013986013986014,4,2,1787.5,1854,0.2593006993006993,0.12965034965034966,0.5,0.9999877010404259,0.375,0.625,0.2265625,0.5006625,6,10,['high_quality'],high_quality,Medium_Dice (25-75%)
20160328_153620_641_721,0.8805211699005507,0.7865456194668097,0.8509271625577655,0.9122478202181173,43319,7589,4167,175325,47486,50908,0.14907283727508447,0.08775217958977383,3,1,15828.666666666666,8363,0.17611506549298742,0.08805753274649371,0.3333333333333333,0.9999965093060791,0.3125,0.6875,0.21875,0.497475,5,11,['high_quality'],high_quality,High_Dice (>75%)
20160328_153629_1281_361,0.9663994724023282,0.9349835324179502,0.9370741046240694,0.997619586264317,8801,591,21,220987,8822,9392,0.06292589437819421,0.0023804126048515076,1,1,8822.0,698,0.07912038086601678,0.03956019043300839,1.0,0.9999927505084145,0.375,0.625,0.1953125,0.5013625,6,10,['high_quality'],high_quality,High_Dice (>75%)
20160328_153629_1281_721,0.9145206843091624,0.8425040174322707,0.9021182443962313,0.9272688983250078,22018,2389,1727,204266,23745,24407,0.09788175523415414,0.07273110128448095,1,1,23745.0,3705,0.1560328490208465,0.07801642451042325,1.0,0.999993328063326,0.1875,0.8125,0.2421875,0.4993,3,13,['high_quality'],high_quality,High_Dice (>75%)
20160328_153629_1921_361,0.9242752597562305,0.859211678581252,0.9090852921105047,0.9399814734915574,29428,2943,1879,196150,31307,32371,0.09091470760866208,0.06001852620819625,1,1,31307.0,3988,0.1273836522183537,0.06369182610917686,1.0,0.9999972778178362,0.5,0.5,0.171875,0.49924999999999997,8,8,['high_quality'],high_quality,High_Dice (>75%)
20160328_153629_1_361,0.9134079375945773,0.8406171636966846,0.8608148825204205,0.9728457207661101,32853,5312,917,191318,33770,38165,0.13918511725402857,0.02715427894580989,3,1,11256.666666666666,4891,0.14483269173822919,0.07241634586911459,0.3333333333333333,0.9999953479533392,0.4375,0.5625,0.171875,0.4992625,7,9,['high_quality'],high_quality,High_Dice (>75%)
20160328_153629_641_361,0.8555519461484145,0.7475673039672662,0.8093231491446553,0.9073818888706872,9219,2172,941,218068,10160,11391,0.1906768501448512,0.09261811023622048,2,1,5080.0,1951,0.19202755905511812,0.09601377952755906,0.5,0.999995774842128,0.4375,0.5625,0.1484375,0.500875,7,9,['high_quality'],high_quality,Medium_Dice (25-75%)
20160328_153629_641_721,0.9414218900875775,0.8893268066590405,0.9128576552435947,0.9718314747762039,27980,2671,811,198938,28791,30651,0.0871423444585821,0.028168524886249175,6,1,4798.5,3676,0.12767878851029835,0.06383939425514917,0.16666666666666666,0.9999902516944978,0.25,0.75,0.21875,0.4986125,4,12,"['complex_topology', 'high_quality']",complex_topology,High_Dice (>75%)
20160328_153829_1281_361,0.8792915953395438,0.7845855279419851,0.8101285585774921,0.961366232988059,31130,7296,1251,190723,32381,38426,0.1898714412116796,0.03863376671504895,7,1,4625.857142857143,7820,0.24149964485346345,0.12074982242673173,0.14285714285714285,0.9999958480415686,0.375,0.625,0.1796875,0.49851249999999997,6,10,"['complex_topology', 'high_quality']",complex_topology,High_Dice (>75%)
20160328_153829_1281_721,0.7942170912974035,0.6586733694475472,0.7217630838699659,0.882840847893103,3406,1313,452,225229,3858,4719,0.27823691460055094,0.11715914981855884,3,1,1286.0,1468,0.3805080352514256,0.1902540176257128,0.3333333333333333,0.9999906036970203,0.375,0.625,0.203125,0.5017375,6,10,['boundary_margin_error'],boundary_margin_error,Medium_Dice (25-75%)
20160328_153829_1921_1,0.8286710983504089,0.7074623508251059,0.7333410994356395,0.9524890296300554,18885,6867,942,203706,19827,25752,0.26665890027958994,0.04751096988954456,14,1,1416.2142857142858,6747,0.3402935391133303,0.17014676955666516,0.07142857142857142,0.9999955753814785,0.3125,0.6875,0.2421875,0.4987875,5,11,"['complex_topology', 'boundary_margin_error']",complex_topology,Medium_Dice (25-75%)
20160328_153829_1921_361,0.8276263675429463,0.7059407893782222,0.7248062000717949,0.9644408225720933,3553,1349,131,225367,3684,4902,0.2751937984496124,0.035559174809989144,2,2,1842.0,976,0.26492942453854507,0.13246471226927253,1.0,0.9999941972420574,0.4375,0.5625,0.171875,0.5020875,7,9,['boundary_margin_error'],boundary_margin_error,Medium_Dice (25-75%)
20160328_153829_1_1,0.8250225290815503,0.7021602962622352,0.7238743682302331,0.9590292725606534,16479,6286,704,206931,17183,22765,0.27612563145179003,0.04097072688121981,4,1,4295.75,5674,0.33021009136937673,0.16510504568468837,0.25,0.9999948736495958,0.375,0.625,0.203125,0.499325,6,10,['boundary_margin_error'],boundary_margin_error,Medium_Dice (25-75%)
20160328_153829_1_721,0.8635242343732754,0.7598263513318945,0.865775399912065,0.8612847441663988,6476,1004,1043,221877,7519,7480,0.13422459893048128,0.13871525468812343,1,1,7519.0,1642,0.2183801037371991,0.10919005186859955,1.0,0.999989880229872,0.3125,0.6875,0.1796875,0.5009,5,11,['high_quality'],high_quality,Medium_Dice (25-75%)
20160328_153829_641_1,0.8620113203912334,0.7574867270978368,0.838382109168588,0.8870111052106403,14696,2833,1872,210999,16568,17529,0.1616178903531291,0.11298889425398358,5,2,3313.6,3613,0.21807098020280058,0.10903549010140029,0.4,0.9999934531667045,0.375,0.625,0.1953125,0.5001125000000001,6,10,"['complex_topology', 'high_quality']",complex_topology,Medium_Dice (25-75%)
20160328_153829_641_1081,0.7136242973556243,0.5547557341829775,0.569233798927286,0.9561621158706995,5780,4374,265,219981,6045,10154,0.43076620051211345,0.043837882547559964,2,2,3022.5,1958,0.323904052936311,0.1619520264681555,1.0,0.9999958587972906,0.375,0.625,0.171875,0.500225,6,10,['moderate_general_error'],moderate_general_error,Medium_Dice (25-75%)
20160328_153829_641_361,0.8619282533272865,0.757358449365987,0.7692976725708875,0.9799196773578179,7076,2122,145,221057,7221,9198,0.23070232659273754,0.020080321285140562,2,1,3610.5,2066,0.2861099570696579,0.14305497853482896,0.5,0.9999759505843745,0.4375,0.5625,0.1796875,0.5009250000000001,7,9,['high_quality'],high_quality,Medium_Dice (25-75%)
20160328_153829_641_721,0.8179727563807311,0.6920083786530727,0.6987005116388622,0.9863481186589244,2312,997,32,227059,2344,3309,0.3012994862496222,0.013651877133105802,2,2,1172.0,1120,0.4778156996587031,0.23890784982935154,1.0,0.9999913340106705,0.375,0.625,0.203125,0.5014625,6,10,['boundary_margin_error'],boundary_margin_error,Medium_Dice (25-75%)
20160329_103807_1081_1,0.2264991891683566,0.1277130451731482,0.17928159018832074,0.30748074638349426,559,2559,1259,226023,1818,3118,0.8207184092366901,0.6925192519251925,1,4,1818.0,702,0.38613861386138615,0.19306930693069307,4.0,0.9999941038584734,0.4375,0.5625,0.1640625,0.501525,7,9,"['missed_crack_high_fn', 'false_crack_high_fp', 'thin_low_area_failure', 'fragmented_prediction']",missed_crack_high_fn,Low_Dice (<25%)
20160329_103807_361_1,0.7831030177974989,0.6435244965273359,0.84357263723809,0.7307227873336541,16944,3142,6244,204070,23188,20086,0.1564273623419297,0.26927721235121616,2,1,11594.0,1985,0.08560462308090391,0.04280231154045196,0.5,0.999990064388631,0.4375,0.5625,0.1640625,0.500475,7,9,['boundary_margin_error'],boundary_margin_error,Medium_Dice (25-75%)
20160329_103807_361_1281,0.7267276499766734,0.5707558559355818,0.7394024712218357,0.7144800481516081,23635,8330,9445,188990,33080,31965,0.2605975285468481,0.2855199516324063,4,2,8270.0,5043,0.1524486094316808,0.0762243047158404,0.5,0.9999988628118275,0.4375,0.5625,0.1953125,0.5003625,7,9,['boundary_margin_error'],boundary_margin_error,Medium_Dice (25-75%)
20160329_103807_361_1921,0.6660769256809601,0.49933683471289275,0.8217934162133095,0.5599714420038161,18824,4082,14792,192702,33616,22906,0.1782065834279228,0.4400285578296049,6,2,5602.666666666667,5092,0.15147548786292242,0.07573774393146121,0.3333333333333333,0.9999970373656654,0.4375,0.5625,0.1953125,0.4999,7,9,['complex_topology'],complex_topology,Low_Dice (<25%)
20160329_103807_361_641,0.8105589697617138,0.6814620894651086,0.9153425162162327,0.7273013737390652,34621,3202,12981,179596,47602,37823,0.08465748354176031,0.2726986261081467,3,1,15867.333333333334,4507,0.09468089576068232,0.04734044788034116,0.3333333333333333,0.9999979814908786,0.375,0.625,0.2109375,0.49983750000000005,6,10,['boundary_margin_error'],boundary_margin_error,Medium_Dice (25-75%)
20160329_103807_721_1,0.6816241387693741,0.5170180665573765,0.701322684950675,0.6630019342882074,14051,5984,7142,203223,21193,20035,0.2986773146992763,0.3369980653989525,1,5,21193.0,3008,0.14193365733968763,0.07096682866984381,5.0,0.9999944403298867,0.375,0.625,0.1875,0.5005625,6,10,"['fragmented_prediction', 'boundary_margin_error']",fragmented_prediction,Low_Dice (<25%)
20160329_103807_721_1281,0.6588037054363866,0.49120602860802126,0.5879699226016167,0.7490421420065031,1564,1096,524,227216,2088,2660,0.4120300751879699,0.2509578544061303,2,1,1044.0,664,0.31800766283524906,0.15900383141762453,0.5,0.9999958372043215,0.4375,0.5625,0.1875,0.5015000000000001,7,9,['moderate_general_error'],moderate_general_error,Low_Dice (<25%)
20160330_165956_1281_721,0.6581023666507676,0.4904266542360722,0.5143896264117729,0.9132509813121127,6506,6142,618,217134,7124,12648,0.48561037318153066,0.08674901740595171,5,1,1424.8,3495,0.49059517125210556,0.24529758562605278,0.2,0.9999960117250487,0.3125,0.6875,0.1796875,0.500075,5,11,['complex_topology'],complex_topology,Low_Dice (<25%)
20160330_165956_1921_721,0.7461313773251312,0.5950634411230536,0.6163877188454793,0.9450566735751627,6003,3736,349,220312,6352,9739,0.3836122805216141,0.05494332493702771,2,1,3176.0,3591,0.5653337531486146,0.2826668765743073,0.5,0.9999938572604645,0.25,0.75,0.21875,0.5000125,4,12,['boundary_margin_error'],boundary_margin_error,Medium_Dice (25-75%)
20160330_165956_1_1081,0.8416829316625012,0.726642950078035,0.8071963385948457,0.8792478467611602,7762,1854,1066,219718,8828,9616,0.1928036605657238,0.12075215224286362,1,1,8828.0,3489,0.3952197553239692,0.1976098776619846,1.0,0.9999913157573408,0.4375,0.5625,0.1953125,0.5005375,7,9,['boundary_margin_error'],boundary_margin_error,Medium_Dice (25-75%)
20160330_165956_1_721,0.6763488199537696,0.5109720975960956,0.5213779123390295,0.9624088255799349,5146,4724,201,220329,5347,9870,0.4786220871327254,0.03759117262016084,5,3,1069.4,4121,0.7707125490929493,0.38535627454647464,0.6,0.9999871194941243,0.3125,0.6875,0.234375,0.5011875,5,11,['complex_topology'],complex_topology,Low_Dice (<25%)
20160330_165956_641_721,0.8124902415755971,0.6841966862264908,0.7059142695732372,0.9569694728981618,7806,3252,351,218991,8157,11058,0.2940857297883885,0.04303052592865024,2,1,4078.5,4056,0.49724163295329166,0.24862081647664583,0.5,0.9999927152244539,0.375,0.625,0.1953125,0.5006625,6,10,['boundary_margin_error'],boundary_margin_error,Medium_Dice (25-75%)
20160330_170359_1281_721,0.8129021236672405,0.6847810444901958,0.9362581149792583,0.7182673439859467,28554,1944,11200,188702,39754,30498,0.06374188471375172,0.28173265583337526,1,1,39754.0,3228,0.08119937616340495,0.04059968808170247,1.0,0.9999924168156971,0.375,0.625,0.1875,0.5001875,6,10,['boundary_margin_error'],boundary_margin_error,Medium_Dice (25-75%)
20160330_170359_1921_361,0.8581722548696457,0.7515776863275242,0.8363748201576918,0.8811362526969075,16316,3192,2201,208691,18517,19508,0.1636251794135739,0.11886374682723984,1,1,18517.0,1564,0.08446292595992871,0.04223146297996436,1.0,0.9999867835409282,0.25,0.75,0.1875,0.50025,4,12,['high_quality'],high_quality,Medium_Dice (25-75%)
20160330_170359_1921_721,0.8756688127152288,0.7788352957013892,0.9373392219883807,0.8216124225391992,19312,1291,4193,205604,23505,20603,0.0626607775566665,0.17838757711125292,2,3,11752.5,1744,0.07419697936609232,0.03709848968304616,1.5,0.9999868551537381,0.1875,0.8125,0.2265625,0.500275,3,13,['high_quality'],high_quality,High_Dice (>75%)
20160330_170359_1_721,0.8549593406327396,0.7466628661947976,0.8290740298997615,0.8825131240328701,31436,6481,4185,188298,35621,37917,0.17092596988158346,0.11748687571937902,1,1,35621.0,3446,0.09674068667359143,0.04837034333679571,1.0,0.9999771714892968,0.25,0.75,0.203125,0.5002624999999999,4,12,['high_quality'],high_quality,Medium_Dice (25-75%)
20160330_170359_641_721,0.8601274616480381,0.7545821420451257,0.8651714273753506,0.8551419675871366,26925,4196,4561,194718,31486,31121,0.13482857234664697,0.14485803214126913,1,1,31486.0,3540,0.11243092167947659,0.056215460839738295,1.0,0.99998362090804,0.4375,0.5625,0.15625,0.500325,7,9,['high_quality'],high_quality,Medium_Dice (25-75%)
20160330_172309_1281_361,0.8591036576600205,0.753007635994343,0.7918591850474597,0.9388287453517299,7198,1892,469,220841,7667,9090,0.20814081408140814,0.061171253423764185,1,1,7667.0,2848,0.37146211034302856,0.18573105517151428,1.0,0.9999969864276319,0.25,0.75,0.1875,0.4996125,4,12,['high_quality'],high_quality,Medium_Dice (25-75%)
20160330_172309_1281_721,0.8630966114302532,0.7591644286644712,0.8054396074983636,0.9296447822698564,24313,5873,1840,198374,26153,30186,0.19456039223481084,0.07035521737467977,4,2,6538.25,4491,0.1717202615378733,0.08586013076893664,0.5,0.9999953502592169,0.25,0.75,0.2265625,0.4994,4,12,['high_quality'],high_quality,Medium_Dice (25-75%)
20160330_172309_1921_361,0.8936247171383195,0.8077048818615383,0.8174598793263884,0.9854407652004782,14823,3310,219,212048,15042,18133,0.18254012022279822,0.014559234144395692,1,1,15042.0,1696,0.1127509639675575,0.05637548198377875,1.0,0.9999966839240351,0.375,0.625,0.1875,0.5002625,6,10,['high_quality'],high_quality,High_Dice (>75%)
20160330_172309_1921_721,0.8697502982739577,0.7695204846731947,0.8359862278149862,0.9063565047842269,16754,3287,1731,208628,18485,20041,0.16401377176787585,0.09364349472545307,1,1,18485.0,2827,0.15293481200973763,0.07646740600486882,1.0,0.999997312780801,0.25,0.75,0.21875,0.49950000000000006,4,12,['high_quality'],high_quality,Medium_Dice (25-75%)
20160330_172309_1_721,0.8913014623493478,0.803916873777094,0.9172312057925966,0.8667974594110189,16789,1515,2580,209516,19369,18304,0.08276879370629371,0.13320254014146315,1,1,19369.0,3466,0.17894573803500438,0.08947286901750219,1.0,0.9999934393351719,0.25,0.75,0.1796875,0.49965,4,12,['high_quality'],high_quality,High_Dice (>75%)
20160330_172309_641_361,0.7681984530943505,0.6236381623518052,0.6236381623518052,0.9999999947061938,1889,1140,0,227371,1889,3029,0.3763618355893034,0.0,1,1,1889.0,624,0.33033350979354154,0.16516675489677077,1.0,0.9999859164534725,0.375,0.625,0.1484375,0.5009375,6,10,['boundary_margin_error'],boundary_margin_error,Medium_Dice (25-75%)
20160330_172309_641_721,0.8570130016301697,0.7498011813366844,0.8604347964993205,0.8536183144106518,26399,4282,4527,195192,30926,30681,0.13956520322023402,0.1463816853133286,3,2,10308.666666666666,6929,0.2240509603569812,0.1120254801784906,0.6666666666666666,0.9999979484994461,0.25,0.75,0.1875,0.49788750000000004,4,12,['high_quality'],high_quality,Medium_Dice (25-75%)
20160402_150314_1281_1081,0.8212634806986451,0.6967320238668888,0.7192982431872529,0.9569120244303768,2132,832,96,227340,2228,2964,0.2807017543859649,0.04308797127468582,1,1,2228.0,838,0.3761220825852783,0.18806104129263915,1.0,0.9999958167044654,0.3125,0.6875,0.1796875,0.5015375,5,11,['boundary_margin_error'],boundary_margin_error,Medium_Dice (25-75%)
20160402_150314_1281_361,0.8375906647448829,0.7205642963638574,0.7387011531932955,0.9670489696576571,5312,1879,181,223028,5493,7191,0.2612988457794465,0.032951028581831424,1,1,5493.0,1826,0.3324230839249954,0.1662115419624977,1.0,0.9999835115114672,0.5,0.5,0.171875,0.5012875,8,8,['boundary_margin_error'],boundary_margin_error,Medium_Dice (25-75%)
20160402_150314_1281_721,0.8475334559681592,0.7354082948066415,0.8191473214844884,0.8779575568111574,10798,2384,1501,215717,12299,13182,0.180852677894098,0.12204244247499797,3,2,4099.666666666667,3719,0.30238230750467515,0.15119115375233758,0.6666666666666666,0.999994847517157,0.375,0.625,0.1875,0.5007625,6,10,['boundary_margin_error'],boundary_margin_error,Medium_Dice (25-75%)
20160402_150314_1921_1,0.8436949164672026,0.7296473296558608,0.8009950241510674,0.8912037028067595,8855,2200,1081,218264,9936,11055,0.19900497512437812,0.1087962962962963,2,1,4968.0,2878,0.2896537842190016,0.1448268921095008,0.5,0.9999906009499411,0.375,0.625,0.1796875,0.5007375000000001,6,10,['boundary_margin_error'],boundary_margin_error,Medium_Dice (25-75%)
20160402_150314_1921_361,0.848530977548286,0.7369116849896571,0.7416178798786113,0.9914621095999213,2787,971,24,226618,2811,3758,0.25838211814795103,0.008537886872998933,1,1,2811.0,1008,0.35859124866595515,0.17929562433297758,1.0,0.9999907754171036,0.375,0.625,0.1875,0.5015875,6,10,['boundary_margin_error'],boundary_margin_error,Medium_Dice (25-75%)
20160402_150314_1_361,0.9021593346127013,0.8217579864327903,0.9040387067723813,0.900287759854016,26906,2856,2980,197658,29886,29762,0.09596129292386264,0.09971223984474335,1,1,29886.0,5157,0.172555711704477,0.0862778558522385,1.0,0.9999981327920466,0.375,0.625,0.1796875,0.49936250000000004,6,10,['high_quality'],high_quality,High_Dice (>75%)
20160402_150314_1_721,0.8106672328885108,0.6816151503648248,0.7942125525198163,0.8278181611936442,7630,1977,1587,219206,9217,9607,0.20578744665348184,0.1721818379082131,2,3,4608.5,3065,0.3325377020722578,0.1662688510361289,1.5,0.9999899683145845,0.4375,0.5625,0.1796875,0.501,7,9,['boundary_margin_error'],boundary_margin_error,Medium_Dice (25-75%)
20160402_150314_641_361,0.8728204481764762,0.7743402076132844,0.9085349975168684,0.83980757565868,6983,703,1332,221382,8315,7686,0.09146500130106687,0.16019242333132894,1,1,8315.0,1802,0.21671677690920024,0.10835838845460012,1.0,0.9999924213029016,0.25,0.75,0.1796875,0.5010874999999999,4,12,['high_quality'],high_quality,Medium_Dice (25-75%)
20160402_150314_641_721,0.862960124036916,0.7589532630119769,0.8635541217497034,0.8623669425891171,21955,3469,3504,201472,25459,25424,0.13644587791063562,0.13763305707215523,1,1,25459.0,7162,0.28131505557955927,0.14065752778977963,1.0,0.9999971537933584,0.25,0.75,0.1953125,0.49911249999999996,4,12,['high_quality'],high_quality,Medium_Dice (25-75%)
20160402_151049_1281_721,0.9399330147504621,0.8866732270972514,0.9128916142080011,0.9686253427536635,34238,3267,1109,191786,35347,37505,0.08710838554859351,0.03137465697230316,2,1,17673.5,3596,0.10173423487141765,0.05086711743570883,0.5,0.999996298123392,0.375,0.625,0.1953125,0.499525,6,10,['high_quality'],high_quality,High_Dice (>75%)
20160402_151049_1921_1081,0.9337316375428273,0.875700405656865,0.927731183461643,0.9398102168488303,17035,1327,1091,210947,18126,18362,0.07226881603311186,0.060189782632682334,1,1,18126.0,1926,0.10625620655412116,0.05312810327706058,1.0,0.99999188381551,0.375,0.625,0.171875,0.500575,6,10,['high_quality'],high_quality,High_Dice (>75%)
20160402_151049_1921_721,0.9350736127280055,0.8780640839629951,0.9168377370968169,0.9540496314180303,20991,1904,1011,206494,22002,22895,0.08316226250272986,0.04595036814835015,1,1,22002.0,2377,0.10803563312426143,0.05401781656213071,1.0,0.99999204643826,0.3125,0.6875,0.203125,0.5000125,5,11,['high_quality'],high_quality,High_Dice (>75%)
20160402_151049_1_361,0.893597057331182,0.8076596896747992,0.8303341002893443,0.9672950349527525,23809,4865,805,200921,24614,28674,0.16966589942107832,0.0327049646542618,2,1,12307.0,4093,0.16628747867067523,0.08314373933533761,0.5,0.9999971430657536,0.375,0.625,0.15625,0.5000249999999999,6,10,['high_quality'],high_quality,High_Dice (>75%)
20160402_151049_1_721,0.8516799235059643,0.7416746784626892,0.7602813364571807,0.9680565849249577,16971,5351,560,207518,17531,22322,0.23971866320222202,0.03194341452284524,1,1,17531.0,4794,0.2734584450402145,0.13672922252010725,1.0,0.9999941201121999,0.25,0.75,0.1875,0.4999125,4,12,['high_quality'],high_quality,Medium_Dice (25-75%)
20160402_151049_641_361,0.8101815295773845,0.6809286876254438,0.6863925085710715,0.98844486765313,2053,938,24,227385,2077,2991,0.3136074891340689,0.011555127587867116,1,1,2077.0,517,0.24891670678863745,0.12445835339431872,1.0,0.9999983013419818,0.4375,0.5625,0.1875,0.50175,7,9,['boundary_margin_error'],boundary_margin_error,Medium_Dice (25-75%)
20160402_151049_641_721,0.942084305159859,0.8905098107105927,0.9146497687435032,0.9712155069541353,39983,3731,1185,185501,41168,43714,0.08535023104726175,0.028784492809949474,1,1,41168.0,4241,0.10301690633501749,0.051508453167508746,1.0,0.9999934578569434,0.4375,0.5625,0.1640625,0.4986875,7,9,['high_quality'],high_quality,High_Dice (>75%)
20160402_151054_1281_1081,0.9364219990720919,0.8804450620971098,0.9295195577766242,0.9434277192587615,15826,1200,949,212425,16775,17026,0.07048044167743452,0.05657228017883756,1,1,16775.0,2057,0.12262295081967213,0.061311475409836065,1.0,0.9999927272099602,0.5,0.5,0.1875,0.5003375,8,8,['high_quality'],high_quality,High_Dice (>75%)
20160402_151054_1281_361,0.9154951817126085,0.8441596259187888,0.8483606544959592,0.9941680943496259,5796,1036,34,223534,5830,6832,0.15163934426229508,0.005831903945111492,1,1,5830.0,732,0.12555746140651802,0.06277873070325901,1.0,0.9999872739011648,0.4375,0.5625,0.1640625,0.5017125,7,9,['high_quality'],high_quality,High_Dice (>75%)
20160402_151054_1281_721,0.9533454053640275,0.9108500648158926,0.9322595923998421,0.9754071274544708,41328,3003,1042,185027,42370,44331,0.06774040738986263,0.02459287231531744,1,1,42370.0,4055,0.09570450790653764,0.04785225395326882,1.0,0.99999155645822,0.375,0.625,0.1953125,0.49821249999999995,6,10,['high_quality'],high_quality,High_Dice (>75%)
20160402_151054_1921_361,0.8614476936936346,0.7566167043201556,0.7860492035970772,0.9528454136882707,13579,3696,672,212453,14251,17275,0.2139507959479016,0.04715458564311276,3,1,4750.333333333333,3394,0.23815872570345942,0.11907936285172971,0.3333333333333333,0.9999967367436213,0.3125,0.6875,0.1796875,0.500375,5,11,['high_quality'],high_quality,Medium_Dice (25-75%)
20160402_151054_1_361,0.8895164862279669,0.8010172822885979,0.936969818019604,0.8466380542358801,56221,3782,10184,160213,66405,60003,0.06303018182424212,0.15336194563662375,1,1,66405.0,5533,0.08332203900308711,0.04166101950154356,1.0,0.9999919155415635,0.375,0.625,0.1875,0.49812500000000004,6,10,['high_quality'],high_quality,High_Dice (>75%)
20160402_151054_1_721,0.2016379548103983,0.11212311522574397,0.5467074954562405,0.12361495802072382,357,296,2531,227216,2888,653,0.45329249617151607,0.8763850415512465,1,6,2888.0,396,0.1371191135734072,0.0685595567867036,6.0,0.9999938371168393,0.5625,0.4375,0.171875,0.501925,9,7,"['missed_crack_high_fn', 'thin_low_area_failure', 'fragmented_prediction']",missed_crack_high_fn,Low_Dice (<25%)
20160402_151054_641_361,0.907484219608889,0.830637173299243,0.9347079029119458,0.8818014537091023,10064,703,1349,218284,11413,10767,0.06529209621993128,0.11819854551826864,1,2,11413.0,1572,0.13773766757206693,0.06886883378603346,2.0,0.9999727203112636,0.4375,0.5625,0.171875,0.5015125,7,9,['high_quality'],high_quality,High_Dice (>75%)
20160402_151054_641_721,0.9430957633512709,0.8923190300964956,0.9159067027039686,0.9719484453588064,21794,2001,629,205976,22423,23795,0.08409329691111578,0.028051554207733132,1,1,22423.0,2562,0.11425768184453464,0.05712884092226732,1.0,0.99997898504083,0.25,0.75,0.2265625,0.499475,4,12,['high_quality'],high_quality,High_Dice (>75%)
20160405_171348_1281_361,0.7398280781093751,0.5870850359841516,0.5930179118373086,0.9832444708054496,1291,886,22,228201,1313,2177,0.4069820854386771,0.016755521706016754,1,5,1313.0,228,0.17364813404417365,0.08682406702208682,5.0,0.9999951550194843,0.4375,0.5625,0.1875,0.5017625,7,9,['moderate_general_error'],moderate_general_error,Medium_Dice (25-75%)
20160405_171348_1281_721,0.8832936994168221,0.790981208716687,0.8601857740526311,0.9076774347034889,33801,5494,3438,187667,37239,39295,0.1398142257284642,0.09232256505276726,2,1,18619.5,4149,0.11141545154273745,0.055707725771368725,0.5,0.9999933507802106,0.375,0.625,0.1640625,0.49979999999999997,6,10,['high_quality'],high_quality,High_Dice (>75%)
20160405_171348_1921_721,0.8373265099328879,0.7201733909702849,0.8897830263966539,0.7907107290855435,32397,4013,8575,185415,40972,36410,0.11021697335896731,0.20928927072146833,4,1,10243.0,5734,0.13994923362296202,0.06997461681148101,0.25,0.9999894475595108,0.3125,0.6875,0.171875,0.49995,5,11,['boundary_margin_error'],boundary_margin_error,Medium_Dice (25-75%)
20160405_171348_1_721,0.7423954371718832,0.5903250187820367,0.7905268619801383,0.6997886319211991,30459,8071,13067,178803,43526,38530,0.20947313781468985,0.300211367918026,5,5,8705.2,8064,0.18526857510453523,0.09263428755226762,1.0,0.9999893934006368,0.25,0.75,0.1953125,0.500275,4,12,"['complex_topology', 'boundary_margin_error']",complex_topology,Medium_Dice (25-75%)
20160405_171348_641_721,0.822111143666133,0.697953070228478,0.821409585400126,0.8228139011146821,29358,6383,6322,188337,35680,35741,0.17859041437005121,0.17718609865470852,3,4,11893.333333333334,4812,0.13486547085201794,0.06743273542600897,1.3333333333333333,0.9999935793667853,0.25,0.75,0.1875,0.5000249999999999,4,12,['boundary_margin_error'],boundary_margin_error,Medium_Dice (25-75%)
20160407_163130_1281_721,0.9003638125393247,0.8187833601752246,0.9526766920121764,0.8534970336811988,18561,922,3186,207731,21747,19483,0.04732330749884515,0.14650296592633466,2,1,10873.5,4406,0.2026026578378627,0.10130132891893134,0.5,0.9999917442471895,0.4375,0.5625,0.1640625,0.5009875,7,9,['high_quality'],high_quality,High_Dice (>75%)
20160407_163130_1921_721,0.9061313989187452,0.8283731684254058,0.9586009987160355,0.8591076278804267,16116,696,2643,210945,18759,16812,0.04139900071377588,0.14089237166160243,1,1,18759.0,3963,0.2112585958739805,0.10562929793699025,1.0,0.9999926359229687,0.3125,0.6875,0.1796875,0.5002625,5,11,['high_quality'],high_quality,High_Dice (>75%)
20160407_163130_1_361,0.743904608037187,0.5922357591605674,0.67747163475698,0.8247829485999094,2090,995,444,226871,2534,3085,0.3225283630470016,0.17521704814522493,2,3,1267.0,693,0.27348066298342544,0.13674033149171272,1.5,0.9999795046160922,0.375,0.625,0.140625,0.5020625000000001,6,10,['boundary_margin_error'],boundary_margin_error,Medium_Dice (25-75%)
20160407_163130_1_721,0.8715601676563781,0.7723585632795874,0.916498068226045,0.8308230974096464,14949,1362,3044,211045,17993,16311,0.08350193121206548,0.16917690212860556,4,2,4498.25,3803,0.21135997332295892,0.10567998666147946,0.5,0.9999928583948243,0.4375,0.5625,0.1484375,0.5004625,7,9,['high_quality'],high_quality,Medium_Dice (25-75%)
20160407_163130_641_721,0.8956760297905566,0.8110627442241293,0.935965089843736,0.8587123500494799,18446,1262,3035,207657,21481,19708,0.06403490968134767,0.14128764955076578,1,1,21481.0,3919,0.1824402960756017,0.09122014803780085,1.0,0.9999929783405612,0.4375,0.5625,0.1640625,0.5009,7,9,['high_quality'],high_quality,High_Dice (>75%)
20160407_163257_1281_1,0.890048217180441,0.8018800734924654,0.8111807500819964,0.985903159980822,11260,2621,161,216358,11421,13881,0.18881924933362149,0.01409683915594081,2,1,5710.5,2159,0.18903773750109448,0.09451886875054724,0.5,0.9999949159657839,0.375,0.625,0.171875,0.500625,6,10,['high_quality'],high_quality,High_Dice (>75%)
20160407_163257_1281_361,0.8966301423414548,0.8126288171802956,0.846960030694597,0.9524890183363917,13011,2351,649,214389,13660,15362,0.15303996875406847,0.047510980966325035,1,1,13660.0,3222,0.23587115666178624,0.11793557833089312,1.0,0.9999944964835406,0.375,0.625,0.1640625,0.5009250000000001,6,10,['high_quality'],high_quality,High_Dice (>75%)
20160407_163257_1281_721,0.879273868232257,0.7845573002258467,0.8446309153735009,0.9168801581029318,6442,1185,584,222189,7026,7627,0.15536908351907697,0.08311984059208653,1,1,7026.0,1974,0.28095644748078563,0.14047822374039282,1.0,0.9999794420554831,0.4375,0.5625,0.1875,0.50095,7,9,['high_quality'],high_quality,High_Dice (>75%)
20160407_163257_1921_1081,0.7899728991937853,0.6528555423820207,0.6704231823017213,0.9614116079132394,5830,2866,234,221470,6064,8696,0.3295768169273229,0.038588390501319264,3,1,2021.3333333333333,2190,0.3611477572559367,0.18057387862796834,0.3333333333333333,0.9999806383388015,0.375,0.625,0.1875,0.50095,6,10,['boundary_margin_error'],boundary_margin_error,Medium_Dice (25-75%)
20160407_163257_1921_721,0.8700317678291339,0.7699612635637121,0.811750756406599,0.937328869885414,6162,1429,412,222397,6574,7591,0.18824924252404163,0.06267112868877396,1,1,6574.0,2038,0.31000912686340126,0.15500456343170063,1.0,0.9999908770735274,0.3125,0.6875,0.171875,0.5008250000000001,5,11,['high_quality'],high_quality,Medium_Dice (25-75%)
20160407_163257_1_1,0.876495623192606,0.78014437797145,0.8021017042900487,0.9661001938696228,10915,2693,383,216409,11298,13608,0.19789829512051735,0.03389980527526996,1,1,11298.0,3246,0.2873074880509825,0.14365374402549125,1.0,0.9999947908423672,0.375,0.625,0.1640625,0.500325,6,10,['high_quality'],high_quality,High_Dice (>75%)
20160407_163257_641_361,0.8525779345059556,0.7430377714924474,0.7886020037467284,0.9278505037195458,9285,2489,722,217904,10007,11774,0.21139799558348904,0.07214949535325273,2,1,5003.5,3413,0.341061257120016,0.170530628560008,0.5,0.9999712874259001,0.3125,0.6875,0.15625,0.500075,5,11,['high_quality'],high_quality,Medium_Dice (25-75%)
20160407_165001_1281_1081,0.5752004530856075,0.4037062296456273,0.41430404805238125,0.9404131331027195,3551,5020,225,221604,3776,8571,0.5856959514642399,0.05958686440677966,2,3,1888.0,1841,0.4875529661016949,0.24377648305084745,1.5,0.9999887408080761,0.3125,0.6875,0.1875,0.5011125000000001,5,11,['over_segmentation'],over_segmentation,Low_Dice (<25%)
20160407_165001_1281_361,0.7755566984730078,0.6333953540403365,0.7128478784701109,0.8503626101125201,10553,4251,1857,213739,12410,14804,0.2871521210483653,0.14963738920225625,2,2,6205.0,2498,0.20128928283642225,0.10064464141821113,1.0,0.9999919677395271,0.4375,0.5625,0.1953125,0.5009875,7,9,['boundary_margin_error'],boundary_margin_error,Medium_Dice (25-75%)
20160407_165001_1281_721,0.7624398066187402,0.6160830080802805,0.8198489734199591,0.7125445326972726,3800,835,1533,224232,5333,4635,0.18015102481121897,0.2874554659666229,1,1,5333.0,1172,0.21976373523345208,0.10988186761672604,1.0,0.9999983598585158,0.3125,0.6875,0.1796875,0.5007625,5,11,['boundary_margin_error'],boundary_margin_error,Medium_Dice (25-75%)
20160407_165001_1921_361,0.6251821013265535,0.45473811617508614,0.5210754544300513,0.7812743802827714,3004,2761,841,223794,3845,5765,0.47892454466608847,0.2187256176853056,1,1,3845.0,1108,0.2881664499349805,0.14408322496749024,1.0,0.9999909053974739,0.375,0.625,0.171875,0.5011749999999999,6,10,['moderate_general_error'],moderate_general_error,Low_Dice (<25%)
20160407_165001_1921_721,0.6622558616089261,0.49505420551155005,0.5079983755517675,0.9510489496031485,6256,6059,322,217763,6578,12315,0.4920016240357288,0.04895104895104895,2,1,3289.0,2875,0.4370629370629371,0.21853146853146854,0.5,0.9999973320513607,0.25,0.75,0.1953125,0.5002875,4,12,['moderate_general_error'],moderate_general_error,Low_Dice (<25%)
20160407_165001_1_1081,0.575714642407105,0.40421298957962204,0.46028784586848637,0.7684093420057635,3454,4050,1041,221855,4495,7504,0.5397121535181236,0.23159065628476083,2,2,2247.5,2332,0.5187986651835372,0.2593993325917686,1.0,0.9999842913968684,0.375,0.625,0.203125,0.50105,6,10,['moderate_general_error'],moderate_general_error,Low_Dice (<25%)
20160407_165001_1_721,0.8692619902620299,0.768756319126008,0.8819162505034704,0.8569657344133421,15206,2036,2538,210620,17744,17242,0.11808374898503654,0.14303426510369702,1,1,17744.0,3895,0.2195108205590622,0.1097554102795311,1.0,0.9999950745602298,0.25,0.75,0.1875,0.49993750000000003,4,12,['high_quality'],high_quality,Medium_Dice (25-75%)
20160407_165001_641_1081,0.42111775580416816,0.26671891292225847,0.2702130471480574,0.9537599208138255,2042,5515,99,222744,2141,7557,0.7297869524943761,0.04624007473143391,2,3,1070.5,1225,0.572162540868753,0.2860812704343765,1.5,0.9999926543844635,0.4375,0.5625,0.1796875,0.5013124999999999,7,9,"['false_crack_high_fp', 'thin_low_area_failure', 'over_segmentation']",false_crack_high_fp,Low_Dice (<25%)
20160407_165001_641_361,0.8870690710075239,0.7970567156495305,0.8493480554156302,0.9282963147205698,14461,2565,1117,212257,15578,17026,0.15065194408551627,0.07170368468352806,1,1,15578.0,3166,0.2032353318782899,0.10161766593914495,1.0,0.9999951696811709,0.3125,0.6875,0.203125,0.499725,5,11,['high_quality'],high_quality,High_Dice (>75%)
20160407_165001_641_721,0.5536676325037969,0.38280802182576495,0.39098624410012806,0.9481901990902044,1336,2081,73,226910,1409,3417,0.6090137547556336,0.051809794180269694,2,4,704.5,474,0.33640880056777855,0.16820440028388928,2.0,0.9999910487851369,0.5,0.5,0.171875,0.5019375,8,8,['over_segmentation'],over_segmentation,Low_Dice (<25%)
IMG_2931_1297_485,0.80683905495713,0.6762197994405027,0.7324268837033686,0.8980811547716855,2855,1043,324,309410,3179,3898,0.2675731144176501,0.10191884240327147,8,4,397.375,1061,0.33375275243787356,0.16687637621893678,0.5,0.9999920829501365,0.5,0.5,0.171875,0.5029375,8,8,"['complex_topology', 'boundary_margin_error']",complex_topology,Medium_Dice (25-75%)
IMG_2931_1297_969,0.9127773191018203,0.8395495560741558,0.8823973802716383,0.945323740157083,10512,1401,608,301111,11120,11913,0.11760261898766054,0.05467625899280575,1,1,11120.0,2558,0.23003597122302158,0.11501798561151079,1.0,0.9999664480803365,0.3125,0.6875,0.1875,0.5022625,5,11,['high_quality'],high_quality,High_Dice (>75%)
IMG_2931_1945_485,0.9013394308221664,0.8203984525417805,0.8525957959632328,0.955994454338194,5518,954,254,306906,5772,6472,0.14740420271940669,0.044005544005544,2,1,2886.0,1530,0.26507276507276506,0.13253638253638253,0.5,0.9999838973821552,0.375,0.625,0.1875,0.50275,6,10,['high_quality'],high_quality,High_Dice (>75%)
IMG_2931_1945_969,0.8836326662937088,0.7915250111807614,0.8399690750676858,0.932084642647863,6519,1242,475,305396,6994,7761,0.16003092385001932,0.06791535601944523,1,1,6994.0,1920,0.2745210180154418,0.1372605090077209,1.0,0.9999646710691923,0.375,0.625,0.1875,0.5025625,6,10,['high_quality'],high_quality,High_Dice (>75%)
IMG_2931_1_485,0.9129043347052541,0.8397644879374413,0.9025206563630789,0.9235297260536578,17258,1864,1429,293081,18687,19122,0.0974793431649409,0.0764702734521325,1,1,18687.0,3905,0.20896880184085193,0.10448440092042596,1.0,0.9999842675185648,0.4375,0.5625,0.171875,0.5015,7,9,['high_quality'],high_quality,High_Dice (>75%)
IMG_2931_649_485,0.9184778628179737,0.8492455505452023,0.8924203634155146,0.9461028185239689,12551,1513,715,298853,13266,14064,0.10757963594994312,0.0538971807628524,2,2,6633.0,3277,0.2470224634403739,0.12351123172018695,1.0,0.9999753812651683,0.375,0.625,0.203125,0.5024375000000001,6,10,['high_quality'],high_quality,High_Dice (>75%)
IMG_2931_649_969,0.6423982855623164,0.4731861183811163,0.4767959298258235,0.9842519620455908,1500,1646,24,310462,1524,3146,0.5232040686586141,0.015748031496062992,1,3,1524.0,436,0.28608923884514437,0.14304461942257218,3.0,0.9999907421800298,0.4375,0.5625,0.1875,0.5027874999999999,7,9,['over_segmentation'],over_segmentation,Low_Dice (<25%)
IMG_2941_1297_485,0.8885471396093182,0.7994465363983039,0.8261836663281033,0.961094167857782,10400,2188,421,300623,10821,12588,0.1738163330155704,0.038905831254043066,1,1,10821.0,2685,0.24812863875797062,0.12406431937898531,1.0,0.9999553908390004,0.4375,0.5625,0.171875,0.5026875,7,9,['high_quality'],high_quality,High_Dice (>75%)
IMG_2941_1297_969,0.7979846442754441,0.6638722546056257,0.6749188302557917,0.9759389652270365,4989,2403,123,306117,5112,7392,0.32508116883116883,0.024061032863849766,2,2,2556.0,2222,0.43466353677621283,0.21733176838810642,1.0,0.9999931610341749,0.4375,0.5625,0.1640625,0.502475,7,9,['boundary_margin_error'],boundary_margin_error,Medium_Dice (25-75%)
IMG_2941_1945_485,0.9037017430600742,0.8243210616630531,0.8485959239260711,0.9664614724641184,13659,2437,474,297062,14133,16096,0.15140407554671967,0.033538526852048396,1,1,14133.0,3879,0.2744640203778391,0.13723201018891956,1.0,0.9999896379775228,0.375,0.625,0.1953125,0.5014125,6,10,['high_quality'],high_quality,High_Dice (>75%)
IMG_2941_1_485,0.7402226918742775,0.5875821759129553,0.6806566243346478,0.8112141976377286,4022,1887,936,306787,4958,5909,0.31934337451345407,0.18878580072609924,3,3,1652.6666666666667,1490,0.30052440500201694,0.15026220250100847,1.0,0.9999949222515003,0.4375,0.5625,0.21875,0.5030375,7,9,['boundary_margin_error'],boundary_margin_error,Medium_Dice (25-75%)
IMG_2941_1_969,0.8767463516757235,0.7805417351492208,0.8090365876982594,0.9568247812615442,9884,2333,446,300969,10330,12217,0.19096341163951872,0.043175217812197485,3,3,3443.3333333333335,2424,0.2346563407550823,0.11732817037754115,1.0,0.9999878733453826,0.5,0.5,0.140625,0.5025625,8,8,['high_quality'],high_quality,High_Dice (>75%)
IMG_2941_649_969,0.8989914079570447,0.8165162510575312,0.8508095871803651,0.9529579465011817,12033,2110,594,298895,12627,14143,0.1491904122180584,0.047042052744119746,1,1,12627.0,3828,0.30315989546210503,0.15157994773105252,1.0,0.9999858494051015,0.375,0.625,0.171875,0.50125,6,10,['high_quality'],high_quality,High_Dice (>75%)
IMG_2942_1297_485,0.569302437794602,0.3979194854550749,0.4038626605975428,0.9643369523174075,4705,6945,174,301808,4879,11650,0.596137339055794,0.03566304570608731,3,1,1626.3333333333333,2380,0.4878048780487805,0.24390243902439024,0.3333333333333333,0.9999866276957372,0.4375,0.5625,0.171875,0.500675,7,9,['over_segmentation'],over_segmentation,Low_Dice (<25%)
IMG_2942_1945_485,0.47210822277541553,0.30899323486968444,0.30979453390206013,0.991698591980528,3106,6920,26,303580,3132,10026,0.6902054657889487,0.008301404853128991,3,2,1044.0,1994,0.6366538952745849,0.31832694763729247,0.6666666666666666,0.9999865639512897,0.5,0.5,0.1640625,0.5006125,8,8,"['false_crack_high_fp', 'thin_low_area_failure', 'over_segmentation']",false_crack_high_fp,Low_Dice (<25%)
IMG_2942_1_485,0.6240317771439711,0.45352193951739617,0.47462235601750014,0.9107246359213051,4713,5217,462,303240,5175,9930,0.5253776435045318,0.08927536231884058,5,2,1035.0,3132,0.6052173913043478,0.3026086956521739,0.4,0.9999861337823562,0.4375,0.5625,0.171875,0.50055,7,9,['complex_topology'],complex_topology,Low_Dice (<25%)
IMG_2942_649_485,0.3213752928028875,0.19145154448459456,0.1922325144962756,0.9792207749817282,2262,9505,48,301817,2310,11767,0.8077674853403586,0.02077922077922078,3,1,770.0,1534,0.664069264069264,0.332034632034632,0.3333333333333333,0.9999869928342782,0.375,0.625,0.1953125,0.5005375,6,10,"['false_crack_high_fp', 'thin_low_area_failure', 'over_segmentation']",false_crack_high_fp,Low_Dice (<25%)
