case_name,dice,iou,precision,recall,tp,fp,fn,tn,gt_area,pred_area,fp_area_ratio,fn_area_ratio,num_gt_cc,num_pred_cc,mean_component_size,perimeter,boundary_to_area_ratio,thinness_score,fragmentation_ratio,mean_routing_entropy,cnn_expert_fraction,vit_expert_fraction,expert_hhi_concentration,mean_gs,cnn_expert_selections,vit_expert_selections,error_taxonomy,primary_error_category,performance_tier
20160222_080850_1281_361,0.8691613307260518,0.7685988765171027,0.9408589927616982,0.8076172823526688,16561,1041,3945,208853,20506,17602,0.05914100670378366,0.1923827172534868,1,1,20506.0,3739,0.18233687701160636,0.09116843850580318,1.0,1.9998732592232942,0.75,0.25,0.18055555555555558,0.47418333333333335,18,6,['high_quality'],high_quality,High_Dice (>75%)
20160222_080850_1281_721,0.7004642512526198,0.5390111445012542,0.5529170315071327,0.9554204612187414,1886,1525,88,226901,1974,3411,0.4470829668718851,0.044579533941236066,2,1,987.0,936,0.47416413373860183,0.23708206686930092,0.5,1.999825094505665,0.625,0.375,0.1840277777777778,0.4725166666666667,15,9,['moderate_general_error'],moderate_general_error,Medium_Dice (25-75%)
20160222_080850_1921_1,0.44621749277122486,0.2871814367166929,0.3266983975478217,0.7036346625942715,755,1556,318,227771,1073,2311,0.6733016010385114,0.29636533084808947,1,7,1073.0,330,0.30754892823858343,0.15377446411929171,7.0,1.999843263707293,0.6666666666666666,0.3333333333333333,0.17361111111111113,0.4725333333333333,16,8,"['false_crack_high_fp', 'thin_low_area_failure', 'over_segmentation', 'fragmented_prediction']",false_crack_high_fp,Low_Dice (<25%)
20160222_080850_1921_361,0.8860751803953132,0.7954533060047684,0.9038032700050773,0.8690291835205306,14591,1553,2199,212057,16790,16144,0.09619672943508424,0.13097081596188206,1,1,16790.0,2880,0.17153067301965455,0.08576533650982728,1.0,1.999876372711852,0.6666666666666666,0.3333333333333333,0.18055555555555558,0.4729666666666667,16,8,['high_quality'],high_quality,High_Dice (>75%)
20160222_080850_1_361,0.8487204951400543,0.7371976062783313,0.8564483107913475,0.8411308897000499,20082,3366,3793,203159,23875,23448,0.14355168884339817,0.15886910994764397,1,2,23875.0,3950,0.16544502617801046,0.08272251308900523,2.0,1.9998732990523234,0.75,0.25,0.18055555555555558,0.47304999999999997,18,6,['boundary_margin_error'],boundary_margin_error,Medium_Dice (25-75%)
20160222_080850_641_361,0.7817045484202503,0.6416379109079191,0.7199050171794833,0.8551106745630568,13946,5426,2363,208665,16309,19372,0.2800949824488953,0.14488932491262493,4,2,4077.25,4122,0.25274388374517137,0.12637194187258569,0.5,1.9998797346882233,0.7083333333333334,0.2916666666666667,0.1736111111111111,0.4744166666666667,17,7,['boundary_margin_error'],boundary_margin_error,Medium_Dice (25-75%)
20160222_080850_641_721,0.6836499951574934,0.5193527501367602,0.5294272888236642,0.9646549628164104,4012,3566,147,222675,4159,7578,0.4705727104776986,0.035345034864150034,1,1,4159.0,1886,0.45347439288290453,0.22673719644145227,1.0,1.9998415438597814,0.6666666666666666,0.3333333333333333,0.18055555555555558,0.47345,16,8,['moderate_general_error'],moderate_general_error,Low_Dice (<25%)
20160222_115224_1281_1,0.5250698422841715,0.35599641077061467,0.3813134005538565,0.8428133093159941,3571,5794,666,220369,4237,9365,0.6186865990389749,0.15718668869483124,10,6,423.7,4075,0.9617654000472032,0.4808827000236016,0.6,1.9998970449678284,0.7916666666666666,0.20833333333333334,0.18402777777777776,0.47303333333333336,19,5,"['thin_low_area_failure', 'over_segmentation', 'complex_topology']",thin_low_area_failure,Low_Dice (<25%)
20160222_115224_1281_1081,0.8444482632825299,0.7307749505715083,0.7865834121252268,0.9115027812402546,4913,1333,477,223677,5390,6246,0.2134165866154339,0.08849721706864563,1,1,5390.0,2275,0.42207792207792205,0.21103896103896103,1.0,1.9998902333226487,0.6666666666666666,0.3333333333333333,0.18055555555555555,0.47138333333333327,16,8,['boundary_margin_error'],boundary_margin_error,Medium_Dice (25-75%)
20160222_115224_1281_361,0.516579405730228,0.3482352932982699,0.380658435234932,0.8034744798942753,1480,2408,362,226150,1842,3888,0.6193415637860082,0.1965255157437568,6,4,307.0,1801,0.9777415852334419,0.48887079261672095,0.6666666666666666,1.9998285993007672,0.7916666666666666,0.20833333333333334,0.18402777777777776,0.47406666666666664,19,5,"['thin_low_area_failure', 'over_segmentation', 'complex_topology']",thin_low_area_failure,Low_Dice (<25%)
20160222_115224_1281_721,0.7610785457123262,0.6143073421469754,0.6707535463965374,0.8795158943650364,4869,2390,667,222474,5536,7259,0.3292464526794324,0.12048410404624277,4,3,1384.0,2724,0.4920520231213873,0.24602601156069365,0.75,1.9998950129045747,0.7083333333333334,0.2916666666666667,0.18055555555555558,0.47198333333333325,17,7,['boundary_margin_error'],boundary_margin_error,Medium_Dice (25-75%)
20160222_115224_1921_1081,0.7227750903532126,0.5658949217903164,0.572264743033477,0.9807098689760041,1271,950,25,228154,1296,2221,0.42773525438991444,0.019290123456790122,1,4,1296.0,552,0.42592592592592593,0.21296296296296297,4.0,1.9998877181331205,0.5833333333333334,0.4166666666666667,0.1840277777777778,0.4703333333333333,14,10,['moderate_general_error'],moderate_general_error,Medium_Dice (25-75%)
20160222_115224_641_1,0.7060441067447374,0.5456477384005035,0.6207930361501035,0.8184368216008711,6419,3921,1424,218636,7843,10340,0.3792069632495164,0.18156317735560373,4,4,1960.75,4660,0.5941603978069616,0.2970801989034808,1.0,1.99990596816776,0.75,0.25,0.1736111111111111,0.4728666666666667,18,6,['boundary_margin_error'],boundary_margin_error,Medium_Dice (25-75%)
20160222_115224_641_1081,0.009811937841681214,0.004930156113508372,0.006811989085349707,0.017533605975840996,30,4374,1681,224315,1711,4404,0.9931880108991825,0.9824663939216832,1,5,1711.0,1669,0.9754529514903565,0.48772647574517825,5.0,1.9998824403561535,0.6666666666666666,0.3333333333333333,0.1840277777777778,0.4714833333333333,16,8,"['missed_crack_high_fn', 'false_crack_high_fp', 'thin_low_area_failure', 'over_segmentation', 'fragmented_prediction']",missed_crack_high_fn,Low_Dice (<25%)
20160222_115224_641_361,0.8023838537147719,0.669984164962714,0.6899603990450492,0.9585760486777474,2962,1331,128,225979,3090,4293,0.3100395993477755,0.041423948220064725,2,1,1545.0,1649,0.5336569579288026,0.2668284789644013,0.5,1.9998670967534735,0.6666666666666666,0.3333333333333333,0.1840277777777778,0.4714333333333333,16,8,['boundary_margin_error'],boundary_margin_error,Medium_Dice (25-75%)
20160222_115224_641_721,0.40465065695463365,0.2536439173768643,0.36689655100118906,0.45106589038016986,1862,3213,2266,223059,4128,5075,0.6331034482758621,0.5489341085271318,5,4,825.6,2219,0.5375484496124031,0.26877422480620156,0.8,1.9998616580884405,0.7083333333333334,0.2916666666666667,0.17708333333333331,0.4716833333333333,17,7,"['thin_low_area_failure', 'complex_topology']",thin_low_area_failure,Low_Dice (<25%)
20160222_115837_1281_1,0.7012490810424328,0.5399411625481544,0.5673522761058706,0.9178688191616295,4772,3639,427,221562,5199,8411,0.4326477232195934,0.08213117907289863,1,4,5199.0,2135,0.41065589536449315,0.20532794768224658,4.0,1.9998992819899908,0.7083333333333334,0.2916666666666667,0.1736111111111111,0.47253333333333325,17,7,['moderate_general_error'],moderate_general_error,Medium_Dice (25-75%)
20160222_115837_1281_1081,0.6564551413869801,0.48859934759800855,0.4898194381678459,0.994927815080266,2550,2656,13,225181,2563,5206,0.5101805608912793,0.005072181037846274,4,2,640.75,1867,0.7284432305891534,0.3642216152945767,0.5,1.9999048823719026,0.75,0.25,0.1840277777777778,0.4726666666666666,18,6,['over_segmentation'],over_segmentation,Low_Dice (<25%)
20160222_115837_1281_361,0.7499999991438356,0.5999999989041096,0.6155143327421504,0.9596844844882135,3285,2052,138,224925,3423,5337,0.3844856661045531,0.040315512708150744,4,3,855.75,2052,0.5994741454864154,0.2997370727432077,0.75,1.9998935292534228,0.75,0.25,0.1840277777777778,0.47311666666666663,18,6,['boundary_margin_error'],boundary_margin_error,Medium_Dice (25-75%)
20160222_115837_1281_721,0.7324020806184579,0.5777873799097075,0.5797918460975893,0.9940520409143047,2674,1938,16,225772,2690,4612,0.4202081526452732,0.005947955390334572,1,1,2690.0,2008,0.7464684014869889,0.37323420074349445,1.0,1.9998991371690031,0.7083333333333334,0.2916666666666667,0.1736111111111111,0.47226666666666667,17,7,['moderate_general_error'],moderate_general_error,Medium_Dice (25-75%)
20160222_164851_1281_1081,0.8580331350828142,0.7513643008766614,0.8216884995317489,0.897741728852192,5645,1225,643,222887,6288,6870,0.17831149927219797,0.10225826972010178,2,2,3144.0,1152,0.183206106870229,0.0916030534351145,1.0,1.999883180054538,0.7083333333333334,0.2916666666666667,0.1701388888888889,0.47188333333333327,17,7,['high_quality'],high_quality,Medium_Dice (25-75%)
20160222_164851_641_1,0.8490893668581798,0.73775438544719,0.8060262203434592,0.8970136511117631,10513,2530,1207,216150,11720,13043,0.19397377903856475,0.10298634812286689,2,2,5860.0,2308,0.1969283276450512,0.0984641638225256,1.0,1.999897716730307,0.6666666666666666,0.3333333333333333,0.17361111111111113,0.46945,16,8,['boundary_margin_error'],boundary_margin_error,Medium_Dice (25-75%)
20160222_164851_641_1081,0.7410505592686366,0.5886261475585048,0.607809503977591,0.9491098141655746,6024,3887,323,220166,6347,9911,0.39219049540914136,0.05089018433905782,3,3,2115.6666666666665,2372,0.3737198676540098,0.1868599338270049,1.0,1.9998629401384178,0.625,0.375,0.1701388888888889,0.4708833333333333,15,9,['boundary_margin_error'],boundary_margin_error,Medium_Dice (25-75%)
20160222_164851_641_361,0.8159433668759837,0.6891083957050245,0.7393153449492329,0.9102927282081786,10604,3739,1045,215012,11649,14343,0.2606846545353134,0.08970727101038715,7,3,1664.142857142857,3669,0.31496265773886173,0.15748132886943086,0.42857142857142855,1.9999037667213662,0.7083333333333334,0.2916666666666667,0.1701388888888889,0.4714666666666667,17,7,"['complex_topology', 'boundary_margin_error']",complex_topology,Medium_Dice (25-75%)
20160222_164851_641_721,0.8603711336658263,0.7549573015234062,0.7854238813541455,0.951130560766657,10432,2850,536,216582,10968,13282,0.21457611805450985,0.04886943836615609,3,4,3656.0,2773,0.25282640408460977,0.12641320204230488,1.3333333333333333,1.9998492006566784,0.625,0.375,0.17708333333333331,0.4711833333333333,15,9,['high_quality'],high_quality,Medium_Dice (25-75%)
20160222_165225_1281_361,0.7980769226598678,0.6639999994226087,0.6698833225108489,0.9869458433670081,7636,3763,101,218900,7737,11399,0.3301166769014826,0.01305415535737366,1,1,7737.0,3094,0.39989660074964456,0.19994830037482228,1.0,1.99991070775261,0.625,0.375,0.1701388888888889,0.4723833333333333,15,9,['boundary_margin_error'],boundary_margin_error,Medium_Dice (25-75%)
20160222_165225_1281_721,0.7501449253618987,0.6001855259731654,0.6386969366303211,0.908707858787164,1294,732,130,228244,1424,2026,0.36130306021717673,0.09129213483146068,1,1,1424.0,650,0.45646067415730335,0.22823033707865167,1.0,1.9998744546666307,0.625,0.375,0.1701388888888889,0.46990000000000004,15,9,['boundary_margin_error'],boundary_margin_error,Medium_Dice (25-75%)
20160222_165225_1921_721,0.6667413461035391,0.5000840190723542,0.5237131539606572,0.917244566316467,5952,5413,537,218498,6489,11365,0.47628684557853057,0.08275543226999538,2,1,3244.5,3365,0.5185698875019263,0.25928494375096317,0.5,1.9999102198942047,0.5833333333333334,0.4166666666666667,0.18055555555555558,0.4713,14,10,['moderate_general_error'],moderate_general_error,Low_Dice (<25%)
20160222_165225_1_361,0.7506880085646235,0.6008811359459799,0.6517456595945528,0.8850483367963868,6683,3571,868,219278,7551,10254,0.34825433976984593,0.114951662031519,1,1,7551.0,3404,0.4508012183816713,0.22540060919083565,1.0,1.999900522407297,0.625,0.375,0.1701388888888889,0.47218333333333334,15,9,['boundary_margin_error'],boundary_margin_error,Medium_Dice (25-75%)
20160222_165225_641_361,0.7878076058233738,0.6499031091170037,0.7326536973549842,0.8519414529430973,7043,2570,1224,219563,8267,9613,0.26734630188286695,0.1480585460263699,4,3,2066.75,4037,0.4883270835853393,0.24416354179266966,0.75,1.9999069424995177,0.6666666666666666,0.3333333333333333,0.16666666666666666,0.47174999999999995,16,8,['boundary_margin_error'],boundary_margin_error,Medium_Dice (25-75%)
20160222_165402_1281_1,0.9132694054142233,0.8403825289949891,0.8505288357109072,0.9860034690734488,8524,1498,121,220257,8645,10022,0.14947116344043104,0.01399652978600347,1,1,8645.0,2045,0.23655292076344708,0.11827646038172354,1.0,1.9999050058382088,0.6666666666666666,0.3333333333333333,0.17361111111111113,0.4719,16,8,['high_quality'],high_quality,High_Dice (>75%)
20160222_165402_1281_361,0.8581151053616831,0.7514900226729809,0.7566533303560156,0.9910012518612584,8700,2798,79,218823,8779,11498,0.2433466689859106,0.008998747009910012,2,1,4389.5,2052,0.2337396058776626,0.1168698029388313,0.5,1.999912679562079,0.625,0.375,0.1840277777777778,0.47104999999999997,15,9,['high_quality'],high_quality,Medium_Dice (25-75%)
20160222_165402_641_1081,0.9264432718157206,0.8629662946480958,0.9111435872041334,0.9422655475385283,12469,1216,764,215951,13233,13685,0.08885641213006942,0.05773445174941434,1,1,13233.0,1717,0.12975137912793774,0.06487568956396887,1.0,1.999879187413039,0.625,0.375,0.1701388888888889,0.47005,15,9,['high_quality'],high_quality,High_Dice (>75%)
20160222_165402_641_721,0.895311560360994,0.8104652209935022,0.8192318261809224,0.9869685245864511,8937,1972,118,219373,9055,10909,0.1807681730681089,0.013031474323578134,1,1,9055.0,1678,0.1853119823302043,0.09265599116510215,1.0,1.999884597336199,0.625,0.375,0.1736111111111111,0.46998333333333336,15,9,['high_quality'],high_quality,High_Dice (>75%)
20160222_165926_1281_361,0.46059329390803355,0.29920182371903803,0.29920182371903803,0.9999999923780488,1312,3073,0,226015,1312,4385,0.7007981755986317,0.0,2,2,656.0,1592,1.2134146341463414,0.6067073170731707,1.0,1.9998929749318755,0.6666666666666666,0.3333333333333333,0.1701388888888889,0.47103333333333336,16,8,"['false_crack_high_fp', 'thin_low_area_failure', 'over_segmentation']",false_crack_high_fp,Low_Dice (<25%)
20160222_165926_1281_721,0.6819458815008532,0.5173883772522007,0.5221920283942573,0.9825308884053454,4612,4220,82,221486,4694,8832,0.47780797101449274,0.017469109501491265,1,1,4694.0,3164,0.674051981252663,0.3370259906263315,1.0,1.999905295582736,0.6666666666666666,0.3333333333333333,0.1701388888888889,0.4719166666666667,16,8,['moderate_general_error'],moderate_general_error,Low_Dice (<25%)
20160222_165926_1921_721,0.6980220438637913,0.5361243180608555,0.5529242906913955,0.9463664259030371,4623,3738,262,221777,4885,8361,0.447075708647291,0.05363357215967247,4,1,1221.25,3742,0.7660184237461617,0.38300921187308085,0.25,1.9999041316843273,0.6666666666666666,0.3333333333333333,0.16666666666666666,0.4715333333333333,16,8,['moderate_general_error'],moderate_general_error,Low_Dice (<25%)
20160222_165926_1_1081,0.5864240714102541,0.41485148377936804,0.42566880993678013,0.9422788535061556,1257,1696,77,227370,1334,2953,0.5743311886217406,0.05772113943028486,4,3,333.5,1166,0.8740629685157422,0.4370314842578711,0.75,1.9998883381878167,0.625,0.375,0.1736111111111111,0.4716,15,9,['over_segmentation'],over_segmentation,Low_Dice (<25%)
20160222_165926_1_721,0.5960502686310029,0.4245524289888868,0.4324324317283744,0.9588447618814268,2656,3486,114,224144,2770,6142,0.5675675675675675,0.04115523465703971,5,4,554.0,2358,0.8512635379061372,0.4256317689530686,0.8,1.9998957027236421,0.7083333333333334,0.2916666666666667,0.1701388888888889,0.4722,17,7,"['over_segmentation', 'complex_topology']",over_segmentation,Low_Dice (<25%)
20160222_165926_641_1,0.7222952770803404,0.5653068851697102,0.5760869554231751,0.9679589844025664,3021,2223,100,225056,3121,5244,0.42391304347826086,0.03204101249599487,1,1,3121.0,1933,0.619352771547581,0.3096763857737905,1.0,1.9998823586935524,0.625,0.375,0.18055555555555555,0.47163333333333335,15,9,['moderate_general_error'],moderate_general_error,Medium_Dice (25-75%)
20160222_165926_641_361,0.6269752261933171,0.45663795595984863,0.4581346834652344,0.9928963481017231,3075,3637,22,223666,3097,6712,0.541865315852205,0.007103648692282854,2,2,1548.5,2230,0.7200516628995802,0.3600258314497901,1.0,1.9998869482262036,0.625,0.375,0.17708333333333331,0.4718833333333334,15,9,['over_segmentation'],over_segmentation,Low_Dice (<25%)
20160222_165926_641_721,0.7038797528880526,0.5430667057755311,0.5524856301779917,0.9695629075038703,5479,4438,172,220311,5651,9917,0.4475143692648987,0.03043709078039285,2,2,2825.5,4142,0.7329676163510883,0.36648380817554416,1.0,1.9999037612722235,0.6666666666666666,0.3333333333333333,0.1701388888888889,0.47256666666666663,16,8,['moderate_general_error'],moderate_general_error,Medium_Dice (25-75%)
20160302_155857_1281_1,0.6682993192732658,0.5018389860013905,0.534087201767873,0.8926040325411521,4912,4285,591,220612,5503,9197,0.4659127976514081,0.10739596583681628,2,2,2751.5,1899,0.3450844993639833,0.17254224968199164,1.0,1.9998968977821694,0.7083333333333334,0.2916666666666667,0.18055555555555558,0.4716833333333333,17,7,['moderate_general_error'],moderate_general_error,Low_Dice (<25%)
20160302_155857_1281_361,0.7614674052459924,0.6148141829058863,0.6543590668108872,0.9105023972349124,7213,3810,709,218668,7922,11023,0.3456409325954822,0.0894976016157536,1,2,7922.0,2828,0.35698056046452914,0.17849028023226457,2.0,1.9999257047607497,0.7083333333333334,0.2916666666666667,0.1701388888888889,0.47280000000000005,17,7,['boundary_margin_error'],boundary_margin_error,Medium_Dice (25-75%)
20160302_155857_1281_721,0.3395173659652429,0.20446908567797534,0.20446908567797534,0.9999999917830732,1217,4735,0,224448,1217,5952,0.7955309139784946,0.0,1,1,1217.0,430,0.3533278553820871,0.17666392769104355,1.0,1.999873371824143,0.7083333333333334,0.2916666666666667,0.18055555555555558,0.47246666666666665,17,7,"['false_crack_high_fp', 'thin_low_area_failure', 'over_segmentation']",false_crack_high_fp,Low_Dice (<25%)
20160302_155857_1_721,0.8736866204814189,0.7757047340189264,0.8269601228920439,0.9260098145251524,17171,3593,1372,208264,18543,20764,0.17303987670968984,0.07399018497546243,1,1,18543.0,3212,0.17321900447608263,0.08660950223804131,1.0,1.999938650287322,0.6666666666666666,0.3333333333333333,0.1701388888888889,0.47364999999999996,16,8,['high_quality'],high_quality,High_Dice (>75%)
20160302_155857_641_721,0.6902388908920117,0.5269960194207465,0.5332638359868916,0.978183397672157,11254,9850,251,209045,11505,21104,0.46673616376042454,0.021816601477618425,3,1,3835.0,3366,0.2925684485006519,0.14628422425032594,0.3333333333333333,1.9999208236365869,0.7083333333333334,0.2916666666666667,0.1736111111111111,0.4733,17,7,['moderate_general_error'],moderate_general_error,Low_Dice (<25%)
20160307_144202_1281_361,0.6178010467834855,0.44696969661697467,0.4709795439290042,0.8976228194966358,5664,6362,646,217728,6310,12026,0.5290204556793614,0.10237717908082408,10,2,631.0,3310,0.5245641838351822,0.2622820919175911,0.2,1.9999134159994885,0.75,0.25,0.17708333333333331,0.47283333333333327,18,6,['complex_topology'],complex_topology,Low_Dice (<25%)
20160307_144202_1281_721,0.5399776223943733,0.3698420179558571,0.37032227556330743,0.9965057147506171,3137,5334,11,221918,3148,8471,0.6296777239995278,0.00349428208386277,5,2,629.6,1470,0.4669631512071156,0.2334815756035578,0.4,1.9998973595728227,0.7083333333333334,0.2916666666666667,0.1736111111111111,0.47275,17,7,"['thin_low_area_failure', 'over_segmentation', 'complex_topology']",thin_low_area_failure,Low_Dice (<25%)
20160307_144202_1921_361,0.6423029347120479,0.47308265675290595,0.4812536858702276,0.9653540637439969,11424,12314,410,206252,11834,23738,0.5187463139270369,0.03464593544025689,5,1,2366.8,4983,0.42107486902146357,0.21053743451073179,0.2,1.9999220630351964,0.75,0.25,0.18055555555555558,0.4735833333333333,18,6,"['over_segmentation', 'complex_topology']",over_segmentation,Low_Dice (<25%)
20160307_144202_1_361,0.7861181828256416,0.647606852416281,0.6716581944994009,0.9476030488773723,14667,7170,811,207752,15478,21837,0.32834180519302103,0.05239695051040186,7,1,2211.1428571428573,4184,0.2703191626825171,0.13515958134125855,0.14285714285714285,1.9999211273031212,0.75,0.25,0.18055555555555558,0.47246666666666676,18,6,"['complex_topology', 'boundary_margin_error']",complex_topology,Medium_Dice (25-75%)
20160307_144202_641_361,0.6928640617717584,0.5300627436737005,0.5375250498308993,0.9744777466171864,10729,9231,281,210159,11010,19960,0.4624749498997996,0.025522252497729336,10,2,1101.0,4281,0.3888283378746594,0.1944141689373297,0.2,1.9999026818786716,0.75,0.25,0.17708333333333331,0.4731833333333333,18,6,['complex_topology'],complex_topology,Low_Dice (<25%)
20160307_145059_1281_361,0.8541180131234258,0.7453804343775107,0.7644501417064544,0.9676167624046729,13715,4226,459,212000,14174,17941,0.23554985786745444,0.03238323691265698,4,2,3543.5,3270,0.23070410610977846,0.11535205305488923,0.5,1.9998632098388798,0.7083333333333334,0.2916666666666667,0.1736111111111111,0.47478333333333333,17,7,['high_quality'],high_quality,Medium_Dice (25-75%)
20160307_145059_1281_721,0.7707713121673768,0.6270365472240982,0.6439942107055046,0.9596980712229437,7120,3936,299,219045,7419,11056,0.35600578871201155,0.04030192748348834,3,2,2473.0,3748,0.5051893786224558,0.2525946893112279,0.6666666666666666,1.9998319468588992,0.7083333333333334,0.2916666666666667,0.1736111111111111,0.4745833333333333,17,7,['boundary_margin_error'],boundary_margin_error,Medium_Dice (25-75%)
20160307_145059_1921_1081,0.7700057564982687,0.626023870084222,0.6314174428993067,0.9865388143342453,5350,3123,73,221854,5423,8473,0.3685825563554821,0.013461183846579385,3,1,1807.6666666666667,2182,0.4023603171676194,0.2011801585838097,0.3333333333333333,1.9998583693515883,0.6666666666666666,0.3333333333333333,0.1736111111111111,0.47628333333333334,16,8,['boundary_margin_error'],boundary_margin_error,Medium_Dice (25-75%)
20160307_145059_1921_361,0.856990557090698,0.749766821619076,0.8483980393151919,0.8657589038650981,11254,2011,1745,215390,12999,13265,0.15160196004523183,0.13424109546888222,1,1,12999.0,3074,0.23647972920993923,0.11823986460496962,1.0,1.9998600915608018,0.6666666666666666,0.3333333333333333,0.17708333333333334,0.47475,16,8,['high_quality'],high_quality,Medium_Dice (25-75%)
20160307_145059_1921_721,0.7585504534001948,0.6110199608818431,0.6454361631348409,0.9197365694181179,4469,2455,390,223086,4859,6924,0.35456383593298674,0.08026342868903066,3,4,1619.6666666666667,1757,0.3615970364272484,0.1807985182136242,1.3333333333333333,1.9998338668220548,0.625,0.375,0.1840277777777778,0.47400000000000003,15,9,['boundary_margin_error'],boundary_margin_error,Medium_Dice (25-75%)
20160307_145059_1_361,0.8999524333280734,0.8181031989832774,0.8418866796777548,0.966621252308559,8514,1599,294,219993,8808,10113,0.15811331948976565,0.03337874659400545,1,1,8808.0,2411,0.27372842870118075,0.13686421435059037,1.0,1.9998980210285946,0.625,0.375,0.1701388888888889,0.4716333333333333,15,9,['high_quality'],high_quality,High_Dice (>75%)
20160307_145059_1_721,0.8056326298518087,0.674526657364936,0.7067056094600151,0.9367639926814584,5807,2410,392,221791,6199,8217,0.2932943896799318,0.06323600580738829,1,1,6199.0,1626,0.2623003710275851,0.13115018551379254,1.0,1.9998615867763696,0.625,0.375,0.1736111111111111,0.47268333333333334,15,9,['boundary_margin_error'],boundary_margin_error,Medium_Dice (25-75%)
20160307_145059_641_361,0.7512404645254829,0.6015893718401265,0.6184611625186427,0.9566201415378722,5072,3129,230,221969,5302,8201,0.3815388367272284,0.04337985665786496,2,2,2651.0,2106,0.3972086005281026,0.1986043002640513,1.0,1.9998549740267013,0.6666666666666666,0.3333333333333333,0.17708333333333334,0.4715833333333333,16,8,['boundary_margin_error'],boundary_margin_error,Medium_Dice (25-75%)
20160307_145059_641_721,0.8705835167954348,0.7708259351105561,0.7946408955306824,0.9625753804872513,10854,2805,422,216319,11276,13659,0.20535910388754666,0.03742461865909897,2,1,5638.0,3040,0.2695991486342675,0.13479957431713374,0.5,1.9998477838831252,0.6666666666666666,0.3333333333333333,0.1736111111111111,0.47550000000000003,16,8,['high_quality'],high_quality,High_Dice (>75%)
20160307_162438_1281_361,0.8134232026194992,0.6855209072141144,0.9999999964739068,0.6855209072141144,2836,0,1301,226263,4137,2836,0.0,0.3144790911288373,1,1,4137.0,396,0.09572153734590283,0.047860768672951415,1.0,1.9999028008723536,0.6666666666666666,0.3333333333333333,0.17708333333333334,0.4707333333333333,16,8,['boundary_margin_error'],boundary_margin_error,Medium_Dice (25-75%)
20160307_162438_1281_721,0.9158624347633962,0.8447843374595337,0.9596552799250598,0.8758920356256488,27616,1161,3913,197710,31529,28777,0.04034471974146019,0.12410796409654604,1,1,31529.0,3073,0.09746582511338768,0.04873291255669384,1.0,1.9999255412532546,0.6666666666666666,0.3333333333333333,0.18055555555555555,0.47283333333333327,16,8,['high_quality'],high_quality,High_Dice (>75%)
20160307_162438_1921_1081,0.7260134750908972,0.5698753172783341,0.6005355248766825,0.9177769309880311,9644,6415,864,213477,10508,16059,0.39946447474936175,0.08222306813856109,2,1,5254.0,2256,0.21469356680624285,0.10734678340312143,0.5,1.9999137961691842,0.6666666666666666,0.3333333333333333,0.1736111111111111,0.4708166666666667,16,8,['boundary_margin_error'],boundary_margin_error,Medium_Dice (25-75%)
20160307_162438_1921_721,0.8809979907300383,0.787306889024089,0.9270858936392714,0.8392753812973359,18856,1483,3611,206450,22467,20339,0.07291410590491175,0.1607246183291049,1,1,22467.0,2708,0.12053233631548493,0.06026616815774247,1.0,1.9999203111716384,0.6666666666666666,0.3333333333333333,0.18055555555555555,0.47295,16,8,['high_quality'],high_quality,High_Dice (>75%)
20160307_162438_1_361,0.8500911991492688,0.7392683650393406,0.9359272039736658,0.7786769694620485,29828,2042,8478,190052,38306,31870,0.06407279573266395,0.22132303033467343,1,1,38306.0,3094,0.08077063645381924,0.04038531822690962,1.0,1.9999067444332053,0.6666666666666666,0.3333333333333333,0.18055555555555555,0.47188333333333327,16,8,['high_quality'],high_quality,Medium_Dice (25-75%)
20160307_162438_641_361,0.8398282615395846,0.7238827095151131,0.8679080589332228,0.8135084765176545,17898,2724,4103,205675,22001,20622,0.13209194064591212,0.1864915231125858,1,2,22001.0,2516,0.11435843825280669,0.05717921912640334,2.0,1.9999153596772932,0.6666666666666666,0.3333333333333333,0.18055555555555555,0.4734333333333334,16,8,['boundary_margin_error'],boundary_margin_error,Medium_Dice (25-75%)
20160307_162438_641_721,0.7478789587472575,0.5972896661803617,0.6500737455136754,0.8803262302258219,5289,2847,719,221545,6008,8136,0.3499262536873156,0.11967376830892144,1,2,6008.0,705,0.11734354194407456,0.05867177097203728,2.0,1.9999186479338549,0.6666666666666666,0.3333333333333333,0.17708333333333331,0.47090000000000004,16,8,['boundary_margin_error'],boundary_margin_error,Medium_Dice (25-75%)
20160310_114505_1281_1,0.39454174235033657,0.24575023391011883,0.24575023391011883,0.999999994553377,1836,5635,0,222929,1836,7471,0.7542497657609423,0.0,4,3,459.0,1931,1.051742919389978,0.525871459694989,0.75,1.9998945545804905,0.7083333333333334,0.2916666666666667,0.1840277777777778,0.4727333333333333,17,7,"['false_crack_high_fp', 'thin_low_area_failure', 'over_segmentation']",false_crack_high_fp,Low_Dice (<25%)
20160310_114505_641_1,0.5382307842555625,0.3682050343230527,0.3758845434116531,0.9474301784852613,4037,6703,224,219436,4261,10740,0.6241154562383613,0.052569819291246184,4,1,1065.25,2348,0.551044355785027,0.2755221778925135,0.25,1.9998905139387244,0.75,0.25,0.1840277777777778,0.4719166666666667,18,6,"['thin_low_area_failure', 'over_segmentation']",thin_low_area_failure,Low_Dice (<25%)
20160310_114505_641_1081,0.5838846712278817,0.4123143499436271,0.4127609290933823,0.9973828194209308,4192,5964,11,220233,4203,10156,0.587239070500197,0.0026171782060433026,3,3,1401.0,1842,0.4382583868665239,0.21912919343326195,1.0,1.999898828260758,0.7083333333333334,0.2916666666666667,0.1701388888888889,0.4725,17,7,['over_segmentation'],over_segmentation,Low_Dice (<25%)
20160310_114505_641_361,0.4688677650774128,0.30622290771712374,0.30794237140159414,0.9820923633786702,4168,9367,76,216789,4244,13535,0.6920576283708902,0.017907634307257305,5,7,848.8,2457,0.5789349670122526,0.2894674835061263,1.4,1.9998877726906883,0.75,0.25,0.18055555555555558,0.47281666666666666,18,6,"['false_crack_high_fp', 'thin_low_area_failure', 'over_segmentation', 'complex_topology']",false_crack_high_fp,Low_Dice (<25%)
20160310_114505_641_721,0.5823682973543287,0.410803663791856,0.4110754106869444,0.9983933876557417,4350,6232,7,219811,4357,10582,0.5889245889245889,0.001606610052788616,4,1,1089.25,1798,0.41266926784484737,0.20633463392242368,0.25,1.9998920120115917,0.75,0.25,0.17708333333333331,0.47225,18,6,['over_segmentation'],over_segmentation,Low_Dice (<25%)
20160316_142539_1281_361,0.8351545836652755,0.7169660213740235,0.8213630395526041,0.8494171850780466,6267,1363,1111,221659,7378,7630,0.17863695937090432,0.15058281377066957,1,2,7378.0,1653,0.22404445649227434,0.11202222824613717,2.0,1.9999000773738709,0.7083333333333334,0.2916666666666667,0.1701388888888889,0.4721,17,7,['boundary_margin_error'],boundary_margin_error,Medium_Dice (25-75%)
20160316_142539_1281_721,0.7228720222304824,0.5660137705956189,0.5929686948715115,0.9256586848959674,8467,5812,680,215441,9147,14279,0.4070313047132152,0.07434131409205204,2,5,4573.5,2578,0.2818410407783973,0.14092052038919864,2.5,1.9999024018630307,0.75,0.25,0.17708333333333334,0.47333333333333333,18,6,['moderate_general_error'],moderate_general_error,Medium_Dice (25-75%)
20160316_142539_1921_361,0.6934767520147548,0.530780262107197,0.5753022449192273,0.8727510909408288,9993,7377,1457,211573,11450,17370,0.4246977547495682,0.12724890829694324,7,3,1635.7142857142858,4030,0.3519650655021834,0.1759825327510917,0.42857142857142855,1.9999079073815895,0.75,0.25,0.1736111111111111,0.47285,18,6,['complex_topology'],complex_topology,Low_Dice (<25%)
20160316_142539_1_721,0.6708849423456543,0.5047606213488006,0.544498812778209,0.8736784819078992,11239,9402,1625,208134,12864,20641,0.45550118695799624,0.12632151741293532,7,5,1837.7142857142858,4023,0.3127332089552239,0.15636660447761194,0.7142857142857143,1.999911545777514,0.75,0.25,0.17708333333333331,0.47291666666666665,18,6,['complex_topology'],complex_topology,Low_Dice (<25%)
20160316_142539_641_721,0.5565316939457624,0.38555172400498217,0.4079614695486695,0.875293564368801,11181,16226,1593,201400,12774,27407,0.5920385303024774,0.12470643494598403,4,2,3193.5,4538,0.35525285736652573,0.17762642868326287,0.5,1.9998961003581959,0.75,0.25,0.17708333333333334,0.47261666666666663,18,6,['over_segmentation'],over_segmentation,Low_Dice (<25%)
20160316_143445_1281_1,0.8777369867320909,0.7821134407488093,0.8257678544308821,0.9366867210461126,13389,2825,905,213281,14294,16214,0.17423214505982484,0.06331327829858682,1,1,14294.0,2297,0.16069679585840213,0.08034839792920107,1.0,1.999898223540417,0.6666666666666666,0.3333333333333333,0.1701388888888889,0.4725833333333333,16,8,['high_quality'],high_quality,High_Dice (>75%)
20160316_143445_1281_1081,0.607064211567811,0.43581636469480667,0.45606140754888647,0.9075585965036644,3446,4110,351,222493,3797,7556,0.5439385918475383,0.09244140110613643,4,2,949.25,1205,0.3173558072162233,0.15867790360811165,0.5,1.999904062439928,0.7083333333333334,0.2916666666666667,0.1736111111111111,0.47134999999999994,17,7,['moderate_general_error'],moderate_general_error,Low_Dice (<25%)
20160316_143445_1281_361,0.8288214380541354,0.7076815312236274,0.7188852649161664,0.9784521015426906,12124,4741,267,213268,12391,16865,0.28111473465757486,0.021547897667662012,2,2,6195.5,2403,0.19393107900895812,0.09696553950447906,1.0,1.9999012092106137,0.7083333333333334,0.2916666666666667,0.1701388888888889,0.47241666666666665,17,7,['boundary_margin_error'],boundary_margin_error,Medium_Dice (25-75%)
20160316_143445_1281_721,0.8346772066311785,0.7162626624836005,0.7897676270121833,0.8850022346418182,15838,4216,2058,208288,17896,20054,0.21023237259399621,0.11499776486365668,2,4,8948.0,4941,0.2760952168082253,0.13804760840411265,2.0,1.999909313388757,0.7916666666666666,0.20833333333333334,0.18055555555555555,0.47385000000000005,19,5,['boundary_margin_error'],boundary_margin_error,Medium_Dice (25-75%)
20160316_143445_1921_1081,0.6980815791124597,0.5361945632788307,0.5880599352098063,0.8587467053972428,7496,5251,1233,216420,8729,12747,0.4119400643288617,0.14125329361897124,2,3,4364.5,2735,0.31332340474281134,0.15666170237140567,1.5,1.9998929488408697,0.6666666666666666,0.3333333333333333,0.17361111111111113,0.47045000000000003,16,8,['moderate_general_error'],moderate_general_error,Low_Dice (<25%)
20160316_143445_1_1081,0.8570090048113014,0.749795062619733,0.8777991033506087,0.8371809205357664,8232,1146,1601,219421,9833,9378,0.12220089571337173,0.16281907861283434,1,1,9833.0,2466,0.2507881623105868,0.1253940811552934,1.0,1.9999175361090824,0.7083333333333334,0.2916666666666667,0.1840277777777778,0.47078333333333333,17,7,['high_quality'],high_quality,Medium_Dice (25-75%)
20160316_143445_1_721,0.5339295516325963,0.3641909242677751,0.399600751057303,0.8043015816490154,3403,5113,828,221056,4231,8516,0.6003992484734617,0.19569841645001182,2,4,2115.5,1268,0.2996927440321437,0.14984637201607184,2.0,1.999885024934998,0.6666666666666666,0.3333333333333333,0.1736111111111111,0.47005,16,8,"['thin_low_area_failure', 'over_segmentation']",thin_low_area_failure,Low_Dice (<25%)
20160316_143445_641_361,0.8545988613665325,0.746113158562179,0.773191594740311,0.9551656910278387,9310,2731,437,217922,9747,12041,0.2268084046175567,0.04483430799220273,1,1,9747.0,2796,0.2868574946137273,0.14342874730686364,1.0,1.9999061850626267,0.7083333333333334,0.2916666666666667,0.1701388888888889,0.4724333333333333,17,7,['high_quality'],high_quality,Medium_Dice (25-75%)
20160316_143445_641_721,0.8596288914668053,0.7538150388363531,0.8027410662724023,0.9251946283141209,8200,2015,663,219522,8863,10215,0.1972589329417523,0.07480537064199481,1,1,8863.0,2133,0.2406634322464177,0.12033171612320885,1.0,1.9999047673982482,0.6666666666666666,0.3333333333333333,0.1736111111111111,0.4717,16,8,['high_quality'],high_quality,Medium_Dice (25-75%)
20160316_143527_1281_1081,0.769956400804615,0.6259586256196696,0.7247425751941929,0.8211870131711304,9713,3689,2115,214883,11828,13402,0.2752574242650351,0.17881298613459587,4,4,2957.0,4261,0.360246871829557,0.1801234359147785,1.0,1.9999101154123344,0.75,0.25,0.1840277777777778,0.47331666666666666,18,6,['boundary_margin_error'],boundary_margin_error,Medium_Dice (25-75%)
20160316_143527_1281_361,0.5759545077498586,0.4044495143478808,0.5021246447069768,0.6752380930944822,2127,2109,1023,225141,3150,4236,0.4978753541076487,0.32476190476190475,4,2,787.5,1101,0.3495238095238095,0.17476190476190476,0.5,1.999863767636544,0.7083333333333334,0.2916666666666667,0.1701388888888889,0.47156666666666663,17,7,['moderate_general_error'],moderate_general_error,Low_Dice (<25%)
20160316_143527_1281_721,0.7347824288741719,0.5807557890777164,0.6520591145065608,0.8415447958533083,17781,9488,3348,199783,21129,27269,0.3479408852543181,0.15845520374840266,7,3,3018.4285714285716,7452,0.35269061479483177,0.17634530739741588,0.42857142857142855,1.9999095647264868,0.75,0.25,0.17708333333333334,0.4736833333333333,18,6,"['complex_topology', 'boundary_margin_error']",complex_topology,Medium_Dice (25-75%)
20160316_143527_1921_361,0.6692320420931678,0.5028916109054837,0.5228551105431855,0.9294333973917557,8087,7380,614,214319,8701,15467,0.477144889118769,0.07056660154005287,2,3,4350.5,4261,0.48971382599701185,0.24485691299850593,1.5,1.9999182725407856,0.75,0.25,0.1736111111111111,0.47236666666666666,18,6,['moderate_general_error'],moderate_general_error,Low_Dice (<25%)
20160316_143527_1_1,0.6444106129597593,0.4753730142183756,0.6247759613866358,0.6653194109517016,5926,3559,2981,217934,8907,9485,0.37522403795466525,0.334680588301336,2,1,4453.5,3323,0.37307735488941285,0.18653867744470642,0.5,1.9999021403969763,0.75,0.25,0.18055555555555558,0.4720166666666667,18,6,['moderate_general_error'],moderate_general_error,Low_Dice (<25%)
20160316_143527_1_361,0.5594862070336005,0.3883935091530573,0.3885639070070724,0.9988721766959692,2657,4181,3,223559,2660,6838,0.6114360924246856,0.0011278195488721805,2,2,1330.0,1788,0.6721804511278195,0.3360902255639098,1.0,1.9998939648670782,0.625,0.375,0.18055555555555555,0.46984999999999993,15,9,['over_segmentation'],over_segmentation,Low_Dice (<25%)
20160316_143527_641_1,0.8213075539060656,0.6967954674077995,0.7541868758541348,0.9015424998342167,8241,2686,900,218573,9141,10927,0.24581312345566028,0.09845749917952085,1,1,9141.0,2978,0.3257849250629034,0.1628924625314517,1.0,1.999889609183615,0.7083333333333334,0.2916666666666667,0.1736111111111111,0.47255,17,7,['boundary_margin_error'],boundary_margin_error,Medium_Dice (25-75%)
20160316_143527_641_361,0.7670598986640407,0.6221388190982584,0.6938659497215307,0.8575169237083172,13427,5924,2231,208818,15658,19351,0.3061340499199008,0.1424830757440286,8,2,1957.25,5907,0.37725124536977905,0.18862562268488953,0.25,1.9999010608432115,0.7083333333333334,0.2916666666666667,0.1701388888888889,0.47291666666666665,17,7,"['complex_topology', 'boundary_margin_error']",complex_topology,Medium_Dice (25-75%)
20160316_143527_641_721,0.7132907297240678,0.5543526779527314,0.66832615625898,0.7647421081374256,4967,2465,1528,221440,6495,7432,0.3316738428417653,0.2352578906851424,3,2,2165.0,2013,0.3099307159353349,0.15496535796766744,0.6666666666666666,1.9998928061630536,0.7083333333333334,0.2916666666666667,0.1736111111111111,0.4705333333333333,17,7,['boundary_margin_error'],boundary_margin_error,Medium_Dice (25-75%)
20160316_143547_1281_1081,0.8456858395385981,0.7326305684412301,0.7716376462991732,0.9354542644984574,3058,905,211,226226,3269,3963,0.22836235175372194,0.06454573263995106,3,2,1089.6666666666667,774,0.23676965432854083,0.11838482716427041,0.6666666666666666,1.9999090154568238,0.7083333333333334,0.2916666666666667,0.1701388888888889,0.47048333333333336,17,7,['boundary_margin_error'],boundary_margin_error,Medium_Dice (25-75%)
20160316_143547_1281_361,0.29756795374730893,0.1747899156399815,0.17740712627481592,0.9221674785993352,936,4340,79,225045,1015,5276,0.8225928733889311,0.07783251231527094,1,2,1015.0,210,0.20689655172413793,0.10344827586206896,2.0,1.9998692543966274,0.6666666666666666,0.3333333333333333,0.1701388888888889,0.4705833333333333,16,8,"['false_crack_high_fp', 'thin_low_area_failure', 'over_segmentation']",false_crack_high_fp,Low_Dice (<25%)
20160316_143547_1281_721,0.8925121280547327,0.8058888504910339,0.8463477074780592,0.9440032121434931,21157,3841,1255,204147,22412,24998,0.15365229218337467,0.055996787435302516,1,1,22412.0,4400,0.19632339817954667,0.09816169908977333,1.0,1.9999045727076294,0.7083333333333334,0.2916666666666667,0.1701388888888889,0.4732166666666666,17,7,['high_quality'],high_quality,High_Dice (>75%)
20160316_143547_1921_1081,0.8528654679984214,0.7434746703251087,0.8026356586036296,0.9098018536488722,20708,5092,2053,202547,22761,25800,0.19736434108527132,0.09019814595140811,3,4,7587.0,5059,0.2222661570229779,0.11113307851148894,1.3333333333333333,1.9999185765245304,0.625,0.375,0.17708333333333331,0.47226666666666667,15,9,['high_quality'],high_quality,Medium_Dice (25-75%)
20160316_143547_1_1,0.7755434439718275,0.633377672857169,0.8129760961301706,0.7414061559819103,12380,2848,4318,210854,16698,15228,0.18702390333596008,0.2585938435740807,1,1,16698.0,4621,0.2767397293088993,0.13836986465444964,1.0,1.9998989407241397,0.625,0.375,0.1701388888888889,0.47146666666666665,15,9,['boundary_margin_error'],boundary_margin_error,Medium_Dice (25-75%)
20160316_143547_641_1,0.8544850469950662,0.7459396708472177,0.770059875628384,0.959701485375362,1286,384,54,228676,1340,1670,0.22994011976047904,0.04029850746268657,1,1,1340.0,445,0.332089552238806,0.166044776119403,1.0,1.9998719780906964,0.6666666666666666,0.3333333333333333,0.17361111111111113,0.4698333333333333,16,8,['high_quality'],high_quality,Medium_Dice (25-75%)
20160316_143547_641_361,0.8882603462764523,0.7989823366481563,0.8136875330194249,0.9778811732441796,13661,3128,309,213302,13970,16789,0.18631246649591995,0.02211882605583393,2,1,6985.0,3890,0.278453829634932,0.139226914817466,0.5,1.9998984396200452,0.6666666666666666,0.3333333333333333,0.1736111111111111,0.4725000000000001,16,8,['high_quality'],high_quality,High_Dice (>75%)
20160316_143547_641_721,0.5529926991153498,0.38216303316318384,0.4034938201811085,0.8784786560437973,947,1400,131,227922,1078,2347,0.5965061780997017,0.12152133580705009,2,5,539.0,561,0.5204081632653061,0.2602040816326531,2.5,1.9998996173473724,0.7083333333333334,0.2916666666666667,0.1701388888888889,0.4704166666666667,17,7,['over_segmentation'],over_segmentation,Low_Dice (<25%)
20160318_181632_1281_1081,0.8777021707916256,0.7820581559983262,0.8212135645453621,0.9425361629753263,18961,4128,1156,206155,20117,23089,0.17878643509896489,0.05746383655614654,1,1,20117.0,3066,0.1524084107968385,0.07620420539841925,1.0,1.9999062269348535,0.7083333333333334,0.2916666666666667,0.17708333333333331,0.4736166666666666,17,7,['high_quality'],high_quality,High_Dice (>75%)
20160318_181632_1281_361,0.8564320090197091,0.7489121904204027,0.8761335185323689,0.8375970639193709,31497,4453,6107,188343,37604,35950,0.12386648122392212,0.16240293585788745,8,1,4700.5,5071,0.13485267524731412,0.06742633762365706,0.125,1.999903411743472,0.7083333333333334,0.2916666666666667,0.1701388888888889,0.4740166666666667,17,7,"['complex_topology', 'high_quality']",complex_topology,Medium_Dice (25-75%)
20160318_181632_1281_721,0.8885769665823191,0.7994948276804207,0.8636580185960163,0.9149765986441329,19941,3148,1853,205458,21794,23089,0.13634198102992767,0.08502340093603744,1,1,21794.0,2539,0.1164999541158117,0.05824997705790585,1.0,1.9999131493406885,0.6666666666666666,0.3333333333333333,0.1701388888888889,0.4720333333333333,16,8,['high_quality'],high_quality,High_Dice (>75%)
20160318_181632_1921_1,0.7270375154989489,0.5711382105529352,0.6898123782398521,0.7685094730054514,3934,1769,1185,223512,5119,5703,0.3101876205505874,0.2314905254932604,5,2,1023.8,1148,0.22426255127954678,0.11213127563977339,0.4,1.9998997148534159,0.6666666666666666,0.3333333333333333,0.1701388888888889,0.4723333333333333,16,8,"['complex_topology', 'boundary_margin_error']",complex_topology,Medium_Dice (25-75%)
20160318_181632_1921_361,0.895031142241253,0.8100057625666309,0.8962617563780242,0.893803902510312,22489,2603,2672,202636,25161,25092,0.10373824326478559,0.10619609713445412,1,2,25161.0,3071,0.12205397241763045,0.06102698620881523,2.0,1.9999033540159845,0.7083333333333334,0.2916666666666667,0.1736111111111111,0.47363333333333335,17,7,['high_quality'],high_quality,High_Dice (>75%)
20160318_181632_1_1,0.9399116794670456,0.8866352560082063,0.9182659403974334,0.9626025386099615,30862,2747,1199,195592,32061,33609,0.08173405932934631,0.03739746108979757,1,1,32061.0,3190,0.0994978322572596,0.0497489161286298,1.0,1.9999048672531943,0.7083333333333334,0.2916666666666667,0.1736111111111111,0.4724000000000001,17,7,['high_quality'],high_quality,High_Dice (>75%)
20160318_181632_1_361,0.8618333834385302,0.7572119678243828,0.7747021067374847,0.9710477918863792,4226,1229,126,224819,4352,5455,0.22529789184234647,0.028952205882352942,2,3,2176.0,534,0.12270220588235294,0.06135110294117647,1.5,1.999897383691728,0.5833333333333334,0.4166666666666667,0.17708333333333334,0.4687333333333334,14,10,['high_quality'],high_quality,Medium_Dice (25-75%)
20160318_181632_641_1,0.8460591115639181,0.7331910326104908,0.9067311882677905,0.7929973036052431,2061,212,538,227589,2599,2273,0.09326880774307084,0.2070026933435937,2,4,1299.5,488,0.1877645248172374,0.0938822624086187,2.0,1.9999032682203646,0.5833333333333334,0.4166666666666667,0.18055555555555558,0.4698333333333333,14,10,['boundary_margin_error'],boundary_margin_error,Medium_Dice (25-75%)
20160318_181632_641_361,0.9290194530555071,0.8674475514107135,0.9329483311358541,0.9251235269415624,36510,2624,2955,188311,39465,39134,0.06705166862574743,0.07487647282402128,1,1,39465.0,3248,0.08230077283669074,0.04115038641834537,1.0,1.9998986160862777,0.6666666666666666,0.3333333333333333,0.18750000000000003,0.4731666666666667,16,8,['high_quality'],high_quality,High_Dice (>75%)
20160318_181632_641_721,0.22097739982521017,0.12421281202582757,0.12456445979468156,0.9777777694207028,1144,8040,26,221190,1170,9184,0.8754355400696864,0.022222222222222223,1,2,1170.0,668,0.5709401709401709,0.28547008547008546,2.0,1.9999134235603815,0.5833333333333334,0.4166666666666667,0.1840277777777778,0.47015000000000007,14,10,"['false_crack_high_fp', 'thin_low_area_failure', 'over_segmentation']",false_crack_high_fp,Low_Dice (<25%)
20160321_183947_1281_361,0.7850318455711947,0.6461336807138477,0.6943661947381472,0.9029303987961061,1972,868,212,227348,2184,2840,0.3056338028169014,0.09706959706959707,1,2,2184.0,385,0.1762820512820513,0.08814102564102565,2.0,1.9998982216529493,0.5833333333333334,0.4166666666666667,0.17708333333333331,0.4704333333333333,14,10,['boundary_margin_error'],boundary_margin_error,Medium_Dice (25-75%)
20160321_183947_1281_721,0.9272178560707113,0.8643114180429795,0.8943495475813139,0.9625942297901987,30263,3575,1176,195386,31439,33838,0.10565045215438265,0.03740576990362289,1,2,31439.0,3118,0.09917618244855116,0.04958809122427558,2.0,1.9998970470626822,0.7083333333333334,0.2916666666666667,0.17708333333333331,0.4738,17,7,['high_quality'],high_quality,High_Dice (>75%)
20160321_183947_1921_721,0.9084388585946176,0.832238180836123,0.8684466016782625,0.9522922346954913,28624,4336,1434,196006,30058,32960,0.13155339805825242,0.047707764987690464,1,1,30058.0,3092,0.10286778894138,0.05143389447069,1.0,1.9999049149965396,0.7083333333333334,0.2916666666666667,0.1840277777777778,0.47411666666666674,17,7,['high_quality'],high_quality,High_Dice (>75%)
20160321_183947_1_721,0.8828586454321892,0.7902837378835924,0.8528745064187137,0.9150278835768736,43645,7529,4053,175173,47698,51174,0.1471254934146246,0.08497211623128853,1,3,47698.0,3492,0.07321061679735,0.036605308398675,3.0,1.999904686121802,0.7083333333333334,0.2916666666666667,0.1840277777777778,0.47345,17,7,['high_quality'],high_quality,High_Dice (>75%)
20160321_183947_641_721,0.8933747970668774,0.8072966300595517,0.8115803176820742,0.9935043451738175,33037,7670,216,189477,33253,40707,0.18841968211855456,0.006495654527411061,1,1,33253.0,3297,0.0991489489670105,0.04957447448350525,1.0,1.9998966113435481,0.7083333333333334,0.2916666666666667,0.1840277777777778,0.47330000000000005,17,7,['high_quality'],high_quality,High_Dice (>75%)
20160321_185557_1281_721,0.878552303410848,0.7834090756822074,0.8391773667139913,0.9218041613043731,23789,4559,2018,200034,25807,28348,0.16082263298998165,0.07819583833843531,3,1,8602.333333333334,3922,0.1519742705467509,0.07598713527337544,0.3333333333333333,1.9998881339515133,0.7083333333333334,0.2916666666666667,0.1701388888888889,0.47325,17,7,['high_quality'],high_quality,High_Dice (>75%)
20160321_185557_1921_1,0.8528591349142002,0.7434650450277621,0.7859897165922319,0.9321646332582273,9784,2664,712,217240,10496,12448,0.21401028277634962,0.06783536585365854,1,1,10496.0,2096,0.19969512195121952,0.09984756097560976,1.0,1.9999031219024144,0.6666666666666666,0.3333333333333333,0.1840277777777778,0.4711666666666667,16,8,['high_quality'],high_quality,Medium_Dice (25-75%)
20160321_185557_1921_1081,0.8169488516900324,0.6905439826985285,0.7556575920337344,0.8890603888780046,9216,2980,1150,217054,10366,12196,0.24434240734667104,0.11093961026432568,1,1,10366.0,1930,0.18618560679143353,0.09309280339571677,1.0,1.9998982124938307,0.6666666666666666,0.3333333333333333,0.17708333333333331,0.4719166666666667,16,8,['boundary_margin_error'],boundary_margin_error,Medium_Dice (25-75%)
20160321_185557_1921_361,0.6762882029099778,0.5109029052975835,0.5194194020981916,0.9689053400646163,9161,8476,294,212469,9455,17637,0.4805805976073028,0.0310946589106293,2,3,4727.5,2665,0.28186144896879956,0.14093072448439978,1.5,1.9998975475066079,0.6666666666666666,0.3333333333333333,0.18055555555555555,0.47300000000000003,16,8,['moderate_general_error'],moderate_general_error,Low_Dice (<25%)
20160321_185557_1921_721,0.9056539572209118,0.8275754851006787,0.9033146042824712,0.908005457922824,23955,2564,2427,201454,26382,26519,0.09668539537689959,0.09199454173299977,1,2,26382.0,3311,0.1255022363732848,0.0627511181866424,2.0,1.9998939777048932,0.7083333333333334,0.2916666666666667,0.1701388888888889,0.47376666666666667,17,7,['high_quality'],high_quality,High_Dice (>75%)
20160321_185557_1_361,0.29284274156647844,0.17153823417251515,0.17369207746832277,0.9325842621782965,1162,5528,84,223626,1246,6690,0.8263079222720479,0.06741573033707865,1,7,1246.0,314,0.2520064205457464,0.1260032102728732,7.0,1.9998791920951569,0.7083333333333334,0.2916666666666667,0.17708333333333331,0.47143333333333337,17,7,"['false_crack_high_fp', 'thin_low_area_failure', 'over_segmentation', 'fragmented_prediction']",false_crack_high_fp,Low_Dice (<25%)
20160321_185557_1_721,0.8227261987189401,0.6988401490151944,0.7242139408067652,0.9522585579392658,17413,6631,873,205483,18286,24044,0.2757860588920313,0.047741441539975935,1,1,18286.0,3861,0.21114513835721316,0.10557256917860658,1.0,1.999887970378104,0.7083333333333334,0.2916666666666667,0.1736111111111111,0.4731166666666667,17,7,['boundary_margin_error'],boundary_margin_error,Medium_Dice (25-75%)
20160321_185557_641_721,0.8890010753333037,0.8001817603918991,0.839907095997716,0.9441906000819701,20251,3860,1197,205092,21448,24111,0.1600929036539339,0.05580939947780679,1,1,21448.0,3301,0.1539071242073853,0.07695356210369265,1.0,1.9998827101001198,0.7083333333333334,0.2916666666666667,0.1736111111111111,0.47373333333333334,17,7,['high_quality'],high_quality,High_Dice (>75%)
20160324_170347_1281_1,0.8831131527260819,0.7906916935064391,0.866441249835952,0.9004392373346425,6150,948,680,222622,6830,7098,0.13355874894336434,0.09956076134699854,2,1,3415.0,2141,0.31346998535871157,0.15673499267935578,0.5,1.9999191286234141,0.6666666666666666,0.3333333333333333,0.17361111111111113,0.47279999999999994,16,8,['high_quality'],high_quality,High_Dice (>75%)
20160324_170347_1281_1081,0.8263828548896736,0.7041332502108165,0.8631276453975686,0.7926388877880016,5707,905,1493,222295,7200,6612,0.1368723532970357,0.2073611111111111,1,1,7200.0,2631,0.36541666666666667,0.18270833333333333,1.0,1.9998390691083863,0.625,0.375,0.1736111111111111,0.4703166666666667,15,9,['boundary_margin_error'],boundary_margin_error,Medium_Dice (25-75%)
20160324_170347_1281_361,0.8065498415360243,0.6758135945736438,0.7208585799313356,0.9153625444504923,7019,2718,649,220014,7668,9737,0.2791414193283352,0.08463745435576421,5,1,1533.6,2600,0.33907146583202924,0.16953573291601462,0.2,1.999917898903748,0.6666666666666666,0.3333333333333333,0.16666666666666666,0.4722833333333334,16,8,"['complex_topology', 'boundary_margin_error']",complex_topology,Medium_Dice (25-75%)
20160324_170347_1281_721,0.7455645570989824,0.5943427071661685,0.7841656770745705,0.7105854748210483,7270,2001,2961,218168,10231,9271,0.21583432207960307,0.28941452448441013,1,3,10231.0,4382,0.4283061284331932,0.2141530642165966,3.0,1.9999156699370984,0.6666666666666666,0.3333333333333333,0.17361111111111113,0.47205,16,8,['boundary_margin_error'],boundary_margin_error,Medium_Dice (25-75%)
20160324_170347_641_1,0.7199237878063095,0.5624069730758942,0.5810632676162933,0.9459942741559575,2645,1907,151,225697,2796,4552,0.41893673110720564,0.05400572246065808,1,1,2796.0,2183,0.780758226037196,0.390379113018598,1.0,1.9998992543891223,0.6666666666666666,0.3333333333333333,0.17361111111111113,0.47205,16,8,['moderate_general_error'],moderate_general_error,Medium_Dice (25-75%)
20160324_170347_641_361,0.7419668931431675,0.5897832808207689,0.6177042791541759,0.9288152098273642,3810,2358,292,223940,4102,6168,0.38229571984435795,0.07118478790833739,3,1,1367.3333333333333,2940,0.7167235494880546,0.3583617747440273,0.3333333333333333,1.9999004746179783,0.7916666666666666,0.20833333333333334,0.18402777777777776,0.47256666666666663,19,5,['boundary_margin_error'],boundary_margin_error,Medium_Dice (25-75%)
20160324_170347_641_721,0.8011040740362005,0.6682015149832028,0.7377392322436027,0.8763765510608292,2467,877,348,226708,2815,3344,0.26226076555023925,0.1236234458259325,1,1,2815.0,1498,0.5321492007104796,0.2660746003552398,1.0,1.9998599458823634,0.5833333333333334,0.4166666666666667,0.18055555555555558,0.46998333333333325,14,10,['boundary_margin_error'],boundary_margin_error,Medium_Dice (25-75%)
20160326_141808_1281_1,0.19000870858205313,0.10497769214856295,0.14758332290298448,0.2666666660740741,1200,6931,3300,218969,4500,8131,0.8524166769155086,0.7333333333333333,4,10,1125.0,1265,0.2811111111111111,0.14055555555555554,2.5,1.999826175829426,0.6666666666666666,0.3333333333333333,0.18055555555555558,0.47221666666666673,16,8,"['missed_crack_high_fn', 'false_crack_high_fp', 'thin_low_area_failure']",missed_crack_high_fn,Low_Dice (<25%)
20160326_141808_641_1,0.6416099418715302,0.472331152626008,0.472331152626008,0.9999999907749079,1084,1211,0,228105,1084,2295,0.5276688453159042,0.0,1,4,1084.0,178,0.16420664206642066,0.08210332103321033,4.0,1.9998115402458054,0.5416666666666666,0.4583333333333333,0.19444444444444448,0.47054999999999997,13,11,"['over_segmentation', 'fragmented_prediction']",over_segmentation,Low_Dice (<25%)
20160326_141808_641_361,0.7304482221893621,0.5753591424597361,0.696091908193154,0.7683719913631346,7089,3095,2137,218079,9226,10184,0.3039080911233307,0.2316280078040321,1,4,9226.0,1956,0.21200953826143507,0.10600476913071753,4.0,1.9998293867334809,0.625,0.375,0.1840277777777778,0.4706333333333334,15,9,['boundary_margin_error'],boundary_margin_error,Medium_Dice (25-75%)
20160326_141808_641_721,0.39032287041071784,0.24248519360544732,0.5208833400842935,0.31209549789717317,2170,1996,4783,221451,6953,4166,0.47911665866538644,0.6879045016539623,4,3,1738.25,1926,0.27700273263339564,0.13850136631669782,0.75,1.9998217712700335,0.5416666666666666,0.4583333333333333,0.2048611111111111,0.4687833333333334,13,11,"['missed_crack_high_fn', 'thin_low_area_failure']",missed_crack_high_fn,Low_Dice (<25%)
20160326_142521_1281_1,0.4311535802261377,0.2748220442688618,0.9224137908314931,0.2813251199809757,3745,315,9567,216773,13312,4060,0.07758620689655173,0.7186748798076923,1,2,13312.0,1582,0.11884014423076923,0.059420072115384616,2.0,1.9998587109017585,0.5833333333333334,0.4166666666666667,0.17708333333333331,0.4686333333333333,14,10,['missed_crack_high_fn'],missed_crack_high_fn,Low_Dice (<25%)
20160326_142521_1281_1081,0.41808293606716024,0.264288783273982,0.4734411067227055,0.3743152757933193,1230,1368,2056,225746,3286,2598,0.5265588914549654,0.6256847230675593,2,2,1643.0,933,0.2839318320146074,0.1419659160073037,1.0,1.9998853866032968,0.5833333333333334,0.4166666666666667,0.17708333333333331,0.46930000000000005,14,10,['thin_low_area_failure'],thin_low_area_failure,Low_Dice (<25%)
20160326_142521_1281_361,0.5844079714358089,0.4128364384960285,0.9082213598081955,0.4308091169592642,3988,403,5269,220740,9257,4391,0.0917786381234343,0.5691908825753483,1,6,9257.0,1801,0.19455547153505456,0.09727773576752728,6.0,1.9998670059926598,0.5833333333333334,0.4166666666666667,0.18055555555555555,0.4690666666666667,14,10,['fragmented_prediction'],fragmented_prediction,Low_Dice (<25%)
20160326_142521_1281_721,0.705811137626122,0.5453695037457527,0.908228294989055,0.5771757712382543,6413,648,4698,218641,11111,7061,0.09177170372468489,0.42282422824228244,1,1,11111.0,1846,0.16614166141661416,0.08307083070830708,1.0,1.9998715291104963,0.625,0.375,0.1736111111111111,0.4686666666666666,15,9,['moderate_general_error'],moderate_general_error,Medium_Dice (25-75%)
20160326_142521_641_1,0.06873239397897243,0.03558926466984093,0.14523809178004543,0.04501844985226237,61,359,1294,228686,1355,420,0.8547619047619047,0.9549815498154982,1,5,1355.0,291,0.21476014760147602,0.10738007380073801,5.0,1.9998953400264845,0.625,0.375,0.1840277777777778,0.4698833333333334,15,9,"['missed_crack_high_fn', 'thin_low_area_failure', 'fragmented_prediction']",missed_crack_high_fn,Low_Dice (<25%)
20160326_142521_641_1081,0.0,0.0,0.0,0.0,0,2258,2487,225655,2487,2258,1.0,1.0,2,4,1243.5,797,0.32046642541214315,0.16023321270607158,2.0,1.999875652604645,0.625,0.375,0.1701388888888889,0.46848333333333336,15,9,"['missed_crack_high_fn', 'false_crack_high_fp', 'thin_low_area_failure']",missed_crack_high_fn,Low_Dice (<25%)
20160326_142745_1281_1081,0.7752643216433928,0.6330054193274335,0.8695532242979778,0.6994232460083779,3153,473,1355,225419,4508,3626,0.13044677330391616,0.30057675244010645,2,1,2254.0,1217,0.2699645075421473,0.13498225377107365,0.5,1.9998715442975785,0.625,0.375,0.1701388888888889,0.4684166666666667,15,9,['boundary_margin_error'],boundary_margin_error,Medium_Dice (25-75%)
20160326_142745_1281_361,0.4459872255229174,0.28699070744318034,0.6434294861483502,0.3412664680482223,4015,2225,7750,216410,11765,6240,0.35657051282051283,0.6587335316617084,1,1,11765.0,1303,0.11075223119422015,0.05537611559711007,1.0,1.9998913260878195,0.5833333333333334,0.4166666666666667,0.18055555555555555,0.47035,14,10,['missed_crack_high_fn'],missed_crack_high_fn,Low_Dice (<25%)
20160326_142745_1281_721,0.7591369171588771,0.6117813702868259,0.8499592828108311,0.6858503993615976,12525,2211,5737,209927,18262,14736,0.15004071661237786,0.3141496002628409,1,1,18262.0,3193,0.17484393823239514,0.08742196911619757,1.0,1.9999012158222993,0.6666666666666666,0.3333333333333333,0.1701388888888889,0.4707333333333333,16,8,['boundary_margin_error'],boundary_margin_error,Medium_Dice (25-75%)
20160326_142745_1921_1081,0.6318022349418273,0.4617769821564974,0.6465186163858431,0.6177409052046252,3872,2117,2396,222015,6268,5989,0.35348138253464684,0.3822590938098277,2,3,3134.0,2013,0.3211550733886407,0.16057753669432034,1.5,1.9999090782117699,0.5833333333333334,0.4166666666666667,0.18055555555555555,0.47059999999999996,14,10,['moderate_general_error'],moderate_general_error,Low_Dice (<25%)
20160326_142745_1_1,0.598186018397285,0.42672282217742613,0.9059219892368512,0.44650954815960303,6991,726,8666,214017,15657,7717,0.09407800958921861,0.5534904515552149,1,2,15657.0,3472,0.2217538481190522,0.1108769240595261,2.0,1.9999112211563486,0.6666666666666666,0.3333333333333333,0.1701388888888889,0.47118333333333334,16,8,['moderate_general_error'],moderate_general_error,Low_Dice (<25%)
20160326_142745_641_361,0.8500882734564674,0.7392639398605919,0.9021396758433042,0.8037157091278166,16612,1802,4057,207929,20669,18414,0.09786032366677527,0.19628429048333254,1,1,20669.0,4010,0.19401035366974698,0.09700517683487349,1.0,1.9998966122164703,0.7083333333333334,0.2916666666666667,0.1701388888888889,0.47054999999999997,17,7,['high_quality'],high_quality,Medium_Dice (25-75%)
20160328_151020_1281_361,0.6059299817656171,0.43464816963285635,0.4527924082824218,0.9155884157067262,10402,12571,959,206468,11361,22973,0.5472075915204806,0.08441158348736907,6,3,1893.5,3906,0.3438077634011091,0.17190388170055454,0.5,1.999895953883045,0.6666666666666666,0.3333333333333333,0.1701388888888889,0.47189999999999993,16,8,"['over_segmentation', 'complex_topology']",over_segmentation,Low_Dice (<25%)
20160328_151020_1921_361,0.5365138903597134,0.3665999197570685,0.37835827048922943,0.9218529698672175,9154,15040,776,205430,9930,24194,0.6216417293543853,0.07814702920443102,1,1,9930.0,4010,0.4038267875125881,0.20191339375629405,1.0,1.9999035106929808,0.6666666666666666,0.3333333333333333,0.1701388888888889,0.47235,16,8,['over_segmentation'],over_segmentation,Low_Dice (<25%)
20160328_151020_1_1,0.6891357016122206,0.5257109393091128,0.5328090802578697,0.9752851704404636,14364,12595,364,203077,14728,26959,0.4671909195444935,0.024714828897338403,1,1,14728.0,4702,0.3192558392178164,0.1596279196089082,1.0,1.9999035660179165,0.7916666666666666,0.20833333333333334,0.18055555555555555,0.4737,19,5,['moderate_general_error'],moderate_general_error,Low_Dice (<25%)
20160328_151020_1_361,0.4113289084647871,0.2589138246780202,0.26109532648075306,0.9687386369729601,2665,7542,86,220107,2751,10207,0.7389046732634467,0.031261359505634315,1,3,2751.0,1264,0.45946928389676484,0.22973464194838242,3.0,1.9998822783641927,0.6666666666666666,0.3333333333333333,0.1701388888888889,0.4698,16,8,"['false_crack_high_fp', 'thin_low_area_failure', 'over_segmentation']",false_crack_high_fp,Low_Dice (<25%)
20160328_151020_641_361,0.555295628386177,0.3843662684884644,0.40334510534860724,0.8909331750207048,6053,8954,741,214652,6794,15007,0.5966548943826214,0.1090668236679423,5,3,1358.8,2741,0.4034442154842508,0.2017221077421254,0.6,1.9998991695664932,0.75,0.25,0.1736111111111111,0.47225,18,6,"['over_segmentation', 'complex_topology']",over_segmentation,Low_Dice (<25%)
20160328_151020_641_721,0.7436168104692166,0.591871028413658,0.6200352070524616,0.9287244553982165,11271,6907,865,211357,12136,18178,0.37996479260644733,0.07127554383651945,1,1,12136.0,3877,0.3194627554383652,0.1597313777191826,1.0,1.9999089588579053,0.75,0.25,0.17708333333333334,0.4729166666666666,18,6,['boundary_margin_error'],boundary_margin_error,Medium_Dice (25-75%)
20160328_151057_1281_1,0.8127630411933414,0.6845836757055505,0.7700296721624079,0.8605181329315686,4152,1240,673,224335,4825,5392,0.22997032640949555,0.13948186528497408,3,1,1608.3333333333333,1961,0.40642487046632125,0.20321243523316063,0.3333333333333333,1.9998662710005333,0.6666666666666666,0.3333333333333333,0.1736111111111111,0.4711,16,8,['boundary_margin_error'],boundary_margin_error,Medium_Dice (25-75%)
20160328_151057_1281_1081,0.5118297867984427,0.3439322882947132,0.3572107384685071,0.9024609816852911,3007,5411,325,221657,3332,8418,0.6427892611071513,0.0975390156062425,4,4,833.0,2058,0.6176470588235294,0.3088235294117647,1.0,1.9998793845891252,0.7083333333333334,0.2916666666666667,0.1701388888888889,0.47245000000000004,17,7,"['thin_low_area_failure', 'over_segmentation']",thin_low_area_failure,Low_Dice (<25%)
20160328_151057_1281_361,0.8117386483058546,0.6831314063598304,0.7562269701455756,0.8760457557178662,5131,1654,726,222889,5857,6785,0.24377302873986736,0.12395424278640943,2,1,2928.5,2153,0.3675943315690627,0.18379716578453134,0.5,1.9998763445354362,0.6666666666666666,0.3333333333333333,0.1736111111111111,0.47195000000000004,16,8,['boundary_margin_error'],boundary_margin_error,Medium_Dice (25-75%)
20160328_151057_1281_721,0.8277196374321462,0.7060765187766559,0.8092399399236272,0.8470630582305976,14118,3328,2549,210405,16667,17446,0.19076005961251863,0.15293694126117477,2,3,8333.5,5496,0.32975340493190136,0.16487670246595068,1.5,1.9998937553194225,0.75,0.25,0.17708333333333334,0.47465,18,6,['boundary_margin_error'],boundary_margin_error,Medium_Dice (25-75%)
20160328_151057_1921_721,0.8463949839358312,0.7336956515875195,0.8847340006893466,0.8112407203859662,9180,1196,2136,217888,11316,10376,0.11526599845797995,0.18875927889713678,1,1,11316.0,3174,0.2804878048780488,0.1402439024390244,1.0,1.9998988398157502,0.75,0.25,0.17708333333333334,0.4727333333333334,18,6,['boundary_margin_error'],boundary_margin_error,Medium_Dice (25-75%)
20160328_151057_641_1081,0.7358029327418175,0.5820318301620827,0.6399018795749765,0.865516476740729,3913,2202,608,223677,4521,6115,0.3600981193785773,0.1344835213448352,2,3,2260.5,2225,0.49214775492147755,0.24607387746073878,1.5,1.9998998561144388,0.625,0.375,0.17708333333333331,0.4714666666666667,15,9,['boundary_margin_error'],boundary_margin_error,Medium_Dice (25-75%)
20160328_151057_641_721,0.7791501969868658,0.6382031557558301,0.7233944943067363,0.8442184139111021,4731,1809,873,222987,5604,6540,0.27660550458715594,0.15578158458244112,2,2,2802.0,1913,0.3413633119200571,0.17068165596002854,1.0,1.9998834511902246,0.6666666666666666,0.3333333333333333,0.1736111111111111,0.47091666666666665,16,8,['boundary_margin_error'],boundary_margin_error,Medium_Dice (25-75%)
20160328_151244_1281_1081,0.8046558510423066,0.6731583132304986,0.6847727564790973,0.9754230640589187,21154,9738,533,198975,21687,30892,0.31522724329923607,0.02457693549130816,1,4,21687.0,1886,0.08696454096924425,0.043482270484622124,4.0,1.9999029753222886,0.7083333333333334,0.2916666666666667,0.1840277777777778,0.47523333333333334,17,7,['boundary_margin_error'],boundary_margin_error,Medium_Dice (25-75%)
20160328_151244_1281_361,0.8809562728073239,0.7872402582670853,0.8633159788292687,0.8993324985818387,21557,3413,2413,203017,23970,24970,0.13668402082498998,0.10066750104297038,1,2,23970.0,3379,0.14096787651230705,0.07048393825615352,2.0,1.9999048029988753,0.625,0.375,0.1701388888888889,0.47419999999999995,15,9,['high_quality'],high_quality,High_Dice (>75%)
20160328_151244_1281_721,0.8497204150421312,0.7387077247600234,0.8373140086537211,0.8624999998095185,39054,7588,6226,177532,45280,46642,0.16268599116675958,0.1375,6,3,7546.666666666667,6598,0.1457155477031802,0.0728577738515901,0.5,1.9999060134563278,0.75,0.25,0.18055555555555555,0.47608333333333336,18,6,"['complex_topology', 'boundary_margin_error']",complex_topology,Medium_Dice (25-75%)
20160328_151244_1921_1081,0.7468248656861424,0.5959461253554525,0.7897154960422063,0.708353145176172,4469,1190,1840,222901,6309,5659,0.21028450256229017,0.29164685370106197,3,2,2103.0,1675,0.26549373910286894,0.13274686955143447,0.6666666666666666,1.999906673544922,0.6666666666666666,0.3333333333333333,0.17708333333333331,0.4732666666666667,16,8,['boundary_margin_error'],boundary_margin_error,Medium_Dice (25-75%)
20160328_151244_1921_361,0.8753896621769859,0.7783937535836084,0.9189596679851422,0.8357641483309137,26818,2365,5270,195947,32088,29183,0.0810403316999623,0.1642358514086263,2,1,16044.0,3054,0.09517576664173523,0.047587883320867615,0.5,1.9999057301585577,0.625,0.375,0.1701388888888889,0.47485,15,9,['high_quality'],high_quality,High_Dice (>75%)
20160328_151244_1921_721,0.8914629195990366,0.8041796123559439,0.8509444233255968,0.936032985295641,40636,7118,2777,179869,43413,47754,0.14905557649620974,0.06396701448874761,4,2,10853.25,5681,0.1308594199894041,0.06542970999470205,0.5,1.9999033554564967,0.75,0.25,0.18055555555555555,0.4759333333333333,18,6,['high_quality'],high_quality,High_Dice (>75%)
20160328_151244_1_1,0.8503176525191293,0.7396109493916342,0.893773883161395,0.8108912621919484,23155,2752,5400,199093,28555,25907,0.10622611649361177,0.18910873752407634,1,1,28555.0,4036,0.1413412712309578,0.0706706356154789,1.0,1.9998991937392834,0.7083333333333334,0.2916666666666667,0.1840277777777778,0.4738166666666666,17,7,['high_quality'],high_quality,Medium_Dice (25-75%)
20160328_151244_1_1081,0.8360644300703826,0.718308170718538,0.859621449871492,0.813764081968557,5995,979,1372,222054,7367,6974,0.14037854889589904,0.1862359169268359,1,1,7367.0,1519,0.20618976516899687,0.10309488258449843,1.0,1.999922474998005,0.5833333333333334,0.4166666666666667,0.1875,0.47161666666666663,14,10,['boundary_margin_error'],boundary_margin_error,Medium_Dice (25-75%)
20160328_151244_1_721,0.8871051394484661,0.7971149574801976,0.8662036362966268,0.9090402910968616,17959,2774,1797,207870,19756,20733,0.13379636328558336,0.09095970844300466,1,1,19756.0,2941,0.14886616724033205,0.07443308362016603,1.0,1.999917003076637,0.625,0.375,0.17708333333333331,0.4734333333333333,15,9,['high_quality'],high_quality,High_Dice (>75%)
20160328_151244_641_1,0.8885239999800881,0.7994090740278427,0.8738993845963013,0.9036464286481921,19751,2850,2106,205693,21857,22601,0.12610061501703465,0.09635357093837214,1,3,21857.0,3341,0.15285720821704718,0.07642860410852359,3.0,1.9999190634628043,0.6666666666666666,0.3333333333333333,0.18055555555555555,0.47361666666666663,16,8,['high_quality'],high_quality,High_Dice (>75%)
20160328_151244_641_361,0.9030322446468112,0.8232076469340374,0.8916307156217252,0.9147291390801787,15501,1884,1445,211570,16946,17385,0.1083692838654012,0.08527086038003069,1,1,16946.0,2183,0.12882096069868995,0.06441048034934498,1.0,1.9999186230710233,0.6666666666666666,0.3333333333333333,0.1701388888888889,0.47195000000000004,16,8,['high_quality'],high_quality,High_Dice (>75%)
20160328_151244_641_721,0.8805591577465329,0.7866062452875506,0.8812986713846963,0.8798208839786926,46173,6219,6307,171701,52480,52392,0.11870132844709116,0.12017911585365854,1,1,52480.0,5253,0.1000952743902439,0.05004763719512195,1.0,1.9999130018993592,0.7083333333333334,0.2916666666666667,0.17708333333333331,0.47435000000000005,17,7,['high_quality'],high_quality,High_Dice (>75%)
20160328_151752_1281_361,0.7616263617203689,0.6150214589341815,0.786019014635532,0.7387021016445947,12897,3511,4562,209430,17459,16408,0.21398098488542175,0.2612978979322985,2,1,8729.5,2428,0.13906867518185462,0.06953433759092731,0.5,1.9998987820079952,0.6666666666666666,0.3333333333333333,0.1736111111111111,0.47443333333333326,16,8,['boundary_margin_error'],boundary_margin_error,Medium_Dice (25-75%)
20160328_151752_1281_721,0.811782476728261,0.6831934901052714,0.878678873645064,0.7543514868692427,5374,742,1750,222534,7124,6116,0.12132112491824722,0.24564851207186975,1,2,7124.0,1432,0.20101066816395283,0.10050533408197641,2.0,1.9998964292863384,0.6666666666666666,0.3333333333333333,0.1701388888888889,0.47091666666666665,16,8,['boundary_margin_error'],boundary_margin_error,Medium_Dice (25-75%)
20160328_151752_1921_721,0.7632103918433749,0.6170899131186129,0.8913632418230585,0.6672750869362882,16451,2005,8203,203741,24654,18456,0.10863675769397486,0.3327249127930559,4,1,6163.5,4532,0.18382412590249048,0.09191206295124524,0.25,1.9999130928130555,0.7083333333333334,0.2916666666666667,0.17708333333333331,0.4741666666666666,17,7,['boundary_margin_error'],boundary_margin_error,Medium_Dice (25-75%)
20160328_151752_1_361,0.7466856902839647,0.5957689020985822,0.6386332431796241,0.8987477632209319,12560,7107,1415,209318,13975,19667,0.36136675649565264,0.10125223613595706,1,1,13975.0,2708,0.19377459749552772,0.09688729874776386,1.0,1.9999010322018114,0.7083333333333334,0.2916666666666667,0.17708333333333331,0.4733833333333333,17,7,['boundary_margin_error'],boundary_margin_error,Medium_Dice (25-75%)
20160328_151752_1_721,0.4933394568366113,0.3274390233919542,0.327638803149363,0.9981412546641147,1074,2204,2,227120,1076,3278,0.6723611958511287,0.0018587360594795538,5,2,215.2,573,0.5325278810408922,0.2662639405204461,0.4,1.9998850378263178,0.625,0.375,0.18055555555555555,0.4706666666666666,15,9,"['false_crack_high_fp', 'thin_low_area_failure', 'over_segmentation', 'complex_topology']",false_crack_high_fp,Low_Dice (<25%)
20160328_151752_641_361,0.7832013767565802,0.6436573495365481,0.7535438283269844,0.8152890583777883,17064,5581,3866,203889,20930,22645,0.24645617134025172,0.18471094123268036,5,1,4186.0,3827,0.18284758719541327,0.09142379359770664,0.2,1.9998999172002865,0.7083333333333334,0.2916666666666667,0.1701388888888889,0.47259999999999996,17,7,"['complex_topology', 'boundary_margin_error']",complex_topology,Medium_Dice (25-75%)
20160328_152022_1281_721,0.8980464451969749,0.8149585264122146,0.8469653134487696,0.9556845156437337,28984,5237,1344,194835,30328,34221,0.15303468630373163,0.04431548404115009,1,1,30328.0,3008,0.09918227380638354,0.04959113690319177,1.0,1.9999059592890653,0.6666666666666666,0.3333333333333333,0.18055555555555555,0.47375000000000006,16,8,['high_quality'],high_quality,High_Dice (>75%)
20160328_152022_1921_1,0.8154510796363654,0.6884064183571558,0.7373839500529609,0.9120054559890798,8022,2857,774,218747,8796,10879,0.2626160492692343,0.08799454297407913,1,2,8796.0,850,0.09663483401546158,0.04831741700773079,2.0,1.9999111799923794,0.6666666666666666,0.3333333333333333,0.1736111111111111,0.4718,16,8,['boundary_margin_error'],boundary_margin_error,Medium_Dice (25-75%)
20160328_152022_1921_361,0.7546578004820571,0.6059842834958747,0.6626395414722974,0.8763537463569745,18045,9187,2546,200622,20591,27232,0.33736045828437133,0.12364625321742509,3,1,6863.666666666667,3230,0.15686464960419602,0.07843232480209801,0.3333333333333333,1.9999064714403907,0.7083333333333334,0.2916666666666667,0.17708333333333331,0.4747166666666667,17,7,['boundary_margin_error'],boundary_margin_error,Medium_Dice (25-75%)
20160328_152022_1921_721,0.8531144961137045,0.7438532383772146,0.7707232425501039,0.9552297155862858,9772,2907,458,217263,10230,12679,0.22927675684202223,0.0447702834799609,1,2,10230.0,1710,0.16715542521994134,0.08357771260997067,2.0,1.999912006558055,0.625,0.375,0.1736111111111111,0.4724833333333333,15,9,['high_quality'],high_quality,Medium_Dice (25-75%)
20160328_152022_1_1081,0.6980239904942392,0.5361266147747331,0.5809444899909325,0.8742052102303888,7012,5058,1009,217321,8021,12070,0.4190555095277548,0.12579478867971575,1,4,8021.0,2299,0.28662261563396085,0.14331130781698043,4.0,1.999915789709117,0.6666666666666666,0.3333333333333333,0.1701388888888889,0.4724,16,8,['fragmented_prediction'],fragmented_prediction,Low_Dice (<25%)
20160328_152022_1_361,0.6707718735919063,0.5046326211923452,0.5249943946985107,0.9286280692758601,2342,2119,180,225759,2522,4461,0.4750056041246357,0.07137192704203013,2,1,1261.0,818,0.32434575733544807,0.16217287866772404,0.5,1.9998956116170996,0.6666666666666666,0.3333333333333333,0.1701388888888889,0.4706666666666666,16,8,['moderate_general_error'],moderate_general_error,Low_Dice (<25%)
20160328_152022_1_721,0.7276717669160082,0.5719214177557054,0.6639225712938897,0.8049635813259192,5968,3021,1446,219965,7414,8989,0.33607742796751583,0.19503641758834636,2,3,3707.0,1733,0.23374696520097113,0.11687348260048556,1.5,1.9998956594429533,0.5833333333333334,0.4166666666666667,0.17708333333333331,0.47090000000000004,14,10,['boundary_margin_error'],boundary_margin_error,Medium_Dice (25-75%)
20160328_152022_641_361,0.828777953233347,0.7076181288777155,0.8026689997797698,0.856642539775483,14676,3608,2456,209660,17132,18284,0.19733099978122948,0.14335745972449218,1,1,17132.0,2760,0.16110203128648143,0.08055101564324071,1.0,1.9999034507566984,0.6666666666666666,0.3333333333333333,0.1701388888888889,0.4724166666666667,16,8,['boundary_margin_error'],boundary_margin_error,Medium_Dice (25-75%)
20160328_152022_641_721,0.8028472105052012,0.6706305306643481,0.7107268460772144,0.922403955291997,14550,5922,1224,208704,15774,20472,0.28927315357561545,0.07759604412324078,3,2,5258.0,2652,0.1681247622670217,0.08406238113351085,0.6666666666666666,1.9999118805434388,0.625,0.375,0.1736111111111111,0.47304999999999997,15,9,['boundary_margin_error'],boundary_margin_error,Medium_Dice (25-75%)
20160328_152305_1281_361,0.8864522990641764,0.79606136164549,0.8467618989064638,0.930046511051134,14997,2714,1128,211561,16125,17711,0.15323810061543675,0.06995348837209302,2,2,8062.5,1636,0.10145736434108527,0.05072868217054263,1.0,1.999892378964088,0.6666666666666666,0.3333333333333333,0.1701388888888889,0.4726166666666667,16,8,['high_quality'],high_quality,High_Dice (>75%)
20160328_152305_1281_721,0.7941457400110474,0.658575224520352,0.6726693805863507,0.9691659765592495,12887,6271,410,210832,13297,19158,0.32733061906253264,0.0308340227118899,2,3,6648.5,1594,0.11987666390915244,0.05993833195457622,1.5,1.999879127246883,0.6666666666666666,0.3333333333333333,0.18750000000000003,0.47293333333333337,16,8,['boundary_margin_error'],boundary_margin_error,Medium_Dice (25-75%)
20160328_152305_1921_361,0.8065991569683425,0.6758828449620475,0.7294007149769169,0.902072908817873,20192,7491,2192,200525,22384,27683,0.27059928475959977,0.09792709077912795,3,4,7461.333333333333,2186,0.0976590421729807,0.04882952108649035,1.3333333333333333,1.999895767665157,0.7916666666666666,0.20833333333333334,0.18055555555555555,0.4744000000000001,19,5,['boundary_margin_error'],boundary_margin_error,Medium_Dice (25-75%)
20160328_152305_1921_721,0.9153419815715506,0.8438991516402385,0.880949589167087,0.9525288370182984,15029,2031,749,212591,15778,17060,0.1190504103165299,0.047471162377994675,1,3,15778.0,1312,0.08315375839776905,0.041576879198884524,3.0,1.9998849526209035,0.7083333333333334,0.2916666666666667,0.1736111111111111,0.47311666666666663,17,7,['high_quality'],high_quality,High_Dice (>75%)
20160328_152305_1_361,0.7799092406559718,0.6392223157851663,0.6967872715174229,0.8855492225110866,11343,4936,1466,212655,12809,16279,0.3032127280545488,0.11445077679756421,1,1,12809.0,3367,0.26286205012100866,0.13143102506050433,1.0,1.9998986102489373,0.625,0.375,0.1736111111111111,0.47174999999999995,15,9,['boundary_margin_error'],boundary_margin_error,Medium_Dice (25-75%)
20160328_152305_641_361,0.7591345978044082,0.6117783576374944,0.6630612497402457,0.8877662701963743,10544,5358,1333,213165,11877,15902,0.33693874984278704,0.11223372905615896,2,2,5938.5,2578,0.2170581796750021,0.10852908983750105,1.0,1.9998894313906452,0.6666666666666666,0.3333333333333333,0.1701388888888889,0.4721,16,8,['boundary_margin_error'],boundary_margin_error,Medium_Dice (25-75%)
20160328_152305_641_721,0.7926229318827945,0.6564833412968641,0.7150229118131434,0.8891170426647244,17320,6903,2160,204017,19480,24223,0.2849770878916732,0.11088295687885011,2,2,9740.0,2953,0.15159137577002055,0.07579568788501027,1.0,1.9998919354974156,0.75,0.25,0.18055555555555555,0.4735833333333333,18,6,['boundary_margin_error'],boundary_margin_error,Medium_Dice (25-75%)
20160328_152511_1281_361,0.6926046319115173,0.5297591293475065,0.5736160183631028,0.8738784915741111,6818,5068,984,217530,7802,11886,0.42638398115429915,0.12612150730581903,3,3,2600.6666666666665,2301,0.2949243783645219,0.14746218918226095,1.0,1.9999072631863175,0.7083333333333334,0.2916666666666667,0.1736111111111111,0.47229999999999994,17,7,['moderate_general_error'],moderate_general_error,Low_Dice (<25%)
20160328_152511_1281_721,0.8287776779716298,0.707617727551776,0.7281927013566238,0.9616036119676198,5109,1907,204,223180,5313,7016,0.27180729760547323,0.038396386222473176,1,2,5313.0,1252,0.23564840956145303,0.11782420478072651,2.0,1.9999002574084257,0.6666666666666666,0.3333333333333333,0.1701388888888889,0.4708166666666667,16,8,['boundary_margin_error'],boundary_margin_error,Medium_Dice (25-75%)
20160328_152511_1921_361,0.7281565496164542,0.5725205797905916,0.6608597280084014,0.8107132937267895,8763,4497,2046,215094,10809,13260,0.3391402714932127,0.18928670552317514,2,2,5404.5,1974,0.1826255897862892,0.0913127948931446,1.0,1.999913041001314,0.625,0.375,0.1840277777777778,0.4726333333333333,15,9,['boundary_margin_error'],boundary_margin_error,Medium_Dice (25-75%)
20160328_152511_1921_721,0.5410359901269459,0.3708357344428407,0.7919743948991275,0.4108556827447565,3217,845,4613,221725,7830,4062,0.20802560315115706,0.5891443167305236,1,1,7830.0,1447,0.18480204342273307,0.09240102171136653,1.0,1.9999078295879207,0.625,0.375,0.1736111111111111,0.47041666666666665,15,9,['thin_low_area_failure'],thin_low_area_failure,Low_Dice (<25%)
20160328_152511_1_361,0.6575720414402314,0.48983786224603915,0.5581213812800876,0.8001492112280619,8580,6793,2143,212884,10723,15373,0.44187861835685943,0.19985078802573908,1,2,10723.0,3459,0.3225776368553576,0.1612888184276788,2.0,1.9999138639025154,0.75,0.25,0.17708333333333331,0.47209999999999996,18,6,['moderate_general_error'],moderate_general_error,Low_Dice (<25%)
20160328_152511_641_361,0.7794644802906816,0.6386249869043698,0.6535124395497008,0.9655571851374182,12503,6629,446,210822,12949,19132,0.3464875601087184,0.034442814116920226,1,1,12949.0,2798,0.21607846165727082,0.10803923082863541,1.0,1.9999057336998718,0.7083333333333334,0.2916666666666667,0.17708333333333331,0.4728833333333333,17,7,['boundary_margin_error'],boundary_margin_error,Medium_Dice (25-75%)
20160328_152511_641_721,0.6543797874210401,0.4863034764964497,0.517862994041747,0.888638915137014,1580,1471,198,227151,1778,3051,0.48213700426089806,0.11136107986501688,1,2,1778.0,514,0.2890888638920135,0.14454443194600675,2.0,1.999883697157778,0.625,0.375,0.1736111111111111,0.4696833333333333,15,9,['moderate_general_error'],moderate_general_error,Low_Dice (<25%)
20160328_152747_1281_361,0.7999046025916589,0.6665341807985333,0.7561433826135543,0.8490422741970786,10062,3245,1789,215304,11851,13307,0.24385661681821597,0.15095772508649058,2,2,5925.5,3166,0.26715045143869715,0.13357522571934857,1.0,1.9999064109677727,0.6666666666666666,0.3333333333333333,0.1701388888888889,0.47223333333333334,16,8,['boundary_margin_error'],boundary_margin_error,Medium_Dice (25-75%)
20160328_152747_1281_721,0.7246190154011183,0.5681588671553051,0.5889741779868312,0.9414389239183552,1688,1178,105,227429,1793,2866,0.4110258199581298,0.05856107083100948,1,1,1793.0,390,0.21751254880089235,0.10875627440044618,1.0,1.999908399684018,0.625,0.375,0.17708333333333331,0.4706000000000001,15,9,['moderate_general_error'],moderate_general_error,Medium_Dice (25-75%)
20160328_152747_1921_361,0.8144232690035648,0.6869426901783666,0.825341671979765,0.8037899719114602,14252,3016,3479,209653,17731,17268,0.17465832754227473,0.19621002763521517,1,1,17731.0,3321,0.18729908070610796,0.09364954035305398,1.0,1.999905210361509,0.6666666666666666,0.3333333333333333,0.1701388888888889,0.47225,16,8,['boundary_margin_error'],boundary_margin_error,Medium_Dice (25-75%)
20160328_152747_1_361,0.75323746692888,0.604154718279389,0.6544488157282744,0.8871526144969097,9481,5006,1206,214707,10687,14487,0.3455511838199765,0.11284738467296716,1,1,10687.0,2884,0.26986057827266774,0.13493028913633387,1.0,1.9999049455145848,0.6666666666666666,0.3333333333333333,0.17361111111111113,0.4710833333333333,16,8,['boundary_margin_error'],boundary_margin_error,Medium_Dice (25-75%)
20160328_152747_641_361,0.7547802531987295,0.6061422131616644,0.6596404212029305,0.8819894492223139,11704,6039,1566,211091,13270,17743,0.34035957842529446,0.11801055011303692,1,1,13270.0,3624,0.27309721175584023,0.13654860587792012,1.0,1.9999087937704851,0.625,0.375,0.1701388888888889,0.47091666666666665,15,9,['boundary_margin_error'],boundary_margin_error,Medium_Dice (25-75%)
20160328_153548_1281_1081,0.7894315420759345,0.652116397803463,0.7983805603369996,0.7806809122669761,986,249,277,228888,1263,1235,0.20161943319838058,0.21931908155186064,1,3,1263.0,218,0.1726049089469517,0.08630245447347586,3.0,1.9998897099933421,0.6666666666666666,0.3333333333333333,0.1736111111111111,0.4706000000000001,16,8,['boundary_margin_error'],boundary_margin_error,Medium_Dice (25-75%)
20160328_153548_1281_361,0.8914062494196574,0.8040873845383048,0.9455801091911877,0.8431034472375574,6846,394,1274,221886,8120,7240,0.05441988950276243,0.15689655172413794,1,1,8120.0,1052,0.12955665024630542,0.06477832512315271,1.0,1.9998853554257447,0.625,0.375,0.1736111111111111,0.47246666666666665,15,9,['high_quality'],high_quality,High_Dice (>75%)
20160328_153548_1281_721,0.8261223639689286,0.703755092193495,0.8136455166341358,0.8389878226089295,23839,5460,4575,196526,28414,29299,0.18635448308816,0.16101217709579785,3,3,9471.333333333334,4591,0.161575279791652,0.080787639895826,1.0,1.9998968439653106,0.75,0.25,0.1736111111111111,0.4747166666666667,18,6,['boundary_margin_error'],boundary_margin_error,Medium_Dice (25-75%)
20160328_153548_1921_361,0.9051018887010628,0.8266539866684867,0.9101106783502014,0.9001479283282929,12170,1202,1350,215678,13520,13372,0.08988932096918935,0.09985207100591716,1,1,13520.0,1494,0.11050295857988165,0.05525147928994083,1.0,1.9999000571225887,0.625,0.375,0.1701388888888889,0.47318333333333334,15,9,['high_quality'],high_quality,High_Dice (>75%)
20160328_153548_1921_721,0.9010851530090332,0.8199772306984224,0.8755813948860564,0.9281192218454147,16566,2354,1283,210197,17849,18920,0.12441860465116279,0.07188077763460138,2,1,8924.5,2779,0.15569499691859487,0.07784749845929743,0.5,1.9999014949556504,0.625,0.375,0.1701388888888889,0.47354999999999997,15,9,['high_quality'],high_quality,High_Dice (>75%)
20160328_153548_1_1,0.7957592920133939,0.6607975355224786,0.8323284219407915,0.7622683180820761,15875,3198,4951,206376,20826,19073,0.1676715776228176,0.23773168155190627,1,1,20826.0,3686,0.1769903005858062,0.0884951502929031,1.0,1.999912971125042,0.625,0.375,0.1701388888888889,0.47225,15,9,['boundary_margin_error'],boundary_margin_error,Medium_Dice (25-75%)
20160328_153548_1_1081,0.7445786863778533,0.5930906846161405,0.7211221119948628,0.7696125517868676,24035,9295,7195,189875,31230,33330,0.27887788778877887,0.2303874479666987,1,1,31230.0,4278,0.13698366954851104,0.06849183477425552,1.0,1.999912030959778,0.6666666666666666,0.3333333333333333,0.17708333333333331,0.4727666666666666,16,8,['boundary_margin_error'],boundary_margin_error,Medium_Dice (25-75%)
20160328_153548_641_1,0.8108058600633646,0.6818111802220681,0.7716576594532724,0.8541385281610293,4427,1310,756,223907,5183,5737,0.22834233920167335,0.14586147019100906,1,1,5183.0,1078,0.20798765193903146,0.10399382596951573,1.0,1.999902677298704,0.625,0.375,0.1736111111111111,0.47173333333333334,15,9,['boundary_margin_error'],boundary_margin_error,Medium_Dice (25-75%)
20160328_153548_641_1081,0.7122568449026705,0.5531047414877055,0.6575541657420609,0.7768869540849348,13566,7065,3896,205873,17462,20631,0.3424458339392177,0.22311304547016378,1,1,17462.0,3550,0.2032985912266636,0.1016492956133318,1.0,1.9999076707605141,0.625,0.375,0.1736111111111111,0.47226666666666667,15,9,['boundary_margin_error'],boundary_margin_error,Medium_Dice (25-75%)
20160328_153548_641_361,0.6493879396634518,0.4808101147132034,0.5824861046733278,0.7336520390410586,4297,3080,1560,221463,5857,7377,0.4175138945370747,0.2663479597063343,10,4,585.7,2268,0.38722895680382446,0.19361447840191223,0.4,1.9999012514743981,0.6666666666666666,0.3333333333333333,0.1701388888888889,0.47205,16,8,['complex_topology'],complex_topology,Low_Dice (<25%)
20160328_153548_641_721,0.7772460166059108,0.6356520012704855,0.7538190359848302,0.8021758154294262,12830,4190,3164,210216,15994,17020,0.24618096357226793,0.19782418406902588,2,1,7997.0,3223,0.2015130674002751,0.10075653370013755,0.5,1.9999061837416148,0.6666666666666666,0.3333333333333333,0.1701388888888889,0.4726333333333333,16,8,['boundary_margin_error'],boundary_margin_error,Medium_Dice (25-75%)
20160328_153604_1281_1,0.6138566467549021,0.4428522095624549,0.46870717179652155,0.8892355678813736,5130,5815,639,218816,5769,10945,0.5312928277752398,0.11076443057722309,1,1,5769.0,1772,0.3071589530247877,0.15357947651239384,1.0,1.999895746276607,0.625,0.375,0.1736111111111111,0.4715666666666667,15,9,['moderate_general_error'],moderate_general_error,Low_Dice (<25%)
20160328_153604_1281_361,0.7721045404753035,0.6288031562346326,0.7089614943853683,0.8475948464439222,14343,5888,2579,207590,16922,20231,0.2910385052641985,0.15240515305519442,1,1,16922.0,3158,0.18662096678879564,0.09331048339439782,1.0,1.9998905192671481,0.7083333333333334,0.2916666666666667,0.18055555555555558,0.4733333333333332,17,7,['boundary_margin_error'],boundary_margin_error,Medium_Dice (25-75%)
20160328_153604_1281_721,0.7002046607578383,0.5387037786780253,0.5711362409417683,0.9046400538172638,10606,7964,1118,210712,11724,18570,0.4288637587506731,0.09535994541112248,1,2,11724.0,2934,0.2502558853633572,0.1251279426816786,2.0,1.9998977615140616,0.625,0.375,0.1736111111111111,0.4727666666666666,15,9,['moderate_general_error'],moderate_general_error,Low_Dice (<25%)
20160328_153604_1921_361,0.7372475689090323,0.5838417339431133,0.675877673700029,0.8108752872566014,9857,4727,2299,213517,12156,14584,0.32412232583653316,0.1891247120763409,2,3,6078.0,3155,0.25954261270154655,0.12977130635077327,1.5,1.9999089567710515,0.625,0.375,0.1736111111111111,0.47151666666666664,15,9,['boundary_margin_error'],boundary_margin_error,Medium_Dice (25-75%)
20160328_153604_1921_721,0.7907789294782656,0.6539572860213836,0.6873762044847642,0.9308001779787214,10411,4735,774,214480,11185,15146,0.31262379506140237,0.06919982118909253,1,1,11185.0,2448,0.218864550737595,0.1094322753687975,1.0,1.9999041966772024,0.6666666666666666,0.3333333333333333,0.17708333333333331,0.47341666666666665,16,8,['boundary_margin_error'],boundary_margin_error,Medium_Dice (25-75%)
20160328_153604_1_1,0.8226857884720125,0.6987818378615193,0.7524551060939568,0.9073760777301844,10727,3529,1095,215049,11822,14256,0.24754489337822672,0.09262392150228388,1,1,11822.0,2152,0.18203349687024192,0.09101674843512096,1.0,1.9999012424518874,0.625,0.375,0.1736111111111111,0.4725333333333333,15,9,['boundary_margin_error'],boundary_margin_error,Medium_Dice (25-75%)
20160328_153604_1_361,0.7666290865393781,0.6215722117107105,0.6756924601442725,0.8858492095050894,10880,5222,1402,212896,12282,16102,0.3243075394360949,0.1141507897736525,1,1,12282.0,2675,0.21779840416870216,0.10889920208435108,1.0,1.9999007071299546,0.625,0.375,0.1736111111111111,0.4712166666666667,15,9,['boundary_margin_error'],boundary_margin_error,Medium_Dice (25-75%)
20160328_153604_641_1,0.7748264274244898,0.6324217602863251,0.6722891561039338,0.914270612141363,8649,4216,811,216724,9460,12865,0.327710843373494,0.08572938689217759,1,2,9460.0,1886,0.19936575052854122,0.09968287526427061,2.0,1.9998900339180128,0.6666666666666666,0.3333333333333333,0.18055555555555555,0.47316666666666674,16,8,['boundary_margin_error'],boundary_margin_error,Medium_Dice (25-75%)
20160328_153604_641_1081,0.8579808346545015,0.7512840946018048,0.8435418112540809,0.872922775699479,16967,3147,2470,207816,19437,20114,0.15645818832653874,0.1270772238514174,1,1,19437.0,2413,0.1241446725317693,0.06207233626588465,1.0,1.9998910051434862,0.6666666666666666,0.3333333333333333,0.1701388888888889,0.47318333333333334,16,8,['high_quality'],high_quality,Medium_Dice (25-75%)
20160328_153604_641_361,0.7593304203928698,0.6120327546302208,0.6631574105079269,0.8881295401501481,14425,7327,1817,206831,16242,21752,0.33684258918720117,0.1118704593030415,3,1,5414.0,4470,0.27521241226449944,0.13760620613224972,0.3333333333333333,1.9998924020339868,0.7083333333333334,0.2916666666666667,0.1736111111111111,0.47559999999999997,17,7,['boundary_margin_error'],boundary_margin_error,Medium_Dice (25-75%)
20160328_153604_641_721,0.7849518915988764,0.6460253599602661,0.7207135548683595,0.8617621079670117,12686,4916,2035,210763,14721,17602,0.27928644472219066,0.13823789144759188,2,2,7360.5,3390,0.23028326879967392,0.11514163439983696,1.0,1.9998984009992746,0.6666666666666666,0.3333333333333333,0.18055555555555555,0.47361666666666663,16,8,['boundary_margin_error'],boundary_margin_error,Medium_Dice (25-75%)
20160328_153620_1281_1081,0.8772727257390337,0.7813765157851867,0.9015450919815123,0.854273064847555,2509,274,428,227189,2937,2783,0.09845490477901545,0.1457269322437862,1,1,2937.0,555,0.18896833503575078,0.09448416751787539,1.0,1.999901295010238,0.625,0.375,0.18055555555555555,0.47025,15,9,['high_quality'],high_quality,High_Dice (>75%)
20160328_153620_1281_361,0.7959350330283169,0.6610399395891032,0.8178258435535554,0.7751855777714771,35088,7816,10176,177320,45264,42904,0.18217415625582697,0.22481442205726404,2,1,22632.0,7174,0.1584924001413927,0.07924620007069635,0.5,1.9998910278229296,0.75,0.25,0.1736111111111111,0.4767833333333333,18,6,['boundary_margin_error'],boundary_margin_error,Medium_Dice (25-75%)
20160328_153620_1281_721,0.8416655060294694,0.7266169749848463,0.7464361324112787,0.9647466589297456,21154,7186,773,201287,21927,28340,0.2535638673253352,0.03525334063027318,12,2,1827.25,5996,0.2734528207233092,0.1367264103616546,0.16666666666666666,1.9998927538863034,0.6666666666666666,0.3333333333333333,0.1701388888888889,0.4738,16,8,"['complex_topology', 'boundary_margin_error']",complex_topology,Medium_Dice (25-75%)
20160328_153620_1921_1081,0.8977666533992267,0.8144978158825347,0.8979395331234936,0.8975938393670897,9326,1060,1064,218950,10390,10386,0.10206046601193915,0.10240615976900866,1,2,10390.0,1998,0.1923002887391723,0.09615014436958615,2.0,1.9999002432129662,0.6666666666666666,0.3333333333333333,0.17361111111111113,0.4715666666666667,16,8,['high_quality'],high_quality,High_Dice (>75%)
20160328_153620_1921_361,0.8980469729813415,0.8149593956931301,0.8491731240612888,0.9528902212384174,28601,5080,1414,195305,30015,33681,0.15082687568658887,0.04710977844411128,2,2,15007.5,4710,0.15692153923038482,0.07846076961519241,1.0,1.9999069457664207,0.6666666666666666,0.3333333333333333,0.1701388888888889,0.47459999999999997,16,8,['high_quality'],high_quality,High_Dice (>75%)
20160328_153620_1_361,0.9258234237210207,0.8618912794841757,0.8855854542878296,0.9698919931914831,30442,3933,945,195080,31387,34375,0.11441454545454545,0.030108006499506165,2,1,15693.5,3918,0.1248287507566827,0.06241437537834135,0.5,1.9999039956082099,0.75,0.25,0.18055555555555555,0.4739499999999999,18,6,['high_quality'],high_quality,High_Dice (>75%)
20160328_153620_1_721,0.9518413590243615,0.9081081067445824,0.9153927638634891,0.9913128978998313,6048,559,53,223740,6101,6607,0.08460723475102164,0.008687100475331912,1,2,6101.0,709,0.11621045730208163,0.05810522865104081,2.0,1.99991053256543,0.625,0.375,0.1701388888888889,0.4697166666666666,15,9,['high_quality'],high_quality,High_Dice (>75%)
20160328_153620_641_361,0.8632751386876446,0.7594407125845638,0.7811119909623916,0.9647552434059368,6898,1933,252,221317,7150,8831,0.21888800815309706,0.035244755244755246,4,2,1787.5,1854,0.2593006993006993,0.12965034965034966,0.5,1.9998985501876432,0.7083333333333334,0.2916666666666667,0.1701388888888889,0.47225,17,7,['high_quality'],high_quality,Medium_Dice (25-75%)
20160328_153620_641_721,0.8735488172420659,0.7754875050184799,0.8396231910576627,0.9103314659246238,43228,8257,4258,174657,47486,51485,0.16037680877925609,0.08966853388367098,3,1,15828.666666666666,8363,0.17611506549298742,0.08805753274649371,0.3333333333333333,1.9998984196605267,0.75,0.25,0.1736111111111111,0.4768666666666666,18,6,['high_quality'],high_quality,High_Dice (>75%)
20160328_153629_1281_361,0.9645280515449175,0.9314864134986826,0.9394948942079582,0.990931760382077,8742,563,80,221015,8822,9305,0.060505104782375065,0.00906823849467241,1,1,8822.0,698,0.07912038086601678,0.03956019043300839,1.0,1.999893788090293,0.625,0.375,0.1701388888888889,0.4711833333333333,15,9,['high_quality'],high_quality,High_Dice (>75%)
20160328_153629_1281_721,0.9079260778423149,0.8313778576897647,0.8859146460084494,0.9310591699595455,22108,2847,1637,203808,23745,24955,0.11408535363654579,0.06894082964834702,1,1,23745.0,3705,0.1560328490208465,0.07801642451042325,1.0,1.9998996959598585,0.6666666666666666,0.3333333333333333,0.1736111111111111,0.47409999999999997,16,8,['high_quality'],high_quality,High_Dice (>75%)
20160328_153629_1921_361,0.9223313190895123,0.8558579602687016,0.908916110743087,0.9361484649004541,29308,2937,1999,196156,31307,32245,0.09108388897503489,0.06385153480052384,1,1,31307.0,3988,0.1273836522183537,0.06369182610917686,1.0,1.9998983666225207,0.625,0.375,0.1701388888888889,0.4746000000000001,15,9,['high_quality'],high_quality,High_Dice (>75%)
20160328_153629_1_361,0.9171853892972963,0.8470382466506241,0.8656975366405463,0.9751850752220357,32932,5109,838,191521,33770,38041,0.13430246313188401,0.02481492448919159,3,1,11256.666666666666,4891,0.14483269173822919,0.07241634586911459,0.3333333333333333,1.999905158886761,0.6666666666666666,0.3333333333333333,0.1736111111111111,0.4729666666666667,16,8,['high_quality'],high_quality,High_Dice (>75%)
20160328_153629_641_361,0.8598371586274267,0.7541353984070561,0.8071508758898429,0.919881888858384,9346,2233,814,218007,10160,11579,0.1928491234130754,0.08011811023622047,2,1,5080.0,1951,0.19202755905511812,0.09601377952755906,0.5,1.999901950727965,0.6666666666666666,0.3333333333333333,0.17361111111111113,0.4719333333333333,16,8,['high_quality'],high_quality,Medium_Dice (25-75%)
20160328_153629_641_721,0.933577026784302,0.8754284652825778,0.8875426564955566,0.9846479799296142,28349,3592,442,198017,28791,31941,0.112457343226574,0.015352019728387343,6,1,4798.5,3676,0.12767878851029835,0.06383939425514917,0.16666666666666666,1.9998950406460292,0.75,0.25,0.1736111111111111,0.47436666666666666,18,6,"['complex_topology', 'high_quality']",complex_topology,High_Dice (>75%)
20160328_153829_1281_361,0.8713607725470621,0.7720454431780737,0.7912098987446863,0.969580926787443,31396,8285,985,189734,32381,39681,0.20879010105592097,0.030419072913128068,7,1,4625.857142857143,7820,0.24149964485346345,0.12074982242673173,0.14285714285714285,1.9998912615680162,0.75,0.25,0.18055555555555555,0.47653333333333325,18,6,"['complex_topology', 'high_quality']",complex_topology,High_Dice (>75%)
20160328_153829_1281_721,0.7885701108554325,0.6509416004357208,0.7098112410084811,0.8869880744246031,3422,1399,436,225143,3858,4821,0.2901887575191869,0.11301192327630896,3,1,1286.0,1468,0.3805080352514256,0.1902540176257128,0.3333333333333333,1.9998807980259263,0.6666666666666666,0.3333333333333333,0.1736111111111111,0.47131666666666666,16,8,['boundary_margin_error'],boundary_margin_error,Medium_Dice (25-75%)
20160328_153829_1921_1,0.8131310959452732,0.6851060746198299,0.7082600394070662,0.954456044306019,18924,7795,903,202778,19827,26719,0.2917399603278566,0.045543955212588895,14,1,1416.2142857142858,6747,0.3402935391133303,0.17014676955666516,0.07142857142857142,1.9999073956212026,0.75,0.25,0.18055555555555555,0.47538333333333327,18,6,"['complex_topology', 'boundary_margin_error']",complex_topology,Medium_Dice (25-75%)
20160328_153829_1921_361,0.8267291901210678,0.7046362895590802,0.7276103988287033,0.9571118323639743,3526,1320,158,225396,3684,4846,0.2723895996698308,0.04288816503800217,2,2,1842.0,976,0.26492942453854507,0.13246471226927253,1.0,1.9998972001757294,0.6666666666666666,0.3333333333333333,0.1736111111111111,0.4722166666666667,16,8,['boundary_margin_error'],boundary_margin_error,Medium_Dice (25-75%)
20160328_153829_1_1,0.8201604223759755,0.6951457112734131,0.7072841533985895,0.975906418567243,16769,6940,414,206277,17183,23709,0.29271584630309166,0.024093580864808242,4,1,4295.75,5674,0.33021009136937673,0.16510504568468837,0.25,1.999899142853922,0.7083333333333334,0.2916666666666667,0.1736111111111111,0.4748833333333334,17,7,['boundary_margin_error'],boundary_margin_error,Medium_Dice (25-75%)
20160328_153829_1_721,0.871841983810065,0.7728013020325718,0.8604922268646474,0.8834951444560512,6643,1077,876,221804,7519,7720,0.1395077720207254,0.11650485436893204,1,1,7519.0,1642,0.2183801037371991,0.10919005186859955,1.0,1.999903978688917,0.6666666666666666,0.3333333333333333,0.17361111111111113,0.47164999999999996,16,8,['high_quality'],high_quality,High_Dice (>75%)
20160328_153829_641_1,0.8668683809883426,0.765020026309428,0.8367782516081902,0.8992032828952178,14898,2906,1670,210926,16568,17804,0.16322174792181532,0.10079671656204732,5,2,3313.6,3613,0.21807098020280058,0.10903549010140029,0.4,1.999900643420636,0.6666666666666666,0.3333333333333333,0.1701388888888889,0.47445,16,8,"['complex_topology', 'high_quality']",complex_topology,High_Dice (>75%)
20160328_153829_641_1081,0.7130348377861052,0.5540436203879139,0.5707894207886365,0.9497105029781464,5741,4317,304,220038,6045,10058,0.4292105786438656,0.05028949545078577,2,2,3022.5,1958,0.323904052936311,0.1619520264681555,1.0,1.999906072504385,0.6666666666666666,0.3333333333333333,0.1736111111111111,0.472,16,8,['moderate_general_error'],moderate_general_error,Medium_Dice (25-75%)
20160328_153829_641_361,0.8277829524756737,0.7061686692101236,0.7141135100812521,0.9844896815060384,7109,2846,112,220333,7221,9955,0.2858864892014063,0.01551031713059133,2,1,3610.5,2066,0.2861099570696579,0.14305497853482896,0.5,1.9998938811921783,0.625,0.375,0.1701388888888889,0.4712,15,9,['boundary_margin_error'],boundary_margin_error,Medium_Dice (25-75%)
20160328_153829_641_721,0.7782835933598321,0.6370411243802342,0.643434623241052,0.9846416340245663,2308,1279,36,226777,2344,3587,0.35656537496515195,0.015358361774744027,2,2,1172.0,1120,0.4778156996587031,0.23890784982935154,1.0,1.9998867621809993,0.7083333333333334,0.2916666666666667,0.1701388888888889,0.47146666666666665,17,7,['boundary_margin_error'],boundary_margin_error,Medium_Dice (25-75%)
20160329_103807_1081_1,0.11993788063560162,0.06379463710281531,0.07660613447793967,0.2761276112424224,502,6051,1316,222531,1818,6553,0.9233938654051579,0.7238723872387238,1,7,1818.0,702,0.38613861386138615,0.19306930693069307,7.0,1.999888029360547,0.7083333333333334,0.2916666666666667,0.1701388888888889,0.47198333333333337,17,7,"['missed_crack_high_fn', 'false_crack_high_fp', 'thin_low_area_failure', 'over_segmentation', 'fragmented_prediction']",missed_crack_high_fn,Low_Dice (<25%)
20160329_103807_361_1,0.7742543746926083,0.6316599127151209,0.8293511991579136,0.7260220800733043,16835,3464,6353,203748,23188,20299,0.1706488004335189,0.27397791961359325,2,3,11594.0,1985,0.08560462308090391,0.04280231154045196,1.5,1.9999158384620372,0.75,0.25,0.17708333333333331,0.4727666666666666,18,6,['boundary_margin_error'],boundary_margin_error,Medium_Dice (25-75%)
20160329_103807_361_1281,0.7229429758062682,0.5661007786732917,0.7514104024942408,0.6965538087374383,23042,7623,10038,189697,33080,30665,0.2485895972607207,0.30344619105199516,4,1,8270.0,5043,0.1524486094316808,0.0762243047158404,0.25,1.9999074500990723,0.7083333333333334,0.2916666666666667,0.1701388888888889,0.474,17,7,['boundary_margin_error'],boundary_margin_error,Medium_Dice (25-75%)
20160329_103807_361_1921,0.6874513123306601,0.5237529996326082,0.7980262637422245,0.6037898617908763,20297,5137,13319,191647,33616,25434,0.20197373594401194,0.3962101380295098,6,3,5602.666666666667,5092,0.15147548786292242,0.07573774393146121,0.5,1.9999097814397244,0.7083333333333334,0.2916666666666667,0.17708333333333331,0.47334999999999994,17,7,"['complex_topology', 'boundary_margin_error']",complex_topology,Low_Dice (<25%)
20160329_103807_361_641,0.8110990619446724,0.6822259416090448,0.866872177009852,0.7620688204776965,36276,5571,11326,177227,47602,41847,0.1331278227829952,0.23793117936221167,3,2,15867.333333333334,4507,0.09468089576068232,0.04734044788034116,0.6666666666666666,1.9999098921184009,0.7083333333333334,0.2916666666666667,0.1701388888888889,0.47409999999999997,17,7,['boundary_margin_error'],boundary_margin_error,Medium_Dice (25-75%)
20160329_103807_721_1,0.6657135314390037,0.4989284888401541,0.6235012975882736,0.7140565277619703,15133,9138,6060,200069,21193,24271,0.376498702154835,0.2859434719010994,1,7,21193.0,3008,0.14193365733968763,0.07096682866984381,7.0,1.999913007808768,0.75,0.25,0.17708333333333334,0.4724333333333333,18,6,"['fragmented_prediction', 'boundary_margin_error']",fragmented_prediction,Low_Dice (<25%)
20160329_103807_721_1281,0.5314811464342755,0.36191646102723224,0.42633863841870145,0.7054597667363037,1473,1982,615,226330,2088,3455,0.5736613603473227,0.29454022988505746,2,4,1044.0,664,0.31800766283524906,0.15900383141762453,2.0,1.9998917721456555,0.75,0.25,0.1736111111111111,0.4720166666666667,18,6,['thin_low_area_failure'],thin_low_area_failure,Low_Dice (<25%)
20160330_165956_1281_721,0.6473971092426879,0.47863058231393774,0.5028353915149263,0.908618752233831,6473,6400,651,216876,7124,12873,0.4971646080944613,0.09138124649073555,5,1,1424.8,3495,0.49059517125210556,0.24529758562605278,0.2,1.9999011925319146,0.7083333333333334,0.2916666666666667,0.1736111111111111,0.47348333333333326,17,7,['complex_topology'],complex_topology,Low_Dice (<25%)
20160330_165956_1921_721,0.7036102138517111,0.5427458788781508,0.5609847415885194,0.9434823662728552,5993,4690,359,219358,6352,10683,0.43901525788636153,0.0565176322418136,2,1,3176.0,3591,0.5653337531486146,0.2826668765743073,0.5,1.999913314375563,0.6666666666666666,0.3333333333333333,0.1736111111111111,0.47311666666666663,16,8,['moderate_general_error'],moderate_general_error,Medium_Dice (25-75%)
20160330_165956_1_1081,0.8272354384319194,0.7053721314070396,0.799725070530057,0.8567059346888243,7563,1894,1265,219678,8828,9457,0.20027492862429946,0.14329406434073402,1,1,8828.0,3489,0.3952197553239692,0.1976098776619846,1.0,1.999919029159195,0.6666666666666666,0.3333333333333333,0.16666666666666666,0.47443333333333343,16,8,['boundary_margin_error'],boundary_margin_error,Medium_Dice (25-75%)
20160330_165956_1_721,0.6748868625468047,0.5093050875972035,0.5196969691720232,0.9622218048209804,5145,4755,202,220298,5347,9900,0.4803030303030303,0.03777819337946512,5,2,1069.4,4121,0.7707125490929493,0.38535627454647464,0.4,1.9999123803624073,0.625,0.375,0.1701388888888889,0.47293333333333337,15,9,['complex_topology'],complex_topology,Low_Dice (<25%)
20160330_165956_641_721,0.8014585041077145,0.6686948318890267,0.6896155539641047,0.9566016906257182,7803,3512,354,218731,8157,11315,0.3103844454264251,0.04339830820154469,2,1,4078.5,4056,0.49724163295329166,0.24862081647664583,0.5,1.9999070707768987,0.625,0.375,0.1736111111111111,0.4735666666666667,15,9,['boundary_margin_error'],boundary_margin_error,Medium_Dice (25-75%)
20160330_170359_1281_721,0.8199027560609381,0.6947755875813878,0.9254736972367463,0.7359510990753254,29257,2356,10497,188290,39754,31613,0.07452630247050264,0.26404890073954823,1,1,39754.0,3228,0.08119937616340495,0.04059968808170247,1.0,1.9999203255058238,0.6666666666666666,0.3333333333333333,0.1736111111111111,0.47341666666666676,16,8,['boundary_margin_error'],boundary_margin_error,Medium_Dice (25-75%)
20160330_170359_1921_361,0.8632555196123581,0.7594103463937464,0.8428255384869962,0.884700544966949,16382,3055,2135,208828,18517,19437,0.15717446107938468,0.11529945455527353,1,2,18517.0,1564,0.08446292595992871,0.04223146297996436,2.0,1.9999226845650158,0.7083333333333334,0.2916666666666667,0.17708333333333331,0.47426666666666667,17,7,['high_quality'],high_quality,Medium_Dice (25-75%)
20160330_170359_1921_721,0.8887763413804909,0.7998176915029258,0.921170348310585,0.8585832797878821,20181,1727,3324,205168,23505,21908,0.07882965126894285,0.1414167198468411,2,3,11752.5,1744,0.07419697936609232,0.03709848968304616,1.5,1.9999229688875237,0.6666666666666666,0.3333333333333333,0.18750000000000003,0.4723833333333333,16,8,['high_quality'],high_quality,High_Dice (>75%)
20160330_170359_1_721,0.8503493040252008,0.7396588433360465,0.833454643258268,0.8679430670481055,30917,6178,4704,188601,35621,37095,0.16654535651705082,0.1320569327082339,1,1,35621.0,3446,0.09674068667359143,0.04837034333679571,1.0,1.9999229430156544,0.6666666666666666,0.3333333333333333,0.1701388888888889,0.4730666666666667,16,8,['high_quality'],high_quality,Medium_Dice (25-75%)
20160330_170359_641_721,0.8656890385644794,0.7631849360504388,0.8587231646327542,0.8727688493702697,27480,4521,4006,194393,31486,32001,0.14127683509890315,0.12723115035253763,1,1,31486.0,3540,0.11243092167947659,0.056215460839738295,1.0,1.9999225729014143,0.7083333333333334,0.2916666666666667,0.1736111111111111,0.47246666666666665,17,7,['high_quality'],high_quality,Medium_Dice (25-75%)
20160330_172309_1281_361,0.8606132772488162,0.7553302667690946,0.7917397011484009,0.9426111895883511,7227,1901,440,220832,7667,9128,0.20826029798422435,0.05738880918220947,1,1,7667.0,2848,0.37146211034302856,0.18573105517151428,1.0,1.9999073152082456,0.625,0.375,0.1701388888888889,0.47340000000000004,15,9,['high_quality'],high_quality,Medium_Dice (25-75%)
20160330_172309_1281_721,0.8586508441522239,0.7523121559716157,0.7821455502821313,0.9517454972845388,24891,6933,1262,197314,26153,31824,0.21785444947209653,0.048254502351546665,4,2,6538.25,4491,0.1717202615378733,0.08586013076893664,0.5,1.9999081724270997,0.6666666666666666,0.3333333333333333,0.18055555555555555,0.47333333333333333,16,8,['high_quality'],high_quality,Medium_Dice (25-75%)
20160330_172309_1921_361,0.8927695890279441,0.8063087684199055,0.8194344125676791,0.9805212066344096,14749,3250,293,212108,15042,17999,0.18056558697705427,0.019478792713734875,1,1,15042.0,1696,0.1127509639675575,0.05637548198377875,1.0,1.9999061182973588,0.625,0.375,0.1736111111111111,0.47403333333333336,15,9,['high_quality'],high_quality,High_Dice (>75%)
20160330_172309_1921_721,0.7644542934594006,0.6187179392980888,0.6474474472044116,0.9330808758814818,17248,9392,1237,202523,18485,26640,0.3525525525525526,0.06691912361374087,1,2,18485.0,2827,0.15293481200973763,0.07646740600486882,2.0,1.9998963272167458,0.625,0.375,0.1840277777777778,0.47384999999999994,15,9,['boundary_margin_error'],boundary_margin_error,Medium_Dice (25-75%)
20160330_172309_1_721,0.890288052654838,0.8022695031667757,0.9050082666248823,0.8760390309897057,16968,1781,2401,209250,19369,18749,0.09499173289242092,0.12396096855800506,1,1,19369.0,3466,0.17894573803500438,0.08947286901750219,1.0,1.9999127532360985,0.625,0.375,0.17708333333333331,0.4720666666666667,15,9,['high_quality'],high_quality,High_Dice (>75%)
20160330_172309_641_361,0.7784031670243837,0.6372013630129646,0.6420220060453163,0.9883536210251265,1867,1041,22,227470,1889,2908,0.3579779917469051,0.011646373742721016,1,2,1889.0,624,0.33033350979354154,0.16516675489677077,2.0,1.9998981299521956,0.6666666666666666,0.3333333333333333,0.17361111111111113,0.47075000000000006,16,8,['boundary_margin_error'],boundary_margin_error,Medium_Dice (25-75%)
20160330_172309_641_721,0.856394672045714,0.7488550910983052,0.8562285859279112,0.8565608223318371,26490,4448,4436,195026,30926,30938,0.1437714137953326,0.14343917739119189,3,1,10308.666666666666,6929,0.2240509603569812,0.1120254801784906,0.3333333333333333,1.9999083497538566,0.75,0.25,0.18055555555555555,0.47469999999999996,18,6,['high_quality'],high_quality,Medium_Dice (25-75%)
20160402_150314_1281_1081,0.7944848131274739,0.6590417290292373,0.6791971943956763,0.9569120244303768,2132,1007,96,227165,2228,3139,0.32080280344058615,0.04308797127468582,1,1,2228.0,838,0.3761220825852783,0.18806104129263915,1.0,1.999894422776525,0.6666666666666666,0.3333333333333333,0.17708333333333331,0.47123333333333334,16,8,['boundary_margin_error'],boundary_margin_error,Medium_Dice (25-75%)
20160402_150314_1281_361,0.849074664287592,0.7377321863907234,0.7556439006735143,0.9688694684710186,5322,1721,171,223186,5493,7043,0.24435609825358512,0.03113052976515565,1,1,5493.0,1826,0.3324230839249954,0.1662115419624977,1.0,1.9998992632234325,0.625,0.375,0.1701388888888889,0.4722,15,9,['boundary_margin_error'],boundary_margin_error,Medium_Dice (25-75%)
20160402_150314_1281_721,0.855260097350469,0.7471217657137196,0.8172457212999142,0.8969834938637422,11032,2467,1267,215634,12299,13499,0.18275427809467368,0.10301650540694365,3,2,4099.666666666667,3719,0.30238230750467515,0.15119115375233758,0.6666666666666666,1.9999018085500404,0.6666666666666666,0.3333333333333333,0.18055555555555555,0.47304999999999997,16,8,['high_quality'],high_quality,Medium_Dice (25-75%)
20160402_150314_1921_1,0.8478465295994704,0.7358798557493635,0.795623013770188,0.9074074064941552,9016,2316,920,218148,9936,11332,0.20437698552770914,0.09259259259259259,2,1,4968.0,2878,0.2896537842190016,0.1448268921095008,0.5,1.9999067683044036,0.6666666666666666,0.3333333333333333,0.1701388888888889,0.47278333333333333,16,8,['boundary_margin_error'],boundary_margin_error,Medium_Dice (25-75%)
20160402_150314_1921_361,0.837387179382917,0.7202631559993075,0.7345678992631027,0.9736748453444508,2737,989,74,226600,2811,3726,0.2654320987654321,0.02632515119174671,1,1,2811.0,1008,0.35859124866595515,0.17929562433297758,1.0,1.9999002740008247,0.6666666666666666,0.3333333333333333,0.1736111111111111,0.47143333333333337,16,8,['boundary_margin_error'],boundary_margin_error,Medium_Dice (25-75%)
20160402_150314_1_361,0.8985240468391639,0.8157454951791967,0.8987346006632517,0.8983135913476833,26847,3025,3039,197489,29886,29872,0.10126539903588645,0.1016864083517366,1,1,29886.0,5157,0.172555711704477,0.0862778558522385,1.0,1.9999078365842111,0.6666666666666666,0.3333333333333333,0.18055555555555555,0.4741833333333334,16,8,['high_quality'],high_quality,High_Dice (>75%)
20160402_150314_1_721,0.8040899791390134,0.6723666204921627,0.7603209893064672,0.8532060314058739,7864,2479,1353,218704,9217,10343,0.23967900995842598,0.14679396766843875,2,1,4608.5,3065,0.3325377020722578,0.1662688510361289,0.5,1.9998847287489754,0.7083333333333334,0.2916666666666667,0.18055555555555558,0.47208333333333324,17,7,['boundary_margin_error'],boundary_margin_error,Medium_Dice (25-75%)
20160402_150314_641_361,0.8748681674577404,0.7775694742197072,0.9035110188319951,0.847985567230324,7051,753,1264,221332,8315,7804,0.09648898001025115,0.15201443174984966,1,2,8315.0,1802,0.21671677690920024,0.10835838845460012,2.0,1.9999019355033434,0.6666666666666666,0.3333333333333333,0.1701388888888889,0.4721499999999999,16,8,['high_quality'],high_quality,High_Dice (>75%)
20160402_150314_641_721,0.8541886968131067,0.7454881047492863,0.8517202324162455,0.856671510720503,21810,3797,3649,201144,25459,25607,0.14827976725114225,0.1433284889430064,1,1,25459.0,7162,0.28131505557955927,0.14065752778977963,1.0,1.9998993707405546,0.7916666666666666,0.20833333333333334,0.18402777777777776,0.47481666666666666,19,5,['high_quality'],high_quality,Medium_Dice (25-75%)
20160402_151049_1281_721,0.9393300857999931,0.8856007634651046,0.9095847574238586,0.9710866548869531,34325,3412,1022,191641,35347,37737,0.09041524233510878,0.028913344838317253,2,1,17673.5,3596,0.10173423487141765,0.05086711743570883,0.5,1.999897955513184,0.7083333333333334,0.2916666666666667,0.17708333333333331,0.47426666666666667,17,7,['high_quality'],high_quality,High_Dice (>75%)
20160402_151049_1921_1081,0.9284223647102955,0.8664070004216667,0.9124713649179739,0.9449409682528186,17128,1643,998,210631,18126,18771,0.08752863459591924,0.0550590312258634,1,1,18126.0,1926,0.10625620655412116,0.05312810327706058,1.0,1.9999079206358183,0.6666666666666666,0.3333333333333333,0.1701388888888889,0.47293333333333337,16,8,['high_quality'],high_quality,High_Dice (>75%)
20160402_151049_1921_721,0.9334861867661369,0.8752687261833374,0.9234600840900778,0.9437323875358002,20764,1721,1238,206677,22002,22485,0.0765399154992217,0.05626761203526952,1,1,22002.0,2377,0.10803563312426143,0.05401781656213071,1.0,1.999899235480963,0.6666666666666666,0.3333333333333333,0.17708333333333331,0.47480000000000006,16,8,['high_quality'],high_quality,High_Dice (>75%)
20160402_151049_1_361,0.8956759301185725,0.8110625807646685,0.8351428267330232,0.9656699435420208,23769,4692,845,201094,24614,28461,0.16485717297354274,0.034330056065653695,2,1,12307.0,4093,0.16628747867067523,0.08314373933533761,0.5,1.9999005102657845,0.6666666666666666,0.3333333333333333,0.1736111111111111,0.47384999999999994,16,8,['high_quality'],high_quality,High_Dice (>75%)
20160402_151049_1_721,0.850588559884901,0.7400209622062971,0.7594567942096375,0.9665734978229573,16945,5367,586,207502,17531,22312,0.24054320544998206,0.033426501625691635,1,1,17531.0,4794,0.2734584450402145,0.13672922252010725,1.0,1.999905376164967,0.7083333333333334,0.2916666666666667,0.17708333333333331,0.4739499999999999,17,7,['high_quality'],high_quality,Medium_Dice (25-75%)
20160402_151049_641_361,0.7866362931157246,0.6483103859564756,0.6493262279870692,0.9975926769494815,2072,1119,5,227204,2077,3191,0.3506737699780633,0.002407318247472316,1,1,2077.0,517,0.24891670678863745,0.12445835339431872,1.0,1.9998726447816821,0.75,0.25,0.1736111111111111,0.4724333333333333,18,6,['boundary_margin_error'],boundary_margin_error,Medium_Dice (25-75%)
20160402_151049_641_721,0.9309476690674425,0.8708158077307185,0.8987135717260035,0.9655800619496744,39751,4480,1417,184752,41168,44231,0.10128642807081006,0.03441993781577925,1,1,41168.0,4241,0.10301690633501749,0.051508453167508746,1.0,1.9999018851425008,0.75,0.25,0.18055555555555555,0.4747666666666667,18,6,['high_quality'],high_quality,High_Dice (>75%)
20160402_151054_1281_1081,0.9316226852510211,0.8719978161179052,0.9118150679727083,0.9523099845291744,15975,1545,800,212080,16775,17520,0.08818493150684932,0.04769001490312966,1,1,16775.0,2057,0.12262295081967213,0.061311475409836065,1.0,1.9998971242810615,0.7083333333333334,0.2916666666666667,0.17708333333333331,0.47364999999999996,17,7,['high_quality'],high_quality,High_Dice (>75%)
20160402_151054_1281_361,0.9213161652191098,0.8541114045769063,0.8584123210035363,0.9941680943496259,5796,956,34,223614,5830,6752,0.1415876777251185,0.005831903945111492,1,1,5830.0,732,0.12555746140651802,0.06277873070325901,1.0,1.9998935112487972,0.625,0.375,0.1701388888888889,0.4724,15,9,['high_quality'],high_quality,High_Dice (>75%)
20160402_151054_1281_721,0.9483628358079929,0.9017966158857063,0.9221028222851689,0.9761623788113848,41360,3494,1010,184536,42370,44854,0.07789717750925224,0.02383762095822516,1,1,42370.0,4055,0.09570450790653764,0.04785225395326882,1.0,1.999889153476689,0.75,0.25,0.18055555555555555,0.4761500000000001,18,6,['high_quality'],high_quality,High_Dice (>75%)
20160402_151054_1921_361,0.8562276236240728,0.7485996700996158,0.7749417311267457,0.9565644509462041,13632,3959,619,212190,14251,17591,0.22505826843272128,0.04343554838256965,3,1,4750.333333333333,3394,0.23815872570345942,0.11907936285172971,0.3333333333333333,1.9999087484744014,0.6666666666666666,0.3333333333333333,0.1701388888888889,0.47303333333333336,16,8,['high_quality'],high_quality,Medium_Dice (25-75%)
20160402_151054_1_361,0.8812791916181109,0.78775614524663,0.9325230721111296,0.8353738422053498,55473,4014,10932,159981,66405,59487,0.06747692773210953,0.16462615766885025,1,1,66405.0,5533,0.08332203900308711,0.04166101950154356,1.0,1.9998996994135456,0.75,0.25,0.18055555555555555,0.4760166666666667,18,6,['high_quality'],high_quality,High_Dice (>75%)
20160402_151054_1_721,0.37409058818565927,0.23008083074457034,0.5804806949710073,0.2759695281302994,797,576,2091,226936,2888,1373,0.41951930080116534,0.7240304709141274,1,4,2888.0,396,0.1371191135734072,0.0685595567867036,4.0,1.9998919478631898,0.7083333333333334,0.2916666666666667,0.1736111111111111,0.4713333333333333,17,7,"['missed_crack_high_fn', 'thin_low_area_failure', 'fragmented_prediction']",missed_crack_high_fn,Low_Dice (<25%)
20160402_151054_641_361,0.9139078721425811,0.8414644105242589,0.9259059428775237,0.9022167695590846,10297,824,1116,218163,11413,11121,0.07409405628990198,0.09778322965039866,1,2,11413.0,1572,0.13773766757206693,0.06886883378603346,2.0,1.999903245784586,0.625,0.375,0.1701388888888889,0.4733166666666666,15,9,['high_quality'],high_quality,High_Dice (>75%)
20160402_151054_641_721,0.9410087480416872,0.8885897275369846,0.9124497315212593,0.971413280572888,21782,2090,641,205887,22423,23872,0.08755026809651474,0.028586718993890203,1,1,22423.0,2562,0.11425768184453464,0.05712884092226732,1.0,1.9999040417471885,0.7083333333333334,0.2916666666666667,0.17708333333333331,0.47418333333333335,17,7,['high_quality'],high_quality,High_Dice (>75%)
20160405_171348_1281_361,0.7232044178917004,0.5664214601193359,0.5674035519401666,0.996953533915053,1309,998,4,228089,1313,2307,0.43259644560034677,0.0030464584920030465,1,2,1313.0,228,0.17364813404417365,0.08682406702208682,2.0,1.9998761864060342,0.6666666666666666,0.3333333333333333,0.1840277777777778,0.4709666666666667,16,8,['moderate_general_error'],moderate_general_error,Medium_Dice (25-75%)
20160405_171348_1281_721,0.8783106114862396,0.78302480212459,0.8273553775898222,0.9359542412696489,34854,7273,2385,185888,37239,42127,0.17264462221378213,0.06404575847901393,2,1,18619.5,4149,0.11141545154273745,0.055707725771368725,0.5,1.999914952232085,0.7083333333333334,0.2916666666666667,0.1701388888888889,0.47418333333333335,17,7,['high_quality'],high_quality,High_Dice (>75%)
20160405_171348_1921_721,0.8319798723555226,0.7122992598024485,0.8495014750103007,0.8151664549411386,33399,5917,7573,183511,40972,39316,0.15049852477362904,0.18483354485990433,4,1,10243.0,5734,0.13994923362296202,0.06997461681148101,0.25,1.9999234419669911,0.6666666666666666,0.3333333333333333,0.1701388888888889,0.4736833333333333,16,8,['boundary_margin_error'],boundary_margin_error,Medium_Dice (25-75%)
20160405_171348_1_721,0.762722034080592,0.6164516423064412,0.7518357324513255,0.7739282266291576,33686,11119,9840,175755,43526,44805,0.24816426738087266,0.22607177319303404,5,5,8705.2,8064,0.18526857510453523,0.09263428755226762,1.0,1.9999185922856046,0.7083333333333334,0.2916666666666667,0.1701388888888889,0.4741333333333333,17,7,"['complex_topology', 'boundary_margin_error']",complex_topology,Medium_Dice (25-75%)
20160405_171348_641_721,0.8446785919544292,0.7311200035523893,0.8114493761945285,0.8807455154482214,31425,7302,4255,187418,35680,38727,0.18855062359594082,0.11925448430493274,3,2,11893.333333333334,4812,0.13486547085201794,0.06743273542600897,0.6666666666666666,1.9999231898338976,0.6666666666666666,0.3333333333333333,0.1736111111111111,0.47351666666666664,16,8,['boundary_margin_error'],boundary_margin_error,Medium_Dice (25-75%)
20160407_163130_1281_721,0.8988002338814864,0.8162008942751225,0.9568039037657422,0.8474272309525787,18429,832,3318,207821,21747,19261,0.04319609573750065,0.15257276865774588,2,1,10873.5,4406,0.2026026578378627,0.10130132891893134,0.5,1.9998992952355428,0.7083333333333334,0.2916666666666667,0.1701388888888889,0.4736,17,7,['high_quality'],high_quality,High_Dice (>75%)
20160407_163130_1921_721,0.9049502171070115,0.8264009830824706,0.954841382010629,0.860013859555406,16133,763,2626,210878,18759,16896,0.045158617424242424,0.13998613998613998,1,1,18759.0,3963,0.2112585958739805,0.10562929793699025,1.0,1.9998985687409885,0.7083333333333334,0.2916666666666667,0.1701388888888889,0.47350000000000003,17,7,['high_quality'],high_quality,High_Dice (>75%)
20160407_163130_1_361,0.6770967731014569,0.5118263825607745,0.5725586454649245,0.8283346455077558,2099,1567,435,226299,2534,3666,0.42744135297326785,0.17166535122336227,2,3,1267.0,693,0.27348066298342544,0.13674033149171272,1.5,1.999902763721847,0.625,0.375,0.1701388888888889,0.4716333333333333,15,9,['moderate_general_error'],moderate_general_error,Low_Dice (<25%)
20160407_163130_1_721,0.8554149332225816,0.7473581108575916,0.9115945668312408,0.8057577942501207,14498,1406,3495,211001,17993,15904,0.08840543259557344,0.1942422053020619,4,2,4498.25,3803,0.21135997332295892,0.10567998666147946,0.5,1.9999021351813546,0.75,0.25,0.18055555555555555,0.47279999999999994,18,6,['high_quality'],high_quality,Medium_Dice (25-75%)
20160407_163130_641_721,0.8805160899441447,0.7865375125402316,0.9554393414199274,0.8164889898903733,17539,818,3942,208101,21481,18357,0.0445606580595958,0.1835110097295284,1,2,21481.0,3919,0.1824402960756017,0.09122014803780085,2.0,1.999901089145825,0.6666666666666666,0.3333333333333333,0.1736111111111111,0.4727666666666666,16,8,['high_quality'],high_quality,High_Dice (>75%)
20160407_163257_1281_1,0.8854632459066983,0.7944675154540244,0.8020322597868029,0.9882672261726055,11287,2786,134,216193,11421,14073,0.19796773964328856,0.011732772962087383,2,2,5710.5,2159,0.18903773750109448,0.09451886875054724,1.0,1.9999087541809104,0.625,0.375,0.1736111111111111,0.47361666666666663,15,9,['high_quality'],high_quality,High_Dice (>75%)
20160407_163257_1281_361,0.8910480717203846,0.8035046867204799,0.8313153718977399,0.9600292818740636,13114,2661,546,214079,13660,15775,0.16868462757527733,0.03997071742313323,1,1,13660.0,3222,0.23587115666178624,0.11793557833089312,1.0,1.9999063717507826,0.6666666666666666,0.3333333333333333,0.1701388888888889,0.47361666666666674,16,8,['high_quality'],high_quality,High_Dice (>75%)
20160407_163257_1281_721,0.866386326053726,0.764269473777349,0.8275459952998886,0.9090520909350241,6387,1331,639,222043,7026,7718,0.17245400362788288,0.09094790777113577,1,1,7026.0,1974,0.28095644748078563,0.14047822374039282,1.0,1.9998990628473132,0.625,0.375,0.1736111111111111,0.47218333333333334,15,9,['high_quality'],high_quality,Medium_Dice (25-75%)
20160407_163257_1921_1081,0.776602279177802,0.6347913405101636,0.6625131004279573,0.9381596290597631,5689,2898,375,221438,6064,8587,0.3374868988005124,0.06184036939313984,3,1,2021.3333333333333,2190,0.3611477572559367,0.18057387862796834,0.3333333333333333,1.9998854004514204,0.625,0.375,0.1701388888888889,0.47218333333333334,15,9,['boundary_margin_error'],boundary_margin_error,Medium_Dice (25-75%)
20160407_163257_1921_721,0.8652502489196847,0.7625031405346782,0.8142780450694068,0.9230301172451626,6068,1384,506,222442,6574,7452,0.18572195383789586,0.07696988135077579,1,1,6574.0,2038,0.31000912686340126,0.15500456343170063,1.0,1.999908010924934,0.6666666666666666,0.3333333333333333,0.17361111111111113,0.4729666666666666,16,8,['high_quality'],high_quality,Medium_Dice (25-75%)
20160407_163257_1_1,0.8807324579157623,0.7868828718786138,0.8120424317854158,0.9621171880314063,10870,2516,428,216586,11298,13386,0.1879575676079486,0.03788281111701186,1,1,11298.0,3246,0.2873074880509825,0.14365374402549125,1.0,1.999905495695067,0.6666666666666666,0.3333333333333333,0.1701388888888889,0.47200000000000003,16,8,['high_quality'],high_quality,High_Dice (>75%)
20160407_163257_641_361,0.8428611132943291,0.7284009922904948,0.785646428201359,0.9090636545327634,9097,2482,910,217911,10007,11579,0.21435357112013126,0.09093634455880883,2,1,5003.5,3413,0.341061257120016,0.170530628560008,0.5,1.9999083243103577,0.7083333333333334,0.2916666666666667,0.1736111111111111,0.47364999999999996,17,7,['boundary_margin_error'],boundary_margin_error,Medium_Dice (25-75%)
20160407_165001_1281_1081,0.47897258419019656,0.31490069094855133,0.3198542478494008,0.9531249974758341,3599,7653,177,218971,3776,11252,0.6801457518663349,0.046875,2,2,1888.0,1841,0.4875529661016949,0.24377648305084745,1.0,1.9999081731071708,0.75,0.25,0.1736111111111111,0.4720499999999999,18,6,"['false_crack_high_fp', 'thin_low_area_failure', 'over_segmentation']",false_crack_high_fp,Low_Dice (<25%)
20160407_165001_1281_361,0.7669836216902334,0.6220384701958489,0.695586595386198,0.8547139396819389,10607,4642,1803,213348,12410,15249,0.30441340415764967,0.1452860596293312,2,2,6205.0,2498,0.20128928283642225,0.10064464141821113,1.0,1.9999006495078848,0.6666666666666666,0.3333333333333333,0.1701388888888889,0.47305,16,8,['boundary_margin_error'],boundary_margin_error,Medium_Dice (25-75%)
20160407_165001_1281_721,0.8309417458605515,0.710778734009464,0.8423892083961673,0.8198012360401252,4372,818,961,224249,5333,5190,0.1576107899807322,0.18019876242265143,1,1,5333.0,1172,0.21976373523345208,0.10988186761672604,1.0,1.9999019268332077,0.6666666666666666,0.3333333333333333,0.1701388888888889,0.4715833333333334,16,8,['boundary_margin_error'],boundary_margin_error,Medium_Dice (25-75%)
20160407_165001_1921_361,0.6829624979808184,0.5185596438474626,0.5707053062662268,0.8501950563063847,3269,2459,576,224096,3845,5728,0.42929469273743015,0.14980494148244472,1,1,3845.0,1108,0.2881664499349805,0.14408322496749024,1.0,1.9999060674325857,0.6666666666666666,0.3333333333333333,0.1736111111111111,0.472,16,8,['moderate_general_error'],moderate_general_error,Low_Dice (<25%)
20160407_165001_1921_721,0.6881697149647312,0.5245874583130467,0.5342857138367347,0.9665551824771129,6358,5542,220,218280,6578,11900,0.4657142857142857,0.033444816053511704,2,1,3289.0,2875,0.4370629370629371,0.21853146853146854,0.5,1.9999084999788508,0.6666666666666666,0.3333333333333333,0.17708333333333331,0.4726333333333333,16,8,['moderate_general_error'],moderate_general_error,Low_Dice (<25%)
20160407_165001_1_1081,0.629231311151947,0.4590353691845204,0.5210979697458052,0.7939933241512941,3569,3280,926,222625,4495,6849,0.4789020294933567,0.20600667408231368,2,3,2247.5,2332,0.5187986651835372,0.2593993325917686,1.5,1.99990901175049,0.625,0.375,0.1736111111111111,0.47154999999999997,15,9,['moderate_general_error'],moderate_general_error,Low_Dice (<25%)
20160407_165001_1_721,0.8722301072119368,0.7734114137908197,0.8973121158011133,0.8485121726507483,15056,1723,2688,210933,17744,16779,0.10268788366410395,0.151487826871055,1,1,17744.0,3895,0.2195108205590622,0.1097554102795311,1.0,1.999903462268765,0.6666666666666666,0.3333333333333333,0.17361111111111113,0.4727333333333334,16,8,['high_quality'],high_quality,High_Dice (>75%)
20160407_165001_641_1081,0.38537626029346755,0.23867867839197757,0.2431770894098922,0.9280709905274591,1987,6184,154,222075,2141,8171,0.7568229102924978,0.07192900513778608,2,3,1070.5,1225,0.572162540868753,0.2860812704343765,1.5,1.9998941221557365,0.75,0.25,0.17708333333333331,0.47111666666666663,18,6,"['false_crack_high_fp', 'thin_low_area_failure', 'over_segmentation']",false_crack_high_fp,Low_Dice (<25%)
20160407_165001_641_361,0.8755316834190656,0.778618366128103,0.8478143221406925,0.9051226082262661,14100,2531,1478,212291,15578,16631,0.15218567734952798,0.09487739119270766,1,1,15578.0,3166,0.2032353318782899,0.10161766593914495,1.0,1.9998961239352662,0.7083333333333334,0.2916666666666667,0.1736111111111111,0.4739333333333334,17,7,['high_quality'],high_quality,High_Dice (>75%)
20160407_165001_641_721,0.5257441662796779,0.3566166429560255,0.3668257076429253,0.9276082262057613,1307,2256,102,226735,1409,3563,0.633174291327533,0.0723917672107878,2,4,704.5,474,0.33640880056777855,0.16820440028388928,2.0,1.9998611292911164,0.7083333333333334,0.2916666666666667,0.17708333333333331,0.4706833333333333,17,7,"['thin_low_area_failure', 'over_segmentation']",thin_low_area_failure,Low_Dice (<25%)
IMG_2931_1297_485,0.8069139954933755,0.6763250867459951,0.7292354566186552,0.9031141840103359,2871,1066,308,309387,3179,3937,0.2707645415290831,0.09688581314878893,8,5,397.375,1061,0.33375275243787356,0.16687637621893678,0.625,1.9998624767351707,0.625,0.375,0.1840277777777778,0.4708333333333334,15,9,"['complex_topology', 'boundary_margin_error']",complex_topology,Medium_Dice (25-75%)
IMG_2931_1297_969,0.9109438826441867,0.8364526566876311,0.8728471356630844,0.9525179847549299,10592,1543,528,300969,11120,12135,0.12715286361763495,0.04748201438848921,1,1,11120.0,2558,0.23003597122302158,0.11501798561151079,1.0,1.9997763779417739,0.625,0.375,0.18055555555555555,0.4711,15,9,['high_quality'],high_quality,High_Dice (>75%)
IMG_2931_1945_485,0.8842446327385625,0.7925076219072055,0.8303666501896141,0.945599443961193,5458,1115,314,306745,5772,6573,0.16963334854708656,0.0544005544005544,2,1,2886.0,1530,0.26507276507276506,0.13253638253638253,0.5,1.9998937490630275,0.625,0.375,0.1840277777777778,0.4716333333333333,15,9,['high_quality'],high_quality,High_Dice (>75%)
IMG_2931_1945_969,0.8748317625337606,0.7775119607924499,0.8263412143067109,0.9293680284109694,6500,1366,494,305272,6994,7866,0.17365878464276632,0.07063197026022305,1,1,6994.0,1920,0.2745210180154418,0.1372605090077209,1.0,1.9998201623897598,0.625,0.375,0.18055555555555555,0.47141666666666665,15,9,['high_quality'],high_quality,High_Dice (>75%)
IMG_2931_1_485,0.9097268220477128,0.8344026437083685,0.9009656760255245,0.918660030546016,17167,1887,1520,293058,18687,19054,0.09903432350162696,0.08133996896238026,1,1,18687.0,3905,0.20896880184085193,0.10448440092042596,1.0,1.9999068685036303,0.6666666666666666,0.3333333333333333,0.20138888888888892,0.47246666666666665,16,8,['high_quality'],high_quality,High_Dice (>75%)
IMG_2931_649_485,0.9036249182752243,0.8241932285196376,0.8687395653389403,0.9414292168389649,12489,1887,777,298479,13266,14376,0.13126043405676127,0.05857078245137946,2,2,6633.0,3277,0.2470224634403739,0.12351123172018695,1.0,1.9999096725844805,0.625,0.375,0.19444444444444445,0.4732,15,9,['high_quality'],high_quality,High_Dice (>75%)
IMG_2931_649_969,0.5485047400647252,0.3778894462867099,0.379797978838894,0.9868766339443791,1504,2456,20,309652,1524,3960,0.6202020202020202,0.013123359580052493,1,3,1524.0,436,0.28608923884514437,0.14304461942257218,3.0,1.9998672184200423,0.625,0.375,0.1840277777777778,0.4711833333333333,15,9,"['thin_low_area_failure', 'over_segmentation']",thin_low_area_failure,Low_Dice (<25%)
IMG_2941_1297_485,0.8809795225328353,0.7872773914976778,0.8110230093197893,0.9641437935827153,10433,2431,388,300380,10821,12864,0.18897699004975124,0.03585620552629147,1,1,10821.0,2685,0.24812863875797062,0.12406431937898531,1.0,1.999876306099073,0.625,0.375,0.17708333333333331,0.4725333333333334,15,9,['high_quality'],high_quality,High_Dice (>75%)
IMG_2941_1297_969,0.7996091516980628,0.6661239985536237,0.684893289601209,0.9604851311414611,4910,2259,202,306261,5112,7169,0.315106709443437,0.03951486697965571,2,2,2556.0,2222,0.43466353677621283,0.21733176838810642,1.0,1.9998278154520401,0.625,0.375,0.18055555555555555,0.4699666666666667,15,9,['boundary_margin_error'],boundary_margin_error,Medium_Dice (25-75%)
IMG_2941_1945_485,0.895542812167489,0.810844297120276,0.8299414210822263,0.9724050088640734,13743,2816,390,296683,14133,16559,0.17005857841657104,0.02759499044788792,1,1,14133.0,3879,0.2744640203778391,0.13723201018891956,1.0,1.9998902485199848,0.6666666666666666,0.3333333333333333,0.1701388888888889,0.4728333333333334,16,8,['high_quality'],high_quality,High_Dice (>75%)
IMG_2941_1_485,0.7370585599132243,0.5836046997258889,0.6619559970098667,0.8313836207515458,4122,2105,836,306569,4958,6227,0.3380440019270917,0.16861637757160144,3,3,1652.6666666666667,1490,0.30052440500201694,0.15026220250100847,1.0,1.9998649734191727,0.625,0.375,0.18055555555555555,0.47083333333333327,15,9,['boundary_margin_error'],boundary_margin_error,Medium_Dice (25-75%)
IMG_2941_1_969,0.8797828791244959,0.7853681779447389,0.8140128430643728,0.9571151975245739,9887,2259,443,301043,10330,12146,0.1859871562654372,0.042884801548886735,3,3,3443.3333333333335,2424,0.2346563407550823,0.11732817037754115,1.0,1.9998602324158252,0.5833333333333334,0.4166666666666667,0.1840277777777778,0.4705333333333333,14,10,['high_quality'],high_quality,High_Dice (>75%)
IMG_2941_649_969,0.8957970097207416,0.8112611699178518,0.8425680384908807,0.9562049568732043,12074,2256,553,298749,12627,14330,0.15743196092114445,0.04379504236952562,1,1,12627.0,3828,0.30315989546210503,0.15157994773105252,1.0,1.9998943436327081,0.625,0.375,0.1840277777777778,0.4718,15,9,['high_quality'],high_quality,High_Dice (>75%)
IMG_2942_1297_485,0.5586317210787304,0.3875704282161769,0.39912087877000363,0.9305185469757767,4540,6835,339,301918,4879,11375,0.6008791208791209,0.06948145111703218,3,1,1626.3333333333333,2380,0.4878048780487805,0.24390243902439024,0.3333333333333333,1.9999149267461618,0.6666666666666666,0.3333333333333333,0.17708333333333334,0.4697833333333333,16,8,['over_segmentation'],over_segmentation,Low_Dice (<25%)
IMG_2942_1945_485,0.4946979430473185,0.3286369939922756,0.3305066548620581,0.9830779023528802,3079,6237,53,304263,3132,9316,0.6694933447831687,0.016922094508301407,3,1,1044.0,1994,0.6366538952745849,0.31832694763729247,0.3333333333333333,1.9999063733294402,0.6666666666666666,0.3333333333333333,0.17708333333333334,0.4698666666666666,16,8,"['false_crack_high_fp', 'thin_low_area_failure', 'over_segmentation']",false_crack_high_fp,Low_Dice (<25%)
IMG_2942_1_485,0.6369568231035979,0.4673049496157008,0.4970209072722122,0.8865700465959999,4588,4643,587,303814,5175,9231,0.502979092189362,0.11342995169082126,5,2,1035.0,3132,0.6052173913043478,0.3026086956521739,0.4,1.99989303502043,0.6666666666666666,0.3333333333333333,0.17708333333333334,0.4684,16,8,['complex_topology'],complex_topology,Low_Dice (<25%)
IMG_2942_649_485,0.3194570133337428,0.1900915453328922,0.19342465735760306,0.9168831129139259,2118,8832,192,302490,2310,10950,0.8065753424657535,0.08311688311688312,3,1,770.0,1534,0.664069264069264,0.332034632034632,0.3333333333333333,1.9999224411120642,0.6666666666666666,0.3333333333333333,0.17708333333333334,0.4695500000000001,16,8,"['false_crack_high_fp', 'thin_low_area_failure', 'over_segmentation']",false_crack_high_fp,Low_Dice (<25%)
