case_name,dice,iou,precision,recall,tp,fp,fn,tn,gt_area,pred_area,fp_area_ratio,fn_area_ratio,num_gt_cc,num_pred_cc,mean_component_size,perimeter,boundary_to_area_ratio,thinness_score,fragmentation_ratio,mean_routing_entropy,cnn_expert_fraction,vit_expert_fraction,expert_hhi_concentration,mean_gs,cnn_expert_selections,vit_expert_selections,error_taxonomy,primary_error_category,performance_tier
20160222_080850_1281_361,0.8737978912641301,0.7758801768227407,0.9242275887052722,0.828586754691999,16991,1393,3515,208501,20506,18384,0.07577241079199304,0.17141324490393056,1,1,20506.0,3739,0.18233687701160636,0.09116843850580318,1.0,0.999988112832903,0.6875,0.3125,0.2109375,0.5009125,11,5,['high_quality'],high_quality,High_Dice (>75%)
20160222_080850_1281_721,0.691448380794591,0.5284074167547618,0.5577998739658176,0.9093211706721319,1795,1423,179,227003,1974,3218,0.44220012430080796,0.09067882472137791,2,1,987.0,936,0.47416413373860183,0.23708206686930092,0.5,0.9999951974829934,0.3125,0.6875,0.203125,0.5015625,5,11,['moderate_general_error'],moderate_general_error,Low_Dice (<25%)
20160222_080850_1921_1,0.0005654775926839086,0.0002828187601777899,0.0002977963071779848,0.005591798643133284,6,20142,1067,209185,1073,20148,0.9997022036926743,0.994408201304753,1,3,1073.0,330,0.30754892823858343,0.15377446411929171,3.0,0.999995296919746,0.4375,0.5625,0.203125,0.5012,7,9,"['missed_crack_high_fn', 'false_crack_high_fp', 'thin_low_area_failure', 'over_segmentation']",missed_crack_high_fn,Low_Dice (<25%)
20160222_080850_1921_361,0.8883289284959963,0.7990933210973611,0.9175977647806007,0.8608695647046638,14454,1298,2336,212312,16790,15752,0.0824022346368715,0.1391304347826087,1,1,16790.0,2880,0.17153067301965455,0.08576533650982728,1.0,0.999992411519994,0.25,0.75,0.1875,0.49998750000000003,4,12,['high_quality'],high_quality,High_Dice (>75%)
20160222_080850_1_361,0.8440363114978489,0.7301581527976156,0.8469194109362294,0.8411727745167863,20083,3630,3792,202895,23875,23713,0.15308058870661662,0.15882722513089007,1,1,23875.0,3950,0.16544502617801046,0.08272251308900523,1.0,0.9999870484808264,0.4375,0.5625,0.171875,0.5005999999999999,7,9,['boundary_margin_error'],boundary_margin_error,Medium_Dice (25-75%)
20160222_080850_641_361,0.7695413253421718,0.6254101346038051,0.7089209149703389,0.841498558561838,13724,5635,2585,208456,16309,19359,0.29107908466346405,0.1585014409221902,4,1,4077.25,4122,0.25274388374517137,0.12637194187258569,0.25,0.9999928101814188,0.625,0.375,0.1875,0.5009625,10,6,['boundary_margin_error'],boundary_margin_error,Medium_Dice (25-75%)
20160222_080850_641_721,0.7530364365210753,0.6038961029624365,0.6284794841054232,0.9391680669892569,3906,2309,253,223932,4159,6215,0.37152051488334675,0.06083193075258476,1,3,4159.0,1886,0.45347439288290453,0.22673719644145227,3.0,0.9999964790022938,0.4375,0.5625,0.1640625,0.501175,7,9,['boundary_margin_error'],boundary_margin_error,Medium_Dice (25-75%)
20160222_115224_1281_1,0.5250177847403227,0.3559485526731527,0.3946993102035901,0.7838092971824185,3321,5093,916,221070,4237,8414,0.6053006893273116,0.2161907009676658,10,6,423.7,4075,0.9617654000472032,0.4808827000236016,0.6,0.9999927924083567,0.1875,0.8125,0.1953125,0.500525,3,13,"['thin_low_area_failure', 'complex_topology']",thin_low_area_failure,Low_Dice (<25%)
20160222_115224_1281_1081,0.8414466910854931,0.7262908703561313,0.781936921341292,0.9107606662138021,4909,1369,481,223641,5390,6278,0.21806307741318892,0.08923933209647496,1,1,5390.0,2275,0.42207792207792205,0.21103896103896103,1.0,0.9999818949202437,0.3125,0.6875,0.1640625,0.5005125,5,11,['boundary_margin_error'],boundary_margin_error,Medium_Dice (25-75%)
20160222_115224_1281_361,0.376522376556827,0.2319233546060677,0.2579931625618477,0.6965255119624022,1283,3690,559,224868,1842,4973,0.7420068369193645,0.30347448425624324,6,4,307.0,1801,0.9777415852334419,0.48887079261672095,0.6666666666666666,0.9999916275672582,0.25,0.75,0.2265625,0.5009125,4,12,"['false_crack_high_fp', 'thin_low_area_failure', 'over_segmentation', 'complex_topology']",false_crack_high_fp,Low_Dice (<25%)
20160222_115224_1281_721,0.7620023643973178,0.6155119706883444,0.6760386058525129,0.8730130042033725,4833,2316,703,222548,5536,7149,0.3239613932018464,0.12698699421965318,4,2,1384.0,2724,0.4920520231213873,0.24602601156069365,0.5,0.9999902648383036,0.3125,0.6875,0.171875,0.5006875000000001,5,11,['boundary_margin_error'],boundary_margin_error,Medium_Dice (25-75%)
20160222_115224_1921_1081,0.8373298741499355,0.7201783683379133,0.7217877054648731,0.9969135725546793,1292,498,4,228606,1296,1790,0.2782122905027933,0.0030864197530864196,1,1,1296.0,552,0.42592592592592593,0.21296296296296297,1.0,0.9999860347342913,0.25,0.75,0.1875,0.5008,4,12,['boundary_margin_error'],boundary_margin_error,Medium_Dice (25-75%)
20160222_115224_641_1,0.7075271218501694,0.547421252555018,0.630142443838886,0.8065791141061085,6326,3713,1517,218844,7843,10039,0.36985755553341965,0.19342088486548514,4,3,1960.75,4660,0.5941603978069616,0.2970801989034808,0.75,0.9999883536344345,0.375,0.625,0.15625,0.500175,6,10,['boundary_margin_error'],boundary_margin_error,Low_Dice (<25%)
20160222_115224_641_1081,0.0032670841185214153,0.0016362148850934963,0.0030581039599485017,0.003506721195168199,6,1956,1705,226733,1711,1962,0.9969418960244648,0.9964932787843367,1,9,1711.0,1669,0.9754529514903565,0.48772647574517825,9.0,0.9999896401273859,0.3125,0.6875,0.1796875,0.5011125,5,11,"['missed_crack_high_fn', 'false_crack_high_fp', 'thin_low_area_failure', 'fragmented_prediction']",missed_crack_high_fn,Low_Dice (<25%)
20160222_115224_641_361,0.7998930613555767,0.6665181540064198,0.6813937584117655,0.9682847865104052,2992,1399,98,225911,3090,4391,0.31860624003643817,0.03171521035598705,2,2,1545.0,1649,0.5336569579288026,0.2668284789644013,1.0,0.9999854340635188,0.375,0.625,0.1640625,0.5009375,6,10,['boundary_margin_error'],boundary_margin_error,Medium_Dice (25-75%)
20160222_115224_641_721,0.24751786489121744,0.1412384525539561,0.1674796746534192,0.4740794562158928,1957,9728,2171,216544,4128,11685,0.832520325203252,0.5259205426356589,5,5,825.6,2219,0.5375484496124031,0.26877422480620156,1.0,0.9999906899015303,0.25,0.75,0.203125,0.5010125,4,12,"['false_crack_high_fp', 'thin_low_area_failure', 'over_segmentation', 'complex_topology']",false_crack_high_fp,Low_Dice (<25%)
20160222_115837_1281_1,0.7164068843049369,0.558126150370481,0.5815543288779632,0.9326793596216978,4849,3489,350,221712,5199,8338,0.41844567042456227,0.06732063858434315,1,4,5199.0,2135,0.41065589536449315,0.20532794768224658,4.0,0.9999900875772001,0.3125,0.6875,0.1875,0.49970000000000003,5,11,['moderate_general_error'],moderate_general_error,Medium_Dice (25-75%)
20160222_115837_1281_1081,0.6548989503007177,0.4868771386708309,0.4871550894630731,0.998829492786463,2560,2695,3,225142,2563,5255,0.5128449096098954,0.0011705033164260631,4,2,640.75,1867,0.7284432305891534,0.3642216152945767,0.5,0.9999772541492762,0.25,0.75,0.171875,0.5007625,4,12,['over_segmentation'],over_segmentation,Low_Dice (<25%)
20160222_115837_1281_361,0.752506835970252,0.6032151980211633,0.616850363129366,0.9646508882131145,3302,2051,121,224926,3423,5353,0.3831496357182888,0.03534910896874087,4,3,855.75,2052,0.5994741454864154,0.2997370727432077,0.75,0.9999923589671793,0.3125,0.6875,0.171875,0.50005,5,11,['boundary_margin_error'],boundary_margin_error,Medium_Dice (25-75%)
20160222_115837_1281_721,0.7175346511673601,0.5594963262130193,0.5623286214673516,0.991078063230193,2666,2075,24,225635,2690,4741,0.43767137734655137,0.008921933085501859,1,2,2690.0,2008,0.7464684014869889,0.37323420074349445,2.0,0.9999850629505092,0.3125,0.6875,0.15625,0.5009,5,11,['moderate_general_error'],moderate_general_error,Medium_Dice (25-75%)
20160222_164851_1281_1081,0.8897217120726244,0.8013501855769173,0.8922117369387307,0.8872455456627775,5579,674,709,223438,6288,6253,0.10778826163441547,0.11275445292620866,2,1,3144.0,1152,0.183206106870229,0.0916030534351145,0.5,0.9999851274651463,0.3125,0.6875,0.2734375,0.5004124999999999,5,11,['high_quality'],high_quality,High_Dice (>75%)
20160222_164851_641_1,0.8446957367211618,0.7311456934503586,0.8071361934024128,0.885921500950579,10383,2481,1337,216199,11720,12864,0.19286380597014927,0.11407849829351537,2,2,5860.0,2308,0.1969283276450512,0.0984641638225256,1.0,0.9999746436406018,0.375,0.625,0.2109375,0.4997,6,10,['boundary_margin_error'],boundary_margin_error,Medium_Dice (25-75%)
20160222_164851_641_1081,0.7243899559563893,0.5678772751428913,0.5786797244762409,0.9681739389189004,6145,4474,202,219579,6347,10619,0.4213202749788116,0.031826059555695604,3,4,2115.6666666666665,2372,0.3737198676540098,0.1868599338270049,1.3333333333333333,0.9999840131270656,0.25,0.75,0.234375,0.5002875,4,12,['moderate_general_error'],moderate_general_error,Medium_Dice (25-75%)
20160222_164851_641_361,0.8244954336488007,0.7013970487652454,0.7454381456008894,0.9223109271848993,10744,3669,905,215082,11649,14413,0.25456185388191216,0.07768907202334964,7,3,1664.142857142857,3669,0.31496265773886173,0.15748132886943086,0.42857142857142855,0.9999863338655879,0.25,0.75,0.203125,0.49921249999999995,4,12,"['complex_topology', 'boundary_margin_error']",complex_topology,Medium_Dice (25-75%)
20160222_164851_641_721,0.8467716026153342,0.7342618379287871,0.7566016068049645,0.961342085192066,10544,3392,424,216040,10968,13936,0.24339839265212398,0.03865791393143691,3,4,3656.0,2773,0.25282640408460977,0.12641320204230488,1.3333333333333333,0.9999776684107113,0.3125,0.6875,0.203125,0.5003875,5,11,['boundary_margin_error'],boundary_margin_error,Medium_Dice (25-75%)
20160222_165225_1281_361,0.8099290775723246,0.680572109030373,0.7007457748506128,0.9594157929954559,7423,3170,314,219493,7737,10593,0.29925422448786937,0.040584205764508205,1,1,7737.0,3094,0.39989660074964456,0.19994830037482228,1.0,0.9999728990195795,0.375,0.625,0.1875,0.49982499999999996,6,10,['boundary_margin_error'],boundary_margin_error,Medium_Dice (25-75%)
20160222_165225_1281_721,0.7535603691840236,0.6045702900915535,0.673864891063871,0.8546348254590251,1217,589,207,228387,1424,1806,0.32613510520487266,0.14536516853932585,1,1,1424.0,650,0.45646067415730335,0.22823033707865167,1.0,0.9999706983390866,0.375,0.625,0.25,0.5005875,6,10,['boundary_margin_error'],boundary_margin_error,Medium_Dice (25-75%)
20160222_165225_1921_721,0.6741056405326311,0.5084157992824023,0.5298369321023915,0.926336876365639,6011,5334,478,218577,6489,11345,0.47016306743058617,0.07366312220681152,2,1,3244.5,3365,0.5185698875019263,0.25928494375096317,0.5,0.9999820501488389,0.3125,0.6875,0.1953125,0.49991250000000004,5,11,['moderate_general_error'],moderate_general_error,Low_Dice (<25%)
20160222_165225_1_361,0.7536982244538788,0.6047477739679968,0.6269666866247986,0.9446430923789656,7133,4244,418,218605,7551,11377,0.37303331282411883,0.055356906370017216,1,1,7551.0,3404,0.4508012183816713,0.22540060919083565,1.0,0.9999644484808294,0.375,0.625,0.1875,0.5,6,10,['boundary_margin_error'],boundary_margin_error,Medium_Dice (25-75%)
20160222_165225_641_361,0.8062699559905545,0.6754206782653237,0.7751730288287866,0.8399661293819207,6944,2014,1323,220119,8267,8958,0.22482697030587184,0.16003386960203217,4,2,2066.75,4037,0.4883270835853393,0.24416354179266966,0.5,0.9999831984517313,0.4375,0.5625,0.1640625,0.500225,7,9,['boundary_margin_error'],boundary_margin_error,Medium_Dice (25-75%)
20160222_165402_1281_1,0.9224204804818683,0.8560115181980752,0.8853313467872234,0.962753035323594,8323,1078,322,220677,8645,9401,0.114668652271035,0.03724696356275304,1,1,8645.0,2045,0.23655292076344708,0.11827646038172354,1.0,0.9999897488667633,0.4375,0.5625,0.203125,0.5002249999999999,7,9,['high_quality'],high_quality,High_Dice (>75%)
20160222_165402_1281_361,0.8769467208622199,0.7808594099253175,0.7968531786641345,0.9749401970897139,8559,2182,220,219439,8779,10741,0.20314682059398567,0.0250598017997494,2,1,4389.5,2052,0.2337396058776626,0.1168698029388313,0.5,0.9999666320228373,0.5,0.5,0.21875,0.5009125,8,8,['high_quality'],high_quality,High_Dice (>75%)
20160222_165402_641_1081,0.9217229159344684,0.8548108176974402,0.9098807238183767,0.9338774269372951,12358,1224,875,215943,13233,13582,0.09011927551170668,0.06612257235698632,1,1,13233.0,1717,0.12975137912793774,0.06487568956396887,1.0,0.9999692166577692,0.4375,0.5625,0.21875,0.5005,7,9,['high_quality'],high_quality,High_Dice (>75%)
20160222_165402_641_721,0.8873469787939996,0.7975055672182578,0.804891205893822,0.9886250679308393,8952,2170,103,219175,9055,11122,0.19510879338248516,0.011374930977360575,1,1,9055.0,1678,0.1853119823302043,0.09265599116510215,1.0,0.9999650489970944,0.375,0.625,0.25,0.5005625,6,10,['high_quality'],high_quality,High_Dice (>75%)
20160222_165926_1281_361,0.49053065724633294,0.3249689432920026,0.32529221505771644,0.9969512119134817,1308,2713,4,226375,1312,4021,0.6747077841333001,0.003048780487804878,2,1,656.0,1592,1.2134146341463414,0.6067073170731707,0.5,0.9999700242254501,0.25,0.75,0.171875,0.5006375,4,12,"['false_crack_high_fp', 'thin_low_area_failure', 'over_segmentation']",false_crack_high_fp,Low_Dice (<25%)
20160222_165926_1281_721,0.6637825361137916,0.496762356467988,0.5016893727502023,0.980613547122681,4603,4572,91,221134,4694,9175,0.49831062670299725,0.019386450788240306,1,1,4694.0,3164,0.674051981252663,0.3370259906263315,1.0,0.9999876300113052,0.375,0.625,0.21875,0.5005625,6,10,['moderate_general_error'],moderate_general_error,Low_Dice (<25%)
20160222_165926_1921_721,0.7095979042446481,0.549904488359713,0.5688526607770129,0.9428863849685029,4606,3491,279,222024,4885,8097,0.4311473385204397,0.057113613101330604,4,1,1221.25,3742,0.7660184237461617,0.38300921187308085,0.25,0.9999840611591622,0.375,0.625,0.171875,0.5001125000000001,6,10,['moderate_general_error'],moderate_general_error,Medium_Dice (25-75%)
20160222_165926_1_1081,0.565551535792153,0.3942641021296435,0.4048543676218305,0.937781102415434,1251,1839,83,227227,1334,3090,0.5951456310679611,0.06221889055472264,4,3,333.5,1166,0.8740629685157422,0.4370314842578711,0.75,0.9999759871099976,0.4375,0.5625,0.1796875,0.5013,7,9,['over_segmentation'],over_segmentation,Low_Dice (<25%)
20160222_165926_1_721,0.5664154999285086,0.39510436943219046,0.4035276067430558,0.9498194911558863,2631,3889,139,223741,2770,6520,0.5964723926380369,0.05018050541516245,5,4,554.0,2358,0.8512635379061372,0.4256317689530686,0.8,0.9999862992148684,0.4375,0.5625,0.171875,0.500525,7,9,"['over_segmentation', 'complex_topology']",over_segmentation,Low_Dice (<25%)
20160222_165926_641_1,0.6753418607462044,0.5098235089746529,0.5148814519675778,0.9810957994838326,3062,2885,59,224394,3121,5947,0.48511854716663866,0.018904197372636974,1,2,3121.0,1933,0.619352771547581,0.3096763857737905,2.0,0.9999742099424973,0.3125,0.6875,0.1796875,0.5008625,5,11,['moderate_general_error'],moderate_general_error,Low_Dice (<25%)
20160222_165926_641_361,0.6426256918128717,0.47343292703922235,0.4751159188947204,0.9925734549803892,3074,3396,23,223907,3097,6470,0.5248840803709428,0.007426541814659348,2,2,1548.5,2230,0.7200516628995802,0.3600258314497901,1.0,0.9999780898087294,0.3125,0.6875,0.203125,0.500675,5,11,['over_segmentation'],over_segmentation,Low_Dice (<25%)
20160222_165926_641_721,0.7038272811882059,0.5430042393064767,0.558335062737871,0.9518669245233288,5379,4255,272,220494,5651,9634,0.4416649366825825,0.04813307379224916,2,2,2825.5,4142,0.7329676163510883,0.36648380817554416,1.0,0.9999836644347768,0.3125,0.6875,0.1953125,0.500825,5,11,['moderate_general_error'],moderate_general_error,Low_Dice (<25%)
20160302_155857_1281_1,0.6194350726867532,0.44868231868837344,0.48699812722384217,0.8508086482812854,4682,4932,821,219965,5503,9614,0.5130018722696068,0.1491913501726331,2,2,2751.5,1899,0.3450844993639833,0.17254224968199164,1.0,0.9999939396827302,0.125,0.875,0.265625,0.500225,2,14,['moderate_general_error'],moderate_general_error,Low_Dice (<25%)
20160302_155857_1281_361,0.7432453292454092,0.5914004909161339,0.6274220170063237,0.9115122432321229,7221,4288,701,218190,7922,11509,0.37257798244851853,0.08848775561726836,1,1,7922.0,2828,0.35698056046452914,0.17849028023226457,1.0,0.9999944623821845,0.1875,0.8125,0.21875,0.5005375,3,13,['boundary_margin_error'],boundary_margin_error,Medium_Dice (25-75%)
20160302_155857_1281_721,0.3331962150922855,0.19990128298798737,0.19996708327852686,0.9983566064227066,1215,4861,2,224322,1217,6076,0.8000329163923634,0.0016433853738701725,1,1,1217.0,430,0.3533278553820871,0.17666392769104355,1.0,0.9999911112485891,0.25,0.75,0.265625,0.5001625,4,12,"['false_crack_high_fp', 'thin_low_area_failure', 'over_segmentation']",false_crack_high_fp,Low_Dice (<25%)
20160302_155857_1_721,0.8815431240351509,0.7881780182849502,0.8415967824816847,0.9254705274629399,17161,3230,1382,208627,18543,20391,0.1584032171055858,0.07452947203796581,1,1,18543.0,3212,0.17321900447608263,0.08660950223804131,1.0,0.9999839349323856,0.1875,0.8125,0.2109375,0.5001,3,13,['high_quality'],high_quality,High_Dice (>75%)
20160302_155857_641_721,0.6988289203478778,0.5370768927132279,0.5512324913142063,0.9543676654025488,10980,8939,525,209956,11505,19919,0.44876750840905666,0.04563233376792699,3,1,3835.0,3366,0.2925684485006519,0.14628422425032594,0.3333333333333333,0.9999936935713309,0.125,0.875,0.25,0.49995,2,14,['moderate_general_error'],moderate_general_error,Low_Dice (<25%)
20160307_144202_1281_361,0.6036565804535141,0.4323124039568818,0.45546950592491975,0.8947702046041677,5646,6750,664,217340,6310,12396,0.5445304937076476,0.105229793977813,10,2,631.0,3310,0.5245641838351822,0.2622820919175911,0.2,0.9999958490087875,0.1875,0.8125,0.1875,0.5004625,3,13,['complex_topology'],complex_topology,Low_Dice (<25%)
20160307_144202_1281_721,0.5266983985056699,0.3574953003318899,0.36196027077202303,0.9666454861288262,3043,5364,105,221888,3148,8407,0.6380397287974308,0.03335451080050826,5,1,629.6,1470,0.4669631512071156,0.2334815756035578,0.2,0.9999937446471758,0.125,0.875,0.2265625,0.5003,2,14,"['thin_low_area_failure', 'over_segmentation', 'complex_topology']",thin_low_area_failure,Low_Dice (<25%)
20160307_144202_1921_361,0.6208759719959405,0.4501958920217674,0.4585063075013074,0.9612979542324676,11376,13435,458,205131,11834,24811,0.541493692313893,0.03870204495521379,5,1,2366.8,4983,0.42107486902146357,0.21053743451073179,0.2,0.999986394888893,0.125,0.875,0.21875,0.49965,2,14,"['over_segmentation', 'complex_topology']",over_segmentation,Low_Dice (<25%)
20160307_144202_1_361,0.7897535560801809,0.6525559815092533,0.6782419209614531,0.9451479513211346,14629,6940,849,207982,15478,21569,0.3217580787240948,0.05485204806822587,7,2,2211.1428571428573,4184,0.2703191626825171,0.13515958134125855,0.2857142857142857,0.9999864162415046,0.125,0.875,0.21875,0.5003000000000001,2,14,"['complex_topology', 'boundary_margin_error']",complex_topology,Medium_Dice (25-75%)
20160307_144202_641_361,0.7115937184391602,0.5523053780652947,0.5628435514995541,0.9672116249162475,10649,8271,361,211119,11010,18920,0.43715644820295985,0.03278837420526794,10,2,1101.0,4281,0.3888283378746594,0.1944141689373297,0.2,0.9999968068946339,0.25,0.75,0.1875,0.5002500000000001,4,12,['complex_topology'],complex_topology,Medium_Dice (25-75%)
20160307_145059_1281_361,0.9042680491609267,0.8252639237803276,0.8549340032338567,0.9596444186823448,13602,2308,572,213918,14174,15910,0.14506599622878694,0.04035558064060957,4,2,3543.5,3270,0.23070410610977846,0.11535205305488923,0.5,0.999991004973287,0.4375,0.5625,0.1640625,0.500325,7,9,['high_quality'],high_quality,High_Dice (>75%)
20160307_145059_1281_721,0.7819887013755341,0.6420208927935691,0.6592380241730738,0.9609111727174671,7129,3685,290,219296,7419,10814,0.3407619752173109,0.03908882598732983,3,2,2473.0,3748,0.5051893786224558,0.2525946893112279,0.6666666666666666,0.9999728653541408,0.5,0.5,0.171875,0.5009375,8,8,['boundary_margin_error'],boundary_margin_error,Medium_Dice (25-75%)
20160307_145059_1921_1081,0.7746205303398169,0.6321474690241312,0.6350554368541456,0.9928084067991731,5384,3094,39,221883,5423,8478,0.3649445623967917,0.007191591370090356,3,1,1807.6666666666667,2182,0.4023603171676194,0.2011801585838097,0.3333333333333333,0.9999746542133534,0.5,0.5,0.140625,0.5013124999999999,8,8,['boundary_margin_error'],boundary_margin_error,Medium_Dice (25-75%)
20160307_145059_1921_361,0.8628201882789045,0.7587368148692739,0.8134196179745098,0.9186091230720754,11941,2739,1058,214662,12999,14680,0.18658038147138964,0.08139087622124778,1,1,12999.0,3074,0.23647972920993923,0.11823986460496962,1.0,0.9999728021514052,0.5625,0.4375,0.171875,0.5007625,9,7,['high_quality'],high_quality,Medium_Dice (25-75%)
20160307_145059_1921_721,0.8104016378925981,0.681239705522923,0.7142857131643867,0.9364066661115319,4550,1820,309,223721,4859,6370,0.2857142857142857,0.06359333196130891,3,3,1619.6666666666667,1757,0.3615970364272484,0.1807985182136242,1.0,0.9999714896995842,0.5,0.5,0.1484375,0.5018,8,8,['boundary_margin_error'],boundary_margin_error,Medium_Dice (25-75%)
20160307_145059_1_361,0.9013324868330518,0.8203869469435106,0.8435273150796444,0.9676430506725215,8523,1581,285,220011,8808,10104,0.15647268408551068,0.03235694822888283,1,1,8808.0,2411,0.27372842870118075,0.13686421435059037,1.0,0.9999788316800047,0.5,0.5,0.140625,0.5004124999999999,8,8,['high_quality'],high_quality,High_Dice (>75%)
20160307_145059_1_721,0.8095139885821723,0.6799861408014942,0.7053186383501214,0.9498306163093554,5888,2460,311,221741,6199,8348,0.29468136080498325,0.05016938215841265,1,1,6199.0,1626,0.2623003710275851,0.13115018551379254,1.0,0.9999815260559515,0.375,0.625,0.1875,0.5005625,6,10,['boundary_margin_error'],boundary_margin_error,Medium_Dice (25-75%)
20160307_145059_641_361,0.7474777442526129,0.5967780139815471,0.61604304155534,0.9502074670875001,5038,3140,264,221958,5302,8178,0.38395695769136706,0.04979253112033195,2,2,2651.0,2106,0.3972086005281026,0.1986043002640513,1.0,0.9999643508911098,0.5,0.5,0.15625,0.5011125,8,8,['boundary_margin_error'],boundary_margin_error,Medium_Dice (25-75%)
20160307_145059_641_721,0.8736880199164805,0.7757069403201179,0.799278934000972,0.9633735358607897,10863,2728,413,216396,11276,13591,0.2007210654109337,0.036626463284852785,2,1,5638.0,3040,0.2695991486342675,0.13479957431713374,0.5,0.9999726000513556,0.4375,0.5625,0.171875,0.50065,7,9,['high_quality'],high_quality,High_Dice (>75%)
20160307_162438_1281_361,0.8027781785519055,0.670534201908305,0.9999999963950973,0.670534201908305,2774,0,1363,226263,4137,2774,0.0,0.3294657964708726,1,1,4137.0,396,0.09572153734590283,0.047860768672951415,1.0,0.9999835605143956,0.375,0.625,0.265625,0.5006875,6,10,['boundary_margin_error'],boundary_margin_error,Medium_Dice (25-75%)
20160307_162438_1281_721,0.8680681092801562,0.7668907611818541,0.9493861561537297,0.799581337562377,25210,1344,6319,197527,31529,26554,0.05061384348873993,0.20041866218402107,1,1,31529.0,3073,0.09746582511338768,0.04873291255669384,1.0,0.9999911958675248,0.3125,0.6875,0.2109375,0.4992875,5,11,['high_quality'],high_quality,Medium_Dice (25-75%)
20160307_162438_1921_1081,0.8103482269943809,0.6811642241721381,0.6918984438737299,0.977731251448676,10274,4575,234,215317,10508,14849,0.30810155566031383,0.022268747620860296,2,2,5254.0,2256,0.21469356680624285,0.10734678340312143,1.0,0.9999796120103425,0.5,0.5,0.21875,0.4998875,8,8,['boundary_margin_error'],boundary_margin_error,Medium_Dice (25-75%)
20160307_162438_1921_721,0.9046344616386469,0.8258744957340577,0.9065754767750323,0.9027017399284721,20281,2090,2186,205843,22467,22371,0.09342452281972197,0.09729825966973783,1,1,22467.0,2708,0.12053233631548493,0.06026616815774247,1.0,0.999994235234203,0.5,0.5,0.2421875,0.4995375000000001,8,8,['high_quality'],high_quality,High_Dice (>75%)
20160307_162438_1_361,0.8605794604210423,0.7552781703751332,0.9195061139381733,0.8087505871642169,30980,2712,7326,189382,38306,33692,0.08049388578891131,0.1912494126246541,1,1,38306.0,3094,0.08077063645381924,0.04038531822690962,1.0,0.9999954247853444,0.3125,0.6875,0.2265625,0.49924999999999997,5,11,['high_quality'],high_quality,Medium_Dice (25-75%)
20160307_162438_641_361,0.8342287912850257,0.7156024999147075,0.8466254793379081,0.8221899000853644,18089,3277,3912,205122,22001,21366,0.15337452026584292,0.17781009954092997,1,2,22001.0,2516,0.11435843825280669,0.05717921912640334,2.0,0.999993811008788,0.25,0.75,0.25,0.49894999999999995,4,12,['boundary_margin_error'],boundary_margin_error,Medium_Dice (25-75%)
20160307_162438_641_721,0.7455972835804532,0.5943843024420565,0.6482597458513594,0.8773302249045769,5271,2860,737,221532,6008,8131,0.35174025335137127,0.12266977363515313,1,1,6008.0,705,0.11734354194407456,0.05867177097203728,1.0,0.9999705270824912,0.3125,0.6875,0.21875,0.49977499999999997,5,11,['boundary_margin_error'],boundary_margin_error,Medium_Dice (25-75%)
20160310_114505_1281_1,0.42085959837150766,0.26651183006748175,0.26651183006748175,0.999999994553377,1836,5053,0,223511,1836,6889,0.7334881695456524,0.0,4,2,459.0,1931,1.051742919389978,0.525871459694989,0.5,0.9999904814239631,0.125,0.875,0.2265625,0.5000625,2,14,"['false_crack_high_fp', 'thin_low_area_failure', 'over_segmentation']",false_crack_high_fp,Low_Dice (<25%)
20160310_114505_641_1,0.5675579824331102,0.39621707229528913,0.4066883508775276,0.9389814575475677,4001,5837,260,220302,4261,9838,0.5933116487090873,0.0610185402487679,4,1,1065.25,2348,0.551044355785027,0.2755221778925135,0.25,0.9999935022222846,0.3125,0.6875,0.1484375,0.49968750000000006,5,11,['over_segmentation'],over_segmentation,Low_Dice (<25%)
20160310_114505_641_1081,0.5867096589186109,0.41513738675217005,0.4158799558621883,0.995717342384684,4185,5878,18,220319,4203,10063,0.5841200437245354,0.004282655246252677,3,3,1401.0,1842,0.4382583868665239,0.21912919343326195,1.0,0.9999916034439079,0.25,0.75,0.15625,0.49973750000000006,4,12,['over_segmentation'],over_segmentation,Low_Dice (<25%)
20160310_114505_641_361,0.5224247773150666,0.35356898876915216,0.3567060036551762,0.9757304406792403,4141,7468,103,218688,4244,11609,0.6432939960375571,0.024269557021677664,5,3,848.8,2457,0.5789349670122526,0.2894674835061263,0.6,0.9999932581940714,0.1875,0.8125,0.1875,0.5001875,3,13,"['thin_low_area_failure', 'over_segmentation', 'complex_topology']",thin_low_area_failure,Low_Dice (<25%)
20160310_114505_641_721,0.5936920218554992,0.42216358797795017,0.4236955664734253,0.9915079160167365,4320,5876,37,220167,4357,10196,0.576304433111024,0.008492081707596971,4,1,1089.25,1798,0.41266926784484737,0.20633463392242368,0.25,0.9999907324143877,0.375,0.625,0.1484375,0.49977499999999997,6,10,['over_segmentation'],over_segmentation,Low_Dice (<25%)
20160316_142539_1281_361,0.8289707023984034,0.707899199530047,0.8696234545771343,0.7919490366061954,5843,876,1535,222146,7378,6719,0.13037654412859057,0.20805096232041204,1,1,7378.0,1653,0.22404445649227434,0.11202222824613717,1.0,0.9999940136017325,0.1875,0.8125,0.1875,0.5001875,3,13,['boundary_margin_error'],boundary_margin_error,Medium_Dice (25-75%)
20160316_142539_1281_721,0.770413597901712,0.6265632057958692,0.6683542263995867,0.909259865628884,8317,4127,830,217126,9147,12444,0.3316457730633237,0.09074013337706352,2,3,4573.5,2578,0.2818410407783973,0.14092052038919864,1.5,0.9999853816509516,0.1875,0.8125,0.1875,0.4999,3,13,['boundary_margin_error'],boundary_margin_error,Medium_Dice (25-75%)
20160316_142539_1921_361,0.7155469938536211,0.5570830465805893,0.6619394114479215,0.778602619407334,8915,4553,2535,214397,11450,13468,0.3380605880605881,0.22139737991266376,7,5,1635.7142857142858,4030,0.3519650655021834,0.1759825327510917,0.7142857142857143,0.999987554674441,0.25,0.75,0.1953125,0.49986250000000004,4,12,"['complex_topology', 'boundary_margin_error']",complex_topology,Medium_Dice (25-75%)
20160316_142539_1_721,0.7223901489953896,0.5654231207025835,0.6114732019329527,0.8824626858811702,11352,7213,1512,210323,12864,18565,0.38852679773767845,0.11753731343283583,7,4,1837.7142857142858,4023,0.3127332089552239,0.15636660447761194,0.5714285714285714,0.9999906929572607,0.1875,0.8125,0.2109375,0.499625,3,13,"['complex_topology', 'boundary_margin_error']",complex_topology,Medium_Dice (25-75%)
20160316_142539_641_721,0.5725098059299183,0.4010604123994503,0.4423339591760569,0.8112572406362477,10363,13065,2411,204561,12774,23428,0.5576660406351375,0.1887427587286676,4,2,3193.5,4538,0.35525285736652573,0.17762642868326287,0.5,0.9999890709797379,0.1875,0.8125,0.21875,0.4999375,3,13,['moderate_general_error'],moderate_general_error,Low_Dice (<25%)
20160316_143445_1281_1,0.8661482062194155,0.7638989601378421,0.8486740511254286,0.8843570722790283,12641,2254,1653,213852,14294,14895,0.15132594830480026,0.11564292710228068,1,1,14294.0,2297,0.16069679585840213,0.08034839792920107,1.0,0.9999899454075994,0.375,0.625,0.1484375,0.4999,6,10,['high_quality'],high_quality,Medium_Dice (25-75%)
20160316_143445_1281_1081,0.7870731139272598,0.6489040048206651,0.6966930397713673,0.9043982067305815,3434,1495,363,225108,3797,4929,0.3033069588151755,0.0956017908875428,4,3,949.25,1205,0.3173558072162233,0.15867790360811165,0.75,0.9999917369186089,0.25,0.75,0.1796875,0.5003249999999999,4,12,['boundary_margin_error'],boundary_margin_error,Medium_Dice (25-75%)
20160316_143445_1281_361,0.8741378677976361,0.7764164392736831,0.7978284034120514,0.9665886522745633,11977,3035,414,214974,12391,15012,0.20217159605648816,0.033411346945363574,2,2,6195.5,2403,0.19393107900895812,0.09696553950447906,1.0,0.9999884812080386,0.25,0.75,0.171875,0.5000374999999999,4,12,['high_quality'],high_quality,High_Dice (>75%)
20160316_143445_1281_721,0.8145845107929381,0.687172150363771,0.8241821088857343,0.8052078672299912,14410,3074,3486,209430,17896,17484,0.17581789064287348,0.19479213232007153,2,3,8948.0,4941,0.2760952168082253,0.13804760840411265,1.5,0.9999920432505922,0.3125,0.6875,0.1484375,0.49921250000000006,5,11,['boundary_margin_error'],boundary_margin_error,Medium_Dice (25-75%)
20160316_143445_1921_1081,0.6892437941652666,0.5258367582752226,0.5940791105447557,0.820712566364174,7164,4895,1565,216776,8729,12059,0.40592088896260053,0.17928743269561231,2,1,4364.5,2735,0.31332340474281134,0.15666170237140567,0.5,0.9999904445245104,0.25,0.75,0.1796875,0.5002625,4,12,['moderate_general_error'],moderate_general_error,Low_Dice (<25%)
20160316_143445_1_1081,0.8087603775127586,0.6789233351927234,0.7617977521242267,0.8618936226361298,8475,2650,1358,217917,9833,11125,0.23820224719101124,0.13810637648733856,1,4,9833.0,2466,0.2507881623105868,0.1253940811552934,4.0,0.9999888622959608,0.375,0.625,0.15625,0.500075,6,10,['boundary_margin_error'],boundary_margin_error,Medium_Dice (25-75%)
20160316_143445_1_721,0.537495354487183,0.36751702371428296,0.39202081483952644,0.8546442901095621,3616,5608,615,220561,4231,9224,0.6079791847354726,0.1453557078704798,2,3,2115.5,1268,0.2996927440321437,0.14984637201607184,1.5,0.9999911987027745,0.25,0.75,0.1796875,0.5004875,4,12,"['thin_low_area_failure', 'over_segmentation']",thin_low_area_failure,Low_Dice (<25%)
20160316_143445_641_361,0.8650489565937993,0.7621905470015916,0.8025276454251996,0.9381348097485023,9144,2250,603,218403,9747,11394,0.19747235387045814,0.061865189289012,1,1,9747.0,2796,0.2868574946137273,0.14342874730686364,1.0,0.9999936763000905,0.3125,0.6875,0.171875,0.5001,5,11,['high_quality'],high_quality,Medium_Dice (25-75%)
20160316_143445_641_721,0.8435745047469743,0.7294672317496773,0.8162059497613358,0.8728421517851268,7736,1742,1127,219795,8863,9478,0.1837940493775058,0.12715784723005755,1,2,8863.0,2133,0.2406634322464177,0.12033171612320885,2.0,0.9999788126818959,0.1875,0.8125,0.1953125,0.50085,3,13,['boundary_margin_error'],boundary_margin_error,Medium_Dice (25-75%)
20160316_143527_1281_1081,0.7808570378949021,0.6404966949459265,0.7527657899154446,0.8111261406737182,9594,3151,2234,215421,11828,12745,0.2472342094939192,0.18887385864051404,4,3,2957.0,4261,0.360246871829557,0.1801234359147785,0.75,0.9999890477671174,0.25,0.75,0.1640625,0.499625,4,12,['boundary_margin_error'],boundary_margin_error,Medium_Dice (25-75%)
20160316_143527_1281_361,0.7045226118852218,0.5438324268326029,0.7457446782065791,0.667619045499622,2103,717,1047,226533,3150,2820,0.2542553191489362,0.3323809523809524,4,2,787.5,1101,0.3495238095238095,0.17476190476190476,0.5,0.999996583981169,0.3125,0.6875,0.1796875,0.5004625,5,11,['boundary_margin_error'],boundary_margin_error,Low_Dice (<25%)
20160316_143527_1281_721,0.7276378320070421,0.5718794933637711,0.6883073023688023,0.771735529001971,16306,7384,4823,201887,21129,23690,0.3116926973406501,0.2282644706327796,7,6,3018.4285714285716,7452,0.35269061479483177,0.17634530739741588,0.8571428571428571,0.9999835786171923,0.125,0.875,0.21875,0.4999125,2,14,"['complex_topology', 'boundary_margin_error']",complex_topology,Medium_Dice (25-75%)
20160316_143527_1921_361,0.6823905990471336,0.517900523898542,0.5385587019421895,0.9310424078484745,8101,6941,600,214758,8701,15042,0.461441297699774,0.06895759108148489,2,3,4350.5,4261,0.48971382599701185,0.24485691299850593,1.5,0.999993120832598,0.125,0.875,0.2109375,0.499675,2,14,['moderate_general_error'],moderate_general_error,Low_Dice (<25%)
20160316_143527_1_1,0.6591169065093131,0.4915543418430692,0.6717966647175042,0.6469069264096701,5762,2815,3145,218678,8907,8577,0.32820333449924216,0.3530930728640395,2,1,4453.5,3323,0.37307735488941285,0.18653867744470642,0.5,0.9999927945184267,0.25,0.75,0.15625,0.499725,4,12,['boundary_margin_error'],boundary_margin_error,Low_Dice (<25%)
20160316_143527_1_361,0.6842579473751346,0.5200547827821272,0.5202583665682945,0.9992481165441799,2658,2451,2,225289,2660,5109,0.47974163241338813,0.0007518796992481203,2,4,1330.0,1788,0.6721804511278195,0.3360902255639098,2.0,0.9999904503037399,0.25,0.75,0.2109375,0.500175,4,12,['moderate_general_error'],moderate_general_error,Low_Dice (<25%)
20160316_143527_641_1,0.8252244935187335,0.7024529273601201,0.7694418157337353,0.8897275999455994,8133,2437,1008,218822,9141,10570,0.23055818353831598,0.11027239908106334,1,1,9141.0,2978,0.3257849250629034,0.1628924625314517,1.0,0.9999958535210238,0.3125,0.6875,0.1640625,0.4996125,5,11,['boundary_margin_error'],boundary_margin_error,Medium_Dice (25-75%)
20160316_143527_641_361,0.7694724196096362,0.6253191166715127,0.7430848844547707,0.7978030394700454,12492,4319,3166,210423,15658,16811,0.25691511510320625,0.20219696002043683,8,2,1957.25,5907,0.37725124536977905,0.18862562268488953,0.25,0.999993153443939,0.3125,0.6875,0.15625,0.49996250000000003,5,11,"['complex_topology', 'boundary_margin_error']",complex_topology,Medium_Dice (25-75%)
20160316_143527_641_721,0.6763861956755439,0.511014763872727,0.6814062489353028,0.6714395678653741,4361,2039,2134,221866,6495,6400,0.31859375,0.3285604311008468,3,1,2165.0,2013,0.3099307159353349,0.15496535796766744,0.3333333333333333,0.9999931330933112,0.25,0.75,0.1640625,0.500225,4,12,['boundary_margin_error'],boundary_margin_error,Low_Dice (<25%)
20160316_143547_1281_1081,0.8818943949376462,0.7887398032393059,0.8492917822966238,0.9171000277849494,2998,532,271,226599,3269,3530,0.15070821529745043,0.08289996940960538,3,1,1089.6666666666667,774,0.23676965432854083,0.11838482716427041,0.3333333333333333,0.999992490479458,0.25,0.75,0.1875,0.5001249999999999,4,12,['high_quality'],high_quality,High_Dice (>75%)
20160316_143547_1281_361,0.3036600491568548,0.17900895926310303,0.1801951036624423,0.9645320102016551,979,4454,36,224931,1015,5433,0.8198048960058899,0.035467980295566505,1,3,1015.0,210,0.20689655172413793,0.10344827586206896,3.0,0.9999938762956805,0.25,0.75,0.1796875,0.5004875,4,12,"['false_crack_high_fp', 'thin_low_area_failure', 'over_segmentation']",false_crack_high_fp,Low_Dice (<25%)
20160316_143547_1281_721,0.895611859645151,0.8109575129604196,0.8666277173698503,0.9266018200398886,20767,3196,1645,204792,22412,23963,0.13337228226849726,0.07339817954667142,1,1,22412.0,4400,0.19632339817954667,0.09816169908977333,1.0,0.9999881513576319,0.3125,0.6875,0.1640625,0.49950000000000006,5,11,['high_quality'],high_quality,High_Dice (>75%)
20160316_143547_1921_1081,0.8550691290645968,0.7468303552388358,0.8160332158990605,0.8980273270515235,20440,4608,2321,203031,22761,25048,0.18396678377515172,0.10197267255392997,3,4,7587.0,5059,0.2222661570229779,0.11113307851148894,1.3333333333333333,0.9999830473065958,0.25,0.75,0.171875,0.4992875,4,12,['high_quality'],high_quality,Medium_Dice (25-75%)
20160316_143547_1_1,0.7671686353475371,0.6222818930014837,0.8373954932425992,0.7078093180573666,11819,2295,4879,211407,16698,14114,0.1626045061640924,0.2921906815187448,1,3,16698.0,4621,0.2767397293088993,0.13836986465444964,3.0,0.999994548241919,0.3125,0.6875,0.1640625,0.4996,5,11,['boundary_margin_error'],boundary_margin_error,Medium_Dice (25-75%)
20160316_143547_641_1,0.845512176024317,0.7323699379631795,0.7646348777028674,0.9455223810035643,1267,390,73,228670,1340,1657,0.23536511768255883,0.05447761194029851,1,1,1340.0,445,0.332089552238806,0.166044776119403,1.0,0.9999923521247704,0.25,0.75,0.1796875,0.5006499999999999,4,12,['boundary_margin_error'],boundary_margin_error,Medium_Dice (25-75%)
20160316_143547_641_361,0.8942304465807669,0.8086951244186908,0.8409735791405678,0.9546886177847612,13337,2522,633,213908,13970,15859,0.15902642032915065,0.045311381531853975,2,1,6985.0,3890,0.278453829634932,0.139226914817466,0.5,0.9999821522062726,0.1875,0.8125,0.1875,0.49948750000000003,3,13,['high_quality'],high_quality,High_Dice (>75%)
20160316_143547_641_721,0.7087880487720388,0.548932379457897,0.9306183871701601,0.5723562099039313,617,46,461,229276,1078,663,0.0693815987933635,0.42764378478664195,2,1,539.0,561,0.5204081632653061,0.2602040816326531,0.5,0.9999919773538837,0.3125,0.6875,0.171875,0.50035,5,11,['moderate_general_error'],moderate_general_error,Medium_Dice (25-75%)
20160318_181632_1281_1081,0.8815819105261965,0.7882400319016352,0.8059295858324358,0.9729084848770152,19572,4713,545,205570,20117,24285,0.19407041383570106,0.027091514639359746,1,1,20117.0,3066,0.1524084107968385,0.07620420539841925,1.0,0.9999870957602132,0.375,0.625,0.1484375,0.4987375,6,10,['high_quality'],high_quality,High_Dice (>75%)
20160318_181632_1281_361,0.8607710882309418,0.7555734228113019,0.9001741651958854,0.8246729069182339,31011,3439,6593,189357,37604,34450,0.09982583454281567,0.17532709286246145,8,1,4700.5,5071,0.13485267524731412,0.06742633762365706,0.125,0.9999930674942288,0.3125,0.6875,0.171875,0.4992625,5,11,"['complex_topology', 'high_quality']",complex_topology,Medium_Dice (25-75%)
20160318_181632_1281_721,0.8894004065324155,0.8008290402443541,0.866945496942907,0.9130494627360515,19899,3054,1895,205552,21794,22953,0.13305450267938831,0.08695053684500322,1,1,21794.0,2539,0.1164999541158117,0.05824997705790585,1.0,0.9999852090636316,0.3125,0.6875,0.1484375,0.5002375000000001,5,11,['high_quality'],high_quality,High_Dice (>75%)
20160318_181632_1921_1,0.7805566752918953,0.6400926221632607,0.8067542197065787,0.7560070311466947,3870,927,1249,224354,5119,4797,0.19324577861163228,0.24399296737644072,5,1,1023.8,1148,0.22426255127954678,0.11213127563977339,0.2,0.9999941278356214,0.375,0.625,0.140625,0.5006999999999999,6,10,"['complex_topology', 'boundary_margin_error']",complex_topology,Medium_Dice (25-75%)
20160318_181632_1921_361,0.8889157401142025,0.8000435000362345,0.9010002037554602,0.8771511462671789,22070,2425,3091,202814,25161,24495,0.09899979587670953,0.12284885338420572,1,2,25161.0,3071,0.12205397241763045,0.06102698620881523,2.0,0.9999945656168826,0.1875,0.8125,0.203125,0.4990125,3,13,['high_quality'],high_quality,High_Dice (>75%)
20160318_181632_1_1,0.9430747705669089,0.8922814446134011,0.9400353277324878,0.9461339318966552,30334,1935,1727,196404,32061,32269,0.05996467197620007,0.05386606780824054,1,1,32061.0,3190,0.0994978322572596,0.0497489161286298,1.0,0.9999941248781286,0.375,0.625,0.171875,0.49945,6,10,['high_quality'],high_quality,High_Dice (>75%)
20160318_181632_1_361,0.8057642812086833,0.6747112555167881,0.7298154004665013,0.8993566155805225,3914,1449,438,224599,4352,5363,0.27018459817266455,0.10064338235294118,2,2,2176.0,534,0.12270220588235294,0.06135110294117647,1.0,0.9999936426998484,0.25,0.75,0.1875,0.500225,4,12,['boundary_margin_error'],boundary_margin_error,Medium_Dice (25-75%)
20160318_181632_641_1,0.8730777099178231,0.774745266467448,0.9345917430439343,0.8191612127004185,2129,149,470,227652,2599,2278,0.06540825285338016,0.18083878414774912,2,1,1299.5,488,0.1877645248172374,0.0938822624086187,0.5,0.9999935814529752,0.25,0.75,0.2109375,0.500375,4,12,['high_quality'],high_quality,High_Dice (>75%)
20160318_181632_641_361,0.9220160934407079,0.8553152675382676,0.9419025715798633,0.9029519825407444,35635,2198,3830,188737,39465,37833,0.05809742817117331,0.09704801723045736,1,1,39465.0,3248,0.08230077283669074,0.04115038641834537,1.0,0.9999940301544398,0.3125,0.6875,0.15625,0.49901249999999997,5,11,['high_quality'],high_quality,High_Dice (>75%)
20160318_181632_641_721,0.2258947777959175,0.12732885004152922,0.12753975250934216,0.9871794787420558,1155,7901,15,221329,1170,9056,0.8724602473498233,0.01282051282051282,1,5,1170.0,668,0.5709401709401709,0.28547008547008546,5.0,0.99999426700304,0.25,0.75,0.1796875,0.5001625000000001,4,12,"['false_crack_high_fp', 'thin_low_area_failure', 'over_segmentation', 'fragmented_prediction']",false_crack_high_fp,Low_Dice (<25%)
20160321_183947_1281_361,0.8223834179846976,0.6983456504810078,0.751230591627298,0.9084249042654536,1984,657,200,227559,2184,2641,0.248769405528209,0.09157509157509157,1,2,2184.0,385,0.1762820512820513,0.08814102564102565,2.0,0.9999940662634494,0.3125,0.6875,0.203125,0.5008625,5,11,['boundary_margin_error'],boundary_margin_error,Medium_Dice (25-75%)
20160321_183947_1281_721,0.9290859760923869,0.8675635535169145,0.9112402505241657,0.9476446448844923,29793,2902,1646,196059,31439,32695,0.08875974919712494,0.05235535481408442,1,2,31439.0,3118,0.09917618244855116,0.04958809122427558,2.0,0.9999835884641346,0.3125,0.6875,0.2109375,0.4991625,5,11,['high_quality'],high_quality,High_Dice (>75%)
20160321_183947_1921_721,0.879650987717773,0.7851579981544003,0.8839357696573718,0.8754075451209636,26313,3455,3745,196887,30058,29768,0.11606423004568664,0.12459245458779693,1,1,30058.0,3092,0.10286778894138,0.05143389447069,1.0,0.9999908954814392,0.25,0.75,0.1875,0.49885,4,12,['high_quality'],high_quality,High_Dice (>75%)
20160321_183947_1_721,0.8917825409475646,0.8046999563696369,0.8556264086046917,0.9311291876114031,44413,7494,3285,175208,47698,51907,0.1443735912304699,0.06887081219338337,1,1,47698.0,3492,0.07321061679735,0.036605308398675,1.0,0.9999947795830176,0.375,0.625,0.171875,0.498725,6,10,['high_quality'],high_quality,High_Dice (>75%)
20160321_183947_641_721,0.8957731188146043,0.8112219817117523,0.8161564707936906,0.9926021709341706,33007,7435,246,189712,33253,40442,0.18384352900450027,0.007397828767329264,1,1,33253.0,3297,0.0991489489670105,0.04957447448350525,1.0,0.9999929037186732,0.3125,0.6875,0.25,0.4986625,5,11,['high_quality'],high_quality,High_Dice (>75%)
20160321_185557_1281_721,0.8865546216794203,0.7962264148211916,0.8741008545647946,0.8993683880732481,23210,3343,2597,201250,25807,26553,0.12589914510601438,0.10063161157825397,3,1,8602.333333333334,3922,0.1519742705467509,0.07598713527337544,0.3333333333333333,0.9999910762012045,0.375,0.625,0.140625,0.4995125,6,10,['high_quality'],high_quality,High_Dice (>75%)
20160321_185557_1921_1,0.8628342728475377,0.7587585980173104,0.8254437862639716,0.9037728649925945,9486,2006,1010,217898,10496,11492,0.17455621301775148,0.09622713414634146,1,1,10496.0,2096,0.19969512195121952,0.09984756097560976,1.0,0.9999945491071922,0.375,0.625,0.15625,0.5005,6,10,['high_quality'],high_quality,Medium_Dice (25-75%)
20160321_185557_1921_1081,0.8323441428078704,0.7128334411899533,0.8195418412159496,0.8455527678510971,8765,1930,1601,218104,10366,10695,0.18045815801776532,0.1544472313332047,1,1,10366.0,1930,0.18618560679143353,0.09309280339571677,1.0,0.9999931631312591,0.375,0.625,0.15625,0.5000249999999999,6,10,['boundary_margin_error'],boundary_margin_error,Medium_Dice (25-75%)
20160321_185557_1921_361,0.7023995011287008,0.5413064357941244,0.5559597949337364,0.9535695389174305,9016,7201,439,213744,9455,16217,0.44404020472343836,0.0464304600740349,2,5,4727.5,2665,0.28186144896879956,0.14093072448439978,2.5,0.9999941015416187,0.5,0.5,0.140625,0.4997875,8,8,['moderate_general_error'],moderate_general_error,Low_Dice (<25%)
20160321_185557_1921_721,0.8930681597039837,0.8067959807400238,0.9101857679037367,0.8765825180514811,23126,2282,3256,201736,26382,25408,0.08981423173803527,0.1234174816162535,1,1,26382.0,3311,0.1255022363732848,0.0627511181866424,1.0,0.9999934011702782,0.375,0.625,0.15625,0.4996125,6,10,['high_quality'],high_quality,High_Dice (>75%)
20160321_185557_1_361,0.5598500806749823,0.3887443058271167,0.39530267814984227,0.9590690131695906,1195,1828,51,227326,1246,3023,0.6046973205425075,0.040930979133226325,1,3,1246.0,314,0.2520064205457464,0.1260032102728732,3.0,0.9999949008069475,0.3125,0.6875,0.171875,0.5009875,5,11,['over_segmentation'],over_segmentation,Low_Dice (<25%)
20160321_185557_1_721,0.8411346483120684,0.7258260393124394,0.7560305340213608,0.947828939654474,17332,5593,954,206521,18286,22925,0.24396946564885497,0.0521710598271902,1,1,18286.0,3861,0.21114513835721316,0.10557256917860658,1.0,0.9999913999061139,0.375,0.625,0.15625,0.49952500000000005,6,10,['boundary_margin_error'],boundary_margin_error,Medium_Dice (25-75%)
20160321_185557_641_721,0.8983272462919141,0.8154211341510105,0.869663901846502,0.9289444232893769,19924,2986,1524,205966,21448,22910,0.13033609777389787,0.07105557627750839,1,1,21448.0,3301,0.1539071242073853,0.07695356210369265,1.0,0.999990467617327,0.25,0.75,0.1796875,0.4994125,4,12,['high_quality'],high_quality,High_Dice (>75%)
20160324_170347_1281_1,0.874224395303143,0.7765529752605979,0.8717426104647801,0.8767203501072909,5988,881,842,222689,6830,6869,0.12825738826612315,0.1232796486090776,2,1,3415.0,2141,0.31346998535871157,0.15673499267935578,0.5,0.9999951296339964,0.4375,0.5625,0.1875,0.5002125,7,9,['high_quality'],high_quality,High_Dice (>75%)
20160324_170347_1281_1081,0.8136137884796861,0.6857916760825022,0.8579790498182701,0.7736111100366513,5570,922,1630,222278,7200,6492,0.14202094886013555,0.2263888888888889,1,1,7200.0,2631,0.36541666666666667,0.18270833333333333,1.0,0.9999652240904219,0.3125,0.6875,0.21875,0.5011375,5,11,['boundary_margin_error'],boundary_margin_error,Medium_Dice (25-75%)
20160324_170347_1281_361,0.8035426726457656,0.6716016144283776,0.7187242790959627,0.9110589450820827,6986,2734,682,219998,7668,9720,0.28127572016460906,0.08894105372978613,5,1,1533.6,2600,0.33907146583202924,0.16953573291601462,0.2,0.9999928242343926,0.3125,0.6875,0.2265625,0.49963749999999996,5,11,"['complex_topology', 'boundary_margin_error']",complex_topology,Medium_Dice (25-75%)
20160324_170347_1281_721,0.7815215288754964,0.6413913313989451,0.7720553163833521,0.7912227536006033,8095,2390,2136,217779,10231,10485,0.2279446828803052,0.2087772456260385,1,1,10231.0,4382,0.4283061284331932,0.2141530642165966,1.0,0.9999871357405198,0.3125,0.6875,0.2109375,0.5002500000000001,5,11,['boundary_margin_error'],boundary_margin_error,Medium_Dice (25-75%)
20160324_170347_641_1,0.7128205118585419,0.553784859396551,0.5723883819410742,0.9445636589965534,2641,1973,155,225631,2796,4614,0.42761161681837884,0.05543633762517883,1,1,2796.0,2183,0.780758226037196,0.390379113018598,1.0,0.9999881059418709,0.4375,0.5625,0.1875,0.5002625,7,9,['moderate_general_error'],moderate_general_error,Medium_Dice (25-75%)
20160324_170347_641_361,0.7511919813649977,0.6015271924551547,0.6251012135625892,0.9410043858093506,3860,2315,242,223983,4102,6175,0.3748987854251012,0.05899561189663579,3,1,1367.3333333333333,2940,0.7167235494880546,0.3583617747440273,0.3333333333333333,0.9999904397276934,0.4375,0.5625,0.21875,0.5002625,7,9,['boundary_margin_error'],boundary_margin_error,Medium_Dice (25-75%)
20160324_170347_641_721,0.8020466888358704,0.6695141466377091,0.7292817658351795,0.8909413822701904,2508,931,307,226654,2815,3439,0.27071823204419887,0.10905861456483126,1,1,2815.0,1498,0.5321492007104796,0.2660746003552398,1.0,0.9999631449780748,0.3125,0.6875,0.203125,0.500775,5,11,['boundary_margin_error'],boundary_margin_error,Medium_Dice (25-75%)
20160326_141808_1281_1,0.0,0.0,0.0,0.0,0,63,4500,225837,4500,63,1.0,1.0,4,1,1125.0,1265,0.2811111111111111,0.14055555555555554,0.25,0.9999978298802684,0.3125,0.6875,0.1640625,0.5009374999999999,5,11,"['missed_crack_high_fn', 'thin_low_area_failure']",missed_crack_high_fn,Low_Dice (<25%)
20160326_141808_641_1,0.8973826302559923,0.8138658567154042,0.8163265244419764,0.9963099539085798,1080,243,4,229073,1084,1323,0.1836734693877551,0.0036900369003690036,1,3,1084.0,178,0.16420664206642066,0.08210332103321033,3.0,0.9999868469827313,0.3125,0.6875,0.1796875,0.5011875,5,11,['high_quality'],high_quality,High_Dice (>75%)
20160326_141808_641_361,0.5997922343852797,0.42835945429995415,0.7478950765092373,0.5006503354642854,4619,1557,4607,219617,9226,6176,0.25210492227979275,0.4993496639930631,1,3,9226.0,1956,0.21200953826143507,0.10600476913071753,3.0,0.9999897218704484,0.4375,0.5625,0.171875,0.5005375,7,9,['moderate_general_error'],moderate_general_error,Low_Dice (<25%)
20160326_141808_641_721,0.4875173933964825,0.3223292560641528,0.5657294822079607,0.42830432845059063,2978,2286,3975,221161,6953,5264,0.43427051671732525,0.57169567093341,4,6,1738.25,1926,0.27700273263339564,0.13850136631669782,1.5,0.9999905227370169,0.375,0.625,0.21875,0.5004625,6,10,['thin_low_area_failure'],thin_low_area_failure,Low_Dice (<25%)
20160326_142521_1281_1,0.40457427243907434,0.25358389641715523,0.9576437560795406,0.25646033634580806,3414,151,9898,216937,13312,3565,0.042356241234221596,0.7435396634615384,1,1,13312.0,1582,0.11884014423076923,0.059420072115384616,1.0,0.9999949821121544,0.25,0.75,0.1875,0.5003,4,12,['missed_crack_high_fn'],missed_crack_high_fn,Low_Dice (<25%)
20160326_142521_1281_1081,0.3454208123706851,0.2087665643042476,0.38743851537102336,0.31162507513199916,1024,1619,2262,225495,3286,2643,0.6125614831630722,0.6883749239196592,2,1,1643.0,933,0.2839318320146074,0.1419659160073037,0.5,0.9999938722197534,0.3125,0.6875,0.1796875,0.50035,5,11,"['missed_crack_high_fn', 'thin_low_area_failure']",missed_crack_high_fn,Low_Dice (<25%)
20160326_142521_1281_361,0.36410165869740413,0.22256985627082765,0.9942168626784729,0.22285837720335058,2063,12,7194,221131,9257,2075,0.005783132530120482,0.7771416225559037,1,3,9257.0,1801,0.19455547153505456,0.09727773576752728,3.0,0.9999969825712082,0.25,0.75,0.1875,0.50045,4,12,['missed_crack_high_fn'],missed_crack_high_fn,Low_Dice (<25%)
20160326_142521_1281_721,0.46684278231603143,0.3044976581209705,0.9435925494425176,0.31014310115188276,3446,206,7665,219083,11111,3652,0.05640744797371303,0.6898568985689857,1,2,11111.0,1846,0.16614166141661416,0.08307083070830708,2.0,0.9999953379136156,0.25,0.75,0.1796875,0.500225,4,12,['missed_crack_high_fn'],missed_crack_high_fn,Low_Dice (<25%)
20160326_142521_641_1,0.0,0.0,0.0,0.0,0,112,1355,228933,1355,112,1.0,1.0,1,3,1355.0,291,0.21476014760147602,0.10738007380073801,3.0,0.9999928887805267,0.3125,0.6875,0.1953125,0.5,5,11,"['missed_crack_high_fn', 'thin_low_area_failure']",missed_crack_high_fn,Low_Dice (<25%)
20160326_142521_641_1081,0.0,0.0,0.0,0.0,0,609,2487,227304,2487,609,1.0,1.0,2,3,1243.5,797,0.32046642541214315,0.16023321270607158,1.5,0.9999962984618422,0.25,0.75,0.1875,0.49994999999999995,4,12,"['missed_crack_high_fn', 'false_crack_high_fp', 'thin_low_area_failure']",missed_crack_high_fn,Low_Dice (<25%)
20160326_142745_1281_1081,0.7495458074882614,0.5994188447500647,0.903064412435696,0.6406388628202333,2888,310,1620,225582,4508,3198,0.0969355847404628,0.3593611357586513,2,1,2254.0,1217,0.2699645075421473,0.13498225377107365,0.5,0.9999884670494921,0.25,0.75,0.2109375,0.5005,4,12,['boundary_margin_error'],boundary_margin_error,Medium_Dice (25-75%)
20160326_142745_1281_361,0.2044485068521873,0.11386390623293408,0.9845928027542714,0.11406714822433732,1342,21,10423,218614,11765,1363,0.015407190022010272,0.885932851678708,1,2,11765.0,1303,0.11075223119422015,0.05537611559711007,2.0,0.9999920549888941,0.3125,0.6875,0.1875,0.50085,5,11,['missed_crack_high_fn'],missed_crack_high_fn,Low_Dice (<25%)
20160326_142745_1281_721,0.6195806743410827,0.4488351204771329,0.9272072455230741,0.4652283427525855,8496,667,9766,211471,18262,9163,0.07279275346502237,0.5347716569926624,1,9,18262.0,3193,0.17484393823239514,0.08742196911619757,9.0,0.9999938895147226,0.4375,0.5625,0.15625,0.499725,7,9,['fragmented_prediction'],fragmented_prediction,Low_Dice (<25%)
20160326_142745_1921_1081,0.6123351759997149,0.441270229964112,0.6559139772992273,0.5741863424151462,3599,1888,2669,222244,6268,5487,0.34408602150537637,0.4258136566687939,2,1,3134.0,2013,0.3211550733886407,0.16057753669432034,0.5,0.9999813482143075,0.1875,0.8125,0.1953125,0.5007250000000001,3,13,['moderate_general_error'],moderate_general_error,Low_Dice (<25%)
20160326_142745_1_1,0.5174161442510984,0.34899620837280365,0.9285596148031097,0.3586255346754643,5615,432,10042,214311,15657,6047,0.07144038366131966,0.6413744650954845,1,2,15657.0,3472,0.2217538481190522,0.1108769240595261,2.0,0.9999915335143359,0.1875,0.8125,0.21875,0.4999,3,13,['moderate_general_error'],moderate_general_error,Low_Dice (<25%)
20160326_142745_641_361,0.6066047011367558,0.43534286475032197,0.8808734099125913,0.4625768056206992,9561,1293,11108,208438,20669,10854,0.119126589275843,0.5374231941554986,1,2,20669.0,4010,0.19401035366974698,0.09700517683487349,2.0,0.9999908022925987,0.25,0.75,0.171875,0.5000125,4,12,['moderate_general_error'],moderate_general_error,Low_Dice (<25%)
20160328_151020_1281_361,0.6571836881726931,0.4894069891647327,0.5279260996753918,0.8702578990667565,9887,8841,1474,210198,11361,18728,0.47207390004271677,0.1297421001672388,6,2,1893.5,3906,0.3438077634011091,0.17190388170055454,0.3333333333333333,0.9999963079390228,0.3125,0.6875,0.171875,0.5002,5,11,['complex_topology'],complex_topology,Low_Dice (<25%)
20160328_151020_1921_361,0.5392835819285721,0.36919115528295615,0.3832414084076193,0.9096676727999319,9033,14537,897,205933,9930,23570,0.6167585914297836,0.09033232628398792,1,2,9930.0,4010,0.4038267875125881,0.20191339375629405,2.0,0.9999935993910846,0.25,0.75,0.171875,0.4996125,4,12,['over_segmentation'],over_segmentation,Low_Dice (<25%)
20160328_151020_1_1,0.6741445940535996,0.5084601164124627,0.5162407966954523,0.971211297548064,14304,13404,424,202268,14728,27708,0.483759203118233,0.028788701792504073,1,1,14728.0,4702,0.3192558392178164,0.1596279196089082,1.0,0.9999913225210015,0.4375,0.5625,0.171875,0.49957500000000005,7,9,['moderate_general_error'],moderate_general_error,Low_Dice (<25%)
20160328_151020_1_361,0.36883260648478816,0.22611573033589366,0.22777777758309592,0.9687386369729601,2665,9035,86,218614,2751,11700,0.7722222222222223,0.031261359505634315,1,2,2751.0,1264,0.45946928389676484,0.22973464194838242,2.0,0.999984666872971,0.25,0.75,0.171875,0.5001875,4,12,"['false_crack_high_fp', 'thin_low_area_failure', 'over_segmentation']",false_crack_high_fp,Low_Dice (<25%)
20160328_151020_641_361,0.5807252853548309,0.4091704582364925,0.43828734220284393,0.8603179263168709,5845,7491,949,216115,6794,13336,0.5617126574685063,0.1396820724168384,5,3,1358.8,2741,0.4034442154842508,0.2017221077421254,0.6,0.9999908484334366,0.375,0.625,0.140625,0.500325,6,10,['complex_topology'],complex_topology,Low_Dice (<25%)
20160328_151020_641_721,0.6841689200398715,0.5199519379498185,0.6909824349180751,0.677488463515583,8222,3677,3914,214587,12136,11899,0.3090175645012186,0.32251153592617005,1,3,12136.0,3877,0.3194627554383652,0.1597313777191826,3.0,0.9999803822022364,0.1875,0.8125,0.2109375,0.49953749999999997,3,13,['boundary_margin_error'],boundary_margin_error,Low_Dice (<25%)
20160328_151057_1281_1,0.8145281325647236,0.6870919124609209,0.7814166017109356,0.8505699464236893,4104,1148,721,224427,4825,5252,0.21858339680121858,0.1494300518134715,3,1,1608.3333333333333,1961,0.40642487046632125,0.20321243523316063,0.3333333333333333,0.9999714184881001,0.375,0.625,0.1484375,0.500275,6,10,['boundary_margin_error'],boundary_margin_error,Medium_Dice (25-75%)
20160328_151057_1281_1081,0.5112214064402013,0.3433830985021263,0.399090295823635,0.7109843916236963,2369,3567,963,223501,3332,5936,0.6009097035040432,0.289015606242497,4,7,833.0,2058,0.6176470588235294,0.3088235294117647,1.75,0.9999884051992134,0.1875,0.8125,0.1953125,0.5005625,3,13,['thin_low_area_failure'],thin_low_area_failure,Low_Dice (<25%)
20160328_151057_1281_361,0.8109981873386921,0.6820832219956491,0.7529256864351584,0.8787775296589081,5147,1689,710,222854,5857,6836,0.2470743124634289,0.12122246884070344,2,1,2928.5,2153,0.3675943315690627,0.18379716578453134,0.5,0.9999823341204426,0.375,0.625,0.15625,0.5002875,6,10,['boundary_margin_error'],boundary_margin_error,Medium_Dice (25-75%)
20160328_151057_1281_721,0.8021904547097359,0.6697145283771652,0.8545651873188406,0.7558648822488361,12598,2144,4069,211589,16667,14742,0.14543481210147877,0.24413511729765405,2,2,8333.5,5496,0.32975340493190136,0.16487670246595068,1.0,0.9999942009485365,0.25,0.75,0.1953125,0.499525,4,12,['boundary_margin_error'],boundary_margin_error,Medium_Dice (25-75%)
20160328_151057_1921_721,0.8238885704904176,0.7005191428451337,0.8951077934337606,0.7631671962149459,8636,1012,2680,218072,11316,9648,0.10489220563847429,0.2368328031106398,1,2,11316.0,3174,0.2804878048780488,0.1402439024390244,2.0,0.9999936428389051,0.25,0.75,0.171875,0.5001875,4,12,['boundary_margin_error'],boundary_margin_error,Medium_Dice (25-75%)
20160328_151057_641_1081,0.7413975896468458,0.5890641743160298,0.6569866746549596,0.8506967466253114,3846,2008,675,223871,4521,5854,0.34301332422275366,0.1493032514930325,2,1,2260.5,2225,0.49214775492147755,0.24607387746073878,0.5,0.9999904581687644,0.3125,0.6875,0.1796875,0.5007375000000001,5,11,['boundary_margin_error'],boundary_margin_error,Medium_Dice (25-75%)
20160328_151057_641_721,0.7943599755420369,0.6588699441188249,0.7579834644869777,0.8344039956559529,4676,1493,928,223303,5604,6169,0.24201653428432485,0.1655960028551035,2,1,2802.0,1913,0.3413633119200571,0.17068165596002854,0.5,0.9999892767246288,0.25,0.75,0.1796875,0.5007,4,12,['boundary_margin_error'],boundary_margin_error,Medium_Dice (25-75%)
20160328_151244_1281_1081,0.8516701608378956,0.7416598714001277,0.7623906702760967,0.9646331899457586,20920,6520,767,202193,21687,27440,0.23760932944606414,0.035366809609443446,1,3,21687.0,1886,0.08696454096924425,0.043482270484622124,3.0,0.9999917643615921,0.3125,0.6875,0.1953125,0.4995,5,11,['high_quality'],high_quality,Medium_Dice (25-75%)
20160328_151244_1281_361,0.8858214180877206,0.7950443784041996,0.8750407029977855,0.8968710884869123,21498,3070,2472,203360,23970,24568,0.12495929664604363,0.10312891113892365,1,3,23970.0,3379,0.14096787651230705,0.07048393825615352,3.0,0.9999943675960714,0.375,0.625,0.1640625,0.49965,6,10,['high_quality'],high_quality,High_Dice (>75%)
20160328_151244_1281_721,0.8404441973343311,0.7247984059087613,0.8295862823885918,0.8515901058189951,38560,7921,6720,177199,45280,46481,0.17041371743292957,0.14840989399293286,6,3,7546.666666666667,6598,0.1457155477031802,0.0728577738515901,0.5,0.999988632410749,0.3125,0.6875,0.1953125,0.4987499999999999,5,11,"['complex_topology', 'boundary_margin_error']",complex_topology,Medium_Dice (25-75%)
20160328_151244_1921_1081,0.7085506160843055,0.5486476085775572,0.7415107402260729,0.6783959412293613,4280,1492,2029,222599,6309,5772,0.25848925848925847,0.3216040576953558,3,2,2103.0,1675,0.26549373910286894,0.13274686955143447,0.6666666666666666,0.9999878382091909,0.25,0.75,0.1875,0.5007625,4,12,['boundary_margin_error'],boundary_margin_error,Low_Dice (<25%)
20160328_151244_1921_361,0.871574156381456,0.7723805346273913,0.9255095605079815,0.8235789077463292,26427,2127,5661,196185,32088,28554,0.07449043916789241,0.17642109199700823,2,1,16044.0,3054,0.09517576664173523,0.047587883320867615,0.5,0.9999958299083851,0.25,0.75,0.21875,0.49911249999999996,4,12,['high_quality'],high_quality,Medium_Dice (25-75%)
20160328_151244_1921_721,0.8870919961723526,0.7970937338228846,0.8469580154095873,0.9312187591432937,40427,7305,2986,179682,43413,47732,0.15304198441297243,0.06878124064220395,4,2,10853.25,5681,0.1308594199894041,0.06542970999470205,0.5,0.9999970827480675,0.25,0.75,0.203125,0.49926249999999994,4,12,['high_quality'],high_quality,High_Dice (>75%)
20160328_151244_1_1,0.848543257311783,0.7369302083643671,0.9012243608908215,0.8016809662750198,22892,2509,5663,199336,28555,25401,0.09877563875437975,0.19831903344423044,1,1,28555.0,4036,0.1413412712309578,0.0706706356154789,1.0,0.9999913071729323,0.375,0.625,0.1875,0.4984875,6,10,['boundary_margin_error'],boundary_margin_error,Medium_Dice (25-75%)
20160328_151244_1_1081,0.8431317909980971,0.7288053941127103,0.8659321778996535,0.8215012884193006,6052,937,1315,222096,7367,6989,0.13406782086135355,0.1784987104655898,1,1,7367.0,1519,0.20618976516899687,0.10309488258449843,1.0,0.9999823871830323,0.375,0.625,0.171875,0.500925,6,10,['boundary_margin_error'],boundary_margin_error,Medium_Dice (25-75%)
20160328_151244_1_721,0.8851027947114294,0.7938873561731972,0.8676520635641308,0.9032698922336152,17845,2722,1911,207922,19756,20567,0.13234793601400302,0.09673010730917189,1,1,19756.0,2941,0.14886616724033205,0.07443308362016603,1.0,0.9999936511271775,0.4375,0.5625,0.1796875,0.49975,7,9,['high_quality'],high_quality,High_Dice (>75%)
20160328_151244_641_1,0.8956642706015153,0.8110434596636391,0.9079584445503885,0.8836985858609605,19315,1958,2542,206585,21857,21273,0.09204155502279886,0.1163014137347303,1,2,21857.0,3341,0.15285720821704718,0.07642860410852359,2.0,0.999994246607385,0.375,0.625,0.2109375,0.49982499999999996,6,10,['high_quality'],high_quality,High_Dice (>75%)
20160328_151244_641_361,0.8950649650716468,0.8100611681026887,0.8838895276847586,0.9065266134152445,15362,2018,1584,211436,16946,17380,0.11611047180667435,0.09347338604980526,1,1,16946.0,2183,0.12882096069868995,0.06441048034934498,1.0,0.9999945241506036,0.375,0.625,0.2109375,0.4996375,6,10,['high_quality'],high_quality,High_Dice (>75%)
20160328_151244_641_721,0.8895139513117392,0.8010131710906766,0.8755906672926036,0.9038871949497166,47436,6740,5044,171180,52480,54176,0.12440933254577673,0.09611280487804878,1,1,52480.0,5253,0.1000952743902439,0.05004763719512195,1.0,0.9999873731404689,0.1875,0.8125,0.21875,0.49913749999999996,3,13,['high_quality'],high_quality,High_Dice (>75%)
20160328_151752_1281_361,0.7592514842082253,0.6119301974129018,0.7968150054781803,0.7250701639698321,12659,3228,4800,209713,17459,15887,0.20318499402026816,0.2749298356148691,2,1,8729.5,2428,0.13906867518185462,0.06953433759092731,0.5,0.9999906967809766,0.5,0.5,0.1640625,0.500275,8,8,['boundary_margin_error'],boundary_margin_error,Medium_Dice (25-75%)
20160328_151752_1281_721,0.8079900891855141,0.6778383987037693,0.9008977884998312,0.7324536766810027,5218,574,1906,222702,7124,5792,0.09910220994475138,0.26754632229084785,1,1,7124.0,1432,0.20101066816395283,0.10050533408197641,1.0,0.9999902742595776,0.4375,0.5625,0.15625,0.5008374999999999,7,9,['boundary_margin_error'],boundary_margin_error,Medium_Dice (25-75%)
20160328_151752_1921_721,0.7776733953262439,0.6362238965859769,0.8936752852210884,0.6883264376213489,16970,2019,7684,203727,24654,18989,0.10632471430828375,0.31167356209945646,4,1,6163.5,4532,0.18382412590249048,0.09191206295124524,0.25,0.999982918319062,0.3125,0.6875,0.1640625,0.5002375000000001,5,11,['boundary_margin_error'],boundary_margin_error,Medium_Dice (25-75%)
20160328_151752_1_361,0.764404648503755,0.6186529008692844,0.6688130496518496,0.89187835356574,12464,6172,1511,210253,13975,18636,0.33118694998926806,0.1081216457960644,1,1,13975.0,2708,0.19377459749552772,0.09688729874776386,1.0,0.9999971083103514,0.4375,0.5625,0.1640625,0.49959999999999993,7,9,['boundary_margin_error'],boundary_margin_error,Medium_Dice (25-75%)
20160328_151752_1_721,0.4943613337298934,0.3283399561958424,0.32854083717179305,0.9981412546641147,1074,2195,2,227129,1076,3269,0.6714591618231875,0.0018587360594795538,5,2,215.2,573,0.5325278810408922,0.2662639405204461,0.4,0.9999832945810723,0.3125,0.6875,0.1640625,0.5009874999999999,5,11,"['false_crack_high_fp', 'thin_low_area_failure', 'over_segmentation', 'complex_topology']",false_crack_high_fp,Low_Dice (<25%)
20160328_151752_641_361,0.7929795994653338,0.6569728225919569,0.794806565808387,0.79116101252214,16559,4275,4371,205195,20930,20834,0.20519343381011806,0.20883898709985665,5,3,4186.0,3827,0.18284758719541327,0.09142379359770664,0.6,0.999997608922671,0.375,0.625,0.1796875,0.49998750000000003,6,10,"['complex_topology', 'boundary_margin_error']",complex_topology,Medium_Dice (25-75%)
20160328_152022_1281_721,0.9072576838161421,0.8302576649401877,0.8674426996127526,0.9509034552390848,28839,4407,1489,195665,30328,33246,0.132557300126331,0.049096544447375365,1,1,30328.0,3008,0.09918227380638354,0.04959113690319177,1.0,0.999990230349747,0.1875,0.8125,0.2109375,0.49912500000000004,3,13,['high_quality'],high_quality,High_Dice (>75%)
20160328_152022_1921_1,0.8133147829065209,0.6853669121273409,0.7437564784245062,0.8972260108035175,7892,2719,904,218885,8796,10611,0.25624352087456415,0.10277398817644384,1,2,8796.0,850,0.09663483401546158,0.04831741700773079,2.0,0.9999836680205034,0.4375,0.5625,0.1484375,0.4999,7,9,['boundary_margin_error'],boundary_margin_error,Medium_Dice (25-75%)
20160328_152022_1921_361,0.765838185285948,0.6205330420657913,0.692888312028585,0.8559564854276351,17625,7812,2966,201997,20591,25437,0.3071116876990211,0.14404351415667038,3,1,6863.666666666667,3230,0.15686464960419602,0.07843232480209801,0.3333333333333333,0.9999885129980688,0.125,0.875,0.25,0.4989625,2,14,['boundary_margin_error'],boundary_margin_error,Medium_Dice (25-75%)
20160328_152022_1921_721,0.8657424293753455,0.7632679311971149,0.8114207549910919,0.9278592366296586,9492,2206,738,217964,10230,11698,0.18857924431526757,0.07214076246334311,1,1,10230.0,1710,0.16715542521994134,0.08357771260997067,1.0,0.9999898111904948,0.375,0.625,0.140625,0.500425,6,10,['high_quality'],high_quality,Medium_Dice (25-75%)
20160328_152022_1_1081,0.7103243626776198,0.5507775305055717,0.6023427326660801,0.865478118856155,6942,4583,1079,217796,8021,11525,0.39765726681127983,0.13452188006482982,1,2,8021.0,2299,0.28662261563396085,0.14331130781698043,2.0,0.9999843188378745,0.375,0.625,0.1796875,0.50005,6,10,['boundary_margin_error'],boundary_margin_error,Medium_Dice (25-75%)
20160328_152022_1_361,0.6769098209694,0.5116127620759436,0.5306168380670491,0.9345757298391129,2357,2085,165,225793,2522,4442,0.46938316073840614,0.0654242664551943,2,3,1261.0,818,0.32434575733544807,0.16217287866772404,1.5,0.9999933546627774,0.3125,0.6875,0.203125,0.5004875,5,11,['moderate_general_error'],moderate_general_error,Low_Dice (<25%)
20160328_152022_1_721,0.746399653410965,0.5954047918396561,0.6888762114217043,0.8144051782918733,6038,2727,1376,220259,7414,8765,0.31112378779235594,0.1855948206096574,2,3,3707.0,1733,0.23374696520097113,0.11687348260048556,1.5,0.9999930888448718,0.375,0.625,0.15625,0.5008875,6,10,['boundary_margin_error'],boundary_margin_error,Medium_Dice (25-75%)
20160328_152022_641_361,0.8295444843572581,0.7087364477083298,0.8092145429868363,0.8509222502621281,14578,3437,2554,209831,17132,18015,0.19078545656397447,0.14907774924118608,1,2,17132.0,2760,0.16110203128648143,0.08055101564324071,2.0,0.9999910609580669,0.4375,0.5625,0.15625,0.49998750000000003,7,9,['boundary_margin_error'],boundary_margin_error,Medium_Dice (25-75%)
20160328_152022_641_721,0.793933787235743,0.6582837482994218,0.711643800838412,0.8977431210233656,14161,5738,1613,208888,15774,19899,0.28835619880396,0.10225687840750602,3,2,5258.0,2652,0.1681247622670217,0.08406238113351085,0.6666666666666666,0.999993684670436,0.25,0.75,0.171875,0.49931250000000005,4,12,['boundary_margin_error'],boundary_margin_error,Medium_Dice (25-75%)
20160328_152305_1281_361,0.8911363701509184,0.803648299180129,0.8586294119474362,0.9262015498132083,14935,2459,1190,211816,16125,17394,0.14137058755892837,0.0737984496124031,2,2,8062.5,1636,0.10145736434108527,0.05072868217054263,1.0,0.9999941666286171,0.375,0.625,0.171875,0.5004124999999999,6,10,['high_quality'],high_quality,High_Dice (>75%)
20160328_152305_1281_721,0.7704694733872719,0.6266371242606416,0.644731509298515,0.9571331872173173,12727,7013,570,210090,13297,19740,0.35526849037487335,0.04286681206287132,2,2,6648.5,1594,0.11987666390915244,0.05993833195457622,1.0,0.9999958599756178,0.3125,0.6875,0.1875,0.4996375,5,11,['boundary_margin_error'],boundary_margin_error,Medium_Dice (25-75%)
20160328_152305_1921_361,0.8095769259800858,0.6800749612877066,0.7304816676022712,0.9078806286151355,20322,7498,2062,200518,22384,27820,0.2695183321351546,0.0921193709792709,3,4,7461.333333333333,2186,0.0976590421729807,0.04882952108649035,1.3333333333333333,0.999996037714168,0.25,0.75,0.171875,0.4998875,4,12,['boundary_margin_error'],boundary_margin_error,Medium_Dice (25-75%)
20160328_152305_1921_721,0.9274999997101563,0.8648018642979011,0.9148070515874694,0.940550132500602,14840,1382,938,213240,15778,16222,0.08519294784860067,0.05944986690328305,1,1,15778.0,1312,0.08315375839776905,0.041576879198884524,1.0,0.9999975278348481,0.25,0.75,0.1796875,0.49924999999999997,4,12,['high_quality'],high_quality,High_Dice (>75%)
20160328_152305_1_361,0.7830302169757872,0.6434261786105564,0.7160421919911718,0.8638457327942496,11065,4388,1744,213203,12809,15453,0.2839578075454604,0.13615426653134516,1,1,12809.0,3367,0.26286205012100866,0.13143102506050433,1.0,0.9999889587368673,0.375,0.625,0.1640625,0.5004375000000001,6,10,['boundary_margin_error'],boundary_margin_error,Medium_Dice (25-75%)
20160328_152305_641_361,0.766046154128645,0.6208061644215731,0.6771628083039165,0.8817883296440276,10473,4993,1404,213530,11877,15466,0.3228371912582439,0.11821166961353877,2,2,5938.5,2578,0.2170581796750021,0.10852908983750105,1.0,0.999997603176199,0.25,0.75,0.171875,0.500375,4,12,['boundary_margin_error'],boundary_margin_error,Medium_Dice (25-75%)
20160328_152305_641_721,0.7838793958741521,0.644573731597622,0.7131557908565124,0.8701745375409782,16951,6818,2529,204102,19480,23769,0.2868442088434516,0.12982546201232034,2,2,9740.0,2953,0.15159137577002055,0.07579568788501027,1.0,0.9999965697682061,0.25,0.75,0.203125,0.4991375,4,12,['boundary_margin_error'],boundary_margin_error,Medium_Dice (25-75%)
20160328_152511_1281_361,0.6222037726017233,0.4515934651502454,0.48598602169753874,0.864521916348985,6745,7134,1057,215464,7802,13879,0.5140139779523021,0.1354780825429377,3,3,2600.6666666666665,2301,0.2949243783645219,0.14746218918226095,1.0,0.9999957899939211,0.1875,0.8125,0.1953125,0.5004875,3,13,['moderate_general_error'],moderate_general_error,Low_Dice (<25%)
20160328_152511_1281_721,0.8335752704008409,0.7146412873870552,0.7628946533871607,0.9186900039173913,4881,1517,432,223570,5313,6398,0.2371053454204439,0.08130999435347261,1,1,5313.0,1252,0.23564840956145303,0.11782420478072651,1.0,0.9999913176463251,0.1875,0.8125,0.1875,0.5002,3,13,['boundary_margin_error'],boundary_margin_error,Medium_Dice (25-75%)
20160328_152511_1921_361,0.7955295705383091,0.6604807814948614,0.6977117338511848,0.9252474780967274,10001,4333,808,215258,10809,14334,0.30228826566206224,0.07475252104727542,2,2,5404.5,1974,0.1826255897862892,0.0913127948931446,1.0,0.9999947786912471,0.4375,0.5625,0.15625,0.5005000000000001,7,9,['boundary_margin_error'],boundary_margin_error,Medium_Dice (25-75%)
20160328_152511_1921_721,0.5745678059357912,0.4030832250937007,0.7211186099881994,0.4775223493262805,3739,1446,4091,221124,7830,5185,0.2788813886210222,0.5224776500638569,1,1,7830.0,1447,0.18480204342273307,0.09240102171136653,1.0,0.9999907682430389,0.1875,0.8125,0.1953125,0.5001875,3,13,['moderate_general_error'],moderate_general_error,Low_Dice (<25%)
20160328_152511_1_361,0.6529527855423741,0.48472895273034544,0.5505279996476621,0.8022008758722364,8602,7023,2121,212654,10723,15625,0.449472,0.19779912337965122,1,2,10723.0,3459,0.3225776368553576,0.1612888184276788,2.0,0.9999915038986157,0.25,0.75,0.171875,0.499925,4,12,['moderate_general_error'],moderate_general_error,Low_Dice (<25%)
20160328_152511_641_361,0.77231397266892,0.6290810154025186,0.6441062674005127,0.9642443424478768,12486,6899,463,210552,12949,19385,0.35589373226721693,0.03575565680747548,1,1,12949.0,2798,0.21607846165727082,0.10803923082863541,1.0,0.999996243835942,0.3125,0.6875,0.1640625,0.49979999999999997,5,11,['boundary_margin_error'],boundary_margin_error,Medium_Dice (25-75%)
20160328_152511_641_721,0.7459667692126974,0.5948540683761364,0.6522105235696398,0.8712035946501485,1549,826,229,227796,1778,2375,0.34778947368421054,0.12879640044994375,1,2,1778.0,514,0.2890888638920135,0.14454443194600675,2.0,0.9999962487384977,0.125,0.875,0.21875,0.500475,2,14,['boundary_margin_error'],boundary_margin_error,Medium_Dice (25-75%)
20160328_152747_1281_361,0.7918383359655333,0.6554075994443601,0.7400616101363785,0.851404944011978,10090,3544,1761,215005,11851,13634,0.2599383893208156,0.14859505526959751,2,2,5925.5,3166,0.26715045143869715,0.13357522571934857,1.0,0.9999964173263304,0.25,0.75,0.171875,0.500125,4,12,['boundary_margin_error'],boundary_margin_error,Medium_Dice (25-75%)
20160328_152747_1281_721,0.7085689414776666,0.5486695838711028,0.580748661031199,0.9085331795396923,1629,1176,164,227431,1793,2805,0.4192513368983957,0.09146681539319576,1,1,1793.0,390,0.21751254880089235,0.10875627440044618,1.0,0.9999891805076565,0.1875,0.8125,0.1796875,0.5007,3,13,['moderate_general_error'],moderate_general_error,Medium_Dice (25-75%)
20160328_152747_1921_361,0.7896827747436457,0.6524593373248778,0.8324270261688687,0.7511138679425222,13318,2681,4413,209988,17731,15999,0.16757297331083193,0.24888613163386158,1,1,17731.0,3321,0.18729908070610796,0.09364954035305398,1.0,0.9999955232165597,0.125,0.875,0.2109375,0.5000249999999999,2,14,['boundary_margin_error'],boundary_margin_error,Medium_Dice (25-75%)
20160328_152747_1_361,0.7649866512559718,0.6194156946027671,0.6737442104212724,0.884813323772047,9456,4579,1231,215134,10687,14035,0.32625578909868186,0.11518667540001871,1,1,10687.0,2884,0.26986057827266774,0.13493028913633387,1.0,0.9999964231085396,0.25,0.75,0.1875,0.5,4,12,['boundary_margin_error'],boundary_margin_error,Medium_Dice (25-75%)
20160328_152747_641_361,0.7401255188621708,0.5874597270941959,0.6318707679096494,0.8931424258529447,11852,6905,1418,210225,13270,18757,0.3681292317534787,0.1068575734740015,1,1,13270.0,3624,0.27309721175584023,0.13654860587792012,1.0,0.9999937962833081,0.25,0.75,0.1875,0.5004,4,12,['boundary_margin_error'],boundary_margin_error,Medium_Dice (25-75%)
20160328_153548_1281_1081,0.8690634670702908,0.7684458338426544,0.9888888789001123,0.7751385528492593,979,11,284,229126,1263,990,0.011111111111111112,0.22486144101346,1,1,1263.0,218,0.1726049089469517,0.08630245447347586,1.0,0.9999905167204974,0.3125,0.6875,0.1796875,0.5006375000000001,5,11,['high_quality'],high_quality,Medium_Dice (25-75%)
20160328_153548_1281_361,0.874975153465199,0.7777385149849959,0.9469381888040468,0.813177338900028,6603,370,1517,221910,8120,6973,0.053061809837946367,0.18682266009852216,1,2,8120.0,1052,0.12955665024630542,0.06477832512315271,2.0,0.9999903153346748,0.375,0.625,0.1484375,0.500525,6,10,['high_quality'],high_quality,High_Dice (>75%)
20160328_153548_1281_721,0.817527430145795,0.691371158188129,0.8117410308751158,0.8233969167229546,23396,5426,5018,196560,28414,28822,0.18825896884324475,0.1766030829872598,3,3,9471.333333333334,4591,0.161575279791652,0.080787639895826,1.0,0.9999957954694249,0.25,0.75,0.203125,0.4983,4,12,['boundary_margin_error'],boundary_margin_error,Medium_Dice (25-75%)
20160328_153548_1921_361,0.9052481414125505,0.8268980174014827,0.9191187674042394,0.8917899401687944,12057,1061,1463,215819,13520,13118,0.08088123189510596,0.10821005917159764,1,1,13520.0,1494,0.11050295857988165,0.05525147928994083,1.0,0.999984999302638,0.375,0.625,0.15625,0.4998,6,10,['high_quality'],high_quality,High_Dice (>75%)
20160328_153548_1921_721,0.8982826216526912,0.8153476012153037,0.88556807616878,0.9113675831075312,16267,2102,1582,210449,17849,18369,0.1144319233491208,0.08863241638187014,2,1,8924.5,2779,0.15569499691859487,0.07784749845929743,0.5,0.9999926733445104,0.25,0.75,0.171875,0.49935,4,12,['high_quality'],high_quality,High_Dice (>75%)
20160328_153548_1_1,0.789666023553531,0.6524364670584432,0.837442135408848,0.7470469601713978,15558,3020,5268,206554,20826,18578,0.1625578641403811,0.2529530394698934,1,1,20826.0,3686,0.1769903005858062,0.0884951502929031,1.0,0.9999973495250196,0.25,0.75,0.171875,0.49985,4,12,['boundary_margin_error'],boundary_margin_error,Medium_Dice (25-75%)
20160328_153548_1_1081,0.7367664376463657,0.5832384917589077,0.705238192631617,0.77124559693524,24086,10067,7144,189103,31230,34153,0.29476180716188916,0.2287544028178034,1,1,31230.0,4278,0.13698366954851104,0.06849183477425552,1.0,0.9999947675499886,0.25,0.75,0.171875,0.49915,4,12,['boundary_margin_error'],boundary_margin_error,Medium_Dice (25-75%)
20160328_153548_641_1,0.7505995197408364,0.6007677534949716,0.6748806396505765,0.8454562978092682,4382,2111,801,223106,5183,6493,0.32511935931002617,0.15454370055952152,1,2,5183.0,1078,0.20798765193903146,0.10399382596951573,2.0,0.9999617878960714,0.375,0.625,0.1484375,0.5011375,6,10,['boundary_margin_error'],boundary_margin_error,Medium_Dice (25-75%)
20160328_153548_641_1081,0.7186064922885704,0.5608007906735868,0.6664382217219316,0.7796357801055802,13614,6814,3848,206124,17462,20428,0.33356177795183084,0.2203642194479441,1,1,17462.0,3550,0.2032985912266636,0.1016492956133318,1.0,0.9999976483423025,0.3125,0.6875,0.171875,0.4995875,5,11,['boundary_margin_error'],boundary_margin_error,Medium_Dice (25-75%)
20160328_153548_641_361,0.6435575821789756,0.47444519112929256,0.5800219230199755,0.7227249432768911,4233,3065,1624,221478,5857,7298,0.41997807618525623,0.27727505548915826,10,3,585.7,2268,0.38722895680382446,0.19361447840191223,0.3,0.9999942675888047,0.1875,0.8125,0.1953125,0.4996,3,13,['complex_topology'],complex_topology,Low_Dice (<25%)
20160328_153548_641_721,0.7945049015531885,0.6590693753768453,0.8065056355513651,0.7828560705371664,12521,3004,3473,211402,15994,15525,0.19349436392914654,0.217143928973365,2,1,7997.0,3223,0.2015130674002751,0.10075653370013755,0.5,0.9999928104605635,0.25,0.75,0.171875,0.49922500000000003,4,12,['boundary_margin_error'],boundary_margin_error,Medium_Dice (25-75%)
20160328_153604_1281_1,0.6400205624983804,0.47061047016574326,0.5085264980000751,0.8632345278848422,4980,4813,789,219818,5769,9793,0.49147350148064944,0.13676547061882474,1,1,5769.0,1772,0.3071589530247877,0.15357947651239384,1.0,0.9999913737482509,0.375,0.625,0.15625,0.49988749999999993,6,10,['moderate_general_error'],moderate_general_error,Low_Dice (<25%)
20160328_153604_1281_361,0.7787670458754741,0.6376891839065665,0.7442110927602525,0.8166883342295898,13820,4750,3102,208728,16922,18570,0.25578890683898764,0.18331166528779105,1,2,16922.0,3158,0.18662096678879564,0.09331048339439782,2.0,0.9999893398507655,0.375,0.625,0.140625,0.4997125,6,10,['boundary_margin_error'],boundary_margin_error,Medium_Dice (25-75%)
20160328_153604_1281_721,0.7415076942268252,0.589203200389269,0.6345430266813066,0.8918457856603158,10456,6022,1268,212654,11724,16478,0.36545697293360846,0.10815421357898328,1,2,11724.0,2934,0.2502558853633572,0.1251279426816786,2.0,0.9999899870719284,0.375,0.625,0.140625,0.5005,6,10,['boundary_margin_error'],boundary_margin_error,Medium_Dice (25-75%)
20160328_153604_1921_361,0.7390781258970306,0.586141093335237,0.6805844061206312,0.8085718979857092,9829,4613,2327,213631,12156,14442,0.3194155934081152,0.191428101349128,2,2,6078.0,3155,0.25954261270154655,0.12977130635077327,1.0,0.9999903883135398,0.3125,0.6875,0.1484375,0.5000125,5,11,['boundary_margin_error'],boundary_margin_error,Medium_Dice (25-75%)
20160328_153604_1921_721,0.7803358911577,0.6397957318744023,0.6665822139177969,0.9409029942414815,10524,5264,661,213951,11185,15788,0.3334177856599949,0.05909700491729995,1,1,11185.0,2448,0.218864550737595,0.1094322753687975,1.0,0.9999834482042557,0.1875,0.8125,0.21875,0.50005,3,13,['boundary_margin_error'],boundary_margin_error,Medium_Dice (25-75%)
20160328_153604_1_1,0.8266001788824652,0.7044488707141774,0.7661587341906848,0.897394687110984,10609,3238,1213,215340,11822,13847,0.23384126525601212,0.10260531212992725,1,1,11822.0,2152,0.18203349687024192,0.09101674843512096,1.0,0.9999953427957662,0.375,0.625,0.1640625,0.4994125,6,10,['boundary_margin_error'],boundary_margin_error,Medium_Dice (25-75%)
20160328_153604_1_361,0.7603624583280459,0.6133748235008367,0.68743830974045,0.8505943650459254,10447,4750,1835,213368,12282,15197,0.3125616898071988,0.14940563426152093,1,1,12282.0,2675,0.21779840416870216,0.10889920208435108,1.0,0.9999950191442479,0.375,0.625,0.140625,0.49985,6,10,['boundary_margin_error'],boundary_margin_error,Medium_Dice (25-75%)
20160328_153604_641_1,0.7611277956156135,0.6143715170313543,0.6607518089650931,0.8974630011654725,8490,4359,970,216581,9460,12849,0.3392481905206631,0.10253699788583509,1,2,9460.0,1886,0.19936575052854122,0.09968287526427061,2.0,0.999993455593583,0.25,0.75,0.1875,0.49965000000000004,4,12,['boundary_margin_error'],boundary_margin_error,Medium_Dice (25-75%)
20160328_153604_641_1081,0.8508130184187335,0.7403608220900882,0.8550348119842903,0.8466327103737034,16456,2790,2981,208173,19437,19246,0.14496518757144342,0.15336728919071874,1,1,19437.0,2413,0.1241446725317693,0.06207233626588465,1.0,0.9999961649988687,0.375,0.625,0.1796875,0.4990375,6,10,['high_quality'],high_quality,Medium_Dice (25-75%)
20160328_153604_641_361,0.7699855233580007,0.6259971227819201,0.6819088315850386,0.8841891387241786,14361,6699,1881,207459,16242,21060,0.3180911680911681,0.11581086073143701,3,1,5414.0,4470,0.27521241226449944,0.13760620613224972,0.3333333333333333,0.9999918481815941,0.3125,0.6875,0.1796875,0.4989625,5,11,['boundary_margin_error'],boundary_margin_error,Medium_Dice (25-75%)
20160328_153604_641_721,0.7789399381484408,0.6379210675085811,0.7380677322684577,0.8246043062124827,12139,4308,2582,211371,14721,16447,0.2619322672827871,0.17539569322736226,2,2,7360.5,3390,0.23028326879967392,0.11514163439983696,1.0,0.9999935802506769,0.375,0.625,0.171875,0.4991875,6,10,['boundary_margin_error'],boundary_margin_error,Medium_Dice (25-75%)
20160328_153620_1281_1081,0.8768179413407782,0.7806552237733065,0.9032490942120971,0.8518896804498137,2502,268,435,227195,2937,2770,0.09675090252707581,0.1481103166496425,1,1,2937.0,555,0.18896833503575078,0.09448416751787539,1.0,0.999992932697458,0.25,0.75,0.1875,0.5002875,4,12,['high_quality'],high_quality,High_Dice (>75%)
20160328_153620_1281_361,0.795519613008233,0.6604670541751799,0.8223170701010877,0.7704135735307499,34872,7535,10392,177601,45264,42407,0.17768292970500155,0.2295864262990456,2,1,22632.0,7174,0.1584924001413927,0.07924620007069635,0.5,0.9999794692765303,0.375,0.625,0.1796875,0.4982375,6,10,['boundary_margin_error'],boundary_margin_error,Medium_Dice (25-75%)
20160328_153620_1281_721,0.8483825710411356,0.7366878528472147,0.7654461400185478,0.9514753495911545,20863,6393,1064,202080,21927,27256,0.23455385970061637,0.04852464997491677,12,2,1827.25,5996,0.2734528207233092,0.1367264103616546,0.16666666666666666,0.9999884352998156,0.1875,0.8125,0.1953125,0.4988125,3,13,"['complex_topology', 'boundary_margin_error']",complex_topology,Medium_Dice (25-75%)
20160328_153620_1921_1081,0.9045351796736714,0.8257090167479946,0.9039700077823993,0.9051010578391713,9404,999,986,219011,10390,10403,0.09602999134864942,0.09489894128970164,1,1,10390.0,1998,0.1923002887391723,0.09615014436958615,1.0,0.9999632553615072,0.375,0.625,0.140625,0.500725,6,10,['high_quality'],high_quality,High_Dice (>75%)
20160328_153620_1921_361,0.9059912016992044,0.8281388624171778,0.8545271983773766,0.9640513073583038,28936,4926,1079,195459,30015,33862,0.14547280137026755,0.03594869232050641,2,1,15007.5,4710,0.15692153923038482,0.07846076961519241,0.5,0.9999866494778402,0.25,0.75,0.203125,0.49936250000000004,4,12,['high_quality'],high_quality,High_Dice (>75%)
20160328_153620_1_361,0.9306183095899235,0.8702396141017327,0.8878120748436913,0.977761493300487,30689,3878,698,195135,31387,34567,0.11218792489947059,0.02223850638799503,2,1,15693.5,3918,0.1248287507566827,0.06241437537834135,0.5,0.9999926356656064,0.3125,0.6875,0.15625,0.49881250000000005,5,11,['high_quality'],high_quality,High_Dice (>75%)
20160328_153620_1_721,0.9266463550295708,0.8633187760359261,0.8852238792757853,0.9721357138630787,5931,769,170,223530,6101,6700,0.11477611940298507,0.027864284543517456,1,2,6101.0,709,0.11621045730208163,0.05810522865104081,2.0,0.9999799841117076,0.3125,0.6875,0.171875,0.4998125,5,11,['high_quality'],high_quality,High_Dice (>75%)
20160328_153620_641_361,0.8652365925140463,0.762481929542442,0.7881609186342978,0.959020977679691,6857,1843,293,221407,7150,8700,0.21183908045977012,0.04097902097902098,4,2,1787.5,1854,0.2593006993006993,0.12965034965034966,0.5,0.9999903950135287,0.3125,0.6875,0.15625,0.5000125,5,11,['high_quality'],high_quality,Medium_Dice (25-75%)
20160328_153620_641_721,0.8765402270197571,0.7802150536236173,0.8396528445825163,0.9168175881487559,43536,8314,3950,174600,47486,51850,0.16034715525554485,0.08318241165817293,3,1,15828.666666666666,8363,0.17611506549298742,0.08805753274649371,0.3333333333333333,0.9999614281368181,0.375,0.625,0.171875,0.4977625,6,10,['high_quality'],high_quality,High_Dice (>75%)
20160328_153629_1281_361,0.9705947867172006,0.942869507744136,0.9540179538493344,0.9877578769125392,8714,420,108,221158,8822,9134,0.04598204510619663,0.012242121967807754,1,1,8822.0,698,0.07912038086601678,0.03956019043300839,1.0,0.9999964799820438,0.3125,0.6875,0.1640625,0.5008250000000001,5,11,['high_quality'],high_quality,High_Dice (>75%)
20160328_153629_1281_721,0.9075591889055341,0.8307628016901828,0.8945107980634364,0.9209938930633843,21869,2579,1876,204076,23745,24448,0.10548920157068063,0.07900610654874711,1,1,23745.0,3705,0.1560328490208465,0.07801642451042325,1.0,0.9999814908598039,0.1875,0.8125,0.25,0.4992249999999999,3,13,['high_quality'],high_quality,High_Dice (>75%)
20160328_153629_1921_361,0.9245597714782435,0.8597035399625089,0.9284310880508806,0.9207206053212634,28825,2222,2482,196871,31307,31047,0.0715689116500789,0.07927939438464242,1,1,31307.0,3988,0.1273836522183537,0.06369182610917686,1.0,0.9999899663594229,0.1875,0.8125,0.2109375,0.49938750000000004,3,13,['high_quality'],high_quality,High_Dice (>75%)
20160328_153629_1_361,0.9225305651348898,0.8562011462073472,0.8769715244116859,0.9730826174198748,32861,4610,909,192020,33770,37471,0.12302847535427397,0.026917382291975125,3,1,11256.666666666666,4891,0.14483269173822919,0.07241634586911459,0.3333333333333333,0.9999775301421125,0.25,0.75,0.21875,0.4987125,4,12,['high_quality'],high_quality,High_Dice (>75%)
20160328_153629_641_361,0.8599609189262302,0.7543258237395316,0.8154226214792459,0.909645668396018,9242,2092,918,218148,10160,11334,0.18457737780130581,0.09035433070866142,2,1,5080.0,1951,0.19202755905511812,0.09601377952755906,0.5,0.9999790769424199,0.3125,0.6875,0.1484375,0.5004875000000001,5,11,['high_quality'],high_quality,Medium_Dice (25-75%)
20160328_153629_641_721,0.9408127948959539,0.888240332173892,0.9111024336486065,0.9725261363021339,28000,2732,791,198877,28791,30732,0.08889756605492646,0.027473863360077802,6,1,4798.5,3676,0.12767878851029835,0.06383939425514917,0.16666666666666666,0.9999957883977211,0.125,0.875,0.234375,0.4984875,2,14,"['complex_topology', 'high_quality']",complex_topology,High_Dice (>75%)
20160328_153829_1281_361,0.8804149129390504,0.7863760629844126,0.8134754370971311,0.9593588829994877,31065,7123,1316,190896,32381,38188,0.1865245626898502,0.04064111670424014,7,1,4625.857142857143,7820,0.24149964485346345,0.12074982242673173,0.14285714285714285,0.9999951566674292,0.375,0.625,0.1796875,0.498575,6,10,"['complex_topology', 'high_quality']",complex_topology,High_Dice (>75%)
20160328_153829_1281_721,0.7991958363301847,0.6655505206508755,0.7348847308941177,0.8758424031211964,3379,1219,479,225323,3858,4598,0.265115267507612,0.1241575946086055,3,1,1286.0,1468,0.3805080352514256,0.1902540176257128,0.3333333333333333,0.9999917715090579,0.3125,0.6875,0.203125,0.5007875,5,11,['boundary_margin_error'],boundary_margin_error,Medium_Dice (25-75%)
20160328_153829_1921_1,0.8285796343970616,0.707329032964683,0.7372228334890616,0.9457810052222823,18752,6684,1075,203889,19827,25436,0.2627771662211039,0.05421899430070106,14,1,1416.2142857142858,6747,0.3402935391133303,0.17014676955666516,0.07142857142857142,0.9999874780545659,0.1875,0.8125,0.25,0.49885,3,13,"['complex_topology', 'boundary_margin_error']",complex_topology,Medium_Dice (25-75%)
20160328_153829_1921_361,0.8357031893467521,0.7177750395776374,0.7464247582787092,0.9492399539922911,3497,1188,187,225528,3684,4685,0.2535752401280683,0.050760043431053205,2,2,1842.0,976,0.26492942453854507,0.13246471226927253,1.0,0.9999895466493898,0.3125,0.6875,0.1796875,0.501,5,11,['boundary_margin_error'],boundary_margin_error,Medium_Dice (25-75%)
20160328_153829_1_1,0.8282360052329731,0.7068283450693033,0.7302207806271508,0.9566431932976528,16438,6073,745,207144,17183,22511,0.2697792190484652,0.04335680614560903,4,1,4295.75,5674,0.33021009136937673,0.16510504568468837,0.25,0.9999968150684566,0.3125,0.6875,0.171875,0.499275,5,11,['boundary_margin_error'],boundary_margin_error,Medium_Dice (25-75%)
20160328_153829_1_721,0.86164199134479,0.7569165278352843,0.8720882701647075,0.8514430099063134,6402,939,1117,221942,7519,7341,0.12791172864732325,0.14855698896129804,1,1,7519.0,1642,0.2183801037371991,0.10919005186859955,1.0,0.999986669681346,0.375,0.625,0.140625,0.5008625,6,10,['high_quality'],high_quality,Medium_Dice (25-75%)
20160328_153829_641_1,0.8641478145019105,0.7607924917826943,0.8481748425667432,0.880733944422541,14592,2612,1976,211220,16568,17204,0.15182515694024645,0.11926605504587157,5,2,3313.6,3613,0.21807098020280058,0.10903549010140029,0.4,0.9999945926123208,0.375,0.625,0.1640625,0.500275,6,10,"['complex_topology', 'high_quality']",complex_topology,Medium_Dice (25-75%)
20160328_153829_641_1081,0.6388123485132923,0.46930513057150697,0.48389844906807084,0.9396195187103069,5680,6058,365,218297,6045,11738,0.5161015505196797,0.060380479735318446,2,1,3022.5,1958,0.323904052936311,0.1619520264681555,0.5,0.9999910208886302,0.375,0.625,0.140625,0.499725,6,10,['moderate_general_error'],moderate_general_error,Low_Dice (<25%)
20160328_153829_641_361,0.8601048903158283,0.754547399149853,0.7684428454086926,0.976596037977294,7052,2125,169,221054,7221,9177,0.23155715375395008,0.023403960670267277,2,1,3610.5,2066,0.2861099570696579,0.14305497853482896,0.5,0.9999907631511317,0.375,0.625,0.15625,0.5007,6,10,['high_quality'],high_quality,Medium_Dice (25-75%)
20160328_153829_641_721,0.7968641101099929,0.6623226160952139,0.6734393384174342,0.9756825896941869,2287,1109,57,226947,2344,3396,0.32656065959952885,0.02431740614334471,2,3,1172.0,1120,0.4778156996587031,0.23890784982935154,1.5,0.9999919715623186,0.3125,0.6875,0.203125,0.5008375,5,11,['boundary_margin_error'],boundary_margin_error,Medium_Dice (25-75%)
20160329_103807_1081_1,0.2419767104743632,0.13764135658274199,0.25014679829626074,0.23432343105432657,426,1277,1392,227305,1818,1703,0.7498532002348797,0.7656765676567657,1,3,1818.0,702,0.38613861386138615,0.19306930693069307,3.0,0.9999933611059524,0.3125,0.6875,0.1796875,0.5004500000000001,5,11,"['missed_crack_high_fn', 'false_crack_high_fp', 'thin_low_area_failure']",missed_crack_high_fn,Low_Dice (<25%)
20160329_103807_361_1,0.7635184701319264,0.6174928227301463,0.8459803865719333,0.6957046745317816,16132,2937,7056,204275,23188,19069,0.154019612984425,0.30429532516819047,2,1,11594.0,1985,0.08560462308090391,0.04280231154045196,0.5,0.9999925531940859,0.3125,0.6875,0.171875,0.49946250000000003,5,11,['boundary_margin_error'],boundary_margin_error,Medium_Dice (25-75%)
20160329_103807_361_1281,0.7285435387358543,0.5729992028287778,0.7184680048445171,0.7389056829688918,24443,9578,8637,187742,33080,34021,0.2815319949442991,0.2610943168077388,4,2,8270.0,5043,0.1524486094316808,0.0762243047158404,0.5,0.9999838318545524,0.3125,0.6875,0.171875,0.4993,5,11,['boundary_margin_error'],boundary_margin_error,Medium_Dice (25-75%)
20160329_103807_361_1921,0.6791692497280483,0.5141985448084178,0.8064371009298065,0.5865956685546776,19719,4733,13897,192051,33616,24452,0.19356289874038934,0.41340433127082343,6,4,5602.666666666667,5092,0.15147548786292242,0.07573774393146121,0.6666666666666666,0.9999881771790897,0.25,0.75,0.1796875,0.49924999999999997,4,12,['complex_topology'],complex_topology,Low_Dice (<25%)
20160329_103807_361_641,0.8210250269858018,0.6963888511447769,0.8977881951729825,0.7563547748505619,36004,4099,11598,178699,47602,40103,0.1022118046031469,0.2436452249905466,3,1,15867.333333333334,4507,0.09468089576068232,0.04734044788034116,0.3333333333333333,0.9999898498352136,0.4375,0.5625,0.1796875,0.4989625,7,9,['boundary_margin_error'],boundary_margin_error,Medium_Dice (25-75%)
20160329_103807_721_1,0.6883037352876169,0.524743230429601,0.715668296293975,0.6629547488968269,14050,5582,7143,203625,21193,19632,0.2843317033414833,0.3370452507903553,1,3,21193.0,3008,0.14193365733968763,0.07096682866984381,3.0,0.9999934978613181,0.25,0.75,0.171875,0.4997875,4,12,['boundary_margin_error'],boundary_margin_error,Low_Dice (<25%)
20160329_103807_721_1281,0.6585365839317584,0.4909090893152302,0.6038338634032193,0.7241379275663892,1512,992,576,227320,2088,2504,0.3961661341853035,0.27586206896551724,2,1,1044.0,664,0.31800766283524906,0.15900383141762453,0.5,0.9999936697953247,0.25,0.75,0.1796875,0.5002875,4,12,['boundary_margin_error'],boundary_margin_error,Low_Dice (<25%)
20160330_165956_1281_721,0.6682307770778336,0.5017616908217796,0.5387790193131737,0.8795620425609741,6266,5364,858,217912,7124,11630,0.4612209802235598,0.12043795620437957,5,1,1424.8,3495,0.49059517125210556,0.24529758562605278,0.2,0.9999957831765025,0.25,0.75,0.1796875,0.5,4,12,['complex_topology'],complex_topology,Low_Dice (<25%)
20160330_165956_1921_721,0.7663248080187428,0.6211722607374806,0.6519770260084194,0.9293136005520882,5903,3151,449,220897,6352,9054,0.34802297327148224,0.07068639798488666,2,1,3176.0,3591,0.5653337531486146,0.2826668765743073,0.5,0.9999915623889787,0.25,0.75,0.203125,0.49995,4,12,['boundary_margin_error'],boundary_margin_error,Medium_Dice (25-75%)
20160330_165956_1_1081,0.8480801330839843,0.7362318833466359,0.8335156411797029,0.8631626632723577,7620,1522,1208,220050,8828,9142,0.16648435790855393,0.1368373357498867,1,1,8828.0,3489,0.3952197553239692,0.1976098776619846,1.0,0.999972448211448,0.25,0.75,0.234375,0.5005625,4,12,['boundary_margin_error'],boundary_margin_error,Medium_Dice (25-75%)
20160330_165956_1_721,0.6828641034902111,0.5184462023240713,0.5350514364884384,0.9435197289255289,5045,4384,302,220669,5347,9429,0.4649485629441086,0.056480269309893395,5,4,1069.4,4121,0.7707125490929493,0.38535627454647464,0.8,0.9999836562128277,0.3125,0.6875,0.203125,0.501025,5,11,['complex_topology'],complex_topology,Low_Dice (<25%)
20160330_165956_641_721,0.82066934360339,0.6958772242136967,0.7285605621519675,0.9394385179116851,7663,2855,494,219388,8157,10518,0.27143943715535274,0.06056148093661885,2,1,4078.5,4056,0.49724163295329166,0.24862081647664583,0.5,0.9999873373281765,0.3125,0.6875,0.234375,0.5009,5,11,['boundary_margin_error'],boundary_margin_error,Medium_Dice (25-75%)
20160330_170359_1281_721,0.7938112877469584,0.6581153344273942,0.9394793848425159,0.6872515971506636,27321,1760,12433,188886,39754,29081,0.06052061483442798,0.31274840267646026,1,1,39754.0,3228,0.08119937616340495,0.04059968808170247,1.0,0.9999856623991186,0.25,0.75,0.1875,0.49975,4,12,['boundary_margin_error'],boundary_margin_error,Medium_Dice (25-75%)
20160330_170359_1921_361,0.8712433462887283,0.771861094616047,0.8808367364605162,0.8618566717816835,15959,2159,2558,209724,18517,18118,0.11916326305331715,0.13814332775287574,1,1,18517.0,1564,0.08446292595992871,0.04223146297996436,1.0,0.999988339906465,0.25,0.75,0.1875,0.49968750000000006,4,12,['high_quality'],high_quality,Medium_Dice (25-75%)
20160330_170359_1921_721,0.8859778344885937,0.795296415024089,0.9480065957183013,0.8315677511884417,19546,1072,3959,205823,23505,20618,0.05199340382190319,0.16843224845777494,2,2,11752.5,1744,0.07419697936609232,0.03709848968304616,1.0,0.9999803223857228,0.1875,0.8125,0.1953125,0.49978750000000005,3,13,['high_quality'],high_quality,High_Dice (>75%)
20160330_170359_1_721,0.8523157424776893,0.7426395691073775,0.845094521637893,0.8596614354286343,30622,5613,4999,189166,35621,36235,0.15490547812888092,0.14033856433003003,1,1,35621.0,3446,0.09674068667359143,0.04837034333679571,1.0,0.9999903723759487,0.3125,0.6875,0.1875,0.49948750000000003,5,11,['high_quality'],high_quality,Medium_Dice (25-75%)
20160330_170359_641_721,0.8616548400824906,0.756936358516191,0.877324643403007,0.8465349676533904,26654,3727,4832,195187,31486,30381,0.12267535630821895,0.15346503207774884,1,1,31486.0,3540,0.11243092167947659,0.056215460839738295,1.0,0.9999852134313888,0.3125,0.6875,0.171875,0.49970000000000003,5,11,['high_quality'],high_quality,Medium_Dice (25-75%)
20160330_172309_1281_361,0.8544764506598168,0.7459265688182418,0.8169164872508726,0.895656709409604,6867,1539,800,221194,7667,8406,0.18308351177730192,0.10434328942219903,1,1,7667.0,2848,0.37146211034302856,0.18573105517151428,1.0,0.9999952525921741,0.3125,0.6875,0.171875,0.5000875,5,11,['high_quality'],high_quality,Medium_Dice (25-75%)
20160330_172309_1281_721,0.860905291838869,0.7557802574894321,0.7959481832421194,0.9374067980968123,24516,6285,1637,197962,26153,30801,0.2040518164994643,0.06259320154475587,4,2,6538.25,4491,0.1717202615378733,0.08586013076893664,0.5,0.9999941812085491,0.3125,0.6875,0.1796875,0.49915,5,11,['high_quality'],high_quality,Medium_Dice (25-75%)
20160330_172309_1921_361,0.8930257897769022,0.806726824825416,0.8197732572970028,0.9806541676767357,14751,3243,291,212115,15042,17994,0.1802267422474158,0.019345831671320302,1,1,15042.0,1696,0.1127509639675575,0.05637548198377875,1.0,0.9999954320941762,0.375,0.625,0.1796875,0.49955,6,10,['high_quality'],high_quality,High_Dice (>75%)
20160330_172309_1921_721,0.7525469167219511,0.6032667094336032,0.6409895335334007,0.911117121497908,16842,9433,1643,202482,18485,26275,0.3590104662226451,0.08888287800919664,1,2,18485.0,2827,0.15293481200973763,0.07646740600486882,2.0,0.9999891871002264,0.25,0.75,0.1953125,0.499325,4,12,['boundary_margin_error'],boundary_margin_error,Medium_Dice (25-75%)
20160330_172309_1_721,0.8885963024267528,0.7995261347132507,0.9264862436675709,0.8536837209697539,16535,1312,2834,209719,19369,17847,0.07351375581330195,0.1463162785894987,1,1,19369.0,3466,0.17894573803500438,0.08947286901750219,1.0,0.999993842578617,0.3125,0.6875,0.1953125,0.4996,5,11,['high_quality'],high_quality,High_Dice (>75%)
20160330_172309_641_361,0.7533453150522362,0.6042934937382457,0.6048749178804524,0.9984118528405937,1886,1232,3,227279,1889,3118,0.3951250801796023,0.0015881418740074113,1,2,1889.0,624,0.33033350979354154,0.16516675489677077,2.0,0.9999919853193611,0.3125,0.6875,0.1640625,0.5007625,5,11,['boundary_margin_error'],boundary_margin_error,Medium_Dice (25-75%)
20160330_172309_641_721,0.858119713906964,0.751497091558552,0.8683905569418964,0.848088986338974,26228,3975,4698,195499,30926,30203,0.1316094427705857,0.15191101338679427,3,1,10308.666666666666,6929,0.2240509603569812,0.1120254801784906,0.3333333333333333,0.9999915084525429,0.125,0.875,0.234375,0.498075,2,14,['high_quality'],high_quality,Medium_Dice (25-75%)
20160402_150314_1281_1081,0.840544870111088,0.7249481661197368,0.759044859771907,0.9416517013390856,2098,666,130,227506,2228,2764,0.24095513748191028,0.05834829443447038,1,1,2228.0,838,0.3761220825852783,0.18806104129263915,1.0,0.9999690510473953,0.25,0.75,0.1796875,0.501025,4,12,['boundary_margin_error'],boundary_margin_error,Medium_Dice (25-75%)
20160402_150314_1281_361,0.8508313913962315,0.7403886470845958,0.7613571006881008,0.9641361715562786,5296,1660,197,223247,5493,6956,0.2386428982173663,0.03586382668851265,1,1,5493.0,1826,0.3324230839249954,0.1662115419624977,1.0,0.99998692983969,0.375,0.625,0.1875,0.50085,6,10,['high_quality'],high_quality,Medium_Dice (25-75%)
20160402_150314_1281_721,0.8409877128947522,0.7256072452822786,0.8229571978031461,0.8598260014148906,10575,2275,1724,215826,12299,12850,0.17704280155642024,0.14017399788600698,3,2,4099.666666666667,3719,0.30238230750467515,0.15119115375233758,0.6666666666666666,0.9999980530592095,0.25,0.75,0.1796875,0.500275,4,12,['boundary_margin_error'],boundary_margin_error,Medium_Dice (25-75%)
20160402_150314_1921_1,0.8469289823191319,0.7344985428759896,0.8093360227353852,0.8881843791383007,8825,2079,1111,218385,9936,10904,0.1906639765223771,0.11181561996779388,2,1,4968.0,2878,0.2896537842190016,0.1448268921095008,0.5,0.9999868367560878,0.25,0.75,0.1875,0.5004500000000001,4,12,['boundary_margin_error'],boundary_margin_error,Medium_Dice (25-75%)
20160402_150314_1921_361,0.8568339755106812,0.749527152797819,0.7570960678026853,0.986837420893499,2774,890,37,226699,2811,3664,0.24290393013100436,0.013162575595873355,1,1,2811.0,1008,0.35859124866595515,0.17929562433297758,1.0,0.9999918681373523,0.25,0.75,0.1796875,0.5013375,4,12,['high_quality'],high_quality,Medium_Dice (25-75%)
20160402_150314_1_361,0.8970209883383512,0.813271131049883,0.9076522570022428,0.8866358827254782,26498,2696,3388,197818,29886,29194,0.09234774268685346,0.11336411697784916,1,1,29886.0,5157,0.172555711704477,0.0862778558522385,1.0,0.9999875662334309,0.3125,0.6875,0.1953125,0.49906249999999996,5,11,['high_quality'],high_quality,High_Dice (>75%)
20160402_150314_1_721,0.8006249995830078,0.667535173990329,0.7699088442653422,0.8338938908170838,7686,2297,1531,218886,9217,9983,0.23009115496343785,0.16610610827818162,2,1,4608.5,3065,0.3325377020722578,0.1662688510361289,0.5,0.999995006802923,0.25,0.75,0.1796875,0.5003000000000001,4,12,['boundary_margin_error'],boundary_margin_error,Medium_Dice (25-75%)
20160402_150314_641_361,0.8694265478921819,0.769013765776333,0.9256995369115736,0.8196031258934419,6815,547,1500,221538,8315,7362,0.07430046183102418,0.1803968731208659,1,1,8315.0,1802,0.21671677690920024,0.10835838845460012,1.0,0.9999920222678239,0.3125,0.6875,0.15625,0.501,5,11,['high_quality'],high_quality,Medium_Dice (25-75%)
20160402_150314_641_721,0.8447942666791218,0.7312933465544581,0.8664574468900123,0.8241879096491661,20983,3234,4476,201707,25459,24217,0.13354255275219887,0.1758120900271024,1,2,25459.0,7162,0.28131505557955927,0.14065752778977963,2.0,0.9999967630558719,0.25,0.75,0.171875,0.4992249999999999,4,12,['boundary_margin_error'],boundary_margin_error,Medium_Dice (25-75%)
20160402_151049_1281_721,0.9451413278495371,0.8959885838761195,0.93145792672414,0.959232749325478,33906,2495,1441,192558,35347,36401,0.06854207301997198,0.04076725040314595,2,1,17673.5,3596,0.10173423487141765,0.05086711743570883,0.5,0.9999877878095546,0.1875,0.8125,0.2109375,0.49907500000000005,3,13,['high_quality'],high_quality,High_Dice (>75%)
20160402_151049_1921_1081,0.9318489458460595,0.872394351175506,0.9332152930154289,0.9304865933297547,16866,1207,1260,211067,18126,18073,0.06678470646821225,0.06951340615690169,1,1,18126.0,1926,0.10625620655412116,0.05312810327706058,1.0,0.999996402556371,0.25,0.75,0.234375,0.49927499999999997,4,12,['high_quality'],high_quality,High_Dice (>75%)
20160402_151049_1921_721,0.9412999336250542,0.8891091665348838,0.9449864866726277,0.937642032116334,20630,1201,1372,207197,22002,21831,0.05501351289450781,0.06235796745750386,1,1,22002.0,2377,0.10803563312426143,0.05401781656213071,1.0,0.9999943438759612,0.25,0.75,0.2109375,0.49924999999999997,4,12,['high_quality'],high_quality,High_Dice (>75%)
20160402_151049_1_361,0.8967139740452327,0.8127665473413659,0.8472242298513719,0.9523441939740213,23441,4227,1173,201559,24614,27668,0.15277576984241723,0.0476558056390672,2,1,12307.0,4093,0.16628747867067523,0.08314373933533761,0.5,0.9999962352359176,0.375,0.625,0.171875,0.49970000000000003,6,10,['high_quality'],high_quality,High_Dice (>75%)
20160402_151049_1_721,0.8515427606738782,0.7414666663371259,0.7705061884488702,0.9516285431797225,16683,4969,848,207900,17531,21652,0.22949381119527065,0.048371456277451375,1,1,17531.0,4794,0.2734584450402145,0.13672922252010725,1.0,0.9999865416977665,0.25,0.75,0.1875,0.499825,4,12,['high_quality'],high_quality,Medium_Dice (25-75%)
20160402_151049_641_361,0.8003879712892571,0.6672056899508224,0.6702404136769317,0.9932595041248939,2063,1015,14,227308,2077,3078,0.32975958414554907,0.006740491092922484,1,1,2077.0,517,0.24891670678863745,0.12445835339431872,1.0,0.9999927164045276,0.25,0.75,0.234375,0.5008874999999999,4,12,['boundary_margin_error'],boundary_margin_error,Medium_Dice (25-75%)
20160402_151049_641_721,0.940937057332476,0.888461884014639,0.9223536546225347,0.9602846869023792,39533,3328,1635,185904,41168,42861,0.07764634516226873,0.03971531286436067,1,1,41168.0,4241,0.10301690633501749,0.051508453167508746,1.0,0.9999930010522612,0.375,0.625,0.171875,0.4983125,6,10,['high_quality'],high_quality,High_Dice (>75%)
20160402_151054_1281_1081,0.9243457287270831,0.8593334804808828,0.9233285742782962,0.9253651261249687,15523,1289,1252,212336,16775,16812,0.07667142517249584,0.07463487332339791,1,1,16775.0,2057,0.12262295081967213,0.061311475409836065,1.0,0.9999939274189382,0.3125,0.6875,0.1953125,0.49925,5,11,['high_quality'],high_quality,High_Dice (>75%)
20160402_151054_1281_361,0.9218774853445685,0.8550767401784582,0.8596439156385105,0.9938250411769726,5794,946,36,223624,5830,6740,0.1403560830860534,0.0061749571183533445,1,1,5830.0,732,0.12555746140651802,0.06277873070325901,1.0,0.9999925512934258,0.5,0.5,0.140625,0.50165,8,8,['high_quality'],high_quality,High_Dice (>75%)
20160402_151054_1281_721,0.9507454367016458,0.906115131596814,0.9357087349874962,0.9662733063567917,40941,2813,1429,185217,42370,43754,0.06429126479864698,0.03372669341515223,1,1,42370.0,4055,0.09570450790653764,0.04785225395326882,1.0,0.999995267817618,0.375,0.625,0.1875,0.49795,6,10,['high_quality'],high_quality,High_Dice (>75%)
20160402_151054_1921_361,0.8691410663600668,0.7685671842044292,0.8052795398028975,0.9440039288863912,13453,3253,798,212896,14251,16706,0.19472045971507243,0.05599607045119641,3,1,4750.333333333333,3394,0.23815872570345942,0.11907936285172971,0.3333333333333333,0.9999925243699401,0.25,0.75,0.1640625,0.5000875,4,12,['high_quality'],high_quality,Medium_Dice (25-75%)
20160402_151054_1_361,0.8811689088681249,0.7875799268115465,0.937814411805266,0.8309765829634852,55181,3659,11224,160336,66405,58840,0.062185588035350105,0.16902341691137715,1,1,66405.0,5533,0.08332203900308711,0.04166101950154356,1.0,0.9999907646623694,0.375,0.625,0.203125,0.49773750000000005,6,10,['high_quality'],high_quality,High_Dice (>75%)
20160402_151054_1_721,0.05310924351896052,0.027279005430666414,0.9080458726384054,0.02735457054240107,79,8,2809,227504,2888,87,0.09195402298850575,0.9726454293628809,1,2,2888.0,396,0.1371191135734072,0.0685595567867036,2.0,0.9999911645464119,0.375,0.625,0.1953125,0.50095,6,10,"['missed_crack_high_fn', 'thin_low_area_failure']",missed_crack_high_fn,Low_Dice (<25%)
20160402_151054_641_361,0.9101688007828354,0.8351465818161726,0.9412205157794642,0.8811004986584592,10056,628,1357,218359,11413,10684,0.058779483339573196,0.11889950056952597,1,2,11413.0,1572,0.13773766757206693,0.06886883378603346,2.0,0.9999889737213978,0.5,0.5,0.171875,0.5011375,8,8,['high_quality'],high_quality,High_Dice (>75%)
20160402_151054_641_721,0.9449747698846687,0.8956892621244402,0.9261003592541102,0.9646345266179216,21630,1726,793,206251,22423,23356,0.07389964034937489,0.035365472951879764,1,1,22423.0,2562,0.11425768184453464,0.05712884092226732,1.0,0.999991149314857,0.25,0.75,0.203125,0.4991375,4,12,['high_quality'],high_quality,High_Dice (>75%)
20160405_171348_1281_361,0.6829648876905985,0.5185623992157883,0.5185623992157883,0.9999999923838538,1313,1219,0,227868,1313,2532,0.4814375987361769,0.0,1,5,1313.0,228,0.17364813404417365,0.08682406702208682,5.0,0.9999950487679639,0.25,0.75,0.171875,0.5006,4,12,['fragmented_prediction'],fragmented_prediction,Low_Dice (<25%)
20160405_171348_1281_721,0.8858714377562409,0.7951249683179938,0.8440661476546532,0.9320336204162212,34708,6412,2531,186749,37239,41120,0.15593385214007782,0.06796637933349446,2,1,18619.5,4149,0.11141545154273745,0.055707725771368725,0.5,0.9999888082558284,0.25,0.75,0.1875,0.49911250000000007,4,12,['high_quality'],high_quality,High_Dice (>75%)
20160405_171348_1921_721,0.8349472939886332,0.7166605336226627,0.863652963046835,0.8080884504519944,33109,5227,7863,184201,40972,38336,0.1363470367278798,0.19191154935077614,4,2,10243.0,5734,0.13994923362296202,0.06997461681148101,0.5,0.9999884904406038,0.25,0.75,0.171875,0.4991625,4,12,['boundary_margin_error'],boundary_margin_error,Medium_Dice (25-75%)
20160405_171348_1_721,0.7623857061995725,0.6160123634791435,0.7741958404533147,0.7509304781622638,32685,9533,10841,177341,43526,42218,0.22580415936330475,0.2490695216652116,5,3,8705.2,8064,0.18526857510453523,0.09263428755226762,0.6,0.9999856408149355,0.3125,0.6875,0.1796875,0.499525,5,11,"['complex_topology', 'boundary_margin_error']",complex_topology,Medium_Dice (25-75%)
20160405_171348_641_721,0.8172510341959893,0.690975902600293,0.8124186443591495,0.8221412553749603,29334,6773,6346,187947,35680,36107,0.18758135541584733,0.17785874439461882,3,2,11893.333333333334,4812,0.13486547085201794,0.06743273542600897,0.6666666666666666,0.9999766151874192,0.25,0.75,0.171875,0.49955000000000005,4,12,['boundary_margin_error'],boundary_margin_error,Medium_Dice (25-75%)
20160407_163130_1281_721,0.8984739190101393,0.8156628649253106,0.9631266104028581,0.8419552118260196,18310,701,3437,207952,21747,19011,0.03687338909052654,0.15804478778682118,2,1,10873.5,4406,0.2026026578378627,0.10130132891893134,0.5,0.9999537533752298,0.375,0.625,0.2109375,0.500075,6,10,['high_quality'],high_quality,High_Dice (>75%)
20160407_163130_1921_721,0.8987838028619877,0.8161737951165876,0.9702211781970709,0.8371448366985741,15704,482,3055,211159,18759,16186,0.029778821203509206,0.16285516285516285,1,1,18759.0,3963,0.2112585958739805,0.10562929793699025,1.0,0.999991617277461,0.5,0.5,0.1875,0.5000375,8,8,['high_quality'],high_quality,High_Dice (>75%)
20160407_163130_1_361,0.735924698037433,0.5821842234357854,0.6590696201714966,0.8330702413848845,2111,1092,423,226774,2534,3203,0.34093037777083984,0.1669297553275454,2,2,1267.0,693,0.27348066298342544,0.13674033149171272,1.0,0.9999838354721262,0.5,0.5,0.203125,0.50125,8,8,['boundary_margin_error'],boundary_margin_error,Medium_Dice (25-75%)
20160407_163130_1_721,0.8569389512453718,0.7496878247920459,0.9215272442302844,0.8008114262208573,14409,1227,3584,211180,17993,15636,0.07847275518035303,0.19918857333407436,4,2,4498.25,3803,0.21135997332295892,0.10567998666147946,0.5,0.9999917949237653,0.3125,0.6875,0.1875,0.4993875,5,11,['high_quality'],high_quality,Medium_Dice (25-75%)
20160407_163130_641_721,0.8822911978601761,0.7893748319518045,0.9524631732841616,0.821749452622434,17652,881,3829,208038,21481,18533,0.047536826201910104,0.17825054699501885,1,1,21481.0,3919,0.1824402960756017,0.09122014803780085,1.0,0.9999822206083583,0.375,0.625,0.1875,0.500525,6,10,['high_quality'],high_quality,High_Dice (>75%)
20160407_163257_1281_1,0.8885170129538142,0.7993977625470334,0.815237259036896,0.9762717791994818,11150,2527,271,216452,11421,13677,0.18476274036703955,0.023728219945714037,2,1,5710.5,2159,0.18903773750109448,0.09451886875054724,0.5,0.9999907522385104,0.4375,0.5625,0.1953125,0.50005,7,9,['high_quality'],high_quality,High_Dice (>75%)
20160407_163257_1281_361,0.8938230611835709,0.8080290140019829,0.84712206578791,0.9459736449883063,12922,2332,738,214408,13660,15254,0.15287793365674576,0.05402635431918009,1,1,13660.0,3222,0.23587115666178624,0.11793557833089312,1.0,0.9999964846656857,0.3125,0.6875,0.1640625,0.5005124999999999,5,11,['high_quality'],high_quality,High_Dice (>75%)
20160407_163257_1281_721,0.8682646992636313,0.7671976819126265,0.8345805424253899,0.9047822361161654,6357,1260,669,222114,7026,7617,0.16541945647892872,0.09521776259607173,1,1,7026.0,1974,0.28095644748078563,0.14047822374039282,1.0,0.9999857359102253,0.375,0.625,0.1875,0.500275,6,10,['high_quality'],high_quality,Medium_Dice (25-75%)
20160407_163257_1921_1081,0.799471009396902,0.6659322812315257,0.6916777060198992,0.9470646422376903,5743,2560,321,221776,6064,8303,0.3083222931470553,0.0529353562005277,3,1,2021.3333333333333,2190,0.3611477572559367,0.18057387862796834,0.3333333333333333,0.9999765153932118,0.4375,0.5625,0.171875,0.500525,7,9,['boundary_margin_error'],boundary_margin_error,Medium_Dice (25-75%)
20160407_163257_1921_721,0.8688429865167969,0.7681011355279005,0.8271452133840138,0.9149680545862975,6015,1257,559,222569,6574,7272,0.17285478547854785,0.08503194402190448,1,1,6574.0,2038,0.31000912686340126,0.15500456343170063,1.0,0.9999876502051983,0.375,0.625,0.171875,0.5006875,6,10,['high_quality'],high_quality,Medium_Dice (25-75%)
20160407_163257_1_1,0.8795794312142355,0.7850439876942493,0.8205363978386695,0.9477783670138269,10708,2342,590,216760,11298,13050,0.17946360153256705,0.052221632147282704,1,1,11298.0,3246,0.2873074880509825,0.14365374402549125,1.0,0.999994796670843,0.375,0.625,0.171875,0.500175,6,10,['high_quality'],high_quality,High_Dice (>75%)
20160407_163257_641_361,0.8515008632409781,0.7414031373535459,0.7990187482048198,0.9113620456566783,9120,2294,887,218099,10007,11414,0.2009812510951463,0.08863795343259719,2,1,5003.5,3413,0.341061257120016,0.170530628560008,0.5,0.9999799654233028,0.3125,0.6875,0.1796875,0.4999625,5,11,['high_quality'],high_quality,Medium_Dice (25-75%)
20160407_165001_1281_1081,0.5533292227548327,0.3824845510521153,0.3902173908801985,0.9507415229058751,3590,5610,186,221014,3776,9200,0.6097826086956522,0.04925847457627119,2,4,1888.0,1841,0.4875529661016949,0.24377648305084745,2.0,0.999995534690197,0.1875,0.8125,0.203125,0.500475,3,13,['over_segmentation'],over_segmentation,Low_Dice (<25%)
20160407_165001_1281_361,0.777354828788866,0.635797569967769,0.7239677459168861,0.8392425456573388,10415,3971,1995,214019,12410,14386,0.2760322535798693,0.16075745366639807,2,2,6205.0,2498,0.20128928283642225,0.10064464141821113,1.0,0.9999971783871775,0.1875,0.8125,0.1953125,0.5001500000000001,3,13,['boundary_margin_error'],boundary_margin_error,Medium_Dice (25-75%)
20160407_165001_1281_721,0.7896898739066648,0.6524690299465993,0.8728717346813355,0.7209825600581614,3845,560,1488,224507,5333,4405,0.1271282633371169,0.27901743858991185,1,1,5333.0,1172,0.21976373523345208,0.10988186761672604,1.0,0.9999962812333372,0.1875,0.8125,0.1875,0.5002,3,13,['boundary_margin_error'],boundary_margin_error,Medium_Dice (25-75%)
20160407_165001_1921_361,0.6828037160917705,0.5183765885414099,0.6108374371698739,0.7739921956463142,2976,1896,869,224659,3845,4872,0.3891625615763547,0.22600780234070222,1,1,3845.0,1108,0.2881664499349805,0.14408322496749024,1.0,0.9999842199283036,0.3125,0.6875,0.171875,0.5013875,5,11,['boundary_margin_error'],boundary_margin_error,Low_Dice (<25%)
20160407_165001_1921_721,0.6498842006596092,0.48135441491545766,0.48584763588840135,0.9811492840055499,6454,6830,124,216992,6578,13284,0.5141523637458597,0.018850714502888416,2,2,3289.0,2875,0.4370629370629371,0.21853146853146854,1.0,0.9999930021339785,0.125,0.875,0.21875,0.49978749999999994,2,14,['over_segmentation'],over_segmentation,Low_Dice (<25%)
20160407_165001_1_1081,0.5621259272507175,0.3909423905084445,0.43827774957904714,0.7835372618831207,3522,4514,973,221391,4495,8036,0.56172224987556,0.2164627363737486,2,2,2247.5,2332,0.5187986651835372,0.2593993325917686,1.0,0.9999929591313247,0.3125,0.6875,0.1796875,0.50025,5,11,['moderate_general_error'],moderate_general_error,Low_Dice (<25%)
20160407_165001_1_721,0.8748576930627732,0.7775529261220667,0.9074668437549405,0.8445108200831206,14985,1528,2759,211128,17744,16513,0.09253315569551263,0.1554891794409378,1,1,17744.0,3895,0.2195108205590622,0.1097554102795311,1.0,0.9999937646564947,0.1875,0.8125,0.1953125,0.499375,3,13,['high_quality'],high_quality,High_Dice (>75%)
20160407_165001_641_1081,0.4564084746365538,0.295679567513232,0.3034174872176455,0.9205978471714252,1971,4525,170,223734,2141,6496,0.6965825123152709,0.07940214852872489,2,3,1070.5,1225,0.572162540868753,0.2860812704343765,1.5,0.9999959244429133,0.3125,0.6875,0.203125,0.500325,5,11,"['false_crack_high_fp', 'thin_low_area_failure', 'over_segmentation']",false_crack_high_fp,Low_Dice (<25%)
20160407_165001_641_361,0.8676797625192489,0.766284778632687,0.8361709722370694,0.9016561812160379,14046,2752,1532,212070,15578,16798,0.1638290272651506,0.09834381820516112,1,1,15578.0,3166,0.2032353318782899,0.10161766593914495,1.0,0.9999940260858493,0.3125,0.6875,0.1796875,0.4996625,5,11,['high_quality'],high_quality,Medium_Dice (25-75%)
20160407_165001_641_721,0.6555417169226856,0.4875879937473583,0.5049884861665829,0.9339957350319679,1316,1290,93,227701,1409,2606,0.4950115118956255,0.0660042583392477,2,3,704.5,474,0.33640880056777855,0.16820440028388928,1.5,0.9999899522532968,0.25,0.75,0.203125,0.5005875,4,12,['moderate_general_error'],moderate_general_error,Low_Dice (<25%)
IMG_2931_1297_485,0.8213202357051564,0.6968137237823193,0.7593482885701167,0.8943063828426977,2843,901,336,309552,3179,3744,0.2406517094017094,0.10569361434413338,8,3,397.375,1061,0.33375275243787356,0.16687637621893678,0.375,0.9999929905202334,0.375,0.625,0.2109375,0.500725,6,10,"['complex_topology', 'boundary_margin_error']",complex_topology,Medium_Dice (25-75%)
IMG_2931_1297_969,0.9165367961400274,0.8459325548618087,0.8836393982607351,0.9519784164100914,10586,1394,534,301118,11120,11980,0.11636060100166945,0.04802158273381295,1,1,11120.0,2558,0.23003597122302158,0.11501798561151079,1.0,0.9999932667686628,0.3125,0.6875,0.2421875,0.5007125,5,11,['high_quality'],high_quality,High_Dice (>75%)
IMG_2931_1945_485,0.8937616304767687,0.8079286120422343,0.838469711798285,0.9568607052029441,5523,1064,249,306796,5772,6587,0.16153028692879914,0.04313929313929314,2,1,2886.0,1530,0.26507276507276506,0.13253638253638253,0.5,0.9999859050428077,0.5,0.5,0.1484375,0.5014749999999999,8,8,['high_quality'],high_quality,High_Dice (>75%)
IMG_2931_1945_969,0.8847268066531518,0.793282589352081,0.8365396855184869,0.9388046883917577,6566,1283,428,305355,6994,7849,0.16346031341572176,0.061195310265942236,1,1,6994.0,1920,0.2745210180154418,0.1372605090077209,1.0,0.9999807679558448,0.375,0.625,0.21875,0.5014,6,10,['high_quality'],high_quality,High_Dice (>75%)
IMG_2931_1_485,0.9041914595653381,0.8251363501936961,0.886188469383317,0.922941081541745,17247,2215,1440,292730,18687,19462,0.11381153016134005,0.07705891796436025,1,1,18687.0,3905,0.20896880184085193,0.10448440092042596,1.0,0.9999890194852171,0.4375,0.5625,0.1796875,0.5003249999999999,7,9,['high_quality'],high_quality,High_Dice (>75%)
IMG_2931_649_485,0.9113887271530401,0.837203095251399,0.8793272593697777,0.9458766765069526,12548,1722,718,298644,13266,14270,0.12067274001401541,0.0541233227800392,2,2,6633.0,3277,0.2470224634403739,0.12351123172018695,1.0,0.9999946600695471,0.4375,0.5625,0.1640625,0.5009375,7,9,['high_quality'],high_quality,High_Dice (>75%)
IMG_2931_649_969,0.8107515062787946,0.6817343141986424,0.696512720563088,0.9698162666022555,1478,644,46,311464,1524,2122,0.30348727615457116,0.030183727034120734,1,3,1524.0,436,0.28608923884514437,0.14304461942257218,3.0,0.9999932706146009,0.375,0.625,0.21875,0.500525,6,10,['boundary_margin_error'],boundary_margin_error,Medium_Dice (25-75%)
IMG_2941_1297_485,0.8832218150556657,0.7908659275070722,0.8108483999298034,0.9697809805288042,10494,2448,327,300363,10821,12942,0.18915159944367177,0.030219018574993067,1,1,10821.0,2685,0.24812863875797062,0.12406431937898531,1.0,0.9999729788733366,0.375,0.625,0.203125,0.502,6,10,['high_quality'],high_quality,High_Dice (>75%)
IMG_2941_1297_969,0.7896933690883823,0.6524738020261656,0.6696161167034902,0.9622456945182988,4919,2427,193,306093,5112,7346,0.3303838823849714,0.03775430359937402,2,2,2556.0,2222,0.43466353677621283,0.21733176838810642,1.0,0.9999813740182691,0.25,0.75,0.1875,0.5020375,4,12,['boundary_margin_error'],boundary_margin_error,Medium_Dice (25-75%)
IMG_2941_1945_485,0.894497364596387,0.8091318247014498,0.8322977577775964,0.9667444980069734,13663,2753,470,296746,14133,16416,0.1677022417153996,0.033255501308993136,1,1,14133.0,3879,0.2744640203778391,0.13723201018891956,1.0,0.9999735727666665,0.25,0.75,0.21875,0.5009250000000001,4,12,['high_quality'],high_quality,High_Dice (>75%)
IMG_2941_1_485,0.7527169065092492,0.6034852155356589,0.674058709837175,0.8521581265587775,4225,2043,733,306631,4958,6268,0.3259412890874282,0.14784187172246874,3,3,1652.6666666666667,1490,0.30052440500201694,0.15026220250100847,1.0,0.999994736773108,0.3125,0.6875,0.25,0.50115,5,11,['boundary_margin_error'],boundary_margin_error,Medium_Dice (25-75%)
IMG_2941_1_969,0.8837645793074297,0.7917367276869751,0.8207852570591971,0.9572120029455837,9888,2159,442,301143,10330,12047,0.1792147422594837,0.042787996127783154,3,3,3443.3333333333335,2424,0.2346563407550823,0.11732817037754115,1.0,0.999981423428032,0.25,0.75,0.2421875,0.50095,4,12,['high_quality'],high_quality,High_Dice (>75%)
IMG_2941_649_969,0.899300025591904,0.8170255714555683,0.8446500620254278,0.9615110469933389,12141,2233,486,298772,12627,14374,0.15534993738694866,0.03848895224518888,1,1,12627.0,3828,0.30315989546210503,0.15157994773105252,1.0,0.9999906432464349,0.3125,0.6875,0.171875,0.5006125,5,11,['high_quality'],high_quality,High_Dice (>75%)
IMG_2942_1297_485,0.5649273732529597,0.3936576886241028,0.40593083640393224,0.9286739066844151,4531,6631,348,302122,4879,11162,0.5940691632323957,0.07132609141217462,3,1,1626.3333333333333,2380,0.4878048780487805,0.24390243902439024,0.3333333333333333,0.9999676419175062,0.375,0.625,0.171875,0.4999125,6,10,['over_segmentation'],over_segmentation,Low_Dice (<25%)
IMG_2942_1945_485,0.5097188616753826,0.3420286606112532,0.34500282287407924,0.9754150671283043,3055,5800,77,304700,3132,8855,0.6549971767363072,0.02458492975734355,3,1,1044.0,1994,0.6366538952745849,0.31832694763729247,0.3333333333333333,0.9999649491101954,0.4375,0.5625,0.171875,0.5000125,7,9,"['false_crack_high_fp', 'thin_low_area_failure', 'over_segmentation']",false_crack_high_fp,Low_Dice (<25%)
IMG_2942_1_485,0.6425194656267246,0.47331762729353927,0.501791724941045,0.8929468581778806,4621,4588,554,303869,5175,9209,0.49820827451406235,0.10705314009661836,5,3,1035.0,3132,0.6052173913043478,0.3026086956521739,0.6,0.9999669191619158,0.3125,0.6875,0.171875,0.4999,5,11,['complex_topology'],complex_topology,Low_Dice (<25%)
IMG_2942_649_485,0.3225760078181729,0.19230439609880504,0.19339825890425041,0.9714285672232529,2244,9359,66,301963,2310,11603,0.8066017409290701,0.02857142857142857,3,1,770.0,1534,0.664069264069264,0.332034632034632,0.3333333333333333,0.9999659778677125,0.3125,0.6875,0.1953125,0.4999125,5,11,"['false_crack_high_fp', 'thin_low_area_failure', 'over_segmentation']",false_crack_high_fp,Low_Dice (<25%)
