case_name,dice,iou,precision,recall,tp,fp,fn,tn,gt_area,pred_area,fp_area_ratio,fn_area_ratio,num_gt_cc,num_pred_cc,mean_component_size,perimeter,boundary_to_area_ratio,thinness_score,fragmentation_ratio,mean_routing_entropy,cnn_expert_fraction,vit_expert_fraction,expert_hhi_concentration,mean_gs,cnn_expert_selections,vit_expert_selections,error_taxonomy,primary_error_category,performance_tier
20160222_080850_1281_361,0.8757144339406332,0.7789074772257568,0.9370621589363605,0.8219057832722589,16854,1132,3652,208762,20506,17986,0.06293784054264429,0.1780942163269287,1,2,20506.0,3739,0.18233687701160636,0.09116843850580318,2.0,0.9999860370028986,0.5625,0.4375,0.1640625,0.49911250000000007,9,7,['high_quality'],high_quality,High_Dice (>75%)
20160222_080850_1281_721,0.7239675939064066,0.5673583135108135,0.5934564282686866,0.928064838257017,1832,1255,142,227171,1974,3087,0.4065435698088759,0.07193515704154002,2,1,987.0,936,0.47416413373860183,0.23708206686930092,0.5,0.9999883402820728,0.5625,0.4375,0.1875,0.500575,9,7,['moderate_general_error'],moderate_general_error,Medium_Dice (25-75%)
20160222_080850_1921_1,0.6655647346249877,0.4987613501340929,0.8140161615361704,0.5629077300754173,604,138,469,229189,1073,742,0.18598382749326145,0.43709226467847156,1,2,1073.0,330,0.30754892823858343,0.15377446411929171,2.0,0.9999829452068858,0.625,0.375,0.1640625,0.5002249999999999,10,6,['moderate_general_error'],moderate_general_error,Low_Dice (<25%)
20160222_080850_1921_361,0.8859627779814003,0.7952721511190304,0.9051199199048591,0.8675997612462182,14567,1527,2223,212083,16790,16094,0.09488007953274512,0.13240023823704586,1,1,16790.0,2880,0.17153067301965455,0.08576533650982728,1.0,0.9999794464171837,0.5,0.5,0.1640625,0.49881250000000005,8,8,['high_quality'],high_quality,High_Dice (>75%)
20160222_080850_1_361,0.852408334703434,0.7427801721469899,0.839108910550597,0.8661361252916707,20679,3965,3196,202560,23875,24644,0.1608910891089109,0.13386387434554975,1,2,23875.0,3950,0.16544502617801046,0.08272251308900523,2.0,0.9999826631877089,0.5625,0.4375,0.1640625,0.4989,9,7,['high_quality'],high_quality,Medium_Dice (25-75%)
20160222_080850_641_361,0.7732891333932775,0.6303760359866367,0.7135894640360919,0.8438898762377277,13763,5524,2546,208567,16309,19287,0.2864105355939234,0.15611012324483414,4,1,4077.25,4122,0.25274388374517137,0.12637194187258569,0.25,0.9999809859408848,0.5625,0.4375,0.1640625,0.49884999999999996,9,7,['boundary_margin_error'],boundary_margin_error,Medium_Dice (25-75%)
20160222_080850_641_721,0.7758413453767615,0.63377515851125,0.6648927027212143,0.9312334673449545,3873,1952,286,224289,4159,5825,0.3351072961373391,0.06876653041596538,1,3,4159.0,1886,0.45347439288290453,0.22673719644145227,3.0,0.9999870617963422,0.5625,0.4375,0.1640625,0.499675,9,7,['boundary_margin_error'],boundary_margin_error,Medium_Dice (25-75%)
20160222_115224_1281_1,0.5228822491930529,0.35398819688369676,0.37234681580662116,0.8777436844990709,3719,6269,518,219894,4237,9988,0.6276531838205847,0.12225631342931319,10,5,423.7,4075,0.9617654000472032,0.4808827000236016,0.5,0.9999901449686692,0.3125,0.6875,0.1875,0.4987,5,11,"['thin_low_area_failure', 'over_segmentation', 'complex_topology']",thin_low_area_failure,Low_Dice (<25%)
20160222_115224_1281_1081,0.8462066590746596,0.7334126737081037,0.7872884050027333,0.9146567701026777,4930,1332,460,223678,5390,6262,0.21271159374001916,0.08534322820037106,1,1,5390.0,2275,0.42207792207792205,0.21103896103896103,1.0,0.999989834314688,0.5625,0.4375,0.1640625,0.4998375,9,7,['boundary_margin_error'],boundary_margin_error,Medium_Dice (25-75%)
20160222_115224_1281_361,0.5094194530768561,0.3417590912000023,0.3943452369215915,0.7193268147702128,1325,2035,517,226523,1842,3360,0.6056547619047619,0.28067318132464714,6,4,307.0,1801,0.9777415852334419,0.48887079261672095,0.6666666666666666,0.999987616370272,0.5,0.5,0.1953125,0.4998625,8,8,"['thin_low_area_failure', 'complex_topology']",thin_low_area_failure,Low_Dice (<25%)
20160222_115224_1281_721,0.7608747132226457,0.6140417933052474,0.6757817968366544,0.8704841024738366,4819,2312,717,222552,5536,7131,0.32421820221567804,0.12951589595375723,4,3,1384.0,2724,0.4920520231213873,0.24602601156069365,0.75,0.9999879092844851,0.5625,0.4375,0.203125,0.49935,9,7,['boundary_margin_error'],boundary_margin_error,Medium_Dice (25-75%)
20160222_115224_1921_1081,0.7992436155082142,0.665616794406211,0.6755460805778046,0.9783950541790505,1268,609,28,228495,1296,1877,0.324453915823122,0.021604938271604937,1,1,1296.0,552,0.42592592592592593,0.21296296296296297,1.0,0.9999760796211226,0.625,0.375,0.15625,0.5011,10,6,['boundary_margin_error'],boundary_margin_error,Medium_Dice (25-75%)
20160222_115224_641_1,0.6799389109414536,0.5150813978058992,0.5941282998816811,0.7947214066113459,6233,4258,1610,218299,7843,10491,0.4058716995519969,0.20527859237536658,4,4,1960.75,4660,0.5941603978069616,0.2970801989034808,1.0,0.9999857878937901,0.5625,0.4375,0.203125,0.499275,9,7,['moderate_general_error'],moderate_general_error,Low_Dice (<25%)
20160222_115224_641_1081,0.0,0.0,0.0,0.0,0,3273,1711,225416,1711,3273,1.0,1.0,1,5,1711.0,1669,0.9754529514903565,0.48772647574517825,5.0,0.9999847805391662,0.5,0.5,0.1875,0.5007875,8,8,"['missed_crack_high_fn', 'false_crack_high_fp', 'thin_low_area_failure', 'fragmented_prediction']",missed_crack_high_fn,Low_Dice (<25%)
20160222_115224_641_361,0.7934123836713934,0.6575671529644744,0.6691111096241976,0.9744336538044218,3011,1489,79,225821,3090,4500,0.3308888888888889,0.0255663430420712,2,1,1545.0,1649,0.5336569579288026,0.2668284789644013,0.5,0.99997519894899,0.5625,0.4375,0.1875,0.500775,9,7,['boundary_margin_error'],boundary_margin_error,Medium_Dice (25-75%)
20160222_115224_641_721,0.5779220770285682,0.4063926931802725,0.7987179453046241,0.4527616268101705,1869,471,2259,225801,4128,2340,0.2012820512820513,0.5472383720930233,5,1,825.6,2219,0.5375484496124031,0.26877422480620156,0.2,0.9999820773807264,0.5,0.5,0.2109375,0.500625,8,8,['complex_topology'],complex_topology,Low_Dice (<25%)
20160222_115837_1281_1,0.7553502688565433,0.6068777825248914,0.6297009361703235,0.9436430064557743,4906,2885,293,222316,5199,7791,0.370299063021435,0.056356991729178685,1,3,5199.0,2135,0.41065589536449315,0.20532794768224658,3.0,0.9999967648826034,0.4375,0.5625,0.1953125,0.498525,7,9,['boundary_margin_error'],boundary_margin_error,Medium_Dice (25-75%)
20160222_115837_1281_1081,0.6684079918134935,0.5019615525657874,0.5023557116168911,0.9984393250158433,2559,2535,4,225302,2563,5094,0.49764428739693756,0.0015606710885680843,4,1,640.75,1867,0.7284432305891534,0.3642216152945767,0.25,0.9999970980027875,0.4375,0.5625,0.1796875,0.4993625,7,9,['moderate_general_error'],moderate_general_error,Low_Dice (<25%)
20160222_115837_1281_361,0.7461186186237925,0.5950472107695578,0.6039782990886469,0.975752261245246,3340,2190,83,224787,3423,5530,0.3960216998191682,0.02424773590417762,4,2,855.75,2052,0.5994741454864154,0.2997370727432077,0.5,0.9999967801922918,0.4375,0.5625,0.1875,0.4989,7,9,['boundary_margin_error'],boundary_margin_error,Medium_Dice (25-75%)
20160222_115837_1281_721,0.7120949450432126,0.552909503928537,0.5552089820020608,0.9925650520722488,2670,2139,20,225571,2690,4809,0.4447910168434186,0.007434944237918215,1,1,2690.0,2008,0.7464684014869889,0.37323420074349445,1.0,0.9999977056043423,0.5,0.5,0.171875,0.499575,8,8,['moderate_general_error'],moderate_general_error,Low_Dice (<25%)
20160222_164851_1281_1081,0.8733059228922598,0.7751047428367283,0.8377154530562146,0.9120547059286662,5735,1111,553,223001,6288,6846,0.16228454572012854,0.08794529262086515,2,1,3144.0,1152,0.183206106870229,0.0916030534351145,0.5,0.9999921190312993,0.4375,0.5625,0.1640625,0.499925,7,9,['high_quality'],high_quality,High_Dice (>75%)
20160222_164851_641_1,0.8444896518741483,0.7308369442505167,0.7797846970740664,0.9209044360743136,10793,3048,927,215632,11720,13841,0.22021530236254605,0.07909556313993174,2,2,5860.0,2308,0.1969283276450512,0.0984641638225256,1.0,0.9999916540441358,0.5,0.5,0.171875,0.4984625,8,8,['boundary_margin_error'],boundary_margin_error,Medium_Dice (25-75%)
20160222_164851_641_1081,0.724146431206615,0.5675780112379692,0.5946958188129408,0.9256341564114793,5875,4004,472,220049,6347,9879,0.40530418058507944,0.07436584213014022,3,4,2115.6666666666665,2372,0.3737198676540098,0.1868599338270049,1.3333333333333333,0.9999948029432353,0.4375,0.5625,0.1796875,0.4992625,7,9,['moderate_general_error'],moderate_general_error,Medium_Dice (25-75%)
20160222_164851_641_361,0.8093630757230104,0.6797732030816139,0.7067341572968961,0.9468623908087712,11030,4577,619,214174,11649,15607,0.2932658422502723,0.05313760837840158,7,3,1664.142857142857,3669,0.31496265773886173,0.15748132886943086,0.42857142857142855,0.9999936357762036,0.4375,0.5625,0.203125,0.49803749999999997,7,9,"['complex_topology', 'boundary_margin_error']",complex_topology,Medium_Dice (25-75%)
20160222_164851_641_721,0.8531089441914685,0.7438447966533723,0.7667805972170892,0.961342085192066,10544,3207,424,216225,10968,13751,0.2332194022252927,0.03865791393143691,3,3,3656.0,2773,0.25282640408460977,0.12641320204230488,1.0,0.9999931196327174,0.4375,0.5625,0.1640625,0.4991125,7,9,['high_quality'],high_quality,Medium_Dice (25-75%)
20160222_165225_1281_361,0.7828724165812314,0.6432131086720052,0.649910386063062,0.9842316130486861,7615,4102,122,218561,7737,11717,0.3500896133822651,0.015768385679203824,1,1,7737.0,3094,0.39989660074964456,0.19994830037482228,1.0,0.9999947459131668,0.4375,0.5625,0.1875,0.4978875,7,9,['boundary_margin_error'],boundary_margin_error,Medium_Dice (25-75%)
20160222_165225_1281_721,0.7477528068883348,0.597128754611356,0.6231273379067072,0.9346910046721137,1331,805,93,228171,1424,2136,0.37687265917602997,0.06530898876404495,1,1,1424.0,650,0.45646067415730335,0.22823033707865167,1.0,0.9999885697750557,0.5,0.5,0.203125,0.5000375,8,8,['boundary_margin_error'],boundary_margin_error,Medium_Dice (25-75%)
20160222_165225_1921_721,0.5923600711873472,0.4208178945925498,0.4313546205996943,0.9451379242639268,6133,8085,356,215826,6489,14218,0.5686453790969194,0.054862074279550005,2,1,3244.5,3365,0.5185698875019263,0.25928494375096317,0.5,0.9999945342247262,0.5,0.5,0.203125,0.4986125,8,8,['over_segmentation'],over_segmentation,Low_Dice (<25%)
20160222_165225_1_361,0.7463942978021245,0.5953979760091342,0.6476431625948158,0.880678054720331,6650,3618,901,219231,7551,10268,0.3523568367744449,0.11932194411336247,1,1,7551.0,3404,0.4508012183816713,0.22540060919083565,1.0,0.9999892896045184,0.4375,0.5625,0.1953125,0.4979625,7,9,['boundary_margin_error'],boundary_margin_error,Medium_Dice (25-75%)
20160222_165225_641_361,0.7748438234160093,0.6324449390415247,0.6844741229044017,0.8927059381967994,7380,3402,887,218731,8267,10782,0.31552587646076796,0.10729406072335793,4,2,2066.75,4037,0.4883270835853393,0.24416354179266966,0.5,0.9999924048115458,0.4375,0.5625,0.1875,0.498,7,9,['boundary_margin_error'],boundary_margin_error,Medium_Dice (25-75%)
20160222_165402_1281_1,0.9029393101591566,0.8230531988983681,0.8314672370446234,0.9878542498694572,8540,1731,105,220024,8645,10271,0.16853276214584753,0.012145748987854251,1,1,8645.0,2045,0.23655292076344708,0.11827646038172354,1.0,0.99999734494919,0.5,0.5,0.1796875,0.49849999999999994,8,8,['high_quality'],high_quality,High_Dice (>75%)
20160222_165402_1281_361,0.842584078953504,0.7279872892984469,0.7324583537502454,0.9916847010004731,8706,3180,73,218441,8779,11886,0.2675416456335184,0.008315297869916846,2,1,4389.5,2052,0.2337396058776626,0.1168698029388313,0.5,0.9999966188919923,0.5625,0.4375,0.1953125,0.4990375,9,7,['boundary_margin_error'],boundary_margin_error,Medium_Dice (25-75%)
20160222_165402_641_1081,0.9222100252754446,0.8556491031669955,0.8939490665432723,0.952316178529195,12602,1495,631,215672,13233,14097,0.10605093282258636,0.04768382075115242,1,1,13233.0,1717,0.12975137912793774,0.06487568956396887,1.0,0.9999883576047057,0.4375,0.5625,0.1875,0.4998125,7,9,['high_quality'],high_quality,High_Dice (>75%)
20160222_165402_641_721,0.8634945019141045,0.7597803119900463,0.7638464145736948,0.9930425168492076,8992,2780,63,218565,9055,11772,0.23615358477743797,0.006957482054113749,1,1,9055.0,1678,0.1853119823302043,0.09265599116510215,1.0,0.9999876994422963,0.4375,0.5625,0.1875,0.49985,7,9,['high_quality'],high_quality,Medium_Dice (25-75%)
20160222_165926_1281_361,0.40500077109893384,0.25391910150199515,0.25391910150199515,0.9999999923780488,1312,3855,0,225233,1312,5167,0.7460808980065802,0.0,2,2,656.0,1592,1.2134146341463414,0.6067073170731707,1.0,0.9999947342092459,0.5,0.5,0.171875,0.499375,8,8,"['false_crack_high_fp', 'thin_low_area_failure', 'over_segmentation']",false_crack_high_fp,Low_Dice (<25%)
20160222_165926_1281_721,0.6480477972432627,0.47934224000067605,0.48082474177234563,0.9936088602607396,4664,5036,30,220670,4694,9700,0.5191752577319587,0.006391137622496805,1,1,4694.0,3164,0.674051981252663,0.3370259906263315,1.0,0.9999959945921507,0.5,0.5,0.203125,0.4991,8,8,['over_segmentation'],over_segmentation,Low_Dice (<25%)
20160222_165926_1921_721,0.6877774484405317,0.5241317089263288,0.5385239247612977,0.951484133159705,4648,3983,237,221532,4885,8631,0.46147607461476076,0.04851586489252815,4,1,1221.25,3742,0.7660184237461617,0.38300921187308085,0.25,0.999993311609557,0.5,0.5,0.171875,0.4988125,8,8,['moderate_general_error'],moderate_general_error,Low_Dice (<25%)
20160222_165926_1_1081,0.5515151503213959,0.3807531369373785,0.38770541574039735,0.9550224815965331,1274,2012,60,227054,1334,3286,0.6122945830797322,0.044977511244377814,4,3,333.5,1166,0.8740629685157422,0.4370314842578711,0.75,0.9999948450904763,0.5,0.5,0.203125,0.4995625,8,8,['over_segmentation'],over_segmentation,Low_Dice (<25%)
20160222_165926_1_721,0.559072390515959,0.3879947797767221,0.39335587183102183,0.9660649784618592,2676,4127,94,223503,2770,6803,0.6066441275907688,0.03393501805054152,5,4,554.0,2358,0.8512635379061372,0.4256317689530686,0.8,0.999996682268522,0.4375,0.5625,0.1796875,0.499325,7,9,"['over_segmentation', 'complex_topology']",over_segmentation,Low_Dice (<25%)
20160222_165926_641_1,0.6939878397951049,0.5313793094286564,0.5349765656396865,0.9875040019624991,3082,2679,39,224600,3121,5761,0.4650234334316959,0.012495994873438,1,1,3121.0,1933,0.619352771547581,0.3096763857737905,1.0,0.9999949145145736,0.5625,0.4375,0.1640625,0.49993750000000003,9,7,['moderate_general_error'],moderate_general_error,Low_Dice (<25%)
20160222_165926_641_361,0.5750394939364004,0.40354767131401115,0.4037056362164593,0.9990313174070671,3094,4570,3,222733,3097,7664,0.596294363256785,0.0009686793671294801,2,2,1548.5,2230,0.7200516628995802,0.3600258314497901,1.0,0.9999955642837515,0.5,0.5,0.171875,0.4996375,8,8,['over_segmentation'],over_segmentation,Low_Dice (<25%)
20160222_165926_641_721,0.6995206131674525,0.537894425894137,0.547528516562409,0.9683241886952324,5472,4522,179,220227,5651,9994,0.4524714828897338,0.03167580959122279,2,2,2825.5,4142,0.7329676163510883,0.36648380817554416,1.0,0.9999979541851035,0.4375,0.5625,0.1953125,0.4989125,7,9,['moderate_general_error'],moderate_general_error,Low_Dice (<25%)
20160302_155857_1281_1,0.6839904415442126,0.5197458005903929,0.5805552027119341,0.8322733039573446,4580,3309,923,221588,5503,7889,0.4194447965521612,0.16772669453025624,2,2,2751.5,1899,0.3450844993639833,0.17254224968199164,1.0,0.9999893626775771,0.5625,0.4375,0.1875,0.4992375,9,7,['moderate_general_error'],moderate_general_error,Low_Dice (<25%)
20160302_155857_1281_361,0.7587736315580342,0.611309629612909,0.6765200191037865,0.8637970198639271,6843,3272,1079,219206,7922,10115,0.32347998022738506,0.13620297904569553,1,3,7922.0,2828,0.35698056046452914,0.17849028023226457,3.0,0.9999863995329974,0.5,0.5,0.171875,0.4987125,8,8,['boundary_margin_error'],boundary_margin_error,Medium_Dice (25-75%)
20160302_155857_1281_721,0.4077734957149045,0.256102693063757,0.256102693063757,0.9999999917830732,1217,3535,0,225648,1217,4752,0.7438973063973064,0.0,1,3,1217.0,430,0.3533278553820871,0.17666392769104355,3.0,0.9999879903734541,0.5625,0.4375,0.1796875,0.4999,9,7,"['false_crack_high_fp', 'thin_low_area_failure', 'over_segmentation']",false_crack_high_fp,Low_Dice (<25%)
20160302_155857_1_721,0.8874016975971559,0.7975939705108861,0.8579988917578937,0.918891225303947,17039,2820,1504,209037,18543,19859,0.14200110781006092,0.08110877420050693,1,1,18543.0,3212,0.17321900447608263,0.08660950223804131,1.0,0.9999862184113654,0.5,0.5,0.1640625,0.4989625,8,8,['high_quality'],high_quality,High_Dice (>75%)
20160302_155857_641_721,0.7189424361717061,0.5612100942780657,0.5845442173689556,0.9335940887148249,10741,7634,764,211261,11505,18375,0.4154557823129252,0.06640591047370709,3,1,3835.0,3366,0.2925684485006519,0.14628422425032594,0.3333333333333333,0.9999900202277445,0.5,0.5,0.15625,0.4986375,8,8,['moderate_general_error'],moderate_general_error,Medium_Dice (25-75%)
20160307_144202_1281_361,0.6042192277609001,0.43288977737644047,0.4568552638551382,0.8919175897116995,5628,6691,682,217399,6310,12319,0.5431447357740077,0.1080824088748019,10,2,631.0,3310,0.5245641838351822,0.2622820919175911,0.2,0.9999933772792662,0.4375,0.5625,0.1640625,0.4985375,7,9,['complex_topology'],complex_topology,Low_Dice (<25%)
20160307_144202_1281_721,0.5226680120088586,0.35379184655683005,0.3554513209524639,0.9869758545521732,3107,5634,41,221618,3148,8741,0.6445486786408877,0.013024142312579416,5,2,629.6,1470,0.4669631512071156,0.2334815756035578,0.4,0.9999929849571615,0.375,0.625,0.1796875,0.49863750000000007,6,10,"['thin_low_area_failure', 'over_segmentation', 'complex_topology']",thin_low_area_failure,Low_Dice (<25%)
20160307_144202_1921_361,0.6474869421904024,0.47872879189721923,0.48885919903078945,0.958509378943291,11343,11860,491,206706,11834,23203,0.5111408007585226,0.041490620246746664,5,1,2366.8,4983,0.42107486902146357,0.21053743451073179,0.2,0.9999905804258984,0.375,0.625,0.1953125,0.49772500000000003,6,10,['complex_topology'],complex_topology,Low_Dice (<25%)
20160307_144202_1_361,0.7892554140923059,0.6518760631092164,0.679850571711487,0.9406254031912228,14559,6856,919,208066,15478,21415,0.32014942797104834,0.05937459620105957,7,2,2211.1428571428573,4184,0.2703191626825171,0.13515958134125855,0.2857142857142857,0.9999863935493158,0.4375,0.5625,0.1875,0.49870000000000003,7,9,"['complex_topology', 'boundary_margin_error']",complex_topology,Medium_Dice (25-75%)
20160307_144202_641_361,0.696595340073862,0.5344428798599945,0.5448813243733628,0.9653950944910127,10629,8878,381,210512,11010,19507,0.4551186753473112,0.034604904632152586,10,2,1101.0,4281,0.3888283378746594,0.1944141689373297,0.2,0.9999932504688094,0.375,0.625,0.15625,0.4983,6,10,['complex_topology'],complex_topology,Low_Dice (<25%)
20160307_145059_1281_361,0.9010389265843507,0.8199006756298087,0.8436768865634301,0.9667701418323902,13703,2539,471,213687,14174,16242,0.15632311291712844,0.0332298574855369,4,2,3543.5,3270,0.23070410610977846,0.11535205305488923,0.5,0.9999918826444829,0.5625,0.4375,0.1953125,0.498025,9,7,['high_quality'],high_quality,High_Dice (>75%)
20160307_145059_1281_721,0.7832482568838859,0.6437206778746656,0.660648147536437,0.9617199070471494,7135,3665,284,219316,7419,10800,0.33935185185185185,0.038280091656557484,3,2,2473.0,3748,0.5051893786224558,0.2525946893112279,0.6666666666666666,0.999975449048033,0.5625,0.4375,0.171875,0.49941250000000004,9,7,['boundary_margin_error'],boundary_margin_error,Medium_Dice (25-75%)
20160307_145059_1921_1081,0.7825327505221742,0.6427546620722685,0.646386917582798,0.9913332085721314,5376,2941,47,222036,5423,8317,0.3536130816400144,0.00866678959985248,3,2,1807.6666666666667,2182,0.4023603171676194,0.2011801585838097,0.6666666666666666,0.9999807094096829,0.625,0.375,0.15625,0.49958749999999996,10,6,['boundary_margin_error'],boundary_margin_error,Medium_Dice (25-75%)
20160307_145059_1921_361,0.8623985432517642,0.758084949817907,0.8505274176325822,0.8746057382301672,11369,1998,1630,215403,12999,13367,0.1494725817311289,0.12539426109700746,1,2,12999.0,3074,0.23647972920993923,0.11823986460496962,2.0,0.9999833611937426,0.625,0.375,0.1953125,0.4986,10,6,['high_quality'],high_quality,Medium_Dice (25-75%)
20160307_145059_1921_721,0.8183431392375613,0.6925387279599451,0.7491450055589176,0.9016258470845322,4381,1467,478,224074,4859,5848,0.2508549931600547,0.09837415105988886,3,2,1619.6666666666667,1757,0.3615970364272484,0.1807985182136242,0.6666666666666666,0.9999756021380466,0.5625,0.4375,0.171875,0.501025,9,7,['boundary_margin_error'],boundary_margin_error,Medium_Dice (25-75%)
20160307_145059_1_361,0.8900030692264387,0.8018067839216383,0.8100204872322402,0.9875113521940153,8698,2040,110,219552,8808,10738,0.18997951201341032,0.012488646684831971,1,1,8808.0,2411,0.27372842870118075,0.13686421435059037,1.0,0.9999926614754427,0.5625,0.4375,0.1875,0.4982,9,7,['high_quality'],high_quality,High_Dice (>75%)
20160307_145059_1_721,0.808675024867045,0.6788030484937956,0.6972884517329495,0.962413290913997,5966,2590,233,221611,6199,8556,0.3027115474520804,0.03758670753347314,1,1,6199.0,1626,0.2623003710275851,0.13115018551379254,1.0,0.9999877590707211,0.5625,0.4375,0.1875,0.49877499999999997,9,7,['boundary_margin_error'],boundary_margin_error,Medium_Dice (25-75%)
20160307_145059_641_361,0.7359655414673615,0.5822353469079562,0.5941121921718682,0.9668049774296399,5126,3502,176,221596,5302,8628,0.40588780713954564,0.03319502074688797,2,2,2651.0,2106,0.3972086005281026,0.1986043002640513,1.0,0.9999834099569687,0.5625,0.4375,0.1953125,0.4991875,9,7,['moderate_general_error'],moderate_general_error,Medium_Dice (25-75%)
20160307_145059_641_721,0.8541771560268883,0.7454705241039274,0.7582342015002171,0.9779177004452664,11027,3516,249,215608,11276,14543,0.24176579797840886,0.02208229868747783,2,1,5638.0,3040,0.2695991486342675,0.13479957431713374,0.5,0.9999843854500805,0.625,0.375,0.1953125,0.4988625,10,6,['high_quality'],high_quality,Medium_Dice (25-75%)
20160307_162438_1281_361,0.8156312613575276,0.6886632809072679,0.9999999964899964,0.6886632809072679,2849,0,1288,226263,4137,2849,0.0,0.311336717428088,1,1,4137.0,396,0.09572153734590283,0.047860768672951415,1.0,0.9999837407151231,0.5,0.5,0.2109375,0.4993875,8,8,['boundary_margin_error'],boundary_margin_error,Medium_Dice (25-75%)
20160307_162438_1281_721,0.886671418238694,0.7964148525100863,0.9535350582350129,0.8285705221134287,26124,1273,5405,197598,31529,27397,0.04646494141694346,0.17142947762377495,1,1,31529.0,3073,0.09746582511338768,0.04873291255669384,1.0,0.999994625467622,0.25,0.75,0.234375,0.4973,4,12,['high_quality'],high_quality,High_Dice (>75%)
20160307_162438_1921_1081,0.7734213083054514,0.6305517237030678,0.6960791772393764,0.8700989713836135,9143,3992,1365,215900,10508,13135,0.3039208222306814,0.12990102778835172,2,5,5254.0,2256,0.21469356680624285,0.10734678340312143,2.5,0.9999913872379812,0.375,0.625,0.203125,0.49855,6,10,['boundary_margin_error'],boundary_margin_error,Medium_Dice (25-75%)
20160307_162438_1921_721,0.8814778190297365,0.7880736153708617,0.8902001720801597,0.8729247336658545,19612,2419,2855,205514,22467,22031,0.10979982751577323,0.1270752659456091,1,1,22467.0,2708,0.12053233631548493,0.06026616815774247,1.0,0.9999926727642011,0.3125,0.6875,0.2421875,0.4975,5,11,['high_quality'],high_quality,High_Dice (>75%)
20160307_162438_1_361,0.8677108629809109,0.7663332929831707,0.9088544641280283,0.8301310497493523,31799,3189,6507,188905,38306,34988,0.0911455356122099,0.16986895003393723,1,1,38306.0,3094,0.08077063645381924,0.04038531822690962,1.0,0.9999925061467951,0.375,0.625,0.21875,0.4971375,6,10,['high_quality'],high_quality,Medium_Dice (25-75%)
20160307_162438_641_361,0.8610542591392517,0.7560099030604545,0.8616028758651059,0.8605063402297594,18932,3041,3069,205358,22001,21973,0.1383971237427752,0.13949365937911914,1,1,22001.0,2516,0.11435843825280669,0.05717921912640334,1.0,0.9999939233307635,0.4375,0.5625,0.203125,0.49729999999999996,7,9,['high_quality'],high_quality,Medium_Dice (25-75%)
20160307_162438_641_721,0.7132573098596819,0.5543123076004434,0.577768602974746,0.9317576549071943,5598,4091,410,220301,6008,9689,0.42223139642894003,0.06824234354194407,1,1,6008.0,705,0.11734354194407456,0.05867177097203728,1.0,0.9999925212527029,0.3125,0.6875,0.203125,0.49851249999999997,5,11,['moderate_general_error'],moderate_general_error,Low_Dice (<25%)
20160310_114505_1281_1,0.39973873241918273,0.24979591802748854,0.24979591802748854,0.999999994553377,1836,5514,0,223050,1836,7350,0.7502040816326531,0.0,4,1,459.0,1931,1.051742919389978,0.525871459694989,0.25,0.9999978702718746,0.4375,0.5625,0.1640625,0.4991875,7,9,"['false_crack_high_fp', 'thin_low_area_failure', 'over_segmentation']",false_crack_high_fp,Low_Dice (<25%)
20160310_114505_641_1,0.5212655598280177,0.3525078916586216,0.3601182474602542,0.9434405047091282,4020,7143,241,218996,4261,11163,0.6398817522171459,0.05655949307674255,4,1,1065.25,2348,0.551044355785027,0.2755221778925135,0.25,0.9999977761035221,0.4375,0.5625,0.1640625,0.49863749999999996,7,9,"['thin_low_area_failure', 'over_segmentation']",thin_low_area_failure,Low_Dice (<25%)
20160310_114505_641_1081,0.5695427323288359,0.39815431414883995,0.39883731973807557,0.995717342384684,4185,6308,18,219889,4203,10493,0.601162679881826,0.004282655246252677,3,3,1401.0,1842,0.4382583868665239,0.21912919343326195,1.0,0.9999968392182376,0.3125,0.6875,0.171875,0.49855000000000005,5,11,['over_segmentation'],over_segmentation,Low_Dice (<25%)
20160310_114505_641_361,0.5051928329758926,0.33796521994314543,0.34031584948832677,0.9799717224788603,4159,8062,85,218094,4244,12221,0.6596841502332051,0.02002827521206409,5,3,848.8,2457,0.5789349670122526,0.2894674835061263,0.6,0.9999957951342534,0.25,0.75,0.1875,0.4988625,4,12,"['false_crack_high_fp', 'thin_low_area_failure', 'over_segmentation', 'complex_topology']",false_crack_high_fp,Low_Dice (<25%)
20160310_114505_641_721,0.579835857356485,0.4082879154216426,0.40874882369826077,0.9972458090492408,4345,6285,12,219758,4357,10630,0.5912511759172154,0.002754188661923342,4,1,1089.25,1798,0.41266926784484737,0.20633463392242368,0.25,0.9999939203809922,0.3125,0.6875,0.1796875,0.4986999999999999,5,11,['over_segmentation'],over_segmentation,Low_Dice (<25%)
20160316_142539_1281_361,0.8320675099633843,0.7124277448068067,0.8646594550355752,0.8018433168855472,5916,926,1462,222096,7378,6842,0.1353405437006723,0.19815668202764977,1,1,7378.0,1653,0.22404445649227434,0.11202222824613717,1.0,0.999996550378706,0.375,0.625,0.15625,0.4987875,6,10,['boundary_margin_error'],boundary_margin_error,Medium_Dice (25-75%)
20160316_142539_1281_721,0.7914230015730409,0.654838709162204,0.7002355706711799,0.9099158183995673,8323,3563,824,217690,9147,11886,0.2997644287396938,0.09008418060566306,2,2,4573.5,2578,0.2818410407783973,0.14092052038919864,1.0,0.9999846653076893,0.375,0.625,0.1953125,0.498225,6,10,['boundary_margin_error'],boundary_margin_error,Medium_Dice (25-75%)
20160316_142539_1921_361,0.6745988025872723,0.5089770583459066,0.5820290218731202,0.8021834054129403,9185,6596,2265,212354,11450,15781,0.41797097775806347,0.1978165938864629,7,4,1635.7142857142858,4030,0.3519650655021834,0.1759825327510917,0.5714285714285714,0.9999890834094565,0.25,0.75,0.1796875,0.4984625,4,12,['complex_topology'],complex_topology,Low_Dice (<25%)
20160316_142539_1_721,0.6973615502972137,0.5353454371443784,0.5764484839402587,0.8824626858811702,11352,8341,1512,209195,12864,19693,0.4235515157670238,0.11753731343283583,7,2,1837.7142857142858,4023,0.3127332089552239,0.15636660447761194,0.2857142857142857,0.9999881399600978,0.3125,0.6875,0.1796875,0.4981625,5,11,['complex_topology'],complex_topology,Low_Dice (<25%)
20160316_142539_641_721,0.6289947347162377,0.4587836025458678,0.5164371164590142,0.8042899633597229,10274,9620,2500,208006,12774,19894,0.48356288328139135,0.19571003601064663,4,7,3193.5,4538,0.35525285736652573,0.17762642868326287,1.75,0.9999863372324531,0.3125,0.6875,0.1796875,0.4982375,5,11,['moderate_general_error'],moderate_general_error,Low_Dice (<25%)
20160316_143445_1281_1,0.8689514802478657,0.7682707373493524,0.8185922805426816,0.9259129698293599,13235,2933,1059,213173,14294,16168,0.18140771895101435,0.07408702952287673,1,1,14294.0,2297,0.16069679585840213,0.08034839792920107,1.0,0.999995066841328,0.375,0.625,0.1640625,0.49858749999999996,6,10,['high_quality'],high_quality,Medium_Dice (25-75%)
20160316_143445_1281_1081,0.7529816505126358,0.6038256380286452,0.666869793485944,0.8646299687526205,3283,1640,514,224963,3797,4923,0.33313020515945563,0.13537002897023967,4,1,949.25,1205,0.3173558072162233,0.15867790360811165,0.25,0.9999881266351465,0.5,0.5,0.1875,0.499825,8,8,['boundary_margin_error'],boundary_margin_error,Medium_Dice (25-75%)
20160316_143445_1281_361,0.8770197157412514,0.7809751676274087,0.7971617156454378,0.9746590259263506,12077,3073,314,214936,12391,15150,0.20283828382838284,0.025340973287063192,2,2,6195.5,2403,0.19393107900895812,0.09696553950447906,1.0,0.9999925558813072,0.5,0.5,0.171875,0.4986625,8,8,['high_quality'],high_quality,High_Dice (>75%)
20160316_143445_1281_721,0.8228403299580895,0.6990048596625759,0.8028281320488926,0.8438757259477673,15102,3709,2794,208795,17896,18811,0.19717186752432087,0.15612427358068842,2,4,8948.0,4941,0.2760952168082253,0.13804760840411265,2.0,0.9999867925007532,0.3125,0.6875,0.171875,0.4981,5,11,['boundary_margin_error'],boundary_margin_error,Medium_Dice (25-75%)
20160316_143445_1921_1081,0.6917666913485715,0.5287792985959577,0.585522660063876,0.8451139868884019,7377,5222,1352,216449,8729,12599,0.4144773394713866,0.15488601214342995,2,1,4364.5,2735,0.31332340474281134,0.15666170237140567,0.5,0.9999882734894137,0.5,0.5,0.1875,0.4999625,8,8,['moderate_general_error'],moderate_general_error,Low_Dice (<25%)
20160316_143445_1_1081,0.8660404837681247,0.7637313954963401,0.8555974584601057,0.8767415835688583,8621,1455,1212,219112,9833,10076,0.1444025406907503,0.12325841553950981,1,1,9833.0,2466,0.2507881623105868,0.1253940811552934,1.0,0.9999867013093587,0.4375,0.5625,0.171875,0.499125,7,9,['high_quality'],high_quality,Medium_Dice (25-75%)
20160316_143445_1_721,0.5999171151264674,0.42848685717678564,0.4619606836074028,0.8553533423414008,3619,4215,612,221954,4231,7834,0.5380393158029104,0.14464665563696524,2,4,2115.5,1268,0.2996927440321437,0.14984637201607184,2.0,0.9999818534795241,0.5,0.5,0.171875,0.5,8,8,['moderate_general_error'],moderate_general_error,Low_Dice (<25%)
20160316_143445_641_361,0.8574717932961217,0.7505038284961678,0.7779077533607054,0.9551656910278387,9310,2658,437,217995,9747,11968,0.22209224598930483,0.04483430799220273,1,1,9747.0,2796,0.2868574946137273,0.14342874730686364,1.0,0.9999908597246756,0.5,0.5,0.15625,0.49878749999999994,8,8,['high_quality'],high_quality,Medium_Dice (25-75%)
20160316_143445_641_721,0.851399704877184,0.7412497702572386,0.7977517002290192,0.9127834808611266,8090,2051,773,219486,8863,10141,0.20224829898432106,0.08721651810899245,1,1,8863.0,2133,0.2406634322464177,0.12033171612320885,1.0,0.9999894849463005,0.4375,0.5625,0.1796875,0.499175,7,9,['high_quality'],high_quality,Medium_Dice (25-75%)
20160316_143527_1281_1081,0.7841584155180865,0.6449511396274762,0.7657106020256924,0.8035170774403813,9504,2908,2324,215664,11828,12412,0.23428939735739607,0.19648292188028407,4,3,2957.0,4261,0.360246871829557,0.1801234359147785,0.75,0.9999876770955658,0.375,0.625,0.171875,0.49887499999999996,6,10,['boundary_margin_error'],boundary_margin_error,Medium_Dice (25-75%)
20160316_143527_1281_361,0.7068071572055409,0.546559750267564,0.7469070316475538,0.6707936486641471,2113,716,1037,226534,3150,2829,0.2530929657122658,0.3292063492063492,4,3,787.5,1101,0.3495238095238095,0.17476190476190476,0.75,0.9999941534803743,0.5625,0.4375,0.2109375,0.5001125000000001,9,7,['boundary_margin_error'],boundary_margin_error,Low_Dice (<25%)
20160316_143527_1281_721,0.7722745318724277,0.6290286810212047,0.7416978990927839,0.8054806186731598,17019,5927,4110,203344,21129,22946,0.2583021005839798,0.19451938094561977,7,2,3018.4285714285716,7452,0.35269061479483177,0.17634530739741588,0.2857142857142857,0.9999850955962245,0.375,0.625,0.171875,0.49835,6,10,"['complex_topology', 'boundary_margin_error']",complex_topology,Medium_Dice (25-75%)
20160316_143527_1921_361,0.720151319099395,0.5626847375368144,0.6015414253552668,0.8970233296207064,7805,5170,896,216529,8701,12975,0.3984585741811175,0.10297666934835076,2,2,4350.5,4261,0.48971382599701185,0.24485691299850593,1.0,0.9999917728962116,0.25,0.75,0.1875,0.4986625,4,12,['boundary_margin_error'],boundary_margin_error,Medium_Dice (25-75%)
20160316_143527_1_1,0.6416522848958124,0.4723770487931336,0.6363736742089513,0.6470191976568775,5763,3293,3144,218200,8907,9056,0.3636263250883392,0.352980801616706,2,3,4453.5,3323,0.37307735488941285,0.18653867744470642,1.5,0.9999904768099741,0.4375,0.5625,0.1484375,0.4985,7,9,['moderate_general_error'],moderate_general_error,Low_Dice (<25%)
20160316_143527_1_361,0.6651346857332635,0.4982784994294597,0.5035762603835758,0.9793233045890101,2605,2568,55,225172,2660,5173,0.4964237386429538,0.020676691729323307,2,3,1330.0,1788,0.6721804511278195,0.3360902255639098,1.5,0.9999892148308853,0.5625,0.4375,0.15625,0.4995875,9,7,['moderate_general_error'],moderate_general_error,Low_Dice (<25%)
20160316_143527_641_1,0.8210026274403666,0.6963566217776626,0.7629379160674952,0.8886336277336904,8123,2524,1018,218735,9141,10647,0.23706208321592936,0.11136637129416913,1,1,9141.0,2978,0.3257849250629034,0.1628924625314517,1.0,0.9999941398550736,0.4375,0.5625,0.15625,0.4985125,7,9,['boundary_margin_error'],boundary_margin_error,Medium_Dice (25-75%)
20160316_143527_641_361,0.766266768877056,0.6210959951039011,0.7130444342757125,0.8280751048485917,12966,5218,2692,209524,15658,18184,0.28695556533216016,0.17192489462255717,8,3,1957.25,5907,0.37725124536977905,0.18862562268488953,0.375,0.999989169758767,0.4375,0.5625,0.1484375,0.49855,7,9,"['complex_topology', 'boundary_margin_error']",complex_topology,Medium_Dice (25-75%)
20160316_143527_641_721,0.7013553507545137,0.5400671778550058,0.7097587880974953,0.6931485747603563,4502,1841,1993,222064,6495,6343,0.2902412107835409,0.3068514241724403,3,1,2165.0,2013,0.3099307159353349,0.15496535796766744,0.3333333333333333,0.9999891620360959,0.4375,0.5625,0.1875,0.49978749999999994,7,9,['boundary_margin_error'],boundary_margin_error,Low_Dice (<25%)
20160316_143547_1281_1081,0.8832871909029766,0.7909707703784687,0.8433500254776014,0.9271948579773788,3031,563,238,226568,3269,3594,0.15664997217584864,0.0728051391862955,3,1,1089.6666666666667,774,0.23676965432854083,0.11838482716427041,0.3333333333333333,0.9999915403602666,0.5,0.5,0.1875,0.499725,8,8,['high_quality'],high_quality,High_Dice (>75%)
20160316_143547_1281_361,0.29377167803683957,0.1721760647477885,0.1734330481242289,0.959605901875804,974,4642,41,224743,1015,5616,0.8265669515669516,0.04039408866995074,1,2,1015.0,210,0.20689655172413793,0.10344827586206896,2.0,0.9999941915334856,0.5625,0.4375,0.1484375,0.50025,9,7,"['false_crack_high_fp', 'thin_low_area_failure', 'over_segmentation']",false_crack_high_fp,Low_Dice (<25%)
20160316_143547_1281_721,0.8900779437771059,0.8019283325228028,0.8430840446791108,0.9426200245660271,21126,3932,1286,204056,22412,25058,0.1569159549844361,0.05737997501338569,1,1,22412.0,4400,0.19632339817954667,0.09816169908977333,1.0,0.9999863740065965,0.375,0.625,0.15625,0.4981125,6,10,['high_quality'],high_quality,High_Dice (>75%)
20160316_143547_1921_1081,0.8531560057308093,0.7439163565350233,0.8211223532768003,0.8877905184799479,20207,4402,2554,203237,22761,24609,0.1788776463895323,0.11220948113000308,3,3,7587.0,5059,0.2222661570229779,0.11113307851148894,1.0,0.9999847666753846,0.4375,0.5625,0.1953125,0.4983875,7,9,['high_quality'],high_quality,Medium_Dice (25-75%)
20160316_143547_1_1,0.7682855086056979,0.623752918369904,0.8456115101830133,0.7039166363014034,11754,2146,4944,211556,16698,13900,0.1543884892086331,0.29608336327703916,1,2,16698.0,4621,0.2767397293088993,0.13836986465444964,2.0,0.9999928793442165,0.4375,0.5625,0.1484375,0.4985125000000001,7,9,['boundary_margin_error'],boundary_margin_error,Medium_Dice (25-75%)
20160316_143547_641_1,0.8460774549947783,0.7332185844336283,0.7602617444362776,0.9537313361661841,1278,403,62,228657,1340,1681,0.23973825104104698,0.04626865671641791,1,1,1340.0,445,0.332089552238806,0.166044776119403,1.0,0.9999946981533065,0.5,0.5,0.171875,0.5001500000000001,8,8,['boundary_margin_error'],boundary_margin_error,Medium_Dice (25-75%)
20160316_143547_641_361,0.886285769933016,0.7957928039401191,0.8143550993497901,0.9721546163406195,13581,3096,389,213334,13970,16677,0.18564490016189963,0.0278453829634932,2,1,6985.0,3890,0.278453829634932,0.139226914817466,0.5,0.9999910420754186,0.4375,0.5625,0.15625,0.4984375,7,9,['high_quality'],high_quality,High_Dice (>75%)
20160316_143547_641_721,0.6715002751171206,0.5054575944126146,0.8419580301824052,0.5584415532612101,602,113,476,229209,1078,715,0.15804195804195803,0.44155844155844154,2,1,539.0,561,0.5204081632653061,0.2602040816326531,0.5,0.9999903605524953,0.5,0.5,0.1875,0.49995,8,8,['moderate_general_error'],moderate_general_error,Low_Dice (<25%)
20160318_181632_1281_1081,0.8701529702667726,0.7701511331779383,0.8320482579680478,0.9119152950678951,18345,3703,1772,206580,20117,22048,0.16795174165457186,0.08808470447879903,1,1,20117.0,3066,0.1524084107968385,0.07620420539841925,1.0,0.9999941936097513,0.5,0.5,0.171875,0.4984625,8,8,['high_quality'],high_quality,Medium_Dice (25-75%)
20160318_181632_1281_361,0.8559931094621813,0.7482412182497985,0.9124898398770311,0.8060844588857343,30312,2907,7292,189889,37604,33219,0.0875101598482796,0.19391554089990426,8,1,4700.5,5071,0.13485267524731412,0.06742633762365706,0.125,0.9999932004878501,0.5,0.5,0.171875,0.4985750000000001,8,8,"['complex_topology', 'high_quality']",complex_topology,Medium_Dice (25-75%)
20160318_181632_1281_721,0.8980317973026095,0.8149344011055976,0.8817884305316698,0.9148848302675576,19939,2673,1855,205933,21794,22612,0.11821156907836547,0.08511516931265486,1,2,21794.0,2539,0.1164999541158117,0.05824997705790585,2.0,0.9999947945717047,0.4375,0.5625,0.1640625,0.49979999999999997,7,9,['high_quality'],high_quality,High_Dice (>75%)
20160318_181632_1921_1,0.7715543100904638,0.6280736026248598,0.7905308448646632,0.7534674726441347,3857,1022,1262,224259,5119,4879,0.20946915351506457,0.2465325258839617,5,2,1023.8,1148,0.22426255127954678,0.11213127563977339,0.4,0.9999926171400104,0.4375,0.5625,0.171875,0.5000249999999999,7,9,"['complex_topology', 'boundary_margin_error']",complex_topology,Medium_Dice (25-75%)
20160318_181632_1921_361,0.8857731788636966,0.7949666639332674,0.9103532171699165,0.8624855924396941,21701,2137,3460,203102,25161,23838,0.08964678244819196,0.13751440721751917,1,2,25161.0,3071,0.12205397241763045,0.06102698620881523,2.0,0.9999896172998628,0.3125,0.6875,0.203125,0.49875,5,11,['high_quality'],high_quality,High_Dice (>75%)
20160318_181632_1_1,0.9409527963750483,0.8884899494133169,0.9402641083405182,0.9416424937021171,30190,1918,1871,196421,32061,32108,0.0597358913666376,0.058357506004179535,1,1,32061.0,3190,0.0994978322572596,0.0497489161286298,1.0,0.9999927546351075,0.375,0.625,0.1796875,0.4982,6,10,['high_quality'],high_quality,High_Dice (>75%)
20160318_181632_1_361,0.9058864987593861,0.8279639157475003,0.9269055039026076,0.885799630317556,3855,304,497,225744,4352,4159,0.07309449386871844,0.11420036764705882,2,3,2176.0,534,0.12270220588235294,0.06135110294117647,1.5,0.9999924014878382,0.5,0.5,0.171875,0.500425,8,8,['high_quality'],high_quality,High_Dice (>75%)
20160318_181632_641_1,0.7754827104277443,0.6332966606773133,0.9309972995633569,0.6644863383436462,1727,128,872,227673,2599,1855,0.06900269541778976,0.3355136590996537,2,2,1299.5,488,0.1877645248172374,0.0938822624086187,1.0,0.9999942852080321,0.4375,0.5625,0.171875,0.5006999999999999,7,9,['boundary_margin_error'],boundary_margin_error,Medium_Dice (25-75%)
20160318_181632_641_361,0.915891554682923,0.8448338896714763,0.9568782262769846,0.8782718862591481,34661,1562,4804,189373,39465,36223,0.04312177345885211,0.12172811351830735,1,1,39465.0,3248,0.08230077283669074,0.04115038641834537,1.0,0.9999945639801953,0.5,0.5,0.171875,0.49867500000000003,8,8,['high_quality'],high_quality,High_Dice (>75%)
20160318_181632_641_721,0.07800793283823726,0.04058702123231594,0.05255344402448502,0.15128204998904232,177,3191,993,226039,1170,3368,0.9474465558194775,0.8487179487179487,1,2,1170.0,668,0.5709401709401709,0.28547008547008546,2.0,0.9999953638615595,0.5625,0.4375,0.2109375,0.5001625000000001,9,7,"['missed_crack_high_fn', 'false_crack_high_fp', 'thin_low_area_failure', 'over_segmentation']",missed_crack_high_fn,Low_Dice (<25%)
20160321_183947_1281_361,0.7562668708903455,0.6080620136184123,0.6532311770378708,0.8978937687825376,1961,1041,223,227175,2184,3002,0.3467688207861426,0.1021062271062271,1,2,2184.0,385,0.1762820512820513,0.08814102564102565,2.0,0.9999937811917836,0.5625,0.4375,0.1640625,0.4998625,9,7,['boundary_margin_error'],boundary_margin_error,Medium_Dice (25-75%)
20160321_183947_1281_721,0.9273241415290329,0.864496142246434,0.9315657697465604,0.923120964113642,29022,2132,2417,196829,31439,31154,0.06843422995441997,0.07687903559273514,1,1,31439.0,3118,0.09917618244855116,0.04958809122427558,1.0,0.9999942845296867,0.375,0.625,0.2109375,0.49785,6,10,['high_quality'],high_quality,High_Dice (>75%)
20160321_183947_1921_721,0.9180923006251759,0.8485865302148157,0.8876223013239254,0.9507285910736814,28577,3618,1481,196724,30058,32195,0.11237769840037273,0.04927140861002063,1,1,30058.0,3092,0.10286778894138,0.05143389447069,1.0,0.9999940387435219,0.3125,0.6875,0.2421875,0.4979375,5,11,['high_quality'],high_quality,High_Dice (>75%)
20160321_183947_1_721,0.9004754452041349,0.8189680178368685,0.8582910560986735,0.9470208392496496,45171,7458,2527,175244,47698,52629,0.14170894373824316,0.052979160551805106,1,1,47698.0,3492,0.07321061679735,0.036605308398675,1.0,0.9999949200202686,0.3125,0.6875,0.1875,0.49744999999999995,5,11,['high_quality'],high_quality,High_Dice (>75%)
20160321_183947_641_721,0.9124513888585016,0.8389982567315188,0.850376721005358,0.9843021679294192,32731,5759,522,191388,33253,38490,0.14962327877370746,0.01569783177457673,1,1,33253.0,3297,0.0991489489670105,0.04957447448350525,1.0,0.9999939276125509,0.375,0.625,0.2109375,0.49770000000000003,6,10,['high_quality'],high_quality,High_Dice (>75%)
20160321_185557_1281_721,0.870290855977618,0.7703671875035968,0.8396916312404296,0.9032045565531814,23309,4450,2498,200143,25807,27759,0.160308368457077,0.09679544309683419,3,1,8602.333333333334,3922,0.1519742705467509,0.07598713527337544,0.3333333333333333,0.9999911582957565,0.3125,0.6875,0.21875,0.4984,5,11,['high_quality'],high_quality,Medium_Dice (25-75%)
20160321_185557_1921_1,0.8330103924462698,0.7138113202159915,0.7744841133520438,0.9011051820683068,9458,2754,1038,217150,10496,12212,0.22551588601375697,0.09889481707317073,1,1,10496.0,2096,0.19969512195121952,0.09984756097560976,1.0,0.9999915255240319,0.4375,0.5625,0.1640625,0.4995125,7,9,['boundary_margin_error'],boundary_margin_error,Medium_Dice (25-75%)
20160321_185557_1921_1081,0.8118990652228145,0.6833586620947123,0.762959191683245,0.8675477514301102,8993,2794,1373,217240,10366,11787,0.23704080766946636,0.13245224773297318,1,1,10366.0,1930,0.18618560679143353,0.09309280339571677,1.0,0.99999064754181,0.4375,0.5625,0.2109375,0.4991,7,9,['boundary_margin_error'],boundary_margin_error,Medium_Dice (25-75%)
20160321_185557_1921_361,0.7416350746902773,0.5893640706075289,0.6075069191875333,0.9517715484381052,8999,5814,456,215131,9455,14813,0.3924930804023493,0.048228450555261766,2,1,4727.5,2665,0.28186144896879956,0.14093072448439978,0.5,0.9999891374522952,0.4375,0.5625,0.1875,0.49859999999999993,7,9,['boundary_margin_error'],boundary_margin_error,Medium_Dice (25-75%)
20160321_185557_1921_721,0.8978931569709225,0.8147060901129285,0.9240983668615965,0.8731331965457004,23035,1892,3347,202126,26382,24927,0.07590163276768164,0.12686680312334167,1,1,26382.0,3311,0.1255022363732848,0.0627511181866424,1.0,0.9999898907079925,0.375,0.625,0.21875,0.498275,6,10,['high_quality'],high_quality,High_Dice (>75%)
20160321_185557_1_361,0.4512356150702969,0.2913520090344653,0.2949445122196189,0.959871581381448,1196,2859,50,226295,1246,4055,0.705055487053021,0.04012841091492777,1,4,1246.0,314,0.2520064205457464,0.1260032102728732,4.0,0.9999905803606515,0.4375,0.5625,0.1953125,0.4999375,7,9,"['false_crack_high_fp', 'thin_low_area_failure', 'over_segmentation', 'fragmented_prediction']",false_crack_high_fp,Low_Dice (<25%)
20160321_185557_1_721,0.82297689547047,0.6992019887319236,0.7238759493818757,0.9535163507855647,17436,6651,850,205463,18286,24087,0.2761240503175987,0.046483648692989175,1,1,18286.0,3861,0.21114513835721316,0.10557256917860658,1.0,0.9999910521746109,0.3125,0.6875,0.21875,0.4984,5,11,['boundary_margin_error'],boundary_margin_error,Medium_Dice (25-75%)
20160321_185557_641_721,0.9009596150524845,0.8197693436856824,0.8696689657383535,0.934585974946575,20045,3004,1403,205948,21448,23049,0.13033103388433337,0.06541402461767996,1,1,21448.0,3301,0.1539071242073853,0.07695356210369265,1.0,0.9999913382869193,0.25,0.75,0.2109375,0.49824999999999997,4,12,['high_quality'],high_quality,High_Dice (>75%)
20160324_170347_1281_1,0.8765849528905432,0.7802859282915903,0.8446918261679449,0.9109809649912431,6222,1144,608,222426,6830,7366,0.15530817268531089,0.0890190336749634,2,1,3415.0,2141,0.31346998535871157,0.15673499267935578,0.5,0.9999947783872648,0.375,0.625,0.2109375,0.49872500000000003,6,10,['high_quality'],high_quality,High_Dice (>75%)
20160324_170347_1281_1081,0.8315442959556718,0.7116609496427475,0.8576911708625758,0.8069444433236883,5810,964,1390,222236,7200,6774,0.14230882787127253,0.19305555555555556,1,1,7200.0,2631,0.36541666666666667,0.18270833333333333,1.0,0.9999909397146987,0.4375,0.5625,0.1796875,0.49987499999999996,7,9,['boundary_margin_error'],boundary_margin_error,Medium_Dice (25-75%)
20160324_170347_1281_361,0.8064245336580533,0.675637658781285,0.7063033029053002,0.9396191954360731,7205,2996,463,219736,7668,10201,0.2936966964023135,0.06038080333854982,5,1,1533.6,2600,0.33907146583202924,0.16953573291601462,0.2,0.9999976566564245,0.3125,0.6875,0.1796875,0.498625,5,11,"['complex_topology', 'boundary_margin_error']",complex_topology,Medium_Dice (25-75%)
20160324_170347_1281_721,0.7398281083313487,0.5870850740462942,0.7522731857422983,0.72778809429402,7446,2452,2785,217717,10231,9898,0.2477268134976763,0.27221190499462417,1,3,10231.0,4382,0.4283061284331932,0.2141530642165966,3.0,0.9999968066528135,0.375,0.625,0.234375,0.49863749999999996,6,10,['boundary_margin_error'],boundary_margin_error,Medium_Dice (25-75%)
20160324_170347_641_1,0.7080447513211977,0.5480412359834201,0.564091679617802,0.9506437734240207,2658,2054,138,225550,2796,4712,0.4359083191850594,0.04935622317596566,1,1,2796.0,2183,0.780758226037196,0.390379113018598,1.0,0.9999973426152869,0.4375,0.5625,0.1953125,0.49883750000000004,7,9,['moderate_general_error'],moderate_general_error,Low_Dice (<25%)
20160324_170347_641_361,0.7315182447234655,0.5766880301435564,0.5974366883918519,0.9431984374861082,3869,2607,233,223691,4102,6476,0.4025633106856084,0.0568015602145295,3,1,1367.3333333333333,2940,0.7167235494880546,0.3583617747440273,0.3333333333333333,0.9999975265147255,0.3125,0.6875,0.2109375,0.49838749999999993,5,11,['moderate_general_error'],moderate_general_error,Medium_Dice (25-75%)
20160324_170347_641_721,0.7919048342470186,0.6554987195511541,0.7006560943120391,0.91047957047787,2563,1095,252,226490,2815,3658,0.2993439037725533,0.08952042628774423,1,1,2815.0,1498,0.5321492007104796,0.2660746003552398,1.0,0.9999920945871208,0.5,0.5,0.171875,0.49992500000000006,8,8,['boundary_margin_error'],boundary_margin_error,Medium_Dice (25-75%)
20160326_141808_1281_1,0.021446593731188828,0.010839532389288985,0.1992187422180179,0.011333333308148149,51,205,4449,225695,4500,256,0.80078125,0.9886666666666667,4,6,1125.0,1265,0.2811111111111111,0.14055555555555554,1.5,0.999991653738471,0.5625,0.4375,0.171875,0.500175,9,7,"['missed_crack_high_fn', 'thin_low_area_failure']",missed_crack_high_fn,Low_Dice (<25%)
20160326_141808_641_1,0.9100257030418778,0.8349056538136348,0.8495999932032001,0.9797047880101034,1062,188,22,229128,1084,1250,0.1504,0.02029520295202952,1,1,1084.0,178,0.16420664206642066,0.08210332103321033,1.0,0.9999901231916923,0.5625,0.4375,0.1640625,0.5008125,9,7,['high_quality'],high_quality,High_Dice (>75%)
20160326_141808_641_361,0.6124861946258129,0.4414270995023625,0.764391112754352,0.5109473222296257,4714,1453,4512,219721,9226,6167,0.23560888600616184,0.48905267721656187,1,2,9226.0,1956,0.21200953826143507,0.10600476913071753,2.0,0.9999887705948076,0.5625,0.4375,0.1640625,0.5002,9,7,['moderate_general_error'],moderate_general_error,Low_Dice (<25%)
20160326_141808_641_721,0.1369930153939554,0.0735332806188723,0.46274834054016273,0.08039695084079254,559,649,6394,222798,6953,1208,0.5372516556291391,0.9196030490435783,4,2,1738.25,1926,0.27700273263339564,0.13850136631669782,0.5,0.9999871007404055,0.5625,0.4375,0.1640625,0.5004249999999999,9,7,"['missed_crack_high_fn', 'thin_low_area_failure']",missed_crack_high_fn,Low_Dice (<25%)
20160326_142521_1281_1,0.31815066339451015,0.18916716050002433,0.9327731058356846,0.19178185081747157,2553,184,10759,216904,13312,2737,0.06722689075630252,0.8082181490384616,1,2,13312.0,1582,0.11884014423076923,0.059420072115384616,2.0,0.9999939468952486,0.5625,0.4375,0.15625,0.50025,9,7,['missed_crack_high_fn'],missed_crack_high_fn,Low_Dice (<25%)
20160326_142521_1281_1081,0.4053954168414719,0.2542294316240338,0.5159924717027635,0.3338405345896514,1097,1029,2189,226085,3286,2126,0.48400752587017876,0.6661594643944004,2,1,1643.0,933,0.2839318320146074,0.1419659160073037,0.5,0.9999910037124725,0.4375,0.5625,0.1484375,0.500425,7,9,"['missed_crack_high_fn', 'thin_low_area_failure']",missed_crack_high_fn,Low_Dice (<25%)
20160326_142521_1281_361,0.20728076053474137,0.11562366039903166,0.9350086574089371,0.1165604406216264,1079,75,8178,221068,9257,1154,0.06499133448873484,0.8834395592524577,1,2,9257.0,1801,0.19455547153505456,0.09727773576752728,2.0,0.9999945631773103,0.5,0.5,0.15625,0.5002,8,8,['missed_crack_high_fn'],missed_crack_high_fn,Low_Dice (<25%)
20160326_142521_1281_721,0.5364540956652769,0.366544085891949,0.8804437122423096,0.38574385709140147,4286,582,6825,218707,11111,4868,0.11955628594905506,0.6142561425614256,1,2,11111.0,1846,0.16614166141661416,0.08307083070830708,2.0,0.999994376769,0.5,0.5,0.15625,0.5002125,8,8,['moderate_general_error'],moderate_general_error,Low_Dice (<25%)
20160326_142521_641_1,0.0,0.0,0.0,0.0,0,122,1355,228923,1355,122,1.0,1.0,1,3,1355.0,291,0.21476014760147602,0.10738007380073801,3.0,0.9999952548792207,0.5625,0.4375,0.15625,0.4997125,9,7,"['missed_crack_high_fn', 'thin_low_area_failure']",missed_crack_high_fn,Low_Dice (<25%)
20160326_142521_641_1081,0.0,0.0,0.0,0.0,0,244,2487,227669,2487,244,1.0,1.0,2,3,1243.5,797,0.32046642541214315,0.16023321270607158,1.5,0.9999939317437853,0.5,0.5,0.15625,0.5001,8,8,"['missed_crack_high_fn', 'thin_low_area_failure']",missed_crack_high_fn,Low_Dice (<25%)
20160326_142745_1281_1081,0.7675358051566461,0.6227651954255757,0.8563234065656284,0.6954303445088058,3135,526,1373,225366,4508,3661,0.14367659109532915,0.3045696539485359,2,1,2254.0,1217,0.2699645075421473,0.13498225377107365,0.5,0.9999955222814356,0.4375,0.5625,0.140625,0.5010749999999999,7,9,['boundary_margin_error'],boundary_margin_error,Medium_Dice (25-75%)
20160326_142745_1281_361,0.039656752445507995,0.020229494245448794,0.9999999579831951,0.020229494245448794,238,0,11527,218635,11765,238,0.0,0.9797705057373566,1,1,11765.0,1303,0.11075223119422015,0.05537611559711007,1.0,0.9999979699813191,0.4375,0.5625,0.140625,0.5007250000000001,7,9,['missed_crack_high_fn'],missed_crack_high_fn,Low_Dice (<25%)
20160326_142745_1281_721,0.7284975102579005,0.5729422601489853,0.8978102182579528,0.6129120574893703,11193,1274,7069,210864,18262,12467,0.10218978102189781,0.3870879421750082,1,2,18262.0,3193,0.17484393823239514,0.08742196911619757,2.0,0.9999960146864271,0.4375,0.5625,0.1328125,0.49926249999999994,7,9,['boundary_margin_error'],boundary_margin_error,Medium_Dice (25-75%)
20160326_142745_1921_1081,0.6223300059487641,0.4517264719678721,0.7491578694157695,0.5322271848560511,3336,1117,2932,223015,6268,4453,0.2508421289018639,0.46777281429483086,2,1,3134.0,2013,0.3211550733886407,0.16057753669432034,0.5,0.9999970645922781,0.4375,0.5625,0.140625,0.5004624999999999,7,9,['moderate_general_error'],moderate_general_error,Low_Dice (<25%)
20160326_142745_1_1,0.5361432129906444,0.36625386974225765,0.9230649174109474,0.3777862934292736,5915,493,9742,214250,15657,6408,0.07693508114856429,0.6222137063294373,1,1,15657.0,3472,0.2217538481190522,0.1108769240595261,1.0,0.9999964009214065,0.375,0.625,0.140625,0.49942500000000006,6,10,['moderate_general_error'],moderate_general_error,Low_Dice (<25%)
20160326_142745_641_361,0.6020697339270594,0.4306865288913095,0.8805886728012401,0.45739997074972183,9454,1282,11215,208449,20669,10736,0.11941132637853949,0.5426000290289806,1,4,20669.0,4010,0.19401035366974698,0.09700517683487349,4.0,0.9999950888958515,0.5,0.5,0.140625,0.4999375,8,8,['fragmented_prediction'],fragmented_prediction,Low_Dice (<25%)
20160328_151020_1281_361,0.6563286098849456,0.48845916844947196,0.5141688283206103,0.9071384553233532,10306,9738,1055,209301,11361,20044,0.4858311714228697,0.09286154387817974,6,1,1893.5,3906,0.3438077634011091,0.17190388170055454,0.16666666666666666,0.9999946216441539,0.5,0.5,0.171875,0.4985625,8,8,['complex_topology'],complex_topology,Low_Dice (<25%)
20160328_151020_1921_361,0.5521684182867896,0.38137613881402704,0.3978590146147297,0.9020140977824632,8957,13556,973,206914,9930,22513,0.6021409852085462,0.09798590130916415,1,1,9930.0,4010,0.4038267875125881,0.20191339375629405,1.0,0.9999931115856401,0.3125,0.6875,0.1796875,0.49822500000000003,5,11,['over_segmentation'],over_segmentation,Low_Dice (<25%)
20160328_151020_1_1,0.6747427568963626,0.5091409689760863,0.525719267455472,0.9416757190781669,13869,12512,859,203160,14728,26381,0.4742807323452485,0.05832428028245519,1,3,14728.0,4702,0.3192558392178164,0.1596279196089082,3.0,0.9999903849754255,0.5,0.5,0.1953125,0.49811250000000007,8,8,['moderate_general_error'],moderate_general_error,Low_Dice (<25%)
20160328_151020_1_361,0.40856296940062026,0.2567258154391091,0.2582037994068281,0.9781897456263549,2691,7731,60,219918,2751,10422,0.7417962003454232,0.021810250817884406,1,3,2751.0,1264,0.45946928389676484,0.22973464194838242,3.0,0.9999895825473775,0.5,0.5,0.1640625,0.49898750000000003,8,8,"['false_crack_high_fp', 'thin_low_area_failure', 'over_segmentation']",false_crack_high_fp,Low_Dice (<25%)
20160328_151020_641_361,0.5819426612551977,0.4103802049149197,0.4298054635649937,0.900794817632036,6120,8119,674,215487,6794,14239,0.5701945361331554,0.09920518104209597,5,2,1358.8,2741,0.4034442154842508,0.2017221077421254,0.4,0.9999922352414427,0.4375,0.5625,0.1640625,0.49882499999999996,7,9,"['over_segmentation', 'complex_topology']",over_segmentation,Low_Dice (<25%)
20160328_151020_641_721,0.7031932259926366,0.5422498093680097,0.6520667554030937,0.7630191160489296,9260,4941,2876,213323,12136,14201,0.3479332441377368,0.23698088332234674,1,2,12136.0,3877,0.3194627554383652,0.1597313777191826,2.0,0.9999852465871419,0.25,0.75,0.1875,0.4983125,4,12,['boundary_margin_error'],boundary_margin_error,Low_Dice (<25%)
20160328_151057_1281_1,0.8206369172194009,0.6958305963627206,0.7698873941702009,0.8785492209771001,4239,1267,586,224308,4825,5506,0.23011260443152923,0.12145077720207254,3,1,1608.3333333333333,1961,0.40642487046632125,0.20321243523316063,0.3333333333333333,0.9999963637744647,0.4375,0.5625,0.1484375,0.4989875,7,9,['boundary_margin_error'],boundary_margin_error,Medium_Dice (25-75%)
20160328_151057_1281_1081,0.4723502299200354,0.30920060289428136,0.36277348718987534,0.6767707062521887,2255,3961,1077,223107,3332,6216,0.6372265122265123,0.3232292917166867,4,5,833.0,2058,0.6176470588235294,0.3088235294117647,1.25,0.9999972956885499,0.375,0.625,0.15625,0.49958749999999996,6,10,['thin_low_area_failure'],thin_low_area_failure,Low_Dice (<25%)
20160328_151057_1281_361,0.8168924296279741,0.6904633611389233,0.7658747934171899,0.8751920763612907,5126,1567,731,222976,5857,6693,0.23412520543851786,0.12480792214444254,2,1,2928.5,2153,0.3675943315690627,0.18379716578453134,0.5,0.9999985980394049,0.375,0.625,0.1875,0.49908749999999996,6,10,['boundary_margin_error'],boundary_margin_error,Medium_Dice (25-75%)
20160328_151057_1281_721,0.8141267357018527,0.6865208620616716,0.8323721158272492,0.7966640662406768,13278,2674,3389,211059,16667,15952,0.16762788365095285,0.20333593328133437,2,3,8333.5,5496,0.32975340493190136,0.16487670246595068,1.5,0.9999943617109369,0.1875,0.8125,0.1953125,0.49787499999999996,3,13,['boundary_margin_error'],boundary_margin_error,Medium_Dice (25-75%)
20160328_151057_1921_721,0.8401843485684166,0.7244119766200434,0.8877520896332985,0.7974549303663353,9024,1141,2292,217943,11316,10165,0.11224790949335957,0.20254506892895016,1,1,11316.0,3174,0.2804878048780488,0.1402439024390244,1.0,0.9999965841702777,0.3125,0.6875,0.1640625,0.4984375,5,11,['boundary_margin_error'],boundary_margin_error,Medium_Dice (25-75%)
20160328_151057_641_1081,0.7356532910332814,0.5818445888426368,0.6288853993267105,0.8860871469009354,4006,2364,515,223515,4521,6370,0.3711145996860283,0.11391285113912851,2,1,2260.5,2225,0.49214775492147755,0.24607387746073878,0.5,0.9999978149083225,0.3125,0.6875,0.15625,0.49924999999999997,5,11,['boundary_margin_error'],boundary_margin_error,Medium_Dice (25-75%)
20160328_151057_641_721,0.7960635124081512,0.6612171992564677,0.7418310716063024,0.8588508193096881,4813,1675,791,223121,5604,6488,0.25816892725030827,0.14114917915774447,2,1,2802.0,1913,0.3413633119200571,0.17068165596002854,0.5,0.9999977451509436,0.5,0.5,0.15625,0.499775,8,8,['boundary_margin_error'],boundary_margin_error,Medium_Dice (25-75%)
20160328_151244_1281_1081,0.8750052908201046,0.7777861386192392,0.808668778778442,0.9531977678087343,20672,4891,1015,203822,21687,25563,0.19133122090521457,0.046802231751740676,1,3,21687.0,1886,0.08696454096924425,0.043482270484622124,3.0,0.9999927632877388,0.3125,0.6875,0.1875,0.4984124999999999,5,11,['high_quality'],high_quality,High_Dice (>75%)
20160328_151244_1281_361,0.887682654815553,0.7980480198916213,0.8784004571201698,0.8971631201930901,21505,2977,2465,203453,23970,24482,0.12159954252103586,0.10283687943262411,1,1,23970.0,3379,0.14096787651230705,0.07048393825615352,1.0,0.9999973502329692,0.375,0.625,0.171875,0.49816249999999995,6,10,['high_quality'],high_quality,High_Dice (>75%)
20160328_151244_1281_721,0.8412875564006224,0.7260537858619008,0.8418736314125497,0.8407022966341204,38067,7150,7213,177970,45280,45217,0.158126368401265,0.15929770318021202,6,3,7546.666666666667,6598,0.1457155477031802,0.0728577738515901,0.5,0.9999948420076521,0.25,0.75,0.1875,0.497525,4,12,"['complex_topology', 'boundary_margin_error']",complex_topology,Medium_Dice (25-75%)
20160328_151244_1921_1081,0.7234863707296886,0.5667674470058359,0.7341710170787027,0.7131082569137609,4499,1629,1810,222462,6309,6128,0.2658289817232376,0.286891741955936,3,2,2103.0,1675,0.26549373910286894,0.13274686955143447,0.6666666666666666,0.9999943177475636,0.5,0.5,0.171875,0.49985,8,8,['boundary_margin_error'],boundary_margin_error,Medium_Dice (25-75%)
20160328_151244_1921_361,0.874488561865446,0.7769699464936949,0.9333474767747436,0.8226128145030501,26396,1885,5692,196427,32088,28281,0.06665252289523001,0.17738718524058839,2,1,16044.0,3054,0.09517576664173523,0.047587883320867615,0.5,0.9999973934369891,0.4375,0.5625,0.1953125,0.4982125,7,9,['high_quality'],high_quality,High_Dice (>75%)
20160328_151244_1921_721,0.8842440200917002,0.7925066376649608,0.8442810147622349,0.9281781952576006,40295,7432,3118,179555,43413,47727,0.155718985060867,0.07182180452859742,4,2,10853.25,5681,0.1308594199894041,0.06542970999470205,0.5,0.9999976590276953,0.4375,0.5625,0.1640625,0.49808749999999996,7,9,['high_quality'],high_quality,High_Dice (>75%)
20160328_151244_1_1,0.8546212394246789,0.7461472735843336,0.8855962437988371,0.8257398000960463,23579,3046,4976,198799,28555,26625,0.11440375586854461,0.1742601996147785,1,1,28555.0,4036,0.1413412712309578,0.0706706356154789,1.0,0.999996769040706,0.375,0.625,0.1796875,0.49763750000000007,6,10,['high_quality'],high_quality,Medium_Dice (25-75%)
20160328_151244_1_1081,0.8423159196450791,0.7275870282217608,0.8566816383258259,0.8284240520857553,6103,1021,1264,222012,7367,7124,0.14331836047164515,0.17157594678973803,1,1,7367.0,1519,0.20618976516899687,0.10309488258449843,1.0,0.9999901028218696,0.4375,0.5625,0.1953125,0.49936250000000004,7,9,['boundary_margin_error'],boundary_margin_error,Medium_Dice (25-75%)
20160328_151244_1_721,0.8889165069501338,0.8000447423713446,0.8733089128823888,0.9050921234535877,17881,2594,1875,208050,19756,20475,0.1266910866910867,0.09490787608827699,1,1,19756.0,2941,0.14886616724033205,0.07443308362016603,1.0,0.999994305995985,0.375,0.625,0.1875,0.4981,6,10,['high_quality'],high_quality,High_Dice (>75%)
20160328_151244_641_1,0.8951951128521163,0.810274396199598,0.8919827386363921,0.898430708286393,19637,2378,2220,206165,21857,22015,0.10801726095843743,0.10156929130255753,1,2,21857.0,3341,0.15285720821704718,0.07642860410852359,2.0,0.999994690892258,0.375,0.625,0.1875,0.4983375,6,10,['high_quality'],high_quality,High_Dice (>75%)
20160328_151244_641_361,0.8946628388028991,0.8094026603013713,0.8882619818006853,0.9011566145986329,15271,1921,1675,211533,16946,17192,0.11173801768264309,0.09884338486958574,1,1,16946.0,2183,0.12882096069868995,0.06441048034934498,1.0,0.9999954498251715,0.5,0.5,0.1640625,0.4990375,8,8,['high_quality'],high_quality,High_Dice (>75%)
20160328_151244_641_721,0.8758536631705146,0.7791278007814807,0.8894652047448887,0.8626524388600129,45272,5626,7208,172294,52480,50898,0.1105347950803568,0.13734756097560977,1,1,52480.0,5253,0.1000952743902439,0.05004763719512195,1.0,0.999995019742947,0.375,0.625,0.15625,0.4977125,6,10,['high_quality'],high_quality,High_Dice (>75%)
20160328_151752_1281_361,0.7462145251167484,0.5951692215817331,0.789928333254461,0.707085170566994,12345,3283,5114,209658,17459,15628,0.21007166624008192,0.29291482902800847,2,1,8729.5,2428,0.13906867518185462,0.06953433759092731,0.5,0.9999978575115426,0.375,0.625,0.1640625,0.49845,6,10,['boundary_margin_error'],boundary_margin_error,Medium_Dice (25-75%)
20160328_151752_1281_721,0.8217312342450581,0.6974055988987855,0.8913328941376677,0.7622122392445084,5430,662,1694,222614,7124,6092,0.10866710439921208,0.2377877596855699,1,1,7124.0,1432,0.20101066816395283,0.10050533408197641,1.0,0.9999974882927781,0.5,0.5,0.1640625,0.4993375,8,8,['boundary_margin_error'],boundary_margin_error,Medium_Dice (25-75%)
20160328_151752_1921_721,0.7892889287152814,0.65192178995914,0.8863843116919113,0.7113652954038431,17538,2248,7116,203498,24654,19786,0.1136156878601031,0.28863470430761745,4,1,6163.5,4532,0.18382412590249048,0.09191206295124524,0.25,0.9999969528685057,0.375,0.625,0.171875,0.498375,6,10,['boundary_margin_error'],boundary_margin_error,Medium_Dice (25-75%)
20160328_151752_1_361,0.7479733163576614,0.5974100441547235,0.6426441859552564,0.8945974948875868,12502,6952,1473,209473,13975,19454,0.3573558137144032,0.10540250447227191,1,1,13975.0,2708,0.19377459749552772,0.09688729874776386,1.0,0.9999978315369498,0.25,0.75,0.1953125,0.49806249999999996,4,12,['boundary_margin_error'],boundary_margin_error,Medium_Dice (25-75%)
20160328_151752_1_721,0.4517212417050352,0.2917570491004418,0.2917570491004418,0.9999999907063198,1076,2612,0,226712,1076,3688,0.7082429501084598,0.0,5,2,215.2,573,0.5325278810408922,0.2662639405204461,0.4,0.9999938832916475,0.5,0.5,0.15625,0.49945,8,8,"['false_crack_high_fp', 'thin_low_area_failure', 'over_segmentation', 'complex_topology']",false_crack_high_fp,Low_Dice (<25%)
20160328_151752_641_361,0.7903874951351583,0.6534220603344983,0.7745116019561077,0.8069278543684052,16889,4917,4041,204553,20930,21806,0.22548839768870954,0.19307214524605829,5,2,4186.0,3827,0.18284758719541327,0.09142379359770664,0.4,0.999997761128882,0.375,0.625,0.171875,0.4984125,6,10,"['complex_topology', 'boundary_margin_error']",complex_topology,Medium_Dice (25-75%)
20160328_152022_1281_721,0.9062357257310344,0.8285475646356534,0.8675251045301633,0.9485623842823258,28768,4393,1560,195679,30328,33161,0.13247489520822653,0.05143761540490636,1,1,30328.0,3008,0.09918227380638354,0.04959113690319177,1.0,0.9999980329852087,0.375,0.625,0.171875,0.49822500000000003,6,10,['high_quality'],high_quality,High_Dice (>75%)
20160328_152022_1921_1,0.8170763255797794,0.6907261586257865,0.7498337916707819,0.8975670749231843,7895,2634,901,218970,8796,10529,0.25016620761705766,0.10243292405638926,1,2,8796.0,850,0.09663483401546158,0.04831741700773079,2.0,0.999997120176908,0.4375,0.5625,0.1640625,0.4995375,7,9,['boundary_margin_error'],boundary_margin_error,Medium_Dice (25-75%)
20160328_152022_1921_361,0.7865871236418382,0.648243593724369,0.723836734398434,0.8612500602878684,17734,6766,2857,203043,20591,24500,0.27616326530612245,0.13874993929386625,3,2,6863.666666666667,3230,0.15686464960419602,0.07843232480209801,0.6666666666666666,0.9999962156230335,0.375,0.625,0.1640625,0.49786250000000004,6,10,['boundary_margin_error'],boundary_margin_error,Medium_Dice (25-75%)
20160328_152022_1921_721,0.8739688355298034,0.7761497755179896,0.8226919751314133,0.932062560183712,9535,2055,695,218115,10230,11590,0.17730802415875754,0.06793743890518084,1,2,10230.0,1710,0.16715542521994134,0.08357771260997067,2.0,0.999996958217061,0.4375,0.5625,0.1796875,0.4994124999999999,7,9,['high_quality'],high_quality,High_Dice (>75%)
20160328_152022_1_1081,0.6963719266968815,0.5341799098667934,0.5779514598289169,0.8758259557713178,7025,5130,996,217249,8021,12155,0.4220485396955985,0.12417404313676599,1,5,8021.0,2299,0.28662261563396085,0.14331130781698043,5.0,0.9999971227434139,0.3125,0.6875,0.1640625,0.4987625,5,11,['fragmented_prediction'],fragmented_prediction,Low_Dice (<25%)
20160328_152022_1_361,0.6859418783213721,0.5220026930354678,0.5461592658065322,0.9218873873041736,2325,1932,197,225946,2522,4257,0.45384073291050037,0.07811260904044409,2,1,1261.0,818,0.32434575733544807,0.16217287866772404,0.5,0.9999962991426459,0.4375,0.5625,0.1640625,0.5001625,7,9,['moderate_general_error'],moderate_general_error,Low_Dice (<25%)
20160328_152022_1_721,0.7437674810022088,0.5920619548963583,0.6771479177622366,0.8249258149110793,6116,2916,1298,220070,7414,9032,0.3228520814880425,0.17507418397626112,2,3,3707.0,1733,0.23374696520097113,0.11687348260048556,1.5,0.9999966407568426,0.375,0.625,0.1796875,0.4999875,6,10,['boundary_margin_error'],boundary_margin_error,Medium_Dice (25-75%)
20160328_152022_641_361,0.841748153821094,0.7267401788290144,0.8226804119126886,0.8617207559761144,14763,3182,2369,210086,17132,17945,0.177319587628866,0.13827924352089657,1,1,17132.0,2760,0.16110203128648143,0.08055101564324071,1.0,0.9999985590642484,0.25,0.75,0.2109375,0.49848750000000003,4,12,['boundary_margin_error'],boundary_margin_error,Medium_Dice (25-75%)
20160328_152022_641_721,0.8059751875528243,0.6750070678187696,0.7244727655264893,0.9081399766019146,14325,5448,1449,209178,15774,19773,0.27552723410711577,0.09186002282236592,3,2,5258.0,2652,0.1681247622670217,0.08406238113351085,0.6666666666666666,0.9999977457078809,0.3125,0.6875,0.203125,0.4983,5,11,['boundary_margin_error'],boundary_margin_error,Medium_Dice (25-75%)
20160328_152305_1281_361,0.8921644222990199,0.8053220534318563,0.8549423061132596,0.9327751932199844,15041,2552,1084,211723,16125,17593,0.1450576934007844,0.06722480620155039,2,2,8062.5,1636,0.10145736434108527,0.05072868217054263,1.0,0.9999973804013158,0.5,0.5,0.1328125,0.4990875,8,8,['high_quality'],high_quality,High_Dice (>75%)
20160328_152305_1281_721,0.8243679906151024,0.7012126107781124,0.7121900483265696,0.978491388299247,13011,5258,286,211845,13297,18269,0.28780995128359516,0.021508610964879295,2,2,6648.5,1594,0.11987666390915244,0.05993833195457622,1.0,0.9999971792200859,0.375,0.625,0.203125,0.4988875,6,10,['boundary_margin_error'],boundary_margin_error,Medium_Dice (25-75%)
20160328_152305_1921_361,0.8260982920901015,0.7037201552086915,0.8041197864799425,0.8493120081981272,19011,4631,3373,203385,22384,23642,0.195880213179934,0.1506879914224446,3,2,7461.333333333333,2186,0.0976590421729807,0.04882952108649035,0.6666666666666666,0.9999920648451264,0.3125,0.6875,0.15625,0.49897500000000006,5,11,['boundary_margin_error'],boundary_margin_error,Medium_Dice (25-75%)
20160328_152305_1921_721,0.9184121775568788,0.8491332451232146,0.8971770531964112,0.9406768912785671,14842,1701,936,212921,15778,16543,0.10282294626125854,0.059323108125237674,1,2,15778.0,1312,0.08315375839776905,0.041576879198884524,2.0,0.9999956247593516,0.375,0.625,0.1796875,0.4988375,6,10,['high_quality'],high_quality,High_Dice (>75%)
20160328_152305_1_361,0.7787864306945648,0.6377151796122763,0.6918086456728256,0.8907799196730581,11410,5083,1399,212508,12809,16493,0.3081913539077184,0.10922007963150909,1,1,12809.0,3367,0.26286205012100866,0.13143102506050433,1.0,0.9999961532720842,0.5,0.5,0.15625,0.49878749999999994,8,8,['boundary_margin_error'],boundary_margin_error,Medium_Dice (25-75%)
20160328_152305_641_361,0.7535551863301974,0.6045636181128374,0.6594857535791991,0.878925653886566,10439,5390,1438,213133,11877,15829,0.3405142460041696,0.12107434537341079,2,2,5938.5,2578,0.2170581796750021,0.10852908983750105,1.0,0.999996650049956,0.4375,0.5625,0.1484375,0.4991625,7,9,['boundary_margin_error'],boundary_margin_error,Medium_Dice (25-75%)
20160328_152305_641_721,0.7960270752492319,0.6611669240103683,0.727786993012723,0.8783880898981581,17111,6400,2369,204520,19480,23511,0.2722130066777253,0.12161190965092403,2,3,9740.0,2953,0.15159137577002055,0.07579568788501027,1.5,0.999996880900412,0.25,0.75,0.21875,0.4979874999999999,4,12,['boundary_margin_error'],boundary_margin_error,Medium_Dice (25-75%)
20160328_152511_1281_361,0.7154150193807205,0.5569230764599392,0.613278387716778,0.8583696477078062,6697,4223,1105,218375,7802,10920,0.38672161172161174,0.14163035119200204,3,2,2600.6666666666665,2301,0.2949243783645219,0.14746218918226095,0.6666666666666666,0.9999973612676758,0.5625,0.4375,0.140625,0.498825,9,7,['boundary_margin_error'],boundary_margin_error,Medium_Dice (25-75%)
20160328_152511_1281_721,0.8303785331174105,0.7099549355319474,0.7211818550129258,0.9785431940927101,5199,2010,114,223077,5313,7209,0.2788181439866833,0.021456804065499716,1,1,5313.0,1252,0.23564840956145303,0.11782420478072651,1.0,0.9999960842603428,0.4375,0.5625,0.15625,0.49929999999999997,7,9,['boundary_margin_error'],boundary_margin_error,Medium_Dice (25-75%)
20160328_152511_1921_361,0.7391267120123601,0.586202213223194,0.6878336382058532,0.7986862792129834,8633,3918,2176,215673,10809,12551,0.31216636124611585,0.20131372004810805,2,2,5404.5,1974,0.1826255897862892,0.0913127948931446,1.0,0.9999919287799137,0.375,0.625,0.15625,0.4990125000000001,6,10,['boundary_margin_error'],boundary_margin_error,Medium_Dice (25-75%)
20160328_152511_1921_721,0.5849943278358497,0.4134218959992878,0.8000886507090235,0.4610472535618809,3610,902,4220,221668,7830,4512,0.1999113475177305,0.5389527458492975,1,1,7830.0,1447,0.18480204342273307,0.09240102171136653,1.0,0.9999935458434388,0.375,0.625,0.171875,0.4994875,6,10,['moderate_general_error'],moderate_general_error,Low_Dice (<25%)
20160328_152511_1_361,0.6709112015763787,0.5047903513836844,0.5605833016894585,0.8353072826305071,8957,7021,1766,212656,10723,15978,0.43941669795969457,0.16469271659050638,1,2,10723.0,3459,0.3225776368553576,0.1612888184276788,2.0,0.9999954660532928,0.25,0.75,0.171875,0.4983875,4,12,['moderate_general_error'],moderate_general_error,Low_Dice (<25%)
20160328_152511_641_361,0.7765075645467268,0.6346647858587293,0.6460213286269374,0.9730481110718603,12600,6904,349,210547,12949,19504,0.35397867104183756,0.02695188817669318,1,1,12949.0,2798,0.21607846165727082,0.10803923082863541,1.0,0.9999965223562843,0.3125,0.6875,0.1640625,0.498625,5,11,['boundary_margin_error'],boundary_margin_error,Medium_Dice (25-75%)
20160328_152511_641_721,0.7352389860936294,0.5813264150376939,0.6301204793971065,0.8824521885126424,1569,921,209,227701,1778,2490,0.36987951807228914,0.11754780652418448,1,2,1778.0,514,0.2890888638920135,0.14454443194600675,2.0,0.9999947133537597,0.5,0.5,0.15625,0.5001875,8,8,['boundary_margin_error'],boundary_margin_error,Medium_Dice (25-75%)
20160328_152747_1281_361,0.7880439134593942,0.6502248078218561,0.7502861060881315,0.8298033914186116,9834,3273,2017,215276,11851,13107,0.24971389333943694,0.17019660788119145,2,2,5925.5,3166,0.26715045143869715,0.13357522571934857,1.0,0.9999979235496274,0.5,0.5,0.1640625,0.49875,8,8,['boundary_margin_error'],boundary_margin_error,Medium_Dice (25-75%)
20160328_152747_1281_721,0.7248182747148115,0.5684039069433097,0.5774321622189538,0.9732292193350295,1745,1277,48,227330,1793,3022,0.42256783587028457,0.026770775237032907,1,1,1793.0,390,0.21751254880089235,0.10875627440044618,1.0,0.9999977663570878,0.4375,0.5625,0.171875,0.49963749999999996,7,9,['moderate_general_error'],moderate_general_error,Medium_Dice (25-75%)
20160328_152747_1921_361,0.7899289097186228,0.6527954564511919,0.8318672401073883,0.7520162423145811,13334,2695,4397,209974,17731,16029,0.16813275937363528,0.2479837572612938,1,1,17731.0,3321,0.18729908070610796,0.09364954035305398,1.0,0.9999951900883248,0.3125,0.6875,0.171875,0.49849999999999994,5,11,['boundary_margin_error'],boundary_margin_error,Medium_Dice (25-75%)
20160328_152747_1_361,0.7726346667864743,0.6295066724457163,0.6843016956446758,0.8871526144969097,9481,4374,1206,215339,10687,13855,0.3156983038614219,0.11284738467296716,1,1,10687.0,2884,0.26986057827266774,0.13493028913633387,1.0,0.9999961576021612,0.4375,0.5625,0.15625,0.4988125,7,9,['boundary_margin_error'],boundary_margin_error,Medium_Dice (25-75%)
20160328_152747_641_361,0.7543306070080718,0.6055624479913345,0.6585338426700394,0.8827430287243836,11714,6074,1556,211056,13270,17788,0.34146615695974813,0.1172569706103994,1,1,13270.0,3624,0.27309721175584023,0.13654860587792012,1.0,0.9999960822505262,0.4375,0.5625,0.15625,0.49878749999999994,7,9,['boundary_margin_error'],boundary_margin_error,Medium_Dice (25-75%)
20160328_153548_1281_1081,0.7176134012357441,0.5595920933104391,0.7415540477909287,0.6951702241079158,878,306,385,228831,1263,1184,0.25844594594594594,0.30482977038796516,1,4,1263.0,218,0.1726049089469517,0.08630245447347586,4.0,0.9999949069574877,0.375,0.625,0.1484375,0.5010625,6,10,['boundary_margin_error'],boundary_margin_error,Medium_Dice (25-75%)
20160328_153548_1281_361,0.8640398057665144,0.7606250730902983,0.9515699038039546,0.7912561566610146,6425,327,1695,221953,8120,6752,0.048430094786729855,0.20874384236453203,1,1,8120.0,1052,0.12955665024630542,0.06477832512315271,1.0,0.9999983379255877,0.375,0.625,0.140625,0.4995625,6,10,['high_quality'],high_quality,Medium_Dice (25-75%)
20160328_153548_1281_721,0.8349317264724354,0.7166375957903738,0.8459398927734648,0.82420637684796,23419,4265,4995,197721,28414,27684,0.15406010692096517,0.17579362286196945,3,3,9471.333333333334,4591,0.161575279791652,0.080787639895826,1.0,0.9999940649827126,0.3125,0.6875,0.1796875,0.4978625,5,11,['boundary_margin_error'],boundary_margin_error,Medium_Dice (25-75%)
20160328_153548_1921_361,0.9052426160899003,0.826888796910127,0.9187933260312384,0.8920857981567413,12061,1066,1459,215814,13520,13127,0.08120667326883522,0.10791420118343195,1,1,13520.0,1494,0.11050295857988165,0.05525147928994083,1.0,0.9999955751287477,0.4375,0.5625,0.15625,0.49924999999999997,7,9,['high_quality'],high_quality,High_Dice (>75%)
20160328_153548_1921_721,0.903515124253937,0.8240105670761517,0.8984102360281337,0.9086783568218509,16219,1834,1630,210717,17849,18053,0.1015897634742148,0.0913216426690571,2,1,8924.5,2779,0.15569499691859487,0.07784749845929743,0.5,0.9999954652567684,0.375,0.625,0.1640625,0.49879999999999997,6,10,['high_quality'],high_quality,High_Dice (>75%)
20160328_153548_1_1,0.7941154203249853,0.6585335227845762,0.8368345472335083,0.7555459518123759,15735,3068,5091,206506,20826,18803,0.16316545232143806,0.24445404782483435,1,1,20826.0,3686,0.1769903005858062,0.0884951502929031,1.0,0.9999983780825513,0.375,0.625,0.1640625,0.49888750000000004,6,10,['boundary_margin_error'],boundary_margin_error,Medium_Dice (25-75%)
20160328_153548_1_1081,0.7318813789710067,0.577139525304923,0.7347748908391883,0.7290105665292954,22767,8218,8463,190952,31230,30985,0.26522510892367274,0.27098943323727187,1,1,31230.0,4278,0.13698366954851104,0.06849183477425552,1.0,0.9999958013700461,0.3125,0.6875,0.1796875,0.498475,5,11,['boundary_margin_error'],boundary_margin_error,Medium_Dice (25-75%)
20160328_153548_641_1,0.8099143422544977,0.680551300642341,0.7673976847394273,0.8574184818494723,4444,1347,739,223870,5183,5791,0.23260231393541703,0.1425815164962377,1,1,5183.0,1078,0.20798765193903146,0.10399382596951573,1.0,0.9999947141174609,0.5,0.5,0.15625,0.5001374999999999,8,8,['boundary_margin_error'],boundary_margin_error,Medium_Dice (25-75%)
20160328_153548_641_1081,0.7238785923384693,0.5672489999716906,0.6816572234512054,0.771675638087461,13475,6293,3987,206645,17462,19768,0.318342776203966,0.22832436147062193,1,1,17462.0,3550,0.2032985912266636,0.1016492956133318,1.0,0.9999969645340102,0.3125,0.6875,0.171875,0.499,5,11,['boundary_margin_error'],boundary_margin_error,Medium_Dice (25-75%)
20160328_153548_641_361,0.6644776114444197,0.497541349466315,0.5902160936096831,0.7601160990949017,4452,3091,1405,221452,5857,7543,0.40978390560784833,0.2398838996073075,10,3,585.7,2268,0.38722895680382446,0.19361447840191223,0.3,0.9999967010615559,0.25,0.75,0.171875,0.49895000000000006,4,12,['complex_topology'],complex_topology,Low_Dice (<25%)
20160328_153548_641_721,0.788215498654492,0.6504584749015151,0.8006449527245115,0.7761660617880668,12414,3091,3580,211315,15994,15505,0.19935504675910998,0.2238339377266475,2,1,7997.0,3223,0.2015130674002751,0.10075653370013755,0.5,0.9999951201653376,0.3125,0.6875,0.1796875,0.49867500000000003,5,11,['boundary_margin_error'],boundary_margin_error,Medium_Dice (25-75%)
20160328_153604_1281_1,0.6553614684079042,0.4873885828869822,0.518301905295652,0.8909689705478091,5140,4777,629,219854,5769,9917,0.48169809418170817,0.10903102790778298,1,2,5769.0,1772,0.3071589530247877,0.15357947651239384,2.0,0.9999956476565345,0.375,0.625,0.1484375,0.4993625,6,10,['moderate_general_error'],moderate_general_error,Low_Dice (<25%)
20160328_153604_1281_361,0.7901459851761672,0.6530920057253525,0.7634159775408177,0.8188157423361212,13856,4294,3066,209184,16922,18150,0.2365840220385675,0.18118425718000236,1,1,16922.0,3158,0.18662096678879564,0.09331048339439782,1.0,0.9999983492203535,0.25,0.75,0.1875,0.4988,4,12,['boundary_margin_error'],boundary_margin_error,Medium_Dice (25-75%)
20160328_153604_1281_721,0.7337539429604788,0.5794718482093385,0.6228132806004919,0.8927840319918253,10467,6339,1257,212337,11724,16806,0.37718671902891826,0.1072159672466735,1,1,11724.0,2934,0.2502558853633572,0.1251279426816786,1.0,0.9999978291906916,0.4375,0.5625,0.1484375,0.49931250000000005,7,9,['boundary_margin_error'],boundary_margin_error,Medium_Dice (25-75%)
20160328_153604_1921_361,0.7359518884660959,0.5822182571619279,0.6775555397068617,0.8053636057869664,9790,4659,2366,213585,12156,14449,0.3224444598242093,0.19463639355051005,2,2,6078.0,3155,0.25954261270154655,0.12977130635077327,1.0,0.9999970662382917,0.375,0.625,0.140625,0.4999625,6,10,['boundary_margin_error'],boundary_margin_error,Medium_Dice (25-75%)
20160328_153604_1921_721,0.8042236736085198,0.6725536004174316,0.7440322329754963,0.8750111748994089,9787,3367,1398,215848,11185,13154,0.2559677664588718,0.12498882431828341,1,1,11185.0,2448,0.218864550737595,0.1094322753687975,1.0,0.9999981392212693,0.375,0.625,0.1640625,0.4990375,6,10,['boundary_margin_error'],boundary_margin_error,Medium_Dice (25-75%)
20160328_153604_1_1,0.8239496774000351,0.7006075008580246,0.7615561292265604,0.8974792751670789,10610,3322,1212,215256,11822,13932,0.23844387022681596,0.10252072407376078,1,1,11822.0,2152,0.18203349687024192,0.09101674843512096,1.0,0.9999972343143795,0.375,0.625,0.15625,0.49887499999999996,6,10,['boundary_margin_error'],boundary_margin_error,Medium_Dice (25-75%)
20160328_153604_1_361,0.7759285790161546,0.6338915897509505,0.7069692704646386,0.8597948209902339,10560,4377,1722,213741,12282,14937,0.2930307290620607,0.14020517830972154,1,2,12282.0,2675,0.21779840416870216,0.10889920208435108,2.0,0.9999952639972225,0.375,0.625,0.140625,0.4990875,6,10,['boundary_margin_error'],boundary_margin_error,Medium_Dice (25-75%)
20160328_153604_641_1,0.7751917122852183,0.6329086111358314,0.6731832692007296,0.9136363626705747,8643,4196,817,216744,9460,12839,0.3268167302749435,0.08636363636363636,1,2,9460.0,1886,0.19936575052854122,0.09968287526427061,2.0,0.9999980150060526,0.375,0.625,0.15625,0.49848750000000003,6,10,['boundary_margin_error'],boundary_margin_error,Medium_Dice (25-75%)
20160328_153604_641_1081,0.8451122335177562,0.7317700109439594,0.8556287894249255,0.8348510568324067,16227,2738,3210,208225,19437,18965,0.14437121012391246,0.16514894273807687,1,1,19437.0,2413,0.1241446725317693,0.06207233626588465,1.0,0.9999969039468721,0.4375,0.5625,0.1484375,0.49863749999999996,7,9,['boundary_margin_error'],boundary_margin_error,Medium_Dice (25-75%)
20160328_153604_641_361,0.7689100653070252,0.6245766809057586,0.6861712404879343,0.874338135159255,14201,6495,2041,207663,16242,20696,0.313828759180518,0.12566186430242582,3,1,5414.0,4470,0.27521241226449944,0.13760620613224972,0.3333333333333333,0.9999973790553993,0.25,0.75,0.1953125,0.4975125,4,12,['boundary_margin_error'],boundary_margin_error,Medium_Dice (25-75%)
20160328_153604_641_721,0.7837906501575869,0.6444537285124015,0.7359694633888176,0.838258269928498,12340,4427,2381,211252,14721,16767,0.2640305361722431,0.16174172950207186,2,2,7360.5,3390,0.23028326879967392,0.11514163439983696,1.0,0.9999988566448887,0.375,0.625,0.1640625,0.49826249999999994,6,10,['boundary_margin_error'],boundary_margin_error,Medium_Dice (25-75%)
20160328_153620_1281_1081,0.87048832117748,0.7706766893149226,0.9060773447289968,0.8375893740633661,2460,255,477,227208,2937,2715,0.09392265193370165,0.16241062308478038,1,1,2937.0,555,0.18896833503575078,0.09448416751787539,1.0,0.9999962828527373,0.4375,0.5625,0.1640625,0.5007625,7,9,['high_quality'],high_quality,Medium_Dice (25-75%)
20160328_153620_1281_361,0.7938178152851095,0.6581243077079165,0.8451769048242983,0.7483430539173862,33873,6205,11391,178931,45264,40078,0.1548230949648186,0.25165694591728527,2,1,22632.0,7174,0.1584924001413927,0.07924620007069635,0.5,0.9999949554299551,0.3125,0.6875,0.1875,0.4969625,5,11,['boundary_margin_error'],boundary_margin_error,Medium_Dice (25-75%)
20160328_153620_1281_721,0.8463948582353092,0.7336954626784723,0.756235868084472,0.9609613713864362,21071,6792,856,201681,21927,27863,0.24376413164411584,0.03903862817530898,12,2,1827.25,5996,0.2734528207233092,0.1367264103616546,0.16666666666666666,0.9999952914806535,0.375,0.625,0.1484375,0.49835,6,10,"['complex_topology', 'boundary_margin_error']",complex_topology,Medium_Dice (25-75%)
20160328_153620_1921_1081,0.8935339487222483,0.8075565876516425,0.8841877111909275,0.9030798836351493,9383,1229,1007,218781,10390,10612,0.11581228797587637,0.09692011549566891,1,2,10390.0,1998,0.1923002887391723,0.09615014436958615,2.0,0.9999968270764754,0.3125,0.6875,0.171875,0.500525,5,11,['high_quality'],high_quality,High_Dice (>75%)
20160328_153620_1921_361,0.9049410016133813,0.8263856129639192,0.8777241981219551,0.9338997164971182,28031,3905,1984,196480,30015,31936,0.12227580160320642,0.06610028319173747,2,1,15007.5,4710,0.15692153923038482,0.07846076961519241,0.5,0.9999982640513845,0.4375,0.5625,0.1796875,0.498775,7,9,['high_quality'],high_quality,High_Dice (>75%)
20160328_153620_1_361,0.9287805175667396,0.8670310172636398,0.8948378710959665,0.965399687461242,30301,3561,1086,195452,31387,33862,0.1051621286397732,0.034600312231178515,2,1,15693.5,3918,0.1248287507566827,0.06241437537834135,0.5,0.9999968885795197,0.375,0.625,0.15625,0.49765000000000004,6,10,['high_quality'],high_quality,High_Dice (>75%)
20160328_153620_1_721,0.9398881265737902,0.8865933399426378,0.9048847073651628,0.9777085707626478,5965,627,136,223672,6101,6592,0.09511529126213593,0.022291427634813964,1,3,6101.0,709,0.11621045730208163,0.05810522865104081,3.0,0.9999957874287326,0.4375,0.5625,0.171875,0.49968749999999995,7,9,['high_quality'],high_quality,High_Dice (>75%)
20160328_153620_641_361,0.8696708207927959,0.7693960633686994,0.800824013183256,0.9514685301378063,6803,1692,347,221558,7150,8495,0.19917598587404356,0.04853146853146853,4,2,1787.5,1854,0.2593006993006993,0.12965034965034966,0.5,0.9999977845463434,0.4375,0.5625,0.1484375,0.49898750000000003,7,9,['high_quality'],high_quality,Medium_Dice (25-75%)
20160328_153620_641_721,0.8824038044919601,0.7895551255798922,0.8630890050618024,0.9026028722354793,42861,6799,4625,176115,47486,49660,0.13691099476439791,0.097397127574443,3,1,15828.666666666666,8363,0.17611506549298742,0.08805753274649371,0.3333333333333333,0.9999841073472151,0.3125,0.6875,0.1875,0.4968125,5,11,['high_quality'],high_quality,High_Dice (>75%)
20160328_153629_1281_361,0.9691460049756772,0.9401389621163667,0.942860204821119,0.9969394683779875,8795,533,27,221045,8822,9328,0.05713979416809605,0.0030605304919519385,1,1,8822.0,698,0.07912038086601678,0.03956019043300839,1.0,0.9999981511933999,0.375,0.625,0.15625,0.5001125,6,10,['high_quality'],high_quality,High_Dice (>75%)
20160328_153629_1281_721,0.9074166664776214,0.8305239871746914,0.8978767260779729,0.917161507299574,21778,2477,1967,204178,23745,24255,0.10212327355184499,0.08283849231417141,1,1,23745.0,3705,0.1560328490208465,0.07801642451042325,1.0,0.9999946362386231,0.3125,0.6875,0.1953125,0.4980125000000001,5,11,['high_quality'],high_quality,High_Dice (>75%)
20160328_153629_1921_361,0.9247453486512731,0.8600245044197995,0.9303054789299158,0.9192512853613405,28779,2156,2528,196937,31307,30935,0.0696945207693551,0.08074871434503465,1,1,31307.0,3988,0.1273836522183537,0.06369182610917686,1.0,0.999998045182604,0.4375,0.5625,0.15625,0.4983875,7,9,['high_quality'],high_quality,High_Dice (>75%)
20160328_153629_1_361,0.9160247398206318,0.8450605594716755,0.8719025954316556,0.9648504587015544,32583,4787,1187,191843,33770,37370,0.1280974043350281,0.035149541012733196,3,1,11256.666666666666,4891,0.14483269173822919,0.07241634586911459,0.3333333333333333,0.9999961572356266,0.375,0.625,0.15625,0.49797500000000006,6,10,['high_quality'],high_quality,High_Dice (>75%)
20160328_153629_641_361,0.849792608076715,0.7388168551549297,0.8070284139089773,0.8973425188018282,9117,2180,1043,218060,10160,11297,0.19297158537664866,0.10265748031496064,2,1,5080.0,1951,0.19202755905511812,0.09601377952755906,0.5,0.9999977307310182,0.3125,0.6875,0.15625,0.49946250000000003,5,11,['boundary_margin_error'],boundary_margin_error,Medium_Dice (25-75%)
20160328_153629_641_721,0.9390998238305087,0.8851915052189383,0.9075622081040817,0.9729082001413956,28011,2853,780,198756,28791,30864,0.09243779160186626,0.027091799520683548,6,1,4798.5,3676,0.12767878851029835,0.06383939425514917,0.16666666666666666,0.9999948251093651,0.25,0.75,0.1796875,0.49775,4,12,"['complex_topology', 'high_quality']",complex_topology,High_Dice (>75%)
20160328_153829_1281_361,0.8756080414908466,0.77873915307241,0.8036594490687089,0.9617059383707403,31141,7608,1240,190411,32381,38749,0.19634055072388965,0.03829406133226275,7,1,4625.857142857143,7820,0.24149964485346345,0.12074982242673173,0.14285714285714285,0.9999973545326725,0.3125,0.6875,0.1640625,0.4975625,5,11,"['complex_topology', 'high_quality']",complex_topology,High_Dice (>75%)
20160328_153829_1281_721,0.7888631081335695,0.6513409949208028,0.7139857187862543,0.8812856379437904,3400,1362,458,225180,3858,4762,0.28601427971440574,0.11871435977190253,3,1,1286.0,1468,0.3805080352514256,0.1902540176257128,0.3333333333333333,0.99999473625377,0.4375,0.5625,0.1640625,0.5008375,7,9,['boundary_margin_error'],boundary_margin_error,Medium_Dice (25-75%)
20160328_153829_1921_1,0.8212121868398418,0.6966581921459569,0.7210739071310068,0.9536490639261366,18908,7314,919,203259,19827,26222,0.278926092594005,0.046350935592878395,14,1,1416.2142857142858,6747,0.3402935391133303,0.17014676955666516,0.07142857142857142,0.999997191542846,0.25,0.75,0.1875,0.49753749999999997,4,12,"['complex_topology', 'boundary_margin_error']",complex_topology,Medium_Dice (25-75%)
20160328_153829_1921_361,0.822310199321949,0.698240061897884,0.7200244683523156,0.9584690527728853,3531,1373,153,225343,3684,4904,0.2799755301794454,0.041530944625407164,2,2,1842.0,976,0.26492942453854507,0.13246471226927253,1.0,0.9999953871443339,0.375,0.625,0.171875,0.5009125000000001,6,10,['boundary_margin_error'],boundary_margin_error,Medium_Dice (25-75%)
20160328_153829_1_1,0.8304524272682868,0.7100629736066217,0.7290521219577515,0.9646161898593865,16575,6160,608,207057,17183,22735,0.27094787772157464,0.035383809579235294,4,1,4295.75,5674,0.33021009136937673,0.16510504568468837,0.25,0.9999982463562889,0.3125,0.6875,0.1875,0.49806249999999996,5,11,['boundary_margin_error'],boundary_margin_error,Medium_Dice (25-75%)
20160328_153829_1_721,0.8648898876629258,0.7619436020019301,0.8601683756114596,0.8696635179283635,6539,1063,980,221818,7519,7602,0.13983162325703763,0.1303364809150153,1,1,7519.0,1642,0.2183801037371991,0.10919005186859955,1.0,0.9999966560899052,0.5,0.5,0.1640625,0.4996125,8,8,['high_quality'],high_quality,Medium_Dice (25-75%)
20160328_153829_641_1,0.8640335338103572,0.7606153522370899,0.8455627450626515,0.8833293089791591,14635,2673,1933,211159,16568,17308,0.1544372544488098,0.1166706904876871,5,2,3313.6,3613,0.21807098020280058,0.10903549010140029,0.4,0.9999973934176964,0.4375,0.5625,0.140625,0.498575,7,9,"['complex_topology', 'high_quality']",complex_topology,Medium_Dice (25-75%)
20160328_153829_641_1081,0.723241685524368,0.5664671828053889,0.5819391245898619,0.955169560041076,5774,4148,271,220207,6045,9922,0.41806087482362425,0.04483043837882548,2,2,3022.5,1958,0.323904052936311,0.1619520264681555,1.0,0.9999977363648918,0.4375,0.5625,0.1484375,0.499425,7,9,['moderate_general_error'],moderate_general_error,Medium_Dice (25-75%)
20160328_153829_641_361,0.8490260708126904,0.7376588203107074,0.7484150457011676,0.9808890721771375,7083,2381,138,220798,7221,9464,0.25158495350803045,0.019110926464478605,2,1,3610.5,2066,0.2861099570696579,0.14305497853482896,0.5,0.9999972994943431,0.4375,0.5625,0.1484375,0.49989999999999996,7,9,['boundary_margin_error'],boundary_margin_error,Medium_Dice (25-75%)
20160328_153829_641_721,0.7665183707916983,0.6214266614442248,0.6244295285250213,0.9923208148791773,2326,1399,18,226657,2344,3725,0.3755704697986577,0.007679180887372013,2,2,1172.0,1120,0.4778156996587031,0.23890784982935154,1.0,0.9999921578839692,0.5,0.5,0.1484375,0.5008625,8,8,['boundary_margin_error'],boundary_margin_error,Medium_Dice (25-75%)
20160329_103807_1081_1,0.21100595790043478,0.11794670800177622,0.29082125322878016,0.16556655574495843,301,734,1517,227848,1818,1035,0.7091787439613526,0.8344334433443344,1,3,1818.0,702,0.38613861386138615,0.19306930693069307,3.0,0.9999861532763467,0.4375,0.5625,0.1953125,0.5000125,7,9,"['missed_crack_high_fn', 'false_crack_high_fp', 'thin_low_area_failure']",missed_crack_high_fn,Low_Dice (<25%)
20160329_103807_361_1,0.7606309025455125,0.6137242764143106,0.8562331349939378,0.6842332237863407,15866,2664,7322,204548,23188,18530,0.14376686454398274,0.3157667759185786,2,1,11594.0,1985,0.08560462308090391,0.04280231154045196,0.5,0.999986934985789,0.375,0.625,0.234375,0.4987,6,10,['boundary_margin_error'],boundary_margin_error,Medium_Dice (25-75%)
20160329_103807_361_1281,0.744764547336201,0.5933265713262784,0.8094376438497649,0.6896614266355315,22814,5371,10266,191949,33080,28185,0.19056235586304773,0.3103385731559855,4,2,8270.0,5043,0.1524486094316808,0.0762243047158404,0.5,0.999990190077901,0.375,0.625,0.15625,0.49855000000000005,6,10,['boundary_margin_error'],boundary_margin_error,Medium_Dice (25-75%)
20160329_103807_361_1921,0.6351624493496102,0.46537586033365985,0.8563282191883689,0.5047893858565,16969,2847,16647,193937,33616,19816,0.14367178037949133,0.4952106139933365,6,1,5602.666666666667,5092,0.15147548786292242,0.07573774393146121,0.16666666666666666,0.9999938766382107,0.5,0.5,0.140625,0.4986875,8,8,['complex_topology'],complex_topology,Low_Dice (<25%)
20160329_103807_361_641,0.8137987678716575,0.6860545629441798,0.9217234136241863,0.7284988024182809,34678,2945,12924,179853,47602,37623,0.07827658613082424,0.27150119742867945,3,1,15867.333333333334,4507,0.09468089576068232,0.04734044788034116,0.3333333333333333,0.9999889651085556,0.5,0.5,0.1484375,0.498375,8,8,['boundary_margin_error'],boundary_margin_error,Medium_Dice (25-75%)
20160329_103807_721_1,0.6688867023212274,0.5025017055179661,0.7186923990465724,0.6255367335320452,13257,5189,7936,204018,21193,18446,0.2813076005638079,0.3744632661727929,1,1,21193.0,3008,0.14193365733968763,0.07096682866984381,1.0,0.999987209906276,0.4375,0.5625,0.1953125,0.499075,7,9,['boundary_margin_error'],boundary_margin_error,Low_Dice (<25%)
20160329_103807_721_1281,0.6896918153833904,0.5263584731291221,0.7744630025390036,0.621647506601305,1298,378,790,227934,2088,1676,0.22553699284009546,0.3783524904214559,2,1,1044.0,664,0.31800766283524906,0.15900383141762453,0.5,0.9999882911544059,0.4375,0.5625,0.203125,0.5003625,7,9,['boundary_margin_error'],boundary_margin_error,Low_Dice (<25%)
20160330_165956_1281_721,0.6540694709921211,0.4859607958177849,0.5132693840821189,0.9013194821710844,6421,6089,703,217187,7124,12510,0.48673061550759394,0.09868051656372824,5,1,1424.8,3495,0.49059517125210556,0.24529758562605278,0.2,0.999996893161101,0.375,0.625,0.203125,0.498575,6,10,['complex_topology'],complex_topology,Low_Dice (<25%)
20160330_165956_1921_721,0.7272950412817286,0.571456122881913,0.5959372479928225,0.9329345073473954,5926,4018,426,220030,6352,9944,0.40406275140788417,0.0670654911838791,2,1,3176.0,3591,0.5653337531486146,0.2826668765743073,0.5,0.9999939787968557,0.375,0.625,0.1796875,0.4987125,6,10,['moderate_general_error'],moderate_general_error,Medium_Dice (25-75%)
20160330_165956_1_1081,0.8190668719375077,0.6935759972127435,0.7721938000078304,0.8719981865971929,7698,2271,1130,219301,8828,9969,0.22780619921757447,0.12800181241504305,1,1,8828.0,3489,0.3952197553239692,0.1976098776619846,1.0,0.9999972474485898,0.375,0.625,0.1640625,0.499075,6,10,['boundary_margin_error'],boundary_margin_error,Medium_Dice (25-75%)
20160330_165956_1_721,0.6810045413565292,0.5163054481301342,0.5296623371120391,0.9534318291501181,5098,4527,249,220526,5347,9625,0.47033766233766233,0.04656816906676641,5,3,1069.4,4121,0.7707125490929493,0.38535627454647464,0.6,0.9999942749735126,0.5,0.5,0.171875,0.4995375000000001,8,8,['complex_topology'],complex_topology,Low_Dice (<25%)
20160330_165956_641_721,0.7769561303202978,0.6352643184612596,0.6557307913842196,0.9531690560829116,7775,4082,382,218161,8157,11857,0.34426920806274774,0.04683094274855952,2,1,4078.5,4056,0.49724163295329166,0.24862081647664583,0.5,0.9999973058770257,0.5,0.5,0.1953125,0.49915,8,8,['boundary_margin_error'],boundary_margin_error,Medium_Dice (25-75%)
20160330_170359_1281_721,0.8161417097431022,0.6893913878543682,0.9404082165319918,0.7208834329323128,28658,1816,11096,188830,39754,30474,0.05959178315941458,0.27911656688635106,1,1,39754.0,3228,0.08119937616340495,0.04059968808170247,1.0,0.9999857925500804,0.3125,0.6875,0.2109375,0.498,5,11,['boundary_margin_error'],boundary_margin_error,Medium_Dice (25-75%)
20160330_170359_1921_361,0.8648167621646531,0.7618301022606281,0.863675535460694,0.8659610083350645,16035,2531,2482,209352,18517,18566,0.13632446407411397,0.1340389911972782,1,1,18517.0,1564,0.08446292595992871,0.04223146297996436,1.0,0.9999883866102883,0.3125,0.6875,0.171875,0.497975,5,11,['high_quality'],high_quality,Medium_Dice (25-75%)
20160330_170359_1921_721,0.8866469109221057,0.7963753095223799,0.9466718186906232,0.833780046443829,19598,1104,3907,205791,23505,20702,0.05332818085209159,0.1662199532014465,2,2,11752.5,1744,0.07419697936609232,0.03709848968304616,1.0,0.9999848116668859,0.3125,0.6875,0.1875,0.49836250000000004,5,11,['high_quality'],high_quality,High_Dice (>75%)
20160330_170359_1_721,0.8534878848050432,0.7444211652834678,0.8491829699729927,0.8578366691395983,30557,5427,5064,189352,35621,35984,0.15081702979101824,0.14216333061957834,1,1,35621.0,3446,0.09674068667359143,0.04837034333679571,1.0,0.99998523064212,0.375,0.625,0.1875,0.497925,6,10,['high_quality'],high_quality,Medium_Dice (25-75%)
20160330_170359_641_721,0.8650741795826375,0.7622297105413564,0.8681037512815096,0.8620656797109618,27143,4124,4343,194790,31486,31267,0.13189624844084819,0.13793432001524486,1,1,31486.0,3540,0.11243092167947659,0.056215460839738295,1.0,0.9999848220506087,0.4375,0.5625,0.1640625,0.4981,7,9,['high_quality'],high_quality,Medium_Dice (25-75%)
20160330_172309_1281_361,0.8705868171643651,0.7708311098145406,0.808979956545762,0.9423503313651359,7225,1706,442,221027,7667,8931,0.19102004254842683,0.057649667405764965,1,1,7667.0,2848,0.37146211034302856,0.18573105517151428,1.0,0.9999980893808111,0.375,0.625,0.1484375,0.49847500000000006,6,10,['high_quality'],high_quality,High_Dice (>75%)
20160330_172309_1281_721,0.8698873010445024,0.7697350024015238,0.8041086551766758,0.94738653273147,24777,6036,1376,198211,26153,30813,0.19589134456236004,0.05261346690628226,4,2,6538.25,4491,0.1717202615378733,0.08586013076893664,0.5,0.9999967988228062,0.3125,0.6875,0.234375,0.4984125,5,11,['high_quality'],high_quality,Medium_Dice (25-75%)
20160330_172309_1921_361,0.9009146805038654,0.8196949449901498,0.8344194475919876,0.9789256741264953,14725,2922,317,212436,15042,17647,0.16558055193517313,0.021074325222709744,1,1,15042.0,1696,0.1127509639675575,0.05637548198377875,1.0,0.9999976483525141,0.4375,0.5625,0.2109375,0.4987625,7,9,['high_quality'],high_quality,High_Dice (>75%)
20160330_172309_1921_721,0.8568416294256992,0.749538866600993,0.7993162229302565,0.9232891528681152,17067,4285,1418,207630,18485,21352,0.20068377669539153,0.07671084663240466,1,1,18485.0,2827,0.15293481200973763,0.07646740600486882,1.0,0.9999960967090431,0.25,0.75,0.234375,0.4982375,4,12,['high_quality'],high_quality,Medium_Dice (25-75%)
20160330_172309_1_721,0.8985484623852691,0.8157857442653698,0.905520892934766,0.8916825851145219,17271,1802,2098,209229,19369,19073,0.0944791065904682,0.1083174144251123,1,1,19369.0,3466,0.17894573803500438,0.08947286901750219,1.0,0.9999967942097645,0.4375,0.5625,0.171875,0.4984125,7,9,['high_quality'],high_quality,High_Dice (>75%)
20160330_172309_641_361,0.7599351160585257,0.6128188338364328,0.6158396299183712,0.9920592853781933,1874,1169,15,227342,1889,3043,0.38416036805783765,0.007940709370037057,1,2,1889.0,624,0.33033350979354154,0.16516675489677077,2.0,0.9999945123440874,0.5,0.5,0.1640625,0.5000374999999999,8,8,['boundary_margin_error'],boundary_margin_error,Medium_Dice (25-75%)
20160330_172309_641_721,0.8589537841659041,0.7527773829371281,0.8612293986733318,0.8566901633393617,26494,4269,4432,195205,30926,30763,0.13877060104671196,0.14330983638362543,3,1,10308.666666666666,6929,0.2240509603569812,0.1120254801784906,0.3333333333333333,0.9999966919707814,0.3125,0.6875,0.1796875,0.4967625,5,11,['high_quality'],high_quality,Medium_Dice (25-75%)
20160402_150314_1281_1081,0.8176731606836327,0.6915796322076382,0.7170896760842989,0.9510771950131184,2119,836,109,227336,2228,2955,0.2829103214890017,0.048922800718132854,1,1,2228.0,838,0.3761220825852783,0.18806104129263915,1.0,0.9999976551685441,0.375,0.625,0.171875,0.49995,6,10,['boundary_margin_error'],boundary_margin_error,Medium_Dice (25-75%)
20160402_150314_1281_361,0.830757220272633,0.7105087452122998,0.7272106044455233,0.9686874185896825,5321,1996,172,222911,5493,7317,0.2727893945606123,0.03131257964682323,1,1,5493.0,1826,0.3324230839249954,0.1662115419624977,1.0,0.9999978645946832,0.4375,0.5625,0.1484375,0.49971249999999995,7,9,['boundary_margin_error'],boundary_margin_error,Medium_Dice (25-75%)
20160402_150314_1281_721,0.8369098709239309,0.7195571950978142,0.7914764073411058,0.887877062453958,10920,2877,1379,215224,12299,13797,0.2085235920852359,0.11212293682413205,3,2,4099.666666666667,3719,0.30238230750467515,0.15119115375233758,0.6666666666666666,0.9999978697201939,0.5,0.5,0.171875,0.49893750000000003,8,8,['boundary_margin_error'],boundary_margin_error,Medium_Dice (25-75%)
20160402_150314_1921_1,0.8550915059337909,0.7468644964776913,0.8010374531378254,0.9169685981109414,9111,2263,825,218201,9936,11374,0.19896254615790399,0.08303140096618357,2,1,4968.0,2878,0.2896537842190016,0.1448268921095008,0.5,0.9999951994648146,0.5,0.5,0.15625,0.4989375,8,8,['high_quality'],high_quality,Medium_Dice (25-75%)
20160402_150314_1921_361,0.8317315014008673,0.7119352292715193,0.7280982886535836,0.9697616472082473,2726,1018,85,226571,2811,3744,0.2719017094017094,0.03023834934187122,1,1,2811.0,1008,0.35859124866595515,0.17929562433297758,1.0,0.9999920912410064,0.5,0.5,0.1640625,0.5002625,8,8,['boundary_margin_error'],boundary_margin_error,Medium_Dice (25-75%)
20160402_150314_1_361,0.8981932892089621,0.8152004162001407,0.9057258527861307,0.8907849826370926,26622,2771,3264,197743,29886,29393,0.09427414690572586,0.10921501706484642,1,1,29886.0,5157,0.172555711704477,0.0862778558522385,1.0,0.9999976968506379,0.3125,0.6875,0.1875,0.4977875,5,11,['high_quality'],high_quality,High_Dice (>75%)
20160402_150314_1_721,0.8100171808142775,0.6806965342311021,0.7786786778992205,0.8439839417988674,7779,2211,1438,218972,9217,9990,0.22132132132132132,0.1560160572854508,2,1,4608.5,3065,0.3325377020722578,0.1662688510361289,0.5,0.9999961830322135,0.375,0.625,0.1640625,0.499,6,10,['boundary_margin_error'],boundary_margin_error,Medium_Dice (25-75%)
20160402_150314_641_361,0.8746283443541698,0.7771906640497681,0.9017754490972341,0.8490679484677476,7060,769,1255,221316,8315,7829,0.09822454975092604,0.15093205051112446,1,1,8315.0,1802,0.21671677690920024,0.10835838845460012,1.0,0.9999962660627824,0.4375,0.5625,0.1796875,0.499575,7,9,['high_quality'],high_quality,High_Dice (>75%)
20160402_150314_641_721,0.8440688773827987,0.7302068962999286,0.8567382769524059,0.8317687258604939,21176,3541,4283,201400,25459,24717,0.14326172270097504,0.16823127381279704,1,1,25459.0,7162,0.28131505557955927,0.14065752778977963,1.0,0.9999937622479286,0.25,0.75,0.21875,0.497625,4,12,['boundary_margin_error'],boundary_margin_error,Medium_Dice (25-75%)
20160402_151049_1281_721,0.9409702088764226,0.8885209998465674,0.9188482378693352,0.9641836645361179,34081,3010,1266,192043,35347,37091,0.08115176188293656,0.035816335191105324,2,1,17673.5,3596,0.10173423487141765,0.05086711743570883,0.5,0.9999955564913918,0.375,0.625,0.203125,0.4978125,6,10,['high_quality'],high_quality,High_Dice (>75%)
20160402_151049_1921_1081,0.9331402494786358,0.8746606562133583,0.9243761159939501,0.94207216101618,17076,1397,1050,210877,18126,18473,0.07562388350565691,0.05792783846408474,1,1,18126.0,1926,0.10625620655412116,0.05312810327706058,1.0,0.9999966013490545,0.4375,0.5625,0.1796875,0.49863749999999996,7,9,['high_quality'],high_quality,High_Dice (>75%)
20160402_151049_1921_721,0.9307619346617673,0.8704908334584393,0.9249551162814384,0.9366421230176156,20608,1672,1394,206726,22002,22280,0.07504488330341114,0.06335787655667667,1,1,22002.0,2377,0.10803563312426143,0.05401781656213071,1.0,0.9999954090418272,0.4375,0.5625,0.171875,0.49806249999999996,7,9,['high_quality'],high_quality,High_Dice (>75%)
20160402_151049_1_361,0.9060946101266751,0.8283116789758224,0.8530941700975447,0.9661168436799721,23780,4095,834,201691,24614,27875,0.14690582959641255,0.033883155927520926,2,2,12307.0,4093,0.16628747867067523,0.08314373933533761,1.0,0.9999969059280915,0.4375,0.5625,0.1484375,0.49811249999999996,7,9,['high_quality'],high_quality,High_Dice (>75%)
20160402_151049_1_721,0.8427507219270383,0.7282361180906305,0.7581490764722366,0.9486053271641063,16630,5305,901,207564,17531,21935,0.24185092318212903,0.05139467229479208,1,1,17531.0,4794,0.2734584450402145,0.13672922252010725,1.0,0.9999950041793247,0.4375,0.5625,0.1875,0.4981,7,9,['boundary_margin_error'],boundary_margin_error,Medium_Dice (25-75%)
20160402_151049_641_361,0.8138071049465846,0.6860664132623538,0.7036516829225713,0.9648531489414869,2004,844,73,227479,2077,2848,0.29634831460674155,0.03514684641309581,1,1,2077.0,517,0.24891670678863745,0.12445835339431872,1.0,0.9999949910845225,0.5,0.5,0.1796875,0.4998625,8,8,['boundary_margin_error'],boundary_margin_error,Medium_Dice (25-75%)
20160402_151049_641_721,0.9370540293987222,0.8815631794235579,0.9107269765673841,0.9649485034577951,39725,3894,1443,185338,41168,43619,0.08927302322382448,0.035051496307811895,1,1,41168.0,4241,0.10301690633501749,0.051508453167508746,1.0,0.9999953252349941,0.375,0.625,0.171875,0.4972875,6,10,['high_quality'],high_quality,High_Dice (>75%)
20160402_151054_1281_1081,0.9332746476134757,0.8748968471833103,0.9189829523727345,0.9480178831904513,15903,1402,872,212223,16775,17305,0.08101704709621496,0.051982116244411326,1,1,16775.0,2057,0.12262295081967213,0.061311475409836065,1.0,0.99999775123782,0.4375,0.5625,0.1484375,0.498375,7,9,['high_quality'],high_quality,High_Dice (>75%)
20160402_151054_1281_361,0.9178920587251475,0.8482444529921487,0.8552806978887858,0.9903945094504383,5774,977,56,223593,5830,6751,0.14471930084431936,0.00960548885077187,1,1,5830.0,732,0.12555746140651802,0.06277873070325901,1.0,0.9999950787526494,0.5625,0.4375,0.15625,0.5002375,9,7,['high_quality'],high_quality,High_Dice (>75%)
20160402_151054_1281_721,0.9520622747819144,0.9085103550249433,0.9375743704948342,0.9670049561088021,40972,2728,1398,185302,42370,43700,0.062425629290617846,0.032995043662969084,1,1,42370.0,4055,0.09570450790653764,0.04785225395326882,1.0,0.9999958216775862,0.375,0.625,0.203125,0.49689999999999995,6,10,['high_quality'],high_quality,High_Dice (>75%)
20160402_151054_1921_361,0.852926462964943,0.7435673785741564,0.769187390306667,0.9571258150606092,13640,4093,611,212056,14251,17733,0.23081260925957256,0.04287418426777068,3,1,4750.333333333333,3394,0.23815872570345942,0.11907936285172971,0.3333333333333333,0.9999980348504764,0.375,0.625,0.15625,0.4989375,6,10,['high_quality'],high_quality,Medium_Dice (25-75%)
20160402_151054_1_361,0.868140522301217,0.7670038016258512,0.941864561880441,0.8051200962570408,53464,3300,12941,160695,66405,56764,0.05813543795363258,0.19487990362171523,1,1,66405.0,5533,0.08332203900308711,0.04166101950154356,1.0,0.9999962053113192,0.375,0.625,0.203125,0.4968125,6,10,['high_quality'],high_quality,Medium_Dice (25-75%)
20160402_151054_1_721,0.08994708964964586,0.04709141257932336,0.9999999264705937,0.04709141257932336,136,0,2752,227512,2888,136,0.0,0.9529085872576177,1,1,2888.0,396,0.1371191135734072,0.0685595567867036,1.0,0.9999937523851963,0.5,0.5,0.171875,0.5002125,8,8,"['missed_crack_high_fn', 'thin_low_area_failure']",missed_crack_high_fn,Low_Dice (<25%)
20160402_151054_641_361,0.9125519456130515,0.8391683096325047,0.9311508289885548,0.8946815027646706,10211,755,1202,218232,11413,10966,0.0688491701623199,0.10531849645141506,1,2,11413.0,1572,0.13773766757206693,0.06886883378603346,2.0,0.9999950218273859,0.4375,0.5625,0.171875,0.49962500000000004,7,9,['high_quality'],high_quality,High_Dice (>75%)
20160402_151054_641_721,0.9441504995004788,0.8942093537514603,0.9224387334400789,0.9669089769580748,21681,1823,742,206154,22423,23504,0.07756126616746085,0.033091022610712215,1,1,22423.0,2562,0.11425768184453464,0.05712884092226732,1.0,0.9999975590607748,0.25,0.75,0.1953125,0.49807499999999993,4,12,['high_quality'],high_quality,High_Dice (>75%)
20160405_171348_1281_361,0.8291243003308484,0.7081232453326429,0.7281105948841555,0.9626808761410444,1264,472,49,228615,1313,1736,0.271889400921659,0.037319116527037316,1,2,1313.0,228,0.17364813404417365,0.08682406702208682,2.0,0.9999895095456844,0.4375,0.5625,0.1953125,0.500075,7,9,['boundary_margin_error'],boundary_margin_error,Medium_Dice (25-75%)
20160405_171348_1281_721,0.8831879418671362,0.7908116100964107,0.8501229719896347,0.9189290794814766,34220,6033,3019,187128,37239,40253,0.14987702779917025,0.0810709202717581,2,1,18619.5,4149,0.11141545154273745,0.055707725771368725,0.5,0.9999842990613427,0.3125,0.6875,0.1953125,0.49807500000000005,5,11,['high_quality'],high_quality,High_Dice (>75%)
20160405_171348_1921_721,0.8352067702246557,0.7170429470866203,0.8919600773795507,0.7852435807904804,32173,3897,8799,185531,40972,36070,0.10803992237316329,0.21475641901786585,4,3,10243.0,5734,0.13994923362296202,0.06997461681148101,0.75,0.9999842955151368,0.375,0.625,0.1953125,0.498525,6,10,['boundary_margin_error'],boundary_margin_error,Medium_Dice (25-75%)
20160405_171348_1_721,0.7414715055773788,0.5891575032773063,0.8037947504686289,0.6881174468850532,29951,7311,13575,179563,43526,37262,0.1962052493156567,0.31188255295685335,5,3,8705.2,8064,0.18526857510453523,0.09263428755226762,0.6,0.9999781131682621,0.25,0.75,0.1875,0.49785,4,12,"['complex_topology', 'boundary_margin_error']",complex_topology,Medium_Dice (25-75%)
20160405_171348_641_721,0.8197460811660762,0.694550611597185,0.8299296277955106,0.8098094168133941,28894,5921,6786,188799,35680,34815,0.17007037196610655,0.19019058295964125,3,1,11893.333333333334,4812,0.13486547085201794,0.06743273542600897,0.3333333333333333,0.9999832136523068,0.375,0.625,0.171875,0.49823750000000006,6,10,['boundary_margin_error'],boundary_margin_error,Medium_Dice (25-75%)
20160407_163130_1281_721,0.9044802564822488,0.8256174859778721,0.943639451911842,0.8684416237327256,18886,1128,2861,207525,21747,20014,0.05636054761666833,0.1315583758679358,2,1,10873.5,4406,0.2026026578378627,0.10130132891893134,0.5,0.9999922759085978,0.5625,0.4375,0.1953125,0.4988125,9,7,['high_quality'],high_quality,High_Dice (>75%)
20160407_163130_1921_721,0.9081738445629574,0.8317934499374842,0.9572896969770264,0.8638520172376715,16205,723,2554,210918,18759,16928,0.04271030245746692,0.13614798230182845,1,1,18759.0,3963,0.2112585958739805,0.10562929793699025,1.0,0.9999919086016557,0.375,0.625,0.171875,0.498225,6,10,['high_quality'],high_quality,High_Dice (>75%)
20160407_163130_1_361,0.7698884744054117,0.6258688406592057,0.7276879805773436,0.8172849217944557,2071,775,463,227091,2534,2846,0.27231201686577655,0.18271507498026834,2,2,1267.0,693,0.27348066298342544,0.13674033149171272,1.0,0.9999962156951572,0.4375,0.5625,0.1484375,0.4993375,7,9,['boundary_margin_error'],boundary_margin_error,Medium_Dice (25-75%)
20160407_163130_1_721,0.8734137144619107,0.7752745845337039,0.9055973261095612,0.8434391147427116,15176,1582,2817,210825,17993,16758,0.09440267335004177,0.15656088478852886,4,2,4498.25,3803,0.21135997332295892,0.10567998666147946,0.5,0.9999938027015375,0.375,0.625,0.1875,0.4981,6,10,['high_quality'],high_quality,High_Dice (>75%)
20160407_163130_641_721,0.8918636062764709,0.8048319785614619,0.9345098434486842,0.8529398068744752,18322,1284,3159,207635,21481,19606,0.06549015607467101,0.14706019272845772,1,1,21481.0,3919,0.1824402960756017,0.09122014803780085,1.0,0.9999926533852002,0.5625,0.4375,0.171875,0.49865,9,7,['high_quality'],high_quality,High_Dice (>75%)
20160407_163257_1281_1,0.8761055078060103,0.7795264714713008,0.786475380746239,0.9887925742152242,11293,3066,128,215913,11421,14359,0.21352461870603803,0.011207424919008844,2,1,5710.5,2159,0.18903773750109448,0.09451886875054724,0.5,0.9999968769127097,0.375,0.625,0.140625,0.4988125,6,10,['high_quality'],high_quality,High_Dice (>75%)
20160407_163257_1281_361,0.8943635681922143,0.8089128961948849,0.833575810719479,0.9647144941693159,13178,2631,482,214109,13660,15809,0.16642418875324183,0.03528550512445095,1,1,13660.0,3222,0.23587115666178624,0.11793557833089312,1.0,0.9999976857070862,0.4375,0.5625,0.171875,0.4988875,7,9,['high_quality'],high_quality,High_Dice (>75%)
20160407_163257_1281_721,0.8747501659728514,0.7773830659829686,0.8222695380482596,0.9343865628602526,6565,1419,461,221955,7026,7984,0.1777304609218437,0.06561343580984913,1,1,7026.0,1974,0.28095644748078563,0.14047822374039282,1.0,0.9999939542213347,0.5,0.5,0.1875,0.4989875,8,8,['high_quality'],high_quality,High_Dice (>75%)
20160407_163257_1921_1081,0.7769183374790073,0.6352137893046633,0.6641310700244224,0.9358509219395599,5675,2870,389,221466,6064,8545,0.3358689291983616,0.06414907651715039,3,1,2021.3333333333333,2190,0.3611477572559367,0.18057387862796834,0.3333333333333333,0.9999934259551895,0.375,0.625,0.1796875,0.4991125,6,10,['boundary_margin_error'],boundary_margin_error,Medium_Dice (25-75%)
20160407_163257_1921_721,0.8671808048649094,0.7655068069017816,0.8172274551585095,0.9236385748043222,6072,1358,502,222468,6574,7430,0.18277254374158816,0.0763614237906906,1,1,6574.0,2038,0.31000912686340126,0.15500456343170063,1.0,0.9999934600681115,0.4375,0.5625,0.1796875,0.49892499999999995,7,9,['high_quality'],high_quality,Medium_Dice (25-75%)
20160407_163257_1_1,0.8756662155454354,0.7788311866571168,0.7951459110118854,0.9743317392686035,11008,2836,290,216266,11298,13844,0.20485408841375324,0.025668259869003365,1,1,11298.0,3246,0.2873074880509825,0.14365374402549125,1.0,0.9999976127568455,0.5,0.5,0.1484375,0.49867500000000003,8,8,['high_quality'],high_quality,High_Dice (>75%)
20160407_163257_641_361,0.8496063700798089,0.7385353569271333,0.7762711857988663,0.9382432288015957,9389,2706,618,217687,10007,12095,0.22372881355932203,0.061756770260817426,2,1,5003.5,3413,0.341061257120016,0.170530628560008,0.5,0.9999972045392063,0.375,0.625,0.171875,0.49850000000000005,6,10,['boundary_margin_error'],boundary_margin_error,Medium_Dice (25-75%)
20160407_165001_1281_1081,0.47294086558016046,0.3097069752703717,0.31496132180471054,0.9488877093514626,3583,7793,193,218831,3776,11376,0.6850386779184248,0.05111228813559322,2,4,1888.0,1841,0.4875529661016949,0.24377648305084745,2.0,0.9999979980671689,0.375,0.625,0.1640625,0.49906249999999996,6,10,"['false_crack_high_fp', 'thin_low_area_failure', 'over_segmentation']",false_crack_high_fp,Low_Dice (<25%)
20160407_165001_1281_361,0.7701942070413411,0.6262730355078364,0.7165845871425508,0.8324738107715763,10331,4086,2079,213904,12410,14417,0.28341541236040785,0.16752618855761484,2,2,6205.0,2498,0.20128928283642225,0.10064464141821113,1.0,0.999998709288725,0.375,0.625,0.15625,0.4986125,6,10,['boundary_margin_error'],boundary_margin_error,Medium_Dice (25-75%)
20160407_165001_1281_721,0.8249064560827915,0.7019921608393336,0.8445972478495143,0.8061128805435723,4299,791,1034,224276,5333,5090,0.15540275049115915,0.19388711794487157,1,1,5333.0,1172,0.21976373523345208,0.10988186761672604,1.0,0.9999978136897794,0.375,0.625,0.15625,0.49891250000000004,6,10,['boundary_margin_error'],boundary_margin_error,Medium_Dice (25-75%)
20160407_165001_1921_361,0.635299126426124,0.46552262017859186,0.5377545494003342,0.7760728198281591,2984,2565,861,223990,3845,5549,0.4622454496305641,0.22392717815344604,1,1,3845.0,1108,0.2881664499349805,0.14408322496749024,1.0,0.9999959889683705,0.375,0.625,0.171875,0.49945,6,10,['moderate_general_error'],moderate_general_error,Low_Dice (<25%)
20160407_165001_1921_721,0.6850816849284814,0.5210070291638,0.5298420610724505,0.9689875327318523,6374,5656,204,218166,6578,12030,0.47015793848711557,0.031012465795074492,2,2,3289.0,2875,0.4370629370629371,0.21853146853146854,1.0,0.9999959121790679,0.375,0.625,0.171875,0.4984,6,10,['moderate_general_error'],moderate_general_error,Low_Dice (<25%)
20160407_165001_1_1081,0.5834180602796765,0.4118491447059257,0.4990512326074459,0.7021134578373449,3156,3168,1339,222737,4495,6324,0.5009487666034156,0.2978865406006674,2,2,2247.5,2332,0.5187986651835372,0.2593993325917686,1.0,0.9999969121594143,0.4375,0.5625,0.1640625,0.49906249999999996,7,9,['moderate_general_error'],moderate_general_error,Low_Dice (<25%)
20160407_165001_1_721,0.8700221077636388,0.7699461323457942,0.8868012871601982,0.8538660951003911,15151,1934,2593,210722,17744,17085,0.1131987123207492,0.14613390441839494,1,1,17744.0,3895,0.2195108205590622,0.1097554102795311,1.0,0.9999976014837059,0.125,0.875,0.234375,0.49793750000000003,2,14,['high_quality'],high_quality,Medium_Dice (25-75%)
20160407_165001_641_1081,0.4877069737986616,0.32249502268995517,0.3333904984850103,0.907986917758118,1944,3887,197,224372,2141,5831,0.6666095009432345,0.09201307800093414,2,3,1070.5,1225,0.572162540868753,0.2860812704343765,1.5,0.9999971135208305,0.5,0.5,0.1640625,0.4993,8,8,"['false_crack_high_fp', 'thin_low_area_failure', 'over_segmentation']",false_crack_high_fp,Low_Dice (<25%)
20160407_165001_641_361,0.8771174713692879,0.7811302153208136,0.8416425742865995,0.9157144685352969,14265,2684,1313,212138,15578,16949,0.15835742521682694,0.08428553087687765,1,1,15578.0,3166,0.2032353318782899,0.10161766593914495,1.0,0.9999971694347849,0.1875,0.8125,0.203125,0.49798749999999997,3,13,['high_quality'],high_quality,High_Dice (>75%)
20160407_165001_641_721,0.5481171536650269,0.3775216127448945,0.3886087202948421,0.9297373958144969,1310,2061,99,226930,1409,3371,0.6113912785523583,0.07026259758694109,2,4,704.5,474,0.33640880056777855,0.16820440028388928,2.0,0.9999945818126679,0.4375,0.5625,0.1640625,0.49992500000000006,7,9,"['thin_low_area_failure', 'over_segmentation']",thin_low_area_failure,Low_Dice (<25%)
IMG_2931_1297_485,0.8111518696828293,0.682300664817821,0.7601760155110671,0.8694558009768613,2764,872,415,309581,3179,3636,0.23982398239823982,0.13054419628814093,8,3,397.375,1061,0.33375275243787356,0.16687637621893678,0.375,0.9999832395408224,0.5625,0.4375,0.203125,0.5004500000000001,9,7,"['complex_topology', 'boundary_margin_error']",complex_topology,Medium_Dice (25-75%)
IMG_2931_1297_969,0.9071206105605527,0.8300281067848001,0.8629758901997111,0.9560251789963803,10631,1688,489,300824,11120,12319,0.1370241090997646,0.043974820143884895,1,1,11120.0,2558,0.23003597122302158,0.11501798561151079,1.0,0.9999843413032619,0.5625,0.4375,0.1875,0.4997625,9,7,['high_quality'],high_quality,High_Dice (>75%)
IMG_2931_1945_485,0.8874097827687171,0.7976070335914559,0.8260674815973911,0.9585932069324442,5533,1165,239,306695,5772,6698,0.17393251716930427,0.041406791406791404,2,1,2886.0,1530,0.26507276507276506,0.13253638253638253,0.5,0.9999817805121182,0.5625,0.4375,0.203125,0.49950000000000006,9,7,['high_quality'],high_quality,High_Dice (>75%)
IMG_2931_1945_969,0.8770017488379749,0.7809466737196565,0.8282918138938844,0.9317986832545058,6517,1351,477,305287,6994,7868,0.17170818505338079,0.06820131541321132,1,1,6994.0,1920,0.2745210180154418,0.1372605090077209,1.0,0.9999827633793932,0.5,0.5,0.1796875,0.499475,8,8,['high_quality'],high_quality,High_Dice (>75%)
IMG_2931_1_485,0.8974143365310556,0.8139180167712498,0.8816149512718184,0.9137903350383741,17076,2293,1611,292652,18687,19369,0.11838504827301358,0.08620966447262803,1,1,18687.0,3905,0.20896880184085193,0.10448440092042596,1.0,0.9999733906286732,0.5,0.5,0.1875,0.4985625,8,8,['high_quality'],high_quality,High_Dice (>75%)
IMG_2931_649_485,0.9007442389792671,0.8194127981124844,0.8573082680443344,0.9488165227281649,12587,2095,679,298271,13266,14682,0.14269173137174773,0.05118347655661089,2,2,6633.0,3277,0.2470224634403739,0.12351123172018695,1.0,0.9999795241420468,0.5,0.5,0.1875,0.49911249999999996,8,8,['high_quality'],high_quality,High_Dice (>75%)
IMG_2931_649_969,0.718727745742398,0.5609484973658818,0.5630345832538691,0.9934383136913497,1514,1175,10,310933,1524,2689,0.4369654146522871,0.006561679790026247,1,2,1524.0,436,0.28608923884514437,0.14304461942257218,2.0,0.9999789793623628,0.625,0.375,0.1875,0.5002125,10,6,['moderate_general_error'],moderate_general_error,Medium_Dice (25-75%)
IMG_2941_1297_485,0.8882574950645615,0.7989777229180823,0.8207680244351347,0.9678403096129375,10473,2287,348,300524,10821,12760,0.1792319749216301,0.03215968949265317,1,1,10821.0,2685,0.24812863875797062,0.12406431937898531,1.0,0.9999940770282194,0.5,0.5,0.1796875,0.4997125,8,8,['high_quality'],high_quality,High_Dice (>75%)
IMG_2941_1297_969,0.7251538177885242,0.5688167152295972,0.5755486607198108,0.9798513282866759,5009,3694,103,304826,5112,8703,0.4244513386188671,0.02014866979655712,2,1,2556.0,2222,0.43466353677621283,0.21733176838810642,0.5,0.999995165102338,0.5,0.5,0.1796875,0.5002624999999999,8,8,['moderate_general_error'],moderate_general_error,Medium_Dice (25-75%)
IMG_2941_1945_485,0.8844560081961852,0.7928472697576323,0.8099188135016362,0.9741031621212035,13767,3231,366,296268,14133,16998,0.19008118602188492,0.02589683718955636,1,1,14133.0,3879,0.2744640203778391,0.13723201018891956,1.0,0.9999924538604725,0.5,0.5,0.171875,0.49891250000000004,8,8,['high_quality'],high_quality,High_Dice (>75%)
IMG_2941_1_485,0.7663865539062684,0.6212534050541123,0.7134909584257807,0.8277531245910587,4104,1648,854,307026,4958,5752,0.2865090403337969,0.17224687373941105,3,4,1652.6666666666667,1490,0.30052440500201694,0.15026220250100847,1.3333333333333333,0.9999875107801914,0.5,0.5,0.1953125,0.5000125,8,8,['boundary_margin_error'],boundary_margin_error,Medium_Dice (25-75%)
IMG_2941_1_969,0.8890688255109902,0.8002915445413901,0.8304201673693948,0.9566311704195245,9882,2018,448,301284,10330,11900,0.16957983193277312,0.04336882865440465,3,2,3443.3333333333335,2424,0.2346563407550823,0.11732817037754115,0.6666666666666666,0.999989560673334,0.5,0.5,0.2109375,0.499525,8,8,['high_quality'],high_quality,High_Dice (>75%)
IMG_2941_649_969,0.8876437625745931,0.7979851532356939,0.8302875658021601,0.9535123141256733,12040,2461,587,298544,12627,14501,0.16971243362526722,0.04648768511918904,1,1,12627.0,3828,0.30315989546210503,0.15157994773105252,1.0,0.9999927098943003,0.5625,0.4375,0.15625,0.49897500000000006,9,7,['high_quality'],high_quality,High_Dice (>75%)
IMG_2942_1297_485,0.5719684625190796,0.4005292933012144,0.41927779860596315,0.8995695820873754,4389,6079,490,302674,4879,10468,0.580722200993504,0.10043041606886657,3,1,1626.3333333333333,2380,0.4878048780487805,0.24390243902439024,0.3333333333333333,0.9999850219364457,0.25,0.75,0.21875,0.4982875,4,12,['over_segmentation'],over_segmentation,Low_Dice (<25%)
IMG_2942_1945_485,0.5389507149452829,0.36887921609372604,0.37252747207261605,0.9741379279242084,3051,5139,81,305361,3132,8190,0.6274725274725275,0.02586206896551724,3,1,1044.0,1994,0.6366538952745849,0.31832694763729247,0.3333333333333333,0.9999820337881549,0.1875,0.8125,0.2265625,0.49840000000000007,3,13,"['thin_low_area_failure', 'over_segmentation']",thin_low_area_failure,Low_Dice (<25%)
IMG_2942_1_485,0.6884820742269397,0.5249505635396644,0.5687460610349766,0.8720772930008168,4513,3422,662,305035,5175,7935,0.4312539382482672,0.12792270531400965,5,2,1035.0,3132,0.6052173913043478,0.3026086956521739,0.4,0.9999764031275638,0.375,0.625,0.1875,0.49782499999999996,6,10,['complex_topology'],complex_topology,Low_Dice (<25%)
IMG_2942_649_485,0.361541792670817,0.22065975870093069,0.22598808854792846,0.9034631995521073,2087,7148,223,304174,2310,9235,0.7740119112073633,0.09653679653679653,3,1,770.0,1534,0.664069264069264,0.332034632034632,0.3333333333333333,0.9999832801434675,0.3125,0.6875,0.1953125,0.4980375,5,11,"['false_crack_high_fp', 'thin_low_area_failure', 'over_segmentation']",false_crack_high_fp,Low_Dice (<25%)
