case_name,dice,iou,precision,recall,tp,fp,fn,tn,gt_area,pred_area,fp_area_ratio,fn_area_ratio,num_gt_cc,num_pred_cc,mean_component_size,perimeter,boundary_to_area_ratio,thinness_score,fragmentation_ratio,mean_routing_entropy,cnn_expert_fraction,vit_expert_fraction,expert_hhi_concentration,mean_gs,cnn_expert_selections,vit_expert_selections,error_taxonomy,primary_error_category,performance_tier
20160222_080850_1281_361,0.8921836980707157,0.8053534656575825,0.9288126644175131,0.8583341456850023,17601,1349,2905,208545,20506,18950,0.07118733509234829,0.14166585389642056,1,1,20506.0,3739,0.18233687701160636,0.09116843850580318,1.0,0.9999919370007803,0.4375,0.5625,0.15625,0.49912500000000004,7,9,['high_quality'],high_quality,High_Dice (>75%)
20160222_080850_1281_721,0.7011922490663334,0.539873779288945,0.5545079535812966,0.9533941187771321,1882,1512,92,226914,1974,3394,0.44549204478491455,0.04660587639311044,2,1,987.0,936,0.47416413373860183,0.23708206686930092,0.5,0.9999876611754539,0.3125,0.6875,0.1953125,0.4993875,5,11,['moderate_general_error'],moderate_general_error,Low_Dice (<25%)
20160222_080850_1921_1,0.21445378079175198,0.12010542123454283,0.16771819049569828,0.29729729452658626,319,1583,754,227744,1073,1902,0.8322818086225027,0.7027027027027027,1,7,1073.0,330,0.30754892823858343,0.15377446411929171,7.0,0.9999891365969902,0.375,0.625,0.1875,0.49882499999999996,6,10,"['missed_crack_high_fn', 'false_crack_high_fp', 'thin_low_area_failure', 'fragmented_prediction']",missed_crack_high_fn,Low_Dice (<25%)
20160222_080850_1921_361,0.8813783542644015,0.7879146247745032,0.935352319203535,0.8332936266627197,13991,967,2799,212643,16790,14958,0.06464768017114587,0.16670637284097678,1,1,16790.0,2880,0.17153067301965455,0.08576533650982728,1.0,0.9999882326340948,0.375,0.625,0.1484375,0.49845,6,10,['high_quality'],high_quality,High_Dice (>75%)
20160222_080850_1_361,0.8402596340544864,0.7245239182215059,0.8194848107578593,0.8621151828849779,20583,4534,3292,201991,23875,25117,0.1805151889158737,0.1378848167539267,1,1,23875.0,3950,0.16544502617801046,0.08272251308900523,1.0,0.9999916791510239,0.5,0.5,0.1796875,0.4986,8,8,['boundary_margin_error'],boundary_margin_error,Medium_Dice (25-75%)
20160222_080850_641_361,0.7789122161391311,0.6378838822515652,0.7035205692723889,0.8724017408348754,14228,5996,2081,208095,16309,20224,0.29647943037974683,0.1275982586302042,4,2,4077.25,4122,0.25274388374517137,0.12637194187258569,0.5,0.99999097103489,0.5,0.5,0.1484375,0.49905,8,8,['boundary_margin_error'],boundary_margin_error,Medium_Dice (25-75%)
20160222_080850_641_721,0.632325141278887,0.46233586677915706,0.4701885902891079,0.9651358476433378,4014,4523,145,221718,4159,8537,0.5298114091601265,0.03486415003606636,1,3,4159.0,1886,0.45347439288290453,0.22673719644145227,3.0,0.9999904564325948,0.375,0.625,0.203125,0.4991875,6,10,['over_segmentation'],over_segmentation,Low_Dice (<25%)
20160222_115224_1281_1,0.521820993529809,0.3530161037639741,0.36486740608908463,0.9157422683130936,3880,6754,357,219409,4237,10634,0.6351325935678014,0.08425772952560774,10,4,423.7,4075,0.9617654000472032,0.4808827000236016,0.4,0.9999926246672703,0.4375,0.5625,0.15625,0.4989875,7,9,"['thin_low_area_failure', 'over_segmentation', 'complex_topology']",thin_low_area_failure,Low_Dice (<25%)
20160222_115224_1281_1081,0.854399168739165,0.7458087890865296,0.8004538810172575,0.9161410001555826,4938,1231,452,223779,5390,6169,0.1995461176852002,0.08385899814471243,1,1,5390.0,2275,0.42207792207792205,0.21103896103896103,1.0,0.9999901289849799,0.3125,0.6875,0.171875,0.498475,5,11,['high_quality'],high_quality,Medium_Dice (25-75%)
20160222_115224_1281_361,0.4601584684404867,0.29883495087604867,0.31751598861663716,0.8355048814576282,1539,3308,303,225250,1842,4847,0.6824840107282856,0.16449511400651465,6,5,307.0,1801,0.9777415852334419,0.48887079261672095,0.8333333333333334,0.9999959541057939,0.4375,0.5625,0.2109375,0.4988125,7,9,"['false_crack_high_fp', 'thin_low_area_failure', 'over_segmentation', 'complex_topology']",false_crack_high_fp,Low_Dice (<25%)
20160222_115224_1281_721,0.7662306771571695,0.6210485728333994,0.6827235475593678,0.8730130042033725,4833,2246,703,222618,5536,7079,0.3172764514761972,0.12698699421965318,4,2,1384.0,2724,0.4920520231213873,0.24602601156069365,0.5,0.9999937146106868,0.3125,0.6875,0.203125,0.49877499999999997,5,11,['boundary_margin_error'],boundary_margin_error,Medium_Dice (25-75%)
20160222_115224_1921_1081,0.809067685794803,0.6793565647219487,0.6900871422108543,0.9776234492467326,1267,569,29,228535,1296,1836,0.3099128540305011,0.022376543209876542,1,1,1296.0,552,0.42592592592592593,0.21296296296296297,1.0,0.9999889232668486,0.3125,0.6875,0.1640625,0.49878750000000005,5,11,['boundary_margin_error'],boundary_margin_error,Medium_Dice (25-75%)
20160222_115224_641_1,0.7137701586140915,0.5549320468610854,0.6398746328582806,0.806961620799488,6329,3562,1514,218995,7843,9891,0.36012536649479326,0.193038378171618,4,4,1960.75,4660,0.5941603978069616,0.2970801989034808,1.0,0.999989225853736,0.4375,0.5625,0.15625,0.49861249999999996,7,9,['boundary_margin_error'],boundary_margin_error,Low_Dice (<25%)
20160222_115224_641_1081,0.023715414983710225,0.011999999981538462,0.01602629953559421,0.045587375537186586,78,4789,1633,223900,1711,4867,0.9839737004314772,0.9544126241963764,1,6,1711.0,1669,0.9754529514903565,0.48772647574517825,6.0,0.9999918234559244,0.3125,0.6875,0.2265625,0.4985125,5,11,"['missed_crack_high_fn', 'false_crack_high_fp', 'thin_low_area_failure', 'over_segmentation', 'fragmented_prediction']",missed_crack_high_fn,Low_Dice (<25%)
20160222_115224_641_361,0.7926045005458139,0.6564580544685796,0.6762688599079358,0.9572815503000597,2958,1416,132,225894,3090,4374,0.32373113854595337,0.04271844660194175,2,1,1545.0,1649,0.5336569579288026,0.2668284789644013,0.5,0.9999836989220023,0.375,0.625,0.171875,0.4992375,6,10,['boundary_margin_error'],boundary_margin_error,Medium_Dice (25-75%)
20160222_115224_641_721,0.5624521064176979,0.3912579949013689,0.7655402554629108,0.44452519272159596,1835,562,2293,225710,4128,2397,0.23445974134334585,0.5554748062015504,5,2,825.6,2219,0.5375484496124031,0.26877422480620156,0.4,0.9999901664368237,0.3125,0.6875,0.1875,0.4988,5,11,['complex_topology'],complex_topology,Low_Dice (<25%)
20160222_115837_1281_1,0.7645371986900293,0.6188265627094435,0.6524813043474081,0.9230621255567184,4799,2556,400,222645,5199,7355,0.34751869476546565,0.07693787266782073,1,5,5199.0,2135,0.41065589536449315,0.20532794768224658,5.0,0.9999976379599802,0.3125,0.6875,0.1796875,0.497525,5,11,['boundary_margin_error'],boundary_margin_error,Medium_Dice (25-75%)
20160222_115837_1281_1081,0.6744002100258368,0.5087509934193497,0.5092574148730691,0.9980491572452237,2558,2465,5,225372,2563,5023,0.49074258411307986,0.0019508388607101053,4,1,640.75,1867,0.7284432305891534,0.3642216152945767,0.25,0.9999972080871119,0.1875,0.8125,0.1875,0.4980625,3,13,['moderate_general_error'],moderate_general_error,Low_Dice (<25%)
20160222_115837_1281_361,0.7639465182527126,0.6180529641587972,0.6308775925549637,0.9681565849601034,3314,1939,109,225038,3423,5253,0.369122406244051,0.03184341221151037,4,2,855.75,2052,0.5994741454864154,0.2997370727432077,0.5,0.9999976205821864,0.3125,0.6875,0.1796875,0.49755,5,11,['boundary_margin_error'],boundary_margin_error,Medium_Dice (25-75%)
20160222_115837_1281_721,0.7371919125765828,0.5837719285443599,0.5873786394806297,0.9895910743881372,2662,1870,28,225840,2690,4532,0.41262135922330095,0.010408921933085501,1,1,2690.0,2008,0.7464684014869889,0.37323420074349445,1.0,0.9999975915171309,0.25,0.75,0.1875,0.49783750000000004,4,12,['moderate_general_error'],moderate_general_error,Medium_Dice (25-75%)
20160222_164851_1281_1081,0.8833163538254711,0.7910175427494491,0.8706936492033159,0.8963104311445446,5636,837,652,223275,6288,6473,0.12930634945156805,0.10368956743002544,2,1,3144.0,1152,0.183206106870229,0.0916030534351145,0.5,0.9999911983141672,0.375,0.625,0.2109375,0.498575,6,10,['high_quality'],high_quality,High_Dice (>75%)
20160222_164851_641_1,0.8498339684131374,0.7388793835622474,0.8178805327721294,0.8843856647744149,10365,2308,1355,216372,11720,12673,0.18211946658249822,0.11561433447098976,2,2,5860.0,2308,0.1969283276450512,0.0984641638225256,1.0,0.9999836130263909,0.4375,0.5625,0.21875,0.4985875,7,9,['boundary_margin_error'],boundary_margin_error,Medium_Dice (25-75%)
20160222_164851_641_1081,0.7272843201381851,0.571442885198955,0.6108611818649731,0.8985347394067517,5703,3633,644,220420,6347,9336,0.38913881748071977,0.1014652591775642,3,3,2115.6666666666665,2372,0.3737198676540098,0.1868599338270049,1.0,0.9999879179597544,0.375,0.625,0.171875,0.4984,6,10,['boundary_margin_error'],boundary_margin_error,Medium_Dice (25-75%)
20160222_164851_641_361,0.8165577668102286,0.6899853190208812,0.7290261662199716,0.9279766495596389,10810,4018,839,214733,11649,14828,0.2709738332883733,0.07202334964374625,7,5,1664.142857142857,3669,0.31496265773886173,0.15748132886943086,0.7142857142857143,0.9999865317331413,0.4375,0.5625,0.2109375,0.49843750000000003,7,9,"['complex_topology', 'boundary_margin_error']",complex_topology,Medium_Dice (25-75%)
20160222_164851_641_721,0.8613258083419925,0.7564286734977528,0.7809417865918118,0.9601568189641168,10531,2954,437,216478,10968,13485,0.21905821282906934,0.03984318016046681,3,3,3656.0,2773,0.25282640408460977,0.12641320204230488,1.0,0.9999889397223408,0.25,0.75,0.1875,0.498275,4,12,['high_quality'],high_quality,Medium_Dice (25-75%)
20160222_165225_1281_361,0.8001926881120844,0.6669343320245055,0.6828978616089002,0.9661367442598724,7475,3471,262,219192,7737,10946,0.3171021377672209,0.03386325449140494,1,1,7737.0,3094,0.39989660074964456,0.19994830037482228,1.0,0.9999946733539469,0.4375,0.5625,0.203125,0.4989125,7,9,['boundary_margin_error'],boundary_margin_error,Medium_Dice (25-75%)
20160222_165225_1281_721,0.7587443923505399,0.6112716733561094,0.6605934374773897,0.8911516791351708,1269,652,155,228324,1424,1921,0.3394065590838105,0.10884831460674158,1,1,1424.0,650,0.45646067415730335,0.22823033707865167,1.0,0.9999914319395005,0.4375,0.5625,0.171875,0.49916249999999995,7,9,['boundary_margin_error'],boundary_margin_error,Medium_Dice (25-75%)
20160222_165225_1921_721,0.6665572151991697,0.4998768772060438,0.5168024435532905,0.9385113254145303,6090,5694,399,218217,6489,11784,0.4831975560081466,0.061488673139158574,2,1,3244.5,3365,0.5185698875019263,0.25928494375096317,0.5,0.9999954934556742,0.4375,0.5625,0.21875,0.49861249999999996,7,9,['moderate_general_error'],moderate_general_error,Low_Dice (<25%)
20160222_165225_1_361,0.7849593943792639,0.6460355240376895,0.6767047082797499,0.9344457675348354,7056,3371,495,219478,7551,10427,0.3232952910712573,0.06555423122765197,1,1,7551.0,3404,0.4508012183816713,0.22540060919083565,1.0,0.9999929254405845,0.4375,0.5625,0.203125,0.49889999999999995,7,9,['boundary_margin_error'],boundary_margin_error,Medium_Dice (25-75%)
20160222_165225_641_361,0.7966542952436414,0.6620327742017743,0.7348252598254391,0.8698439568527351,7191,2595,1076,219538,8267,9786,0.2651747394236665,0.1301560420950768,4,2,2066.75,4037,0.4883270835853393,0.24416354179266966,0.5,0.9999948141950725,0.4375,0.5625,0.203125,0.49877499999999997,7,9,['boundary_margin_error'],boundary_margin_error,Medium_Dice (25-75%)
20160222_165402_1281_1,0.9250907485837143,0.8606221849563834,0.8818286663711559,0.9728166559018894,8410,1127,235,220628,8645,9537,0.11817133270420467,0.027183342972816656,1,1,8645.0,2045,0.23655292076344708,0.11827646038172354,1.0,0.9999945792484072,0.5,0.5,0.1796875,0.498875,8,8,['high_quality'],high_quality,High_Dice (>75%)
20160222_165402_1281_361,0.8715179648407761,0.772292280858338,0.782368396500527,0.9835972195197663,8635,2402,144,219219,8779,11037,0.2176316027906134,0.016402779359835973,2,1,4389.5,2052,0.2337396058776626,0.1168698029388313,0.5,0.9999925152813574,0.625,0.375,0.1953125,0.49896250000000003,10,6,['high_quality'],high_quality,Medium_Dice (25-75%)
20160222_165402_641_1081,0.9350977619005658,0.8781066735003444,0.9201843580948246,0.9505025308316312,12578,1091,655,216076,13233,13669,0.07981564123198479,0.0494974684500869,1,1,13233.0,1717,0.12975137912793774,0.06487568956396887,1.0,0.9999903225099395,0.4375,0.5625,0.171875,0.4990625000000001,7,9,['high_quality'],high_quality,High_Dice (>75%)
20160222_165402_641_721,0.8716222803279572,0.7724561245159021,0.7805538562238544,0.9867476521405327,8935,2512,120,218833,9055,11447,0.2194461430942605,0.013252346769740474,1,1,9055.0,1678,0.1853119823302043,0.09265599116510215,1.0,0.9999909314614914,0.625,0.375,0.203125,0.49898750000000003,10,6,['high_quality'],high_quality,Medium_Dice (25-75%)
20160222_165926_1281_361,0.47194659846302256,0.30885478085276324,0.3091467730816668,0.9969512119134817,1308,2923,4,226165,1312,4231,0.6908532261876625,0.003048780487804878,2,2,656.0,1592,1.2134146341463414,0.6067073170731707,1.0,0.9999941033771613,0.5,0.5,0.1640625,0.49898750000000003,8,8,"['false_crack_high_fp', 'thin_low_area_failure', 'over_segmentation']",false_crack_high_fp,Low_Dice (<25%)
20160222_165926_1281_721,0.7044490703181054,0.5437447916393944,0.5520241685171914,0.9731572199123195,4568,3707,126,221999,4694,8275,0.44797583081570996,0.02684277801448658,1,1,4694.0,3164,0.674051981252663,0.3370259906263315,1.0,0.9999955935493512,0.375,0.625,0.1875,0.4988625,6,10,['moderate_general_error'],moderate_general_error,Low_Dice (<25%)
20160222_165926_1921_721,0.7147787882689216,0.5561523430711031,0.5794226114976184,0.932650970455167,4556,3307,329,222208,4885,7863,0.4205773877654839,0.06734902763561924,4,1,1221.25,3742,0.7660184237461617,0.38300921187308085,0.25,0.9999900925726788,0.4375,0.5625,0.21875,0.4988625,7,9,['moderate_general_error'],moderate_general_error,Medium_Dice (25-75%)
20160222_165926_1_1081,0.5761709855021124,0.404663045657416,0.41351174799767704,0.9497751053240248,1267,1797,67,227269,1334,3064,0.5864882506527415,0.05022488755622189,4,3,333.5,1166,0.8740629685157422,0.4370314842578711,0.75,0.999992556524055,0.5,0.5,0.1640625,0.4993250000000001,8,8,['over_segmentation'],over_segmentation,Low_Dice (<25%)
20160222_165926_1_721,0.6073697578752805,0.4361313861378046,0.4465772032502511,0.949097469497843,2629,3258,141,224372,2770,5887,0.553422795991167,0.050902527075812276,5,4,554.0,2358,0.8512635379061372,0.4256317689530686,0.8,0.9999959672072918,0.5,0.5,0.15625,0.499325,8,8,"['over_segmentation', 'complex_topology']",over_segmentation,Low_Dice (<25%)
20160222_165926_641_1,0.6984237358618177,0.5365983961948382,0.5471218439311388,0.9653957034110999,3013,2494,108,224785,3121,5507,0.4528781550753586,0.03460429349567446,1,3,3121.0,1933,0.619352771547581,0.3096763857737905,3.0,0.9999950337543739,0.5,0.5,0.15625,0.4992375,8,8,['moderate_general_error'],moderate_general_error,Low_Dice (<25%)
20160222_165926_641_361,0.6513507757377678,0.4829652989227677,0.48564631168018035,0.9886987375243824,3062,3243,35,224060,3097,6305,0.5143536875495638,0.011301259283177269,2,2,1548.5,2230,0.7200516628995802,0.3600258314497901,1.0,0.9999955742476595,0.4375,0.5625,0.1484375,0.49922500000000003,7,9,['over_segmentation'],over_segmentation,Low_Dice (<25%)
20160222_165926_641_721,0.7325715053535928,0.5779982921702963,0.5927992989792085,0.9585913980559345,5417,3721,234,221028,5651,9138,0.4072007003720727,0.04140860024774376,2,2,2825.5,4142,0.7329676163510883,0.36648380817554416,1.0,0.9999958331931588,0.375,0.625,0.1875,0.49901249999999997,6,10,['moderate_general_error'],moderate_general_error,Medium_Dice (25-75%)
20160302_155857_1281_1,0.6763548770161744,0.5109790118755563,0.6058688138580713,0.7654006891415579,4212,2740,1291,222157,5503,6952,0.3941311852704258,0.23459930946756316,2,3,2751.5,1899,0.3450844993639833,0.17254224968199164,1.5,0.9999932100214008,0.375,0.625,0.171875,0.49813749999999996,6,10,['boundary_margin_error'],boundary_margin_error,Low_Dice (<25%)
20160302_155857_1281_361,0.7411679880826203,0.5887743408699277,0.6259568540136075,0.9083564744908401,7196,4300,726,218178,7922,11496,0.3740431454418928,0.09164352436253471,1,2,7922.0,2828,0.35698056046452914,0.17849028023226457,2.0,0.9999927697141189,0.3125,0.6875,0.1640625,0.49805000000000005,5,11,['boundary_margin_error'],boundary_margin_error,Medium_Dice (25-75%)
20160302_155857_1281_721,0.34776396578402063,0.21048080212646006,0.21048080212646006,0.9999999917830732,1217,4565,0,224618,1217,5782,0.7895191975095123,0.0,1,1,1217.0,430,0.3533278553820871,0.17666392769104355,1.0,0.9999933252149333,0.375,0.625,0.203125,0.4983625,6,10,"['false_crack_high_fp', 'thin_low_area_failure', 'over_segmentation']",false_crack_high_fp,Low_Dice (<25%)
20160302_155857_1_721,0.8793233177968076,0.7846360433484738,0.8473347330496376,0.9138219269191491,16945,3053,1598,208804,18543,19998,0.15266526652665266,0.08617807258803861,1,1,18543.0,3212,0.17321900447608263,0.08660950223804131,1.0,0.9999901005748593,0.4375,0.5625,0.171875,0.49786250000000004,7,9,['high_quality'],high_quality,High_Dice (>75%)
20160302_155857_641_721,0.7034844652662194,0.542596248498225,0.5566639656893538,0.9554976089043915,10993,8755,512,210140,11505,19748,0.4433360340287624,0.04450239026510213,3,1,3835.0,3366,0.2925684485006519,0.14628422425032594,0.3333333333333333,0.9999938963200327,0.4375,0.5625,0.15625,0.49795,7,9,['moderate_general_error'],moderate_general_error,Low_Dice (<25%)
20160307_144202_1281_361,0.5991654779489962,0.42772038275565916,0.4493385087147758,0.8988906483377328,5672,6951,638,217139,6310,12623,0.5506614909292561,0.1011093502377179,10,2,631.0,3310,0.5245641838351822,0.2622820919175911,0.2,0.9999962654421857,0.375,0.625,0.1875,0.4982375,6,10,"['over_segmentation', 'complex_topology']",over_segmentation,Low_Dice (<25%)
20160307_144202_1281_721,0.5273932372452443,0.35813582456912507,0.35833998362975716,0.9984116867903059,3143,5628,5,221624,3148,8771,0.641660015961692,0.0015883100381194409,5,1,629.6,1470,0.4669631512071156,0.2334815756035578,0.2,0.9999953701855048,0.3125,0.6875,0.1640625,0.49856249999999996,5,11,"['thin_low_area_failure', 'over_segmentation', 'complex_topology']",thin_low_area_failure,Low_Dice (<25%)
20160307_144202_1921_361,0.6319768732955368,0.46196358888899397,0.4708806227856513,0.9606219359805459,11368,12774,466,205792,11834,24142,0.5291193770193025,0.03937806320770661,5,1,2366.8,4983,0.42107486902146357,0.21053743451073179,0.2,0.9999925101509495,0.3125,0.6875,0.171875,0.497825,5,11,"['over_segmentation', 'complex_topology']",over_segmentation,Low_Dice (<25%)
20160307_144202_1_361,0.7902293389088806,0.653205904494456,0.6813310241581265,0.9405607953607955,14558,6809,920,208113,15478,21367,0.3186689755230028,0.05943920403152862,7,1,2211.1428571428573,4184,0.2703191626825171,0.13515958134125855,0.14285714285714285,0.9999911847798713,0.3125,0.6875,0.1640625,0.4981375,5,11,"['complex_topology', 'boundary_margin_error']",complex_topology,Medium_Dice (25-75%)
20160307_144202_641_361,0.7003903921457055,0.5389236797826364,0.5508430471737911,0.9613987275554962,10585,8631,425,210759,11010,19216,0.44915695253955035,0.03860127157129882,10,2,1101.0,4281,0.3888283378746594,0.1944141689373297,0.2,0.9999963472646428,0.375,0.625,0.1875,0.498275,6,10,['complex_topology'],complex_topology,Low_Dice (<25%)
20160307_145059_1281_361,0.8436502085348655,0.7295804563305468,0.7468739802398207,0.9692394518348811,13738,4656,436,211570,14174,18394,0.2531260193541372,0.030760547481303795,4,3,3543.5,3270,0.23070410610977846,0.11535205305488923,0.75,0.9999903024461756,0.5,0.5,0.1484375,0.4987625,8,8,['boundary_margin_error'],boundary_margin_error,Medium_Dice (25-75%)
20160307_145059_1281_721,0.7456438804280627,0.5944435306637814,0.6037231817315943,0.9747944453770125,7232,4747,187,218234,7419,11979,0.3962768177644211,0.025205553309071302,3,2,2473.0,3748,0.5051893786224558,0.2525946893112279,0.6666666666666666,0.9999738214243122,0.4375,0.5625,0.1875,0.49924999999999997,7,9,['boundary_margin_error'],boundary_margin_error,Medium_Dice (25-75%)
20160307_145059_1921_1081,0.7508351887870023,0.6010697564062071,0.6030184453851107,0.9946524045829755,5394,3551,29,221426,5423,8945,0.396981553940749,0.0053475935828877,3,2,1807.6666666666667,2182,0.4023603171676194,0.2011801585838097,0.6666666666666666,0.999980241835299,0.4375,0.5625,0.171875,0.49933750000000005,7,9,['boundary_margin_error'],boundary_margin_error,Medium_Dice (25-75%)
20160307_145059_1921_361,0.8623640641046512,0.7580316662781476,0.8385174412510774,0.8876067382970946,11538,2222,1461,215179,12999,13760,0.16148255813953488,0.11239326102007846,1,1,12999.0,3074,0.23647972920993923,0.11823986460496962,1.0,0.9999882427122205,0.4375,0.5625,0.1640625,0.4989125,7,9,['high_quality'],high_quality,Medium_Dice (25-75%)
20160307_145059_1921_721,0.7958788298733015,0.660962409447181,0.6955517920647194,0.9300267525622006,4519,1978,340,223563,4859,6497,0.3044482068647068,0.06997324552377032,3,2,1619.6666666666667,1757,0.3615970364272484,0.1807985182136242,0.6666666666666666,0.9999710968692324,0.3125,0.6875,0.171875,0.49955,5,11,['boundary_margin_error'],boundary_margin_error,Medium_Dice (25-75%)
20160307_145059_1_361,0.9049401587468022,0.8263842071965487,0.8447681850135169,0.9743415066140537,8582,1577,226,220015,8808,10159,0.1552318141549365,0.025658492279745686,1,1,8808.0,2411,0.27372842870118075,0.13686421435059037,1.0,0.9999926476604315,0.4375,0.5625,0.1640625,0.49848750000000003,7,9,['high_quality'],high_quality,High_Dice (>75%)
20160307_145059_1_721,0.8108958997940621,0.6819385280511816,0.7042320486159866,0.9556380045884207,5924,2488,275,221713,6199,8412,0.29576795054683785,0.04436199386997903,1,1,6199.0,1626,0.2623003710275851,0.13115018551379254,1.0,0.999992347317967,0.4375,0.5625,0.1484375,0.4987875,7,9,['boundary_margin_error'],boundary_margin_error,Medium_Dice (25-75%)
20160307_145059_641_361,0.7029811782504595,0.5419976691642859,0.5528305957726549,0.9651075047810119,5117,4139,185,220959,5302,9256,0.4471694036300778,0.034892493398717465,2,2,2651.0,2106,0.3972086005281026,0.1986043002640513,1.0,0.9999899133240207,0.4375,0.5625,0.1484375,0.49883750000000004,7,9,['moderate_general_error'],moderate_general_error,Low_Dice (<25%)
20160307_145059_641_721,0.8681931423782208,0.7670859533423579,0.7834558555538821,0.9734835039256088,10977,3034,299,216090,11276,14011,0.21654414388694598,0.026516495211067755,2,1,5638.0,3040,0.2695991486342675,0.13479957431713374,0.5,0.9999798257353012,0.5625,0.4375,0.1640625,0.4988625,9,7,['high_quality'],high_quality,Medium_Dice (25-75%)
20160307_162438_1281_361,0.887759196136777,0.7981717565596061,0.9940083852785848,0.8020304549141155,3318,20,819,226243,4137,3338,0.005991611743559017,0.19796954314720813,1,1,4137.0,396,0.09572153734590283,0.047860768672951415,1.0,0.9999895452764529,0.5625,0.4375,0.1875,0.4986375,9,7,['high_quality'],high_quality,High_Dice (>75%)
20160307_162438_1281_721,0.8722036958329505,0.7733698830278838,0.9639881748516189,0.7963779375189896,25109,938,6420,197933,31529,26047,0.036011824778285406,0.20362206222842463,1,1,31529.0,3073,0.09746582511338768,0.04873291255669384,1.0,0.9999952194963859,0.4375,0.5625,0.1953125,0.4980874999999999,7,9,['high_quality'],high_quality,Medium_Dice (25-75%)
20160307_162438_1921_1081,0.787236538228899,0.6491262006518822,0.6681712574389835,0.95793680913786,10066,4999,442,214893,10508,15065,0.33182874211749086,0.0420631899505139,2,2,5254.0,2256,0.21469356680624285,0.10734678340312143,1.0,0.999991865722345,0.5625,0.4375,0.2109375,0.49865000000000004,9,7,['boundary_margin_error'],boundary_margin_error,Medium_Dice (25-75%)
20160307_162438_1921_721,0.8864935413640367,0.796127884565649,0.8964999313201494,0.8767080603210451,19697,2274,2770,205659,22467,21971,0.10350006827181285,0.1232919392887346,1,1,22467.0,2708,0.12053233631548493,0.06026616815774247,1.0,0.9999945201323741,0.5625,0.4375,0.1953125,0.498275,9,7,['high_quality'],high_quality,High_Dice (>75%)
20160307_162438_1_361,0.853890305136554,0.7450336638486347,0.8936449502343848,0.817522058994016,31316,3727,6990,188367,38306,35043,0.10635504951060126,0.18247794079256513,1,1,38306.0,3094,0.08077063645381924,0.04038531822690962,1.0,0.9999930323223623,0.5,0.5,0.1953125,0.498275,8,8,['high_quality'],high_quality,Medium_Dice (25-75%)
20160307_162438_641_361,0.8774172924319237,0.78160592223332,0.8815028897690141,0.8733693919033819,19215,2583,2786,205816,22001,21798,0.11849710982658959,0.12663060769965,1,1,22001.0,2516,0.11435843825280669,0.05717921912640334,1.0,0.9999961293875448,0.5,0.5,0.1875,0.4984875,8,8,['high_quality'],high_quality,High_Dice (>75%)
20160307_162438_641_721,0.7494745686216375,0.5993277304209214,0.6471086370105146,0.8903129146299719,5349,2917,659,221475,6008,8266,0.3528913622066296,0.10968708388814913,1,2,6008.0,705,0.11734354194407456,0.05867177097203728,2.0,0.9999919270754336,0.4375,0.5625,0.1796875,0.4984,7,9,['boundary_margin_error'],boundary_margin_error,Medium_Dice (25-75%)
20160310_114505_1281_1,0.42499999950810186,0.26984126944467773,0.26984126944467773,0.999999994553377,1836,4968,0,223596,1836,6804,0.7301587301587301,0.0,4,1,459.0,1931,1.051742919389978,0.525871459694989,0.25,0.9999975728550214,0.1875,0.8125,0.1953125,0.49802500000000005,3,13,"['false_crack_high_fp', 'thin_low_area_failure', 'over_segmentation']",false_crack_high_fp,Low_Dice (<25%)
20160310_114505_641_1,0.5531100474688243,0.3822751319139502,0.39020156197299494,0.9495423587196847,4046,6323,215,219816,4261,10369,0.6097984376506895,0.05045763905186576,4,2,1065.25,2348,0.551044355785027,0.2755221778925135,0.5,0.9999973093310726,0.0625,0.9375,0.2578125,0.49783750000000004,1,15,['over_segmentation'],over_segmentation,Low_Dice (<25%)
20160310_114505_641_1081,0.5932071186320591,0.42167338667170023,0.42252525209845937,0.9952414918028992,4183,5717,20,220480,4203,9900,0.5774747474747475,0.004758505829169641,3,2,1401.0,1842,0.4382583868665239,0.21912919343326195,0.6666666666666666,0.9999954425694051,0.125,0.875,0.21875,0.49774999999999997,2,14,['over_segmentation'],over_segmentation,Low_Dice (<25%)
20160310_114505_641_361,0.5153570984856561,0.347125290505878,0.34903926453714346,0.9844486310451258,4178,7792,66,218364,4244,11970,0.6509607351712615,0.015551366635249765,5,2,848.8,2457,0.5789349670122526,0.2894674835061263,0.4,0.9999961587079644,0.125,0.875,0.21875,0.4979125,2,14,"['false_crack_high_fp', 'thin_low_area_failure', 'over_segmentation', 'complex_topology']",false_crack_high_fp,Low_Dice (<25%)
20160310_114505_641_721,0.5926633024732966,0.421124030599686,0.42157338207238976,0.997475324770541,4346,5963,11,220080,4357,10309,0.578426617518673,0.0025246729400963965,4,1,1089.25,1798,0.41266926784484737,0.20633463392242368,0.25,0.9999938667918054,0.125,0.875,0.21875,0.4976625,2,14,['over_segmentation'],over_segmentation,Low_Dice (<25%)
20160316_142539_1281_361,0.8279631754689563,0.7064310251516556,0.8820104185074925,0.7801572231225844,5756,770,1622,222252,7378,6526,0.11798958014097456,0.21984277582000541,1,1,7378.0,1653,0.22404445649227434,0.11202222824613717,1.0,0.9999967101514085,0.375,0.625,0.15625,0.4980125,6,10,['boundary_margin_error'],boundary_margin_error,Medium_Dice (25-75%)
20160316_142539_1281_721,0.7281968964115405,0.572570466573713,0.6148633381410562,0.89275172090002,8166,5115,981,216138,9147,13281,0.38513666139597924,0.10724827812397507,2,6,4573.5,2578,0.2818410407783973,0.14092052038919864,3.0,0.9999899402142776,0.5,0.5,0.15625,0.49831250000000005,8,8,['boundary_margin_error'],boundary_margin_error,Medium_Dice (25-75%)
20160316_142539_1921_361,0.6675477047874072,0.5009918232614099,0.5290180849448155,0.9043668114372343,10355,9219,1095,209731,11450,19574,0.47098191478491874,0.09563318777292576,7,3,1635.7142857142858,4030,0.3519650655021834,0.1759825327510917,0.42857142857142855,0.9999867880924438,0.3125,0.6875,0.1640625,0.497975,5,11,['complex_topology'],complex_topology,Low_Dice (<25%)
20160316_142539_1_721,0.680194007649744,0.5153742380260621,0.5620434250395477,0.8612406709722943,11079,8633,1785,208903,12864,19712,0.4379565746753247,0.13875932835820895,7,3,1837.7142857142858,4023,0.3127332089552239,0.15636660447761194,0.42857142857142855,0.9999889295947837,0.25,0.75,0.1875,0.49793750000000003,4,12,['complex_topology'],complex_topology,Low_Dice (<25%)
20160316_142539_641_721,0.5551868811376897,0.38426207091396064,0.4272569955568071,0.7924690771939338,10123,13570,2651,204056,12774,23693,0.5727430042628624,0.2075309221856897,4,2,3193.5,4538,0.35525285736652573,0.17762642868326287,0.5,0.9999906218680957,0.375,0.625,0.1875,0.4981125,6,10,['moderate_general_error'],moderate_general_error,Low_Dice (<25%)
20160316_143445_1281_1,0.8734734400551138,0.7753687051087792,0.8288424088757977,0.923184552313429,13196,2725,1098,213381,14294,15921,0.1711575906036053,0.07681544704071638,1,1,14294.0,2297,0.16069679585840213,0.08034839792920107,1.0,0.9999960270436847,0.3125,0.6875,0.15625,0.49785,5,11,['high_quality'],high_quality,Medium_Dice (25-75%)
20160316_143445_1281_1081,0.7593463719245527,0.6120534811174347,0.7164213951963995,0.8077429528371267,3067,1214,730,225389,3797,4281,0.2835786031301098,0.19225704503555438,4,1,949.25,1205,0.3173558072162233,0.15867790360811165,0.25,0.9999910741183036,0.1875,0.8125,0.2265625,0.49785,3,13,['boundary_margin_error'],boundary_margin_error,Medium_Dice (25-75%)
20160316_143445_1281_361,0.8978249492122636,0.8145937875935211,0.8360826889148169,0.9694132830526888,12012,2355,379,215654,12391,14367,0.16391731050323657,0.03058671616495844,2,2,6195.5,2403,0.19393107900895812,0.09696553950447906,1.0,0.9999950631253697,0.375,0.625,0.1640625,0.49750000000000005,6,10,['high_quality'],high_quality,High_Dice (>75%)
20160316_143445_1281_721,0.8287196254077014,0.707533092318877,0.8362157237249882,0.8213567273014323,14699,2879,3197,209625,17896,17578,0.16378427579929458,0.1786432722396066,2,3,8948.0,4941,0.2760952168082253,0.13804760840411265,1.5,0.9999879900171612,0.25,0.75,0.171875,0.49746250000000003,4,12,['boundary_margin_error'],boundary_margin_error,Medium_Dice (25-75%)
20160316_143445_1921_1081,0.6825768804425956,0.5181151524590756,0.5858784888457483,0.8175048678915054,7136,5044,1593,216627,8729,12180,0.4141215106732348,0.18249513117195554,2,1,4364.5,2735,0.31332340474281134,0.15666170237140567,0.5,0.9999830093857954,0.125,0.875,0.2265625,0.4975625,2,14,['moderate_general_error'],moderate_general_error,Low_Dice (<25%)
20160316_143445_1_1081,0.871516320182996,0.7722896979106706,0.8700587868740536,0.8729787441543998,8584,1282,1249,219285,9833,9866,0.12994121224407054,0.12702125495779518,1,1,9833.0,2466,0.2507881623105868,0.1253940811552934,1.0,0.999988370761313,0.25,0.75,0.1953125,0.497875,4,12,['high_quality'],high_quality,Medium_Dice (25-75%)
20160316_143445_1_721,0.5464958549009075,0.37598506804646925,0.40115056930949156,0.8570077975490245,3626,5413,605,220756,4231,9039,0.5988494302467087,0.14299220042543134,2,3,2115.5,1268,0.2996927440321437,0.14984637201607184,1.5,0.9999868604545856,0.1875,0.8125,0.2109375,0.498,3,13,"['thin_low_area_failure', 'over_segmentation']",thin_low_area_failure,Low_Dice (<25%)
20160316_143445_641_361,0.8706093694177613,0.7708664706815684,0.8072944057449637,0.944700932651379,9208,2198,539,218455,9747,11406,0.19270559354725583,0.05529906637939879,1,1,9747.0,2796,0.2868574946137273,0.14342874730686364,1.0,0.9999918542406535,0.25,0.75,0.171875,0.4977625,4,12,['high_quality'],high_quality,Medium_Dice (25-75%)
20160316_143445_641_721,0.8591867465258247,0.7531353128211832,0.8209476813434601,0.9011621337005956,7987,1742,876,219795,8863,9729,0.17905231781272485,0.09883786528263568,1,1,8863.0,2133,0.2406634322464177,0.12033171612320885,1.0,0.9999916288616171,0.25,0.75,0.1953125,0.4978874999999999,4,12,['high_quality'],high_quality,Medium_Dice (25-75%)
20160316_143527_1281_1081,0.7857898967752933,0.6471613888637457,0.7870896591847573,0.7844944193570389,9279,2510,2549,216062,11828,11789,0.21291034014759522,0.21550557997970918,4,3,2957.0,4261,0.360246871829557,0.1801234359147785,0.75,0.9999894179788755,0.125,0.875,0.2109375,0.4977250000000001,2,14,['boundary_margin_error'],boundary_margin_error,Medium_Dice (25-75%)
20160316_143527_1281_361,0.6737235356884752,0.5079812194648329,0.6609651781888662,0.6869841248032249,2164,1110,986,226140,3150,3274,0.339034819792303,0.313015873015873,4,2,787.5,1101,0.3495238095238095,0.17476190476190476,0.5,0.9999935640418143,0.25,0.75,0.2109375,0.4976625,4,12,['boundary_margin_error'],boundary_margin_error,Low_Dice (<25%)
20160316_143527_1281_721,0.7536949229203896,0.604743522899286,0.7370397173902833,0.771120260887349,16293,5813,4836,203458,21129,22106,0.2629602822763051,0.22887973874769274,7,2,3018.4285714285716,7452,0.35269061479483177,0.17634530739741588,0.2857142857142857,0.9999863841955323,0.25,0.75,0.1796875,0.497675,4,12,"['complex_topology', 'boundary_margin_error']",complex_topology,Medium_Dice (25-75%)
20160316_143527_1921_361,0.7139816782113529,0.5551877964058226,0.597537364982934,0.8867946202887087,7716,5197,985,216502,8701,12913,0.40246263455432507,0.11320537869210436,2,3,4350.5,4261,0.48971382599701185,0.24485691299850593,1.5,0.9999894857016502,0.125,0.875,0.21875,0.4973,2,14,['moderate_general_error'],moderate_general_error,Low_Dice (<25%)
20160316_143527_1_1,0.6546515015137641,0.486603658643368,0.6812333082286559,0.6300662393285436,5612,2626,3295,218867,8907,8238,0.31876669094440396,0.3699337599640732,2,1,4453.5,3323,0.37307735488941285,0.18653867744470642,0.5,0.9999898764277415,0.1875,0.8125,0.1875,0.49749999999999994,3,13,['boundary_margin_error'],boundary_margin_error,Low_Dice (<25%)
20160316_143527_1_361,0.7139070990181238,0.555097612678747,0.5675316022010832,0.9620300715713155,2559,1950,101,225790,2660,4509,0.4324683965402528,0.03796992481203008,2,2,1330.0,1788,0.6721804511278195,0.3360902255639098,1.0,0.9999902477375868,0.25,0.75,0.1875,0.497575,4,12,['moderate_general_error'],moderate_general_error,Low_Dice (<25%)
20160316_143527_641_1,0.8309580771710402,0.7108026332881272,0.7920674260861998,0.8738650028729187,7988,2097,1153,219162,9141,10085,0.20793257312840852,0.12613499617109725,1,1,9141.0,2978,0.3257849250629034,0.1628924625314517,1.0,0.9999935169774508,0.125,0.875,0.203125,0.49750000000000005,2,14,['boundary_margin_error'],boundary_margin_error,Medium_Dice (25-75%)
20160316_143527_641_361,0.7839156146625462,0.6446227121360628,0.7499416701178595,0.8211138071138627,12857,4287,2801,210455,15658,17144,0.2500583294447037,0.17888619236173203,8,2,1957.25,5907,0.37725124536977905,0.18862562268488953,0.25,0.9999915660983804,0.25,0.75,0.1640625,0.4976499999999999,4,12,"['complex_topology', 'boundary_margin_error']",complex_topology,Medium_Dice (25-75%)
20160316_143527_641_721,0.7110117378335769,0.5516045092905408,0.7385534161603294,0.6854503453649725,4452,1576,2043,222329,6495,6028,0.26144658261446585,0.3145496535796767,3,1,2165.0,2013,0.3099307159353349,0.15496535796766744,0.3333333333333333,0.9999905857256458,0.1875,0.8125,0.203125,0.4977625,3,13,['boundary_margin_error'],boundary_margin_error,Low_Dice (<25%)
20160316_143547_1281_1081,0.8764679636145861,0.7801005536382626,0.8525159026821402,0.9018048305236928,2948,510,321,226621,3269,3458,0.1474840948525159,0.09819516671765066,3,1,1089.6666666666667,774,0.23676965432854083,0.11838482716427041,0.3333333333333333,0.9999848057800028,0.1875,0.8125,0.2109375,0.4975375,3,13,['high_quality'],high_quality,High_Dice (>75%)
20160316_143547_1281_361,0.2991193436089898,0.17586145299792635,0.1768084721292255,0.9704433401926765,985,4586,30,224799,1015,5571,0.8231915275534015,0.029556650246305417,1,2,1015.0,210,0.20689655172413793,0.10344827586206896,2.0,0.9999945963445128,0.3125,0.6875,0.1875,0.4976375,5,11,"['false_crack_high_fp', 'thin_low_area_failure', 'over_segmentation']",false_crack_high_fp,Low_Dice (<25%)
20160316_143547_1281_721,0.8985055228723184,0.8157149595659451,0.8730532869462694,0.9254863461870934,20742,3016,1670,204972,22412,23758,0.12694671268625304,0.07451365339996431,1,1,22412.0,4400,0.19632339817954667,0.09816169908977333,1.0,0.9999868653272286,0.25,0.75,0.1953125,0.49748749999999997,4,12,['high_quality'],high_quality,High_Dice (>75%)
20160316_143547_1921_1081,0.857896785729572,0.7511552152294693,0.8448856128978462,0.8713149682038069,19832,3641,2929,203998,22761,23473,0.15511438674221445,0.12868503141338253,3,4,7587.0,5059,0.2222661570229779,0.11113307851148894,1.3333333333333333,0.9999827795152314,0.1875,0.8125,0.21875,0.4973875,3,13,['high_quality'],high_quality,Medium_Dice (25-75%)
20160316_143547_1_1,0.782583602942517,0.642823281199461,0.8421779029451536,0.7308659715349947,12204,2287,4494,211415,16698,14491,0.15782209647367332,0.2691340280273087,1,1,16698.0,4621,0.2767397293088993,0.13836986465444964,1.0,0.999989928804403,0.1875,0.8125,0.2109375,0.49729999999999996,3,13,['boundary_margin_error'],boundary_margin_error,Medium_Dice (25-75%)
20160316_143547_641_1,0.8409775666522344,0.725592139078035,0.7625986596077798,0.9373134258409446,1256,391,84,228669,1340,1647,0.2374013357619915,0.0626865671641791,1,1,1340.0,445,0.332089552238806,0.166044776119403,1.0,0.999995279574061,0.3125,0.6875,0.171875,0.4975125,5,11,['boundary_margin_error'],boundary_margin_error,Medium_Dice (25-75%)
20160316_143547_641_361,0.9023192819020419,0.822023441812447,0.8560873749719966,0.9538296342492272,13325,2240,645,214190,13970,15565,0.1439126244779955,0.046170365068002865,2,1,6985.0,3890,0.278453829634932,0.139226914817466,0.5,0.9999914209805421,0.25,0.75,0.1875,0.4973625,4,12,['high_quality'],high_quality,High_Dice (>75%)
20160316_143547_641_721,0.6443361714717651,0.475291999323522,0.9379432457811482,0.490723557599967,529,35,549,229287,1078,564,0.06205673758865248,0.5092764378478665,2,1,539.0,561,0.5204081632653061,0.2602040816326531,0.5,0.9999865169246467,0.25,0.75,0.1953125,0.4975875,4,12,['moderate_general_error'],moderate_general_error,Low_Dice (<25%)
20160318_181632_1281_1081,0.874716251901783,0.7773294987865018,0.8505612169020048,0.9002833419991633,18111,3182,2006,207101,20117,21293,0.1494387826985394,0.09971665755331312,1,1,20117.0,3066,0.1524084107968385,0.07620420539841925,1.0,0.9999908364064645,0.25,0.75,0.1875,0.49707500000000004,4,12,['high_quality'],high_quality,High_Dice (>75%)
20160318_181632_1281_361,0.8504403841104751,0.7397966772279204,0.9162827833314039,0.7934262310409992,29836,2726,7768,190070,37604,32562,0.0837172163871998,0.20657376874800554,8,1,4700.5,5071,0.13485267524731412,0.06742633762365706,0.125,0.9999935427063975,0.25,0.75,0.203125,0.497325,4,12,"['complex_topology', 'high_quality']",complex_topology,Medium_Dice (25-75%)
20160318_181632_1281_721,0.9015638533484785,0.8207703798685164,0.8958861902428932,0.9073139392000945,19774,2298,2020,206308,21794,22072,0.10411380935121421,0.09268606038359181,1,1,21794.0,2539,0.1164999541158117,0.05824997705790585,1.0,0.9999895257371755,0.25,0.75,0.1796875,0.4976250000000001,4,12,['high_quality'],high_quality,High_Dice (>75%)
20160318_181632_1921_1,0.7840679328911566,0.6448287318842223,0.8124869038079051,0.7575698363790392,3878,895,1241,224386,5119,4773,0.1875130944898387,0.24243016214104318,5,1,1023.8,1148,0.22426255127954678,0.11213127563977339,0.2,0.999987221541221,0.1875,0.8125,0.2109375,0.49770000000000003,3,13,"['complex_topology', 'boundary_margin_error']",complex_topology,Medium_Dice (25-75%)
20160318_181632_1921_361,0.876380786712097,0.7799624431017481,0.9138087222665939,0.8418981754135773,21183,1998,3978,203241,25161,23181,0.0861912773392002,0.1581018242518183,1,2,25161.0,3071,0.12205397241763045,0.06102698620881523,2.0,0.9999908426182935,0.3125,0.6875,0.1796875,0.497525,5,11,['high_quality'],high_quality,High_Dice (>75%)
20160318_181632_1_1,0.9425200919705911,0.8912888886248032,0.9468366380400263,0.9382427245131959,30081,1689,1980,196650,32061,31770,0.053163361661945234,0.06175727519416113,1,1,32061.0,3190,0.0994978322572596,0.0497489161286298,1.0,0.9999938431347791,0.25,0.75,0.203125,0.49737499999999996,4,12,['high_quality'],high_quality,High_Dice (>75%)
20160318_181632_1_361,0.9355281196438865,0.8788659774938447,0.9308462217223699,0.9402573507806588,4092,304,260,225744,4352,4396,0.06915377616014559,0.05974264705882353,2,1,2176.0,534,0.12270220588235294,0.06135110294117647,0.5,0.9999906711227746,0.3125,0.6875,0.15625,0.4975125,5,11,['high_quality'],high_quality,High_Dice (>75%)
20160318_181632_641_1,0.8809719915960215,0.7872653633151808,0.9477182058142746,0.8230088463908855,2139,118,460,227683,2599,2257,0.052281789986708016,0.17699115044247787,2,1,1299.5,488,0.1877645248172374,0.0938822624086187,0.5,0.9999926450678003,0.3125,0.6875,0.1640625,0.497525,5,11,['high_quality'],high_quality,High_Dice (>75%)
20160318_181632_641_361,0.9060706814895062,0.828271686440603,0.9620761321749064,0.8562270363977632,33791,1332,5674,189603,39465,35123,0.03792386755117729,0.1437729633852781,1,1,39465.0,3248,0.08230077283669074,0.04115038641834537,1.0,0.9999910658695536,0.1875,0.8125,0.203125,0.4972625,3,13,['high_quality'],high_quality,High_Dice (>75%)
20160318_181632_641_721,0.25724191896069576,0.1476062121067819,0.1479861019843185,0.9829059745050771,1150,6621,20,222609,1170,7771,0.8520138978252477,0.017094017094017096,1,2,1170.0,668,0.5709401709401709,0.28547008547008546,2.0,0.9999831985298004,0.1875,0.8125,0.203125,0.49740000000000006,3,13,"['false_crack_high_fp', 'thin_low_area_failure', 'over_segmentation']",false_crack_high_fp,Low_Dice (<25%)
20160321_183947_1281_361,0.8191986967272754,0.6937650682267823,0.736919133783684,0.9221611679388224,2014,719,170,227497,2184,2733,0.2630808635199415,0.07783882783882784,1,1,2184.0,385,0.1762820512820513,0.08814102564102565,1.0,0.999998250903988,0.3125,0.6875,0.203125,0.49815000000000004,5,11,['boundary_margin_error'],boundary_margin_error,Medium_Dice (25-75%)
20160321_183947_1281_721,0.9335972476029977,0.8754640266114359,0.9223105093667172,0.9451636499426942,29715,2503,1724,196458,31439,32218,0.07768949034701099,0.05483634975667165,1,1,31439.0,3118,0.09917618244855116,0.04958809122427558,1.0,0.9999924293913918,0.375,0.625,0.171875,0.498525,6,10,['high_quality'],high_quality,High_Dice (>75%)
20160321_183947_1921_721,0.9167852642821506,0.8463559754609453,0.9018118620983452,0.932264288731032,28022,3051,2036,197291,30058,31073,0.09818813761143115,0.06773571095881296,1,1,30058.0,3092,0.10286778894138,0.05143389447069,1.0,0.9999942492892477,0.4375,0.5625,0.15625,0.49831250000000005,7,9,['high_quality'],high_quality,High_Dice (>75%)
20160321_183947_1_721,0.8969225396880719,0.8131092982667241,0.855538850770636,0.9425133127295665,44956,7591,2742,175111,47698,52547,0.14446114906654994,0.05748668707283324,1,2,47698.0,3492,0.07321061679735,0.036605308398675,2.0,0.9999949341840597,0.4375,0.5625,0.1796875,0.49801249999999997,7,9,['high_quality'],high_quality,High_Dice (>75%)
20160321_183947_641_721,0.9185524171881418,0.8493730364626877,0.8613590288125321,0.9838811532842506,32717,5266,536,191881,33253,37983,0.13864097096069294,0.01611884641987189,1,1,33253.0,3297,0.0991489489670105,0.04957447448350525,1.0,0.9999946363237219,0.4375,0.5625,0.1484375,0.497975,7,9,['high_quality'],high_quality,High_Dice (>75%)
20160321_185557_1281_721,0.884676020636001,0.7932009326478193,0.900108272486623,0.8697640171776014,22446,2491,3361,202102,25807,24937,0.09989172715242411,0.1302359824853722,3,1,8602.333333333334,3922,0.1519742705467509,0.07598713527337544,0.3333333333333333,0.9999822907245608,0.1875,0.8125,0.2265625,0.49746250000000003,3,13,['high_quality'],high_quality,High_Dice (>75%)
20160321_185557_1921_1,0.8651731156980434,0.7623833446898115,0.8240365541649828,0.9106326210836199,9558,2041,938,217863,10496,11599,0.1759634451245797,0.08936737804878049,1,1,10496.0,2096,0.19969512195121952,0.09984756097560976,1.0,0.9999832851651699,0.1875,0.8125,0.1953125,0.497825,3,13,['high_quality'],high_quality,Medium_Dice (25-75%)
20160321_185557_1921_1081,0.8078562870381527,0.6776500838401912,0.8023598812424019,0.8134285155185911,8432,2077,1934,217957,10366,10509,0.1976401179941003,0.18657148369670076,1,1,10366.0,1930,0.18618560679143353,0.09309280339571677,1.0,0.9999823806587427,0.1875,0.8125,0.1875,0.4977875,3,13,['boundary_margin_error'],boundary_margin_error,Medium_Dice (25-75%)
20160321_185557_1921_361,0.7651683972731916,0.6196540447972936,0.6350502508130582,0.9623479630223712,9099,5229,356,215716,9455,14328,0.3649497487437186,0.03765203595980963,2,1,4727.5,2665,0.28186144896879956,0.14093072448439978,0.5,0.9999789181952966,0.1875,0.8125,0.21875,0.4974,3,13,['boundary_margin_error'],boundary_margin_error,Medium_Dice (25-75%)
20160321_185557_1921_721,0.8879612823375758,0.7984985308822041,0.9486814887329018,0.8345462812392744,22017,1191,4365,202827,26382,23208,0.051318510858324715,0.1654537184443939,1,2,26382.0,3311,0.1255022363732848,0.0627511181866424,2.0,0.9999817492748573,0.3125,0.6875,0.15625,0.497525,5,11,['high_quality'],high_quality,High_Dice (>75%)
20160321_185557_1_361,0.47774244738127497,0.3138381192850179,0.31748547195592847,0.9646869906525923,1202,2584,44,226570,1246,3786,0.6825145272054939,0.03531300160513644,1,4,1246.0,314,0.2520064205457464,0.1260032102728732,4.0,0.99998606197976,0.25,0.75,0.1875,0.497775,4,12,"['false_crack_high_fp', 'thin_low_area_failure', 'over_segmentation', 'fragmented_prediction']",false_crack_high_fp,Low_Dice (<25%)
20160321_185557_1_721,0.8462683602505289,0.7335053760285999,0.7745480966597565,0.9326260522079044,17054,4964,1232,207150,18286,22018,0.225451902988464,0.06737394728207372,1,1,18286.0,3861,0.21114513835721316,0.10557256917860658,1.0,0.9999832516914505,0.25,0.75,0.1796875,0.49755,4,12,['boundary_margin_error'],boundary_margin_error,Medium_Dice (25-75%)
20160321_185557_641_721,0.909107832431445,0.8333617743884976,0.9074607447238406,0.9107609096835318,19534,1992,1914,206960,21448,21526,0.09253925485459444,0.08923908989183141,1,1,21448.0,3301,0.1539071242073853,0.07695356210369265,1.0,0.9999837377375287,0.25,0.75,0.171875,0.4976625,4,12,['high_quality'],high_quality,High_Dice (>75%)
20160324_170347_1281_1,0.8755121799333143,0.7785875171875083,0.8912482922929649,0.8603221070859121,5876,717,954,222853,6830,6593,0.10875170635522524,0.1396778916544656,2,1,3415.0,2141,0.31346998535871157,0.15673499267935578,0.5,0.9999969165720624,0.5,0.5,0.1640625,0.498575,8,8,['high_quality'],high_quality,High_Dice (>75%)
20160324_170347_1281_1081,0.8213789567731382,0.6968982621626573,0.8672224782040722,0.7801388878053627,5617,860,1583,222340,7200,6477,0.1327775204570017,0.21986111111111112,1,1,7200.0,2631,0.36541666666666667,0.18270833333333333,1.0,0.9999901348749995,0.375,0.625,0.1875,0.4988125,6,10,['boundary_margin_error'],boundary_margin_error,Medium_Dice (25-75%)
20160324_170347_1281_361,0.8081381864084523,0.6780468819394545,0.7273580960691172,0.9091027635509875,6971,2613,697,220119,7668,9584,0.27264190317195325,0.09089723526343245,5,1,1533.6,2600,0.33907146583202924,0.16953573291601462,0.2,0.9999969932123481,0.5,0.5,0.1953125,0.49856249999999996,8,8,"['complex_topology', 'boundary_margin_error']",complex_topology,Medium_Dice (25-75%)
20160324_170347_1281_721,0.7367283946827529,0.5831908131092184,0.7776088600525477,0.6999315798065374,7161,2048,3070,218121,10231,9209,0.22239113910305136,0.3000684195093344,1,1,10231.0,4382,0.4283061284331932,0.2141530642165966,1.0,0.9999948602834559,0.5,0.5,0.1953125,0.498525,8,8,['boundary_margin_error'],boundary_margin_error,Medium_Dice (25-75%)
20160324_170347_641_1,0.7236475171170559,0.5669652598493221,0.5930073112591241,0.9281115846634063,2595,1781,201,225823,2796,4376,0.4069926873857404,0.07188841201716738,1,1,2796.0,2183,0.780758226037196,0.390379113018598,1.0,0.9999967245234112,0.5,0.5,0.1640625,0.49849999999999994,8,8,['moderate_general_error'],moderate_general_error,Medium_Dice (25-75%)
20160324_170347_641_361,0.7502767984395805,0.6003543804762334,0.638950796093004,0.9085811776972668,3727,2106,375,224192,4102,5833,0.36104920281158925,0.09141882008776207,3,2,1367.3333333333333,2940,0.7167235494880546,0.3583617747440273,0.6666666666666666,0.9999954781938778,0.375,0.625,0.171875,0.4986625,6,10,['boundary_margin_error'],boundary_margin_error,Medium_Dice (25-75%)
20160324_170347_641_721,0.7993426445368239,0.6657541728284857,0.7437308845757464,0.8639431585650331,2432,838,383,226747,2815,3270,0.25626911314984707,0.136056838365897,1,1,2815.0,1498,0.5321492007104796,0.2660746003552398,1.0,0.9999827783182398,0.4375,0.5625,0.1953125,0.49887499999999996,7,9,['boundary_margin_error'],boundary_margin_error,Medium_Dice (25-75%)
20160326_141808_1281_1,0.06415652364445851,0.03314137967664663,0.06571894647933128,0.0626666665274074,282,4009,4218,221891,4500,4291,0.9342810533675134,0.9373333333333334,4,4,1125.0,1265,0.2811111111111111,0.14055555555555554,1.0,0.9999920455325333,0.4375,0.5625,0.171875,0.498375,7,9,"['missed_crack_high_fn', 'false_crack_high_fp', 'thin_low_area_failure']",missed_crack_high_fn,Low_Dice (<25%)
20160326_141808_641_1,0.9272567882241156,0.8643790779053997,0.8831385569020154,0.9760147511437753,1058,140,26,229176,1084,1198,0.11686143572621036,0.023985239852398525,1,1,1084.0,178,0.16420664206642066,0.08210332103321033,1.0,0.9999866093646215,0.4375,0.5625,0.171875,0.49823750000000006,7,9,['high_quality'],high_quality,High_Dice (>75%)
20160326_141808_641_361,0.737025730126944,0.5835635354638095,0.6664621850263236,0.8243008878990886,7605,3806,1621,217368,9226,11411,0.33353781438962404,0.17569911120745718,1,1,9226.0,1956,0.21200953826143507,0.10600476913071753,1.0,0.9999843481611708,0.4375,0.5625,0.1796875,0.4982375,7,9,['boundary_margin_error'],boundary_margin_error,Medium_Dice (25-75%)
20160326_141808_641_721,0.37774712608942795,0.23285341771584467,0.5237123903016002,0.29541205192663306,2054,1868,4899,221579,6953,3922,0.47628760836308004,0.7045879476484971,4,1,1738.25,1926,0.27700273263339564,0.13850136631669782,0.25,0.99997756514695,0.3125,0.6875,0.1796875,0.497875,5,11,"['missed_crack_high_fn', 'thin_low_area_failure']",missed_crack_high_fn,Low_Dice (<25%)
20160326_142521_1281_1,0.43012006036244316,0.27398277377934155,0.9594383750404618,0.2771935094071563,3690,156,9622,216932,13312,3846,0.0405616224648986,0.7228064903846154,1,1,13312.0,1582,0.11884014423076923,0.059420072115384616,1.0,0.9999921432502026,0.3125,0.6875,0.1796875,0.4973125,5,11,['missed_crack_high_fn'],missed_crack_high_fn,Low_Dice (<25%)
20160326_142521_1281_1081,0.34217246053393746,0.20639810377630782,0.4825484737808949,0.2650639066796594,871,934,2415,226180,3286,1805,0.5174515235457063,0.7349360925136945,2,1,1643.0,933,0.2839318320146074,0.1419659160073037,0.5,0.9999849850617633,0.1875,0.8125,0.2421875,0.4973125,3,13,"['missed_crack_high_fn', 'thin_low_area_failure']",missed_crack_high_fn,Low_Dice (<25%)
20160326_142521_1281_361,0.7374350624413626,0.5840769377512622,0.8766369034573855,0.6363832768322532,5891,829,3366,220314,9257,6720,0.12336309523809524,0.3636167224802852,1,1,9257.0,1801,0.19455547153505456,0.09727773576752728,1.0,0.9999886310274279,0.3125,0.6875,0.1875,0.4972625,5,11,['boundary_margin_error'],boundary_margin_error,Medium_Dice (25-75%)
20160326_142521_1281_721,0.6613131252268771,0.4940013513906714,0.8896835044283574,0.526235261879007,5847,725,5264,218564,11111,6572,0.11031649421789409,0.4737647376473765,1,1,11111.0,1846,0.16614166141661416,0.08307083070830708,1.0,0.9999796593635132,0.3125,0.6875,0.1796875,0.4972375,5,11,['moderate_general_error'],moderate_general_error,Low_Dice (<25%)
20160326_142521_641_1,0.0,0.0,0.0,0.0,0,341,1355,228704,1355,341,1.0,1.0,1,3,1355.0,291,0.21476014760147602,0.10738007380073801,3.0,0.999992833713525,0.375,0.625,0.1875,0.4971875,6,10,"['missed_crack_high_fn', 'thin_low_area_failure']",missed_crack_high_fn,Low_Dice (<25%)
20160326_142521_641_1081,0.0,0.0,0.0,0.0,0,1428,2487,226485,2487,1428,1.0,1.0,2,3,1243.5,797,0.32046642541214315,0.16023321270607158,1.5,0.9999859330092375,0.3125,0.6875,0.1796875,0.4971125,5,11,"['missed_crack_high_fn', 'false_crack_high_fp', 'thin_low_area_failure']",missed_crack_high_fn,Low_Dice (<25%)
20160326_142745_1281_1081,0.7443464919581622,0.5927960915897516,0.8776739955478337,0.6461845593474167,2913,406,1595,225486,4508,3319,0.12232600180777342,0.3538154392191659,2,1,2254.0,1217,0.2699645075421473,0.13498225377107365,0.5,0.9999922276110367,0.1875,0.8125,0.1875,0.4978125,3,13,['boundary_margin_error'],boundary_margin_error,Medium_Dice (25-75%)
20160326_142745_1281_361,0.1525902667562086,0.08259687280540715,0.996923066698225,0.08261793448141272,972,3,10793,218632,11765,975,0.003076923076923077,0.9173820654483638,1,3,11765.0,1303,0.11075223119422015,0.05537611559711007,3.0,0.9999976833826576,0.3125,0.6875,0.171875,0.49792499999999995,5,11,['missed_crack_high_fn'],missed_crack_high_fn,Low_Dice (<25%)
20160326_142745_1281_721,0.6387760147560948,0.4692659119150317,0.9003884840119649,0.4949622163536512,9039,1000,9223,211138,18262,10039,0.09961151509114453,0.5050377833753149,1,3,18262.0,3193,0.17484393823239514,0.08742196911619757,3.0,0.9999954514738145,0.0625,0.9375,0.2578125,0.4975,1,15,['moderate_general_error'],moderate_general_error,Low_Dice (<25%)
20160326_142745_1921_1081,0.6084036832229436,0.4371984000590123,0.7629932609167631,0.5059029985547177,3171,985,3097,223147,6268,4156,0.23700673724735322,0.4940970006381621,2,2,3134.0,2013,0.3211550733886407,0.16057753669432034,1.0,0.999992870442899,0.125,0.875,0.21875,0.49785,2,14,['moderate_general_error'],moderate_general_error,Low_Dice (<25%)
20160326_142745_1_1,0.5137402101516566,0.34565976531201065,0.9360013493144186,0.3540269525745501,5543,379,10114,214364,15657,5922,0.06399864910503208,0.6459730471993358,1,1,15657.0,3472,0.2217538481190522,0.1108769240595261,1.0,0.9999955063921797,0.1875,0.8125,0.203125,0.4975625,3,13,['moderate_general_error'],moderate_general_error,Low_Dice (<25%)
20160326_142745_641_361,0.8096782101823715,0.6802179184726375,0.9267714565077524,0.718854322551234,14858,1174,5811,208557,20669,16032,0.07322854291417166,0.2811456771009725,1,1,20669.0,4010,0.19401035366974698,0.09700517683487349,1.0,0.9999967875472767,0.1875,0.8125,0.203125,0.49763749999999995,3,13,['boundary_margin_error'],boundary_margin_error,Medium_Dice (25-75%)
20160328_151020_1281_361,0.5924984480854495,0.4209575806715844,0.4460217157146575,0.8822286762765349,10023,12449,1338,206590,11361,22472,0.5539782840868637,0.11777132294692369,6,1,1893.5,3906,0.3438077634011091,0.17190388170055454,0.16666666666666666,0.9999962317530965,0.375,0.625,0.1640625,0.4978,6,10,['complex_topology'],complex_topology,Low_Dice (<25%)
20160328_151020_1921_361,0.5151060018152891,0.3468974906255991,0.3611291104968698,0.897985900404848,8917,15775,1013,204695,9930,24692,0.6388708893568767,0.10201409869083584,1,1,9930.0,4010,0.4038267875125881,0.20191339375629405,1.0,0.9999942493792647,0.25,0.75,0.1953125,0.49771250000000006,4,12,['over_segmentation'],over_segmentation,Low_Dice (<25%)
20160328_151020_1_1,0.690428848297511,0.5272175149856724,0.5406974506744983,0.9548479080969257,14063,11946,665,203726,14728,26009,0.45930254911761315,0.04515209125475285,1,1,14728.0,4702,0.3192558392178164,0.1596279196089082,1.0,0.9999918109640188,0.375,0.625,0.1640625,0.49841250000000004,6,10,['moderate_general_error'],moderate_general_error,Low_Dice (<25%)
20160328_151020_1_361,0.40138195746534977,0.2510805875986163,0.25442865460927716,0.9501999238451474,2614,7660,137,219989,2751,10274,0.7455713451430797,0.04980007270083606,1,4,2751.0,1264,0.45946928389676484,0.22973464194838242,4.0,0.9999895404274117,0.3125,0.6875,0.1640625,0.4978625,5,11,"['false_crack_high_fp', 'thin_low_area_failure', 'over_segmentation', 'fragmented_prediction']",false_crack_high_fp,Low_Dice (<25%)
20160328_151020_641_361,0.5921940818189139,0.4206503710284445,0.4519327597397686,0.8586988506642643,5834,7075,960,216531,6794,12909,0.5480672399101402,0.1413011480718281,5,2,1358.8,2741,0.4034442154842508,0.2017221077421254,0.4,0.999993289972452,0.25,0.75,0.1953125,0.4979125,4,12,['complex_topology'],complex_topology,Low_Dice (<25%)
20160328_151020_641_721,0.6444523849185044,0.4754184786638866,0.703667576371764,0.5944297951595009,7214,3038,4922,215226,12136,10252,0.296332422941865,0.40557020435069213,1,3,12136.0,3877,0.3194627554383652,0.1597313777191826,3.0,0.9999884358157591,0.3125,0.6875,0.1796875,0.4976625,5,11,['moderate_general_error'],moderate_general_error,Low_Dice (<25%)
20160328_151057_1281_1,0.8184153321296035,0.692642139309963,0.7819520468530262,0.8584455940757605,4142,1155,683,224420,4825,5297,0.21804795167075702,0.14155440414507772,3,1,1608.3333333333333,1961,0.40642487046632125,0.20321243523316063,0.3333333333333333,0.9999977427531431,0.3125,0.6875,0.1796875,0.4982375,5,11,['boundary_margin_error'],boundary_margin_error,Medium_Dice (25-75%)
20160328_151057_1281_1081,0.5401854013678469,0.37003699091240816,0.385782233724409,0.9006602614025802,3001,4778,331,222290,3332,7779,0.6142177657796632,0.09933973589435774,4,5,833.0,2058,0.6176470588235294,0.3088235294117647,1.25,0.9999960901520654,0.1875,0.8125,0.1875,0.49842499999999995,3,13,"['thin_low_area_failure', 'over_segmentation']",thin_low_area_failure,Low_Dice (<25%)
20160328_151057_1281_361,0.8285442127095219,0.7072774079044892,0.7742174740035344,0.8910705123935966,5219,1522,638,223021,5857,6741,0.22578252484794542,0.10892948608502646,2,1,2928.5,2153,0.3675943315690627,0.18379716578453134,0.5,0.9999989050491248,0.1875,0.8125,0.21875,0.4983125,3,13,['boundary_margin_error'],boundary_margin_error,Medium_Dice (25-75%)
20160328_151057_1281_721,0.8130584189899849,0.6850028948333933,0.8481392160280654,0.7807643842438565,13013,2330,3654,211403,16667,15343,0.1518607834191488,0.21923561528769425,2,3,8333.5,5496,0.32975340493190136,0.16487670246595068,1.5,0.9999949284642986,0.375,0.625,0.140625,0.49815,6,10,['boundary_margin_error'],boundary_margin_error,Medium_Dice (25-75%)
20160328_151057_1921_721,0.8109438328455203,0.6820063301014477,0.893176019458784,0.7425768816343435,8403,1005,2913,218079,11316,9408,0.10682397959183673,0.257423117709438,1,2,11316.0,3174,0.2804878048780488,0.1402439024390244,2.0,0.9999956076146697,0.375,0.625,0.15625,0.49822500000000003,6,10,['boundary_margin_error'],boundary_margin_error,Medium_Dice (25-75%)
20160328_151057_641_1081,0.7382861552137125,0.5851454814928859,0.6554030863543686,0.8451669965822451,3821,2009,700,223870,4521,5830,0.3445969125214408,0.15483300154833002,2,1,2260.5,2225,0.49214775492147755,0.24607387746073878,0.5,0.9999973378472939,0.1875,0.8125,0.1875,0.498475,3,13,['boundary_margin_error'],boundary_margin_error,Medium_Dice (25-75%)
20160328_151057_641_721,0.7865904883325572,0.6482481641763632,0.7432518247963611,0.8352962154973301,4681,1617,923,223179,5604,6298,0.25674817402349953,0.1647037830121342,2,1,2802.0,1913,0.3413633119200571,0.17068165596002854,0.5,0.999999084660945,0.125,0.875,0.203125,0.49855000000000005,2,14,['boundary_margin_error'],boundary_margin_error,Medium_Dice (25-75%)
20160328_151244_1281_1081,0.8181604049742549,0.6922770301636682,0.7122936529914577,0.9609904546682388,20841,8418,846,200295,21687,29259,0.28770634676509793,0.039009544888642965,1,4,21687.0,1886,0.08696454096924425,0.043482270484622124,4.0,0.9999950218688602,0.3125,0.6875,0.1796875,0.49838750000000004,5,11,['boundary_margin_error'],boundary_margin_error,Medium_Dice (25-75%)
20160328_151244_1281_361,0.8806367148330001,0.7867300334954406,0.8773186481958767,0.883979974599925,21189,2963,2781,203467,23970,24152,0.12268135144087446,0.11602002503128911,1,2,23970.0,3379,0.14096787651230705,0.07048393825615352,2.0,0.9999984045576087,0.4375,0.5625,0.15625,0.49840000000000007,7,9,['high_quality'],high_quality,High_Dice (>75%)
20160328_151244_1281_721,0.84154727784422,0.7264407616723223,0.8398812140695378,0.8432199644780874,38181,7279,7099,177841,45280,45460,0.1601187857457105,0.15678003533568904,6,3,7546.666666666667,6598,0.1457155477031802,0.0728577738515901,0.5,0.9999950033352105,0.375,0.625,0.15625,0.4983,6,10,"['complex_topology', 'boundary_margin_error']",complex_topology,Medium_Dice (25-75%)
20160328_151244_1921_1081,0.7326716009987622,0.5781229250257229,0.7806058419419146,0.6902837205733338,4355,1224,1954,222867,6309,5579,0.21939415665889944,0.30971627833254084,3,2,2103.0,1675,0.26549373910286894,0.13274686955143447,0.6666666666666666,0.9999954927716874,0.25,0.75,0.171875,0.49872500000000003,4,12,['boundary_margin_error'],boundary_margin_error,Medium_Dice (25-75%)
20160328_151244_1921_361,0.8740521974292691,0.7762812764798321,0.9346059678051996,0.8208676138055138,26340,1843,5748,196469,32088,28183,0.06539403186317994,0.17913238593866865,2,1,16044.0,3054,0.09517576664173523,0.047587883320867615,0.5,0.9999971493049569,0.4375,0.5625,0.140625,0.4984375,7,9,['high_quality'],high_quality,High_Dice (>75%)
20160328_151244_1921_721,0.8897778364531232,0.8014412481286718,0.8529504973795291,0.9299288229493633,40371,6960,3042,180027,43413,47331,0.14704950244026113,0.07007117683643148,4,2,10853.25,5681,0.1308594199894041,0.06542970999470205,0.5,0.9999948458127816,0.4375,0.5625,0.140625,0.49865,7,9,['high_quality'],high_quality,High_Dice (>75%)
20160328_151244_1_1,0.8382448757677746,0.7215331856803726,0.8947619422562746,0.7884433546529703,22514,2648,6041,199197,28555,25162,0.10523805738812494,0.2115566450709158,1,1,28555.0,4036,0.1413412712309578,0.0706706356154789,1.0,0.9999966170150001,0.5,0.5,0.1640625,0.498475,8,8,['boundary_margin_error'],boundary_margin_error,Medium_Dice (25-75%)
20160328_151244_1_1081,0.8352593004261138,0.7171203863071743,0.868424907152491,0.8045337304132839,5927,898,1440,222135,7367,6825,0.13157509157509156,0.19546626849463825,1,1,7367.0,1519,0.20618976516899687,0.10309488258449843,1.0,0.9999935605392372,0.4375,0.5625,0.171875,0.49878750000000005,7,9,['boundary_margin_error'],boundary_margin_error,Medium_Dice (25-75%)
20160328_151244_1_721,0.8889056222668409,0.8000271084805372,0.8816470818155512,0.8962846725570537,17707,2377,2049,208267,19756,20084,0.11835291774546904,0.10371532698926908,1,1,19756.0,2941,0.14886616724033205,0.07443308362016603,1.0,0.9999936920677766,0.5,0.5,0.2109375,0.49849999999999994,8,8,['high_quality'],high_quality,High_Dice (>75%)
20160328_151244_641_1,0.8939111559853001,0.8081730150543135,0.9227547238833261,0.8668161225846108,18946,1586,2911,206957,21857,20532,0.07724527566725112,0.13318387701880405,1,1,21857.0,3341,0.15285720821704718,0.07642860410852359,1.0,0.9999977430997556,0.375,0.625,0.1796875,0.498325,6,10,['high_quality'],high_quality,High_Dice (>75%)
20160328_151244_641_361,0.8972600703840471,0.8136642614333669,0.9027537178766181,0.8918328803895711,15113,1628,1833,211826,16946,16741,0.09724628158413476,0.10816711908414965,1,1,16946.0,2183,0.12882096069868995,0.06441048034934498,1.0,0.9999956458790911,0.4375,0.5625,0.1484375,0.49834999999999996,7,9,['high_quality'],high_quality,High_Dice (>75%)
20160328_151244_641_721,0.88774314051523,0.7981457996370178,0.8880054908791386,0.8874809449528428,46575,5874,5905,172046,52480,52449,0.11199450895155294,0.11251905487804878,1,1,52480.0,5253,0.1000952743902439,0.05004763719512195,1.0,0.9999965462789615,0.3125,0.6875,0.1640625,0.49831249999999994,5,11,['high_quality'],high_quality,High_Dice (>75%)
20160328_151752_1281_361,0.7529576775359929,0.6037948062967408,0.8050466187617874,0.7071997246651013,12347,2990,5112,209951,17459,15337,0.1949533807133077,0.2928002749298356,2,1,8729.5,2428,0.13906867518185462,0.06953433759092731,0.5,0.9999963349383018,0.5625,0.4375,0.203125,0.49862500000000004,9,7,['boundary_margin_error'],boundary_margin_error,Medium_Dice (25-75%)
20160328_151752_1281_721,0.7975667969526705,0.6632940565275435,0.8833361745124746,0.7269792241339427,5179,684,1945,222592,7124,5863,0.11666382398089715,0.27302077484559234,1,2,7124.0,1432,0.20101066816395283,0.10050533408197641,2.0,0.9999974286934274,0.5,0.5,0.1796875,0.4985875,8,8,['boundary_margin_error'],boundary_margin_error,Medium_Dice (25-75%)
20160328_151752_1921_721,0.762657782186979,0.6163677042677509,0.9045525373416338,0.6592439358078835,16253,1715,8401,204031,24654,17968,0.09544746215494213,0.3407560639247181,4,1,6163.5,4532,0.18382412590249048,0.09191206295124524,0.25,0.9999956935973429,0.5,0.5,0.15625,0.4986875,8,8,['boundary_margin_error'],boundary_margin_error,Medium_Dice (25-75%)
20160328_151752_1_361,0.7579526353680817,0.6102445502090024,0.661439999647232,0.8874418598300953,12402,6348,1573,210077,13975,18750,0.33856,0.11255813953488372,1,2,13975.0,2708,0.19377459749552772,0.09688729874776386,2.0,0.9999922097283566,0.4375,0.5625,0.1953125,0.49840000000000007,7,9,['boundary_margin_error'],boundary_margin_error,Medium_Dice (25-75%)
20160328_151752_1_721,0.47442680671422666,0.31098265806074377,0.31098265806074377,0.9999999907063198,1076,2384,0,226940,1076,3460,0.6890173410404624,0.0,5,2,215.2,573,0.5325278810408922,0.2662639405204461,0.4,0.9999978886944048,0.5,0.5,0.1796875,0.4987,8,8,"['false_crack_high_fp', 'thin_low_area_failure', 'over_segmentation', 'complex_topology']",false_crack_high_fp,Low_Dice (<25%)
20160328_151752_641_361,0.7969273001187354,0.6624099276771778,0.8033694223414238,0.7905876728186394,16547,4050,4383,205420,20930,20597,0.19663057726853425,0.20941232680363114,5,1,4186.0,3827,0.18284758719541327,0.09142379359770664,0.2,0.9999960689788534,0.5,0.5,0.1796875,0.498225,8,8,"['complex_topology', 'boundary_margin_error']",complex_topology,Medium_Dice (25-75%)
20160328_152022_1281_721,0.9063976907243952,0.8288183766956266,0.8731895126586844,0.9422316008499632,28576,4150,1752,195922,30328,32726,0.12681048707449735,0.05776839883935637,1,1,30328.0,3008,0.09918227380638354,0.04959113690319177,1.0,0.9999968916898117,0.375,0.625,0.1875,0.49796250000000003,6,10,['high_quality'],high_quality,High_Dice (>75%)
20160328_152022_1921_1,0.8164354876647812,0.6898107193615685,0.756523425398658,0.8866530230938461,7799,2510,997,219094,8796,10309,0.2434765738674944,0.11334697589813551,1,2,8796.0,850,0.09663483401546158,0.04831741700773079,2.0,0.9999974578599107,0.25,0.75,0.203125,0.49802499999999994,4,12,['boundary_margin_error'],boundary_margin_error,Medium_Dice (25-75%)
20160328_152022_1921_361,0.7691874808949423,0.6249428478792449,0.6938034435618275,0.8629498320319801,17769,7842,2822,201967,20591,25611,0.30619655616727187,0.13705016754892915,3,2,6863.666666666667,3230,0.15686464960419602,0.07843232480209801,0.6666666666666666,0.9999936473483186,0.3125,0.6875,0.1953125,0.498025,5,11,['boundary_margin_error'],boundary_margin_error,Medium_Dice (25-75%)
20160328_152022_1921_721,0.8646554862993732,0.7615798340197641,0.8098856062746409,0.9273704780768617,9487,2227,743,217943,10230,11714,0.19011439303397643,0.07262952101661779,1,1,10230.0,1710,0.16715542521994134,0.08357771260997067,1.0,0.9999966150418085,0.25,0.75,0.203125,0.49801249999999997,4,12,['high_quality'],high_quality,Medium_Dice (25-75%)
20160328_152022_1_1081,0.7194008409154607,0.5617689468340259,0.611174060305784,0.8742052102303888,7012,4461,1009,217918,8021,11473,0.38882593916150965,0.12579478867971575,1,2,8021.0,2299,0.28662261563396085,0.14331130781698043,2.0,0.9999946593506638,0.3125,0.6875,0.203125,0.498275,5,11,['boundary_margin_error'],boundary_margin_error,Medium_Dice (25-75%)
20160328_152022_1_361,0.682738094222116,0.5183009477670562,0.5464506895034524,0.9095955554734513,2294,1904,228,225974,2522,4198,0.4535493091948547,0.09040444091990484,2,1,1261.0,818,0.32434575733544807,0.16217287866772404,0.5,0.9999978692322524,0.375,0.625,0.21875,0.49811249999999996,6,10,['moderate_general_error'],moderate_general_error,Low_Dice (<25%)
20160328_152022_1_721,0.759392064767819,0.6121128546753152,0.7412973657786803,0.778392229864591,5771,2014,1643,220972,7414,7785,0.25870263326910725,0.22160776908551388,2,3,3707.0,1733,0.23374696520097113,0.11687348260048556,1.5,0.9999985557482485,0.3125,0.6875,0.1796875,0.49831249999999994,5,11,['boundary_margin_error'],boundary_margin_error,Medium_Dice (25-75%)
20160328_152022_641_361,0.8408859985366255,0.7254558201134763,0.8364423905073969,0.8453770716522432,14483,2832,2649,210436,17132,17315,0.16355760900952931,0.15462292785430773,1,1,17132.0,2760,0.16110203128648143,0.08055101564324071,1.0,0.9999983430172505,0.3125,0.6875,0.1953125,0.49782499999999996,5,11,['boundary_margin_error'],boundary_margin_error,Medium_Dice (25-75%)
20160328_152022_641_721,0.8029353751006684,0.670753573699659,0.7400812743342523,0.8774565735530262,13841,4861,1933,209765,15774,18702,0.2599187252700246,0.12254342589070623,3,2,5258.0,2652,0.1681247622670217,0.08406238113351085,0.6666666666666666,0.9999959539996993,0.375,0.625,0.171875,0.49765000000000004,6,10,['boundary_margin_error'],boundary_margin_error,Medium_Dice (25-75%)
20160328_152305_1281_361,0.8883652954492035,0.7991521781502725,0.8557228218480103,0.923596898652033,14893,2511,1232,211764,16125,17404,0.14427717766030798,0.0764031007751938,2,2,8062.5,1636,0.10145736434108527,0.05072868217054263,1.0,0.9999960152574136,0.25,0.75,0.203125,0.4979625,4,12,['high_quality'],high_quality,High_Dice (>75%)
20160328_152305_1281_721,0.7892818313009906,0.6519121061420282,0.6865439168456673,0.9281792878632931,12342,5635,955,211468,13297,17977,0.3134560827724314,0.07182071143867037,2,2,6648.5,1594,0.11987666390915244,0.05993833195457622,1.0,0.9999974515156698,0.25,0.75,0.1796875,0.4980625,4,12,['boundary_margin_error'],boundary_margin_error,Medium_Dice (25-75%)
20160328_152305_1921_361,0.8281070987338,0.7066405964564267,0.7885252522066565,0.8718727658721083,19516,5234,2868,202782,22384,24750,0.21147474747474748,0.12812723373838455,3,2,7461.333333333333,2186,0.0976590421729807,0.04882952108649035,0.6666666666666666,0.9999930098383066,0.25,0.75,0.1875,0.4980375,4,12,['boundary_margin_error'],boundary_margin_error,Medium_Dice (25-75%)
20160328_152305_1921_721,0.9224140659203504,0.856000469891221,0.9221511364273446,0.9226771448075313,14558,1229,1220,213393,15778,15787,0.07784886298853487,0.07732285460768158,1,1,15778.0,1312,0.08315375839776905,0.041576879198884524,1.0,0.9999959550457135,0.125,0.875,0.234375,0.49779999999999996,2,14,['high_quality'],high_quality,High_Dice (>75%)
20160328_152305_1_361,0.7824205445578815,0.6426032741114005,0.716960280363414,0.861035208946026,11029,4354,1780,213237,12809,15383,0.2830397191705129,0.13896479038176282,1,1,12809.0,3367,0.26286205012100866,0.13143102506050433,1.0,0.9999958190502416,0.3125,0.6875,0.171875,0.4976625,5,11,['boundary_margin_error'],boundary_margin_error,Medium_Dice (25-75%)
20160328_152305_641_361,0.7586032202791376,0.6110884389837997,0.6651859368795622,0.882546096756297,10482,5276,1395,213247,11877,15758,0.334814062698312,0.11745390250063147,2,2,5938.5,2578,0.2170581796750021,0.10852908983750105,1.0,0.9999971592750092,0.375,0.625,0.15625,0.49831249999999994,6,10,['boundary_margin_error'],boundary_margin_error,Medium_Dice (25-75%)
20160328_152305_641_721,0.7949786806424385,0.6597216728632397,0.741611483604457,0.8566221761516314,16687,5814,2793,205106,19480,22501,0.25838851606595264,0.14337782340862423,2,3,9740.0,2953,0.15159137577002055,0.07579568788501027,1.5,0.9999967791957918,0.375,0.625,0.171875,0.4980875,6,10,['boundary_margin_error'],boundary_margin_error,Medium_Dice (25-75%)
20160328_152511_1281_361,0.7062898610587806,0.5459413510021748,0.6184286533618056,0.8232504475477436,6423,3963,1379,218635,7802,10386,0.38157134604274984,0.17674955139707768,3,2,2600.6666666666665,2301,0.2949243783645219,0.14746218918226095,0.6666666666666666,0.9999969191141291,0.3125,0.6875,0.1484375,0.4978125,5,11,['boundary_margin_error'],boundary_margin_error,Low_Dice (<25%)
20160328_152511_1281_721,0.7837450762766335,0.644392109737427,0.7472264878866249,0.824016561596054,4378,1481,935,223606,5313,5859,0.25277351083802696,0.17598343685300208,1,1,5313.0,1252,0.23564840956145303,0.11782420478072651,1.0,0.9999967621567181,0.3125,0.6875,0.1796875,0.4977375,5,11,['boundary_margin_error'],boundary_margin_error,Medium_Dice (25-75%)
20160328_152511_1921_361,0.7019445875486385,0.5407662730075791,0.6560514671041001,0.7547414184894612,8158,4277,2651,215314,10809,12435,0.34394853236831524,0.24525858081228605,2,2,5404.5,1974,0.1826255897862892,0.0913127948931446,1.0,0.9999928839000425,0.25,0.75,0.1875,0.4976,4,12,['boundary_margin_error'],boundary_margin_error,Low_Dice (<25%)
20160328_152511_1921_721,0.37465564702702037,0.23050847430682822,0.731182792987828,0.251851851530202,1972,725,5858,221845,7830,2697,0.26881720430107525,0.7481481481481481,1,2,7830.0,1447,0.18480204342273307,0.09240102171136653,2.0,0.9999920669563708,0.125,0.875,0.2265625,0.4975375,2,14,"['missed_crack_high_fn', 'thin_low_area_failure']",missed_crack_high_fn,Low_Dice (<25%)
20160328_152511_1_361,0.6679799147670993,0.5014788606962368,0.570119337660632,0.8063974626444116,8647,6520,2076,213157,10723,15167,0.42988066196347335,0.19360253660356244,1,1,10723.0,3459,0.3225776368553576,0.1612888184276788,1.0,0.9999957386979508,0.1875,0.8125,0.1953125,0.49787499999999996,3,13,['moderate_general_error'],moderate_general_error,Low_Dice (<25%)
20160328_152511_641_361,0.7843259989407761,0.6451778998789054,0.659404272887378,0.9676422882325721,12530,6472,419,210979,12949,19002,0.3405957267656036,0.032357711020156,1,1,12949.0,2798,0.21607846165727082,0.10803923082863541,1.0,0.9999974175465344,0.4375,0.5625,0.1484375,0.49805,7,9,['boundary_margin_error'],boundary_margin_error,Medium_Dice (25-75%)
20160328_152511_641_721,0.7719385206446739,0.628582960724332,0.6901595714088671,0.8757030321951461,1557,699,221,227923,1778,2256,0.3098404255319149,0.12429696287964004,1,1,1778.0,514,0.2890888638920135,0.14454443194600675,1.0,0.9999953441343561,0.125,0.875,0.21875,0.49815000000000004,2,14,['boundary_margin_error'],boundary_margin_error,Medium_Dice (25-75%)
20160328_152747_1281_361,0.7993887072820666,0.6658180812812591,0.7829288019555593,0.8165555642422112,9677,2683,2174,215866,11851,12360,0.21707119741100322,0.18344443506877056,2,2,5925.5,3166,0.26715045143869715,0.13357522571934857,1.0,0.9999984794842284,0.1875,0.8125,0.2109375,0.49763749999999995,3,13,['boundary_margin_error'],boundary_margin_error,Medium_Dice (25-75%)
20160328_152747_1281_721,0.7243986237699918,0.5678879289946553,0.6146967316691417,0.8817624044519665,1581,991,212,227616,1793,2572,0.38530326594090203,0.11823759063022866,1,1,1793.0,390,0.21751254880089235,0.10875627440044618,1.0,0.9999975485125383,0.1875,0.8125,0.21875,0.497625,3,13,['boundary_margin_error'],boundary_margin_error,Medium_Dice (25-75%)
20160328_152747_1921_361,0.782766990053772,0.6430707873165151,0.8470680932122476,0.7275393374724836,12900,2329,4831,210340,17731,15229,0.15293190623153194,0.2724606621171959,1,1,17731.0,3321,0.18729908070610796,0.09364954035305398,1.0,0.9999963260716302,0.125,0.875,0.25,0.49758750000000007,2,14,['boundary_margin_error'],boundary_margin_error,Medium_Dice (25-75%)
20160328_152747_1_361,0.7690319349749721,0.6247375190511837,0.693510789763508,0.8630111342163272,9223,4076,1464,215637,10687,13299,0.30648920971501614,0.13698886497613924,1,1,10687.0,2884,0.26986057827266774,0.13493028913633387,1.0,0.9999963914039742,0.3125,0.6875,0.1953125,0.4975375,5,11,['boundary_margin_error'],boundary_margin_error,Medium_Dice (25-75%)
20160328_152747_641_361,0.7676637788414782,0.6229337137553222,0.6966588866867345,0.8547852291975997,11343,4939,1927,212191,13270,16282,0.3033411128853949,0.14521477015825168,1,1,13270.0,3624,0.27309721175584023,0.13654860587792012,1.0,0.999997466550198,0.25,0.75,0.1875,0.4977125,4,12,['boundary_margin_error'],boundary_margin_error,Medium_Dice (25-75%)
20160328_153548_1281_1081,0.7549611701684159,0.6063756021734192,0.8293838783944656,0.6927949272146087,875,180,388,228957,1263,1055,0.17061611374407584,0.3072050673000792,1,3,1263.0,218,0.1726049089469517,0.08630245447347586,3.0,0.999993282268443,0.1875,0.8125,0.2109375,0.49786250000000004,3,13,['boundary_margin_error'],boundary_margin_error,Medium_Dice (25-75%)
20160328_153548_1281_361,0.8737024215639457,0.7757296457807756,0.9503474219016396,0.8084975359501262,6565,343,1555,221937,8120,6908,0.04965257672264042,0.1915024630541872,1,2,8120.0,1052,0.12955665024630542,0.06477832512315271,2.0,0.9999974270099403,0.3125,0.6875,0.21875,0.4978375,5,11,['high_quality'],high_quality,Medium_Dice (25-75%)
20160328_153548_1281_721,0.8186460698194191,0.6929727399258591,0.8463793165058137,0.7926726258912252,22523,4088,5891,197898,28414,26611,0.15362068317613017,0.2073273738298022,3,3,9471.333333333334,4591,0.161575279791652,0.080787639895826,1.0,0.9999936234841662,0.3125,0.6875,0.171875,0.497575,5,11,['boundary_margin_error'],boundary_margin_error,Medium_Dice (25-75%)
20160328_153548_1921_361,0.9046721925754815,0.8259373919326196,0.9220430100445138,0.8879437863254854,12005,1015,1515,215865,13520,13020,0.07795698924731183,0.11205621301775148,1,1,13520.0,1494,0.11050295857988165,0.05525147928994083,1.0,0.9999948236428702,0.1875,0.8125,0.21875,0.49806249999999996,3,13,['high_quality'],high_quality,High_Dice (>75%)
20160328_153548_1921_721,0.8997312965917885,0.8177377887826541,0.9085456409753538,0.8910863348696922,15905,1601,1944,210950,17849,17506,0.0914543585056552,0.10891366463107177,2,1,8924.5,2779,0.15569499691859487,0.07784749845929743,0.5,0.99999370613828,0.1875,0.8125,0.2109375,0.4978875,3,13,['high_quality'],high_quality,High_Dice (>75%)
20160328_153548_1_1,0.783243957207522,0.6437148694244103,0.8504641345426363,0.7258715064218422,15117,2658,5709,206916,20826,17775,0.14953586497890295,0.2741284932296168,1,1,20826.0,3686,0.1769903005858062,0.0884951502929031,1.0,0.9999963637364806,0.375,0.625,0.1953125,0.4978,6,10,['boundary_margin_error'],boundary_margin_error,Medium_Dice (25-75%)
20160328_153548_1_1081,0.739192708213022,0.5862852420256415,0.7516716316611481,0.7271213574360803,22708,7502,8522,191668,31230,30210,0.24832836809003642,0.2728786423310919,1,1,31230.0,4278,0.13698366954851104,0.06849183477425552,1.0,0.999995909381542,0.125,0.875,0.28125,0.49755000000000005,2,14,['boundary_margin_error'],boundary_margin_error,Medium_Dice (25-75%)
20160328_153548_641_1,0.7777678003252512,0.6363502782304581,0.7274101432189954,0.835616436743939,4331,1623,852,223594,5183,5954,0.2725898555592879,0.1643835616438356,1,2,5183.0,1078,0.20798765193903146,0.10399382596951573,2.0,0.9999952967240104,0.3125,0.6875,0.1875,0.4979375,5,11,['boundary_margin_error'],boundary_margin_error,Medium_Dice (25-75%)
20160328_153548_641_1081,0.7148291067489445,0.5562132713266361,0.6890742902066775,0.7425838960356295,12967,5851,4495,207087,17462,18818,0.3109257094271442,0.2574161035391135,1,1,17462.0,3550,0.2032985912266636,0.1016492956133318,1.0,0.9999959540372081,0.1875,0.8125,0.234375,0.4975125,3,13,['boundary_margin_error'],boundary_margin_error,Medium_Dice (25-75%)
20160328_153548_641_361,0.6594931768736896,0.4919730101303246,0.6069173355239419,0.7220419997916305,4229,2739,1628,221804,5857,6968,0.3930826636050517,0.27795799897558476,10,3,585.7,2268,0.38722895680382446,0.19361447840191223,0.3,0.9999957780610654,0.25,0.75,0.203125,0.49733750000000004,4,12,"['complex_topology', 'boundary_margin_error']",complex_topology,Low_Dice (<25%)
20160328_153548_641_721,0.7786329542532234,0.6375093850490672,0.8175940568006094,0.7432162056125946,11887,2652,4107,211754,15994,14539,0.18240594263704518,0.256783793922721,2,1,7997.0,3223,0.2015130674002751,0.10075653370013755,0.5,0.9999946844839488,0.25,0.75,0.1875,0.497325,4,12,['boundary_margin_error'],boundary_margin_error,Medium_Dice (25-75%)
20160328_153604_1281_1,0.6882170328733858,0.5246424523874448,0.5634876775737787,0.8838620196154238,5099,3950,670,220681,5769,9049,0.4365123218035142,0.11613797885248743,1,2,5769.0,1772,0.3071589530247877,0.15357947651239384,2.0,0.9999966995015547,0.3125,0.6875,0.1640625,0.49783750000000004,5,11,['moderate_general_error'],moderate_general_error,Low_Dice (<25%)
20160328_153604_1281_361,0.7829597423118514,0.6433310133874596,0.7495675671623959,0.8194657837020058,13867,4633,3055,208845,16922,18500,0.2504324324324324,0.1805342158137336,1,2,16922.0,3158,0.18662096678879564,0.09331048339439782,2.0,0.9999980410964977,0.375,0.625,0.15625,0.49787499999999996,6,10,['boundary_margin_error'],boundary_margin_error,Medium_Dice (25-75%)
20160328_153604_1281_721,0.7412872040043292,0.5889248177682614,0.645792439279559,0.8699249395514117,10199,5594,1525,213082,11724,15793,0.35420756031153044,0.13007505970658478,1,1,11724.0,2934,0.2502558853633572,0.1251279426816786,1.0,0.9999976876584857,0.3125,0.6875,0.1953125,0.497725,5,11,['boundary_margin_error'],boundary_margin_error,Medium_Dice (25-75%)
20160328_153604_1921_361,0.7451524610673634,0.5938191198121042,0.7011244100826084,0.7950806179704832,9665,4120,2491,214124,12156,13785,0.2988755894087777,0.20491938137545246,2,2,6078.0,3155,0.25954261270154655,0.12977130635077327,1.0,0.9999963613983794,0.25,0.75,0.203125,0.497875,4,12,['boundary_margin_error'],boundary_margin_error,Medium_Dice (25-75%)
20160328_153604_1921_721,0.8013110397870344,0.6684895468167731,0.7475615414556731,0.8633884659245521,9657,3261,1528,215954,11185,12918,0.25243845796562936,0.1366115333035315,1,1,11185.0,2448,0.218864550737595,0.1094322753687975,1.0,0.9999920412814971,0.1875,0.8125,0.1953125,0.49806249999999996,3,13,['boundary_margin_error'],boundary_margin_error,Medium_Dice (25-75%)
20160328_153604_1_1,0.8212764259978197,0.6967506581795916,0.7757803679760961,0.8724412105629833,10314,2981,1508,215597,11822,13295,0.22421963144039112,0.1275587886990357,1,1,11822.0,2152,0.18203349687024192,0.09101674843512096,1.0,0.9999961671908892,0.1875,0.8125,0.203125,0.4975625,3,13,['boundary_margin_error'],boundary_margin_error,Medium_Dice (25-75%)
20160328_153604_1_361,0.7612028299081652,0.6144692999675933,0.6953009285745921,0.8409053893169636,10328,4526,1954,213592,12282,14854,0.3046990709573179,0.1590946099983716,1,1,12282.0,2675,0.21779840416870216,0.10889920208435108,1.0,0.999996531486182,0.1875,0.8125,0.2265625,0.49743750000000003,3,13,['boundary_margin_error'],boundary_margin_error,Medium_Dice (25-75%)
20160328_153604_641_1,0.7841047637010139,0.6448785555634862,0.6844304291017498,0.9177589842306988,8682,4003,778,216937,9460,12685,0.3155695703586914,0.08224101479915433,1,2,9460.0,1886,0.19936575052854122,0.09968287526427061,2.0,0.9999969605906048,0.375,0.625,0.15625,0.497575,6,10,['boundary_margin_error'],boundary_margin_error,Medium_Dice (25-75%)
20160328_153604_641_1081,0.8530932568169523,0.7438209443684451,0.8708069869945306,0.8360858152821496,16251,2411,3186,208552,19437,18662,0.129193012538849,0.16391418428769872,1,1,19437.0,2413,0.1241446725317693,0.06207233626588465,1.0,0.9999971341204259,0.3125,0.6875,0.1640625,0.49765000000000004,5,11,['high_quality'],high_quality,Medium_Dice (25-75%)
20160328_153604_641_361,0.753388429544521,0.604348978783546,0.6817230029505819,0.8418913921672877,13674,6384,2568,207774,16242,20058,0.31827699670954235,0.15810860731437015,3,1,5414.0,4470,0.27521241226449944,0.13760620613224972,0.3333333333333333,0.9999977070138121,0.3125,0.6875,0.15625,0.4979375,5,11,['boundary_margin_error'],boundary_margin_error,Medium_Dice (25-75%)
20160328_153604_641_721,0.7828881815373354,0.6432343928154461,0.7429843821724107,0.8273215129221374,12179,4213,2542,211466,14721,16392,0.25701561737432893,0.1726784865158617,2,2,7360.5,3390,0.23028326879967392,0.11514163439983696,1.0,0.9999985739647397,0.25,0.75,0.171875,0.4981625,4,12,['boundary_margin_error'],boundary_margin_error,Medium_Dice (25-75%)
20160328_153620_1281_1081,0.8608837954884819,0.7557471240237958,0.9238875842158953,0.8059244099219461,2367,195,570,227268,2937,2562,0.07611241217798595,0.1940755873340143,1,1,2937.0,555,0.18896833503575078,0.09448416751787539,1.0,0.9999918257679673,0.1875,0.8125,0.21875,0.49752500000000005,3,13,['high_quality'],high_quality,Medium_Dice (25-75%)
20160328_153620_1281_361,0.7961537566220782,0.6613417294787727,0.8403367530213693,0.7563847647675006,34237,6505,11027,178631,45264,40742,0.15966324677237248,0.24361523506539412,2,1,22632.0,7174,0.1584924001413927,0.07924620007069635,0.5,0.9999959976545114,0.4375,0.5625,0.1640625,0.4979,7,9,['boundary_margin_error'],boundary_margin_error,Medium_Dice (25-75%)
20160328_153620_1281_721,0.8543566515995763,0.7457439985947204,0.7729420447497446,0.9549413960163536,20939,6151,988,202322,21927,27090,0.2270579549649317,0.045058603548137,12,2,1827.25,5996,0.2734528207233092,0.1367264103616546,0.16666666666666666,0.9999964337087006,0.25,0.75,0.1875,0.49743750000000003,4,12,"['complex_topology', 'high_quality']",complex_topology,Medium_Dice (25-75%)
20160328_153620_1921_1081,0.9005394796956648,0.8190739576955358,0.9180999990819,0.8836381127202714,9181,819,1209,219191,10390,10000,0.0819,0.1163618864292589,1,1,10390.0,1998,0.1923002887391723,0.09615014436958615,1.0,0.999994014368057,0.125,0.875,0.2265625,0.4977625,2,14,['high_quality'],high_quality,High_Dice (>75%)
20160328_153620_1921_361,0.9121055966786245,0.8384137227785506,0.8905783756934231,0.9346993166967519,28055,3447,1960,196938,30015,31502,0.1094216240238715,0.06530068299183742,2,1,15007.5,4710,0.15692153923038482,0.07846076961519241,0.5,0.9999953224799436,0.25,0.75,0.21875,0.4980375,4,12,['high_quality'],high_quality,High_Dice (>75%)
20160328_153620_1_361,0.932192638974583,0.8729970151913891,0.9060507635913476,0.9598878513525065,30128,3124,1259,195889,31387,33252,0.09394923613617226,0.040112148341670116,2,1,15693.5,3918,0.1248287507566827,0.06241437537834135,0.5,0.999995436052707,0.375,0.625,0.1640625,0.4976375,6,10,['high_quality'],high_quality,High_Dice (>75%)
20160328_153620_1_721,0.9609712368932036,0.9248745280350149,0.9554439388278615,0.9665628569635095,5897,275,204,224024,6101,6172,0.04455605962410888,0.033437141452220945,1,1,6101.0,709,0.11621045730208163,0.05810522865104081,1.0,0.9999930582077365,0.25,0.75,0.1953125,0.49742499999999995,4,12,['high_quality'],high_quality,High_Dice (>75%)
20160328_153620_641_361,0.874045556064135,0.7762707992064386,0.807468878710766,0.9525874112551226,6811,1624,339,221626,7150,8435,0.19253112033195022,0.047412587412587415,4,2,1787.5,1854,0.2593006993006993,0.12965034965034966,0.5,0.9999972570269982,0.25,0.75,0.1796875,0.498125,4,12,['high_quality'],high_quality,High_Dice (>75%)
20160328_153620_641_721,0.8808053076183102,0.7869991821922621,0.8700386225511466,0.8918418058181691,42350,6326,5136,176588,47486,48676,0.1299613772701126,0.10815819399401928,3,1,15828.666666666666,8363,0.17611506549298742,0.08805753274649371,0.3333333333333333,0.999990523160821,0.4375,0.5625,0.1640625,0.4974625,7,9,['high_quality'],high_quality,High_Dice (>75%)
20160328_153629_1281_361,0.9690436700005287,0.9399463796890656,0.9457272324711619,0.99353887894634,8765,503,57,221075,8822,9268,0.05427276650841605,0.006461119927454092,1,1,8822.0,698,0.07912038086601678,0.03956019043300839,1.0,0.9999979677001136,0.375,0.625,0.1953125,0.49820000000000003,6,10,['high_quality'],high_quality,High_Dice (>75%)
20160328_153629_1281_721,0.9056540224591305,0.8275755940495593,0.9053491010877702,0.9059591489130515,21512,2249,2233,204406,23745,23761,0.0946508985312066,0.09404085070541167,1,1,23745.0,3705,0.1560328490208465,0.07801642451042325,1.0,0.9999952292112739,0.375,0.625,0.1875,0.4978,6,10,['high_quality'],high_quality,High_Dice (>75%)
20160328_153629_1921_361,0.928856188874849,0.8671629142861405,0.9427283789128825,0.9153863350319781,28658,1741,2649,197352,31307,30399,0.057271620776999245,0.08461366467563165,1,1,31307.0,3988,0.1273836522183537,0.06369182610917686,1.0,0.999993141997204,0.25,0.75,0.1875,0.4983375,4,12,['high_quality'],high_quality,High_Dice (>75%)
20160328_153629_1_361,0.9236558833077259,0.8581418051935135,0.8873881246214286,0.9630145096348787,32521,4127,1249,192503,33770,36648,0.11261187513643309,0.036985490079952624,3,1,11256.666666666666,4891,0.14483269173822919,0.07241634586911459,0.3333333333333333,0.9999949275435988,0.3125,0.6875,0.1953125,0.4980625,5,11,['high_quality'],high_quality,High_Dice (>75%)
20160328_153629_641_361,0.8607906180911714,0.7556035192133459,0.8283582082013485,0.8958661408505255,9102,1886,1058,218354,10160,10988,0.17164179104477612,0.10413385826771654,2,1,5080.0,1951,0.19202755905511812,0.09601377952755906,0.5,0.9999978287923605,0.3125,0.6875,0.1875,0.4982125,5,11,['high_quality'],high_quality,Medium_Dice (25-75%)
20160328_153629_641_721,0.9433545645956085,0.8927825105633235,0.9230820366563349,0.9645375287539378,27770,2314,1021,199295,28791,30084,0.07691796303683021,0.035462470911048594,6,1,4798.5,3676,0.12767878851029835,0.06383939425514917,0.16666666666666666,0.9999959490731906,0.3125,0.6875,0.1796875,0.49793750000000003,5,11,"['complex_topology', 'high_quality']",complex_topology,High_Dice (>75%)
20160328_153829_1281_361,0.8846115286953653,0.7930972494817551,0.8248050419760695,0.9537691853390046,30884,6560,1497,191459,32381,37444,0.17519495780365346,0.04623081436644946,7,1,4625.857142857143,7820,0.24149964485346345,0.12074982242673173,0.14285714285714285,0.999995113004458,0.375,0.625,0.1875,0.4981625,6,10,"['complex_topology', 'high_quality']",complex_topology,High_Dice (>75%)
20160328_153829_1281_721,0.8051232932665511,0.6738128618036209,0.7479982189768724,0.8716951765896962,3363,1133,495,225409,3858,4496,0.2520017793594306,0.12830482115085537,3,1,1286.0,1468,0.3805080352514256,0.1902540176257128,0.3333333333333333,0.9999974488592531,0.375,0.625,0.21875,0.4981375,6,10,['boundary_margin_error'],boundary_margin_error,Medium_Dice (25-75%)
20160328_153829_1921_1,0.8309330964538038,0.7107660767174983,0.7418575161495137,0.9443183532837452,18723,6515,1104,204058,19827,25238,0.25814248355654174,0.05568164623997579,14,1,1416.2142857142858,6747,0.3402935391133303,0.17014676955666516,0.07142857142857142,0.9999918625211683,0.25,0.75,0.234375,0.498025,4,12,"['complex_topology', 'boundary_margin_error']",complex_topology,Medium_Dice (25-75%)
20160328_153829_1921_361,0.8407153993029464,0.7252019036545829,0.7536044743843244,0.950597174401202,3502,1145,182,225571,3684,4647,0.2463955239939746,0.0494028230184582,2,2,1842.0,976,0.26492942453854507,0.13246471226927253,1.0,0.9999976173611351,0.1875,0.8125,0.2265625,0.498625,3,13,['boundary_margin_error'],boundary_margin_error,Medium_Dice (25-75%)
20160328_153829_1_1,0.8309423630478677,0.7107796371907121,0.7360244260536014,0.9539661287586766,16392,5879,791,207338,17183,22271,0.26397557361591306,0.04603387068614328,4,1,4295.75,5674,0.33021009136937673,0.16510504568468837,0.25,0.9999942800137283,0.375,0.625,0.15625,0.49834999999999996,6,10,['boundary_margin_error'],boundary_margin_error,Medium_Dice (25-75%)
20160328_153829_1_721,0.869795557379749,0.7695913452288565,0.8888117700044257,0.8515760063152334,6403,801,1116,222080,7519,7204,0.111188228761799,0.1484239925522011,1,1,7519.0,1642,0.2183801037371991,0.10919005186859955,1.0,0.9999980937272639,0.4375,0.5625,0.2109375,0.4981375,7,9,['high_quality'],high_quality,Medium_Dice (25-75%)
20160328_153829_641_1,0.8613379771615006,0.7564474443560744,0.8570148178435619,0.865704972920265,14343,2393,2225,211439,16568,16736,0.14298518164435947,0.13429502655721873,5,2,3313.6,3613,0.21807098020280058,0.10903549010140029,0.4,0.9999944135650314,0.5,0.5,0.15625,0.4983375,8,8,"['complex_topology', 'high_quality']",complex_topology,Medium_Dice (25-75%)
20160328_153829_641_1081,0.7608652241192245,0.6140294332215819,0.6365256117633346,0.9455748536880483,5716,3264,329,221091,6045,8980,0.36347438752783967,0.05442514474772539,2,2,3022.5,1958,0.323904052936311,0.1619520264681555,1.0,0.9999960330892838,0.1875,0.8125,0.21875,0.4981375,3,13,['boundary_margin_error'],boundary_margin_error,Medium_Dice (25-75%)
20160328_153829_641_361,0.8684161772964395,0.7674342455883071,0.7835970572948551,0.973826338493524,7032,1942,189,221237,7221,8974,0.216402941831959,0.026173660157872872,2,1,3610.5,2066,0.2861099570696579,0.14305497853482896,0.5,0.9999976629819453,0.1875,0.8125,0.234375,0.49810000000000004,3,13,['high_quality'],high_quality,Medium_Dice (25-75%)
20160328_153829_641_721,0.825573064424117,0.702958216825379,0.7114197508906798,0.9833617705487978,2305,935,39,227121,2344,3240,0.28858024691358025,0.016638225255972697,2,2,1172.0,1120,0.4778156996587031,0.23890784982935154,1.0,0.9999977335649162,0.25,0.75,0.203125,0.498,4,12,['boundary_margin_error'],boundary_margin_error,Medium_Dice (25-75%)
20160329_103807_1081_1,0.23573883080502117,0.13361900999758858,0.31410256122616703,0.18866886584890613,343,749,1475,227833,1818,1092,0.6858974358974359,0.8113311331133113,1,1,1818.0,702,0.38613861386138615,0.19306930693069307,1.0,0.9999863353087113,0.3125,0.6875,0.1953125,0.4976625,5,11,"['missed_crack_high_fn', 'false_crack_high_fp', 'thin_low_area_failure']",missed_crack_high_fn,Low_Dice (<25%)
20160329_103807_361_1,0.7774761902910771,0.6359599576847428,0.8679034654114909,0.7041141966947929,16327,2485,6861,204727,23188,18812,0.1320965341271529,0.29588580300155254,2,1,11594.0,1985,0.08560462308090391,0.04280231154045196,0.5,0.9999882735014494,0.3125,0.6875,0.171875,0.497375,5,11,['boundary_margin_error'],boundary_margin_error,Medium_Dice (25-75%)
20160329_103807_361_1281,0.7177590195356127,0.5597692091198512,0.7785830443404571,0.6657496975012848,22023,6263,11057,191057,33080,28286,0.22141695538428904,0.3342503022974607,4,1,8270.0,5043,0.1524486094316808,0.0762243047158404,0.25,0.9999931504430118,0.3125,0.6875,0.1875,0.49735,5,11,['boundary_margin_error'],boundary_margin_error,Medium_Dice (25-75%)
20160329_103807_361_1921,0.6486356665283608,0.47998578211844867,0.8557987613436363,0.5222215610060026,17555,2958,16061,193826,33616,20513,0.14420123823916542,0.4777784388386483,6,1,5602.666666666667,5092,0.15147548786292242,0.07573774393146121,0.16666666666666666,0.9999931590108169,0.375,0.625,0.171875,0.49710000000000004,6,10,['complex_topology'],complex_topology,Low_Dice (<25%)
20160329_103807_361_641,0.7827950738326255,0.6431086968218411,0.9240401381045654,0.6790050836773653,32322,2657,15280,180141,47602,34979,0.07595986163126447,0.32099491617999243,3,1,15867.333333333334,4507,0.09468089576068232,0.04734044788034116,0.3333333333333333,0.9999912555578457,0.3125,0.6875,0.1796875,0.4975625,5,11,['boundary_margin_error'],boundary_margin_error,Medium_Dice (25-75%)
20160329_103807_721_1,0.6622328035137329,0.4950284363775183,0.7332798436968997,0.6037370827142278,12795,4654,8398,204553,21193,17449,0.26672015588285863,0.3962629170008965,1,1,21193.0,3008,0.14193365733968763,0.07096682866984381,1.0,0.9999877852993869,0.3125,0.6875,0.1640625,0.49724999999999997,5,11,['boundary_margin_error'],boundary_margin_error,Low_Dice (<25%)
20160329_103807_721_1281,0.684692735900128,0.5205572527334106,0.6418098004113539,0.7337164715818176,1532,855,556,227457,2088,2387,0.3581901968998743,0.2662835249042146,2,1,1044.0,664,0.31800766283524906,0.15900383141762453,0.5,0.9999895843630259,0.25,0.75,0.1875,0.497525,4,12,['boundary_margin_error'],boundary_margin_error,Low_Dice (<25%)
20160330_165956_1281_721,0.6554657589028787,0.48750395405923447,0.5275590546665876,0.8652442435917402,6164,5520,960,217756,7124,11684,0.47244094488188976,0.13475575519371139,5,1,1424.8,3495,0.49059517125210556,0.24529758562605278,0.2,0.9999952072509707,0.5,0.5,0.171875,0.4985125,8,8,['complex_topology'],complex_topology,Low_Dice (<25%)
20160330_165956_1921_721,0.7189797067795567,0.561255516859975,0.5982226862538185,0.9008186383803234,5722,3843,630,220205,6352,9565,0.40177731312075277,0.09918136020151133,2,1,3176.0,3591,0.5653337531486146,0.2826668765743073,0.5,0.9999944292544753,0.3125,0.6875,0.1953125,0.4983875,5,11,['moderate_general_error'],moderate_general_error,Medium_Dice (25-75%)
20160330_165956_1_1081,0.8279838123909398,0.7064610720778913,0.8107697309621434,0.8459447203829353,7468,1743,1360,219829,8828,9211,0.1892302681576376,0.15405527865881286,1,1,8828.0,3489,0.3952197553239692,0.1976098776619846,1.0,0.9999951662923665,0.375,0.625,0.1875,0.49913749999999996,6,10,['boundary_margin_error'],boundary_margin_error,Medium_Dice (25-75%)
20160330_165956_1_721,0.69199135659581,0.5290418836949357,0.551555554942716,0.9283710474502131,4964,4036,383,221017,5347,9000,0.4484444444444444,0.0716289508135403,5,4,1069.4,4121,0.7707125490929493,0.38535627454647464,0.8,0.9999927651437184,0.5625,0.4375,0.171875,0.499,9,7,['complex_topology'],complex_topology,Low_Dice (<25%)
20160330_165956_641_721,0.813147859276466,0.6851298753867953,0.7235710182340174,0.9280372674659345,7570,2892,587,219351,8157,10462,0.27642898107436437,0.0719627313963467,2,1,4078.5,4056,0.49724163295329166,0.24862081647664583,0.5,0.9999976609522699,0.5625,0.4375,0.171875,0.49874999999999997,9,7,['boundary_margin_error'],boundary_margin_error,Medium_Dice (25-75%)
20160330_170359_1281_721,0.8007250024021858,0.6676742231815582,0.9351207872408289,0.700105649569828,27832,1931,11922,188715,39754,29763,0.06487921244498203,0.29989435025406247,1,2,39754.0,3228,0.08119937616340495,0.04059968808170247,2.0,0.9999879551013544,0.3125,0.6875,0.171875,0.4975375,5,11,['boundary_margin_error'],boundary_margin_error,Medium_Dice (25-75%)
20160330_170359_1921_361,0.860438042921613,0.755060343649596,0.8627035825935377,0.8581843706549741,15891,2529,2626,209354,18517,18420,0.13729641693811076,0.1418156288815683,1,1,18517.0,1564,0.08446292595992871,0.04223146297996436,1.0,0.9999865085723204,0.25,0.75,0.1953125,0.4976375,4,12,['high_quality'],high_quality,Medium_Dice (25-75%)
20160330_170359_1921_721,0.879294828696196,0.7845906766658743,0.9607200479221863,0.8105934904017896,19053,779,4452,206116,23505,19832,0.03927995159338443,0.18940650925335034,2,2,11752.5,1744,0.07419697936609232,0.03709848968304616,1.0,0.9999827782711249,0.25,0.75,0.1953125,0.49765000000000004,4,12,['high_quality'],high_quality,High_Dice (>75%)
20160330_170359_1_721,0.8510191036359606,0.740672979271473,0.8612580494304111,0.8410207459529432,29958,4826,5663,189953,35621,34784,0.13874195032198713,0.1589792538109542,1,1,35621.0,3446,0.09674068667359143,0.04837034333679571,1.0,0.9999850582757912,0.25,0.75,0.1875,0.49744999999999995,4,12,['high_quality'],high_quality,Medium_Dice (25-75%)
20160330_170359_641_721,0.8577390849297761,0.7509134503451377,0.8812139887172672,0.8354824363731556,26306,3546,5180,195368,31486,29852,0.11878601098753852,0.164517563361494,1,1,31486.0,3540,0.11243092167947659,0.056215460839738295,1.0,0.9999884486639685,0.375,0.625,0.1875,0.49748749999999997,6,10,['high_quality'],high_quality,Medium_Dice (25-75%)
20160330_172309_1281_361,0.877498589587381,0.7817349550276489,0.8444283636704917,0.9132646394766342,7002,1290,665,221443,7667,8292,0.15557163531114326,0.08673535933220294,1,1,7667.0,2848,0.37146211034302856,0.18573105517151428,1.0,0.9999968025980355,0.25,0.75,0.1875,0.49775,4,12,['high_quality'],high_quality,High_Dice (>75%)
20160330_172309_1281_721,0.8725263759220032,0.773877416986602,0.8442148166317882,0.9028027373904322,23611,4357,2542,199890,26153,27968,0.15578518306636155,0.09719726226436738,4,2,6538.25,4491,0.1717202615378733,0.08586013076893664,0.5,0.999997811813267,0.375,0.625,0.1875,0.4977625,6,10,['high_quality'],high_quality,Medium_Dice (25-75%)
20160330_172309_1921_361,0.9033897251957025,0.8238019886845603,0.8459842149222468,0.9691530375155212,14578,2654,464,212704,15042,17232,0.15401578458681522,0.030846961840180827,1,1,15042.0,1696,0.1127509639675575,0.05637548198377875,1.0,0.99999621970731,0.375,0.625,0.171875,0.49778749999999994,6,10,['high_quality'],high_quality,High_Dice (>75%)
20160330_172309_1921_721,0.8832922854576699,0.7909789410021918,0.8651691217756956,0.902190965159756,16677,2599,1808,209316,18485,19276,0.1348308777754721,0.09780903435217744,1,2,18485.0,2827,0.15293481200973763,0.07646740600486882,2.0,0.9999935405241873,0.1875,0.8125,0.2109375,0.49771250000000006,3,13,['high_quality'],high_quality,High_Dice (>75%)
20160330_172309_1_721,0.8849254822909233,0.7936021030316477,0.9330776271278466,0.8414993025755076,16299,1169,3070,209862,19369,17468,0.06692237233798946,0.15850069699003563,1,1,19369.0,3466,0.17894573803500438,0.08947286901750219,1.0,0.9999960784239212,0.3125,0.6875,0.1640625,0.49785,5,11,['high_quality'],high_quality,High_Dice (>75%)
20160330_172309_641_361,0.7685071558926234,0.6240451656458148,0.6261246230385716,0.9947061884875268,1879,1122,10,227389,1889,3001,0.37387537487504163,0.005293806246691371,1,1,1889.0,624,0.33033350979354154,0.16516675489677077,1.0,0.9999946550120162,0.3125,0.6875,0.1875,0.497725,5,11,['boundary_margin_error'],boundary_margin_error,Medium_Dice (25-75%)
20160330_172309_641_721,0.8481310768011083,0.7363086716896022,0.883906030545615,0.8151393646720755,25209,3311,5717,196163,30926,28520,0.11609396914446003,0.18486063506434716,3,1,10308.666666666666,6929,0.2240509603569812,0.1120254801784906,0.3333333333333333,0.9999953883989287,0.25,0.75,0.21875,0.49716249999999995,4,12,['boundary_margin_error'],boundary_margin_error,Medium_Dice (25-75%)
20160402_150314_1281_1081,0.8338039515252038,0.714977513957186,0.7571428543694401,0.9277378773440849,2067,663,161,227509,2228,2730,0.24285714285714285,0.072262118491921,1,1,2228.0,838,0.3761220825852783,0.18806104129263915,1.0,0.9999973941142639,0.375,0.625,0.1484375,0.498925,6,10,['boundary_margin_error'],boundary_margin_error,Medium_Dice (25-75%)
20160402_150314_1281_361,0.8566843196463776,0.749298146056572,0.7659635517779257,0.9717822665723972,5338,1631,155,223276,5493,6969,0.23403644712297317,0.028217731658474424,1,1,5493.0,1826,0.3324230839249954,0.1662115419624977,1.0,0.9999979885582534,0.625,0.375,0.203125,0.4986875,10,6,['high_quality'],high_quality,Medium_Dice (25-75%)
20160402_150314_1281_721,0.8514368042698164,0.7413060138397756,0.8384172768673309,0.8648670616595926,10637,2050,1662,216051,12299,12687,0.16158272247182154,0.13513293763720627,3,2,4099.666666666667,3719,0.30238230750467515,0.15119115375233758,0.6666666666666666,0.9999968818719962,0.4375,0.5625,0.1640625,0.49870000000000003,7,9,['high_quality'],high_quality,Medium_Dice (25-75%)
20160402_150314_1921_1,0.8535942066591885,0.744582949264132,0.8152422819316275,0.8957326883094479,8900,2017,1036,218447,9936,10917,0.1847577173216085,0.10426731078904992,2,1,4968.0,2878,0.2896537842190016,0.1448268921095008,0.5,0.9999930011445793,0.4375,0.5625,0.171875,0.4986125,7,9,['high_quality'],high_quality,Medium_Dice (25-75%)
20160402_150314_1921_361,0.8719845595497193,0.7730253756115615,0.7957147026835494,0.9644254679316062,2711,696,100,226893,2811,3407,0.20428529498092163,0.03557452863749555,1,1,2811.0,1008,0.35859124866595515,0.17929562433297758,1.0,0.999993764656165,0.375,0.625,0.1875,0.49885,6,10,['high_quality'],high_quality,Medium_Dice (25-75%)
20160402_150314_1_361,0.8939952976791208,0.8083105757173813,0.9176325520811581,0.8715452048211386,26047,2338,3839,198176,29886,28385,0.08236744759556104,0.12845479488723818,1,1,29886.0,5157,0.172555711704477,0.0862778558522385,1.0,0.9999974261119716,0.3125,0.6875,0.171875,0.49816249999999995,5,11,['high_quality'],high_quality,High_Dice (>75%)
20160402_150314_1_721,0.7751078246174226,0.6327967801535909,0.7357442238661233,0.8189215571021791,7548,2711,1669,218472,9217,10259,0.2642557754167073,0.1810784420093306,2,1,4608.5,3065,0.3325377020722578,0.1662688510361289,0.5,0.9999979401871141,0.4375,0.5625,0.1640625,0.4985625,7,9,['boundary_margin_error'],boundary_margin_error,Medium_Dice (25-75%)
20160402_150314_641_361,0.8609957174787527,0.7559196490226466,0.9187124919275608,0.8101022239205025,6736,596,1579,221489,8315,7332,0.0812875068194217,0.1898977751052315,1,1,8315.0,1802,0.21671677690920024,0.10835838845460012,1.0,0.9999981692820972,0.4375,0.5625,0.1953125,0.49872500000000003,7,9,['high_quality'],high_quality,Medium_Dice (25-75%)
20160402_150314_641_721,0.8412529209869924,0.7260021934239104,0.8797753286970907,0.8059625276696011,20519,2804,4940,202137,25459,23323,0.12022467092569566,0.19403747201382615,1,1,25459.0,7162,0.28131505557955927,0.14065752778977963,1.0,0.9999930715888662,0.3125,0.6875,0.15625,0.49792500000000006,5,11,['boundary_margin_error'],boundary_margin_error,Medium_Dice (25-75%)
20160402_151049_1281_721,0.9421506034539364,0.8906282940937622,0.92863620100337,0.9560641635906684,33794,2597,1553,192456,35347,36391,0.07136379874144706,0.04393583613885196,2,1,17673.5,3596,0.10173423487141765,0.05086711743570883,0.5,0.9999964333796634,0.4375,0.5625,0.15625,0.498375,7,9,['high_quality'],high_quality,High_Dice (>75%)
20160402_151049_1921_1081,0.9322358025187117,0.8730727296511069,0.936675020363868,0.9278384635728575,16818,1137,1308,211137,18126,17955,0.0633249791144528,0.07216153591525985,1,1,18126.0,1926,0.10625620655412116,0.05312810327706058,1.0,0.9999959458377177,0.375,0.625,0.171875,0.4984875,6,10,['high_quality'],high_quality,High_Dice (>75%)
20160402_151049_1921_721,0.9369719111813263,0.8814178299113135,0.9415733426925035,0.9324152345548518,20515,1273,1487,207125,22002,21788,0.05842665687534423,0.0675847650213617,1,1,22002.0,2377,0.10803563312426143,0.05401781656213071,1.0,0.9999952487521675,0.5,0.5,0.1484375,0.49868749999999995,8,8,['high_quality'],high_quality,High_Dice (>75%)
20160402_151049_1_361,0.9064455507087886,0.8288984158916847,0.8663481832143287,0.9504347115664116,23394,3609,1220,202177,24614,27003,0.13365181646483723,0.049565288047452666,2,1,12307.0,4093,0.16628747867067523,0.08314373933533761,0.5,0.9999971268383088,0.5625,0.4375,0.171875,0.4984625,9,7,['high_quality'],high_quality,High_Dice (>75%)
20160402_151049_1_721,0.8607515655373821,0.7555433384847245,0.7933041508522276,0.940733557161181,16492,4297,1039,208572,17531,20789,0.20669584876617442,0.05926644230220752,1,2,17531.0,4794,0.2734584450402145,0.13672922252010725,2.0,0.9999972536883972,0.5,0.5,0.15625,0.49827499999999997,8,8,['high_quality'],high_quality,Medium_Dice (25-75%)
20160402_151049_641_361,0.8116857465225311,0.6830564761360249,0.6878554677555856,0.9898892585946593,2056,933,21,227390,2077,2989,0.3121445299431248,0.010110736639383727,1,1,2077.0,517,0.24891670678863745,0.12445835339431872,1.0,0.9999961793625446,0.375,0.625,0.171875,0.498675,6,10,['boundary_margin_error'],boundary_margin_error,Medium_Dice (25-75%)
20160402_151049_641_721,0.9411989307773483,0.8889289576070751,0.9249530954678815,0.9580256507583497,39440,3200,1728,186032,41168,42640,0.075046904315197,0.04197434900893898,1,1,41168.0,4241,0.10301690633501749,0.051508453167508746,1.0,0.999996472132572,0.4375,0.5625,0.15625,0.49816249999999995,7,9,['high_quality'],high_quality,High_Dice (>75%)
20160402_151054_1281_1081,0.9384897379913789,0.8841080219192051,0.9461948612783599,0.9309090903541526,15616,888,1159,212737,16775,16504,0.05380513814832768,0.06909090909090909,1,1,16775.0,2057,0.12262295081967213,0.061311475409836065,1.0,0.9999977427729179,0.4375,0.5625,0.1484375,0.4982125,7,9,['high_quality'],high_quality,High_Dice (>75%)
20160402_151054_1281_361,0.9236183308616985,0.8580769789596122,0.8652779846166972,0.9903945094504383,5774,899,56,223671,5830,6673,0.13472201408661771,0.00960548885077187,1,1,5830.0,732,0.12555746140651802,0.06277873070325901,1.0,0.9999976961260093,0.4375,0.5625,0.1640625,0.49882499999999996,7,9,['high_quality'],high_quality,High_Dice (>75%)
20160402_151054_1281_721,0.9548240687634727,0.9135534413176153,0.9465420471852725,0.9632523009291356,40813,2305,1557,185725,42370,43118,0.05345795259520386,0.03674769884352136,1,1,42370.0,4055,0.09570450790653764,0.04785225395326882,1.0,0.9999973600913205,0.4375,0.5625,0.15625,0.49805,7,9,['high_quality'],high_quality,High_Dice (>75%)
20160402_151054_1921_361,0.8683626872575464,0.7673507028087672,0.8112621117610689,0.9341098863700023,13312,3097,939,213052,14251,16409,0.18873788774453043,0.0658901129745281,3,1,4750.333333333333,3394,0.23815872570345942,0.11907936285172971,0.3333333333333333,0.9999964613468901,0.25,0.75,0.1953125,0.49807499999999993,4,12,['high_quality'],high_quality,Medium_Dice (25-75%)
20160402_151054_1_361,0.8861912710957793,0.7956404435505059,0.9385703458889331,0.8393494464514194,55737,3648,10668,160347,66405,59385,0.061429653953018436,0.16065055342218207,1,1,66405.0,5533,0.08332203900308711,0.04166101950154356,1.0,0.9999934973985993,0.4375,0.5625,0.171875,0.49844999999999995,7,9,['high_quality'],high_quality,High_Dice (>75%)
20160402_151054_1_721,0.023947998549613415,0.012119113531443512,0.9999997142857958,0.012119113531443512,35,0,2853,227512,2888,35,0.0,0.9878808864265928,1,1,2888.0,396,0.1371191135734072,0.0685595567867036,1.0,0.9999965255794778,0.5,0.5,0.1796875,0.49887500000000007,8,8,"['missed_crack_high_fn', 'thin_low_area_failure']",missed_crack_high_fn,Low_Dice (<25%)
20160402_151054_641_361,0.9077209382652984,0.8310339088837817,0.9417027679961361,0.8761061939226267,9999,619,1414,218368,11413,10618,0.05829723111697118,0.12389380530973451,1,2,11413.0,1572,0.13773766757206693,0.06886883378603346,2.0,0.9999972047744637,0.4375,0.5625,0.1875,0.49911249999999996,7,9,['high_quality'],high_quality,High_Dice (>75%)
20160402_151054_641_721,0.9420488147278878,0.8904463909510028,0.9324188541643358,0.9518797658868663,21344,1547,1079,206430,22423,22891,0.06758114542833428,0.04812023368862329,1,1,22423.0,2562,0.11425768184453464,0.05712884092226732,1.0,0.9999962907788063,0.4375,0.5625,0.1640625,0.4987375,7,9,['high_quality'],high_quality,High_Dice (>75%)
20160405_171348_1281_361,0.8112449774135156,0.6824324288854864,0.6824324288854864,0.9999999923838538,1313,611,0,228476,1313,1924,0.31756756756756754,0.0,1,2,1313.0,228,0.17364813404417365,0.08682406702208682,2.0,0.9999873383634168,0.25,0.75,0.2109375,0.49792500000000006,4,12,['boundary_margin_error'],boundary_margin_error,Medium_Dice (25-75%)
20160405_171348_1281_721,0.8774256143707652,0.7816191297460819,0.8806297165515351,0.8742447431793966,32556,4413,4683,188748,37239,36969,0.11937028321025724,0.12575525658583742,2,1,18619.5,4149,0.11141545154273745,0.055707725771368725,0.5,0.9999870080572333,0.3125,0.6875,0.15625,0.497675,5,11,['high_quality'],high_quality,High_Dice (>75%)
20160405_171348_1921_721,0.8312085269827043,0.7111692257960237,0.8941378144969261,0.7765547201072549,31817,3767,9155,185661,40972,35584,0.10586218525179857,0.22344527970321196,4,2,10243.0,5734,0.13994923362296202,0.06997461681148101,0.5,0.9999839910566981,0.3125,0.6875,0.15625,0.49749999999999994,5,11,['boundary_margin_error'],boundary_margin_error,Medium_Dice (25-75%)
20160405_171348_1_721,0.7444448556162854,0.5929208756352107,0.8039706859949445,0.6931259475501709,30169,7356,13357,179518,43526,37525,0.19602931379080613,0.30687405229058495,5,3,8705.2,8064,0.18526857510453523,0.09263428755226762,0.6,0.9999799187075825,0.25,0.75,0.171875,0.4976375,4,12,"['complex_topology', 'boundary_margin_error']",complex_topology,Medium_Dice (25-75%)
20160405_171348_641_721,0.8353766076145486,0.7172933439912108,0.8552303218181408,0.8164237665873251,29130,4931,6550,189789,35680,34061,0.14476967793077125,0.1835762331838565,3,2,11893.333333333334,4812,0.13486547085201794,0.06743273542600897,0.6666666666666666,0.99998690150849,0.3125,0.6875,0.15625,0.49771249999999995,5,11,['boundary_margin_error'],boundary_margin_error,Medium_Dice (25-75%)
20160407_163130_1281_721,0.8877079709739985,0.7980889440980136,0.964962478559109,0.8219064694799713,17874,649,3873,208004,21747,18523,0.03503752091993737,0.17809353014208856,2,1,10873.5,4406,0.2026026578378627,0.10130132891893134,0.5,0.9999944925537594,0.5,0.5,0.171875,0.4985625,8,8,['high_quality'],high_quality,High_Dice (>75%)
20160407_163130_1921_721,0.8844970686387784,0.7929132625043378,0.9706987700040138,0.8123567350006095,15239,460,3520,211181,18759,15699,0.029301229377667368,0.18764326456634148,1,1,18759.0,3963,0.2112585958739805,0.10562929793699025,1.0,0.9999887594408774,0.5,0.5,0.15625,0.4989125,8,8,['high_quality'],high_quality,High_Dice (>75%)
20160407_163130_1_361,0.8042690277803685,0.6726170405098786,0.8211348650446757,0.7880820805521622,1997,435,537,227431,2534,2432,0.17886513157894737,0.21191791633780585,2,3,1267.0,693,0.27348066298342544,0.13674033149171272,1.5,0.9999941007572415,0.5,0.5,0.171875,0.4988375,8,8,['boundary_margin_error'],boundary_margin_error,Medium_Dice (25-75%)
20160407_163130_1_721,0.843797208035592,0.7298003550068985,0.9244620980308096,0.7760795860745403,13964,1141,4029,211266,17993,15105,0.0755379013571665,0.2239204134941366,4,2,4498.25,3803,0.21135997332295892,0.10567998666147946,0.5,0.9999946997884165,0.5,0.5,0.171875,0.49839999999999995,8,8,['boundary_margin_error'],boundary_margin_error,Medium_Dice (25-75%)
20160407_163130_641_721,0.8732927719892724,0.7750840238516317,0.9539988963298407,0.8051766673780659,17296,834,4185,208085,21481,18130,0.04600110314396029,0.19482333224710208,1,2,21481.0,3919,0.1824402960756017,0.09122014803780085,2.0,0.9999945343548757,0.5,0.5,0.171875,0.4984125,8,8,['high_quality'],high_quality,Medium_Dice (25-75%)
20160407_163257_1281_1,0.8820094827845881,0.7889239391595346,0.7982692574845587,0.9853778119382035,11254,2844,167,216135,11421,14098,0.20173074194921264,0.01462218719901935,2,1,5710.5,2159,0.18903773750109448,0.09451886875054724,0.5,0.9999960281333659,0.5,0.5,0.15625,0.4988375,8,8,['high_quality'],high_quality,High_Dice (>75%)
20160407_163257_1281_361,0.8983215422047713,0.8154117345659709,0.8534528196801181,0.9481698382517059,12952,2224,708,214516,13660,15176,0.14654717975751186,0.05183016105417277,1,1,13660.0,3222,0.23587115666178624,0.11793557833089312,1.0,0.9999965081872326,0.625,0.375,0.1796875,0.49894999999999995,10,6,['high_quality'],high_quality,High_Dice (>75%)
20160407_163257_1281_721,0.8794215631392773,0.784792509128552,0.8760062125744864,0.8828636480460239,6203,878,823,222496,7026,7081,0.12399378618839146,0.11713635069740962,1,1,7026.0,1974,0.28095644748078563,0.14047822374039282,1.0,0.9999860088237227,0.4375,0.5625,0.171875,0.49884999999999996,7,9,['high_quality'],high_quality,High_Dice (>75%)
20160407_163257_1921_1081,0.8109529019270151,0.6820191590739141,0.7276896858502298,0.9157321884635024,5553,2078,511,222258,6064,7631,0.2723103131961735,0.08426781002638523,3,1,2021.3333333333333,2190,0.3611477572559367,0.18057387862796834,0.3333333333333333,0.9999817363664792,0.4375,0.5625,0.171875,0.49885,7,9,['boundary_margin_error'],boundary_margin_error,Medium_Dice (25-75%)
20160407_163257_1921_721,0.871284184845954,0.7719252030920132,0.8517872699044068,0.8916945529484416,5862,1020,712,222806,6574,6882,0.14821272885789014,0.10830544569516276,1,1,6574.0,2038,0.31000912686340126,0.15500456343170063,1.0,0.9999853101773557,0.4375,0.5625,0.171875,0.4989125,7,9,['high_quality'],high_quality,Medium_Dice (25-75%)
20160407_163257_1_1,0.8860173411541302,0.7953600840358497,0.8447030490812978,0.9315808099384132,10525,1935,773,217167,11298,12460,0.15529695024077048,0.0684191892370331,1,1,11298.0,3246,0.2873074880509825,0.14365374402549125,1.0,0.9999979989763661,0.5625,0.4375,0.171875,0.4987,9,7,['high_quality'],high_quality,High_Dice (>75%)
20160407_163257_641_361,0.8629709619088213,0.7589700289075813,0.8302548939506328,0.898371139304116,8990,1838,1017,218555,10007,10828,0.16974510528260067,0.1016288597981413,2,1,5003.5,3413,0.341061257120016,0.170530628560008,0.5,0.9999952075782178,0.5,0.5,0.171875,0.4987375,8,8,['high_quality'],high_quality,Medium_Dice (25-75%)
20160407_165001_1281_1081,0.5490196074142492,0.3783783779709504,0.3893628804549996,0.9306144043151101,3514,5511,262,221113,3776,9025,0.6106371191135734,0.06938559322033898,2,3,1888.0,1841,0.4875529661016949,0.24377648305084745,1.5,0.9999975707195039,0.25,0.75,0.1796875,0.49808749999999996,4,12,"['thin_low_area_failure', 'over_segmentation']",thin_low_area_failure,Low_Dice (<25%)
20160407_165001_1281_361,0.7926678409143952,0.6565449573667753,0.7410808153493511,0.8519742136567492,10573,3694,1837,214296,12410,14267,0.2589191841312119,0.14802578565672844,2,2,6205.0,2498,0.20128928283642225,0.10064464141821113,1.0,0.9999980469492789,0.4375,0.5625,0.1484375,0.498075,7,9,['boundary_margin_error'],boundary_margin_error,Medium_Dice (25-75%)
20160407_165001_1281_721,0.8040345813050283,0.6722891554693818,0.891170429178256,0.7324207749251439,3906,477,1427,224590,5333,4383,0.10882956878850103,0.26757922370148135,1,1,5333.0,1172,0.21976373523345208,0.10988186761672604,1.0,0.9999977753596212,0.375,0.625,0.15625,0.49798749999999997,6,10,['boundary_margin_error'],boundary_margin_error,Medium_Dice (25-75%)
20160407_165001_1921_361,0.6390317045425967,0.4695419479465734,0.5432525941663584,0.7758127418054285,2983,2508,862,224047,3845,5491,0.45674740484429066,0.22418725617685306,1,1,3845.0,1108,0.2881664499349805,0.14408322496749024,1.0,0.9999968194835498,0.25,0.75,0.1875,0.4982375,4,12,['moderate_general_error'],moderate_general_error,Low_Dice (<25%)
20160407_165001_1921_721,0.7091326819591426,0.5493459103414204,0.5698855238461175,0.9384311326566873,6173,4659,405,219163,6578,10832,0.43011447562776955,0.061568865916692,2,1,3289.0,2875,0.4370629370629371,0.21853146853146854,0.5,0.9999961179307428,0.375,0.625,0.171875,0.4980375,6,10,['moderate_general_error'],moderate_general_error,Low_Dice (<25%)
20160407_165001_1_1081,0.6269884799533841,0.45665201697076574,0.5322054935089159,0.762847606756735,3429,3014,1066,222891,4495,6443,0.46779450566506287,0.2371523915461624,2,2,2247.5,2332,0.5187986651835372,0.2593993325917686,1.0,0.9999968272758365,0.25,0.75,0.1953125,0.497925,4,12,['moderate_general_error'],moderate_general_error,Low_Dice (<25%)
20160407_165001_1_721,0.866044720608309,0.7637379853929492,0.9126146926455186,0.8239968435392263,14621,1400,3123,211256,17744,16021,0.0873853067848449,0.17600315599639316,1,1,17744.0,3895,0.2195108205590622,0.1097554102795311,1.0,0.9999972804447947,0.375,0.625,0.171875,0.49802499999999994,6,10,['high_quality'],high_quality,Medium_Dice (25-75%)
20160407_165001_641_1081,0.4810477263807484,0.3166970646382075,0.32931034425980976,0.892106488126546,1910,3890,231,224369,2141,5800,0.6706896551724137,0.10789350770667912,2,1,1070.5,1225,0.572162540868753,0.2860812704343765,0.5,0.9999981775130697,0.25,0.75,0.1796875,0.4981625,4,12,"['false_crack_high_fp', 'thin_low_area_failure', 'over_segmentation']",false_crack_high_fp,Low_Dice (<25%)
20160407_165001_641_361,0.88288516264382,0.7903262342601234,0.8703842309940218,0.8957504166800935,13954,2078,1624,212744,15578,16032,0.12961576846307385,0.10424958274489665,1,1,15578.0,3166,0.2032353318782899,0.10161766593914495,1.0,0.9999960582262959,0.4375,0.5625,0.1640625,0.49831250000000005,7,9,['high_quality'],high_quality,High_Dice (>75%)
20160407_165001_641_721,0.5552226015513215,0.3842962951576406,0.397486973958054,0.9205109941766431,1297,1966,112,227025,1409,3263,0.6025130248237818,0.0794889992902768,2,4,704.5,474,0.33640880056777855,0.16820440028388928,2.0,0.9999967587352077,0.375,0.625,0.1796875,0.498275,6,10,['over_segmentation'],over_segmentation,Low_Dice (<25%)
IMG_2931_1297_485,0.8096514733883852,0.6801801785676146,0.7341351055933083,0.9024850553555046,2869,1039,310,309414,3179,3908,0.2658648925281474,0.09751494180559925,8,4,397.375,1061,0.33375275243787356,0.16687637621893678,0.5,0.9999854339660547,0.375,0.625,0.171875,0.4986125,6,10,"['complex_topology', 'boundary_margin_error']",complex_topology,Medium_Dice (25-75%)
IMG_2931_1297_969,0.910675190073266,0.8359996777586626,0.8874381286162842,0.9351618696626243,10399,1319,721,301193,11120,11718,0.11256187062638676,0.06483812949640287,1,1,11120.0,2558,0.23003597122302158,0.11501798561151079,1.0,0.9999858932667045,0.375,0.625,0.1875,0.49795,6,10,['high_quality'],high_quality,High_Dice (>75%)
IMG_2931_1945_485,0.8791649932724488,0.7843839530309685,0.8192428537793762,0.9485446969013432,5475,1208,297,306652,5772,6683,0.18075714499476284,0.05145530145530146,2,1,2886.0,1530,0.26507276507276506,0.13253638253638253,0.5,0.999986278358677,0.375,0.625,0.171875,0.49834999999999996,6,10,['high_quality'],high_quality,High_Dice (>75%)
IMG_2931_1945_969,0.8710008899972591,0.771480581588009,0.8361173210099733,0.9089219317859281,6357,1246,637,305392,6994,7603,0.16388267789030647,0.09107806691449814,1,1,6994.0,1920,0.2745210180154418,0.1372605090077209,1.0,0.999984827548138,0.375,0.625,0.2109375,0.4979125,6,10,['high_quality'],high_quality,Medium_Dice (25-75%)
IMG_2931_1_485,0.8984517663362572,0.8156263510568322,0.8887841654158634,0.9083319950188196,16974,2124,1713,292821,18687,19098,0.1112158341187559,0.09166800449510355,1,1,18687.0,3905,0.20896880184085193,0.10448440092042596,1.0,0.9999801827291257,0.375,0.625,0.1875,0.49801249999999997,6,10,['high_quality'],high_quality,High_Dice (>75%)
IMG_2931_649_485,0.9046024505184517,0.8258211376742627,0.8575577462801852,0.9571083966854301,12697,2109,569,298257,13266,14806,0.14244225314061867,0.04289160259309513,2,3,6633.0,3277,0.2470224634403739,0.12351123172018695,1.5,0.9999870570306402,0.375,0.625,0.1875,0.4983125,6,10,['high_quality'],high_quality,High_Dice (>75%)
IMG_2931_649_969,0.706552704875231,0.5462555046025862,0.553571426512011,0.9763779463492261,1488,1200,36,310908,1524,2688,0.44642857142857145,0.023622047244094488,1,2,1524.0,436,0.28608923884514437,0.14304461942257218,2.0,0.9999859600942498,0.375,0.625,0.1875,0.49812499999999993,6,10,['moderate_general_error'],moderate_general_error,Low_Dice (<25%)
IMG_2941_1297_485,0.8824292103883771,0.7895958077922187,0.8060055006066584,0.9748636900703598,10549,2539,272,300272,10821,13088,0.1939944987775061,0.025136309028740412,1,1,10821.0,2685,0.24812863875797062,0.12406431937898531,1.0,0.9999953176495007,0.3125,0.6875,0.1796875,0.49882499999999996,5,11,['high_quality'],high_quality,High_Dice (>75%)
IMG_2941_1297_969,0.7866221792289306,0.6482912129785371,0.6622525405801866,0.9685054754137218,4951,2525,161,305995,5112,7476,0.33774745853397536,0.03149452269170579,2,1,2556.0,2222,0.43466353677621283,0.21733176838810642,0.5,0.9999971711396589,0.3125,0.6875,0.1953125,0.49842499999999995,5,11,['boundary_margin_error'],boundary_margin_error,Medium_Dice (25-75%)
IMG_2941_1945_485,0.8958182889464261,0.811296075617541,0.8354864379872121,0.9655416394498396,13646,2687,487,296812,14133,16333,0.16451356150125512,0.034458359866978,1,1,14133.0,3879,0.2744640203778391,0.13723201018891956,1.0,0.9999925992209205,0.5,0.5,0.1875,0.4986875,8,8,['high_quality'],high_quality,High_Dice (>75%)
IMG_2941_1_485,0.7534159797724949,0.6043844358240644,0.6832430646918709,0.8396530842282108,4163,1930,795,306744,4958,6093,0.3167569341867717,0.16034691407825735,3,3,1652.6666666666667,1490,0.30052440500201694,0.15026220250100847,1.0,0.999993797985817,0.375,0.625,0.1875,0.4986625,6,10,['boundary_margin_error'],boundary_margin_error,Medium_Dice (25-75%)
IMG_2941_1_969,0.8879380970013937,0.7984610340549598,0.8379725078711576,0.9442400765302613,9754,1886,576,301416,10330,11640,0.16202749140893472,0.055759922555663116,3,3,3443.3333333333335,2424,0.2346563407550823,0.11732817037754115,1.0,0.999990856544299,0.3125,0.6875,0.1796875,0.4982875,5,11,['high_quality'],high_quality,High_Dice (>75%)
IMG_2941_649_969,0.8991561969251243,0.8167881714132397,0.8539678010728253,0.9493941546294495,11988,2050,639,298955,12627,14038,0.14603219831884884,0.05060584461867427,1,1,12627.0,3828,0.30315989546210503,0.15157994773105252,1.0,0.9999956114696589,0.3125,0.6875,0.1640625,0.4982,5,11,['high_quality'],high_quality,High_Dice (>75%)
IMG_2942_1297_485,0.5783331215410801,0.4067993214894269,0.4187563144863082,0.9344127875908737,4559,6328,320,302425,4879,10887,0.581243685129053,0.06558721049395368,3,1,1626.3333333333333,2380,0.4878048780487805,0.24390243902439024,0.3333333333333333,0.9999826505449151,0.5,0.5,0.1640625,0.4984875000000001,8,8,['over_segmentation'],over_segmentation,Low_Dice (<25%)
IMG_2942_1945_485,0.5088148456273177,0.34121506919197303,0.3457526076513211,0.9629629598883686,3016,5707,116,304793,3132,8723,0.65424739195231,0.037037037037037035,3,2,1044.0,1994,0.6366538952745849,0.31832694763729247,0.6666666666666666,0.9999835593450548,0.625,0.375,0.171875,0.498675,10,6,"['false_crack_high_fp', 'thin_low_area_failure', 'over_segmentation']",false_crack_high_fp,Low_Dice (<25%)
IMG_2942_1_485,0.684543493397165,0.5203847409330148,0.5450486542128807,0.9199999982222222,4761,3974,414,304483,5175,8735,0.4549513451631368,0.08,5,3,1035.0,3132,0.6052173913043478,0.3026086956521739,0.6,0.9999866947438295,0.5625,0.4375,0.15625,0.4982,9,7,['complex_topology'],complex_topology,Low_Dice (<25%)
IMG_2942_649_485,0.3417000305345704,0.20605441526041934,0.20781045120077687,0.9606060564475928,2219,8459,91,302863,2310,10678,0.7921895486046076,0.03939393939393939,3,1,770.0,1534,0.664069264069264,0.332034632034632,0.3333333333333333,0.9999854075621407,0.5625,0.4375,0.1640625,0.49829999999999997,9,7,"['false_crack_high_fp', 'thin_low_area_failure', 'over_segmentation']",false_crack_high_fp,Low_Dice (<25%)
