case_name,dice,iou,precision,recall,tp,fp,fn,tn,gt_area,pred_area,fp_area_ratio,fn_area_ratio,num_gt_cc,num_pred_cc,mean_component_size,perimeter,boundary_to_area_ratio,thinness_score,fragmentation_ratio,mean_routing_entropy,cnn_expert_fraction,vit_expert_fraction,expert_hhi_concentration,mean_gs,cnn_expert_selections,vit_expert_selections,error_taxonomy,primary_error_category,performance_tier
20160222_080850_1281_361,0.8914193750721954,0.8041087450272265,0.8914411114891777,0.8913976392805044,18279,2226,2227,207668,20506,20505,0.10855888807607901,0.1086023602847947,1,1,20506.0,3739,0.18233687701160636,0.09116843850580318,1.0,0.9999677716340281,0.5,0.5,0.1953125,0.4988375,8,8,['high_quality'],high_quality,High_Dice (>75%)
20160222_080850_1281_721,0.611598745122886,0.4405057565127439,0.4428052645419763,0.988348525894891,1951,2455,23,225971,1974,4406,0.5571947344530186,0.01165146909827761,2,1,987.0,936,0.47416413373860183,0.23708206686930092,0.5,0.9999778188157661,0.5,0.5,0.1953125,0.4996625,8,8,['over_segmentation'],over_segmentation,Low_Dice (<25%)
20160222_080850_1921_1,0.07437819821826835,0.03862554845891753,0.03972541788614669,0.5824790253263837,625,15108,448,214219,1073,15733,0.9602745820886036,0.4175209692451072,1,9,1073.0,330,0.30754892823858343,0.15377446411929171,9.0,0.9999682871242936,0.5625,0.4375,0.203125,0.49931250000000005,9,7,"['false_crack_high_fp', 'thin_low_area_failure', 'over_segmentation', 'fragmented_prediction']",false_crack_high_fp,Low_Dice (<25%)
20160222_080850_1921_361,0.8629557470462131,0.7589464920159855,0.8099791009352252,0.9233472299444031,15503,3637,1287,209973,16790,19140,0.1900208986415883,0.07665276950565814,1,2,16790.0,2880,0.17153067301965455,0.08576533650982728,2.0,0.9999678767936333,0.375,0.625,0.1953125,0.498525,6,10,['high_quality'],high_quality,High_Dice (>75%)
20160222_080850_1_361,0.8461249578309005,0.7332899377391175,0.8011078670555027,0.8965026174255486,21404,5314,2471,201211,23875,26718,0.19889213264465902,0.10349738219895288,1,1,23875.0,3950,0.16544502617801046,0.08272251308900523,1.0,0.9999676348843121,0.5,0.5,0.1953125,0.498775,8,8,['boundary_margin_error'],boundary_margin_error,Medium_Dice (25-75%)
20160222_080850_641_361,0.7442083963722285,0.5926209366445317,0.6333347679250421,0.9021399221888896,14713,8518,1596,205573,16309,23231,0.36666523180233307,0.09786007725795573,4,1,4077.25,4122,0.25274388374517137,0.12637194187258569,0.25,0.999965718926207,0.5,0.5,0.1953125,0.4988875,8,8,['boundary_margin_error'],boundary_margin_error,Medium_Dice (25-75%)
20160222_080850_641_721,0.5609655736106395,0.38982081548816166,0.392401419560202,0.9834094710665798,4090,6333,69,219908,4159,10423,0.6075985800633215,0.01659052656888675,1,2,4159.0,1886,0.45347439288290453,0.22673719644145227,2.0,0.999975052956419,0.5625,0.4375,0.171875,0.4993625,9,7,['over_segmentation'],over_segmentation,Low_Dice (<25%)
20160222_115224_1281_1,0.4856942493087698,0.32073724152937183,0.34550533737852407,0.8173235760742895,3463,6560,774,219603,4237,10023,0.6544946622767635,0.1826764219966958,10,6,423.7,4075,0.9617654000472032,0.4808827000236016,0.6,0.9999857173083251,0.4375,0.5625,0.1875,0.4987375,7,9,"['false_crack_high_fp', 'thin_low_area_failure', 'over_segmentation', 'complex_topology']",false_crack_high_fp,Low_Dice (<25%)
20160222_115224_1281_1081,0.8426635231562728,0.7281059052544284,0.7713052846797577,0.9285714268486616,5005,1484,385,223526,5390,6489,0.22869471413160733,0.07142857142857142,1,1,5390.0,2275,0.42207792207792205,0.21103896103896103,1.0,0.9999886889124141,0.5,0.5,0.203125,0.4991375,8,8,['boundary_margin_error'],boundary_margin_error,Medium_Dice (25-75%)
20160222_115224_1281_361,0.5070104746059461,0.33959412707341513,0.3605317433863586,0.8539630789687129,1573,2790,269,225768,1842,4363,0.6394682557873023,0.1460369163952226,6,5,307.0,1801,0.9777415852334419,0.48887079261672095,0.8333333333333334,0.9999831938458631,0.5,0.5,0.1640625,0.4989,8,8,"['thin_low_area_failure', 'over_segmentation', 'complex_topology']",thin_low_area_failure,Low_Dice (<25%)
20160222_115224_1281_721,0.7440180581309119,0.592379582324012,0.6376063958761847,0.893063582201836,4944,2810,592,222054,5536,7754,0.3623936033015218,0.1069364161849711,4,2,1384.0,2724,0.4920520231213873,0.24602601156069365,0.5,0.9999910972231703,0.5625,0.4375,0.203125,0.4988125,9,7,['boundary_margin_error'],boundary_margin_error,Medium_Dice (25-75%)
20160222_115224_1921_1081,0.7721837609434117,0.6289082489548526,0.6519659901595856,0.9467592519540181,1227,655,69,228449,1296,1882,0.3480340063761955,0.05324074074074074,1,1,1296.0,552,0.42592592592592593,0.21296296296296297,1.0,0.9999847822572381,0.5,0.5,0.2421875,0.4995125,8,8,['boundary_margin_error'],boundary_margin_error,Medium_Dice (25-75%)
20160222_115224_641_1,0.6992009434765909,0.5375164903219686,0.6033876336510666,0.831187044713519,6519,4285,1324,218272,7843,10804,0.396612365790448,0.16881295422669898,4,2,1960.75,4660,0.5941603978069616,0.2970801989034808,0.5,0.9999859615634318,0.5,0.5,0.1875,0.49888750000000004,8,8,['boundary_margin_error'],boundary_margin_error,Medium_Dice (25-75%)
20160222_115224_641_1081,0.055059523707106546,0.028309104766049916,0.04038199170427833,0.0864991228141489,148,3517,1563,225172,1711,3665,0.9596180081855389,0.9135008766803039,1,7,1711.0,1669,0.9754529514903565,0.48772647574517825,7.0,0.9999868634697959,0.5,0.5,0.203125,0.4993875,8,8,"['missed_crack_high_fn', 'false_crack_high_fp', 'thin_low_area_failure', 'over_segmentation', 'fragmented_prediction']",missed_crack_high_fn,Low_Dice (<25%)
20160222_115224_641_361,0.7732573195474769,0.6303337544775375,0.6447709579845053,0.9656957897550298,2984,1644,106,225666,3090,4628,0.35522904062229904,0.0343042071197411,2,2,1545.0,1649,0.5336569579288026,0.2668284789644013,1.0,0.9999843353580224,0.5,0.5,0.203125,0.499375,8,8,['boundary_margin_error'],boundary_margin_error,Medium_Dice (25-75%)
20160222_115224_641_721,0.22728604052059864,0.12821360113131083,0.1498879702156471,0.46996123917160554,1940,11003,2188,215269,4128,12943,0.8501120296685467,0.5300387596899225,5,2,825.6,2219,0.5375484496124031,0.26877422480620156,0.4,0.9999844852566886,0.625,0.375,0.203125,0.49926249999999994,10,6,"['false_crack_high_fp', 'thin_low_area_failure', 'over_segmentation', 'complex_topology']",false_crack_high_fp,Low_Dice (<25%)
20160222_115837_1281_1,0.6502659570144509,0.48177339854012474,0.4969007209664661,0.9405654915549808,4890,4951,309,220250,5199,9841,0.5030992785286048,0.05943450663589152,1,3,5199.0,2135,0.41065589536449315,0.20532794768224658,3.0,0.9999897410389404,0.3125,0.6875,0.1796875,0.49744999999999995,5,11,['moderate_general_error'],moderate_general_error,Low_Dice (<25%)
20160222_115837_1281_1081,0.5642267467647477,0.39297761362622263,0.39297761362622263,0.9999999960983222,2563,3959,0,223878,2563,6522,0.6070223857712358,0.0,4,2,640.75,1867,0.7284432305891534,0.3642216152945767,0.5,0.9999937050413191,0.375,0.625,0.1796875,0.4983625,6,10,['over_segmentation'],over_segmentation,Low_Dice (<25%)
20160222_115837_1281_361,0.6966338252292346,0.5344881881346643,0.5369403566889095,0.9915278966066962,3394,2927,29,224050,3423,6321,0.46305964246163583,0.008472100496640374,4,2,855.75,2052,0.5994741454864154,0.2997370727432077,0.5,0.9999905083128393,0.4375,0.5625,0.21875,0.49767500000000003,7,9,['moderate_general_error'],moderate_general_error,Medium_Dice (25-75%)
20160222_115837_1281_721,0.6608910882909764,0.4935304981635296,0.49536178015702825,0.9925650520722488,2670,2720,20,224990,2690,5390,0.5046382189239332,0.007434944237918215,1,1,2690.0,2008,0.7464684014869889,0.37323420074349445,1.0,0.9999902885485221,0.4375,0.5625,0.15625,0.49828750000000005,7,9,['over_segmentation'],over_segmentation,Low_Dice (<25%)
20160222_164851_1281_1081,0.8439982010759792,0.7301011139096434,0.7979597608416552,0.8956742988300346,5632,1426,656,222686,6288,7058,0.2020402380277699,0.10432569974554708,2,2,3144.0,1152,0.183206106870229,0.0916030534351145,1.0,0.9999901180549513,0.4375,0.5625,0.1484375,0.4991125,7,9,['boundary_margin_error'],boundary_margin_error,Medium_Dice (25-75%)
20160222_164851_641_1,0.8421904271665004,0.7273997787955868,0.8406154362116496,0.843771330338079,9889,1875,1831,216805,11720,11764,0.15938456307378443,0.1562286689419795,2,3,5860.0,2308,0.1969283276450512,0.0984641638225256,1.5,0.9999900660937457,0.4375,0.5625,0.1484375,0.49841250000000004,7,9,['boundary_margin_error'],boundary_margin_error,Medium_Dice (25-75%)
20160222_164851_641_1081,0.6922217645409949,0.5293112744746348,0.5521478141510525,0.927524813411809,5887,4775,460,219278,6347,10662,0.44785218533108234,0.07247518512683157,3,4,2115.6666666666665,2372,0.3737198676540098,0.1868599338270049,1.3333333333333333,0.9999915531171586,0.4375,0.5625,0.15625,0.49872500000000003,7,9,['moderate_general_error'],moderate_general_error,Medium_Dice (25-75%)
20160222_164851_641_361,0.7911308201067514,0.6544387376776482,0.6945688140324646,0.9188771560486934,10704,4707,945,214044,11649,15411,0.3054311855168386,0.08112284316250322,7,2,1664.142857142857,3669,0.31496265773886173,0.15748132886943086,0.2857142857142857,0.9999902317408074,0.375,0.625,0.1484375,0.49822500000000003,6,10,"['complex_topology', 'boundary_margin_error']",complex_topology,Medium_Dice (25-75%)
20160222_164851_641_721,0.8575864380423017,0.7506794969876739,0.7943874371934178,0.9317104294933348,10219,2645,749,216787,10968,12864,0.20561256218905472,0.06828956965718454,3,3,3656.0,2773,0.25282640408460977,0.12641320204230488,1.0,0.9999912956238026,0.4375,0.5625,0.1640625,0.49874999999999997,7,9,['high_quality'],high_quality,Medium_Dice (25-75%)
20160222_165225_1281_361,0.7534801930574512,0.6044670841657782,0.6056061553033871,0.9968980212008557,7713,5023,24,217640,7737,12736,0.3943938442211055,0.0031019775106630476,1,1,7737.0,3094,0.39989660074964456,0.19994830037482228,1.0,0.9999931517437992,0.5,0.5,0.1875,0.49835,8,8,['boundary_margin_error'],boundary_margin_error,Medium_Dice (25-75%)
20160222_165225_1281_721,0.708840654555742,0.5489954877039955,0.5688190290194604,0.9403089821607515,1339,1015,85,227961,1424,2354,0.4311809685641461,0.059691011235955056,1,1,1424.0,650,0.45646067415730335,0.22823033707865167,1.0,0.9999907914442134,0.5625,0.4375,0.1640625,0.4998,9,7,['moderate_general_error'],moderate_general_error,Medium_Dice (25-75%)
20160222_165225_1921_721,0.5483146065046177,0.37770897810329307,0.380998138021141,0.9776544907109656,6344,10307,145,213604,6489,16651,0.619001861750045,0.022345507782400985,2,1,3244.5,3365,0.5185698875019263,0.25928494375096317,0.5,0.9999873684214581,0.5,0.5,0.1875,0.498925,8,8,"['thin_low_area_failure', 'over_segmentation']",thin_low_area_failure,Low_Dice (<25%)
20160222_165225_1_361,0.6595020120032277,0.49198284362125844,0.4950863210523995,0.9874188836082388,7456,7604,95,215245,7551,15060,0.5049136786188579,0.012581115084094822,1,1,7551.0,3404,0.4508012183816713,0.22540060919083565,1.0,0.9999879958171691,0.5,0.5,0.1875,0.49861249999999996,8,8,['moderate_general_error'],moderate_general_error,Low_Dice (<25%)
20160222_165225_641_361,0.7418240092443412,0.5896027381660675,0.6329914524504346,0.8958509726674114,7406,4294,861,217839,8267,11700,0.367008547008547,0.10414902624894158,4,2,2066.75,4037,0.4883270835853393,0.24416354179266966,0.5,0.9999899941344313,0.4375,0.5625,0.1875,0.49832499999999996,7,9,['boundary_margin_error'],boundary_margin_error,Medium_Dice (25-75%)
20160222_165402_1281_1,0.9102780342182502,0.8353305364136904,0.8593589471344165,0.9676113349131159,8365,1369,280,220386,8645,9734,0.1406410519827409,0.032388663967611336,1,3,8645.0,2045,0.23655292076344708,0.11827646038172354,3.0,0.9999848621417181,0.5,0.5,0.15625,0.49877499999999997,8,8,['high_quality'],high_quality,High_Dice (>75%)
20160222_165402_1281_361,0.8784674325014215,0.7832741178980832,0.7964060755868784,0.9793826164946092,8598,2198,181,219423,8779,10796,0.20359392367543536,0.020617382389793826,2,1,4389.5,2052,0.2337396058776626,0.1168698029388313,0.5,0.9999824616605728,0.5,0.5,0.1640625,0.49901249999999997,8,8,['high_quality'],high_quality,High_Dice (>75%)
20160222_165402_641_1081,0.929546654246984,0.8683672744215578,0.9278668767955223,0.9312325240450143,12323,958,910,216209,13233,13281,0.07213312250583541,0.06876747525126578,1,1,13233.0,1717,0.12975137912793774,0.06487568956396887,1.0,0.9999846244227684,0.5,0.5,0.140625,0.49934999999999996,8,8,['high_quality'],high_quality,High_Dice (>75%)
20160222_165402_641_721,0.8912400336502833,0.8038169312555925,0.8162196906537291,0.9814467134384907,8887,2001,168,219344,9055,10888,0.18378030859662015,0.018553285477636666,1,1,9055.0,1678,0.1853119823302043,0.09265599116510215,1.0,0.999985738203794,0.5,0.5,0.140625,0.499425,8,8,['high_quality'],high_quality,High_Dice (>75%)
20160222_165926_1281_361,0.4220685211161838,0.2674821605148172,0.2674821605148172,0.9999999923780488,1312,3593,0,225495,1312,4905,0.7325178389398573,0.0,2,1,656.0,1592,1.2134146341463414,0.6067073170731707,0.5,0.9999894845700432,0.5,0.5,0.1796875,0.4987625,8,8,"['false_crack_high_fp', 'thin_low_area_failure', 'over_segmentation']",false_crack_high_fp,Low_Dice (<25%)
20160222_165926_1281_721,0.6027061851786687,0.43133819013987074,0.4320155177978796,0.9963783532245881,4677,6149,17,219557,4694,10826,0.5679844818030667,0.003621644652748189,1,2,4694.0,3164,0.674051981252663,0.3370259906263315,2.0,0.9999925985961781,0.4375,0.5625,0.1640625,0.49877499999999997,7,9,['over_segmentation'],over_segmentation,Low_Dice (<25%)
20160222_165926_1921_721,0.6492656778386123,0.4806760790676326,0.4918793498292772,0.9547594658039725,4664,4818,221,220697,4885,9482,0.5081206496519721,0.04524053224155578,4,1,1221.25,3742,0.7660184237461617,0.38300921187308085,0.25,0.9999901533641095,0.4375,0.5625,0.171875,0.49867500000000003,7,9,['moderate_general_error'],moderate_general_error,Low_Dice (<25%)
20160222_165926_1_1081,0.5135891276706852,0.345522989122014,0.35013623882796663,0.9632683585961892,1285,2385,49,226681,1334,3670,0.6498637602179836,0.03673163418290855,4,3,333.5,1166,0.8740629685157422,0.4370314842578711,0.75,0.9999871749329772,0.375,0.625,0.15625,0.49941250000000004,6,10,"['thin_low_area_failure', 'over_segmentation']",thin_low_area_failure,Low_Dice (<25%)
20160222_165926_1_721,0.5071496658654436,0.3397190289403333,0.3445595850459073,0.9602888051975133,2660,5060,110,222570,2770,7720,0.655440414507772,0.039711191335740074,5,3,554.0,2358,0.8512635379061372,0.4256317689530686,0.6,0.9999871339861259,0.375,0.625,0.171875,0.4991375,6,10,"['false_crack_high_fp', 'thin_low_area_failure', 'over_segmentation', 'complex_topology']",false_crack_high_fp,Low_Dice (<25%)
20160222_165926_641_1,0.6880586744349545,0.5244584197685912,0.5355932193834197,0.9618711920478333,3002,2603,119,224676,3121,5605,0.46440677966101696,0.0381288048702339,1,1,3121.0,1933,0.619352771547581,0.3096763857737905,1.0,0.9999857564917882,0.5,0.5,0.140625,0.49936250000000004,8,8,['moderate_general_error'],moderate_general_error,Medium_Dice (25-75%)
20160222_165926_641_361,0.5747062109916935,0.4032194733631469,0.40406557324056974,0.9948337068297264,3081,4544,16,222759,3097,7625,0.5959344262295082,0.005166289958023894,2,2,1548.5,2230,0.7200516628995802,0.3600258314497901,1.0,0.999989963864786,0.5,0.5,0.1484375,0.4991625,8,8,['over_segmentation'],over_segmentation,Low_Dice (<25%)
20160222_165926_641_721,0.6776126853055233,0.5124162019522083,0.5234879902348915,0.9603609963539887,5427,4940,224,219809,5651,10367,0.4765120092601524,0.03963900194655813,2,2,2825.5,4142,0.7329676163510883,0.36648380817554416,1.0,0.999990592679352,0.4375,0.5625,0.1640625,0.49868750000000006,7,9,['moderate_general_error'],moderate_general_error,Low_Dice (<25%)
20160302_155857_1281_1,0.6090483178735415,0.43786446768764886,0.4949988628154139,0.791386515007475,4355,4443,1148,220454,5503,8798,0.5050011366219596,0.20861348355442486,2,4,2751.5,1899,0.3450844993639833,0.17254224968199164,2.0,0.9999870360953792,0.4375,0.5625,0.1875,0.49831249999999994,7,9,['moderate_general_error'],moderate_general_error,Low_Dice (<25%)
20160302_155857_1281_361,0.6429184546596917,0.47375079033918355,0.48705943524056483,0.9454683148883258,7490,7888,432,214590,7922,15378,0.5129405644427104,0.05453168391820248,1,1,7922.0,2828,0.35698056046452914,0.17849028023226457,1.0,0.9999837992951832,0.5,0.5,0.1875,0.49825,8,8,['moderate_general_error'],moderate_general_error,Low_Dice (<25%)
20160302_155857_1281_721,0.35730507137425427,0.2175115203363843,0.21900519632701337,0.9695973626162913,1180,4208,37,224975,1217,5388,0.7809948032665182,0.030402629416598194,1,2,1217.0,430,0.3533278553820871,0.17666392769104355,2.0,0.9999867058027975,0.375,0.625,0.1953125,0.49888750000000004,6,10,"['false_crack_high_fp', 'thin_low_area_failure', 'over_segmentation']",false_crack_high_fp,Low_Dice (<25%)
20160302_155857_1_721,0.8689021454659621,0.7681936111742615,0.7842720045228746,0.9740063630620686,18061,4968,482,206889,18543,23029,0.21572799513656693,0.02599363641266246,1,1,18543.0,3212,0.17321900447608263,0.08660950223804131,1.0,0.9999773843186829,0.4375,0.5625,0.171875,0.4985625,7,9,['high_quality'],high_quality,High_Dice (>75%)
20160302_155857_641_721,0.6367294109235166,0.4670601830813753,0.4707522048299417,0.9834854402577267,11315,12721,190,206174,11505,24036,0.5292477949742054,0.016514558887440245,3,2,3835.0,3366,0.2925684485006519,0.14628422425032594,0.6666666666666666,0.9999822901087045,0.375,0.625,0.171875,0.4981625,6,10,['over_segmentation'],over_segmentation,Low_Dice (<25%)
20160307_144202_1281_361,0.5757606591148058,0.4042583592424562,0.42401079104915257,0.8966719478658132,5658,7686,652,216404,6310,13344,0.5759892086330936,0.10332805071315372,10,2,631.0,3310,0.5245641838351822,0.2622820919175911,0.2,0.9999904086799732,0.3125,0.6875,0.1953125,0.4981,5,11,"['over_segmentation', 'complex_topology']",over_segmentation,Low_Dice (<25%)
20160307_144202_1281_721,0.5415752036688251,0.37134256427291684,0.3742264283773493,0.9796696284000329,3084,5157,64,222095,3148,8241,0.6257735711685475,0.020330368487928845,5,1,629.6,1470,0.4669631512071156,0.2334815756035578,0.2,0.9999905531385611,0.25,0.75,0.1953125,0.4982625,4,12,"['thin_low_area_failure', 'over_segmentation', 'complex_topology']",thin_low_area_failure,Low_Dice (<25%)
20160307_144202_1921_361,0.6274498946330832,0.4571417044664831,0.4665706049952365,0.9576643561283891,11333,12957,501,205609,11834,24290,0.5334293948126801,0.042335643062362684,5,1,2366.8,4983,0.42107486902146357,0.21053743451073179,0.2,0.9999824006868281,0.3125,0.6875,0.203125,0.498,5,11,"['over_segmentation', 'complex_topology']",over_segmentation,Low_Dice (<25%)
20160307_144202_1_361,0.7647622747079252,0.6191215334903212,0.6384046370037615,0.9534823614462576,14758,8359,720,206563,15478,23117,0.36159536272007614,0.04651763793771805,7,1,2211.1428571428573,4184,0.2703191626825171,0.13515958134125855,0.14285714285714285,0.9999764129020825,0.5,0.5,0.1875,0.498425,8,8,"['complex_topology', 'boundary_margin_error']",complex_topology,Medium_Dice (25-75%)
20160307_144202_641_361,0.693998309157293,0.5313915854959465,0.5404597931231214,0.9693914614265291,10673,9075,337,210315,11010,19748,0.45954020660320033,0.03060853769300636,10,1,1101.0,4281,0.3888283378746594,0.1944141689373297,0.1,0.9999873247086077,0.3125,0.6875,0.1953125,0.4980625000000001,5,11,['complex_topology'],complex_topology,Medium_Dice (25-75%)
20160307_145059_1281_361,0.8916215770153725,0.8044378693464865,0.8329759200827302,0.9591505566818467,13595,2726,579,213500,14174,16321,0.1670240794068991,0.040849442641456186,4,2,3543.5,3270,0.23070410610977846,0.11535205305488923,0.5,0.9999891063610702,0.5625,0.4375,0.171875,0.4983125,9,7,['high_quality'],high_quality,High_Dice (>75%)
20160307_145059_1281_721,0.7574033208933902,0.6095327097107172,0.6653065381359722,0.8790942163646123,6522,3281,897,219700,7419,9803,0.3346934611853514,0.12090578245046502,3,5,2473.0,3748,0.5051893786224558,0.2525946893112279,1.6666666666666667,0.9999841500848747,0.625,0.375,0.1875,0.49945,10,6,['boundary_margin_error'],boundary_margin_error,Medium_Dice (25-75%)
20160307_145059_1921_1081,0.742765942167257,0.5907936851851268,0.5954606134896967,0.9869076138910058,5352,3636,71,221341,5423,8988,0.4045393858477971,0.013092384289138854,3,1,1807.6666666666667,2182,0.4023603171676194,0.2011801585838097,0.3333333333333333,0.9999847785074214,0.5625,0.4375,0.171875,0.4995,9,7,['moderate_general_error'],moderate_general_error,Medium_Dice (25-75%)
20160307_145059_1921_361,0.8496755076009892,0.7386398474651132,0.7845372234843111,0.926609738497877,12045,3308,954,214093,12999,15353,0.21546277600468963,0.07339026078929148,1,1,12999.0,3074,0.23647972920993923,0.11823986460496962,1.0,0.9999819300159343,0.5,0.5,0.1640625,0.4987125,8,8,['boundary_margin_error'],boundary_margin_error,Medium_Dice (25-75%)
20160307_145059_1921_721,0.7996861917715428,0.6662309358515165,0.6936337506523004,0.9440214016381532,4587,2026,272,223515,4859,6613,0.3063662482988054,0.05597859641901626,3,2,1619.6666666666667,1757,0.3615970364272484,0.1807985182136242,0.6666666666666666,0.9999876830412839,0.625,0.375,0.1640625,0.500275,10,6,['boundary_margin_error'],boundary_margin_error,Medium_Dice (25-75%)
20160307_145059_1_361,0.9030303025585004,0.8232044191053492,0.8364305063526611,0.9811534957071373,8642,1690,166,219902,8808,10332,0.16356949283778552,0.018846503178928248,1,1,8808.0,2411,0.27372842870118075,0.13686421435059037,1.0,0.999992321958362,0.5,0.5,0.171875,0.498625,8,8,['high_quality'],high_quality,High_Dice (>75%)
20160307_145059_1_721,0.7864829660795922,0.648102123081674,0.6837902256450653,0.9254718488054979,5737,2653,462,221548,6199,8390,0.31620977353992846,0.07452814970156477,1,1,6199.0,1626,0.2623003710275851,0.13115018551379254,1.0,0.9999936964032431,0.5,0.5,0.1640625,0.4989624999999999,8,8,['boundary_margin_error'],boundary_margin_error,Medium_Dice (25-75%)
20160307_145059_641_361,0.6876112247175831,0.5239386663983117,0.5396433169965156,0.9473783460064535,5023,4285,279,220813,5302,9308,0.4603566824237215,0.05262165220671445,2,2,2651.0,2106,0.3972086005281026,0.1986043002640513,1.0,0.9999893730981664,0.625,0.375,0.203125,0.49868750000000006,10,6,['moderate_general_error'],moderate_general_error,Low_Dice (<25%)
20160307_145059_641_721,0.856820480563061,0.7495065000684048,0.7632746424765877,0.976498757558976,11011,3415,265,215709,11276,14426,0.23672535699431582,0.023501241575026605,2,1,5638.0,3040,0.2695991486342675,0.13479957431713374,0.5,0.9999850745130995,0.4375,0.5625,0.1640625,0.49874999999999997,7,9,['high_quality'],high_quality,Medium_Dice (25-75%)
20160307_162438_1281_361,0.8461860258733984,0.7333816757713763,0.9999999967040211,0.7333816757713763,3034,0,1103,226263,4137,3034,0.0,0.2666183224558859,1,1,4137.0,396,0.09572153734590283,0.047860768672951415,1.0,0.9999719832444448,0.4375,0.5625,0.15625,0.498575,7,9,['boundary_margin_error'],boundary_margin_error,Medium_Dice (25-75%)
20160307_162438_1281_721,0.8604444746423301,0.7550702493169557,0.931551908588701,0.7994227534018133,25205,1852,6324,197019,31529,27057,0.0684480910670067,0.20057724634463509,1,1,31529.0,3073,0.09746582511338768,0.04873291255669384,1.0,0.9999851954610364,0.375,0.625,0.1875,0.497475,6,10,['high_quality'],high_quality,Medium_Dice (25-75%)
20160307_162438_1921_1081,0.7780582966361909,0.6367392932856956,0.7515296614777603,0.8065283585777233,8475,2802,2033,217090,10508,11277,0.2484703378558127,0.19347164065473924,2,6,5254.0,2256,0.21469356680624285,0.10734678340312143,3.0,0.9999805394333185,0.4375,0.5625,0.1640625,0.498325,7,9,['boundary_margin_error'],boundary_margin_error,Medium_Dice (25-75%)
20160307_162438_1921_721,0.8621083825440075,0.7576366407122682,0.8219836108577954,0.9063515374075971,20363,4410,2104,203523,22467,24773,0.1780163888103984,0.0936484621889883,1,1,22467.0,2708,0.12053233631548493,0.06026616815774247,1.0,0.9999737641415853,0.5,0.5,0.171875,0.49775,8,8,['high_quality'],high_quality,High_Dice (>75%)
20160307_162438_1_361,0.8392362550223803,0.7230035040752942,0.860832806988325,0.818696809685507,31361,5070,6945,187024,38306,36431,0.1391671927753836,0.1813031901007675,1,1,38306.0,3094,0.08077063645381924,0.04038531822690962,1.0,0.9999818377012516,0.375,0.625,0.1875,0.4973625,6,10,['boundary_margin_error'],boundary_margin_error,Medium_Dice (25-75%)
20160307_162438_641_361,0.8895011790752085,0.8009924570063547,0.8635196435575111,0.9170946770978161,20177,3189,1824,205210,22001,23366,0.13648035607292647,0.08290532248534158,1,1,22001.0,2516,0.11435843825280669,0.05717921912640334,1.0,0.9999839310620291,0.375,0.625,0.1875,0.497325,6,10,['high_quality'],high_quality,High_Dice (>75%)
20160307_162438_641_721,0.7271101322644905,0.5712278420112107,0.6196506030957315,0.8796604512655453,5285,3244,723,221148,6008,8529,0.3803493961777465,0.12033954727030625,1,2,6008.0,705,0.11734354194407456,0.05867177097203728,2.0,0.9999741899871837,0.4375,0.5625,0.1484375,0.497925,7,9,['boundary_margin_error'],boundary_margin_error,Medium_Dice (25-75%)
20160310_114505_1281_1,0.3940336941795969,0.245356140257442,0.245356140257442,0.999999994553377,1836,5647,0,222917,1836,7483,0.7546438594146733,0.0,4,1,459.0,1931,1.051742919389978,0.525871459694989,0.25,0.9999939699347971,0.375,0.625,0.171875,0.49782499999999996,6,10,"['false_crack_high_fp', 'thin_low_area_failure', 'over_segmentation']",false_crack_high_fp,Low_Dice (<25%)
20160310_114505_641_1,0.5162371130694349,0.34792426580864666,0.3558042451764773,0.9401548910111361,4006,7253,255,218886,4261,11259,0.6441957545075051,0.05984510678244544,4,2,1065.25,2348,0.551044355785027,0.2755221778925135,0.5,0.9999934373236992,0.375,0.625,0.1796875,0.4976125,6,10,"['thin_low_area_failure', 'over_segmentation']",thin_low_area_failure,Low_Dice (<25%)
20160310_114505_641_1081,0.5879294592932415,0.41635983638535196,0.4171485539210882,0.9954794170937916,4184,5846,19,220351,4203,10030,0.582851445663011,0.004520580537711158,3,2,1401.0,1842,0.4382583868665239,0.21912919343326195,0.6666666666666666,0.99999296183343,0.25,0.75,0.1875,0.4973625,4,12,['over_segmentation'],over_segmentation,Low_Dice (<25%)
20160310_114505_641_361,0.5288148570241784,0.35944820374852665,0.362625820251531,0.9762016942125314,4143,7282,101,218874,4244,11425,0.6373741794310722,0.023798303487276153,5,3,848.8,2457,0.5789349670122526,0.2894674835061263,0.6,0.9999940676726675,0.4375,0.5625,0.1953125,0.497375,7,9,"['thin_low_area_failure', 'over_segmentation', 'complex_topology']",thin_low_area_failure,Low_Dice (<25%)
20160310_114505_641_721,0.579562921486625,0.4080173140039359,0.40882519290135283,0.9951801675575392,4336,6270,21,219773,4357,10606,0.5911748067131812,0.004819830158365848,4,2,1089.25,1798,0.41266926784484737,0.20633463392242368,0.5,0.9999901836528329,0.3125,0.6875,0.1796875,0.4973375,5,11,['over_segmentation'],over_segmentation,Low_Dice (<25%)
20160316_142539_1281_361,0.844813588431391,0.7313223043233622,0.7833236817795904,0.9167796138292497,6764,1871,614,221151,7378,8635,0.21667631731325998,0.08322038492816482,1,2,7378.0,1653,0.22404445649227434,0.11202222824613717,2.0,0.9999956986995296,0.3125,0.6875,0.1796875,0.497975,5,11,['boundary_margin_error'],boundary_margin_error,Medium_Dice (25-75%)
20160316_142539_1281_721,0.811034174217649,0.6821341342456001,0.8289008094636447,0.7939215034503975,7262,1499,1885,219754,9147,8761,0.17109918959022943,0.20607849568164424,2,1,4573.5,2578,0.2818410407783973,0.14092052038919864,0.5,0.99998828072176,0.4375,0.5625,0.1640625,0.497925,7,9,['boundary_margin_error'],boundary_margin_error,Medium_Dice (25-75%)
20160316_142539_1921_361,0.6812912314477386,0.516635096159777,0.537874190666528,0.928995632376423,10637,9139,813,209811,11450,19776,0.46212580906148865,0.07100436681222708,7,2,1635.7142857142858,4030,0.3519650655021834,0.1759825327510917,0.2857142857142857,0.9999897597859952,0.3125,0.6875,0.1640625,0.4982875,5,11,['complex_topology'],complex_topology,Low_Dice (<25%)
20160316_142539_1_721,0.7431228455670408,0.591245407672559,0.6387367240700186,0.888292909757235,11427,6463,1437,211073,12864,17890,0.3612632755729458,0.1117070895522388,7,3,1837.7142857142858,4023,0.3127332089552239,0.15636660447761194,0.42857142857142855,0.9999879239226935,0.5,0.5,0.1640625,0.4977499999999999,8,8,"['complex_topology', 'boundary_margin_error']",complex_topology,Medium_Dice (25-75%)
20160316_142539_641_721,0.6341132166695126,0.46425020317081706,0.5234406846089275,0.804133395331037,10272,9352,2502,208274,12774,19624,0.4765593151243375,0.19586660403945513,4,5,3193.5,4538,0.35525285736652573,0.17762642868326287,1.25,0.9999882139237581,0.5,0.5,0.1875,0.49778750000000005,8,8,['moderate_general_error'],moderate_general_error,Low_Dice (<25%)
20160316_143445_1281_1,0.8710571463405513,0.7715688562242408,0.8242787555736988,0.9234643900073707,13200,2814,1094,213292,14294,16014,0.17572124391157737,0.07653560934657898,1,1,14294.0,2297,0.16069679585840213,0.08034839792920107,1.0,0.9999910777612293,0.3125,0.6875,0.1796875,0.4978,5,11,['high_quality'],high_quality,High_Dice (>75%)
20160316_143445_1281_1081,0.6518851531093439,0.4835531294777124,0.5325542562060864,0.8401369480112274,3190,2800,607,223803,3797,5990,0.4674457429048414,0.15986304977613905,4,4,949.25,1205,0.3173558072162233,0.15867790360811165,1.0,0.9999861829582566,0.5,0.5,0.203125,0.4987375,8,8,['moderate_general_error'],moderate_general_error,Low_Dice (<25%)
20160316_143445_1281_361,0.8645369702568065,0.7613959658839249,0.7785247910152403,0.9719150988847429,12043,3426,348,214583,12391,15469,0.22147520848147909,0.02808490033088532,2,2,6195.5,2403,0.19393107900895812,0.09696553950447906,1.0,0.9999912648331526,0.25,0.75,0.1953125,0.4979625,4,12,['high_quality'],high_quality,High_Dice (>75%)
20160316_143445_1281_721,0.8269133723501784,0.7049039285417723,0.8297513216891238,0.8240947693204657,14748,3026,3148,209478,17896,17774,0.17024867784404185,0.17590523021904336,2,2,8948.0,4941,0.2760952168082253,0.13804760840411265,1.0,0.9999866327990112,0.3125,0.6875,0.1796875,0.49750000000000005,5,11,['boundary_margin_error'],boundary_margin_error,Medium_Dice (25-75%)
20160316_143445_1921_1081,0.6816396893584715,0.5170359603944527,0.5856167196695329,0.8153282153564805,7117,5036,1612,216635,8729,12153,0.4143832798485971,0.18467178370947418,2,1,4364.5,2735,0.31332340474281134,0.15666170237140567,0.5,0.9999864158632452,0.5,0.5,0.203125,0.49841250000000004,8,8,['moderate_general_error'],moderate_general_error,Low_Dice (<25%)
20160316_143445_1_1081,0.8500129428682305,0.7391500083386008,0.8657456223731854,0.8348418581970489,8209,1273,1624,219294,9833,9482,0.13425437671377347,0.16515814095393064,1,1,9833.0,2466,0.2507881623105868,0.1253940811552934,1.0,0.9999817775307325,0.375,0.625,0.2109375,0.49850000000000005,6,10,['high_quality'],high_quality,Medium_Dice (25-75%)
20160316_143445_1_721,0.6366966361665862,0.46702491393866036,0.4914535400443985,0.9038052448503776,3824,3957,407,222212,4231,7781,0.5085464593239943,0.096194753013472,2,3,2115.5,1268,0.2996927440321437,0.14984637201607184,1.5,0.9999841705039283,0.4375,0.5625,0.1875,0.49867500000000003,7,9,['moderate_general_error'],moderate_general_error,Low_Dice (<25%)
20160316_143445_641_361,0.856957688706158,0.7497165067635538,0.7807676079453668,0.9496255248285365,9256,2599,491,218054,9747,11855,0.21923239139603543,0.05037447419718888,1,1,9747.0,2796,0.2868574946137273,0.14342874730686364,1.0,0.9999918777908381,0.375,0.625,0.1953125,0.49781250000000005,6,10,['high_quality'],high_quality,Medium_Dice (25-75%)
20160316_143445_641_721,0.8511179395723653,0.7408227257509475,0.8023174500026796,0.9062394212950023,8032,1979,831,219558,8863,10011,0.19768254919588452,0.09376057768250028,1,1,8863.0,2133,0.2406634322464177,0.12033171612320885,1.0,0.9999884321823943,0.375,0.625,0.171875,0.49825,6,10,['high_quality'],high_quality,Medium_Dice (25-75%)
20160316_143527_1281_1081,0.7831423892049335,0.6435776727346485,0.7588011411680929,0.8090970571448284,9570,3042,2258,215530,11828,12612,0.24119885823025689,0.1909029421711194,4,5,2957.0,4261,0.360246871829557,0.1801234359147785,1.25,0.9999856911615137,0.375,0.625,0.1953125,0.49789999999999995,6,10,['boundary_margin_error'],boundary_margin_error,Medium_Dice (25-75%)
20160316_143527_1281_361,0.7340247562160844,0.5798097236262956,0.7758132928719473,0.6965079342968001,2194,634,956,226616,3150,2828,0.22418670438472418,0.3034920634920635,4,2,787.5,1101,0.3495238095238095,0.17476190476190476,0.5,0.9999947143883502,0.375,0.625,0.1953125,0.49817500000000003,6,10,['boundary_margin_error'],boundary_margin_error,Medium_Dice (25-75%)
20160316_143527_1281_721,0.7506672346758769,0.6008545165155628,0.7134026768209555,0.7920393767844955,16735,6723,4394,202548,21129,23458,0.2865973228749254,0.20796062284064556,7,5,3018.4285714285716,7452,0.35269061479483177,0.17634530739741588,0.7142857142857143,0.9999858398560781,0.3125,0.6875,0.171875,0.4977,5,11,"['complex_topology', 'boundary_margin_error']",complex_topology,Medium_Dice (25-75%)
20160316_143527_1921_361,0.7285853113385231,0.5730508840554336,0.6098543534165988,0.904723593949289,7872,5036,829,216663,8701,12908,0.39014564611093894,0.09527640501091829,2,2,4350.5,4261,0.48971382599701185,0.24485691299850593,1.0,0.9999912843687474,0.3125,0.6875,0.1796875,0.4976125,5,11,['boundary_margin_error'],boundary_margin_error,Medium_Dice (25-75%)
20160316_143527_1_1,0.6307295379970744,0.46063181489686356,0.6170784096486805,0.6449983152071423,5745,3565,3162,217928,8907,9310,0.382921589688507,0.35500168406871,2,1,4453.5,3323,0.37307735488941285,0.18653867744470642,0.5,0.9999891336377453,0.25,0.75,0.1875,0.49765000000000004,4,12,['moderate_general_error'],moderate_general_error,Low_Dice (<25%)
20160316_143527_1_361,0.6589979541679474,0.4914220349000724,0.49922540569476104,0.9691729286873197,2578,2586,82,225154,2660,5164,0.5007745933384973,0.030827067669172932,2,3,1330.0,1788,0.6721804511278195,0.3360902255639098,1.5,0.9999882506120251,0.4375,0.5625,0.1875,0.49815,7,9,['moderate_general_error'],moderate_general_error,Low_Dice (<25%)
20160316_143527_641_1,0.8029026441324197,0.6707078920498716,0.723577948803039,0.9017612942765986,8243,3149,898,218110,9141,11392,0.27642205056179775,0.09823870473689968,1,1,9141.0,2978,0.3257849250629034,0.1628924625314517,1.0,0.9999942566352039,0.3125,0.6875,0.1796875,0.497525,5,11,['boundary_margin_error'],boundary_margin_error,Medium_Dice (25-75%)
20160316_143527_641_361,0.7654996029145722,0.620088583788118,0.7091889532604233,0.8315238211575401,13020,5339,2638,209403,15658,18359,0.2908110463532872,0.16847617831140632,8,2,1957.25,5907,0.37725124536977905,0.18862562268488953,0.25,0.9999914630195654,0.375,0.625,0.1484375,0.49745,6,10,"['complex_topology', 'boundary_margin_error']",complex_topology,Medium_Dice (25-75%)
20160316_143527_641_721,0.6102762644463047,0.43913495094991506,0.5317932290350031,0.7159353337706924,4650,4094,1845,219811,6495,8744,0.4682067703568161,0.2840646651270208,3,2,2165.0,2013,0.3099307159353349,0.15496535796766744,0.6666666666666666,0.9999906422417123,0.375,0.625,0.1953125,0.4984,6,10,['moderate_general_error'],moderate_general_error,Low_Dice (<25%)
20160316_143547_1281_1081,0.717415248173522,0.559351143970704,0.5979192154265214,0.8966044634548654,2931,1971,338,225160,3269,4902,0.40208078335373315,0.10339553380238604,3,5,1089.6666666666667,774,0.23676965432854083,0.11838482716427041,1.6666666666666667,0.9999871742019464,0.5,0.5,0.1875,0.49812500000000004,8,8,['moderate_general_error'],moderate_general_error,Medium_Dice (25-75%)
20160316_143547_1281_361,0.33605974335693506,0.20196623166923225,0.20503362940977735,0.9310344735858673,945,3664,70,225721,1015,4609,0.7949663701453678,0.06896551724137931,1,2,1015.0,210,0.20689655172413793,0.10344827586206896,2.0,0.9999929386382116,0.3125,0.6875,0.1796875,0.49829999999999997,5,11,"['false_crack_high_fp', 'thin_low_area_failure', 'over_segmentation']",false_crack_high_fp,Low_Dice (<25%)
20160316_143547_1281_721,0.8966246545026275,0.8126198017397724,0.8682912552799318,0.9268695337645594,20773,3151,1639,204837,22412,23924,0.13170874435713092,0.07313046582188114,1,1,22412.0,4400,0.19632339817954667,0.09816169908977333,1.0,0.9999858288020051,0.375,0.625,0.1640625,0.49755,6,10,['high_quality'],high_quality,High_Dice (>75%)
20160316_143547_1921_1081,0.8584683796856226,0.7520320632460457,0.8360887848931459,0.8820789943842191,20077,3936,2684,203703,22761,24013,0.16391121475867237,0.1179210052282413,3,3,7587.0,5059,0.2222661570229779,0.11113307851148894,1.0,0.999981788040144,0.4375,0.5625,0.171875,0.49785,7,9,['high_quality'],high_quality,Medium_Dice (25-75%)
20160316_143547_1_1,0.7748202585797027,0.6324135409564375,0.8305816257925727,0.7260749786045784,12124,2473,4574,211229,16698,14597,0.16941837363841886,0.27392502096059407,1,1,16698.0,4621,0.2767397293088993,0.13836986465444964,1.0,0.9999903847153843,0.3125,0.6875,0.171875,0.497325,5,11,['boundary_margin_error'],boundary_margin_error,Medium_Dice (25-75%)
20160316_143547_641_1,0.8441644534344679,0.7303499671236376,0.7595465348475744,0.9499999929104478,1273,403,67,228657,1340,1676,0.24045346062052506,0.05,1,1,1340.0,445,0.332089552238806,0.166044776119403,1.0,0.9999933644081349,0.375,0.625,0.203125,0.49815,6,10,['boundary_margin_error'],boundary_margin_error,Medium_Dice (25-75%)
20160316_143547_641_361,0.888808354729744,0.7998695441177244,0.8233534756617509,0.9655690759015254,13489,2894,481,213536,13970,16383,0.17664652383568333,0.03443092340730136,2,1,6985.0,3890,0.278453829634932,0.139226914817466,0.5,0.9999946645873894,0.375,0.625,0.171875,0.497525,6,10,['high_quality'],high_quality,High_Dice (>75%)
20160316_143547_641_721,0.6906552057429903,0.5274815379205781,0.820153050763354,0.596474948084648,643,141,435,229181,1078,784,0.1798469387755102,0.4035250463821892,2,3,539.0,561,0.5204081632653061,0.2602040816326531,1.5,0.9999922826674268,0.4375,0.5625,0.1875,0.498075,7,9,['moderate_general_error'],moderate_general_error,Medium_Dice (25-75%)
20160318_181632_1281_1081,0.8786056603493522,0.7834939318697359,0.8057133376981992,0.9659989059173839,19433,4686,684,205597,20117,24119,0.19428666196774327,0.03400109360242581,1,1,20117.0,3066,0.1524084107968385,0.07620420539841925,1.0,0.9999850408378783,0.375,0.625,0.1875,0.4972000000000001,6,10,['high_quality'],high_quality,High_Dice (>75%)
20160318_181632_1281_361,0.8577984801712356,0.7510044990133039,0.8874420717915895,0.8300712687931945,31214,3959,6390,188837,37604,35173,0.1125579279561027,0.1699287309860653,8,1,4700.5,5071,0.13485267524731412,0.06742633762365706,0.125,0.9999844829959901,0.375,0.625,0.171875,0.49770000000000003,6,10,"['complex_topology', 'high_quality']",complex_topology,Medium_Dice (25-75%)
20160318_181632_1281_721,0.9001227438059456,0.8183847231469022,0.8918918914901388,0.9085069280955735,19800,2400,1994,206206,21794,22200,0.10810810810810811,0.09149307148756539,1,1,21794.0,2539,0.1164999541158117,0.05824997705790585,1.0,0.9999936623913634,0.375,0.625,0.21875,0.49815,6,10,['high_quality'],high_quality,High_Dice (>75%)
20160318_181632_1921_1,0.6700073928612442,0.503767757252912,0.5781117088487218,0.796639967187654,4078,2976,1041,222305,5119,7054,0.4218882903317267,0.20336003125610472,5,1,1023.8,1148,0.22426255127954678,0.11213127563977339,0.2,0.9999875655364582,0.5,0.5,0.2109375,0.49850000000000005,8,8,['complex_topology'],complex_topology,Low_Dice (<25%)
20160318_181632_1921_361,0.8989340700949596,0.8164216562149796,0.8929761947947071,0.9049719800862557,22770,2729,2391,202510,25161,25499,0.10702380485509236,0.09502801955407178,1,2,25161.0,3071,0.12205397241763045,0.06102698620881523,2.0,0.9999837002682043,0.3125,0.6875,0.1953125,0.497775,5,11,['high_quality'],high_quality,High_Dice (>75%)
20160318_181632_1_1,0.9380474451128273,0.8833233093096992,0.9152497104023116,0.9620099182926266,30843,2856,1218,195483,32061,33699,0.08475028932609276,0.0379900814073173,1,1,32061.0,3190,0.0994978322572596,0.0497489161286298,1.0,0.9999860377582882,0.3125,0.6875,0.1953125,0.4976625,5,11,['high_quality'],high_quality,High_Dice (>75%)
20160318_181632_1_361,0.8522923646921904,0.7426040730866181,0.7642661790988766,0.9632352919043308,4192,1293,160,224755,4352,5485,0.2357338195077484,0.03676470588235294,2,3,2176.0,534,0.12270220588235294,0.06135110294117647,1.5,0.9999965385028906,0.4375,0.5625,0.1796875,0.4983125,7,9,['high_quality'],high_quality,Medium_Dice (25-75%)
20160318_181632_641_1,0.9082420525978775,0.8319078920003029,0.8515151486480971,0.9730665603190974,2529,441,70,227360,2599,2970,0.1484848484848485,0.026933435936898807,2,1,1299.5,488,0.1877645248172374,0.0938822624086187,0.5,0.9999955571329274,0.4375,0.5625,0.1953125,0.49824999999999997,7,9,['high_quality'],high_quality,High_Dice (>75%)
20160318_181632_641_361,0.9281656609781757,0.8659599969760593,0.9228071930764896,0.9335867221757033,36844,3082,2621,187853,39465,39926,0.0771928066923809,0.06641327758773596,1,1,39465.0,3248,0.08230077283669074,0.04115038641834537,1.0,0.9999887668314409,0.3125,0.6875,0.1640625,0.4973375,5,11,['high_quality'],high_quality,High_Dice (>75%)
20160318_181632_641_721,0.22881921255412585,0.1291902069941115,0.13151840473987936,0.8794871719701951,1029,6795,141,222435,1170,7824,0.8684815950920245,0.12051282051282051,1,3,1170.0,668,0.5709401709401709,0.28547008547008546,3.0,0.9999966517047336,0.4375,0.5625,0.203125,0.4981625,7,9,"['false_crack_high_fp', 'thin_low_area_failure', 'over_segmentation']",false_crack_high_fp,Low_Dice (<25%)
20160321_183947_1281_361,0.7475618890705892,0.5968852932108856,0.6331003791832898,0.9125457833674643,1993,1155,191,227061,2184,3148,0.36689961880559085,0.08745421245421245,1,2,2184.0,385,0.1762820512820513,0.08814102564102565,2.0,0.9999894964116414,0.375,0.625,0.1484375,0.49871250000000006,6,10,['boundary_margin_error'],boundary_margin_error,Medium_Dice (25-75%)
20160321_183947_1281_721,0.9317978846953704,0.8723048488156575,0.9181745195707484,0.9458316101193321,29736,2650,1703,196311,31439,32386,0.081825480145742,0.054168389579821244,1,1,31439.0,3118,0.09917618244855116,0.04958809122427558,1.0,0.9999910166894469,0.4375,0.5625,0.1875,0.4980874999999999,7,9,['high_quality'],high_quality,High_Dice (>75%)
20160321_183947_1921_721,0.903626233847518,0.824195417424684,0.8853102652945256,0.9227160819340222,27735,3593,2323,196749,30058,31328,0.1146897344228805,0.07728391775899927,1,1,30058.0,3092,0.10286778894138,0.05143389447069,1.0,0.99998909140432,0.375,0.625,0.1875,0.497975,6,10,['high_quality'],high_quality,High_Dice (>75%)
20160321_183947_1_721,0.8893362602667365,0.8007250335554477,0.8593184882291023,0.9215271078616446,43955,7196,3743,175506,47698,51151,0.1406815116029012,0.07847289194515493,1,2,47698.0,3492,0.07321061679735,0.036605308398675,2.0,0.9999892543235477,0.4375,0.5625,0.171875,0.4972625,7,9,['high_quality'],high_quality,High_Dice (>75%)
20160321_183947_641_721,0.9095169429164331,0.834049586564768,0.8437910007862439,0.9863470962059521,32799,6072,454,191075,33253,38871,0.15620899899668134,0.013652903497428804,1,1,33253.0,3297,0.0991489489670105,0.04957447448350525,1.0,0.9999908460900184,0.4375,0.5625,0.171875,0.4971875,7,9,['high_quality'],high_quality,High_Dice (>75%)
20160321_185557_1281_721,0.8864320094602828,0.7960286367702186,0.8610147200712223,0.9133955899897719,23572,3805,2235,200788,25807,27377,0.13898527961427476,0.0866044096562948,3,1,8602.333333333334,3922,0.1519742705467509,0.07598713527337544,0.3333333333333333,0.9999891613873182,0.4375,0.5625,0.1640625,0.497425,7,9,['high_quality'],high_quality,High_Dice (>75%)
20160321_185557_1921_1,0.8574628198990043,0.7504900801768289,0.8091816022918654,0.9118711881556105,9571,2257,925,217647,10496,11828,0.19081839702401082,0.08812881097560976,1,1,10496.0,2096,0.19969512195121952,0.09984756097560976,1.0,0.999982321587032,0.4375,0.5625,0.171875,0.49850000000000005,7,9,['high_quality'],high_quality,Medium_Dice (25-75%)
20160321_185557_1921_1081,0.7888372904631398,0.6513057942188339,0.722552166354292,0.8685124436923477,9003,3457,1363,216577,10366,12460,0.2774478330658106,0.13148755546980515,1,1,10366.0,1930,0.18618560679143353,0.09309280339571677,1.0,0.9999851154731612,0.4375,0.5625,0.171875,0.4983375,7,9,['boundary_margin_error'],boundary_margin_error,Medium_Dice (25-75%)
20160321_185557_1921_361,0.7170510543201061,0.5589084871495861,0.5715901944867441,0.961819142293158,9094,6816,361,214129,9455,15910,0.4284098051539912,0.03818085668958223,2,1,4727.5,2665,0.28186144896879956,0.14093072448439978,0.5,0.999984281451844,0.375,0.625,0.1640625,0.49765000000000004,6,10,['moderate_general_error'],moderate_general_error,Medium_Dice (25-75%)
20160321_185557_1921_721,0.8924146763853207,0.8057299580973729,0.8627180409501051,0.924228640389573,24383,3880,1999,200138,26382,28263,0.1372819587446485,0.07577135926010159,1,1,26382.0,3311,0.1255022363732848,0.0627511181866424,1.0,0.9999782791902063,0.375,0.625,0.171875,0.497725,6,10,['high_quality'],high_quality,High_Dice (>75%)
20160321_185557_1_361,0.591535669669805,0.4199862622940032,0.42332987046268644,0.9815409231015978,1223,1666,23,227488,1246,2889,0.5766701280719972,0.018459069020866775,1,3,1246.0,314,0.2520064205457464,0.1260032102728732,3.0,0.9999869470172578,0.375,0.625,0.1796875,0.4982875,6,10,['over_segmentation'],over_segmentation,Low_Dice (<25%)
20160321_185557_1_721,0.8190990143549743,0.6936220939027927,0.7173091145239956,0.9545553970498987,17455,6879,831,205235,18286,24334,0.2826908851812279,0.04544460242808706,1,1,18286.0,3861,0.21114513835721316,0.10557256917860658,1.0,0.9999874592882394,0.375,0.625,0.171875,0.4976125,6,10,['boundary_margin_error'],boundary_margin_error,Medium_Dice (25-75%)
20160321_185557_641_721,0.8958016191462479,0.811268730944548,0.8502031069767565,0.9465684441688883,20302,3577,1146,205375,21448,23879,0.14979689266719712,0.053431555389779936,1,1,21448.0,3301,0.1539071242073853,0.07695356210369265,1.0,0.999989896335369,0.375,0.625,0.1640625,0.4973,6,10,['high_quality'],high_quality,High_Dice (>75%)
20160324_170347_1281_1,0.8564483638749577,0.7489372030257049,0.8146386566063699,0.9027818434805537,6166,1403,664,222167,6830,7569,0.18536134231734708,0.09721815519765739,2,1,3415.0,2141,0.31346998535871157,0.15673499267935578,0.5,0.999984237721379,0.5,0.5,0.171875,0.49860000000000004,8,8,['high_quality'],high_quality,Medium_Dice (25-75%)
20160324_170347_1281_1081,0.8217227412943441,0.6973933641026145,0.8259893336710787,0.8174999988645834,5886,1240,1314,221960,7200,7126,0.17401066516980074,0.1825,1,1,7200.0,2631,0.36541666666666667,0.18270833333333333,1.0,0.9999883660470528,0.5625,0.4375,0.1796875,0.49931249999999994,9,7,['boundary_margin_error'],boundary_margin_error,Medium_Dice (25-75%)
20160324_170347_1281_361,0.8082329312760861,0.6781802858015723,0.706140350188947,0.9448356795189937,7245,3015,423,219717,7668,10260,0.29385964912280704,0.05516431924882629,5,2,1533.6,2600,0.33907146583202924,0.16953573291601462,0.4,0.9999887948742642,0.4375,0.5625,0.203125,0.49841250000000004,7,9,"['complex_topology', 'boundary_margin_error']",complex_topology,Medium_Dice (25-75%)
20160324_170347_1281_721,0.7237450869490348,0.5670850545200865,0.7369807490000195,0.7109764434454341,7274,2596,2957,217573,10231,9870,0.2630192502532928,0.2890235558596423,1,1,10231.0,4382,0.4283061284331932,0.2141530642165966,1.0,0.9999920722471095,0.4375,0.5625,0.171875,0.4986875,7,9,['boundary_margin_error'],boundary_margin_error,Medium_Dice (25-75%)
20160324_170347_641_1,0.6673339163426324,0.5007510317297202,0.5131806801747534,0.95386265753268,2667,2530,129,225074,2796,5197,0.48681931883779106,0.046137339055793994,1,1,2796.0,2183,0.780758226037196,0.390379113018598,1.0,0.9999885465085222,0.3125,0.6875,0.171875,0.4984,5,11,['moderate_general_error'],moderate_general_error,Low_Dice (<25%)
20160324_170347_641_361,0.711363213026443,0.552027708829517,0.5750150322083358,0.9324719626219602,3825,2827,277,223471,4102,6652,0.4249849669272399,0.06752803510482691,3,1,1367.3333333333333,2940,0.7167235494880546,0.3583617747440273,0.3333333333333333,0.9999941790552304,0.375,0.625,0.1875,0.49810000000000004,6,10,['moderate_general_error'],moderate_general_error,Medium_Dice (25-75%)
20160324_170347_641_721,0.7801704093258398,0.6395732775220389,0.691758239857807,0.8944937801261321,2518,1122,297,226463,2815,3640,0.30824175824175826,0.10550621669626999,1,1,2815.0,1498,0.5321492007104796,0.2660746003552398,1.0,0.9999929857897646,0.5,0.5,0.15625,0.4993875,8,8,['boundary_margin_error'],boundary_margin_error,Medium_Dice (25-75%)
20160326_141808_1281_1,0.06366689044504112,0.032880133139733446,0.08047538173013452,0.052666666549629634,237,2708,4263,223192,4500,2945,0.9195246179966045,0.9473333333333334,4,3,1125.0,1265,0.2811111111111111,0.14055555555555554,0.75,0.9999960516443162,0.375,0.625,0.171875,0.498325,6,10,"['missed_crack_high_fn', 'false_crack_high_fp', 'thin_low_area_failure']",missed_crack_high_fn,Low_Dice (<25%)
20160326_141808_641_1,0.7864978869768021,0.648122387704295,0.7247278326226452,0.8597785898544411,932,354,152,228962,1084,1286,0.27527216174183516,0.14022140221402213,1,3,1084.0,178,0.16420664206642066,0.08210332103321033,3.0,0.9999988818247748,0.5,0.5,0.21875,0.4982375,8,8,['boundary_margin_error'],boundary_margin_error,Medium_Dice (25-75%)
20160326_141808_641_361,0.4820627799087722,0.3175775476931782,0.776360132940876,0.34955560334971214,3225,929,6001,220245,9226,4154,0.22363986519017814,0.6504443962714069,1,4,9226.0,1956,0.21200953826143507,0.10600476913071753,4.0,0.9999996385866792,0.5625,0.4375,0.1875,0.4976875,9,7,"['missed_crack_high_fn', 'fragmented_prediction']",missed_crack_high_fn,Low_Dice (<25%)
20160326_141808_641_721,0.0011392765577623518,0.0005699629515959491,0.05797100609115854,0.0005752912403634529,4,65,6949,223382,6953,69,0.9420289855072463,0.9994247087588092,4,3,1738.25,1926,0.27700273263339564,0.13850136631669782,0.75,0.9999989719129216,0.5625,0.4375,0.1875,0.49778750000000005,9,7,"['missed_crack_high_fn', 'thin_low_area_failure']",missed_crack_high_fn,Low_Dice (<25%)
20160326_142521_1281_1,0.4446102626308057,0.285851354132518,0.94233576413057,0.2909405045891372,3873,237,9439,216851,13312,4110,0.05766423357664233,0.7090594951923077,1,2,13312.0,1582,0.11884014423076923,0.059420072115384616,2.0,0.999994075166972,0.4375,0.5625,0.203125,0.4981375,7,9,['missed_crack_high_fn'],missed_crack_high_fn,Low_Dice (<25%)
20160326_142521_1281_1081,0.41601700847622786,0.2626398204415217,0.4978795568368127,0.3572732794970381,1174,1184,2112,225930,3286,2358,0.5021204410517388,0.642726719415703,2,1,1643.0,933,0.2839318320146074,0.1419659160073037,0.5,0.9999932998488612,0.5,0.5,0.1875,0.498525,8,8,['thin_low_area_failure'],thin_low_area_failure,Low_Dice (<25%)
20160326_142521_1281_361,0.5296215876786433,0.3601940719753253,0.9384446250661043,0.36891001364490655,3415,224,5842,220919,9257,3639,0.0615553723550426,0.6310899859565734,1,4,9257.0,1801,0.19455547153505456,0.09727773576752728,4.0,0.9999937555844468,0.4375,0.5625,0.171875,0.4981375,7,9,['fragmented_prediction'],fragmented_prediction,Low_Dice (<25%)
20160326_142521_1281_721,0.681849081870695,0.5172769464352098,0.9200428055036802,0.5416254157666948,6018,523,5093,218766,11111,6541,0.07995719308974163,0.45837458374583745,1,1,11111.0,1846,0.16614166141661416,0.08307083070830708,1.0,0.9999952762289563,0.4375,0.5625,0.1640625,0.4980625,7,9,['moderate_general_error'],moderate_general_error,Low_Dice (<25%)
20160326_142521_641_1,0.06820049273541293,0.03530412575370427,0.07692307621016611,0.061254612094061904,83,996,1272,228049,1355,1079,0.9230769230769231,0.9387453874538746,1,2,1355.0,291,0.21476014760147602,0.10738007380073801,2.0,0.9999945221789869,0.4375,0.5625,0.21875,0.49770000000000003,7,9,"['missed_crack_high_fn', 'false_crack_high_fp', 'thin_low_area_failure']",missed_crack_high_fn,Low_Dice (<25%)
20160326_142521_641_1081,0.0,0.0,0.0,0.0,0,1119,2487,226794,2487,1119,1.0,1.0,2,3,1243.5,797,0.32046642541214315,0.16023321270607158,1.5,0.9999948230895934,0.4375,0.5625,0.203125,0.49806249999999996,7,9,"['missed_crack_high_fn', 'false_crack_high_fp', 'thin_low_area_failure']",missed_crack_high_fn,Low_Dice (<25%)
20160326_142745_1281_1081,0.7790189402877381,0.6380270472592939,0.8605150191509789,0.7116237783681816,3208,520,1300,225372,4508,3728,0.13948497854077252,0.2883762200532387,2,2,2254.0,1217,0.2699645075421473,0.13498225377107365,1.0,0.999992663014764,0.4375,0.5625,0.1953125,0.4988375,7,9,['boundary_margin_error'],boundary_margin_error,Medium_Dice (25-75%)
20160326_142745_1281_361,0.7549070244684457,0.6063057452767021,0.7647161413057328,0.7453463657073129,8769,2698,2996,215937,11765,11467,0.23528385802738291,0.2546536336591585,1,1,11765.0,1303,0.11075223119422015,0.05537611559711007,1.0,0.9999946585036101,0.4375,0.5625,0.1796875,0.498525,7,9,['boundary_margin_error'],boundary_margin_error,Medium_Dice (25-75%)
20160326_142745_1281_721,0.7753636416604699,0.6331378587450861,0.8726027391283543,0.6976234800692019,12740,1860,5522,210278,18262,14600,0.1273972602739726,0.30237651954878986,1,1,18262.0,3193,0.17484393823239514,0.08742196911619757,1.0,0.9999953130950852,0.5,0.5,0.1953125,0.4979,8,8,['boundary_margin_error'],boundary_margin_error,Medium_Dice (25-75%)
20160326_142745_1921_1081,0.5654258958929543,0.39414199257758464,0.5406900559896782,0.5925335025645605,3714,3155,2554,220977,6268,6869,0.4593099432231766,0.40746649649010847,2,1,3134.0,2013,0.3211550733886407,0.16057753669432034,0.5,0.9999923374831096,0.4375,0.5625,0.1953125,0.498925,7,9,['moderate_general_error'],moderate_general_error,Low_Dice (<25%)
20160326_142745_1_1,0.5715938415183796,0.4001619834277229,0.9422033138591708,0.4102318449190574,6423,394,9234,214349,15657,6817,0.057796684758691506,0.5897681548189309,1,2,15657.0,3472,0.2217538481190522,0.1108769240595261,2.0,0.9999934603627013,0.4375,0.5625,0.21875,0.4984375,7,9,['moderate_general_error'],moderate_general_error,Low_Dice (<25%)
20160326_142745_641_361,0.8585306319603293,0.7521276137569484,0.8663120039080282,0.8508878025783115,17587,2714,3082,207017,20669,20301,0.13368799566523817,0.149112197010015,1,2,20669.0,4010,0.19401035366974698,0.09700517683487349,2.0,0.9999957687527578,0.4375,0.5625,0.203125,0.4979125,7,9,['high_quality'],high_quality,Medium_Dice (25-75%)
20160328_151020_1281_361,0.6666001925527304,0.49992522035000486,0.5355121218970885,0.8826687783798356,10028,8698,1333,210341,11361,18726,0.464487877816939,0.11733122084323563,6,1,1893.5,3906,0.3438077634011091,0.17190388170055454,0.16666666666666666,0.9999933342050524,0.5,0.5,0.1875,0.497675,8,8,['complex_topology'],complex_topology,Low_Dice (<25%)
20160328_151020_1921_361,0.5845332314343049,0.4129614657266858,0.4270586594087322,0.9259818721792731,9195,12336,735,208134,9930,21531,0.5729413403929219,0.07401812688821752,1,1,9930.0,4010,0.4038267875125881,0.20191339375629405,1.0,0.9999907985117442,0.375,0.625,0.1875,0.49773750000000005,6,10,['over_segmentation'],over_segmentation,Low_Dice (<25%)
20160328_151020_1_1,0.7036407279696837,0.5427821925226517,0.5569189358150257,0.9553231932677057,14070,11194,658,204478,14728,25264,0.4430810639645345,0.04467680608365019,1,1,14728.0,4702,0.3192558392178164,0.1596279196089082,1.0,0.9999790362151146,0.3125,0.6875,0.203125,0.49823750000000006,5,11,['moderate_general_error'],moderate_general_error,Medium_Dice (25-75%)
20160328_151020_1_361,0.4462559875231062,0.28721332725312276,0.2902273717859342,0.965103595183193,2655,6493,96,221156,2751,9148,0.7097726278968081,0.03489640130861505,1,2,2751.0,1264,0.45946928389676484,0.22973464194838242,2.0,0.99999082603702,0.5,0.5,0.171875,0.4980375,8,8,"['false_crack_high_fp', 'thin_low_area_failure', 'over_segmentation']",false_crack_high_fp,Low_Dice (<25%)
20160328_151020_641_361,0.6163377931918895,0.44543949394533455,0.4768387976501742,0.8712098897980426,5919,6494,875,217112,6794,12413,0.5231612019656812,0.12879010891963497,5,3,1358.8,2741,0.4034442154842508,0.2017221077421254,0.6,0.9999941035511478,0.4375,0.5625,0.1796875,0.49758749999999996,7,9,['complex_topology'],complex_topology,Low_Dice (<25%)
20160328_151020_641_721,0.7050850206139828,0.5445029456283672,0.6946821265936168,0.7158042182631804,8687,3818,3449,214446,12136,12505,0.30531787285085965,0.28419578114700067,1,2,12136.0,3877,0.3194627554383652,0.1597313777191826,2.0,0.9999849460545548,0.3125,0.6875,0.15625,0.497675,5,11,['boundary_margin_error'],boundary_margin_error,Medium_Dice (25-75%)
20160328_151057_1281_1,0.7893626769469393,0.6520224198575634,0.7078947356778047,0.8920207235398535,4304,1776,521,223799,4825,6080,0.29210526315789476,0.10797927461139896,3,1,1608.3333333333333,1961,0.40642487046632125,0.20321243523316063,0.3333333333333333,0.9999949589687166,0.375,0.625,0.1953125,0.49826249999999994,6,10,['boundary_margin_error'],boundary_margin_error,Medium_Dice (25-75%)
20160328_151057_1281_1081,0.4215817689660615,0.2670912947387243,0.3357651239577133,0.5663265289125854,1887,3733,1445,223335,3332,5620,0.6642348754448398,0.4336734693877551,4,4,833.0,2058,0.6176470588235294,0.3088235294117647,1.0,0.9999923862788446,0.5,0.5,0.1875,0.498725,8,8,"['false_crack_high_fp', 'thin_low_area_failure']",false_crack_high_fp,Low_Dice (<25%)
20160328_151057_1281_361,0.7886847189001573,0.6510978035248199,0.7469088677348361,0.8354106183448684,4893,1658,964,222885,5857,6551,0.2530911311250191,0.16458938022878608,2,1,2928.5,2153,0.3675943315690627,0.18379716578453134,0.5,0.9999944000216258,0.3125,0.6875,0.1796875,0.49822500000000003,5,11,['boundary_margin_error'],boundary_margin_error,Medium_Dice (25-75%)
20160328_151057_1281_721,0.7907478501155732,0.6539147771547467,0.8391245785595121,0.7476450466504799,12461,2389,4206,211344,16667,14850,0.16087542087542087,0.25235495290094195,2,2,8333.5,5496,0.32975340493190136,0.16487670246595068,1.0,0.9999942696164287,0.4375,0.5625,0.1875,0.4979125,7,9,['boundary_margin_error'],boundary_margin_error,Medium_Dice (25-75%)
20160328_151057_1921_721,0.8429153459289654,0.7284820025598733,0.8641173186707655,0.8227288787356585,9310,1464,2006,217620,11316,10774,0.1358826805271951,0.17727112053729233,1,1,11316.0,3174,0.2804878048780488,0.1402439024390244,1.0,0.9999928750616476,0.3125,0.6875,0.1796875,0.4981875,5,11,['boundary_margin_error'],boundary_margin_error,Medium_Dice (25-75%)
20160328_151057_641_1081,0.6957897506409513,0.5334950794803949,0.577304549916417,0.8754700268182481,3958,2898,563,222981,4521,6856,0.42269544924154023,0.12452997124529971,2,2,2260.5,2225,0.49214775492147755,0.24607387746073878,1.0,0.9999931723635878,0.5,0.5,0.1875,0.4987375,8,8,['moderate_general_error'],moderate_general_error,Medium_Dice (25-75%)
20160328_151057_641_721,0.7829581987275256,0.64332892913695,0.7124049141129244,0.8690221255013881,4870,1966,734,222830,5604,6836,0.28759508484493856,0.13097787294789437,2,1,2802.0,1913,0.3413633119200571,0.17068165596002854,0.5,0.9999939008398331,0.5,0.5,0.2109375,0.499,8,8,['boundary_margin_error'],boundary_margin_error,Medium_Dice (25-75%)
20160328_151244_1281_1081,0.8424337599978993,0.7277628967447863,0.7476859294708246,0.9646793005188918,20921,7060,766,201653,21687,27981,0.25231407026196345,0.035320699036289024,1,2,21687.0,1886,0.08696454096924425,0.043482270484622124,2.0,0.9999884708242999,0.4375,0.5625,0.1640625,0.497925,7,9,['boundary_margin_error'],boundary_margin_error,Medium_Dice (25-75%)
20160328_151244_1281_361,0.8868260004782447,0.7966643138083042,0.8790474625465008,0.8947434289133319,21447,2951,2523,203479,23970,24398,0.12095253709320436,0.10525657071339174,1,2,23970.0,3379,0.14096787651230705,0.07048393825615352,2.0,0.9999823217394563,0.5,0.5,0.1484375,0.49788750000000004,8,8,['high_quality'],high_quality,High_Dice (>75%)
20160328_151244_1281_721,0.8522363780333588,0.7425190707587423,0.8426779505510312,0.8620141340852442,39032,7287,6248,177833,45280,46319,0.15732204926703944,0.13798586572438162,6,3,7546.666666666667,6598,0.1457155477031802,0.0728577738515901,0.5,0.99998809580666,0.4375,0.5625,0.171875,0.4975625,7,9,"['complex_topology', 'high_quality']",complex_topology,Medium_Dice (25-75%)
20160328_151244_1921_1081,0.7330241795851076,0.5785620907469777,0.7674700871033985,0.7015374850189611,4426,1341,1883,222750,6309,5767,0.23252991156580544,0.2984625138690759,3,2,2103.0,1675,0.26549373910286894,0.13274686955143447,0.6666666666666666,0.9999834271038304,0.4375,0.5625,0.1640625,0.49935,7,9,['boundary_margin_error'],boundary_margin_error,Medium_Dice (25-75%)
20160328_151244_1921_361,0.8793759203587524,0.784719814909093,0.9147446038874223,0.846640488392346,27167,2532,4921,195780,32088,29699,0.08525539580457255,0.15335951134380454,2,1,16044.0,3054,0.09517576664173523,0.047587883320867615,0.5,0.9999845327455011,0.5,0.5,0.15625,0.49825,8,8,['high_quality'],high_quality,High_Dice (>75%)
20160328_151244_1921_721,0.8832979025528394,0.7909879497603745,0.8423868741054682,0.9283855064316251,40304,7541,3109,179446,43413,47845,0.1576131257184659,0.07161449335452515,4,2,10853.25,5681,0.1308594199894041,0.06542970999470205,0.5,0.9999916451318942,0.4375,0.5625,0.1640625,0.4982375,7,9,['high_quality'],high_quality,High_Dice (>75%)
20160328_151244_1_1,0.8453132497424385,0.7320714899983786,0.8937507315298213,0.8018560669578512,22897,2722,5658,199123,28555,25619,0.10624926812131621,0.19814393276133777,1,1,28555.0,4036,0.1413412712309578,0.0706706356154789,1.0,0.9999842540027541,0.4375,0.5625,0.171875,0.4976875,7,9,['boundary_margin_error'],boundary_margin_error,Medium_Dice (25-75%)
20160328_151244_1_1081,0.8414942287499186,0.7263617062881847,0.8467564584294167,0.8362969990005471,6161,1115,1206,221918,7367,7276,0.15324354040681692,0.16370299986425954,1,1,7367.0,1519,0.20618976516899687,0.10309488258449843,1.0,0.9999682354682136,0.5625,0.4375,0.140625,0.49849999999999994,9,7,['boundary_margin_error'],boundary_margin_error,Medium_Dice (25-75%)
20160328_151244_1_721,0.8833087872156826,0.7910054069587175,0.8574628284133327,0.9107612872490579,17993,2991,1763,207653,19756,20984,0.1425371711780404,0.08923871228993724,1,1,19756.0,2941,0.14886616724033205,0.07443308362016603,1.0,0.9999685137788747,0.5625,0.4375,0.171875,0.497775,9,7,['high_quality'],high_quality,High_Dice (>75%)
20160328_151244_641_1,0.8915858354082735,0.8043796839574678,0.9046004610328199,0.8789403848291438,19211,2026,2646,206517,21857,21237,0.09539953854122522,0.12105961476872398,1,2,21857.0,3341,0.15285720821704718,0.07642860410852359,2.0,0.999980381980213,0.4375,0.5625,0.1484375,0.498,7,9,['high_quality'],high_quality,High_Dice (>75%)
20160328_151244_641_361,0.9013849296301906,0.8204738437884087,0.8801236992521093,0.9236988074332003,15653,2132,1293,211322,16946,17785,0.1198763002530222,0.07630119202171604,1,1,16946.0,2183,0.12882096069868995,0.06441048034934498,1.0,0.9999785908663154,0.4375,0.5625,0.1640625,0.4984375,7,9,['high_quality'],high_quality,High_Dice (>75%)
20160328_151244_641_721,0.89026919026159,0.8022388695069642,0.8847985242909682,0.8958079266585731,47012,6121,5468,171799,52480,53133,0.11520147554250654,0.1041920731707317,1,1,52480.0,5253,0.1000952743902439,0.05004763719512195,1.0,0.9999822354733268,0.4375,0.5625,0.1640625,0.49753749999999997,7,9,['high_quality'],high_quality,High_Dice (>75%)
20160328_151752_1281_361,0.7654970408376182,0.6200852214700343,0.8004250260638633,0.7334898901807149,12806,3193,4653,209748,17459,15999,0.19957497343583974,0.26651010939916375,2,1,8729.5,2428,0.13906867518185462,0.06953433759092731,0.5,0.9999931566369354,0.4375,0.5625,0.1484375,0.49807499999999993,7,9,['boundary_margin_error'],boundary_margin_error,Medium_Dice (25-75%)
20160328_151752_1281_721,0.7948137149146187,0.6594944903959891,0.8959323808840776,0.7142055015241361,5088,591,2036,222685,7124,5679,0.10406761753829899,0.2857944974733296,1,1,7124.0,1432,0.20101066816395283,0.10050533408197641,1.0,0.9999930913061218,0.3125,0.6875,0.1640625,0.49847499999999995,5,11,['boundary_margin_error'],boundary_margin_error,Medium_Dice (25-75%)
20160328_151752_1921_721,0.7794182406352026,0.6385629103951377,0.9093072300528326,0.6819988640050301,16814,1677,7840,204069,24654,18491,0.09069276945541074,0.3180011357183419,4,1,6163.5,4532,0.18382412590249048,0.09191206295124524,0.25,0.9999934856562389,0.4375,0.5625,0.171875,0.498275,7,9,['boundary_margin_error'],boundary_margin_error,Medium_Dice (25-75%)
20160328_151752_1_361,0.748736656176558,0.598384552598392,0.6431066362014041,0.8958855091979353,12520,6948,1455,209477,13975,19468,0.3568933634682556,0.10411449016100179,1,2,13975.0,2708,0.19377459749552772,0.09688729874776386,2.0,0.9999921293611558,0.4375,0.5625,0.171875,0.4978875,7,9,['boundary_margin_error'],boundary_margin_error,Medium_Dice (25-75%)
20160328_151752_1_721,0.46739130333175805,0.3049645381419446,0.3050510774544521,0.9990706226852173,1075,2449,1,226875,1076,3524,0.6949489216799092,0.0009293680297397769,5,2,215.2,573,0.5325278810408922,0.2662639405204461,0.4,0.9999878171614325,0.375,0.625,0.1484375,0.4988,6,10,"['false_crack_high_fp', 'thin_low_area_failure', 'over_segmentation', 'complex_topology']",false_crack_high_fp,Low_Dice (<25%)
20160328_151752_641_361,0.7916214556796666,0.6551104861969586,0.7817741330684989,0.8017200187282753,16780,4684,4150,204786,20930,21464,0.21822586656727544,0.19827998088867654,5,1,4186.0,3827,0.18284758719541327,0.09142379359770664,0.2,0.9999901838855474,0.4375,0.5625,0.15625,0.49796250000000003,7,9,"['complex_topology', 'boundary_margin_error']",complex_topology,Medium_Dice (25-75%)
20160328_152022_1281_721,0.8983164144296615,0.8154032847504082,0.8498191120768789,0.9526839880794369,28893,5106,1435,194966,30328,33999,0.15018088767316687,0.047316011606436295,1,1,30328.0,3008,0.09918227380638354,0.04959113690319177,1.0,0.9999939782551596,0.4375,0.5625,0.15625,0.4976125,7,9,['high_quality'],high_quality,High_Dice (>75%)
20160328_152022_1921_1,0.8074186987767181,0.6770345115662254,0.7299705983737866,0.9032514769176314,7945,2939,851,218665,8796,10884,0.2700294009555311,0.09674852205547976,1,2,8796.0,850,0.09663483401546158,0.04831741700773079,2.0,0.9999902875879471,0.4375,0.5625,0.15625,0.49855,7,9,['boundary_margin_error'],boundary_margin_error,Medium_Dice (25-75%)
20160328_152022_1921_361,0.7665488808723527,0.62146676830979,0.6856037386279483,0.8691661401247311,17897,8207,2694,201602,20591,26104,0.3143962611094085,0.13083385945315915,3,3,6863.666666666667,3230,0.15686464960419602,0.07843232480209801,1.0,0.9999895263736186,0.375,0.625,0.1796875,0.497875,6,10,['boundary_margin_error'],boundary_margin_error,Medium_Dice (25-75%)
20160328_152022_1921_721,0.8696649835384741,0.7693869258876274,0.8196366774916638,0.9261974575501492,9475,2085,755,218085,10230,11560,0.18036332179930795,0.07380254154447703,1,2,10230.0,1710,0.16715542521994134,0.08357771260997067,2.0,0.9999917459013639,0.4375,0.5625,0.140625,0.4987125,7,9,['high_quality'],high_quality,High_Dice (>75%)
20160328_152022_1_1081,0.7122669870153002,0.5531169736531115,0.5954754917507536,0.8860491199525632,7107,4828,914,217551,8021,11935,0.4045245077503142,0.11395087894277521,1,2,8021.0,2299,0.28662261563396085,0.14331130781698043,2.0,0.9999863395472655,0.375,0.625,0.1640625,0.498325,6,10,['moderate_general_error'],moderate_general_error,Medium_Dice (25-75%)
20160328_152022_1_361,0.6928201322090005,0.530011323827834,0.5527994317202943,0.9278350478674264,2340,1893,182,225985,2522,4233,0.44720056697377747,0.07216494845360824,2,1,1261.0,818,0.32434575733544807,0.16217287866772404,0.5,0.9999861961154721,0.375,0.625,0.1484375,0.498625,6,10,['moderate_general_error'],moderate_general_error,Medium_Dice (25-75%)
20160328_152022_1_721,0.7800644350186966,0.6394308498011956,0.7610006404605508,0.8001079028862855,5932,1863,1482,221123,7414,7795,0.23899935856318152,0.19989209603452926,2,4,3707.0,1733,0.23374696520097113,0.11687348260048556,2.0,0.9999826181131108,0.375,0.625,0.15625,0.49887499999999996,6,10,['boundary_margin_error'],boundary_margin_error,Medium_Dice (25-75%)
20160328_152022_641_361,0.8329393220666048,0.7137069544160766,0.8042391299976961,0.8637637165165983,14798,3602,2334,209666,17132,18400,0.1957608695652174,0.13623628297922016,1,2,17132.0,2760,0.16110203128648143,0.08055101564324071,2.0,0.9999905062112442,0.4375,0.5625,0.15625,0.49795,7,9,['boundary_margin_error'],boundary_margin_error,Medium_Dice (25-75%)
20160328_152022_641_721,0.8010708747918639,0.6681553212353538,0.7210694532387655,0.9010396849872958,14213,5498,1561,209128,15774,19711,0.2789305463954137,0.098960314441486,3,1,5258.0,2652,0.1681247622670217,0.08406238113351085,0.3333333333333333,0.9999932606414551,0.3125,0.6875,0.1875,0.49745,5,11,['boundary_margin_error'],boundary_margin_error,Medium_Dice (25-75%)
20160328_152305_1281_361,0.8895174012654388,0.8010187663265315,0.8554168570456844,0.9264496118285585,14939,2525,1186,211750,16125,17464,0.1445831424644984,0.07355038759689922,2,3,8062.5,1636,0.10145736434108527,0.05072868217054263,1.5,0.9999947822215021,0.25,0.75,0.1953125,0.49801249999999997,4,12,['high_quality'],high_quality,High_Dice (>75%)
20160328_152305_1281_721,0.798836853137791,0.6650527492660656,0.6735663032707551,0.9813491757679558,13049,6324,248,210779,13297,19373,0.32643369638156194,0.018650823494021206,2,2,6648.5,1594,0.11987666390915244,0.05993833195457622,1.0,0.9999942446540749,0.375,0.625,0.1953125,0.4979,6,10,['boundary_margin_error'],boundary_margin_error,Medium_Dice (25-75%)
20160328_152305_1921_361,0.8300925358056963,0.7095369174154024,0.7632881022703021,0.9097122940896568,20363,6315,2021,201701,22384,26678,0.23671189744358648,0.09028770550393138,3,3,7461.333333333333,2186,0.0976590421729807,0.04882952108649035,1.0,0.9999865477669366,0.375,0.625,0.171875,0.49802500000000005,6,10,['boundary_margin_error'],boundary_margin_error,Medium_Dice (25-75%)
20160328_152305_1921_721,0.929159802017606,0.8676923071885676,0.9117306161704809,0.9472683477327491,14946,1447,832,213175,15778,16393,0.08826938327334838,0.05273165166687793,1,1,15778.0,1312,0.08315375839776905,0.041576879198884524,1.0,0.9999912865821132,0.3125,0.6875,0.1875,0.49773750000000005,5,11,['high_quality'],high_quality,High_Dice (>75%)
20160328_152305_1_361,0.7887323940919032,0.6511627903237652,0.7111501312484948,0.8853150121904013,11340,4606,1469,212985,12809,15946,0.28884986830553117,0.11468498711843235,1,1,12809.0,3367,0.26286205012100866,0.13143102506050433,1.0,0.9999951270497734,0.375,0.625,0.1875,0.497825,6,10,['boundary_margin_error'],boundary_margin_error,Medium_Dice (25-75%)
20160328_152305_641_361,0.7655345634430729,0.6201344653101354,0.6742978064163795,0.885324576167951,10515,5079,1362,213444,11877,15594,0.325702193151212,0.11467542308663804,2,2,5938.5,2578,0.2170581796750021,0.10852908983750105,1.0,0.999996219275825,0.375,0.625,0.203125,0.4982,6,10,['boundary_margin_error'],boundary_margin_error,Medium_Dice (25-75%)
20160328_152305_641_721,0.779903213846808,0.6392142186569826,0.7021950013555595,0.8769507182356516,17083,7245,2397,203675,19480,24328,0.297804998355804,0.12304928131416838,2,4,9740.0,2953,0.15159137577002055,0.07579568788501027,2.0,0.999993826987325,0.3125,0.6875,0.2265625,0.4975625,5,11,['boundary_margin_error'],boundary_margin_error,Medium_Dice (25-75%)
20160328_152511_1281_361,0.6959111556305345,0.5336378411909594,0.5740339768703915,0.8834914113259531,6893,5115,909,217483,7802,12008,0.42596602265156563,0.11650858754165598,3,2,2600.6666666666665,2301,0.2949243783645219,0.14746218918226095,0.6666666666666666,0.9999949522309435,0.3125,0.6875,0.1953125,0.49785,5,11,['moderate_general_error'],moderate_general_error,Medium_Dice (25-75%)
20160328_152511_1281_721,0.7947643076441404,0.6594264613012117,0.7285131732614285,0.8742706552338215,4645,1731,668,223356,5313,6376,0.27148682559598497,0.12572934312064746,1,1,5313.0,1252,0.23564840956145303,0.11782420478072651,1.0,0.999992656250906,0.3125,0.6875,0.1875,0.49807500000000005,5,11,['boundary_margin_error'],boundary_margin_error,Medium_Dice (25-75%)
20160328_152511_1921_361,0.7199728661042215,0.5624668782707559,0.6645014864106265,0.7855490787440568,8491,4287,2318,215304,10809,12778,0.3354985130693379,0.21445092052918863,2,3,5404.5,1974,0.1826255897862892,0.0913127948931446,1.5,0.9999869164896834,0.375,0.625,0.171875,0.49835,6,10,['boundary_margin_error'],boundary_margin_error,Medium_Dice (25-75%)
20160328_152511_1921_721,0.3799527183168296,0.23453186991065625,0.7318761357673,0.2565772665944096,2009,736,5821,221834,7830,2745,0.26812386156648454,0.7434227330779055,1,2,7830.0,1447,0.18480204342273307,0.09240102171136653,2.0,0.9999883246862191,0.375,0.625,0.1875,0.4984375,6,10,"['missed_crack_high_fn', 'thin_low_area_failure']",missed_crack_high_fn,Low_Dice (<25%)
20160328_152511_1_361,0.6734071813718656,0.5076216092201179,0.5598615485753993,0.8447262884969446,9058,7121,1665,212556,10723,16179,0.44013845107855865,0.1552737107152849,1,1,10723.0,3459,0.3225776368553576,0.1612888184276788,1.0,0.9999921218698798,0.375,0.625,0.203125,0.49798749999999997,6,10,['moderate_general_error'],moderate_general_error,Low_Dice (<25%)
20160328_152511_641_361,0.7729156506664688,0.6298798049916162,0.6383449938901973,0.9793806463978836,12682,7185,267,210266,12949,19867,0.36165500578849347,0.020619352845779596,1,1,12949.0,2798,0.21607846165727082,0.10803923082863541,1.0,0.9999901163651066,0.375,0.625,0.171875,0.497575,6,10,['boundary_margin_error'],boundary_margin_error,Medium_Dice (25-75%)
20160328_152511_641_721,0.7770090452980067,0.6353350712126411,0.7373737336496277,0.8211473519620509,1460,520,318,228102,1778,1980,0.26262626262626265,0.17885264341957255,1,2,1778.0,514,0.2890888638920135,0.14454443194600675,2.0,0.9999929925714898,0.375,0.625,0.1953125,0.49860000000000004,6,10,['boundary_margin_error'],boundary_margin_error,Medium_Dice (25-75%)
20160328_152747_1281_361,0.7866801510331947,0.6483699674929798,0.7073285728766479,0.886085561652109,10501,4345,1350,214204,11851,14846,0.29267142664690826,0.11391443760020252,2,1,5925.5,3166,0.26715045143869715,0.13357522571934857,0.5,0.999993517319456,0.3125,0.6875,0.1875,0.4978,5,11,['boundary_margin_error'],boundary_margin_error,Medium_Dice (25-75%)
20160328_152747_1281_721,0.6786061890624758,0.5135533278917108,0.5212320558575596,0.9721137703730409,1743,1601,50,227006,1793,3344,0.47876794258373206,0.02788622420524261,1,1,1793.0,390,0.21751254880089235,0.10875627440044618,1.0,0.9999930020822712,0.375,0.625,0.15625,0.4982875,6,10,['moderate_general_error'],moderate_general_error,Low_Dice (<25%)
20160328_152747_1921_361,0.800746268426881,0.6677037955733551,0.8153018874187259,0.7867012572405949,13949,3160,3782,209509,17731,17109,0.1846981121047402,0.21329874231571824,1,1,17731.0,3321,0.18729908070610796,0.09364954035305398,1.0,0.9999884308507373,0.375,0.625,0.15625,0.49795,6,10,['boundary_margin_error'],boundary_margin_error,Medium_Dice (25-75%)
20160328_152747_1_361,0.7451234376923486,0.5937822572142921,0.6284300490788317,0.9150369599372724,9779,5782,908,213931,10687,15561,0.37156995051731895,0.08496303920651259,1,1,10687.0,2884,0.26986057827266774,0.13493028913633387,1.0,0.9999897006943024,0.375,0.625,0.1875,0.49801249999999997,6,10,['boundary_margin_error'],boundary_margin_error,Medium_Dice (25-75%)
20160328_152747_641_361,0.7496519578870371,0.599554630101392,0.626390855438807,0.9333082133132569,12385,7387,885,209743,13270,19772,0.373609144244386,0.06669178598342125,1,1,13270.0,3624,0.27309721175584023,0.13654860587792012,1.0,0.9999925825237668,0.375,0.625,0.171875,0.49807499999999993,6,10,['boundary_margin_error'],boundary_margin_error,Medium_Dice (25-75%)
20160328_153548_1281_1081,0.8219432783731134,0.6977111231435587,0.9954954842849608,0.6999208178945303,884,4,379,229133,1263,888,0.0045045045045045045,0.3000791765637371,1,1,1263.0,218,0.1726049089469517,0.08630245447347586,1.0,0.999992937420779,0.5,0.5,0.203125,0.499,8,8,['boundary_margin_error'],boundary_margin_error,Medium_Dice (25-75%)
20160328_153548_1281_361,0.9017834389160615,0.8211344382077086,0.9339050119605475,0.8717980284830074,7079,501,1041,221779,8120,7580,0.06609498680738786,0.12820197044334974,1,1,8120.0,1052,0.12955665024630542,0.06477832512315271,1.0,0.9999929945838006,0.375,0.625,0.1875,0.4981375,6,10,['high_quality'],high_quality,High_Dice (>75%)
20160328_153548_1281_721,0.8295768527535707,0.7087837033172634,0.8193676836293406,0.8400436401632845,23869,5262,4545,196724,28414,29131,0.18063231608938932,0.1599563595410713,3,3,9471.333333333334,4591,0.161575279791652,0.080787639895826,1.0,0.9999890036699894,0.375,0.625,0.203125,0.4973000000000001,6,10,['boundary_margin_error'],boundary_margin_error,Medium_Dice (25-75%)
20160328_153548_1921_361,0.9075326015340306,0.8307182464285687,0.9065613691736945,0.9085059164877916,12283,1266,1237,215614,13520,13549,0.09343863015720717,0.09149408284023669,1,1,13520.0,1494,0.11050295857988165,0.05525147928994083,1.0,0.9999917595287466,0.375,0.625,0.1875,0.4983875,6,10,['high_quality'],high_quality,High_Dice (>75%)
20160328_153548_1921_721,0.9020614332008022,0.8215955432101882,0.8797933527482993,0.9254860211073528,16519,2257,1330,210294,17849,18776,0.1202066467831274,0.0745139783741386,2,1,8924.5,2779,0.15569499691859487,0.07784749845929743,0.5,0.9999921488870727,0.4375,0.5625,0.1875,0.4981375,7,9,['high_quality'],high_quality,High_Dice (>75%)
20160328_153548_1_1,0.7955859167741195,0.6605584639489078,0.8306944657831977,0.7633246899244576,15897,3240,4929,206334,20826,19137,0.16930553378272456,0.23667530970901757,1,2,20826.0,3686,0.1769903005858062,0.0884951502929031,2.0,0.9999897717265075,0.375,0.625,0.1875,0.498025,6,10,['boundary_margin_error'],boundary_margin_error,Medium_Dice (25-75%)
20160328_153548_1_1081,0.7483136592465198,0.5978443919073655,0.7062468025049033,0.7957092536677204,24850,10336,6380,188834,31230,35186,0.29375319729437843,0.2042907460774896,1,1,31230.0,4278,0.13698366954851104,0.06849183477425552,1.0,0.9999885632465607,0.375,0.625,0.1796875,0.4976125,6,10,['boundary_margin_error'],boundary_margin_error,Medium_Dice (25-75%)
20160328_153548_641_1,0.7992502001256359,0.6656259282402232,0.7436877064058344,0.8637854507740972,4477,1543,706,223674,5183,6020,0.256312292358804,0.13621454755932857,1,1,5183.0,1078,0.20798765193903146,0.10399382596951573,1.0,0.999990999423283,0.375,0.625,0.1640625,0.4985,6,10,['boundary_margin_error'],boundary_margin_error,Medium_Dice (25-75%)
20160328_153548_641_1081,0.7108634515386772,0.5514260319336568,0.6518002097928564,0.7816973996210643,13650,7292,3812,205646,17462,20942,0.34819978989590294,0.21830259993127935,1,1,17462.0,3550,0.2032985912266636,0.1016492956133318,1.0,0.9999909752044549,0.4375,0.5625,0.1875,0.4977,7,9,['boundary_margin_error'],boundary_margin_error,Medium_Dice (25-75%)
20160328_153548_641_361,0.6726437782107706,0.5067545299211922,0.5868735683199268,0.7877753102479507,4614,3248,1243,221295,5857,7862,0.4131264309336047,0.21222468840703432,10,3,585.7,2268,0.38722895680382446,0.19361447840191223,0.3,0.9999962115085553,0.375,0.625,0.1875,0.49760000000000004,6,10,['complex_topology'],complex_topology,Low_Dice (<25%)
20160328_153548_641_721,0.7927472321709744,0.6566538949391295,0.782111347257614,0.8036763781395045,12854,3581,3140,210825,15994,16435,0.21788865226650442,0.19632362135800926,2,1,7997.0,3223,0.2015130674002751,0.10075653370013755,0.5,0.99999480652781,0.3125,0.6875,0.1875,0.49740000000000006,5,11,['boundary_margin_error'],boundary_margin_error,Medium_Dice (25-75%)
20160328_153604_1281_1,0.6556609736523333,0.48771995813708485,0.516183646533031,0.8984226020134815,5183,4858,586,219773,5769,10041,0.48381635295289316,0.1015773964291905,1,2,5769.0,1772,0.3071589530247877,0.15357947651239384,2.0,0.9999896186289283,0.3125,0.6875,0.171875,0.4978125,5,11,['moderate_general_error'],moderate_general_error,Low_Dice (<25%)
20160328_153604_1281_361,0.7856297091534903,0.6469441117551106,0.7212669232526598,0.8626048925288944,14597,5641,2325,207837,16922,20238,0.27873307639094774,0.1373951069613521,1,1,16922.0,3158,0.18662096678879564,0.09331048339439782,1.0,0.9999925826828543,0.375,0.625,0.1796875,0.4975,6,10,['boundary_margin_error'],boundary_margin_error,Medium_Dice (25-75%)
20160328_153604_1281_721,0.7098340750337805,0.5501882054840087,0.5870147252415134,0.8976458538914656,10524,7404,1200,211272,11724,17928,0.41298527443105754,0.1023541453428864,1,5,11724.0,2934,0.2502558853633572,0.1251279426816786,5.0,0.9999947324874365,0.375,0.625,0.1796875,0.49805,6,10,['moderate_general_error'],moderate_general_error,Medium_Dice (25-75%)
20160328_153604_1921_361,0.7383786208779181,0.5852616586061103,0.6773794803753747,0.8114511345743245,9864,4698,2292,213546,12156,14562,0.3226205191594561,0.1885488647581441,2,3,6078.0,3155,0.25954261270154655,0.12977130635077327,1.5,0.9999925351524769,0.375,0.625,0.1875,0.4986875,6,10,['boundary_margin_error'],boundary_margin_error,Medium_Dice (25-75%)
20160328_153604_1921_721,0.7863500327310233,0.6479216033767236,0.6955445539772108,0.9044255691511618,10116,4428,1069,214787,11185,14544,0.30445544554455445,0.09557443004023246,1,1,11185.0,2448,0.218864550737595,0.1094322753687975,1.0,0.9999933001588611,0.375,0.625,0.1796875,0.49838750000000004,6,10,['boundary_margin_error'],boundary_margin_error,Medium_Dice (25-75%)
20160328_153604_1_1,0.8298973049069966,0.7092516822560039,0.7633522721851191,0.9091524269081777,10748,3332,1074,215246,11822,14080,0.23664772727272726,0.09084757232278802,1,1,11822.0,2152,0.18203349687024192,0.09101674843512096,1.0,0.9999912635397243,0.25,0.75,0.1875,0.49735,4,12,['boundary_margin_error'],boundary_margin_error,Medium_Dice (25-75%)
20160328_153604_1_361,0.7681745035693994,0.623606595086155,0.6848817186221503,0.874531834493949,10741,4942,1541,213176,12282,15683,0.31511828094114647,0.1254681647940075,1,1,12282.0,2675,0.21779840416870216,0.10889920208435108,1.0,0.9999919364063141,0.375,0.625,0.1796875,0.4975875,6,10,['boundary_margin_error'],boundary_margin_error,Medium_Dice (25-75%)
20160328_153604_641_1,0.7690903556134163,0.6248146312938249,0.6530371240290522,0.935306552922509,8848,4701,612,216239,9460,13549,0.346962875488966,0.06469344608879493,1,2,9460.0,1886,0.19936575052854122,0.09968287526427061,2.0,0.9999905912724273,0.3125,0.6875,0.171875,0.4971,5,11,['boundary_margin_error'],boundary_margin_error,Medium_Dice (25-75%)
20160328_153604_641_1081,0.8533277911224274,0.7441776163370287,0.8618355455413572,0.8449863657740462,16424,2633,3013,208330,19437,19057,0.13816445400640184,0.15501363379122293,1,1,19437.0,2413,0.1241446725317693,0.06207233626588465,1.0,0.9999905451793661,0.3125,0.6875,0.1796875,0.49736250000000004,5,11,['high_quality'],high_quality,Medium_Dice (25-75%)
20160328_153604_641_361,0.7297594394432703,0.5745049104111637,0.6239562838802377,0.8787710867634706,14273,8602,1969,205556,16242,22875,0.37604371584699453,0.12122891269548085,3,2,5414.0,4470,0.27521241226449944,0.13760620613224972,0.6666666666666666,0.9999885505898749,0.4375,0.5625,0.15625,0.4971,7,9,['boundary_margin_error'],boundary_margin_error,Medium_Dice (25-75%)
20160328_153604_641_721,0.7857690829862648,0.6471331539792907,0.7420757104739023,0.8349296917091708,12291,4272,2430,211407,14721,16563,0.2579242890780656,0.16507030772366008,2,2,7360.5,3390,0.23028326879967392,0.11514163439983696,1.0,0.9999901732628762,0.4375,0.5625,0.1640625,0.49748749999999997,7,9,['boundary_margin_error'],boundary_margin_error,Medium_Dice (25-75%)
20160328_153620_1281_1081,0.874402124226037,0.7768334882693311,0.9113737041677484,0.8403132419464989,2468,240,469,227223,2937,2708,0.08862629246676514,0.15968675519237316,1,1,2937.0,555,0.18896833503575078,0.09448416751787539,1.0,0.9999916805405503,0.375,0.625,0.1875,0.49849999999999994,6,10,['high_quality'],high_quality,High_Dice (>75%)
20160328_153620_1281_361,0.7948995955823338,0.659612753151841,0.8131383148913678,0.7774611168307128,35191,8087,10073,177049,45264,43278,0.18686168492074495,0.22253888299752564,2,1,22632.0,7174,0.1584924001413927,0.07924620007069635,0.5,0.9999823146236774,0.5,0.5,0.15625,0.49688750000000004,8,8,['boundary_margin_error'],boundary_margin_error,Medium_Dice (25-75%)
20160328_153620_1281_721,0.8416373988845293,0.7265750794043732,0.7449244816491308,0.9672093761265976,21208,7262,719,201211,21927,28470,0.25507551808921675,0.03279062343229808,12,2,1827.25,5996,0.2734528207233092,0.1367264103616546,0.16666666666666666,0.9999941562223467,0.375,0.625,0.171875,0.497425,6,10,"['complex_topology', 'boundary_margin_error']",complex_topology,Medium_Dice (25-75%)
20160328_153620_1921_1081,0.8974009535201981,0.813895999987732,0.9077392665343252,0.8872954755656444,9219,937,1171,219073,10390,10156,0.0922607325718787,0.11270452358036574,1,1,10390.0,1998,0.1923002887391723,0.09615014436958615,1.0,0.9999932752685878,0.4375,0.5625,0.1875,0.49873750000000006,7,9,['high_quality'],high_quality,High_Dice (>75%)
20160328_153620_1921_361,0.8956764424753767,0.8110634210168115,0.8417736355308089,0.9569548555865551,28723,5399,1292,194986,30015,34122,0.15822636422249575,0.043045144094619354,2,1,15007.5,4710,0.15692153923038482,0.07846076961519241,0.5,0.9999932957960405,0.4375,0.5625,0.1640625,0.4982875,7,9,['high_quality'],high_quality,High_Dice (>75%)
20160328_153620_1_361,0.9198288328557412,0.851558401885112,0.8644694801680204,0.9827635642199753,30846,4836,541,194177,31387,35682,0.1355305195897091,0.017236435466913055,2,1,15693.5,3918,0.1248287507566827,0.06241437537834135,0.5,0.9999875108489931,0.4375,0.5625,0.171875,0.49696250000000003,7,9,['high_quality'],high_quality,High_Dice (>75%)
20160328_153620_1_721,0.8813110892325192,0.7878071202367533,0.7988276035187483,0.9827897049946079,5996,1510,105,222789,6101,7506,0.20117239541699974,0.017210293394525487,1,4,6101.0,709,0.11621045730208163,0.05810522865104081,4.0,0.9999932871826278,0.375,0.625,0.1875,0.49787500000000007,6,10,['high_quality'],high_quality,High_Dice (>75%)
20160328_153620_641_361,0.8515495545556615,0.741476968321602,0.7586659368412619,0.970349648992518,6938,2207,212,221043,7150,9145,0.24133406232914162,0.029650349650349652,4,2,1787.5,1854,0.2593006993006993,0.12965034965034966,0.5,0.9999935974278111,0.375,0.625,0.203125,0.49772500000000003,6,10,['high_quality'],high_quality,Medium_Dice (25-75%)
20160328_153620_641_721,0.875425161524075,0.7784498919702766,0.8294135382124578,0.9268415952224146,44012,9052,3474,173862,47486,53064,0.17058646163123775,0.07315840458240323,3,1,15828.666666666666,8363,0.17611506549298742,0.08805753274649371,0.3333333333333333,0.9999795984635442,0.5,0.5,0.171875,0.496625,8,8,['high_quality'],high_quality,High_Dice (>75%)
20160328_153629_1281_361,0.9596791908593281,0.9224838938404437,0.9310381571828628,0.9901382895146925,8735,647,87,220931,8822,9382,0.06896184182477083,0.009861709362956246,1,1,8822.0,698,0.07912038086601678,0.03956019043300839,1.0,0.9999930739857953,0.375,0.625,0.1875,0.49853749999999997,6,10,['high_quality'],high_quality,High_Dice (>75%)
20160328_153629_1281_721,0.902496953488817,0.8223184039057891,0.885507011070152,0.9201516104779315,21849,2825,1896,203830,23745,24674,0.11449298857096539,0.07984838913455464,1,1,23745.0,3705,0.1560328490208465,0.07801642451042325,1.0,0.9999888690638563,0.375,0.625,0.203125,0.4977125,6,10,['high_quality'],high_quality,High_Dice (>75%)
20160328_153629_1921_361,0.9188007984846797,0.849797888489895,0.9046498666012477,0.9334014754101634,29222,3080,2085,196013,31307,32302,0.09535013311869234,0.06659852429169195,1,1,31307.0,3988,0.1273836522183537,0.06369182610917686,1.0,0.9999916416356706,0.5,0.5,0.1875,0.498575,8,8,['high_quality'],high_quality,High_Dice (>75%)
20160328_153629_1_361,0.909038302437443,0.8332449291926839,0.8500128830584867,0.9768729638801086,32989,5821,781,190809,33770,38810,0.1499871167224942,0.023127035830618894,3,1,11256.666666666666,4891,0.14483269173822919,0.07241634586911459,0.3333333333333333,0.9999850960457503,0.5,0.5,0.1640625,0.4978125,8,8,['high_quality'],high_quality,High_Dice (>75%)
20160328_153629_641_361,0.8474200107049104,0.735237483363898,0.7990931280091619,0.9019685030492436,9164,2304,996,217936,10160,11468,0.2009068712940356,0.09803149606299212,2,1,5080.0,1951,0.19202755905511812,0.09601377952755906,0.5,0.9999941592099585,0.375,0.625,0.2109375,0.498475,6,10,['boundary_margin_error'],boundary_margin_error,Medium_Dice (25-75%)
20160328_153629_641_721,0.9346785280826535,0.877367585955473,0.8935132392963661,0.9798200823244,28210,3362,581,198247,28791,31572,0.10648676042062587,0.020179917335278387,6,1,4798.5,3676,0.12767878851029835,0.06383939425514917,0.16666666666666666,0.9999898734131787,0.375,0.625,0.2109375,0.4973875,6,10,"['complex_topology', 'high_quality']",complex_topology,High_Dice (>75%)
20160328_153829_1281_361,0.8725412837636615,0.7739008721102999,0.8023373323307669,0.9562088876328066,30963,7628,1418,190391,32381,38591,0.1976626674613252,0.04379111207189401,7,1,4625.857142857143,7820,0.24149964485346345,0.12074982242673173,0.14285714285714285,0.9999888738280304,0.5,0.5,0.15625,0.4974375,8,8,"['complex_topology', 'high_quality']",complex_topology,High_Dice (>75%)
20160328_153829_1281_721,0.785517240476417,0.6467915944599819,0.7057001224582815,0.8856920661335094,3417,1425,441,225117,3858,4842,0.2942998760842627,0.11430793157076205,3,1,1286.0,1468,0.3805080352514256,0.1902540176257128,0.3333333333333333,0.9999926732175204,0.4375,0.5625,0.1796875,0.49893750000000003,7,9,['boundary_margin_error'],boundary_margin_error,Medium_Dice (25-75%)
20160328_153829_1921_1,0.8200166002315283,0.6949390986283591,0.7232132534297001,0.9467392944233927,18771,7184,1056,203389,19827,25955,0.2767867462916586,0.053260705099107276,14,1,1416.2142857142858,6747,0.3402935391133303,0.17014676955666516,0.07142857142857142,0.9999912685479844,0.3125,0.6875,0.203125,0.497275,5,11,"['complex_topology', 'boundary_margin_error']",complex_topology,Medium_Dice (25-75%)
20160328_153829_1921_361,0.8348030560437354,0.7164480308447063,0.7363617491467295,0.9636264903267467,3550,1271,134,225445,3684,4821,0.263638249325866,0.03637350705754615,2,2,1842.0,976,0.26492942453854507,0.13246471226927253,1.0,0.9999869792131628,0.4375,0.5625,0.140625,0.49958749999999996,7,9,['boundary_margin_error'],boundary_margin_error,Medium_Dice (25-75%)
20160328_153829_1_1,0.8113048227260455,0.6825171315884518,0.7076203263407614,0.9505906995573586,16334,6749,849,206468,17183,23083,0.2923796733526838,0.04940929988942559,4,1,4295.75,5674,0.33021009136937673,0.16510504568468837,0.25,0.9999903672139071,0.5,0.5,0.1640625,0.4978375,8,8,['boundary_margin_error'],boundary_margin_error,Medium_Dice (25-75%)
20160328_153829_1_721,0.8723599626968648,0.7736156342791815,0.8606186089548097,0.8844261193184917,6650,1077,869,221804,7519,7727,0.13938138993140933,0.11557387950525336,1,1,7519.0,1642,0.2183801037371991,0.10919005186859955,1.0,0.9999938095341194,0.4375,0.5625,0.140625,0.49835,7,9,['high_quality'],high_quality,High_Dice (>75%)
20160328_153829_641_1,0.8630630100784151,0.7591124378299462,0.8377364917687993,0.8899686136588794,14745,2856,1823,210976,16568,17601,0.16226350775524118,0.11003138580395944,5,2,3313.6,3613,0.21807098020280058,0.10903549010140029,0.4,0.9999890565641072,0.5,0.5,0.1484375,0.49795,8,8,"['complex_topology', 'high_quality']",complex_topology,High_Dice (>75%)
20160328_153829_641_1081,0.6392735524181195,0.46980313607790863,0.4865658743096623,0.9316790720733183,5632,5943,413,218412,6045,11575,0.5134341252699784,0.06832092638544252,2,1,3022.5,1958,0.323904052936311,0.1619520264681555,0.5,0.9999931911403193,0.4375,0.5625,0.21875,0.498,7,9,['moderate_general_error'],moderate_general_error,Low_Dice (<25%)
20160328_153829_641_361,0.8487928838574497,0.7373068424920564,0.7537072848122639,0.971333608958131,7014,2292,207,220887,7221,9306,0.24629271437782077,0.028666389696717906,2,1,3610.5,2066,0.2861099570696579,0.14305497853482896,0.5,0.9999936651870702,0.4375,0.5625,0.15625,0.4982375,7,9,['boundary_margin_error'],boundary_margin_error,Medium_Dice (25-75%)
20160328_153829_641_721,0.7616058140399706,0.6149946621798434,0.6214613086506839,0.9833617705487978,2305,1404,39,226652,2344,3709,0.3785386896737665,0.016638225255972697,2,2,1172.0,1120,0.4778156996587031,0.23890784982935154,1.0,0.999993289581134,0.4375,0.5625,0.1640625,0.49882499999999996,7,9,['boundary_margin_error'],boundary_margin_error,Medium_Dice (25-75%)
20160329_103807_1081_1,0.15164123866934529,0.08204102030504996,0.13078149868109448,0.18041804081178195,328,2180,1490,226402,1818,2508,0.8692185007974481,0.8195819581958196,1,4,1818.0,702,0.38613861386138615,0.19306930693069307,4.0,0.9999782728075552,0.4375,0.5625,0.203125,0.4982,7,9,"['missed_crack_high_fn', 'false_crack_high_fp', 'thin_low_area_failure', 'fragmented_prediction']",missed_crack_high_fn,Low_Dice (<25%)
20160329_103807_361_1,0.7417519351530557,0.5895116836466455,0.8550757272365994,0.6549508363571888,15187,2574,8001,204638,23188,17761,0.1449242722819661,0.3450491633603588,2,1,11594.0,1985,0.08560462308090391,0.04280231154045196,0.5,0.9999789723936015,0.25,0.75,0.203125,0.4973375,4,12,['boundary_margin_error'],boundary_margin_error,Medium_Dice (25-75%)
20160329_103807_361_1281,0.7284158819928913,0.5728412864533899,0.7945704587267117,0.6724304713807646,22244,5751,10836,191569,33080,27995,0.2054295409894624,0.3275695284159613,4,1,8270.0,5043,0.1524486094316808,0.0762243047158404,0.25,0.9999826920387699,0.3125,0.6875,0.1875,0.49726250000000005,5,11,['boundary_margin_error'],boundary_margin_error,Medium_Dice (25-75%)
20160329_103807_361_1921,0.7093240092059068,0.5495755823035745,0.8055135377380451,0.6336565919105019,21301,5143,12315,191641,33616,26444,0.19448646195734381,0.3663434079009995,6,3,5602.666666666667,5092,0.15147548786292242,0.07573774393146121,0.5,0.9999886248750839,0.3125,0.6875,0.1796875,0.49688750000000004,5,11,"['complex_topology', 'boundary_margin_error']",complex_topology,Medium_Dice (25-75%)
20160329_103807_361_641,0.7874926913872182,0.6494745935083733,0.9371194987716357,0.6790681062394294,32325,2169,15277,180629,47602,34494,0.06288050095668812,0.3209318936179152,3,2,15867.333333333334,4507,0.09468089576068232,0.04734044788034116,0.6666666666666666,0.9999792983557689,0.375,0.625,0.1953125,0.497,6,10,['boundary_margin_error'],boundary_margin_error,Medium_Dice (25-75%)
20160329_103807_721_1,0.6454630494201509,0.4765193368433704,0.6747645269057777,0.6186004809991033,13110,6319,8083,202888,21193,19429,0.3252354727469247,0.3813995187090077,1,2,21193.0,3008,0.14193365733968763,0.07096682866984381,2.0,0.9999792192408226,0.4375,0.5625,0.1875,0.49778750000000005,7,9,['moderate_general_error'],moderate_general_error,Low_Dice (<25%)
20160329_103807_721_1281,0.7002146417834137,0.5387155943533373,0.6973871700836713,0.7030651307324466,1468,637,620,227675,2088,2105,0.3026128266033254,0.29693486590038315,2,2,1044.0,664,0.31800766283524906,0.15900383141762453,1.0,0.9999915555696768,0.375,0.625,0.21875,0.4977125,6,10,['boundary_margin_error'],boundary_margin_error,Medium_Dice (25-75%)
20160330_165956_1281_721,0.6512670562128329,0.48287324723018266,0.49880561324365064,0.9379562030629476,6682,6714,442,216562,7124,13396,0.5011943863839953,0.06204379562043796,5,1,1424.8,3495,0.49059517125210556,0.24529758562605278,0.2,0.9999926709263226,0.375,0.625,0.140625,0.498325,6,10,['complex_topology'],complex_topology,Low_Dice (<25%)
20160330_165956_1921_721,0.6793063064298743,0.5143556827272795,0.5259476724583821,0.9589105778354683,6091,5490,261,218558,6352,11581,0.47405232708747086,0.04108942065491184,2,1,3176.0,3591,0.5653337531486146,0.2826668765743073,0.5,0.9999908589974162,0.375,0.625,0.1484375,0.498625,6,10,['moderate_general_error'],moderate_general_error,Low_Dice (<25%)
20160330_165956_1_1081,0.8228304469492559,0.6989905955491411,0.7456971921346551,0.9177616663822364,8102,2763,726,218809,8828,10865,0.2543028071790152,0.08223833257816039,1,1,8828.0,3489,0.3952197553239692,0.1976098776619846,1.0,0.9999869917004421,0.4375,0.5625,0.1875,0.499175,7,9,['boundary_margin_error'],boundary_margin_error,Medium_Dice (25-75%)
20160330_165956_1_721,0.6070175435046681,0.4357682615988512,0.4415893810588025,0.9706377389739336,5190,6563,157,218490,5347,11753,0.5584106185654727,0.029362259210772394,5,2,1069.4,4121,0.7707125490929493,0.38535627454647464,0.4,0.9999837219530093,0.4375,0.5625,0.15625,0.498825,7,9,"['over_segmentation', 'complex_topology']",over_segmentation,Low_Dice (<25%)
20160330_165956_641_721,0.750023971258019,0.6000306837986877,0.6158570186474632,0.9589309783511941,7822,4879,335,217364,8157,12701,0.3841429808676482,0.04106902047321319,2,1,4078.5,4056,0.49724163295329166,0.24862081647664583,0.5,0.9999911122324753,0.375,0.625,0.15625,0.4987875,6,10,['boundary_margin_error'],boundary_margin_error,Medium_Dice (25-75%)
20160330_170359_1281_721,0.8026399952313427,0.6703414111334219,0.9508162840287883,0.6944206870517631,27606,1428,12148,189218,39754,29034,0.049183715643728046,0.3055793127735574,1,1,39754.0,3228,0.08119937616340495,0.04059968808170247,1.0,0.9999785466722522,0.4375,0.5625,0.171875,0.497475,7,9,['boundary_margin_error'],boundary_margin_error,Medium_Dice (25-75%)
20160330_170359_1921_361,0.8655849136976249,0.7630230981139349,0.8788334163305875,0.852729923393244,15790,2177,2727,209706,18517,17967,0.12116658318027494,0.147270076146244,1,1,18517.0,1564,0.08446292595992871,0.04223146297996436,1.0,0.9999744758336855,0.1875,0.8125,0.2109375,0.49753749999999997,3,13,['high_quality'],high_quality,High_Dice (>75%)
20160330_170359_1921_721,0.8662669081796432,0.7640836405231309,0.9546642072871963,0.792852584219165,18636,885,4869,206010,23505,19521,0.04533579222375903,0.20714741544352266,2,2,11752.5,1744,0.07419697936609232,0.03709848968304616,1.0,0.9999781703383585,0.375,0.625,0.1796875,0.49775,6,10,['high_quality'],high_quality,High_Dice (>75%)
20160330_170359_1_721,0.8338250319003806,0.7150085147678731,0.8554302247518365,0.8132842983595956,28970,4896,6651,189883,35621,33866,0.14456977499557078,0.18671570141208838,1,1,35621.0,3446,0.09674068667359143,0.04837034333679571,1.0,0.9999738164692953,0.3125,0.6875,0.171875,0.49746250000000003,5,11,['boundary_margin_error'],boundary_margin_error,Medium_Dice (25-75%)
20160330_170359_641_721,0.8640064749714275,0.7605734151959149,0.8810789392581204,0.8475830525161713,26687,3602,4799,195312,31486,30289,0.11892106045098881,0.15241694721463508,1,1,31486.0,3540,0.11243092167947659,0.056215460839738295,1.0,0.9999781742204823,0.4375,0.5625,0.171875,0.4975375,7,9,['high_quality'],high_quality,High_Dice (>75%)
20160330_172309_1281_361,0.8269698507681601,0.7049860153293606,0.7301238506490972,0.9534368058517846,7310,2702,357,220031,7667,10012,0.269876148621654,0.04656319290465632,1,1,7667.0,2848,0.37146211034302856,0.18573105517151428,1.0,0.9999919316190464,0.4375,0.5625,0.171875,0.497675,7,9,['boundary_margin_error'],boundary_margin_error,Medium_Dice (25-75%)
20160330_172309_1281_721,0.8580508473086185,0.7513914654486475,0.7860074446291854,0.9446335024874265,24705,6726,1448,197521,26153,31431,0.21399255512074067,0.055366497151378424,4,2,6538.25,4491,0.1717202615378733,0.08586013076893664,0.5,0.9999902525819968,0.5,0.5,0.171875,0.49757500000000005,8,8,['high_quality'],high_quality,Medium_Dice (25-75%)
20160330_172309_1921_361,0.8877031285205847,0.7980811160062794,0.815962545526718,0.9732748298276328,14640,3302,402,212056,15042,17942,0.18403745401850408,0.02672516952532908,1,1,15042.0,1696,0.1127509639675575,0.05637548198377875,1.0,0.9999919612604312,0.5,0.5,0.1484375,0.498,8,8,['high_quality'],high_quality,High_Dice (>75%)
20160330_172309_1921_721,0.7551404349715277,0.6066069267453926,0.6390095892122379,0.9228563695305078,17059,9637,1426,202278,18485,26696,0.36099041054839676,0.07714362997024614,1,3,18485.0,2827,0.15293481200973763,0.07646740600486882,3.0,0.9999919791999793,0.4375,0.5625,0.1640625,0.4976,7,9,['boundary_margin_error'],boundary_margin_error,Medium_Dice (25-75%)
20160330_172309_1_721,0.8819017596842915,0.7887515854020808,0.8976525314701607,0.8666942016280168,16787,1914,2582,209117,19369,18701,0.10234746804983691,0.13330579792451855,1,1,19369.0,3466,0.17894573803500438,0.08947286901750219,1.0,0.9999870599750427,0.375,0.625,0.171875,0.49742499999999995,6,10,['high_quality'],high_quality,High_Dice (>75%)
20160330_172309_641_361,0.7500496312288076,0.6000635304953509,0.6000635304953509,0.9999999947061938,1889,1259,0,227252,1889,3148,0.39993646759847523,0.0,1,2,1889.0,624,0.33033350979354154,0.16516675489677077,2.0,0.9999895550603942,0.4375,0.5625,0.140625,0.49858749999999996,7,9,['boundary_margin_error'],boundary_margin_error,Medium_Dice (25-75%)
20160330_172309_641_721,0.8506490340274805,0.7401125149859744,0.8548013188184278,0.8465368942486785,26180,4447,4746,195027,30926,30627,0.14519868090247168,0.15346310547759168,3,2,10308.666666666666,6929,0.2240509603569812,0.1120254801784906,0.6666666666666666,0.9999864682013367,0.3125,0.6875,0.1796875,0.49677499999999997,5,11,['high_quality'],high_quality,Medium_Dice (25-75%)
20160402_150314_1281_1081,0.8225931661052152,0.6986482007957526,0.7246921999839527,0.9510771950131184,2119,805,109,227367,2228,2924,0.2753077975376197,0.048922800718132854,1,1,2228.0,838,0.3761220825852783,0.18806104129263915,1.0,0.9999897071069082,0.375,0.625,0.15625,0.49924999999999997,6,10,['boundary_margin_error'],boundary_margin_error,Medium_Dice (25-75%)
20160402_150314_1281_361,0.8291954738928383,0.7082270826624251,0.7293711116387407,0.9606772238108917,5277,1958,216,222949,5493,7235,0.27062888735314444,0.03932277444019661,1,1,5493.0,1826,0.3324230839249954,0.1662115419624977,1.0,0.9999935368913142,0.4375,0.5625,0.15625,0.4986125,7,9,['boundary_margin_error'],boundary_margin_error,Medium_Dice (25-75%)
20160402_150314_1281_721,0.8510066048922175,0.7406540442405136,0.82855822487018,0.8747052598790916,10758,2226,1541,215875,12299,12984,0.17144177449168208,0.12529473940970812,3,2,4099.666666666667,3719,0.30238230750467515,0.15119115375233758,0.6666666666666666,0.9999955180819976,0.4375,0.5625,0.1640625,0.49846250000000003,7,9,['high_quality'],high_quality,Medium_Dice (25-75%)
20160402_150314_1921_1,0.849604466798695,0.7385324805933723,0.790115976466924,0.9187801923120167,9129,2425,807,218039,9936,11554,0.20988402284922972,0.08121980676328502,2,1,4968.0,2878,0.2896537842190016,0.1448268921095008,0.5,0.9999882959072648,0.375,0.625,0.171875,0.4986125,6,10,['boundary_margin_error'],boundary_margin_error,Medium_Dice (25-75%)
20160402_150314_1921_361,0.8363693454202743,0.7187584326079394,0.7486646028994529,0.9473496942463546,2663,894,148,226695,2811,3557,0.25133539499578295,0.05265030238349342,1,1,2811.0,1008,0.35859124866595515,0.17929562433297758,1.0,0.9999873166793316,0.4375,0.5625,0.140625,0.499625,7,9,['boundary_margin_error'],boundary_margin_error,Medium_Dice (25-75%)
20160402_150314_1_361,0.8949975069145757,0.8099506675460381,0.8891163647836757,0.9009569695171796,26926,3358,2960,197156,29886,30284,0.11088363492273147,0.09904303018135582,1,1,29886.0,5157,0.172555711704477,0.0862778558522385,1.0,0.9999888322998812,0.375,0.625,0.203125,0.497775,6,10,['high_quality'],high_quality,High_Dice (>75%)
20160402_150314_1_721,0.7853154796258138,0.6465180600012056,0.7210125197595604,0.8622111306691862,7947,3075,1270,218108,9217,11022,0.278987479586282,0.1377888683953564,2,2,4608.5,3065,0.3325377020722578,0.1662688510361289,1.0,0.9999916679341979,0.4375,0.5625,0.15625,0.4984125,7,9,['boundary_margin_error'],boundary_margin_error,Medium_Dice (25-75%)
20160402_150314_641_361,0.8770355798703156,0.7810003274805731,0.8967077143796083,0.8582080566948791,7136,822,1179,221263,8315,7958,0.10329228449359136,0.1417919422730006,1,1,8315.0,1802,0.21671677690920024,0.10835838845460012,1.0,0.9999946662984447,0.4375,0.5625,0.1640625,0.4988,7,9,['high_quality'],high_quality,High_Dice (>75%)
20160402_150314_641_721,0.8493293291592934,0.7381167789205523,0.8661140823706202,0.8331827641175291,21212,3279,4247,201662,25459,24491,0.13388591727573396,0.16681723555520642,1,1,25459.0,7162,0.28131505557955927,0.14065752778977963,1.0,0.99999101832501,0.4375,0.5625,0.1484375,0.49729999999999996,7,9,['boundary_margin_error'],boundary_margin_error,Medium_Dice (25-75%)
20160402_151049_1281_721,0.9346099443838252,0.8772467318021735,0.8999240457557622,0.9720768379290811,34360,3821,987,191232,35347,38181,0.10007595400853828,0.02792316179590913,2,1,17673.5,3596,0.10173423487141765,0.05086711743570883,0.5,0.9999920668585661,0.4375,0.5625,0.1640625,0.497625,7,9,['high_quality'],high_quality,High_Dice (>75%)
20160402_151049_1921_1081,0.9240116653370026,0.8587562109829061,0.9049508087882414,0.9438927502240468,17109,1797,1017,210477,18126,18906,0.0950491907331006,0.05610724925521351,1,1,18126.0,1926,0.10625620655412116,0.05312810327706058,1.0,0.9999910771097636,0.4375,0.5625,0.1640625,0.49829999999999997,7,9,['high_quality'],high_quality,High_Dice (>75%)
20160402_151049_1921_721,0.9366935752282712,0.8809253413750051,0.9219527222247864,0.9519134619798594,20944,1773,1058,206625,22002,22717,0.07804727736937096,0.04808653758749205,1,1,22002.0,2377,0.10803563312426143,0.05401781656213071,1.0,0.9999879618539094,0.5625,0.4375,0.1484375,0.4980875,9,7,['high_quality'],high_quality,High_Dice (>75%)
20160402_151049_1_361,0.8881413909372593,0.7987898674328138,0.8343569232184685,0.9493377748641676,23367,4639,1247,201147,24614,28006,0.16564307648361065,0.0506622247501422,2,1,12307.0,4093,0.16628747867067523,0.08314373933533761,0.5,0.9999904181739903,0.5,0.5,0.1640625,0.49797499999999995,8,8,['high_quality'],high_quality,High_Dice (>75%)
20160402_151049_1_721,0.8288854803607143,0.7077749156555747,0.750984297211087,0.9248188917204844,16213,5376,1318,207493,17531,21589,0.24901570244105795,0.07518110775198221,1,2,17531.0,4794,0.2734584450402145,0.13672922252010725,2.0,0.999993698366398,0.4375,0.5625,0.171875,0.4977,7,9,['boundary_margin_error'],boundary_margin_error,Medium_Dice (25-75%)
20160402_151049_641_361,0.8169687297013171,0.690572388247231,0.6966711932857635,0.9874819403587772,2051,893,26,227430,2077,2944,0.3033288043478261,0.012518054886856042,1,1,2077.0,517,0.24891670678863745,0.12445835339431872,1.0,0.999990754503565,0.4375,0.5625,0.1796875,0.498725,7,9,['boundary_margin_error'],boundary_margin_error,Medium_Dice (25-75%)
20160402_151049_641_721,0.9311854973017593,0.8712320940172176,0.9011885551209715,0.9632481536719665,39655,4348,1513,184884,41168,44003,0.09881144467422676,0.03675184609405363,1,1,41168.0,4241,0.10301690633501749,0.051508453167508746,1.0,0.999988636998091,0.375,0.625,0.1640625,0.49722500000000003,6,10,['high_quality'],high_quality,High_Dice (>75%)
20160402_151054_1281_1081,0.9283174133935878,0.866224220674515,0.9155362313533123,0.9414605061451801,15793,1457,982,212168,16775,17250,0.08446376811594203,0.058539493293591656,1,1,16775.0,2057,0.12262295081967213,0.061311475409836065,1.0,0.9999915227149875,0.375,0.625,0.1796875,0.49785,6,10,['high_quality'],high_quality,High_Dice (>75%)
20160402_151054_1281_361,0.9246069931628113,0.859785201581466,0.8683338341844926,0.9886792435871712,5764,874,66,223696,5830,6638,0.13166616450738175,0.011320754716981131,1,3,5830.0,732,0.12555746140651802,0.06277873070325901,3.0,0.9999857393459374,0.375,0.625,0.1640625,0.49898750000000003,6,10,['high_quality'],high_quality,High_Dice (>75%)
20160402_151054_1281_721,0.9538418726501975,0.9117568823620701,0.9374615400010343,0.9708048144982758,41133,2744,1237,185286,42370,43877,0.06253845978530893,0.029195185272598536,1,1,42370.0,4055,0.09570450790653764,0.04785225395326882,1.0,0.999989146412319,0.3125,0.6875,0.1640625,0.4969875,5,11,['high_quality'],high_quality,High_Dice (>75%)
20160402_151054_1921_361,0.841656179723871,0.7266030732768399,0.7480087284517137,0.962107921575954,13711,4619,540,211530,14251,18330,0.2519912711402073,0.0378920777489299,3,1,4750.333333333333,3394,0.23815872570345942,0.11907936285172971,0.3333333333333333,0.9999917235550462,0.375,0.625,0.1796875,0.49812500000000004,6,10,['boundary_margin_error'],boundary_margin_error,Medium_Dice (25-75%)
20160402_151054_1_361,0.889092417696907,0.8003297770762109,0.9257918845591379,0.8551916270077266,56789,4552,9616,159443,66405,61341,0.07420811528993658,0.1448083728634892,1,1,66405.0,5533,0.08332203900308711,0.04166101950154356,1.0,0.9999836656255554,0.375,0.625,0.1875,0.497275,6,10,['high_quality'],high_quality,High_Dice (>75%)
20160402_151054_1_721,0.5551948041933716,0.3842696619618735,0.5794427689027004,0.5328947349969019,1539,1117,1349,226395,2888,2656,0.42055722891566266,0.46710526315789475,1,2,2888.0,396,0.1371191135734072,0.0685595567867036,2.0,0.9999869561882636,0.4375,0.5625,0.1484375,0.49915,7,9,['moderate_general_error'],moderate_general_error,Low_Dice (<25%)
20160402_151054_641_361,0.9185889325781237,0.8494354831859391,0.9143229158729836,0.922894943553058,10533,987,880,218000,11413,11520,0.08567708333333333,0.07710505563830719,1,1,11413.0,1572,0.13773766757206693,0.06886883378603346,1.0,0.9999869330798459,0.4375,0.5625,0.171875,0.498725,7,9,['high_quality'],high_quality,High_Dice (>75%)
20160402_151054_641_721,0.9241913533080306,0.8590666715217894,0.8709651957734333,0.9843464295659161,22072,3270,351,204707,22423,25342,0.12903480388288216,0.015653569995094322,1,1,22423.0,2562,0.11425768184453464,0.05712884092226732,1.0,0.9999934420739423,0.4375,0.5625,0.1875,0.49812500000000004,7,9,['high_quality'],high_quality,High_Dice (>75%)
20160405_171348_1281_361,0.5473113786008517,0.37675753120012184,0.37675753120012184,0.9999999923838538,1313,2172,0,226915,1313,3485,0.6232424677187949,0.0,1,3,1313.0,228,0.17364813404417365,0.08682406702208682,3.0,0.9999863833230573,0.375,0.625,0.1953125,0.4982,6,10,"['thin_low_area_failure', 'over_segmentation']",thin_low_area_failure,Low_Dice (<25%)
20160405_171348_1281_721,0.8808537063380538,0.7870764629491129,0.8340773807521895,0.9331883238182581,34751,6913,2488,186248,37239,41664,0.16592261904761904,0.06681167593114745,2,1,18619.5,4149,0.11141545154273745,0.055707725771368725,0.5,0.9999774801250606,0.5,0.5,0.171875,0.49741250000000004,8,8,['high_quality'],high_quality,High_Dice (>75%)
20160405_171348_1921_721,0.841891397241158,0.7269537547995132,0.8715999057062527,0.8141413646358143,33357,4914,7615,184514,40972,38271,0.12840009406600297,0.18585863516547887,4,1,10243.0,5734,0.13994923362296202,0.06997461681148101,0.25,0.9999787205560416,0.375,0.625,0.1875,0.49745,6,10,['boundary_margin_error'],boundary_margin_error,Medium_Dice (25-75%)
20160405_171348_1_721,0.7412030952522018,0.588818650932974,0.7878278410874171,0.6997886319211991,30459,8203,13067,178671,43526,38662,0.21217215870880968,0.300211367918026,5,2,8705.2,8064,0.18526857510453523,0.09263428755226762,0.4,0.9999690118813878,0.1875,0.8125,0.2109375,0.49731250000000005,3,13,"['complex_topology', 'boundary_margin_error']",complex_topology,Medium_Dice (25-75%)
20160405_171348_641_721,0.8231946623649928,0.6995164247124713,0.8233793178489851,0.8230100894554343,29365,6299,6315,188421,35680,35664,0.17662068192014357,0.17698991031390135,3,1,11893.333333333334,4812,0.13486547085201794,0.06743273542600897,0.3333333333333333,0.9999735172311608,0.375,0.625,0.203125,0.49755,6,10,['boundary_margin_error'],boundary_margin_error,Medium_Dice (25-75%)
20160407_163130_1281_721,0.8924751993969331,0.8058286359916859,0.9417862426891762,0.8480709979086444,18443,1140,3304,207513,21747,19583,0.058213756829903485,0.1519290017013841,2,1,10873.5,4406,0.2026026578378627,0.10130132891893134,0.5,0.9999893374333635,0.5,0.5,0.171875,0.49848750000000003,8,8,['high_quality'],high_quality,High_Dice (>75%)
20160407_163130_1921_721,0.8945342136027724,0.8091921293359133,0.9459170326007863,0.8484460787630225,15916,910,2843,210731,18759,16826,0.054082966837037914,0.15155392078469002,1,1,18759.0,3963,0.2112585958739805,0.10562929793699025,1.0,0.9999861669066773,0.5,0.5,0.1484375,0.49848750000000003,8,8,['high_quality'],high_quality,High_Dice (>75%)
20160407_163130_1_361,0.7629195511225013,0.6167097312181747,0.6935744246252036,0.8476716620060313,2148,949,386,226917,2534,3097,0.30642557313529223,0.15232833464877663,2,3,1267.0,693,0.27348066298342544,0.13674033149171272,1.5,0.999992383336148,0.4375,0.5625,0.1640625,0.4983375,7,9,['boundary_margin_error'],boundary_margin_error,Medium_Dice (25-75%)
20160407_163130_1_721,0.8636877661542934,0.7600796158211292,0.9029343998405879,0.8277107759530313,14893,1601,3100,210806,17993,16494,0.09706559961198011,0.17228922358695048,4,2,4498.25,3803,0.21135997332295892,0.10567998666147946,0.5,0.9999913594778725,0.375,0.625,0.15625,0.49778749999999994,6,10,['high_quality'],high_quality,High_Dice (>75%)
20160407_163130_641_721,0.8728036572660808,0.7743137767366861,0.930204382148017,0.8220753219952166,17659,1325,3822,207594,21481,18984,0.06979561736198904,0.17792467762208464,1,1,21481.0,3919,0.1824402960756017,0.09122014803780085,1.0,0.9999910826691543,0.5625,0.4375,0.203125,0.498475,9,7,['high_quality'],high_quality,High_Dice (>75%)
20160407_163257_1281_1,0.8884076228979337,0.7992206866459648,0.8072271908356157,0.987741878129987,11281,2694,140,216285,11421,13975,0.19277280858676207,0.012258121005165922,2,1,5710.5,2159,0.18903773750109448,0.09451886875054724,0.5,0.9999867358872631,0.5,0.5,0.15625,0.49843750000000003,8,8,['high_quality'],high_quality,High_Dice (>75%)
20160407_163257_1281_361,0.8917233159675789,0.8046035153632203,0.8552224755644425,0.9314787694498692,12724,2154,936,214586,13660,14878,0.14477752386073398,0.06852122986822841,1,1,13660.0,3222,0.23587115666178624,0.11793557833089312,1.0,0.999988523356333,0.5,0.5,0.1484375,0.49853749999999997,8,8,['high_quality'],high_quality,High_Dice (>75%)
20160407_163257_1281_721,0.8785845824266084,0.7834604096381697,0.8167033494537743,0.9506120111719157,6679,1499,347,221875,7026,8178,0.18329664954756664,0.049387987475092515,1,1,7026.0,1974,0.28095644748078563,0.14047822374039282,1.0,0.9999923953730203,0.375,0.625,0.15625,0.49860000000000004,6,10,['high_quality'],high_quality,High_Dice (>75%)
20160407_163257_1921_1081,0.7692514081236576,0.6250272502452286,0.6483491625414415,0.9455804733747024,5734,3110,330,221226,6064,8844,0.3516508367254636,0.05441952506596306,3,1,2021.3333333333333,2190,0.3611477572559367,0.18057387862796834,0.3333333333333333,0.9999877520586933,0.375,0.625,0.15625,0.49893750000000003,6,10,['boundary_margin_error'],boundary_margin_error,Medium_Dice (25-75%)
20160407_163257_1921_721,0.8602662923193649,0.7547958672469308,0.7975571715208457,0.9336781245304562,6138,1558,436,222268,6574,7696,0.20244282744282743,0.06632187404928507,1,1,6574.0,2038,0.31000912686340126,0.15500456343170063,1.0,0.9999912963574774,0.4375,0.5625,0.1640625,0.49901249999999997,7,9,['high_quality'],high_quality,Medium_Dice (25-75%)
20160407_163257_1_1,0.86864524275126,0.7677920980892462,0.7863548312028447,0.9701717109486886,10961,2978,337,216124,11298,13939,0.21364516823301527,0.02982828819260046,1,1,11298.0,3246,0.2873074880509825,0.14365374402549125,1.0,0.999988574489967,0.375,0.625,0.171875,0.4982749999999999,6,10,['high_quality'],high_quality,High_Dice (>75%)
20160407_163257_641_361,0.8434100228092518,0.7292212793144015,0.7614523784224682,0.9451384021733403,9458,2963,549,217430,10007,12421,0.2385476209644956,0.05486159688218247,2,1,5003.5,3413,0.341061257120016,0.170530628560008,0.5,0.9999899959991825,0.4375,0.5625,0.1796875,0.49810000000000004,7,9,['boundary_margin_error'],boundary_margin_error,Medium_Dice (25-75%)
20160407_165001_1281_1081,0.5054633173652169,0.3382073677001449,0.3452219419022854,0.9433262686882249,3562,6756,214,219868,3776,10318,0.6547780577631324,0.056673728813559324,2,3,1888.0,1841,0.4875529661016949,0.24377648305084745,1.5,0.9999938326225637,0.375,0.625,0.171875,0.498525,6,10,"['false_crack_high_fp', 'thin_low_area_failure', 'over_segmentation']",false_crack_high_fp,Low_Dice (<25%)
20160407_165001_1281_361,0.7698082301338265,0.6257627867381766,0.6676136359685052,0.9089443989452503,11280,5616,1130,212374,12410,16896,0.33238636363636365,0.09105560032232071,2,2,6205.0,2498,0.20128928283642225,0.10064464141821113,1.0,0.9999929131839491,0.4375,0.5625,0.1875,0.49800000000000005,7,9,['boundary_margin_error'],boundary_margin_error,Medium_Dice (25-75%)
20160407_165001_1281_721,0.7719630996017216,0.6286155565450497,0.7144909021473175,0.8394899665488657,4477,1789,856,223278,5333,6266,0.2855090967124162,0.1605100318769923,1,2,5333.0,1172,0.21976373523345208,0.10988186761672604,2.0,0.9999955701640807,0.4375,0.5625,0.15625,0.4981499999999999,7,9,['boundary_margin_error'],boundary_margin_error,Medium_Dice (25-75%)
20160407_165001_1921_361,0.6789456963279923,0.5139423068686823,0.5724741153650944,0.8340702188970865,3207,2395,638,224160,3845,5602,0.42752588361299537,0.1659297789336801,1,1,3845.0,1108,0.2881664499349805,0.14408322496749024,1.0,0.9999897683529454,0.4375,0.5625,0.1640625,0.4989625,7,9,['moderate_general_error'],moderate_general_error,Low_Dice (<25%)
20160407_165001_1921_721,0.6468250021629609,0.47800543403245543,0.4804399169763508,0.989510488006217,6509,7039,69,216783,6578,13548,0.5195600826690286,0.01048951048951049,2,1,3289.0,2875,0.4370629370629371,0.21853146853146854,0.5,0.9999932074859808,0.4375,0.5625,0.171875,0.498075,7,9,['over_segmentation'],over_segmentation,Low_Dice (<25%)
20160407_165001_1_1081,0.4860570178485301,0.32105371442575253,0.37396619876067816,0.694104559078744,3120,5223,1375,220682,4495,8343,0.6260338007910824,0.30589543937708563,2,2,2247.5,2332,0.5187986651835372,0.2593993325917686,1.0,0.999989301983739,0.4375,0.5625,0.140625,0.4982875,7,9,['thin_low_area_failure'],thin_low_area_failure,Low_Dice (<25%)
20160407_165001_1_721,0.8833032080650408,0.7909964588816406,0.8853034415277947,0.8813119922896123,15638,2026,2106,210630,17744,17664,0.1146965579710145,0.11868800721370604,1,1,17744.0,3895,0.2195108205590622,0.1097554102795311,1.0,0.999993385689602,0.375,0.625,0.203125,0.4978875,6,10,['high_quality'],high_quality,High_Dice (>75%)
20160407_165001_641_1081,0.408977555701768,0.2570532912137263,0.26002029393706205,0.9574964924918425,2050,5834,91,222425,2141,7884,0.7399797057331304,0.0425035030359645,2,4,1070.5,1225,0.572162540868753,0.2860812704343765,2.0,0.9999925422797081,0.375,0.625,0.171875,0.498325,6,10,"['false_crack_high_fp', 'thin_low_area_failure', 'over_segmentation']",false_crack_high_fp,Low_Dice (<25%)
20160407_165001_641_361,0.8745052667373484,0.7769963207222482,0.8317118364421405,0.9219411985351513,14362,2906,1216,211916,15578,17268,0.16828816307621033,0.07805880087302607,1,1,15578.0,3166,0.2032353318782899,0.10161766593914495,1.0,0.9999943022063864,0.5,0.5,0.1875,0.49768749999999995,8,8,['high_quality'],high_quality,High_Dice (>75%)
20160407_165001_641_721,0.6388682039243777,0.4693654249840794,0.4912213721709108,0.9134137621475248,1287,1333,122,227658,1409,2620,0.5087786259541984,0.08658623136976579,2,3,704.5,474,0.33640880056777855,0.16820440028388928,1.5,0.9999928991896265,0.375,0.625,0.1484375,0.4987875,6,10,['moderate_general_error'],moderate_general_error,Low_Dice (<25%)
IMG_2931_1297_485,0.7343998037191357,0.5802778838666965,0.6001995996004,0.9458949325388646,3007,2003,172,308450,3179,5010,0.3998003992015968,0.054105064485687325,8,2,397.375,1061,0.33375275243787356,0.16687637621893678,0.25,0.9999865630938041,0.375,0.625,0.1953125,0.49935000000000007,6,10,"['complex_topology', 'boundary_margin_error']",complex_topology,Medium_Dice (25-75%)
IMG_2931_1297_969,0.885160871673085,0.7939808077973388,0.805576043070087,0.9821942437210484,10922,2636,198,299876,11120,13558,0.19442395633574275,0.017805755395683454,1,1,11120.0,2558,0.23003597122302158,0.11501798561151079,1.0,0.9999877490553564,0.375,0.625,0.171875,0.49893750000000003,6,10,['high_quality'],high_quality,High_Dice (>75%)
IMG_2931_1945_485,0.840026723450355,0.7241776517033436,0.7349006354917513,0.9802494785511964,5658,2041,114,305819,5772,7699,0.2650993635537083,0.01975051975051975,2,1,2886.0,1530,0.26507276507276506,0.13253638253638253,0.5,0.9999878136720112,0.375,0.625,0.171875,0.4990874999999999,6,10,['boundary_margin_error'],boundary_margin_error,Medium_Dice (25-75%)
IMG_2931_1945_969,0.8211663324102395,0.6965921953087695,0.7133368469021225,0.9674006277274798,6766,2719,228,303919,6994,9485,0.2866631523458092,0.03259937088933371,1,1,6994.0,1920,0.2745210180154418,0.1372605090077209,1.0,0.99999007558666,0.4375,0.5625,0.1640625,0.4988625,7,9,['boundary_margin_error'],boundary_margin_error,Medium_Dice (25-75%)
IMG_2931_1_485,0.8795641644359408,0.7850196651315989,0.8032105422530357,0.9719591154428431,18163,4450,524,290495,18687,22613,0.1967894573917658,0.028040884037031092,1,1,18687.0,3905,0.20896880184085193,0.10448440092042596,1.0,0.9999718795056991,0.4375,0.5625,0.1796875,0.4983625,7,9,['high_quality'],high_quality,High_Dice (>75%)
IMG_2931_649_485,0.8459838832707357,0.7330780489170639,0.7434608790728379,0.981305592506177,13018,4492,248,295874,13266,17510,0.25653912050256994,0.01869440675410825,2,2,6633.0,3277,0.2470224634403739,0.12351123172018695,1.0,0.9999861026848819,0.375,0.625,0.1875,0.4988875,6,10,['boundary_margin_error'],boundary_margin_error,Medium_Dice (25-75%)
IMG_2931_649_969,0.6419232377859063,0.4726708059854944,0.47296457279998577,0.9986876574889262,1522,1696,2,310412,1524,3218,0.5270354257302673,0.0013123359580052493,1,2,1524.0,436,0.28608923884514437,0.14304461942257218,2.0,0.9999830099225885,0.4375,0.5625,0.171875,0.49913749999999996,7,9,['over_segmentation'],over_segmentation,Low_Dice (<25%)
IMG_2941_1297_485,0.8323614594198256,0.7128588432908726,0.714939630678692,0.9959338314426266,10777,4297,44,298514,10821,15074,0.28506036884702135,0.004066167637002125,1,1,10821.0,2685,0.24812863875797062,0.12406431937898531,1.0,0.9999884341614755,0.5,0.5,0.1875,0.499275,8,8,['boundary_margin_error'],boundary_margin_error,Medium_Dice (25-75%)
IMG_2941_1297_969,0.6851436718394514,0.5210787347374677,0.5248204802530747,0.9865023454880627,5043,4566,69,303954,5112,9609,0.4751795192007493,0.013497652582159625,2,1,2556.0,2222,0.43466353677621283,0.21733176838810642,0.5,0.9999943043010169,0.4375,0.5625,0.171875,0.49865000000000004,7,9,['moderate_general_error'],moderate_general_error,Low_Dice (<25%)
IMG_2941_1945_485,0.848971584204711,0.7375765641877089,0.7489453754737991,0.9798344293640172,13848,4642,285,294857,14133,18490,0.25105462412114654,0.02016556994268733,1,1,14133.0,3879,0.2744640203778391,0.13723201018891956,1.0,0.9999935826730093,0.4375,0.5625,0.1875,0.4987625,7,9,['boundary_margin_error'],boundary_margin_error,Medium_Dice (25-75%)
IMG_2941_1_485,0.7075111915872068,0.547402180182935,0.6006475216770164,0.8606292842665808,4267,2837,691,305837,4958,7104,0.3993524774774775,0.13937071399757966,3,3,1652.6666666666667,1490,0.30052440500201694,0.15026220250100847,1.0,0.9999868067637019,0.4375,0.5625,0.1875,0.49883750000000004,7,9,['boundary_margin_error'],boundary_margin_error,Medium_Dice (25-75%)
IMG_2941_1_969,0.8167382318655358,0.6902430669700492,0.7022151012104938,0.9758954492004884,10081,4275,249,299027,10330,14356,0.2977848983003622,0.02410454985479187,3,2,3443.3333333333335,2424,0.2346563407550823,0.11732817037754115,0.6666666666666666,0.9999868368955303,0.375,0.625,0.1953125,0.49870000000000003,6,10,['boundary_margin_error'],boundary_margin_error,Medium_Dice (25-75%)
IMG_2941_649_969,0.8416258364358479,0.7265578453910653,0.7457046770127149,0.9658667926143448,12196,4159,431,296846,12627,16355,0.25429532253133597,0.034133206620733346,1,1,12627.0,3828,0.30315989546210503,0.15157994773105252,1.0,0.9999904794992667,0.5,0.5,0.1875,0.4983375,8,8,['boundary_margin_error'],boundary_margin_error,Medium_Dice (25-75%)
IMG_2942_1297_485,0.5080241764756023,0.34050429535481996,0.3405994548029068,0.9991801578209056,4875,9438,4,299315,4879,14313,0.659400544959128,0.000819840131174421,3,1,1626.3333333333333,2380,0.4878048780487805,0.24390243902439024,0.3333333333333333,0.9999756855461474,0.375,0.625,0.1640625,0.4985125,6,10,"['false_crack_high_fp', 'thin_low_area_failure', 'over_segmentation']",false_crack_high_fp,Low_Dice (<25%)
IMG_2942_1945_485,0.40854700827840434,0.25671321138832254,0.25724457670372197,0.9920178767815521,3107,8971,25,301529,3132,12078,0.7427554230832919,0.007982120051085569,3,1,1044.0,1994,0.6366538952745849,0.31832694763729247,0.3333333333333333,0.9999703819592783,0.3125,0.6875,0.171875,0.498825,5,11,"['false_crack_high_fp', 'thin_low_area_failure', 'over_segmentation']",false_crack_high_fp,Low_Dice (<25%)
IMG_2942_1_485,0.5589240194376462,0.3878518738613188,0.38849517461663513,0.9957487903463792,5153,8111,22,300346,5175,13264,0.6115048250904704,0.004251207729468599,5,1,1035.0,3132,0.6052173913043478,0.3026086956521739,0.2,0.9999738632334607,0.375,0.625,0.1640625,0.4979875,6,10,"['over_segmentation', 'complex_topology']",over_segmentation,Low_Dice (<25%)
IMG_2942_649_485,0.26112861629267914,0.1501713230428497,0.15047870574415403,0.986580082309177,2279,12866,31,298456,2310,15145,0.8495212941564872,0.01341991341991342,3,1,770.0,1534,0.664069264069264,0.332034632034632,0.3333333333333333,0.999972981784117,0.3125,0.6875,0.1796875,0.4982375,5,11,"['false_crack_high_fp', 'thin_low_area_failure', 'over_segmentation']",false_crack_high_fp,Low_Dice (<25%)
