image_id,cohort,category,bridge_events,n_neck_pixels,n_crack_pixels,n_bg_pixels,bottleneck_E_neck,bottleneck_E_crack,bottleneck_E_bg,bottleneck_C_neck_bg,bottleneck_C_neck_crack,bottleneck_C_crack_bg,bottleneck_diff_neck_bg,bottleneck_R_norm,S2_E_neck,S2_E_crack,S2_E_bg,S2_C_neck_bg,S2_C_neck_crack,S2_C_crack_bg,S2_diff_neck_bg,S2_R_norm,T1_E_neck,T1_E_crack,T1_E_bg,T1_C_neck_bg,T1_C_neck_crack,T1_C_crack_bg,T1_diff_neck_bg,T1_R_norm,T2_E_neck,T2_E_crack,T2_E_bg,T2_C_neck_bg,T2_C_neck_crack,T2_C_crack_bg,T2_diff_neck_bg,T2_R_norm,T3_E_neck,T3_E_crack,T3_E_bg,T3_C_neck_bg,T3_C_neck_crack,T3_C_crack_bg,T3_diff_neck_bg,T3_R_norm,T4_E_neck,T4_E_crack,T4_E_bg,T4_C_neck_bg,T4_C_neck_crack,T4_C_crack_bg,T4_diff_neck_bg,T4_R_norm,S0_E_neck,S0_E_crack,S0_E_bg,S0_C_neck_bg,S0_C_neck_crack,S0_C_crack_bg,S0_diff_neck_bg,S0_R_norm,Final_Head_E_neck,Final_Head_E_crack,Final_Head_E_bg,Final_Head_C_neck_bg,Final_Head_C_neck_crack,Final_Head_C_crack_bg,Final_Head_diff_neck_bg,Final_Head_R_norm,emergence_stage_50,emergence_stage_70
20160222_080850_1281_721,Consensus_7of7,moderate_general_error,1,21,1974,153,19.440824508666992,19.454086303710938,19.441234588623047,0.9999788552556661,0.9993182514894227,1.0006610030020628,-0.0004100799560546875,-0.03190857821311962,12.11752986907959,13.482821464538574,11.855706214904785,1.0220841025700809,0.8987383688356154,1.1372431201394895,0.2618236541748047,0.16091278981850407,3.431730031967163,4.004642009735107,3.3111283779144287,1.0364228153865425,0.8569378153370428,1.2094489682120182,0.12060165405273438,0.17389947150154686,17.438663482666016,16.76420783996582,16.283784866333008,1.0709219358331612,1.040231820608933,1.0295030883835246,1.1548786163330078,2.4038788311894552,11.530021667480469,12.342925071716309,10.340411186218262,1.1150446867918595,0.9341400572674091,1.1936589034784324,1.189610481262207,0.5940585430529177,15.910676956176758,16.34650421142578,11.950899124145508,1.3313371202919644,0.9733381386656035,1.3678052733784822,3.95977783203125,0.9008493150328284,13.59339714050293,13.463037490844727,6.113287925720215,2.223581660489157,1.0096827064519538,2.2022576806736853,7.480109214782715,1.017736611091727,0.9576902985572815,0.9234752655029297,0.1791129857301712,5.346820320329466,1.037049174226171,5.155796526654887,0.7785773128271103,1.0459655654029072,T2,T2
20160222_080850_641_361,Consensus_7of7,boundary_margin_error,1,198,16294,370,19.436092376708984,19.431589126586914,19.425745010375977,1.0005326110167136,1.0002316974623662,1.0003007923715164,0.010347366333007812,1.7705613577023498,12.944239616394043,11.537567138671875,11.011281967163086,1.1755432727498927,1.1219209681637552,1.0477949911085047,1.932957649230957,3.672833197426837,3.9264883995056152,3.4422550201416016,3.2262091636657715,1.2170590880056475,1.1406729704387573,1.0669655247227756,0.7002792358398438,3.2413453665017955,16.23956298828125,16.4493350982666,16.39910316467285,0.9902713480694093,0.9872473205768191,1.003063029119722,-0.15954017639160156,-3.1760707776427703,11.45950698852539,10.249408721923828,6.1767354011535645,1.855268906470611,1.1180650690559404,1.6593566660882035,5.282771587371826,1.2971262783170385,15.505331993103027,13.991447448730469,7.407345294952393,2.09323708865466,1.1082006305437178,1.888860989024463,8.097986698150635,1.2299302940650556,13.046276092529297,11.542154312133789,4.49702262878418,2.901091292699412,1.130315416810783,2.5666207840794333,8.549253463745117,1.2134980363745838,0.940578818321228,0.8429347276687622,0.2852202355861664,3.2977166527878525,1.1158369344748373,2.955371558980953,0.6553585827350616,1.1750789912018371,bottleneck,bottleneck
20160222_115224_1281_1,Consensus_7of7,thin_low_area_failure,2,558,3473,16704,19.428316116333008,19.428672790527344,19.42255210876465,1.0002967173026165,0.9999815903958142,1.0003150812217336,0.005764007568359375,0.9417263945154254,9.096850395202637,9.617756843566895,8.22180461883545,1.1064297572740636,0.9458389931586102,1.1697864543931131,0.8750457763671875,0.6268450745408065,2.7080633640289307,2.905184745788574,2.5711863040924072,1.0532345736612287,0.9321480968831694,1.1299000820222482,0.13687705993652344,0.40981346871384,16.101551055908203,16.280935287475586,15.914337158203125,1.011763787839872,0.9889818848007298,1.0230356503442462,0.18721389770507812,0.5106788135460945,7.696338176727295,9.35515022277832,5.4923810958862305,1.4012750828992429,0.8226845289243346,1.7032955936888086,2.2039570808410645,0.5705640198626952,9.77683162689209,11.606804847717285,5.753071308135986,1.6994105241934312,0.8423361047962135,2.0174967784261915,4.0237603187561035,0.6873835803335715,6.963612079620361,8.764829635620117,3.8157222270965576,1.8249782977365159,0.7944947676821461,2.2970297146759804,3.1478898525238037,0.6360520378083483,0.7468899488449097,0.8217816948890686,0.1267949342727661,5.890488154282488,0.9088655109070304,6.481136004891406,0.6200950145721436,0.892240039252336,bottleneck,bottleneck
20160222_115224_1281_361,Consensus_7of7,false_crack_high_fp,1,18,515,106,19.44169807434082,19.440689086914062,19.442026138305664,0.9999830746062381,1.0000518493645159,0.999931177372499,-0.00032806396484375,0.24536376604850213,10.049549102783203,10.430032730102539,9.558460235595703,1.0513772933826095,0.9635202879333743,1.0911832430999568,0.4910888671875,0.563451543368603,3.20428729057312,3.001121759414673,2.864642381668091,1.1185641155469948,1.0676961748802543,1.0476423622639932,0.3396449089050293,2.488617068108924,14.921247482299805,16.849956512451172,17.039779663085938,0.8756713350556437,0.8855362081046104,0.9888599416630995,-2.118532180786133,11.160557464681176,10.897577285766602,10.844254493713379,6.783450603485107,1.6064944401118444,1.0049170542029497,1.5986337233012717,4.114126682281494,1.013131092634524,11.733585357666016,13.252735137939453,7.777285099029541,1.5086992053860724,0.8853707819682256,1.7040308109011375,3.9563002586364746,0.7225525263717173,7.9006524085998535,10.551216125488281,4.518447399139404,1.7485321753601597,0.7487906195688522,2.3351414453461268,3.382205009460449,0.5606389309585569,0.8610051274299622,0.9338309168815613,0.30783623456954956,2.7969492664976356,0.9220129574337136,3.033521653699047,0.5531688928604126,0.8836638848390395,S2,T1
20160222_115224_1281_721,Consensus_7of7,boundary_margin_error,1,30,1108,564,19.43097686767578,19.427745819091797,19.429466247558594,1.0000776974529435,1.000166259557223,0.999911401149354,0.0015106201171875,-0.8780487804878049,9.272767066955566,11.120704650878906,8.803511619567871,1.0533030924888627,0.8338290175158722,1.2632122121527416,0.4692554473876953,0.20251029631406978,2.973843812942505,3.3712961673736572,2.662374973297119,1.116988675817886,0.8821066981939237,1.2662735095218736,0.31146883964538574,0.4393560839313238,16.620159149169922,17.473621368408203,16.568626403808594,1.0031102000247456,0.951157052542161,1.0546209376638875,0.051532745361328125,0.056942576895029906,10.206472396850586,12.383870124816895,7.05400276184082,1.4469048701197593,0.8241746295628942,1.7555803119652982,3.1524696350097656,0.5914724364265417,11.79736328125,16.784130096435547,8.93157958984375,1.3208595234157077,0.702887937032106,1.8791892350521995,2.86578369140625,0.3649494121687696,6.967971324920654,13.671226501464844,4.51989221572876,1.5416229969046251,0.5096814696539905,3.02467909062329,2.4480791091918945,0.2675106200641849,0.7846640944480896,0.9110169410705566,0.12517009675502777,6.268732277578065,0.8613047658820133,7.278173353817511,0.6594939976930618,0.839214412405613,T3,Final_Head
20160222_115224_641_1,Consensus_7of7,boundary_margin_error,1,97,2863,484,19.435453414916992,19.433746337890625,19.433109283447266,1.0001205741868155,1.0000877894004025,1.0000327304499423,0.0023441314697265625,3.679640718562874,11.366446495056152,11.713854789733887,10.891963958740234,1.0435625287184909,0.9703420205170866,1.0754583616553164,0.47448253631591797,0.5773060343577218,3.4056384563446045,3.5453925132751465,3.3288135528564453,1.0230784569907136,0.9605812284567984,1.065061587835482,0.07682490348815918,0.3547200676355518,16.312822341918945,16.574567794799805,16.205259323120117,1.0066374755267193,0.9842079479640531,1.0227893575490912,0.10756301879882812,0.29125521629550055,9.641236305236816,11.857011795043945,7.91422176361084,1.2182164431315592,0.8131252341455438,1.498190302345523,1.7270145416259766,0.43801838998721676,12.389976501464844,15.642243385314941,9.515548706054688,1.3020767989453281,0.7920843196323316,1.6438612448592305,2.8744277954101562,0.46916452441159007,9.632035255432129,12.704357147216797,4.651966571807861,2.0705293204975845,0.7581677990983169,2.730964253536185,4.980068683624268,0.6184584114477529,0.87123042345047,0.9150879979133606,0.14791548252105713,5.8900158292125635,0.9520717934945131,6.18651811019837,0.7233149409294128,0.942832187568055,bottleneck,bottleneck
20160222_115224_641_361,Consensus_7of7,boundary_margin_error,1,21,3090,248,19.428421020507812,19.43242073059082,19.430301666259766,0.9999031592155678,0.9997941218990368,1.000109008303547,-0.001880645751953125,-0.8874887488748875,9.157841682434082,12.230403900146484,9.039880752563477,1.013048835493579,0.7487766559817164,1.3529384824838289,0.11796092987060547,0.03697228461105734,2.6279513835906982,3.763522148132324,2.7371344566345215,0.960110095107214,0.6982689570794425,1.3749857132609027,-0.10918307304382324,-0.10637605453402593,15.63988208770752,16.974239349365234,15.640810012817383,0.9999406088911181,0.9213892207136318,1.0852531454702143,-0.0009279251098632812,-0.0006958937263714399,8.998838424682617,12.573391914367676,7.164104461669922,1.2561007752927504,0.7157048607301219,1.7550539954554036,1.8347339630126953,0.3391821897166262,11.050908088684082,16.696857452392578,8.447102546691895,1.3082482092944043,0.6618555293017137,1.9766370046371107,2.6038055419921875,0.3156221695983871,8.177019119262695,13.064727783203125,4.702330112457275,1.7389288256627398,0.6258851029326846,2.778351305077696,3.47468900680542,0.4155134859181493,0.862493634223938,0.9176985621452332,0.14553803205490112,5.926201528525921,0.939843135816427,6.305515085458678,0.7169556021690369,0.9285058925313925,Final_Head,Final_Head
20160222_115837_1281_1081,Consensus_7of7,moderate_general_error,1,141,2563,2189,19.439979553222656,19.439624786376953,19.43708610534668,1.0001488107688308,1.0000181982333194,1.0001305587105989,0.0028934478759765625,1.1397445529676935,11.885669708251953,12.161788940429688,11.425783157348633,1.0402498020766076,0.9772960860588603,1.064416128726507,0.4598865509033203,0.6248409475509162,3.6824214458465576,3.7296433448791504,3.634890079498291,1.0130761459721171,0.9873384980802712,1.0260674290669358,0.0475313663482666,0.5016330166270784,16.89141082763672,17.447097778320312,16.539276123046875,1.0212907554526163,0.9681501229663415,1.0548887746737383,0.35213470458984375,0.3878897386334986,13.156373023986816,14.492358207702637,9.688966751098633,1.35787148455469,0.9078144445242741,1.4957587412817375,3.4674062728881836,0.7218662697417626,16.83906364440918,19.0654239654541,12.043564796447754,1.3981792376951896,0.8832251929826367,1.5830381373494422,4.795498847961426,0.6829386253042767,11.377924919128418,15.32312297821045,5.463061809539795,2.0827007332333576,0.742532980566357,2.8048593824425128,5.914863109588623,0.5998809752197585,0.9089142084121704,0.9770654439926147,0.07761618494987488,11.710218671279389,0.9302481054390201,12.588261795678404,0.8312980234622955,0.9242300386650205,bottleneck,bottleneck
20160222_115837_1281_361,Cured_by_D2,boundary_margin_error,1,45,2217,558,19.442420959472656,19.442855834960938,19.442052841186523,1.0000188826905394,0.9999775817158979,1.000041250465664,0.0003681182861328125,0.4584323040380047,12.527098655700684,13.213576316833496,11.671053886413574,1.0733475917659887,0.9480474783873805,1.132166410442949,0.8560447692871094,0.5549642276865094,3.841538429260254,4.015450954437256,3.52881121635437,1.0886208145212561,0.9566889288801427,1.1379044018912499,0.3127272129058838,0.6426257217256255,16.486539840698242,17.338287353515625,16.432371139526367,1.0032964018044346,0.9508747060003372,1.055129911025455,0.054168701171875,0.05979438311777178,10.899775505065918,14.756128311157227,9.38798713684082,1.161034222262432,0.73866088289322,1.5718094330829497,1.5117883682250977,0.2816223193715864,14.675735473632812,20.228424072265625,12.10301685333252,1.2125682744152861,0.7255006467979614,1.6713537332092596,2.572718620300293,0.3166264226493869,8.367851257324219,15.967881202697754,5.477227687835693,1.5277527622515144,0.524042647052499,2.915321253275514,2.8906235694885254,0.2755427548334708,0.7649021744728088,0.9649749994277954,0.10755685716867447,7.11154158894476,0.7926644547909741,8.971683006983874,0.6573453173041344,0.7666566461635209,S2,Final_Head
20160222_164851_1281_1081,Consensus_7of7,high_quality,1,46,6288,516,19.435352325439453,19.451326370239258,19.437423706054688,0.9998933819347688,0.9991787169844127,1.0007152009278388,-0.002071380615234375,-0.14899163122513376,13.133198738098145,13.216317176818848,12.463492393493652,1.0537333573710643,0.9937108476348206,1.0604023093331276,0.6697063446044922,0.8895912560774467,3.98026442527771,3.9137823581695557,3.7401912212371826,1.064187129922728,1.0169863942441737,1.0464120897173976,0.24007320404052734,1.3829807689666445,16.459516525268555,15.82198715209961,16.02200698852539,1.027306723168313,1.0402938219293474,0.9875158696357514,0.43750953674316406,-2.187330739596445,11.715667724609375,12.750750541687012,11.198470115661621,1.0461845731980708,0.9188217405308575,1.1386152993558605,0.5171976089477539,0.33318567977568125,14.44704818725586,17.864675521850586,13.394775390625,1.0785583697662429,0.8086935226386792,1.3337046473096832,1.0522727966308594,0.23541304408121988,10.345951080322266,14.698516845703125,5.799673557281494,1.7838847642464557,0.7038771656386251,2.5343692478829056,4.5462775230407715,0.510884097594569,0.8845056295394897,0.874826967716217,0.09031287580728531,9.793684764751728,1.0110623598929247,9.686517823495377,0.7941927537322044,1.0123371420897258,S2,S2
20160222_164851_641_361,Consensus_7of7,complex_topology,1,211,2383,3515,19.453556060791016,19.45322608947754,19.44894027709961,1.000237276858707,1.0000169108864028,1.0002203108291028,0.00461578369140625,1.0769915442812639,14.382030487060547,13.080497741699219,13.305586814880371,1.0809015495712508,1.0995016911100022,0.9830830417781753,1.0764436721801758,-4.782300877456858,4.329333782196045,3.9513115882873535,4.20391845703125,1.0298327136013592,1.095669776931655,0.9399113443238314,0.12541532516479492,-0.49648422383932195,15.880260467529297,16.01338005065918,15.85008430480957,1.0019037855090012,0.9916869159168354,1.0103024521767123,0.030176162719726562,0.18479454294858316,12.54239273071289,11.949280738830566,10.1189546585083,1.2394947812788266,1.0496357023665233,1.1808808282288774,2.42343807220459,1.3240471729375647,16.54743003845215,15.450236320495605,11.626336097717285,1.4232711385687475,1.0710146190765015,1.328899737779761,4.921093940734863,1.286930530096143,12.339913368225098,11.67548656463623,5.2896809577941895,2.3328270899241117,1.0569077565207077,2.2072190082114007,7.050232410430908,1.104047452192558,0.9050306081771851,0.853869616985321,0.07325185835361481,12.354884553559875,1.0599153901939964,11.656468241326792,0.8317787498235703,1.0655391074903815,bottleneck,bottleneck
20160222_164851_641_721,Other_Base_Bridge,high_quality,1,40,1655,710,19.44130516052246,19.446701049804688,19.441349029541016,0.9999976920831893,0.9997224779158745,1.0002752391297693,-4.38690185546875e-05,-0.00819672131147541,9.675225257873535,12.519225120544434,9.442410469055176,1.0246561791531053,0.7728293398260612,1.3258504103080704,0.23281478881835938,0.07566747275649867,2.9977149963378906,3.837369918823242,2.972421646118164,1.008509001992956,0.7811897936770631,1.2909906751769153,0.025293350219726562,0.029242616024450805,15.539312362670898,15.521483421325684,15.777545928955078,0.9849004051544307,1.0011485977024672,0.9837703852961157,-0.2382335662841797,0.9303726987981423,7.563735008239746,11.37873363494873,6.958797454833984,1.0869311788999345,0.6647254946089027,1.635157809038772,0.6049375534057617,0.13686567605373365,10.299702644348145,15.23243522644043,8.289069175720215,1.242564295633223,0.6761690967377854,1.8376530664510782,2.0106334686279297,0.2895761873910382,6.305062294006348,11.836336135864258,4.477442264556885,1.4081836265613374,0.5326869471216671,2.6435479885495887,1.827620029449463,0.24835526390391738,0.7760599851608276,0.8989661931991577,0.09389388561248779,8.265199750747804,0.8632795401565881,9.574176349809594,0.6821660995483398,0.8473351935222307,T2,T2
20160222_165225_1921_721,Consensus_7of7,moderate_general_error,1,62,6489,224,19.438928604125977,19.44139289855957,19.434391021728516,1.0002334306312433,0.9998731935350696,1.0003602313271867,0.0045375823974609375,0.6480523018251158,9.796097755432129,11.990750312805176,10.146843910217285,0.9654328850111847,0.8169711388285295,1.1817220445274752,-0.35074615478515625,-0.19021906659301693,2.740182638168335,3.516878843307495,2.9917995929718018,0.915897484814143,0.7791516231021685,1.175505764511573,-0.2516169548034668,-0.4791980537082796,15.112458229064941,15.30523681640625,15.135696411132812,0.9984646110822236,0.9874043389816093,1.0112012945732343,-0.023238182067871094,-0.13706574565745658,8.108591079711914,10.514456748962402,7.669685363769531,1.0572259014417726,0.7711849030457224,1.3709109147710585,0.4389057159423828,0.15428505722002883,12.093310356140137,14.697673797607422,10.066071510314941,1.201393129619108,0.8228043226339966,1.4601200003821124,2.0272388458251953,0.43769709056998257,10.329081535339355,11.866724967956543,4.861659526824951,2.124599502237369,0.870423869501221,2.4408789759136993,5.467422008514404,0.7804954935055114,0.9363948702812195,0.9015382528305054,0.1631740778684616,5.738590001078868,1.03866234037096,5.524975165369627,0.7732207924127579,1.0472078936556015,bottleneck,S0
20160222_165402_1281_361,Consensus_7of7,high_quality,1,36,8779,267,19.435699462890625,19.442176818847656,19.434619903564453,1.0000554968029232,0.9996667885656949,1.000388786347863,0.001079559326171875,0.14285714285714285,11.486491203308105,14.260225296020508,12.15523910522461,0.9449826662305865,0.8054915093818359,1.1731751222167242,-0.6687479019165039,-0.3176970494346328,3.4037346839904785,4.289322376251221,3.5154480934143066,0.9682218668354182,0.7935365057426077,1.2201349706035156,-0.11171340942382812,-0.1443560173808884,15.652986526489258,15.615832328796387,15.385991096496582,1.017353085086627,1.0023792004506324,1.0149382783286456,0.2669954299926758,1.1616515771391585,11.779271125793457,13.875584602355957,9.72214412689209,1.211591780625782,0.8489206483503974,1.4272143052025816,2.057126998901367,0.4952826484582331,14.73551082611084,19.593578338623047,11.644810676574707,1.265414266488615,0.7520581396306729,1.682601563925545,3.090700149536133,0.38882758698468256,11.712531089782715,16.699369430541992,5.5612473487854,2.1060974722232606,0.701375608050547,3.0028095102404846,6.1512837409973145,0.5522729680861242,0.8883939385414124,0.9588517546653748,0.13010498881340027,6.828232479102547,0.9265175849147438,7.369774161899439,0.7582889497280121,0.9149826955263833,T2,T2
20160222_165926_1281_361,Consensus_7of7,false_crack_high_fp,1,44,1312,701,19.436235427856445,19.43769073486328,19.433073043823242,1.0001626805942319,0.9999250781920661,1.0002375687464384,0.003162384033203125,0.6848409748038001,10.366731643676758,11.63430404663086,10.319923400878906,1.0045356187680858,0.8910486360918332,1.1273633017738012,0.04680824279785156,0.0356123950463929,3.029388427734375,3.5095667839050293,3.1712875366210938,0.9552547466911009,0.8631799168054911,1.1066690221900655,-0.14189910888671875,-0.41947329026546926,15.252346992492676,15.675406455993652,15.484559059143066,0.9850035735104223,0.9730111982933359,1.012324947956006,-0.23221206665039062,-1.2167421221479326,8.405854225158691,11.58164119720459,7.265495300292969,1.1569552688120892,0.7257912204529662,1.5940605732243756,1.1403589248657227,0.2642076871594392,11.816167831420898,15.48652458190918,8.940038681030273,1.3217131302552758,0.7629966947024022,1.7322657543422082,2.876129150390625,0.43933939428548785,7.850051403045654,11.366376876831055,4.647181510925293,1.689206607356302,0.6906379048902647,2.4458641015516975,3.2028698921203613,0.476674619162321,0.864925742149353,0.9587154984474182,0.09611108899116516,8.999135813486053,0.9021704993603912,9.974973060210411,0.7688146531581879,0.8912714156455727,bottleneck,Final_Head
20160222_165926_1921_721,Consensus_7of7,moderate_general_error,1,153,4885,6409,19.45088768005371,19.452354431152344,19.444477081298828,1.0003296359371583,0.9999245463561558,1.0004050687203114,0.0064105987548828125,0.8138014527845037,14.154006004333496,14.363053321838379,12.496438026428223,1.132643145331222,0.9854454134322229,1.1493716963258516,1.6575679779052734,0.8880072835474391,4.2274169921875,4.288656234741211,3.9886128902435303,1.0598712005010316,0.985720415691508,1.0752247153407373,0.23880410194396973,0.7958986803848791,16.003246307373047,16.001440048217773,15.87518310546875,1.0080668168037297,1.0001128185361452,1.0079530380189752,0.12806320190429688,1.0143062164816075,12.817852020263672,13.264124870300293,9.078784942626953,1.4118464849006913,0.9663548239514319,1.4610020496267269,3.7390670776367188,0.8933723764978135,17.3223876953125,17.898374557495117,10.967131614685059,1.5794819214748728,0.9678189866822066,1.6320012884251152,6.355256080627441,0.9168999172392158,11.24425220489502,12.325484275817871,5.196841239929199,2.163670106916351,0.9122766327874986,2.3717256954842236,6.04741096496582,0.848325681973489,0.8857852816581726,0.8962448835372925,0.054648272693157196,16.208546573559147,0.9883284240728291,16.399941652828513,0.8311370089650154,0.987571715778859,bottleneck,bottleneck
20160222_165926_1_721,Consensus_7of7,over_segmentation,1,55,1535,530,19.434911727905273,19.43584632873535,19.433574676513672,1.0000687496430838,0.9999518621023177,1.000116841710423,0.0013370513916015625,0.5885810243492863,10.867690086364746,11.05359172821045,10.349496841430664,1.05006931281822,0.9831816997046353,1.0680316956018086,0.518193244934082,0.7359707543170296,3.2932441234588623,3.3805737495422363,3.2084920406341553,1.0264146070293347,0.9741669294266605,1.0536328758481799,0.08475208282470703,0.49251069949554077,15.253532409667969,15.62903881072998,15.465476036071777,0.986295629555463,0.975973738271227,1.0105759281965057,-0.2119436264038086,-1.2957937822142407,9.31710433959961,10.78073501586914,7.563350200653076,1.2318751427006458,0.8642363866330575,1.425391302064388,1.7537541389465332,0.5450868452702508,13.31076431274414,14.786823272705078,9.605087280273438,1.3858034329659707,0.9001773516247442,1.5394781225565297,3.705677032470703,0.7151419983347579,9.869726181030273,10.959310531616211,4.827346324920654,2.0445444499257155,0.9005790329581723,2.2702552341821285,5.042379856109619,0.8223107125452218,0.8979105353355408,0.9020529985427856,0.13270048797130585,6.766393874420585,0.9954066350640445,6.79761027802369,0.7652100473642349,0.9946156499779694,bottleneck,S2
20160222_165926_641_361,Consensus_7of7,over_segmentation,1,44,3097,534,19.431760787963867,19.430654525756836,19.431591033935547,1.0000086845189022,1.0000568823941922,0.9999517534035773,0.0001697540283203125,-0.18126272912423624,12.001989364624023,11.931589126586914,11.776627540588379,1.01913627684349,1.005900239388901,1.0131583148321661,0.22536182403564453,1.4543076762119282,3.712477922439575,3.6502418518066406,3.626171827316284,1.0238006016903405,1.0170495698942694,1.0066375833796564,0.08630609512329102,3.585625563358658,15.345187187194824,15.666275978088379,15.5365629196167,0.987682171333892,0.9795043971619648,1.0083488253350474,-0.191375732421875,-1.475377534665549,10.725345611572266,11.642857551574707,8.567755699157715,1.2518265852048134,0.9211952171420698,1.3589155201756957,2.157589912414551,0.701632016096869,12.862122535705566,14.839120864868164,10.303672790527344,1.2483045171257583,0.8667711373242933,1.4401776654177922,2.5584497451782227,0.56410076870962,8.884872436523438,11.701401710510254,4.850090980529785,1.8318977190929326,0.7592997742521078,2.4126143911258535,4.034781455993652,0.5889065049024793,0.8682873249053955,0.9499356150627136,0.12059789896011353,7.199794794084894,0.914047643955773,7.876818306416646,0.747689425945282,0.9015500096377902,S2,S2
20160302_155857_641_721,Consensus_7of7,moderate_general_error,1,227,11505,2003,19.446107864379883,19.440919876098633,19.425411224365234,1.0010653900043722,1.0002668077461097,1.000798317768204,0.020696640014648438,1.334522198991514,10.944147109985352,13.67140007019043,9.301297187805176,1.1766257665337616,0.8005139380958056,1.4698378435082153,1.6428499221801758,0.37592934683576346,3.126798152923584,4.114626884460449,2.859508991241455,1.0934734141516622,0.7599224621824097,1.4389272627349994,0.2672891616821289,0.21295940654356685,16.751131057739258,16.979175567626953,17.34389305114746,0.965822958116549,0.986569106636037,0.9789713611923051,-0.5927619934082031,1.6252634441498401,9.172266960144043,12.999509811401367,5.929190158843994,1.546967657884106,0.7055855480422697,2.1924592179847786,3.243076801300049,0.4586888515184756,13.489727020263672,18.237985610961914,6.790873050689697,1.986449302338868,0.7396500122527611,2.6856610025199363,6.698853969573975,0.5852003231646979,11.505730628967285,15.35469913482666,4.217200756072998,2.728285553898011,0.7493295556368854,3.6409685907758775,7.288529872894287,0.654413551861716,0.9009680151939392,0.9240138530731201,0.1250842809677124,7.202830007045364,0.9750579357003505,7.387071012069205,0.7758837342262268,0.9711541058388307,bottleneck,bottleneck
20160307_144202_1281_361,Consensus_7of7,over_segmentation,1,488,4173,3248,19.429039001464844,19.43293571472168,19.42197608947754,1.0003636041765867,0.9997994274713052,1.0005642383982667,0.0070629119873046875,0.6444483118691263,11.669113159179688,12.509709358215332,9.82925033569336,1.1871822950345328,0.9328044235265919,1.2727021551263338,1.8398628234863281,0.6863984146100656,3.3843135833740234,3.729635238647461,2.894692897796631,1.1691438552276905,0.9074111701041742,1.2884385604593172,0.4896206855773926,0.5864125720088109,16.729591369628906,16.832603454589844,16.549165725708008,1.0109023400942974,0.9938801458063817,1.0171269486602932,0.18042564392089844,0.636561845992342,9.900070190429688,12.635455131530762,6.244358539581299,1.58544205016957,0.7835150616941213,2.0234989755855737,3.6557116508483887,0.5720006884973858,13.917447090148926,17.8006534576416,7.884940147399902,1.7650667049985873,0.7818503034968097,2.257550579627529,6.032506942749023,0.6083785153931582,11.232977867126465,15.471652030944824,4.423653602600098,2.539298131577461,0.7260360508770076,3.4974819285961045,6.809324264526367,0.6163400826575406,0.8849713206291199,0.9470125436782837,0.1588599979877472,5.570727439955885,0.9344864458768072,5.961265229816358,0.7261113226413727,0.9212827219953891,bottleneck,Final_Head
20160307_144202_1281_721,Consensus_7of7,thin_low_area_failure,1,496,3148,4019,19.460067749023438,19.4559383392334,19.44466209411621,1.0007922304867234,1.0002121927766146,1.0005798632284144,0.015405654907226562,1.3662043301759135,13.857295036315918,14.253087043762207,11.626683235168457,1.1918527033184834,0.9722310697702099,1.22589439563942,2.230611801147461,0.8493026829495015,4.09845495223999,4.286508560180664,3.5808629989624023,1.1445435943469413,0.9561287324102579,1.197059860810891,0.5175919532775879,0.733501323786394,16.983598709106445,16.880945205688477,16.677038192749023,1.0183821308335541,1.0060809685764756,1.0122267514384753,0.3065605163574219,1.503432922380409,11.265057563781738,14.116741180419922,8.230498313903809,1.368696738088738,0.7979927252200227,1.7151743341467105,3.0345592498779297,0.5155341562849907,15.687780380249023,18.68515396118164,9.010185241699219,1.7411161056411735,0.8395852436247033,2.0737811028485282,6.677595138549805,0.6901929434772409,12.658382415771484,15.346527099609375,4.797031402587891,2.6387944365234164,0.8248368838612876,3.199171031517375,7.861351013183594,0.7451873756774123,0.9087063074111938,0.9742127656936646,0.09314467012882233,9.755754681397802,0.9327586402602023,10.459023638418284,0.8155616372823715,0.9256510834835356,bottleneck,bottleneck
20160307_144202_1921_361,Consensus_7of7,over_segmentation,1,245,11832,992,19.442949295043945,19.43986701965332,19.424440383911133,1.0009528156185814,1.0001585028965994,1.0007941353595353,0.0185089111328125,1.1998021760633037,12.523384094238281,13.451388359069824,9.496651649475098,1.3187156102766884,0.9310104525220795,1.416434701316923,3.0267324447631836,0.7653436036386243,3.7458088397979736,4.099510669708252,2.7274892330169678,1.3733537134080256,0.9137207408082704,1.5030340420957793,1.0183196067810059,0.7422038603396369,16.856353759765625,16.838167190551758,16.169248580932617,1.042494500155608,1.0010800206416794,1.0413697374309783,0.6871051788330078,1.0271880150325343,10.659807205200195,13.317728996276855,5.113521575927734,2.0846309069567783,0.8004222347337184,2.6044138455496406,5.546285629272461,0.6760294255257194,15.835493087768555,18.900402069091797,6.523386001586914,2.427495576134963,0.837838909037059,2.897329571968363,9.31210708618164,0.7523709297453384,13.733400344848633,16.559404373168945,4.007493495941162,3.426929309262429,0.8293413945346574,4.132109074620191,9.72590684890747,0.7748546770318956,0.9311248064041138,0.9444976449012756,0.1984367072582245,4.692277588112086,0.9858402777289746,4.759668199916323,0.7326880991458893,0.9820754072188671,bottleneck,bottleneck
20160307_144202_1_361,Consensus_7of7,complex_topology,1,578,15457,13961,19.443315505981445,19.445711135864258,19.435550689697266,1.0003994646721706,0.999876752784055,1.0005227248667388,0.0077648162841796875,0.7642200112633752,12.166305541992188,13.109386444091797,10.649704933166504,1.1424076512857055,0.9280605668173579,1.230962293828704,1.5166006088256836,0.6165841398934461,3.5526998043060303,3.872471809387207,3.356560230255127,1.0584343798894427,0.9174240799558309,1.1537021206351914,0.19613957405090332,0.3801806006774836,16.441434860229492,16.526247024536133,16.384689331054688,1.0034632652816913,0.9948679721990907,1.0086395708811868,0.05674552917480469,0.4008650309228344,10.204544067382812,12.556038856506348,7.21055269241333,1.4152233660113571,0.8127199486464655,1.7413418430983092,2.9939913749694824,0.560097114286981,14.108928680419922,18.298816680908203,7.789468765258789,1.8112822959203285,0.7710295236801151,2.3491735936278153,6.319459915161133,0.6013179852720318,10.627074241638184,16.09339141845703,4.443296432495117,2.391708951086488,0.6603377314934736,3.6219478130726546,6.183777809143066,0.5307920507596179,0.8439137935638428,0.920810341835022,0.08621222525835037,9.788681388904466,0.9164893558783329,10.680615869266935,0.7577015683054924,0.9078639805867391,bottleneck,bottleneck
20160307_144202_641_361,Consensus_7of7,complex_topology,1,1588,11010,23596,19.438976287841797,19.4388370513916,19.42643165588379,1.000645699196564,1.0000071113535607,1.0006385318255564,0.012544631958007812,1.0112238622386225,12.290386199951172,12.848649978637695,9.541723251342773,1.288067636016791,0.9565507087386295,1.3465752771915989,2.7486629486083984,0.8311835051926943,3.6098639965057373,3.8500311374664307,3.0526583194732666,1.1825309078802202,0.937619185402764,1.2612056356589276,0.5572056770324707,0.6988019461647207,16.784637451171875,16.917104721069336,16.533218383789062,1.0152068427537668,0.9921695665865302,1.0232190312345746,0.2514190673828125,0.6549310120387346,10.400663375854492,12.43628978729248,6.467158317565918,1.6082274867737525,0.836315550492112,1.9229910964947743,3.933505058288574,0.6589744384485408,14.52826976776123,17.49357032775879,6.528765678405762,2.2252701748117674,0.8304919273234836,2.6794601782323895,7.999504089355469,0.729561934313848,11.496725082397461,14.966444969177246,4.1147871017456055,2.794001731831643,0.7681666780526568,3.637233461141795,7.3819379806518555,0.6802590047375872,0.8654880523681641,0.9333801865577698,0.09335072338581085,9.271259500922243,0.9272610856449873,9.998531925331765,0.7721373289823532,0.919178865544496,bottleneck,bottleneck
20160307_145059_1281_361,Consensus_7of7,boundary_margin_error,1,120,14028,1325,19.429317474365234,19.431970596313477,19.419069290161133,1.0005276866529131,0.999863414685685,1.0006643112136464,0.010248184204101562,0.7943524541691307,10.205415725708008,10.679638862609863,8.930025100708008,1.1428203692370935,0.9555954935744467,1.1959247086369815,1.275390625,0.7289555287983286,2.949164867401123,3.098402500152588,2.7802388668060303,1.0607591462204142,0.9518336999218742,1.1144371164319955,0.16892600059509277,0.5309406320837783,15.61597728729248,16.250823974609375,16.280927658081055,0.9591576509698342,0.960934433279,0.9981509234452214,-0.6649503707885742,22.088671355255656,8.734769821166992,10.701040267944336,6.101430416107178,1.4315935434606477,0.8162541945644638,1.7538573390654928,2.6333394050598145,0.5725136456971489,10.845945358276367,15.234465599060059,6.513392448425293,1.6651758325606034,0.7119346967451781,2.338944471831839,4.332552909851074,0.4967912589445174,8.280637741088867,13.603622436523438,4.2357563972473145,1.9549367361006542,0.6087082445149687,3.211615104624265,4.044881343841553,0.4317825774709851,0.8179107904434204,0.9435428977012634,0.1239803209900856,6.597048522404647,0.866849748523709,7.610363320590168,0.6939304694533348,0.8467083407322086,bottleneck,bottleneck
20160307_145059_1281_721,Cured_by_D2,boundary_margin_error,1,55,3095,628,19.444591522216797,19.434402465820312,19.438629150390625,1.00030667653945,1.0005242278938173,0.9997825111884117,0.005962371826171875,-1.410649819494585,10.238554954528809,11.93020248413086,9.108792304992676,1.1240297821794785,0.8582045535223082,1.3097456583619835,1.1297626495361328,0.4004248151827486,2.8678414821624756,3.5685908794403076,2.59016752243042,1.1072026616521107,0.8036339203384231,1.3777446712586134,0.27767395973205566,0.28379735391910677,14.747030258178711,16.38197898864746,15.899660110473633,0.9275059484421561,0.9001982830157433,1.0303351043033306,-1.1526298522949219,-2.3897672358565925,8.026847839355469,10.691988945007324,5.399317741394043,1.4866408567098277,0.7507346977167374,1.980247778860852,2.627530097961426,0.4964468785001463,8.046696662902832,13.048116683959961,5.963984966278076,1.349214553555448,0.6166940594653456,2.1878181400387926,2.082711696624756,0.2939967493018713,5.460472583770752,9.680548667907715,3.989645004272461,1.3686609232807125,0.5640663775397932,2.42641794724167,1.470827579498291,0.2584523770621608,0.6251121759414673,0.8904547691345215,0.34660500288009644,1.803523801512798,0.7020137300576368,2.569069092096948,0.27850717306137085,0.51210314013646,Final_Head,None
20160307_145059_1921_1081,Consensus_7of7,boundary_margin_error,1,51,3388,500,19.433303833007812,19.43453025817871,19.43079376220703,1.0001291285730454,0.9999368430781996,1.0001922461750739,0.00251007080078125,0.6717713118938233,10.979669570922852,11.10368824005127,10.252933502197266,1.0708806896766816,0.9888307690851906,1.0829766090548694,0.7267360687255859,0.8542251208130204,3.258500576019287,3.3019728660583496,3.13531231880188,1.0392902541760902,0.9868341507829806,1.0531556276232565,0.12318825721740723,0.7391566825220843,16.281261444091797,16.79647445678711,16.092727661132812,1.0117154018394858,0.9693260640292767,1.0437306693273207,0.18853378295898438,0.2679000233083807,9.292773246765137,11.197242736816406,6.9171223640441895,1.3434447757675947,0.8299161351833941,1.6187715828548974,2.3756508827209473,0.5550430071624943,10.522822380065918,14.880582809448242,8.63232135772705,1.2190024820663266,0.7071511786644139,1.7238214923853241,1.8905010223388672,0.30256432720466525,7.252833843231201,12.922938346862793,4.480576038360596,1.6187276284138952,0.5612371650565642,2.8842129565506105,2.7722578048706055,0.32837465434037333,0.8047038316726685,0.9509440064430237,0.15937809646129608,5.048992305387327,0.846214898044036,5.966554131356571,0.6453257352113724,0.8152520555442679,bottleneck,S2
20160307_145059_1921_721,Consensus_7of7,boundary_margin_error,1,15,3228,218,19.434349060058594,19.434234619140625,19.43362045288086,1.0000374406375825,1.0000058371690141,1.0000315518268816,0.000728607177734375,1.186335403726708,10.95461368560791,11.384140968322754,10.841879844665527,1.0103979044372038,0.9622695953801316,1.0500153185066623,0.11273384094238281,0.2078958568559379,3.5326337814331055,3.394788980484009,3.3352062702178955,1.059194675238973,1.0406045150779677,1.0178644700130497,0.19742751121520996,3.3135033692398803,14.491694450378418,16.617530822753906,16.568464279174805,0.8746552083247736,0.8720726161351686,1.002961381320017,-2.0767698287963867,-42.32557823129252,12.235239028930664,11.589093208312988,8.664166450500488,1.412165577227376,1.0557545576041818,1.3375887844415497,3.571072578430176,1.2209100856600308,12.724787712097168,15.55984115600586,10.279193878173828,1.2379167690570936,0.8177967092799586,1.5137217788374275,2.44559383392334,0.4631238757774744,8.166179656982422,13.945759773254395,4.971272945404053,1.642673436762032,0.5855671691030131,2.8052688156819965,3.194906711578369,0.3559988189702034,0.9109837412834167,0.9580016136169434,0.1495499610900879,6.091460293154853,0.9509198913810822,6.4058539419205305,0.7614337801933289,0.9418420728233161,bottleneck,bottleneck
20160307_145059_641_721,Consensus_7of7,high_quality,1,44,11276,552,19.44513702392578,19.45004653930664,19.44189453125,1.0001667271933732,0.9997475319599638,1.0004192496582207,0.00324249267578125,0.39775386055217593,13.66507625579834,12.697071075439453,12.983172416687012,1.0525220465926222,1.0762383779982903,0.977963604731657,0.6819038391113281,-2.383434611448705,4.035732269287109,3.6709203720092773,3.8394289016723633,1.0511279988545281,1.0993785647547534,0.9561107940557302,0.1963033676147461,-1.1649461781384767,15.924918174743652,16.71800994873047,16.320585250854492,0.9757565034717962,0.9525605781441935,1.0243510675270728,-0.39566707611083984,-0.9955774722242219,10.13930892944336,12.592777252197266,8.838132858276367,1.1472228291664222,0.8051685439370133,1.424823096609349,1.3011760711669922,0.34655108038292826,13.472248077392578,18.20186424255371,11.384786605834961,1.1833552406799182,0.7401575551661665,1.5987882139518217,2.087461471557617,0.30621060559937685,9.057513236999512,15.79211139678955,5.183316707611084,1.7474354743294307,0.5735466547743704,3.04671877890115,3.8741965293884277,0.36518724726950497,0.8392957448959351,0.9511035680770874,0.11473014950752258,7.315325859616746,0.8824431856034465,8.289846063250035,0.7245655953884125,0.8663182967096499,Final_Head,Final_Head
20160310_114505_1281_1,Consensus_7of7,false_crack_high_fp,1,265,1836,3840,19.432886123657227,19.43010902404785,19.42657470703125,1.0003248342230324,1.0001428761651858,1.0001818805882152,0.0063114166259765625,1.7857528332433892,10.925308227539062,11.514077186584473,9.574161529541016,1.1411241655684345,0.9488652109613595,1.202619774947194,1.3511466979980469,0.6964976508603844,3.3146543502807617,3.546506643295288,3.0373687744140625,1.0912910170511556,0.9346248996663385,1.1676242626663533,0.2772855758666992,0.5446178585694357,16.207956314086914,16.38134002685547,16.048412322998047,1.009941356062922,0.9894157192329792,1.0207451476452394,0.1595439910888672,0.47921512460613,10.4186429977417,12.304532051086426,6.978109359741211,1.4930464639610663,0.8467320908875765,1.7633043068614853,3.4405336380004883,0.6459370270389796,14.39336109161377,16.513126373291016,7.903984546661377,1.8210257352625712,0.8716314460756936,2.0892151530143064,6.489376544952393,0.7537774003071448,11.802142143249512,13.172974586486816,4.543593406677246,2.5975342618401713,0.8959359307821431,2.8992408669065775,7.258548736572266,0.841143598286667,0.9052668809890747,0.9706513285636902,0.10735797137022018,8.43214935310178,0.932637623533682,9.041175750617658,0.7979089096188545,0.9242616116181207,bottleneck,bottleneck
20160310_114505_641_1,Consensus_7of7,over_segmentation,1,240,4261,4176,19.434295654296875,19.43221664428711,19.424911499023438,1.0004830474924358,1.000106936328514,1.0003760194679918,0.0093841552734375,1.2845953002610966,10.515613555908203,11.056583404541016,8.564802169799805,1.2277706034141118,0.9510725167158647,1.2909325743208475,1.9508113861083984,0.7828983375063437,3.1312735080718994,3.375731945037842,2.6776163578033447,1.1694253097614826,0.9275833008872086,1.2607223116477009,0.4536571502685547,0.6498310001437788,16.901103973388672,16.97977638244629,16.569194793701172,1.020031640872617,0.9953666407229255,1.024779753577491,0.3319091796875,0.8083878790131142,9.800378799438477,11.923355102539062,6.5733442306518555,1.4909271391587335,0.8219480081913766,1.8138945520371923,3.227034568786621,0.603182805803961,12.880107879638672,15.685548782348633,7.0508246421813965,1.8267517214698563,0.821144815346734,2.2246400036486804,5.829283237457275,0.6750977961577791,10.058347702026367,13.315327644348145,4.151246070861816,2.422970141340735,0.7553961280779771,3.2075488201630518,5.907101631164551,0.644592868777497,0.8583104014396667,0.926594614982605,0.13184651732444763,6.509871545988647,0.9263052701320843,7.02777446087559,0.7264638841152191,0.9140806832452348,bottleneck,bottleneck
20160310_114505_641_1081,Consensus_7of7,over_segmentation,1,156,4203,2347,19.444318771362305,19.4371280670166,19.432607650756836,1.0006026015763463,1.000369895385317,1.0002325686860158,0.01171112060546875,2.590717299578059,12.594557762145996,12.025495529174805,10.076653480529785,1.2498749249050198,1.0473212254970599,1.193401594984783,2.517904281616211,1.2920001820398148,3.8107380867004395,3.6261820793151855,3.2908384799957275,1.1579835813521318,1.0508951157038953,1.1019018403534813,0.5198996067047119,1.5503489786588727,16.58794403076172,16.573528289794922,16.099529266357422,1.0303371437752389,1.0008697448029775,1.0294417300129555,0.4884147644042969,1.0304130182848312,12.37746810913086,13.200864791870117,6.972141742706299,1.7752746273129851,0.9376254788343993,1.8933727089394163,5.4053263664245605,0.867806502835313,17.494544982910156,18.36083221435547,7.258174419403076,2.4103227012318387,0.9528186863127757,2.5296760071783293,10.23637056350708,0.9219747877090156,14.15075969696045,16.038890838623047,4.351048946380615,3.2522632172337254,0.8822778929703976,3.6862116124327335,9.799710750579834,0.8384533980635205,0.9323047995567322,0.9712949395179749,0.08614145219326019,10.822826328012008,0.9598565809092203,11.275450312685308,0.846163347363472,0.9559509841857073,bottleneck,bottleneck
20160310_114505_641_361,Consensus_7of7,false_crack_high_fp,1,394,4244,5875,19.441577911376953,19.43553352355957,19.4295711517334,1.0006179116837879,1.0003109452847851,1.0003068195109812,0.012006759643554688,2.013755598208573,10.79284381866455,11.254690170288086,9.109891891479492,1.1847388270348522,0.9589640137933956,1.235436058838258,1.6829519271850586,0.7846667650814768,3.26670503616333,3.4020895957946777,2.8142812252044678,1.160759573758098,0.9602051868346193,1.2088658221005193,0.4524238109588623,0.7696790886196296,16.78044891357422,16.72743797302246,16.227622985839844,1.0340669051869065,1.0031690410371397,1.0308001952484696,0.552825927734375,1.1060611264391502,10.206567764282227,12.022896766662598,7.232019901275635,1.4113023045165591,0.8489274351631986,1.662453265938697,2.974547863006592,0.6208775442543826,14.114381790161133,16.135927200317383,7.804352283477783,1.8085267641640472,0.8747176868253238,2.0675546857262304,6.31002950668335,0.7573633520271964,11.130562782287598,13.357412338256836,4.429450511932373,2.5128535107119454,0.8332872915153912,3.01559059903324,6.701112270355225,0.7505758201829134,0.8677906394004822,0.9413385987281799,0.12497951090335846,6.943407681150414,0.9218677728770064,7.531883106607499,0.7428111284971237,0.9099073429516594,bottleneck,bottleneck
20160310_114505_641_721,Consensus_7of7,over_segmentation,1,341,4357,3855,19.44624137878418,19.449705123901367,19.43578338623047,1.0005380278123026,0.9998218613127048,1.0007162426478018,0.010457992553710938,0.7511987943553912,10.865839004516602,12.719474792480469,9.643328666687012,1.1267725339778398,0.8542678316145934,1.318992011278017,1.2225103378295898,0.3974162110111909,3.2692794799804688,3.867363214492798,3.0610265731811523,1.0680333325396647,0.8453508122480345,1.2634199209364412,0.2082529067993164,0.2582704246957662,16.303207397460938,16.680110931396484,16.418811798095703,0.9929589671277466,0.9774039565510282,1.015914557070234,-0.11560440063476562,-0.44242167654530057,10.21885871887207,13.957383155822754,7.106170177459717,1.4380259725920455,0.7321471276269886,1.9641214385736452,3.1126885414123535,0.45432663547938185,14.541537284851074,19.48475456237793,8.0108003616333,1.815241275922268,0.7463032953273763,2.432310287419889,6.530736923217773,0.569179274115801,12.007935523986816,17.02645492553711,4.457791328430176,2.6936955872539365,0.7052516141058297,3.8194814094296365,7.550144195556641,0.6007117731510087,0.8854166269302368,0.9731184244155884,0.11127495020627975,7.956945101694303,0.9098745793323137,8.745092022235289,0.7741416767239571,0.898239297378433,bottleneck,bottleneck
20160316_142539_1281_721,Consensus_7of7,boundary_margin_error,1,45,9147,163,19.448514938354492,19.448314666748047,19.44861602783203,0.9999947508104359,1.0000102462141123,0.9999844533375534,-0.0001010894775390625,0.33544303797468356,12.309377670288086,13.382946014404297,10.916460037231445,1.1275978202373453,0.9197807969380205,1.2259418110650249,1.3929176330566406,0.5647377061730705,3.4918758869171143,3.969287633895874,3.2305121421813965,1.0809044053475767,0.8797233481833804,1.228686422001559,0.2613637447357178,0.3537796633306967,17.29755401611328,16.039365768432617,14.996920585632324,1.1534069787152224,1.078443698298422,1.0695105443372457,2.300633430480957,2.2069586664507637,10.952784538269043,12.057214736938477,9.697501182556152,1.129443884835715,0.908400809708837,1.2433319951839734,1.2552833557128906,0.531964294302438,14.630413055419922,16.538604736328125,10.577587127685547,1.3831520833304713,0.8846219136407167,1.5635515900870016,4.052825927734375,0.679888266368881,12.629364967346191,12.792329788208008,5.397758960723877,2.339741866856285,0.9872606623796785,2.3699330613606,7.2316060066223145,0.9779615579235365,0.9503037929534912,0.8597336411476135,0.27928677201271057,3.4025972068345416,1.1053454722784948,3.078307492490171,0.6710170209407806,1.1560352146284523,S2,T2
20160316_142539_1921_361,Consensus_7of7,complex_topology,2,632,11450,1479,19.429309844970703,19.43218421936035,19.423242568969727,1.000312320441199,0.9998520303117128,1.000460306763846,0.0060672760009765625,0.6785409556313993,8.836441040039062,10.830084800720215,7.80918550491333,1.1315443720647997,0.8159160696078168,1.3868390508929729,1.0272555351257324,0.34004957945854053,2.5808262825012207,3.2762417793273926,2.3697593212127686,1.0890663749405827,0.7877396323574837,1.382520312286567,0.21106696128845215,0.23284174933450602,15.952893257141113,15.926290512084961,15.877410888671875,1.0047540095954237,1.0016703037889245,1.0030785006873797,0.07548236846923828,1.5442502048620594,6.91172981262207,9.420071601867676,5.3890275955200195,1.2825557872095714,0.7337236245134366,1.7480092070208577,1.5227022171020508,0.3777438833970213,9.207261085510254,12.840346336364746,6.447552680969238,1.428023951578199,0.7170570113344721,1.9915066972245048,2.7597084045410156,0.43169051799627944,7.174635410308838,10.371910095214844,3.9164810180664062,1.8319081709587433,0.6917370718322979,2.6482721093496875,3.2581543922424316,0.5047153881336822,0.7129629850387573,0.8307862877845764,0.20171165466308594,3.534547627810442,0.8581775329518871,4.1186622087355484,0.5112513303756714,0.812703777036477,bottleneck,T2
20160316_142539_1_721,Consensus_7of7,complex_topology,2,171,12863,1419,19.445178985595703,19.43556022644043,19.43092918395996,1.000733305173805,1.0004948536882068,1.000238282081024,0.014249801635742188,3.077018121911038,11.782544136047363,11.94534969329834,10.176761627197266,1.1577890305271215,0.9863707176598578,1.1737868053809715,1.6057825088500977,0.9079460274715705,3.3716235160827637,3.534409523010254,2.9353604316711426,1.14862295310709,0.9539422469835663,1.2040798400073223,0.4362630844116211,0.7282593208453096,16.60991096496582,16.406856536865234,16.164974212646484,1.0275246789101937,1.012376131604991,1.0149632969452076,0.44493675231933594,1.8394760913449406,10.123077392578125,10.564562797546387,6.497255325317383,1.5580541825219778,0.9582106357225278,1.626003695803139,3.625822067260742,0.891455119146349,14.077930450439453,14.532700538635254,8.517566680908203,1.6528111049818353,0.9687070509920823,1.7062031184336508,5.56036376953125,0.9243956827973824,11.07512092590332,11.67494010925293,4.540829181671143,2.4390079529086,0.9486232797462059,2.5711025610202958,6.534291744232178,0.9159223637761787,0.8600722551345825,0.8219408392906189,0.15099598467350006,5.695956492073745,1.0463906495827884,5.443425516528671,0.7090762704610825,1.0568324141418801,bottleneck,bottleneck
20160316_142539_641_721,Consensus_7of7,moderate_general_error,2,92,12774,1423,19.448566436767578,19.442548751831055,19.436201095581055,1.0006361500629453,1.0003094596651838,1.0003265378811554,0.012365341186523438,1.9480168269230769,11.291561126708984,11.1766996383667,9.800252914428711,1.1521702626586698,1.0102767795308036,1.140450006291314,1.4913082122802734,1.0834478271804582,3.193984270095825,3.2844197750091553,2.8301243782043457,1.1285663506972754,0.9724650064323509,1.1605209438081678,0.3638598918914795,0.8009323767104201,16.247146606445312,16.076244354248047,16.054990768432617,1.0119685416712894,1.010630669564402,1.00132373694873,0.1921558380126953,9.04110203715337,8.4476957321167,9.447072982788086,5.9406046867370605,1.4220259982878418,0.8942129327565145,1.590254172883336,2.5070910453796387,0.7149903645794025,12.203372955322266,12.860591888427734,7.013351917266846,1.7400198021231204,0.9488966069599443,1.833729464371458,5.19002103805542,0.887601853806765,9.688748359680176,10.270818710327148,4.296765327453613,2.2548930105356706,0.9433276635104686,2.390360081883701,5.3919830322265625,0.902566931806191,0.7959012389183044,0.7544613480567932,0.13330599665641785,5.970438603231311,1.054925061493449,5.659578019009184,0.6625952422618866,1.066714213711733,bottleneck,bottleneck
20160316_143445_1281_1081,Consensus_7of7,boundary_margin_error,1,74,3774,180,19.459247589111328,19.444091796875,19.454116821289062,1.0002636854505245,1.000779403410313,0.9994846322765101,0.005130767822265625,-0.5117960426179604,14.068567276000977,11.91952133178711,11.91497802734375,1.1807462894995406,1.1802962303684579,1.0003812263901544,2.1535892486572266,474.01385390428214,4.315087795257568,3.528817892074585,3.3552091121673584,1.2860857147542868,1.2228136175956419,1.0517427445982157,0.95987868309021,5.528975456213401,16.896329879760742,16.753738403320312,17.772205352783203,0.9507165033065635,1.0085109642097076,0.9426932183181974,-0.8758754730224609,0.8599940071539599,14.03152847290039,10.56452465057373,7.890803813934326,1.7782125909542454,1.3281740171777972,1.338839940878768,6.1407246589660645,2.2966962649265703,18.00658416748047,13.847108840942383,9.969586372375488,1.8061513977373347,1.300385739285434,1.3889350003903909,8.03699779510498,2.072714693533523,15.75476360321045,10.691832542419434,5.439030170440674,2.8966121188700575,1.4735324433086279,1.96576048332394,10.315733432769775,1.9638533305192256,0.9710950255393982,0.7823678851127625,0.21742087602615356,4.4664090076317144,1.2412239852808495,3.5983862314694215,0.7536741495132446,1.3340616684240256,S2,S2
20160316_143445_1281_361,Consensus_7of7,high_quality,1,38,12391,477,19.441532135009766,19.448305130004883,19.437885284423828,1.0001875641483127,0.9996516922887867,1.0005360071269376,0.0036468505859375,0.34999084751967785,12.834131240844727,12.774712562561035,11.604501724243164,1.1059613277553657,1.0046511945643797,1.100841015433877,1.2296295166015625,1.0507760450835537,3.698948621749878,3.844205856323242,3.409179210662842,1.084996507424492,0.9622137309457132,1.127604180119249,0.28976941108703613,0.6660957759199927,17.039962768554688,16.38993263244629,17.221206665039062,0.9894754827878696,1.0396602665200285,0.9517295738625605,-0.181243896484375,0.2180314666140464,10.708576202392578,12.234121322631836,7.707960605621338,1.3892876937247485,0.8753039997469081,1.587205794293217,3.0006155967712402,0.6629494143886983,13.668307304382324,16.998899459838867,8.97353744506836,1.5231792216696969,0.8040700830429997,1.8943362826044452,4.694769859313965,0.5849916615192362,9.285697937011719,14.504060745239258,4.729030132293701,1.9635518729410262,0.6402136243014555,3.067025853603213,4.556667804718018,0.46615381425848396,0.7852137088775635,0.9337641596794128,0.1156846210360527,6.787478874603236,0.840911337008064,8.071566295939329,0.6695290878415108,0.8184156383519945,S2,S2
20160316_143445_1921_1081,Consensus_7of7,moderate_general_error,1,81,8729,209,19.439241409301758,19.4375,19.438337326049805,1.0000464588709592,1.000089538737606,0.9999568725455981,0.000904083251953125,-1.0797266514806378,12.551867485046387,10.991302490234375,10.368781089782715,1.2105440519783766,1.1419817036440267,1.060037948050339,2.183086395263672,3.5068455376470102,3.8869237899780273,3.2856502532958984,3.1641223430633545,1.2284362423795059,1.1829995000470548,1.0384077664035964,0.7228014469146729,5.947616852224239,16.296463012695312,16.720582962036133,16.883583068847656,0.9652253304891787,0.974634800417032,0.9903455862128064,-0.5871200561523438,3.601961174364315,11.576371192932129,10.069887161254883,6.5821990966796875,1.7587388749806758,1.1496027570071357,1.5298664600510272,4.994172096252441,1.4319434547426297,16.22163963317871,13.280128479003906,7.711180686950684,2.1036515921586862,1.2214970990173988,1.7221911009407704,8.510458946228027,1.5281987305343898,13.765807151794434,10.55451488494873,4.2671685218811035,3.2259808477742475,1.304257561583205,2.473422916719738,9.49863862991333,1.5107547892874313,0.9569341540336609,0.7843297719955444,0.13708017766475677,6.9807844544049775,1.2200645291513526,5.7216445419931174,0.8198539763689041,1.2666736040469484,S2,S2
20160316_143527_1281_361,Consensus_7of7,boundary_margin_error,1,27,2354,77,19.47715950012207,19.46983528137207,19.4603214263916,1.0008652001421947,1.0003761315012702,1.0004888333693571,0.01683807373046875,1.7698476343223737,14.872252464294434,14.620028495788574,12.279024124145508,1.2111916307630641,1.0172518782249047,1.19065058894942,2.593228340148926,1.1077417759492831,4.070903301239014,4.3923468589782715,3.5583317279815674,1.1440479607842062,0.9268171447117508,1.234383402214832,0.5125715732574463,0.6145830623539034,16.65256118774414,16.539121627807617,15.983588218688965,1.041853676286486,1.0068588015512863,1.0347564243248375,0.6689729690551758,1.2041993480040993,13.86774730682373,14.324298858642578,7.833538055419922,1.770304227592868,0.9681274089257922,1.8285858738052483,6.034209251403809,0.9296613192721306,19.593807220458984,19.14002799987793,10.450122833251953,1.8749832569554947,1.0237083350596776,1.8315599226656996,9.143684387207031,1.0522191222895985,17.287582397460938,15.861173629760742,5.5867462158203125,3.09439137473532,1.0899307775745555,2.839071290865953,11.700836181640625,1.1388309742462954,0.9891567230224609,0.9034335613250732,0.21777135133743286,4.542159355618965,1.094884749119691,4.148522784351193,0.7713853716850281,1.125022438817115,bottleneck,bottleneck
20160316_143527_1281_721,Consensus_7of7,complex_topology,1,294,20068,3297,19.442907333374023,19.434690475463867,19.433908462524414,1.0004629984958486,1.0004227418747824,1.0000401881536476,0.008998870849609375,11.507317073170732,10.192708015441895,10.546924591064453,8.985448837280273,1.1343570105029974,0.9664150872627131,1.1737781393320659,1.207259178161621,0.7731526892017839,3.0482733249664307,3.159404754638672,2.6030967235565186,1.1710176292581458,0.9648248948369245,1.2137096222119894,0.4451766014099121,0.8002340008357173,16.309436798095703,16.804929733276367,16.498964309692383,0.9885127031884029,0.9705149671221488,1.0185444612944452,-0.1895275115966797,-0.6194409465507998,8.69976806640625,9.736916542053223,6.639198303222656,1.3103640467885032,0.8934827709932246,1.4665799439590463,2.0605697631835938,0.6651895376906483,11.240795135498047,12.540212631225586,7.709752559661865,1.457996685433749,0.8963798756592201,1.6265387128373499,3.5310425758361816,0.7309950860836139,8.432716369628906,9.701834678649902,4.3740010261535645,1.9279178014109237,0.8691877134330516,2.2180681720400477,4.058715343475342,0.7617946820793935,0.7997273802757263,0.7581577301025391,0.1951240748167038,4.098537212744044,1.0548284264530796,3.8854961660603373,0.6046033054590225,1.073831554797703,bottleneck,bottleneck
20160316_143527_1921_361,Cured_by_D2,moderate_general_error,1,64,8701,921,19.42382049560547,19.439132690429688,19.420570373535156,1.0001673031141987,0.9992122491121218,1.0009557554480515,0.0032501220703125,0.17509247842170161,9.03120231628418,11.422920227050781,8.481953620910645,1.064754849550771,0.7906210799123137,1.3467320608966413,0.5492486953735352,0.18675788233256924,2.707597255706787,3.4502222537994385,2.664555072784424,1.0161532284353039,0.7847600159569789,1.2948581900901805,0.04304218292236328,0.054784244477103484,16.329832077026367,16.950393676757812,16.54996681213379,0.9866987212539454,0.9633894896510962,1.0241949633479315,-0.22013473510742188,-0.5497501655242714,7.029632568359375,11.0493803024292,5.759535312652588,1.2205205743588474,0.6362014646751231,1.9184496290362554,1.270097255706787,0.24010103474892616,9.629730224609375,15.144688606262207,6.3466339111328125,1.5172970179390013,0.6358486357242713,2.3862548922889006,3.2830963134765625,0.37316161665761016,6.5948896408081055,11.754554748535156,4.106152534484863,1.6060991352179104,0.5610496714544023,2.8626681028403924,2.488737106323242,0.32539307383068505,0.7683732509613037,0.8445205092430115,0.11358451843261719,6.764711395996568,0.909832659738929,7.435107229307668,0.6547887325286865,0.8958222618135375,Final_Head,Final_Head
20160316_143527_1_361,Consensus_7of7,moderate_general_error,1,47,2660,466,19.431772232055664,19.439437866210938,19.42764663696289,1.0002123054303766,0.9996056144311551,1.0006068788907625,0.0041255950927734375,0.34988676803623425,9.47061538696289,10.710351943969727,9.257200241088867,1.023053851840961,0.8842486738305998,1.15697516614751,0.21341514587402344,0.14686363815349077,2.81689715385437,3.2154433727264404,2.8532116413116455,0.9872720711623579,0.8760522115535359,1.1269553927282034,-0.03631448745727539,-0.10025208811894873,16.836301803588867,17.176454544067383,16.571258544921875,1.0159940925400694,0.9801965114626922,1.0365207603866757,0.2650432586669922,0.43794615139758647,10.065181732177734,10.784631729125977,6.713428020477295,1.499260914426432,0.9332892445187099,1.6064267152048086,3.3517537117004395,0.8232832232344761,12.323668479919434,14.110849380493164,8.890742301940918,1.3861235288650255,0.8733469739680374,1.5871394439442041,3.4329261779785156,0.6576352029412028,9.521540641784668,11.183253288269043,4.766180515289307,1.9977293376764547,0.8514105461924915,2.3463758676404964,4.755360126495361,0.7410481842310841,0.9120324850082397,0.9204497933387756,0.15100795030593872,6.0395922437742575,0.9908541462602254,6.095332703617748,0.761024534702301,0.9890605009244647,T3,T3
20160316_143527_641_361,Consensus_7of7,complex_topology,2,102,14737,3057,19.43534278869629,19.434804916381836,19.426454544067383,1.0004574815312421,1.0000276242694042,1.0004297939114788,0.00888824462890625,1.0644129739607127,9.322608947753906,11.248998641967773,8.122965812683105,1.1476852192966853,0.8287500439570744,1.3848386804195383,1.1996431350708008,0.3837589688222551,2.8007564544677734,3.3661789894104004,2.5626213550567627,1.0929259432007632,0.8320281337535776,1.3135681044723575,0.23813509941101074,0.29635098869113585,16.813261032104492,16.877330780029297,16.823183059692383,0.9994101575805934,0.996203739503384,1.0032185774193987,-0.009922027587890625,-0.18323998731903202,7.803264617919922,10.765974998474121,5.622960567474365,1.387749947119925,0.724807915141729,1.9146449552045959,2.1803040504455566,0.42393504426191647,10.020362854003906,14.282783508300781,6.4077839851379395,1.5637795084018724,0.7015692807085575,2.228973590941007,3.612578868865967,0.4587402016013131,6.879745006561279,11.677234649658203,4.021651268005371,1.7106762465004075,0.5891587027074042,2.9035913280115064,2.858093738555908,0.37333454500744384,0.7430757880210876,0.8321513533592224,0.11575762927532196,6.4191826792778075,0.8929564220078792,7.188676633169367,0.6273181587457657,0.8756611590197255,bottleneck,bottleneck
20160316_143547_1281_1081,Cured_by_D2,high_quality,1,24,3268,249,19.45232582092285,19.455204010009766,19.451948165893555,1.000019363356653,0.9998520093165076,1.00016732740192,0.000377655029296875,0.11599297012302284,13.67300033569336,14.274019241333008,13.21349048614502,1.0347757328205158,0.9578941394590933,1.0802609784325363,0.45950984954833984,0.43328372502911305,4.345144271850586,4.203035831451416,4.2393927574157715,1.0249447257051387,1.033810657888072,0.9914237912199695,0.10575151443481445,-2.9087034073918634,15.10446548461914,16.817527770996094,17.012290954589844,0.8878559999403266,0.8981382276966077,0.9885515611821366,-1.9078254699707031,9.795616577875274,11.156107902526855,13.037343978881836,8.871992111206055,1.257452272864795,0.8557039735159078,1.4694943757806351,2.284115791320801,0.548360826139596,11.191452026367188,18.315536499023438,10.445401191711426,1.071423753816561,0.6110359593303719,1.7534544063374673,0.7460508346557617,0.09479517257633656,6.641073703765869,15.770550727844238,4.825335502624512,1.3762923477261686,0.42110598401199206,3.2682799881970093,1.8157382011413574,0.1658933299874792,0.827523410320282,0.8881410956382751,0.1278575360774994,6.472179611212598,0.9317466364721416,6.9462792464630025,0.6996658742427826,0.9202696355120283,T2,T2
20160318_181632_1281_361,Consensus_7of7,complex_topology,1,230,37599,7339,19.444839477539062,19.446138381958008,19.425249099731445,1.0010084491940665,0.9999331535996213,1.0010753159995016,0.019590377807617188,0.9378195763330899,11.958464622497559,12.162837982177734,8.895088195800781,1.3443895119278788,0.9831968210728066,1.3673654883550355,3.0633764266967773,0.9374574636858074,3.3559889793395996,3.6714248657226562,2.9531021118164062,1.1364279716177552,0.9140832750218235,1.2432430317221201,0.40288686752319336,0.560871649035602,16.057268142700195,15.98550796508789,16.446239471435547,0.9763488604334264,1.0044890142546619,0.9719855424011418,-0.38897132873535156,0.8442472966931064,9.35694408416748,10.676669120788574,5.780854225158691,1.618608963505157,0.8763916069626005,1.8469013156259222,3.576089859008789,0.7304381262863695,12.57242202758789,14.719648361206055,5.207745552062988,2.414177015317205,0.8541251030559718,2.826490923483025,7.364676475524902,0.7742590124497278,9.718890190124512,12.397047996520996,3.856328248977661,2.520243880291356,0.7839680389140948,3.214727580589115,5.862561941146851,0.6864248113085746,0.8209803700447083,0.7819295525550842,0.08661152422428131,9.478772006676504,1.0499402630604757,9.027903984535701,0.7343688458204269,1.0561625269279589,bottleneck,bottleneck
20160318_181632_1921_1,Consensus_7of7,complex_topology,1,77,4124,569,19.44244384765625,19.451091766357422,19.433826446533203,1.0004433712888905,0.9995553504985524,1.0008883643673236,0.008617401123046875,0.49911621741051704,9.190922737121582,12.373808860778809,8.965165138244629,1.0251815298674607,0.7427722617796153,1.380209654787456,0.22575759887695312,0.0662309168260953,2.8459248542785645,3.7509381771087646,2.7483716011047363,1.0354945516247018,0.7587232743326464,1.3647851734517498,0.09755325317382812,0.09730351630377528,15.948735237121582,16.00952911376953,16.101533889770508,0.9905102430485678,0.9962025820735575,0.9942859002802628,-0.15279865264892578,1.6607687045214254,7.202615261077881,11.223258972167969,5.67249870300293,1.2697427303988984,0.641757856357182,1.9785384856391541,1.5301165580749512,0.27565891587408,9.485130310058594,15.813751220703125,7.539891242980957,1.257992820638584,0.5998026387210498,2.097344459454905,1.9452390670776367,0.23510659744246362,7.878543376922607,13.737885475158691,4.329922676086426,1.8195571022267023,0.5734902083496508,3.172777744566526,3.5486207008361816,0.37719331768468695,0.812002956867218,0.9055809378623962,0.2189985066652298,3.7077844111698104,0.8966642585473059,4.135082090603512,0.5930044502019882,0.8637046671409724,T2,T2
20160318_181632_1_361,Cured_by_D2,high_quality,1,23,4352,230,19.45290184020996,19.46044158935547,19.452810287475586,1.0000046549947479,0.9996125088568317,1.0003922467435231,9.1552734375e-05,0.011997000749812546,11.746075630187988,14.676980018615723,11.632393836975098,1.0097727763548348,0.8003059767734055,1.26173330808571,0.11368179321289062,0.037338996642108956,3.640214681625366,4.35875940322876,3.7008886337280273,0.9836053062621213,0.8351490664476235,1.177759899540165,-0.06067395210266113,-0.0922277670866992,14.354159355163574,15.907869338989258,16.91542625427246,0.8485839074232093,0.9023306733889056,0.9404355621565091,-2.5612668991088867,2.542056791292002,10.506190299987793,13.124831199645996,7.838569641113281,1.3403196553314012,0.8004818758956147,1.6743908807565364,2.6676206588745117,0.5046327408012236,10.089081764221191,18.186777114868164,9.36336612701416,1.0775057334997877,0.5547481637758094,1.9423330163352956,0.7257156372070312,0.08224887610993364,5.889803886413574,15.43682861328125,4.7089314460754395,1.2507726440888545,0.3815423266281449,3.2782013312054943,1.1808724403381348,0.11007492166758949,0.7751048803329468,0.920033872127533,0.1215732991695404,6.375565276769811,0.8424733711892429,7.567667495615233,0.6535315811634064,0.8184894825079723,T2,T2
20160321_185557_1921_361,Consensus_7of7,boundary_margin_error,1,50,9455,203,19.44853973388672,19.445003509521484,19.43805694580078,1.000539240500011,1.0001818063021535,1.0003573177804115,0.0104827880859375,1.5090609555189456,12.337695121765137,12.606532096862793,10.454865455627441,1.1800911254226727,0.9786747099276202,1.205805176983126,1.8828296661376953,0.8750564004918034,3.7823832035064697,3.818897008895874,2.991732358932495,1.264278179140969,0.9904383920952208,1.276483078778961,0.7906508445739746,0.9558566660325476,16.129636764526367,16.299596786499023,16.56353759765625,0.9738037961772684,0.9895726861362533,0.9840648899025372,-0.4339008331298828,1.6439323317507462,12.480432510375977,11.850915908813477,6.9530415534973145,1.7949598919250735,1.053119569262555,1.7044215992684495,5.527390956878662,1.1285285321537948,17.970054626464844,16.82109260559082,8.594528198242188,2.090871321973076,1.0683047754096169,1.9571860444701483,9.375526428222656,1.1396648666419822,15.615299224853516,14.619466781616211,4.792986869812012,3.2579467440767735,1.0681168054892909,3.050178130784547,10.822312355041504,1.101341726862032,0.9758542776107788,0.9333572387695312,0.20693530142307281,4.715723007031447,1.0455302552396935,4.510360107680288,0.768918976187706,1.058501866004329,bottleneck,bottleneck
20160324_170347_1281_1,Consensus_7of7,high_quality,1,34,6830,580,19.443830490112305,19.44237518310547,19.441823959350586,1.0001031554787634,1.0000748008881806,1.0000283010342925,0.00200653076171875,3.640138408304498,13.612749099731445,12.917551040649414,13.409175872802734,1.0151815602747107,1.053818018839356,0.9633366136626579,0.20357322692871094,-0.41408247430679757,4.05067777633667,3.872184991836548,4.247743129730225,0.9536068210855086,1.0460958706209937,0.9115862146062153,-0.1970653533935547,0.5247266228840056,15.98992919921875,16.032501220703125,15.964324951171875,1.001603778833205,0.997344580346953,1.0042704759186056,0.025604248046875,0.3755595344673232,12.949012756347656,12.838772773742676,9.947225570678711,1.301771168510152,1.0085864105519513,1.2906886841793002,3.0017871856689453,1.038124911980744,17.357547760009766,17.3336238861084,12.213814735412598,1.4211404638833294,1.0013801425875173,1.4191817087801226,5.143733024597168,1.0046728058013874,13.776679992675781,13.438732147216797,5.56349515914917,2.476263054485987,1.0251472249472395,2.415519263928456,8.213184833526611,1.0429127207182507,0.9328107237815857,0.8382113575935364,0.07577438652515411,12.310207397911897,1.1128572793410445,11.06178926999319,0.8570363372564316,1.1240749986920096,bottleneck,bottleneck
20160324_170347_1281_361,Consensus_7of7,complex_topology,1,125,7668,734,19.438297271728516,19.4388427734375,19.435319900512695,1.000153142375732,0.9999718861000503,1.0001812099189322,0.0029773712158203125,0.8451543042772063,13.56857967376709,12.897305488586426,12.465557098388672,1.0884855348370641,1.0520475485152434,1.0346352234524954,1.103022575378418,2.554780979897111,4.137341499328613,3.904829263687134,3.794299840927124,1.090409451644237,1.0595445179278884,1.029130115769366,0.34304165840148926,3.1036229977092025,15.588370323181152,15.828998565673828,15.694086074829102,0.993263911997946,0.9847982027231529,1.0085963261323498,-0.10571575164794922,-0.7835875758132697,12.767870903015137,12.146587371826172,9.634834289550781,1.3251779111223845,1.0511487268828523,1.2606948647061407,3.1330366134643555,1.2473505598831178,16.119600296020508,16.45777130126953,11.410173416137695,1.4127391666530666,0.9794521397514451,1.4423768385164117,4.7094268798828125,0.9330035765635893,12.252182006835938,13.29304027557373,5.311596393585205,2.3066849949193906,0.9216989365217427,2.502644551265817,6.940585613250732,0.8695902290202572,0.8846046924591064,0.8803515434265137,0.08906278014183044,9.932260802880919,1.004830052533321,9.884506833469112,0.795541912317276,1.0053749645261456,bottleneck,bottleneck
20160324_170347_641_361,Consensus_7of7,boundary_margin_error,1,54,4102,544,19.45305633544922,19.44793701171875,19.45012092590332,1.0001508684396465,1.0002631807920914,0.9998876657846725,0.0029354095458984375,-1.3441048034934497,14.685310363769531,13.499506950378418,13.924825668334961,1.0546135125088423,1.0878404174248346,0.9694560134867805,0.7604846954345703,-1.7880348626280609,4.494589805603027,4.148104190826416,4.3323163986206055,1.037456260022428,1.0835284060642594,0.9574792909095621,0.16227340698242188,-0.8809047398407024,15.808226585388184,15.955635070800781,15.925559043884277,0.9926323810168829,0.9907612905710252,1.0018884753084745,-0.11733245849609375,-3.9011954212512285,13.651118278503418,13.993671417236328,10.540437698364258,1.2951186064600801,0.9755207833569851,1.3276175515738229,3.11068058013916,0.9008022142084265,18.211822509765625,18.29690170288086,14.014853477478027,1.2994656875697252,0.9953500221050069,1.3055363316318491,4.196969032287598,0.9801311922153257,13.342591285705566,12.847020149230957,6.025038719177246,2.214523373719364,1.0385747116563497,2.1322714451723632,7.31755256652832,1.0726432842944147,0.9538848996162415,0.8909599781036377,0.09672253578901291,9.861973012411275,1.070624778255198,9.211408276545287,0.8571623638272285,1.0792268384240655,T3,T3
20160326_141808_641_721,Other_Base_Bridge,missed_crack_high_fn,1,124,6953,577,19.432422637939453,19.437088012695312,19.4307918548584,1.000083876303619,0.9997599241968377,1.0003239784338156,0.0016307830810546875,0.2590124204786428,10.270390510559082,10.588895797729492,10.057241439819336,1.0211934903643007,0.9699207298687901,1.0528627365892262,0.2131490707397461,0.4009166248116524,3.218005657196045,3.402129888534546,3.1277639865875244,1.0288514869229275,0.9458794392775958,1.087719155091112,0.09024167060852051,0.32890993366203963,15.940091133117676,15.77249813079834,15.850419998168945,1.0056572714982832,1.0106255832338,0.9950838613447803,0.08967113494873047,-1.1507826746790362,8.502032279968262,7.039279460906982,6.5860209465026855,1.2909207331875074,1.207798485539076,1.068821136353028,1.9160113334655762,4.227193251920989,8.858081817626953,6.483799934387207,6.028712749481201,1.469315377328909,1.3661865790245984,1.0754864476597794,2.829369068145752,6.217202246049035,6.412364482879639,4.116132736206055,3.712455987930298,1.7272562358909764,1.557861064249598,1.1087354680709194,2.699908494949341,6.688293310133875,0.7420706748962402,0.47208622097969055,0.32003653049468994,2.31869891555907,1.5718931627851975,1.4750964371271558,0.4220341444015503,2.7756330384847647,T3,T3
20160328_151020_1281_361,Consensus_7of7,complex_topology,1,335,11361,3061,19.452407836914062,19.448078155517578,19.433002471923828,1.0009985262966823,1.0002225762946495,1.0007757258735392,0.019405364990234375,1.2871963562753037,14.067344665527344,14.441555976867676,10.215808868408203,1.377017079089323,0.9740878139427944,1.4136476855865678,3.8515357971191406,0.9114449346504425,4.301303863525391,4.405720233917236,3.2600629329681396,1.3193924879900283,0.9762995966272233,1.3514214213296205,1.041240930557251,0.9088589840039041,16.0539608001709,16.18623161315918,15.9060640335083,1.0092980738071318,0.9918281284997259,1.0176138208325358,0.14789676666259766,0.5278867984900111,12.346930503845215,13.397052764892578,6.300095558166504,1.9598002014493727,0.9216153581618636,2.1264837199243622,6.046834945678711,0.852032042682726,16.95762825012207,18.56134605407715,6.956538677215576,2.4376527752242376,0.9135990076968681,2.6681866150882807,10.001089572906494,0.8618057368920508,13.353652954101562,14.7194242477417,4.314332962036133,3.0951829579273826,0.9072129332054132,3.4117489228383526,9.03931999206543,0.8687400950036428,0.8974764347076416,0.8658860921859741,0.09568070620298386,9.379812195276818,1.0364820573106346,9.04965145948632,0.8017957285046577,1.0410154785938683,bottleneck,bottleneck
20160328_151020_641_361,Consensus_7of7,complex_topology,2,90,6794,634,19.438140869140625,19.438940048217773,19.427274703979492,1.0005592737410376,0.9999588362825339,1.0006004107017379,0.010866165161132812,0.9314911706998038,14.114237785339355,13.074186325073242,11.491816520690918,1.228198912828784,1.0795499126948824,1.1376952602609016,2.6224212646484375,1.6572745873851504,4.3224663734436035,3.9138498306274414,3.401240825653076,1.2708494705793645,1.1044024313902263,1.1507120138027642,0.9212255477905273,1.797131027451608,16.031940460205078,16.071735382080078,15.82896614074707,1.0128229035826042,0.9975238567302925,1.0153369603445617,0.2029743194580078,0.8360792262788633,13.250462532043457,11.929436683654785,7.264495849609375,1.8240027914329617,1.110736556359122,1.6421559442614737,5.985966682434082,1.2831816941273155,17.77910614013672,16.15528678894043,8.860060691833496,2.0066571496363386,1.100513118206902,1.823383103960901,8.919045448303223,1.2225865695705096,14.568339347839355,13.357558250427246,4.804440975189209,3.0322646049368975,1.0906438125942344,2.780251758561658,9.763898372650146,1.1415602123119974,0.941684901714325,0.8407813310623169,0.15429817140102386,6.102980937382249,1.1200103367116658,5.449033351430803,0.7873867303133011,1.1469862286232824,bottleneck,bottleneck
20160328_151057_1281_1,Consensus_7of7,boundary_margin_error,1,88,4825,661,19.441020965576172,19.451457977294922,19.441299438476562,0.9999856247836262,0.9994633815524617,1.0005224721900936,-0.000278472900390625,-0.02741269245212167,14.3045072555542,13.448970794677734,14.008318901062012,1.0211436743723803,1.0636134474767085,0.9600702218156889,0.2961883544921875,-0.5295241927371492,4.422632217407227,4.100118160247803,4.326061725616455,1.0223227211244401,1.0786594351418635,0.9477713154664312,0.09657049179077148,-0.42740978984378625,16.89024543762207,16.548830032348633,16.573816299438477,1.0190920493732192,1.0206307264003156,0.9984923649972484,0.31642913818359375,-12.664122137404581,16.060943603515625,14.412768363952637,12.170029640197754,1.319712667810888,1.1143551386928587,1.1842836546645243,3.890913963317871,1.734894003525987,20.00658416748047,19.382877349853516,16.28695297241211,1.2283809606982932,1.0321781835684722,1.1900860886993037,3.7196311950683594,1.2014606113029185,13.781573295593262,14.471217155456543,6.547999858856201,2.1046993720157534,0.9523436899053835,2.2100206562868965,7.2335734367370605,0.9129591131926685,0.9640754461288452,0.8452922701835632,0.07451536506414413,12.937768036577781,1.1405218521608333,11.343713148862408,0.8895600810647011,1.1541083744937564,T3,T3
20160328_151057_1281_1081,Consensus_7of7,thin_low_area_failure,1,28,1183,816,19.432796478271484,19.432418823242188,19.42768669128418,1.000262964232722,1.000019382816588,1.000243525222002,0.0051097869873046875,1.0798065296251511,9.319493293762207,11.356480598449707,7.999093532562256,1.165068528172151,0.8206320956866102,1.4197207636714875,1.3203997611999512,0.393281958644507,2.73016619682312,3.4794962406158447,2.373267650604248,1.1503822780990276,0.7846438746822806,1.466119834233661,0.35689854621887207,0.32262639877634214,15.281664848327637,15.905640602111816,15.544072151184082,0.9831184336110478,0.9607700984723978,1.023260791905125,-0.2624073028564453,-0.7257472331536245,9.04452896118164,11.871417999267578,5.549356937408447,1.629833408332179,0.7618742933544553,2.1392417164591,3.4951720237731934,0.5528532530094492,13.47387981414795,16.1578426361084,6.855280876159668,1.9654742222935437,0.833890964511965,2.356991722295164,6.618598937988281,0.7114813218960837,11.98286247253418,12.387922286987305,4.227940082550049,2.8342075347243987,0.9673019597337502,2.9300129886189494,7.754922389984131,0.9503602086003495,0.9550688862800598,0.8955092430114746,0.1841953694820404,5.185058147268105,1.0665080536301828,4.861709519735072,0.7708735167980194,1.0837318734879429,bottleneck,bottleneck
20160328_151057_1281_361,Consensus_7of7,boundary_margin_error,1,31,5857,398,19.45086097717285,19.450101852416992,19.441558837890625,1.000478415279421,1.000038977930431,1.000439368785097,0.009302139282226562,1.0888591203393614,12.322609901428223,12.854684829711914,9.805530548095703,1.2566998373302214,0.9586084066672507,1.3109625691029851,2.5170793533325195,0.8255008178852583,3.6769566535949707,3.8783106803894043,3.0529301166534424,1.2044021018153765,0.9480817831602909,1.2703564319658562,0.6240265369415283,0.7560470458826476,14.252636909484863,16.01410484313965,15.645345687866211,0.9109824917167565,0.8900051647648258,1.0235698295876965,-1.3927087783813477,-3.7767435966400464,12.288440704345703,13.628077507019043,8.209253311157227,1.4969009654926198,0.901700169838076,1.6600871395221701,4.079187393188477,0.7527809070284329,14.26512622833252,17.11366844177246,9.325170516967773,1.5297441127357463,0.8335515814926878,1.8352121899991864,4.939955711364746,0.6342629553295575,10.623222351074219,12.934967994689941,4.792769908905029,2.21650952089868,0.821279305380265,2.698849630107837,5.8304524421691895,0.7160784324749243,0.9752514362335205,0.8567566275596619,0.1384001523256302,7.046555753661279,1.1383049357977348,6.190386518920631,0.8368512839078903,1.1649526561798647,bottleneck,bottleneck
20160328_151057_641_1081,Consensus_7of7,boundary_margin_error,1,30,4521,328,19.4346866607666,19.440431594848633,19.434024810791016,1.0000340047904648,0.9997044338363358,1.0003296169368088,0.0006618499755859375,0.10330455492706163,10.49393367767334,12.553606033325195,9.926247596740723,1.0571902945407812,0.8359297570663012,1.2646878537222173,0.5676860809326172,0.21606723811563402,3.1398324966430664,3.81268048286438,2.9901881217956543,1.0500447860493682,0.8235234206567349,1.2750633246150018,0.1496443748474121,0.1819401394232623,15.875566482543945,16.04981803894043,15.686656951904297,1.0120426244531402,0.9891430204930217,1.023150889638162,0.18890953063964844,0.520181091485864,9.796229362487793,12.327402114868164,7.25196647644043,1.3508374650483395,0.7946709676973649,1.6998700221583138,2.5442628860473633,0.5012895576458386,13.11107349395752,16.931982040405273,9.175840377807617,1.428868803864409,0.7743377407519362,1.8452784157054414,3.9352331161499023,0.5073699382164107,11.098063468933105,12.088768005371094,5.0592265129089355,2.1936280668571837,0.9180474425478878,2.3894493723648216,6.03883695602417,0.8590655539197927,0.9652364253997803,0.8243339657783508,0.15125681459903717,6.381398726131829,1.1709274329864048,5.4498603458177834,0.8139796108007431,1.2093407262073168,T2,S0
20160328_151057_641_721,Consensus_7of7,boundary_margin_error,1,31,5604,434,19.442386627197266,19.43944549560547,19.435625076293945,1.0003478432275235,1.0001512456433603,1.000196516402226,0.0067615509033203125,1.7698452321517724,11.974925994873047,11.550127029418945,11.13442325592041,1.0754867714426928,1.036778636944293,1.0373349141315051,0.8405027389526367,2.021879021879022,3.5762550830841064,3.5278491973876953,3.447862148284912,1.037238118010299,1.013720788295448,1.0231987308262427,0.12839293479919434,1.6051715401353244,16.117250442504883,15.845029830932617,15.996307373046875,1.0075606237787833,1.0171801250800245,0.9905429091146333,0.12094306945800781,-0.7994780174750672,10.912126541137695,11.5293607711792,8.061139106750488,1.3536703737477234,0.9464640591307967,1.4302394721466738,2.850987434387207,0.8220314934388211,15.001707077026367,15.899866104125977,10.97093677520752,1.3674042624622038,0.9435114758370189,1.4492713776990889,4.030770301818848,0.8177780675754404,10.616475105285645,12.200501441955566,5.213876247406006,2.0361958292300657,0.8701670407259043,2.340005501285157,5.402598857879639,0.7732773273846635,0.828886866569519,0.8168235421180725,0.10951531678438187,7.568615261244128,1.0147673384300724,7.45846432843658,0.7193715497851372,1.017055258258527,bottleneck,bottleneck
20160328_151244_1921_721,Consensus_7of7,high_quality,1,33,6222,201,19.42976188659668,19.431962966918945,19.42006492614746,1.0004992753621995,0.9998866774184012,1.0006126158797157,0.00969696044921875,0.8150048092337288,10.062260627746582,9.813899040222168,8.588976860046387,1.1715317924561794,1.0253070223363303,1.1426154776662991,1.4732837677001953,1.2027570335029554,3.105786085128784,2.989656448364258,2.5123450756073,1.2362094996717496,1.0388434590819307,1.1899859169050107,0.5934410095214844,1.2432995386088534,15.828369140625,15.620573043823242,15.594908714294434,1.0149702326340868,1.0133026543210764,1.0016456221933292,0.2334604263305664,9.09668908624726,8.065427780151367,8.328973770141602,5.11036491394043,1.5782485864955196,0.9683578114637807,1.6298194513667246,2.9550628662109375,0.9181180436130131,11.47598934173584,11.227331161499023,7.497434139251709,1.5306553679477666,1.022147485855056,1.4974896018399675,3.978555202484131,1.0666662320041738,9.55924129486084,9.125996589660645,4.338662147521973,2.2032688341616473,1.0474735721704598,2.1034121063012132,5.220579147338867,1.090498107127575,0.8900933265686035,0.7202882766723633,0.22915464639663696,3.8842303934679148,1.235744242480898,3.1432272693191385,0.6609386801719666,1.3457410354915227,bottleneck,bottleneck
20160328_151752_1921_721,Consensus_7of7,boundary_margin_error,1,51,24640,437,19.42572021484375,19.437339782714844,19.423681259155273,1.0001049211813333,0.9994021523828286,1.0007031377149476,0.0020389556884765625,0.14928082670018153,8.274574279785156,11.24539852142334,8.257076263427734,1.0021190326551648,0.7358186131156537,1.3619102937587233,0.017498016357421875,0.00585546498895957,2.5209341049194336,3.3550007343292236,2.640052556991577,0.9548799107667028,0.7513957680333218,1.2708078309412596,-0.11911845207214355,-0.16661130952976447,15.11121654510498,15.60617733001709,15.239805221557617,0.9915622499011347,0.9682842413789355,1.0240404046569318,-0.12858867645263672,-0.35097834546774986,8.308514595031738,9.709196090698242,6.405276775360107,1.297135719389567,0.8557365266579656,1.5158118712739803,1.9032378196716309,0.5760545697457042,11.471089363098145,13.141284942626953,8.02512264251709,1.4293972123151268,0.8729046314933975,1.6375180655167045,3.4459667205810547,0.6735452314534777,8.700604438781738,9.808151245117188,4.337395668029785,2.0059508282727325,0.8870788525038626,2.26129911460748,4.363208770751953,0.7975514002171706,0.8518557548522949,0.6498283743858337,0.11052089184522629,7.707574858067258,1.3108914253951665,5.879634916997681,0.7413348630070686,1.3746051872203524,T3,S0
20160328_151752_1_721,Consensus_7of7,false_crack_high_fp,1,123,236,231,19.478471755981445,19.472427368164062,19.473386764526367,1.000261073805778,1.0003103561457831,0.9999506815981934,0.005084991455078125,-5.300198807157058,12.836485862731934,13.949479103088379,12.054478645324707,1.0648726648031237,0.9202124930727683,1.1572029248478297,0.7820072174072266,0.41266861662402393,3.9047255516052246,4.33480978012085,3.3410959243774414,1.1686956828804977,0.9007833904797028,1.2974211398936204,0.5636296272277832,0.5671950974318716,16.562049865722656,15.077550888061523,15.292478561401367,1.08301925787926,1.0984574942061096,0.9859454660392466,1.269571304321289,-5.9069699336196795,12.064995765686035,14.857345581054688,9.063105583190918,1.3312207745700173,0.8120558876287296,1.6393215113027777,3.001890182495117,0.5180817818388364,17.865732192993164,18.699993133544922,11.145966529846191,1.602887514713557,0.9553870480068642,1.6777361932439592,6.719765663146973,0.8895607621843332,15.702807426452637,15.542222023010254,5.9936089515686035,2.6199248121481467,1.0103321386654045,2.5931320437264453,9.709198474884033,1.0168176678896612,0.9869570136070251,0.9918836355209351,0.23540566861629486,4.19256183101479,0.9950320614540803,4.213489963352197,0.7515513449907303,0.9934874218028203,T1,T4
20160328_151752_641_361,Consensus_7of7,complex_topology,1,144,20836,611,19.44391632080078,19.445871353149414,19.439977645874023,1.0002025555170861,0.9998994114373935,1.0003031231352015,0.0039386749267578125,0.6682847896440129,14.37490463256836,12.856310844421387,12.794146537780762,1.1235531394428324,1.1181204070439472,1.0048587298573086,1.5807580947875977,25.428709499263622,4.403294086456299,3.8586220741271973,3.815352201461792,1.1540986781431524,1.141156832856058,1.0113407253223181,0.5879418849945068,13.587788657038796,15.93679141998291,15.666733741760254,16.050752639770508,0.9928998835602819,1.0172375854110054,0.9760746500364487,-0.11396121978759766,0.2967594052742548,14.099430084228516,11.620221138000488,8.761218070983887,1.6093000266280464,1.2133528874736839,1.3263246865365206,5.338212013244629,1.8671585472677044,20.47301483154297,16.302982330322266,11.543536186218262,1.7735477870669956,1.25578333834549,1.412303877687185,8.929478645324707,1.8761591947807907,17.341705322265625,13.47192668914795,5.6731157302856445,3.0568215227597584,1.2872475062521973,2.3746958382204184,11.66858959197998,1.4962011072624077,0.9711167812347412,0.7896071076393127,0.13833041489124298,7.020218668320853,1.2298718463493035,5.708082348901779,0.8327863663434982,1.2786982485578384,bottleneck,S2
20160328_152022_1_361,Consensus_7of7,moderate_general_error,1,29,2522,341,19.438705444335938,19.45267677307129,19.43434715270996,1.0002242056997095,0.9992817272306492,1.0009431044569803,0.0043582916259765625,0.23777315296566076,10.942423820495605,14.518025398254395,10.789692878723145,1.014155169135395,0.7537129028647648,1.3455456254308915,0.15273094177246094,0.040964946386183185,3.286729574203491,4.306073188781738,3.2428879737854004,1.0135189951837653,0.7632775075650433,1.3278509451266507,0.04384160041809082,0.04123608925302995,15.244434356689453,15.668814659118652,15.503645896911621,0.9832805441232151,0.9729155469269801,1.0106534780690815,-0.25921154022216797,-1.5693738740819438,8.547152519226074,12.799712181091309,6.471125602722168,1.320813676498092,0.6677612535765697,1.9779727653152288,2.0760269165039062,0.32803958526848387,11.529935836791992,18.290367126464844,8.418726921081543,1.3695579599287915,0.6303829292593082,2.1725808575739203,3.111208915710449,0.3151663605014508,9.375779151916504,15.946480751037598,4.775430202484131,1.9633366609991822,0.5879528348819918,3.3392755700767713,4.600348949432373,0.4118098767378749,0.9220191836357117,0.8924245238304138,0.1842791587114334,5.003355706240263,1.0331609294165833,4.842759687589983,0.7377400249242783,1.041791786352122,Final_Head,Final_Head
20160328_152022_641_721,Consensus_7of7,boundary_margin_error,1,28,15391,177,19.43464469909668,19.449735641479492,19.433002471923828,1.000084455661999,0.9992240541524543,1.0008610181941169,0.0016422271728515625,0.09814202667274592,11.478927612304688,13.076193809509277,10.92718505859375,1.050492555974831,0.877849235157997,1.1966661626691557,0.5517425537109375,0.2567428138558684,3.5613174438476562,3.856478691101074,3.2741692066192627,1.0877007666394005,0.9234632953119104,1.1778491794056951,0.28714823722839355,0.4931196294766218,15.124592781066895,15.467131614685059,15.414506912231445,0.981192060569478,0.9778536951772856,1.0034139073886268,-0.2899141311645508,-5.509088273137493,11.232392311096191,11.81865406036377,7.416226863861084,1.5145694707994464,0.9503951383407637,1.5936206758095302,3.8161654472351074,0.8668321534690436,15.701842308044434,17.303081512451172,10.591291427612305,1.4825237255378332,0.907459251653311,1.6337082212309353,5.110550880432129,0.7614288909267668,13.942854881286621,15.229272842407227,5.460317611694336,2.553487419474988,0.9155298555641924,2.7890813568627246,8.482537269592285,0.8683157071826678,0.9773375391960144,0.8770076036453247,0.21041396260261536,4.6448100796034675,1.1143990322713688,4.167990682780578,0.766923576593399,1.1505113901082975,T3,T3
20160328_153548_1921_721,Consensus_7of7,high_quality,1,14,17849,396,19.429519653320312,19.447063446044922,19.42963981628418,0.9999937640142186,0.9990978179368261,1.000896703646016,-0.0001201629638671875,-0.006896551724137931,10.778523445129395,12.962451934814453,10.53571891784668,1.023045746202063,0.8315188104699321,1.2303337632255278,0.24280452728271484,0.10005407499919437,3.3894729614257812,3.8054749965667725,3.3475124835968018,1.0125345209316066,0.8906830484501016,1.1368064729877965,0.04196047782897949,0.09162426321066787,15.727910995483398,15.844931602478027,15.958195686340332,0.9855694414987347,0.9926145721202798,0.9929023882780406,-0.2302846908569336,2.03316605762592,9.37568473815918,11.941285133361816,7.349380016326904,1.2757108003151247,0.7851486542948832,1.6248014774079393,2.0263047218322754,0.44127756784763494,13.412896156311035,17.253786087036133,9.759008407592773,1.3744116432427496,0.7773885285966579,1.7679853934367786,3.6538877487182617,0.48752450105893436,8.398409843444824,14.661372184753418,4.727588176727295,1.7764677787122525,0.5728255967304929,3.1012365154162675,3.6708216667175293,0.36952903986553803,0.7089366316795349,0.8759769201278687,0.11993880569934845,5.9107702196601615,0.80930879122621,7.30347122892352,0.5889978259801865,0.7790583764753747,T2,T2
20160328_153548_641_361,Consensus_7of7,complex_topology,1,585,4068,1632,19.445396423339844,19.453693389892578,19.43960952758789,1.0002976343452838,0.9995734503489966,1.0007244415871759,0.005786895751953125,0.4108884073672806,14.404345512390137,13.231769561767578,12.672748565673828,1.1366393250133038,1.0886181441212899,1.0441119737430893,1.7315969467163086,3.0975526121847365,4.271951675415039,3.953568935394287,3.820842981338501,1.1180649344175806,1.0805301904920015,1.0347370776467273,0.4511086940765381,3.39879790117713,16.473613739013672,16.238950729370117,16.29438018798828,1.0109996537430654,1.0144505639005712,0.9965981857194414,0.17923355102539062,-3.2335432366401706,13.149744987487793,11.740550994873047,8.961779594421387,1.467313872387522,1.1200278311641672,1.3100690059497122,4.187965393066406,1.5071284353889982,18.17241668701172,16.077417373657227,11.372048377990723,1.5979896044227804,1.1303068853882123,1.4137660538805958,6.800368309020996,1.4452359241717112,15.349233627319336,12.365509033203125,5.380326271057129,2.852843861355577,1.241294017481244,2.2982819464760076,9.968907356262207,1.4271505407540042,0.9485124349594116,0.740395188331604,0.11053577065467834,8.580967485675925,1.2810876796877806,6.698180016898002,0.8379766643047333,1.3304185676787919,S2,S2
20160328_153604_641_361,Consensus_7of7,boundary_margin_error,1,33,16239,406,19.43373680114746,19.43585777282715,19.430185317993164,1.0001827302680575,0.9998908218204047,1.0002918888548553,0.003551483154296875,0.6260928043039677,10.585991859436035,10.953299522399902,10.23211669921875,1.034584645194641,0.9664659376219336,1.070482166486046,0.35387516021728516,0.49068717229888326,3.072253465652466,3.2826693058013916,2.972278594970703,1.0336354193767388,0.9359007087074627,1.104428167308314,0.0999748706817627,0.3220936297165699,16.36111068725586,16.235973358154297,16.578168869018555,0.9869069273944201,1.0077073495154119,0.9793586075201365,-0.2170581817626953,0.6343104303574514,9.286026000976562,10.541190147399902,8.303009033203125,1.1183927231019148,0.8809275793530279,1.2695624966423575,0.9830169677734375,0.43920349498892797,12.251537322998047,14.188247680664062,10.102420806884766,1.2127327048103127,0.8634989136957127,1.4044402373889022,2.1491165161132812,0.5259930443713092,7.906473636627197,11.617167472839355,4.888193130493164,1.617463101006081,0.6805852609534184,2.3765765357742272,3.018280506134033,0.4485498610300317,0.7794898152351379,0.810806393623352,0.15374445915222168,5.070002194103005,0.961374823867526,5.273693272596634,0.6257453560829163,0.9523384680419498,bottleneck,Final_Head
20160328_153620_1281_721,Consensus_7of7,complex_topology,2,808,21923,3779,19.42947769165039,19.442764282226562,19.426355361938477,1.0001606749950305,0.9993165791808267,1.0008446216049156,0.0031223297119140625,0.1902824596071138,12.5221586227417,13.229660034179688,10.867401123046875,1.1522678999965894,0.9465215012228878,1.217370985667595,1.6547574996948242,0.7004979394495294,3.823296546936035,3.9447412490844727,3.3403306007385254,1.1445859285619215,0.9692132731418324,1.180943008236762,0.48296594619750977,0.7990692214295237,16.490442276000977,16.069835662841797,16.541818618774414,0.996894093639183,1.0261736084805233,0.971467228708205,-0.0513763427734375,0.10885211452587339,11.678471565246582,12.798196792602539,7.6492156982421875,1.5267539182058116,0.912509069987716,1.6731382176090792,4.0292558670043945,0.7825346011500439,15.710530281066895,18.04259490966797,8.664410591125488,1.8132252970482594,0.8707466685904406,2.0823797115257165,7.046119689941406,0.751330902721742,12.854047775268555,15.572574615478516,4.632732391357422,2.774614183334697,0.8254285028156901,3.361422577118267,8.221315383911133,0.751502189472539,0.9036245942115784,0.9307423233985901,0.11193757504224777,8.072503994896604,0.9708633642538651,8.31475943880213,0.7916870191693306,0.966881323976873,S2,S2
20160328_153620_1921_361,Consensus_7of7,high_quality,1,11,30015,377,19.445600509643555,19.46389389038086,19.438861846923828,1.0003466078634735,0.9990600863372754,1.0012876804396504,0.0067386627197265625,0.26920146296860714,11.316033363342285,14.612560272216797,10.907262802124023,1.0374768199095599,0.7744045107860539,1.339709072533042,0.4087705612182617,0.11032057871672768,3.2604658603668213,4.359866619110107,3.254019260406494,1.0019808112563877,0.7478359769630608,1.339840034851372,0.0064465999603271484,0.005829556773445215,16.148096084594727,16.133689880371094,16.396289825439453,0.98486275075948,1.000892864771641,0.9839841249545949,-0.24819374084472656,0.9451401095309345,8.5745210647583,13.409080505371094,7.1748151779174805,1.1950858185257494,0.6394562566663289,1.8689092755632288,1.3997058868408203,0.22451817709409722,10.921462059020996,19.330110549926758,8.171353340148926,1.3365547012641175,0.5649973633526382,2.3655944590422036,2.7501087188720703,0.24645295772384893,6.608535289764404,17.036659240722656,4.513350963592529,1.4642189093766476,0.38790086768109927,3.774724279903455,2.095184326171875,0.16730278292342834,0.6565511226654053,0.9174355268478394,0.14070560038089752,4.666100388241199,0.7156365628052839,6.520202494867408,0.5158455222845078,0.6641246908444727,T2,T2
20160328_153620_1_361,Consensus_7of7,high_quality,1,22,31387,0,19.456241607666016,19.461711883544922,0.0,19456241.607666016,0.9997188697669293,19461711.883544922,19.456241607666016,0.9997189211354254,14.93334674835205,14.683975219726562,0.0,14933346.74835205,1.0169824933583373,14683975.219726562,14.93334674835205,1.0169825626163194,4.756640434265137,4.370702266693115,0.0,4756640.434265137,1.088300930999606,4370702.266693115,4.756640434265137,1.0883011799987061,14.419342041015625,16.302549362182617,0.0,14419342.041015625,0.8844838212838457,16302549.362182617,14.419342041015625,0.8844838755381713,13.037237167358398,12.79415225982666,0.0,13037237.167358398,1.0189996088521946,12794152.25982666,13.037237167358398,1.0189996884979258,15.350119590759277,18.018550872802734,0.0,15350119.590759277,0.8519063962031711,18018550.872802734,15.350119590759277,0.8519064434825779,11.472567558288574,15.659989356994629,0.0,11472567.558288574,0.7326037434732061,15659989.356994629,11.472567558288574,0.7326037902550862,0.9512248635292053,0.9292050004005432,0.0,951224.8635292053,1.0236964280462788,929205.0004005432,0.9512248635292053,1.0236975297368935,bottleneck,bottleneck
20160328_153620_641_721,Consensus_7of7,high_quality,1,110,47486,2517,19.451812744140625,19.44666290283203,19.427894592285156,1.0012310726986284,1.0002647673315237,1.0009659981163541,0.02391815185546875,1.274390243902439,13.215230941772461,12.697402000427246,10.221663475036621,1.2928648728440204,1.0407821931246721,1.2422049296801787,2.99356746673584,1.2091614021571648,3.9335055351257324,3.7794981002807617,3.4502484798431396,1.1400640904681951,1.0407478427058046,1.0954274820882202,0.4832570552825928,1.4677528090701266,16.658140182495117,16.06705093383789,15.954154014587402,1.0441255063188266,1.0367888428500296,1.0070762706735183,0.7039861679077148,6.235654370211436,12.438196182250977,11.456192016601562,6.4040727615356445,1.942231873867174,1.085718105851251,1.788891328112133,6.034123420715332,1.1943747002141185,17.190021514892578,15.95561695098877,6.277312278747559,2.7384361352636377,1.0773648233302875,2.541790769788092,10.91270923614502,1.1275434702365035,13.485655784606934,13.648895263671875,4.063227653503418,3.3189507494192485,0.9880400234633313,3.3591255692449042,9.422428131103516,0.9829704632266012,0.9203991889953613,0.8673745393753052,0.072613425552845,12.675156237730514,1.0611311331862603,11.944934257506109,0.8477857634425163,1.0667177202027793,bottleneck,bottleneck
20160328_153629_1_361,Consensus_7of7,high_quality,1,84,33770,1885,19.45314598083496,19.464685440063477,19.430055618286133,1.0011883322319863,0.999407107878976,1.0017822295867502,0.023090362548828125,0.666776823088786,11.59668254852295,14.67197036743164,9.581050872802734,1.2103767626435558,0.7903970269642758,1.5313527744359938,2.015631675720215,0.39592684147662816,3.4695842266082764,4.3761162757873535,3.148298740386963,1.1020501580900375,0.7928453485022352,1.3899935319530528,0.3212854862213135,0.26167201311108695,15.560609817504883,16.116697311401367,15.80989933013916,0.9842319997325321,0.9654961281056497,1.0194053709925892,-0.24928951263427734,-0.8125526498207963,10.109962463378906,13.30276107788086,5.987586975097656,1.6884866669894758,0.7599897227500766,2.2217228595566305,4.12237548828125,0.563537576872273,12.973414421081543,19.098608016967773,6.39325475692749,2.0292343860988264,0.679285827023087,2.987305489268632,6.580159664154053,0.5179045028877214,10.051456451416016,16.693994522094727,4.136024475097656,2.4302211173345563,0.6021001046821163,4.036240739474788,5.915431976318359,0.47105001478586017,0.8666310906410217,0.9418143630027771,0.0999792292714119,8.668024638035353,0.9201709004596756,9.420006033853706,0.7666518613696098,0.9106912157152296,bottleneck,Final_Head
20160328_153629_641_721,Consensus_7of7,complex_topology,1,136,28791,2834,19.445096969604492,19.455358505249023,19.43002700805664,1.0007755501711888,0.9994725085577697,1.0013036778527482,0.015069961547851562,0.5949100218357052,12.442602157592773,14.063450813293457,10.584017753601074,1.175602807143491,0.8847473808550631,1.3287439431745671,1.8585844039916992,0.5341630007263358,3.6848840713500977,4.134732246398926,3.4844276905059814,1.0575289089400213,0.8912023706872465,1.1866313285919226,0.2004563808441162,0.3082500022914127,15.508480072021484,15.8839111328125,15.513692855834961,0.9996639237655502,0.9763640054382158,1.0238639024604894,-0.0052127838134765625,-0.014080298401347752,12.103069305419922,13.036524772644043,7.275455951690674,1.663547648729803,0.9283968379686792,1.7918496197843092,4.827613353729248,0.8379718249799265,14.753155708312988,18.921377182006836,7.315782070159912,2.0166201713237113,0.7797083048814281,2.586377562121076,7.437373638153076,0.6408437970200295,9.660737991333008,16.558061599731445,4.371076583862305,2.210150198889111,0.5834461570093167,3.7880960202725715,5.289661407470703,0.4340418405850858,0.8595680594444275,0.9443833827972412,0.08080103993415833,10.637949984243566,0.9101887696389154,11.687618079528358,0.7787670195102692,0.9017866402043136,bottleneck,T3
20160328_153829_1281_361,Consensus_7of7,complex_topology,1,244,32381,21796,19.42765998840332,19.44110679626465,19.418760299682617,1.000458252129648,0.9993082797543095,1.0011507168885379,0.008899688720703125,0.39825879139638104,10.862789154052734,12.148943901062012,8.409003257751465,1.2918044540219322,0.894134366606861,1.444754162166472,2.4537858963012695,0.6561028985019426,3.312746047973633,3.6133267879486084,2.828132390975952,1.1713542432418462,0.9168130439265726,1.277636620492535,0.48461365699768066,0.6171893977671328,15.940197944641113,15.969524383544922,15.771296501159668,1.0107093562510647,0.9981635372248429,1.0125688379393438,0.1689014434814453,0.8520569429944626,10.8985595703125,11.577471733093262,5.947825908660889,1.8323599085310696,0.941359122285804,1.946504481533382,4.950733661651611,0.8794041074778953,13.707528114318848,16.374269485473633,5.610348701477051,2.443257344673191,0.8371382484782711,2.9185826832082746,8.097179412841797,0.7522518583451857,9.867770195007324,14.16738224029541,3.936551570892334,2.506703522257422,0.6965132535513713,3.5989312946185197,5.93121862411499,0.5797396922864965,0.8411756157875061,0.9219119548797607,0.08598758280277252,9.782410505786173,0.9124241191482283,10.721329795541596,0.7551880329847336,0.9034166943934746,S2,T2
20160328_153829_1281_721,Consensus_7of7,boundary_margin_error,1,44,3858,427,19.44929313659668,19.457698822021484,19.449398040771484,0.9999945548870387,0.9995679507083725,1.0004267371568962,-0.0001049041748046875,-0.012637867647058824,13.857809066772461,13.973236083984375,13.123476028442383,1.0559556005423385,0.9917393502652143,1.0647510605383252,0.7343330383300781,0.8641651646731116,4.108413219451904,4.221597194671631,3.909595251083374,1.0508535806768888,0.9731890696365691,1.0798038783421176,0.19881796836853027,0.6372331084927684,15.872787475585938,16.065706253051758,16.029356002807617,0.9902323263999762,0.9879918279085301,1.0022676673953779,-0.1565685272216797,-4.30722006506454,13.495984077453613,14.239779472351074,9.954536437988281,1.3557620493696216,0.9477663018512353,1.430481281632389,3.541447639465332,0.8264286555201036,19.092655181884766,19.636577606201172,13.264585494995117,1.4393705517385444,0.9723004992252247,1.4803761590012838,5.828069686889648,0.9146385596805995,13.88509464263916,15.278851509094238,6.2905731201171875,2.2072857544488316,0.9087786294405624,2.4288484989363113,7.594521522521973,0.844936170628144,0.9445943236351013,0.8597593903541565,0.1131051629781723,8.351395704382554,1.098671599939606,7.601348748079063,0.831489160656929,1.113620107099756,S2,S2
20160328_153829_1921_1,Consensus_7of7,complex_topology,1,559,19769,34931,19.437824249267578,19.438947677612305,19.426454544067383,1.0005852176777388,0.9999421559075351,1.0006430474934855,0.011369705200195312,0.9100763358778626,11.43812370300293,11.724932670593262,9.464207649230957,1.2085663077527744,0.9755384571334791,1.2388708982600471,1.9739160537719727,0.8731340765107727,3.45507550239563,3.506866693496704,3.189995527267456,1.0830969478688555,0.9852312104054795,1.099332448647108,0.26507997512817383,0.8365544214155332,16.22789764404297,16.199871063232422,15.947439193725586,1.0175863616298575,1.0017299877863945,1.0158289271783039,0.2804584503173828,1.111026317181349,10.945137977600098,11.826443672180176,6.574294567108154,1.664838136021705,0.9254799968199056,1.798891387139488,4.370843410491943,0.8322009377591741,14.924935340881348,16.744585037231445,6.30083703994751,2.368722263015934,0.8913290127146697,2.657517132018035,8.624098300933838,0.8257666024856856,10.906062126159668,14.309800148010254,4.1185150146484375,2.648056262831025,0.7621393206904299,3.4745039468376957,6.7875471115112305,0.6660148374508497,0.8413907289505005,0.9186376333236694,0.07039248943328857,11.952678233800025,0.9159104553509979,13.050036881525187,0.7709982395172119,0.9089332783929835,bottleneck,bottleneck
20160328_153829_1_1,Consensus_7of7,boundary_margin_error,1,199,17183,3967,19.44113540649414,19.438289642333984,19.431541442871094,1.0004936799871265,1.000146348473356,1.0003472292270532,0.009593963623046875,1.4217071791972866,11.00915813446045,11.4248046875,9.844247817993164,1.1183339976472437,0.963618851435319,1.1605562698311649,1.1649103164672852,0.7370252465706972,3.276564598083496,3.4311978816986084,3.1094744205474854,1.0537354874818696,0.9549328707117785,1.1034651887019828,0.16709017753601074,0.5193596293480243,16.156051635742188,15.946396827697754,15.892208099365234,1.0166020050911293,1.0131474086066183,1.0034097039620933,0.2638435363769531,4.868974498864857,11.109596252441406,11.202705383300781,7.158280372619629,1.5519921157242471,0.991688603836108,1.5649993064188623,3.9513158798217773,0.9769784009807382,14.545401573181152,15.62285041809082,7.834488391876221,1.8565857767659555,0.9310337264257657,1.994112141410332,6.710913181304932,0.8616591214836807,11.108418464660645,13.289264678955078,4.476938724517822,2.481252629742977,0.8358940766946943,2.9683814160322126,6.631479740142822,0.75252320152816,0.8637539148330688,0.9174585938453674,0.13486348092556,6.404606378975557,0.9414626220352649,6.802818559408309,0.7288904339075089,0.9313761635797466,bottleneck,bottleneck
20160328_153829_641_1,Consensus_7of7,complex_topology,1,54,1042,310,19.441858291625977,19.4451847076416,19.437734603881836,1.0002120971201665,0.9998288822711362,1.000383228988786,0.004123687744140625,0.5535074244751664,11.292350769042969,12.621709823608398,10.50185775756836,1.075271628549082,0.8946767143421702,1.2018548444590658,0.7904930114746094,0.372900083047436,3.2739362716674805,3.6983931064605713,3.1670730113983154,1.033741636565665,0.8852318539953264,1.1677633971135615,0.10686326026916504,0.2011278347314224,15.590747833251953,15.90385627746582,15.845804214477539,0.9839037917118563,0.980312358269367,1.0036634971970528,-0.25505638122558594,-4.39357997108687,11.92169189453125,13.536323547363281,8.621199607849121,1.3828342984708206,0.8807185327758308,1.570120469652361,3.300492286682129,0.6714972658468443,17.180761337280273,20.22553253173828,11.054015159606934,1.5542551312763053,0.8494589925313912,1.8296999244171066,6.12674617767334,0.6680188161983015,13.796361923217773,18.155776977539062,5.298498153686523,2.603824502570452,0.7598882262321986,3.426588634048731,8.49786376953125,0.6609379703087873,0.9115997552871704,0.9588087201118469,0.10310348868370056,8.841513758763076,0.9507619042293716,9.299388730331987,0.8084962666034698,0.9448303421659744,bottleneck,Final_Head
20160328_153829_641_1081,Consensus_7of7,boundary_margin_error,1,18,6045,181,19.435400009155273,19.443992614746094,19.433042526245117,1.000121261649364,0.9995580328938031,1.0005634263354677,0.00235748291015625,0.21529350287406376,13.883722305297852,12.441451072692871,11.593160629272461,1.1975786027378226,1.1159245901666535,1.0731715359922611,2.2905616760253906,2.7002092193678,4.403341770172119,3.758051633834839,3.447331428527832,1.2773185822559463,1.1717083817633511,1.0901332296055062,0.9560103416442871,3.0767562756329343,15.893508911132812,15.547799110412598,15.79897403717041,1.0059835447388197,1.022235222878167,0.9841017581098225,0.09453487396240234,-0.376370663993682,14.292890548706055,12.020414352416992,8.757163047790527,1.632136896226378,1.1890513039411843,1.3726377953887707,5.535727500915527,1.6963840612174939,20.42511558532715,15.936931610107422,11.670705795288086,1.7501181328258162,1.2816215067868995,1.3655498239868193,8.754409790039062,2.052026819496846,16.612213134765625,13.172646522521973,5.9370293617248535,2.798067741384999,1.2611142222064962,2.218726487815197,10.675183773040771,1.4753660310939847,0.9899475574493408,0.9115376472473145,0.19413143396377563,5.09934139925357,1.086018196199149,4.695442325816632,0.7958161234855652,1.1092963912915494,S2,S2
20160328_153829_641_721,Consensus_7of7,boundary_margin_error,1,19,2344,319,19.42570686340332,19.428558349609375,19.425113677978516,1.0000304855561792,0.9998531807657621,1.0001772793462456,0.0005931854248046875,0.17220376522702105,10.313554763793945,11.942048072814941,9.930229187011719,1.0386017815864528,0.8636335942775412,1.2025952921448475,0.38332557678222656,0.1905368219213148,2.9950554370880127,3.622152805328369,2.921011447906494,1.0253483990575205,0.826871413544653,1.24003333430653,0.07404398918151855,0.1056049374319913,15.773728370666504,15.875844955444336,15.893582344055176,0.9924589080514998,0.993567739000213,0.9988839276689939,-0.11985397338867188,6.757137480509705,10.680920600891113,12.596811294555664,8.490757942199707,1.2579465126263496,0.8479066251949632,1.4835907343863657,2.1901626586914062,0.5333984901669001,14.817110061645508,17.36503791809082,11.258172988891602,1.3161201875424466,0.853272493746565,1.5424382262367626,3.5589370727539062,0.5827764514222821,10.917275428771973,14.106144905090332,5.510218620300293,1.9812777313904975,0.7739375093825149,2.5599968562272264,5.40705680847168,0.6290254975823993,0.9280203580856323,0.9430744051933289,0.16202929615974426,5.727449619487858,0.9840362212557009,5.8203584610100325,0.7659910619258881,0.9807257648328104,T2,T2
20160329_103807_361_1,Consensus_7of7,boundary_margin_error,1,17,23188,111,19.470321655273438,19.45723533630371,19.45277976989746,1.0009017160879703,1.0006725168335089,1.0002289938111646,0.017541885375976562,3.937071917808219,16.763591766357422,13.484504699707031,15.090474128723145,1.1108723630874733,1.2431743617210702,0.8935772124259153,1.6731176376342773,-1.0418116356419698,4.945770740509033,4.052002906799316,4.495562553405762,1.1001447720079949,1.2205740305950752,0.9013336945775327,0.4502081871032715,-1.0149890562581434,16.401264190673828,16.497865676879883,16.83153533935547,0.974436549343652,0.9941445468012277,0.9801758641785183,-0.4302711486816406,1.2895123443028713,15.056352615356445,10.831387519836426,9.41850757598877,1.598592016334795,1.3900667110022404,1.1500108995440748,5.637845039367676,3.990321374379688,20.54006576538086,14.732439994812012,11.879253387451172,1.7290702846702792,1.3942065522348936,1.2401822129825628,8.660812377929688,3.035487533688105,17.071727752685547,12.08288860321045,6.040944576263428,2.826002574789808,1.412884526243586,2.0001651149925124,11.03078317642212,1.8257009875008632,0.9876511693000793,0.7034906148910522,0.2573831379413605,3.8372650979956457,1.4039274220106148,2.7332322050526976,0.7302680313587189,1.636977789191084,bottleneck,bottleneck
20160329_103807_361_1281,Consensus_7of7,boundary_margin_error,1,253,33075,163,19.468523025512695,19.451534271240234,19.462078094482422,1.0003311018827428,1.0008733374530892,0.9994581861891015,0.0064449310302734375,-0.6112518089725036,17.445676803588867,13.388943672180176,14.446913719177246,1.2075711072365491,1.3029911789715476,0.926768374593318,2.998763084411621,-2.834449891018441,5.344942569732666,4.0729451179504395,3.754061222076416,1.4237757004401261,1.312303775926776,1.084943423153398,1.59088134765625,4.988904639714811,16.72528648376465,16.40038299560547,16.909042358398438,0.9891326273912165,1.0198106634726503,0.9699178509386028,-0.18375587463378906,0.3612552684075535,16.269319534301758,11.110343933105469,9.052467346191406,1.7972246808404095,1.4643397331278263,1.2273275650590771,7.216852188110352,3.506941200459719,22.801362991333008,14.510436058044434,11.018423080444336,2.0693851339232086,1.5713767200893631,1.3169248117612185,11.782939910888672,3.374254330230626,19.424043655395508,11.752832412719727,5.730541229248047,3.3895647005718517,1.6527115609733283,2.050911055630056,13.693502426147461,2.273802778538773,0.9929620027542114,0.6719163060188293,0.2587776482105255,3.837109474141785,1.477803881310337,2.59649051676088,0.7341843545436859,1.7770894605664018,T1,T1
20160329_103807_361_1921,Consensus_7of7,complex_topology,1,85,24964,2224,19.44267463684082,19.446334838867188,19.427457809448242,1.0007832124387352,0.9998117279236199,1.0009716159794282,0.015216827392578125,0.8061028594523593,12.103736877441406,13.702491760253906,9.121167182922363,1.3269941563081067,0.8833237199402195,1.5022737751847612,2.982569694519043,0.6510278073893386,3.5155298709869385,4.147004127502441,3.01934814453125,1.1643336701733842,0.847727399147005,1.3734761794652464,0.4961817264556885,0.44001161165156927,16.739967346191406,16.462974548339844,16.88681411743164,0.99130399840236,1.0168251357136646,0.9749010949581438,-0.14684677124023438,0.3464678193093144,10.372867584228516,11.633066177368164,6.412158966064453,1.6176869633829485,0.8916709089764964,1.8142195826265561,3.9607086181640625,0.7586245948958429,13.497262954711914,15.550858497619629,5.975240707397461,2.2588647649185556,0.8679432128351453,2.602548860637282,7.522022247314453,0.785539106938387,10.189398765563965,12.410147666931152,3.9402647018432617,2.585967428744044,0.8210537229674989,3.1495712741213535,6.249134063720703,0.7378064241830827,0.8043835163116455,0.7033752202987671,0.10930848866701126,7.358771192883661,1.143603512740272,6.434713297776501,0.6950750276446342,1.1700285349011774,bottleneck,bottleneck
20160330_165956_1281_721,Consensus_7of7,complex_topology,1,363,7124,10769,19.457048416137695,19.448659896850586,19.437437057495117,1.0010088962642387,1.000431264616705,1.00057733119572,0.019611358642578125,1.747450713800136,12.797945976257324,13.576845169067383,11.221449851989746,1.140489420223949,0.9426302557228162,1.209901050064305,1.5764961242675781,0.6693127530811062,3.8354461193084717,4.11955451965332,3.627926826477051,1.0572002263432385,0.9310339673808407,1.135511707148174,0.2075192928314209,0.42210659755697766,16.012418746948242,16.291706085205078,15.7832612991333,1.0145189532728938,0.982857024325556,1.0322141124208333,0.2291574478149414,0.45070271953303337,10.840653419494629,13.238882064819336,7.857980728149414,1.3795722355347912,0.8188495484413107,1.684768751420493,2.982672691345215,0.554307262803503,15.2171630859375,18.216447830200195,8.709403038024902,1.7472106035613906,0.8353528850644961,2.091583735312764,6.507760047912598,0.6845197629939395,12.139760971069336,11.941160202026367,4.7043938636779785,2.5805148850915667,1.0166315290182388,2.5382988775501207,7.435367107391357,1.0274433026793421,0.8876523375511169,0.8319330215454102,0.06253967434167862,14.193200615356396,1.066974440956512,13.30227136663587,0.8251126632094383,1.0724198047828357,bottleneck,bottleneck
20160330_165956_1921_721,Consensus_7of7,moderate_general_error,1,61,6352,534,19.453845977783203,19.44879150390625,19.452922821044922,1.0000474045314094,1.000259834839409,0.9997875734683028,0.00092315673828125,-0.2234533702677747,13.691203117370605,14.179581642150879,13.164779663085938,1.0399871800189393,0.9655575529191887,1.0770845337294868,0.526423454284668,0.5187450016304904,4.196502208709717,4.2966461181640625,3.987595558166504,1.0523888631901286,0.9766923122378416,1.0775027151040724,0.2089066505432129,0.6759626986110725,15.860872268676758,16.427438735961914,15.976061820983887,0.9927898034955251,0.9655109087970134,1.0282532636504886,-0.1151895523071289,-0.2551959315702626,11.365489959716797,13.818808555603027,9.066117286682129,1.2536225096921998,0.8224651996241241,1.5242254864358507,2.299372673034668,0.4838043421988868,15.674514770507812,19.349218368530273,12.620830535888672,1.2419557876147598,0.8100851239508385,1.5331175535866017,3.0536842346191406,0.45385080506280023,11.197212219238281,13.074380874633789,5.720539569854736,1.9573696021392986,0.8564238314747796,2.285514929049055,5.476672649383545,0.7447363115960105,0.9182997941970825,0.8700096607208252,0.09048252552747726,10.148806524102788,1.0555040709917836,9.615116736986868,0.8278172686696053,1.0619479826886076,S2,S0
20160330_165956_1_721,Consensus_7of7,complex_topology,2,84,2297,922,19.435678482055664,19.43865394592285,19.434221267700195,1.0000749304158103,0.9998468791243289,1.0002280347606203,0.00145721435546875,0.3287435456110155,10.850617408752441,11.404467582702637,10.458168029785156,1.037525534139827,0.951435600007682,1.090484151692557,0.39244937896728516,0.4147200299919276,3.263916015625,3.4549317359924316,3.176255941390991,1.0275982314565584,0.9447118844377264,1.0877368549659585,0.08766007423400879,0.3145593407542963,15.302231788635254,15.616418838500977,15.338400840759277,0.9976418630506924,0.9798809168096827,1.018125551842234,-0.03616905212402344,-0.13009608161277156,8.759282112121582,10.873771667480469,7.436253547668457,1.1779158521231556,0.8055421407068253,1.4622645846476303,1.323028564453125,0.3848790081506473,11.308250427246094,14.402063369750977,10.15389633178711,1.1136857166996603,0.7851826055573742,1.418377879857505,1.1543540954589844,0.27172992143271807,7.57471227645874,9.771261215209961,4.8866987228393555,1.5500670608132945,0.7752030504992418,1.9995624387439326,2.6880135536193848,0.5503079462731618,0.8060253858566284,0.8424648642539978,0.11492154002189636,7.013640541734069,0.9567454540966626,7.330719144333929,0.6911038458347321,0.9499143526114681,S0,Final_Head
20160330_165956_641_721,Consensus_7of7,boundary_margin_error,1,14,8157,406,19.44538688659668,19.445297241210938,19.442222595214844,1.0001627021398218,1.0000045587053816,1.000158091279068,0.0031642913818359375,1.0291563275434243,15.211932182312012,13.389715194702148,14.172906875610352,1.0733105948208188,1.1360907102968212,0.9447401558112171,1.0390253067016602,-1.3266551880336468,4.8012003898620605,4.05357027053833,4.310424327850342,1.113857687973561,1.184437146759342,0.9404107395962922,0.49077606201171875,-1.9107195235602288,16.651636123657227,16.23695182800293,16.69289779663086,0.997528130166226,1.025539477760822,0.9726861718756747,-0.04126167297363281,0.09049684790020372,14.92345142364502,13.051623344421387,11.667759895324707,1.279033017348245,1.1434171739721963,1.118605657204648,3.2556915283203125,2.3526103897356876,22.506444931030273,18.144685745239258,16.586442947387695,1.3569180351388674,1.2403876268040526,1.0939467074916307,5.920001983642578,3.7991524759843713,12.521260261535645,12.708877563476562,6.993792533874512,1.7903388484216456,0.9852372260066986,1.817165105306724,5.527467727661133,0.9671715642078589,0.8344703316688538,0.8864825963973999,0.09378314763307571,8.897775932598586,0.941326308868067,9.45237141639016,0.740687184035778,0.934385895171715,bottleneck,bottleneck
20160330_172309_1281_721,Consensus_7of7,high_quality,1,73,25008,703,19.47920036315918,19.456010818481445,19.4515380859375,1.0014220611078368,1.001191844705589,1.0002298909368657,0.027662277221679688,6.184648187633262,13.54063892364502,14.290255546569824,9.669670104980469,1.4003205255523912,0.9475434453900872,1.4778429784658833,3.870968818664551,0.8377658778522756,4.187543869018555,4.307359218597412,2.795747995376587,1.4978254041917283,0.972183345831737,1.540681665528851,1.3917958736419678,0.9207366631457233,15.831403732299805,16.09560203552246,16.00313377380371,0.9892689123767787,0.9835856225678791,1.005778071798165,-0.17173004150390625,-1.8571782178217822,12.71373462677002,12.637980461120605,6.044054985046387,2.1035104006688723,1.0059940874167652,2.0909767368780603,6.669679641723633,1.011488477679083,18.478981018066406,17.918119430541992,7.919343948364258,2.333397665912159,1.0313013069478207,2.2625759513408976,10.559637069702148,1.0560930274436224,16.439680099487305,14.808457374572754,4.579906940460205,3.589521953979579,1.110154729388677,3.233352627844469,11.8597731590271,1.1594774093770286,0.988818883895874,0.8798714876174927,0.2245156466960907,4.404211885608442,1.1238206647117526,3.918958796888236,0.7643032371997833,1.1662415888827755,bottleneck,bottleneck
20160402_150314_1281_721,Consensus_7of7,high_quality,1,38,8744,294,19.437454223632812,19.438844680786133,19.434932708740234,1.000129689914581,0.9999284187355478,1.0002012341335715,0.002521514892578125,0.644563627498781,13.795581817626953,12.304740905761719,13.041224479675293,1.05784397632932,1.1211597872822627,0.9435264289340459,0.7543573379516602,-1.0242690599915314,4.288845062255859,3.721123695373535,3.9084672927856445,1.0973211859419008,1.1525668751676528,0.9520670033941646,0.38037776947021484,-2.030375068721875,15.978968620300293,15.66253662109375,16.29682159423828,0.980495954220526,1.0202030479901536,0.9610791631634511,-0.3178529739379883,0.5011201390475961,12.265978813171387,11.814831733703613,9.048779487609863,1.3555394376034104,1.0381847199732934,1.3056822131867598,3.2171993255615234,1.1631014309671441,18.223947525024414,16.943159103393555,12.867506980895996,1.4162763724010092,1.0755931841412707,1.316739739236887,5.356440544128418,1.3142536171232377,11.781021118164062,14.064194679260254,5.984772682189941,1.9684990183042586,0.8376604952629413,2.349996077732032,5.796248435974121,0.717408799549758,0.8429554104804993,0.8949018120765686,0.13167528808116913,6.401725191105606,0.9419519070729832,6.796225995715529,0.7112801223993301,0.9319384219980509,bottleneck,T3
20160402_151049_1_361,Consensus_7of7,high_quality,1,64,24614,138,19.442718505859375,19.450536727905273,19.431686401367188,1.0005676863910136,0.9995979945564857,1.0009700303503626,0.0110321044921875,0.5852473945158353,11.191835403442383,13.734514236450195,8.884705543518066,1.2596741770393654,0.8148693427300758,1.5458602002415442,2.3071298599243164,0.4757156428224918,3.087247133255005,4.078914642333984,2.355253219604492,1.310791466822394,0.7568793777476751,1.73183625291156,0.7319939136505127,0.4246738390718107,15.684783935546875,16.074724197387695,15.763636589050293,0.9949977501666118,0.97574196404277,1.0197344430547863,-0.07885265350341797,-0.25347410629707634,10.367441177368164,12.478419303894043,5.473623275756836,1.8940724929342472,0.8308296182436553,2.2797361812285986,4.893817901611328,0.698638173324905,15.464082717895508,17.701391220092773,8.150469779968262,1.8973238645186243,0.8736082747402373,2.1718243887945947,7.313612937927246,0.7657494602774055,13.351813316345215,15.273553848266602,5.034838676452637,2.6518845036496597,0.8741785032356443,3.0335730290875493,8.316974639892578,0.8123064759910772,0.9664807319641113,0.9199454188346863,0.4082289934158325,2.367490746765468,1.0505837211566853,2.253497865595605,0.5582517385482788,1.090939650982152,bottleneck,T4
20160402_151054_1921_361,Consensus_7of7,high_quality,1,84,14251,2249,19.44942283630371,19.45426368713379,19.44075584411621,1.0004457641364988,0.9997511162252624,1.0006947694025434,0.0086669921875,0.6416266591358374,12.672591209411621,13.806329727172852,10.864869117736816,1.1663822090909044,0.9178826336870327,1.27073122619608,1.8077220916748047,0.6145661396503957,3.7709743976593018,4.123891353607178,3.496882915496826,1.0783813500207466,0.9144211522303248,1.1793046189871212,0.2740914821624756,0.4371416164486072,16.31616973876953,16.4368953704834,15.980098724365234,1.021030532987969,0.9926551443172287,1.0285852813184688,0.3360710144042969,0.7357125260446026,11.240974426269531,13.033047676086426,7.105849266052246,1.5819323522721245,0.8624976937970725,1.8341292298756975,4.135125160217285,0.697652562670572,15.565191268920898,18.42984390258789,8.225337982177734,1.8923464799015337,0.8445644198956475,2.240618160846718,7.339853286743164,0.7192757144726267,10.955161094665527,14.976948738098145,4.619038105010986,2.371740278791052,0.7314681084091476,3.242438177639659,6.336122989654541,0.6117182522713145,0.8474942445755005,0.9095871448516846,0.07470905035734177,11.343778253687352,0.9317340483958165,12.174896690620411,0.7727851942181587,0.9256263870310412,bottleneck,T2
20160407_163130_1_721,Consensus_7of7,boundary_margin_error,1,26,3219,108,19.44160270690918,19.445226669311523,19.44146728515625,1.0000069141770034,0.999813580871153,1.0001933179171525,0.0001354217529296875,0.03602232369355657,12.105263710021973,11.823478698730469,11.983992576599121,1.0101193423250538,1.023832578773046,0.9866058942002368,0.12127113342285156,-0.7555180588315678,3.617382049560547,3.5553252696990967,3.583559274673462,1.0094380371180354,1.0174543136561984,0.9921209627269523,0.03382277488708496,-1.197944638665113,14.929986000061035,16.329008102416992,17.21790885925293,0.8671195355362856,0.9143228414179231,0.9483734225523175,-2.2879228591918945,2.573878851600721,12.19491195678711,11.339000701904297,8.718704223632812,1.398706762528424,1.0754837398727146,1.300537225546856,3.476207733154297,1.3266467218424942,13.843031883239746,14.844696998596191,12.055785179138184,1.1482479597385598,0.9325236447753151,1.2313337992244797,1.7872467041015625,0.6408401626871418,10.025487899780273,10.761836051940918,6.152039051055908,1.6296200636827038,0.9315777456388971,1.7493117669306795,3.8734488487243652,0.8402645166328849,0.9531580805778503,0.7408570647239685,0.1990615278482437,4.788234585790526,1.2865596339738588,3.721730416729986,0.7540965527296066,1.391847110956506,T2,T2
20160407_163257_1281_1,Consensus_7of7,high_quality,1,41,11421,286,19.43252944946289,19.445959091186523,19.43266487121582,0.9999929797715952,0.9993093351184177,1.0006840656891236,-0.0001354217529296875,-0.010186513629842181,13.492349624633789,14.349323272705078,12.702930450439453,1.0621445669666294,0.9402777000655422,1.1296072350456294,0.7894191741943359,0.4794840960907524,4.07063102722168,4.306983947753906,3.7981374263763428,1.071743725545388,0.9451231143365185,1.133972347570026,0.2724936008453369,0.5355123586334729,15.956656455993652,15.857521057128906,16.14075469970703,0.9885941372796615,1.0062515693503438,0.9824522068329634,-0.1840982437133789,0.64998720504256,14.123883247375488,14.289092063903809,9.65910816192627,1.4622345612417564,0.9884380474121439,1.479338500513872,4.464775085449219,0.9643176261460095,18.882659912109375,20.846954345703125,12.541906356811523,1.505565252150757,0.9057754285448392,1.6621837295250887,6.340753555297852,0.7634818683502989,16.780033111572266,18.7202205657959,5.954235553741455,2.81816702445727,0.8963586810442141,3.144016935980264,10.82579755783081,0.8480189775883658,0.989568829536438,0.9718449115753174,0.14459718763828278,6.8435769887509075,1.0182363456490675,6.721003405702567,0.8449716418981552,1.021425163766869,T1,T3
20160407_163257_1921_1081,Consensus_7of7,boundary_margin_error,1,95,6064,354,19.439088821411133,19.452590942382812,19.438987731933594,1.0000051489035215,0.9993058446395382,1.0006997385839764,0.0001010894775390625,0.0074312955692652834,10.980631828308105,14.439651489257812,11.093415260314941,0.989833210134708,0.7604498679228604,1.3016415457980726,-0.11278343200683594,-0.033704563662101644,3.108822822570801,4.271411418914795,3.2337512969970703,0.9613670241402591,0.7278208043794178,1.3208839226434617,-0.12492847442626953,-0.12039440640292336,16.387615203857422,16.43583106994629,16.119670867919922,1.016622133386644,0.9970663568547262,1.0196132529630184,0.2679443359375,0.8474954602766668,10.987592697143555,13.486747741699219,7.581048488616943,1.4493498180748703,0.8146954397668426,1.7790080069982088,3.4065442085266113,0.5768231775007309,14.82365608215332,18.87990379333496,9.903899192810059,1.4967493405188859,0.785155234860422,1.9063099815001388,4.919756889343262,0.5481009768038179,13.295122146606445,15.132918357849121,5.279151916503906,2.518419594371416,0.8785563335279752,2.8665429089087313,8.015970230102539,0.8134930209496843,0.9745914936065674,0.8970195055007935,0.16607752442359924,5.868257181288401,1.08647627075422,5.401176995123457,0.8085139691829681,1.106126053933112,T2,T2
20160407_163257_641_361,Consensus_7of7,high_quality,1,34,10007,316,19.443313598632812,19.451000213623047,19.440832138061523,1.000127590240278,0.9996047702169258,1.000522975300972,0.0024814605712890625,0.24404426936784843,14.172036170959473,14.675080299377441,13.843100547790527,1.0237616275538661,0.9657211351572336,1.0601006030848417,0.3289356231689453,0.395364938319154,4.114935398101807,4.32619571685791,4.127962589263916,0.9968439181014112,0.9511669642915495,1.0480217723115484,-0.013027191162109375,-0.06571651933369414,16.460824966430664,16.46738624572754,16.51615333557129,0.9966499847351594,0.9996014984527325,0.9970472490839639,-0.055328369140625,1.134543178973717,14.458651542663574,14.298250198364258,10.832962036132812,1.3346903792099594,1.0112181792076549,1.3198835951598056,3.6256895065307617,1.046288024773105,20.54368019104004,20.156837463378906,14.908282279968262,1.3780044157494555,1.0191915874289488,1.3520562418117548,5.635397911071777,1.0737046128206569,13.568216323852539,15.262397766113281,6.517707824707031,2.081746314351873,0.8889963191092679,2.341681436927235,7.050508499145508,0.8062616909675934,0.8838446140289307,0.8797866106033325,0.08833206444978714,10.005818540704556,1.0046113441206748,9.959878739443559,0.7955125495791435,1.0051272728741276,T2,T2
20160407_165001_1281_1081,Consensus_7of7,thin_low_area_failure,1,78,3776,583,19.433826446533203,19.432050704956055,19.428598403930664,1.0002690385700928,1.0000913306327142,1.0001776402381681,0.0052280426025390625,1.514364640883978,10.634697914123535,11.393200874328613,9.415441513061523,1.129495283877588,0.9334248643558091,1.2100547434200204,1.2192564010620117,0.6164836961160287,3.20672345161438,3.3921995162963867,2.767510175704956,1.1587029818578944,0.945322493823416,1.2257220661204038,0.43921327590942383,0.7030907162488068,16.164350509643555,15.779793739318848,16.181377410888672,0.9989476853693959,1.0243701376778054,0.9751822952672812,-0.017026901245117188,0.04239938635591832,9.244088172912598,10.358433723449707,5.873054504394531,1.5739827702965996,0.8924213377515021,1.7637214079960555,3.3710336685180664,0.751560459859659,12.279704093933105,14.199687957763672,7.49850606918335,1.6376198596116638,0.8647868365608942,1.8936686765449882,4.781198024749756,0.7134857856787223,9.604146003723145,12.053597450256348,4.486791133880615,2.140537318678176,0.7967866229622815,2.686462196284369,5.117354869842529,0.6762899241609748,0.8547305464744568,0.8945580124855042,0.1626463383436203,5.25511548592755,0.9554769831222367,5.499985561372037,0.6920842081308365,0.9455843274289315,bottleneck,bottleneck
20160407_165001_1921_721,Consensus_7of7,moderate_general_error,1,37,6578,356,19.4437313079834,19.44196128845215,19.435998916625977,1.0003977871676573,1.0000909897625045,1.0003067180413534,0.007732391357421875,1.2968650031989764,11.087523460388184,12.434043884277344,10.783194541931152,1.0282224241667168,0.891706887306494,1.1530945382495164,0.30432891845703125,0.1843468756661454,3.2486844062805176,3.703796625137329,3.282522439956665,0.9896911524639123,0.87712254693183,1.1283382107962114,-0.03383803367614746,-0.08032306480311859,15.369312286376953,15.814669609069824,15.632474899291992,0.9831655833272733,0.9718389125071341,1.011654821088583,-0.26316261291503906,-1.4444031510900572,9.082996368408203,11.341381072998047,7.0160698890686035,1.2945987165779602,0.8008720903630708,1.6164861005991968,2.0669264793395996,0.4778676935475069,13.193364143371582,15.374410629272461,8.280611038208008,1.593283694791567,0.8581378241656921,1.8566756368167696,4.912753105163574,0.6925418518098276,10.84433364868164,12.37790584564209,4.745168685913086,2.2853415929202807,0.876103995927197,2.608527548000695,6.099164962768555,0.79907965322693,0.8821671009063721,0.8991602063179016,0.10487286746501923,8.411696090073342,0.9811000460294311,8.573729834248912,0.7772942334413528,0.978605846297297,bottleneck,bottleneck
20160407_165001_641_1081,Cured_by_D2,false_crack_high_fp,1,80,2141,576,19.43412208557129,19.43840980529785,19.427921295166016,1.0003191175212192,0.9997793688090286,1.0005398163515635,0.0062007904052734375,0.591198399709038,10.327371597290039,12.41405200958252,9.439793586730957,1.094025034380166,0.8319097388514652,1.3150764982780798,0.887578010559082,0.29841993679490664,2.9459450244903564,3.7424330711364746,2.7745323181152344,1.0617803741104697,0.7871735262381666,1.34885137140063,0.17141270637512207,0.17709739954232734,15.810877799987793,15.7225341796875,15.956257820129395,0.9908887777654873,1.0056188534031347,0.9853521653743144,-0.14538002014160156,0.6220167539181564,7.809054374694824,10.889422416687012,5.862943649291992,1.3319338390202684,0.7171228517690098,1.8573299029868917,1.946110725402832,0.38717177878608783,9.513097763061523,14.60046100616455,6.948461055755615,1.369094007670596,0.6515614203882686,2.101250735631572,2.564636707305908,0.335159007308782,7.284187316894531,11.007606506347656,4.137649059295654,1.7604648079239709,0.6617411924157022,2.660352216499784,3.146538257598877,0.45801422815931736,0.8031113743782043,0.8421077132225037,0.13247501850128174,6.062315153066244,0.9536908498487471,6.356680422233222,0.6706363558769226,0.9450471502590239,bottleneck,Final_Head
IMG_2931_1297_485,Consensus_7of7,complex_topology,1,89,1266,761,19.451162338256836,19.44842529296875,19.450294494628906,1.0000445671186933,1.0001406820915415,0.9999038471338045,0.0008678436279296875,-0.4642857142857143,11.128122329711914,11.983716011047363,11.089507102966309,1.003482050455897,0.9286035642741975,1.0806354889485013,0.03861522674560547,0.0431836748623681,3.0999433994293213,3.459083080291748,3.367128849029541,0.920648605316713,0.8961746310508486,1.027309083814724,-0.2671854496002197,-2.905635183206978,16.3891544342041,16.156944274902344,17.104761123657227,0.9581632480896426,1.0143720954271265,0.9445874872796987,-0.715606689453125,0.7550052421975775,8.518675804138184,11.962594032287598,7.2717461585998535,1.1714757978161634,0.7121093526233968,1.6450783795666168,1.24692964553833,0.26582180431232943,12.070788383483887,16.86676025390625,9.40769100189209,1.2830764847590876,0.7156553769733568,1.7928690958966325,2.663097381591797,0.3570281078799054,10.378775596618652,15.284272193908691,4.845776081085205,2.141818623297946,0.6790493381625076,3.154142656204441,5.532999515533447,0.5300571515025299,0.8953286409378052,0.9222434163093567,0.12986640632152557,6.8941751152028985,0.97081492184115,7.1014232318312995,0.7654622346162796,0.9660328668900113,T2,T2
IMG_2931_1945_485,Consensus_7of7,high_quality,1,19,5772,222,19.4616756439209,19.465181350708008,19.46303939819336,0.9999298796979023,0.999819847216228,1.0001100009284698,-0.0013637542724609375,-0.6366874443455031,12.445731163024902,13.79671573638916,11.611705780029297,1.0718261663677233,0.9020791975962656,1.1881729359647464,0.8340253829956055,0.3817032414740377,3.8194332122802734,4.031278610229492,3.5783865451812744,1.067361531990462,0.9474493415411691,1.126562888823512,0.24104666709899902,0.5322386628110511,17.453369140625,16.686649322509766,16.989784240722656,1.0272860364821554,1.0459480365020266,0.9821577545614698,0.46358489990234375,-1.529302208519474,9.735716819763184,13.519095420837402,8.516901016235352,1.1431054157021492,0.7201455272378428,1.587325461190773,1.218815803527832,0.24365622463743386,12.912788391113281,18.78890609741211,10.397326469421387,1.2419334130900352,0.6872559603475725,1.8070899615954596,2.5154619216918945,0.29976023981246497,8.981173515319824,15.840211868286133,5.017197608947754,1.7900773350496137,0.5669856579579895,3.1571825440668104,3.9639759063720703,0.3662543364896566,0.8921107053756714,0.9266433715820312,0.0852748304605484,10.461471914816393,0.9627325571001941,10.866424478982108,0.806835874915123,0.9589565517147451,T1,Final_Head
IMG_2941_1297_969,Cured_by_D2,boundary_margin_error,1,74,5112,534,19.443172454833984,19.45125961303711,19.43693733215332,1.0003207358367934,0.9995841833409139,1.0007368074456509,0.0062351226806640625,0.4353442535623918,11.894427299499512,13.554466247558594,11.992412567138672,0.9918293121655127,0.8775282039684676,1.1302534032598928,-0.09798526763916016,-0.06272848933899576,3.2579121589660645,3.9654133319854736,3.5463268756866455,0.9186720103637519,0.821581778400149,1.1181744810377083,-0.28841471672058105,-0.6881986100618054,16.444677352905273,16.835622787475586,17.22553825378418,0.954668362518325,0.9767786189864169,0.9773640487787378,-0.7808609008789062,2.0026415168176572,8.770021438598633,13.227368354797363,7.6142706871032715,1.151787301397837,0.6630208322880076,1.737181032980648,1.1557507514953613,0.20590248378310394,10.844022750854492,18.891267776489258,9.066095352172852,1.1961071589819945,0.5740229986219982,2.0837267819199417,1.7779273986816406,0.18095635597004206,6.948339462280273,16.30610466003418,5.004858493804932,1.3883185873411634,0.4261188788510345,3.2580544329402352,1.9434809684753418,0.1719705012959469,0.6789130568504333,0.952422022819519,0.19604015350341797,3.4631149874283746,0.7128272212914419,4.858275957873884,0.4828729033470154,0.6383983050566975,T2,T2
IMG_2941_1_969,Consensus_7of7,high_quality,1,33,424,261,19.439395904541016,19.437259674072266,19.43895721435547,1.000022516133875,1.0001098524377767,0.9999126218460642,0.000438690185546875,-0.25842696629213485,11.921659469604492,10.727938652038574,11.62472915649414,1.0255428994146993,1.1112720481550324,0.9228548540583048,0.29693031311035156,-0.33110331971078943,3.5378785133361816,3.022312641143799,3.4133589267730713,1.0364797704415625,1.1705861579598558,0.8854362581097734,0.12451958656311035,-0.31842672118144066,16.98652458190918,16.828914642333984,17.5653018951416,0.9670499098884023,1.009365365120657,0.9580771104715026,-0.5787773132324219,0.7859686748048974,11.522184371948242,11.092350006103516,8.546509742736816,1.3481740933562014,1.0387504295174408,1.2978805433001135,2.975674629211426,1.168837916514173,15.77299690246582,16.04056167602539,11.654011726379395,1.3534391348966794,0.9833194271944412,1.3763981602419948,4.118985176086426,0.9390033678788581,13.296233177185059,14.229768753051758,5.7380571365356445,2.3172008475349233,0.9343955248702116,2.4798927467198837,7.558176040649414,0.8900650872256423,0.9741957783699036,0.9215406775474548,0.1816435307264328,5.363199070590785,1.0571369717781833,5.0733191572684815,0.7925522476434708,1.0711654329911693,T2,T2
IMG_2942_1297_485,Consensus_7of7,over_segmentation,1,147,4879,3916,19.44402313232422,19.444618225097656,19.43222427368164,1.0006071285442824,0.9999693440757806,1.0006377525600632,0.011798858642578125,0.9519852262234534,13.52156925201416,12.665305137634277,10.484210014343262,1.2897078505493207,1.067606981234788,1.2080360763730433,3.0373592376708984,1.3925844889735397,4.18882942199707,3.8004162311553955,3.3717403411865234,1.2423341526319487,1.1022025128339896,1.1271375371332666,0.8170890808105469,1.9060765952334737,15.707961082458496,15.808634757995605,15.585787773132324,1.00783869915758,0.9936316658136557,1.014298024187742,0.12217330932617188,0.5482385566092642,12.930929183959961,11.420599937438965,7.817690372467041,1.6540598199490353,1.1322459522747044,1.4608660528171948,5.11323881149292,1.4191971014772793,16.84438133239746,16.04644012451172,8.710553169250488,1.9337898605648487,1.049726927092067,1.8421836099886695,8.133828163146973,1.1087722878981205,12.022542953491211,11.839178085327148,4.7098188400268555,2.552654530713994,1.0154878870268391,2.5137220716407787,7.3127241134643555,1.0257196841756764,0.897638738155365,0.8927580714225769,0.07173777371644974,12.512602204538881,1.0054658271072088,12.444568329969474,0.8259009644389153,1.005944635895634,bottleneck,bottleneck
IMG_2942_1945_485,Consensus_7of7,false_crack_high_fp,1,220,3132,3704,19.447208404541016,19.44385528564453,19.43996810913086,1.0003723923309504,1.0001723999008858,1.0001999065169216,0.00724029541015625,1.8626104023552503,11.540555953979492,13.685097694396973,11.08307933807373,1.041276937633863,0.8432935860889692,1.234773842375258,0.4574766159057617,0.17581606017268642,3.4693500995635986,4.1816277503967285,3.497798442840576,0.991866502427631,0.8296647805557695,1.1955024348110743,-0.02844834327697754,-0.04160152681762841,15.451447486877441,15.685185432434082,15.386842727661133,1.0041986362089432,0.9850981085520724,1.019389402404641,0.0646047592163086,0.21654546326338164,9.922121047973633,12.927679061889648,7.774413108825684,1.2762532210253408,0.767509792976986,1.662849300401154,2.147707939147949,0.41676636888321117,14.143830299377441,17.888492584228516,9.1792631149292,1.540845771762232,0.7906663706913489,1.9487937551698276,4.964567184448242,0.5700351795699852,10.788589477539062,12.156027793884277,4.789308071136475,2.252640060871869,0.8875093717256431,2.5381589731062655,5.999281406402588,0.8143762260802889,0.8915138840675354,0.9139358997344971,0.09220826625823975,9.668376294967757,0.975465466299177,9.91154074662023,0.7993056178092957,0.9727135674236644,bottleneck,bottleneck
IMG_2942_1_485,Consensus_7of7,complex_topology,1,262,5175,3642,19.44333839416504,19.44363784790039,19.43798065185547,1.0002755812000192,0.9999845474534009,1.0002909867982297,0.0053577423095703125,0.9470667565745111,12.999279022216797,12.634479522705078,11.160717964172363,1.1647349121455792,1.0288732487937395,1.1320488906909774,1.8385610580444336,1.2475295256546894,3.9271597862243652,3.802306652069092,3.4539594650268555,1.1370019506560363,1.032835884304978,1.1008541326889587,0.47320032119750977,1.3584157955038554,15.547121047973633,15.508017539978027,15.530587196350098,1.0010645348015488,1.002521438047988,0.9985466966165921,0.016533851623535156,-0.7325699315473675,11.738852500915527,11.131596565246582,8.124724388122559,1.4448306792099608,1.0545523616093369,1.370088960978267,3.6141281127929688,1.2019560193775067,16.174789428710938,15.64140510559082,9.923331260681152,1.6299755972900052,1.0341007272312601,1.5762250718507305,6.251458168029785,1.093280418824067,11.497060775756836,11.306570053100586,4.996831893920898,2.300869574754852,1.0168477004886476,2.262747282755054,6.5002288818359375,1.0301899568334885,0.8922504186630249,0.8837054371833801,0.07989725470542908,11.167333028144313,1.0096683481302646,11.060384741086622,0.8123531639575958,1.0106306226608723,bottleneck,bottleneck
IMG_2942_649_485,Consensus_7of7,false_crack_high_fp,1,180,2310,5034,19.43874740600586,19.438581466674805,19.426223754882812,1.0006446260805202,1.000008485152214,1.0006360840537936,0.012523651123046875,1.0134279981478622,10.3798189163208,12.162134170532227,9.708670616149902,1.0691286436194296,0.8534536716439545,1.2527083674661639,0.6711483001708984,0.27355136332557606,3.1430461406707764,3.678614854812622,3.113302707672119,1.0095533349108738,0.8544099913446586,1.1815791841147414,0.029743432998657227,0.052614176343295134,15.381841659545898,15.637190818786621,15.452130317687988,0.9954511350766461,0.9836703314636108,1.0119763091119214,-0.07028865814208984,-0.3798144808039165,9.33604621887207,11.355554580688477,6.610917568206787,1.412216187894215,0.8221567102140884,1.7176969378052214,2.725128650665283,0.5743597757839647,13.178707122802734,15.994575500488281,7.260720252990723,1.8150685949242809,0.8239484879390471,2.2028907243753566,5.917986869812012,0.6775915906675514,9.444819450378418,12.292790412902832,4.367165565490723,2.162688166055131,0.7683217857633939,2.814820600166766,5.077653884887695,0.6406629108297576,0.845278263092041,0.9190613627433777,0.0703001543879509,12.02367543536263,0.9197180706746678,13.073204426653028,0.7749781087040901,0.9130696609069824,bottleneck,bottleneck
