image_id,is_7_consensus,is_clean_consensus,d2_transition,category,gt_cc,Base_dice,base_convnext.stage_0_gs,base_convnext.stage_0_exp0,base_convnext.stage_0_exp1,base_convnext.stage_0_margin,base_convnext.stage_1_gs,base_convnext.stage_1_exp0,base_convnext.stage_1_exp1,base_convnext.stage_1_margin,base_convnext.stage_2_gs,base_convnext.stage_2_exp0,base_convnext.stage_2_exp1,base_convnext.stage_2_margin,base_convnext.stage_3_gs,base_convnext.stage_3_exp0,base_convnext.stage_3_exp1,base_convnext.stage_3_margin,base_transformer.block_0_gs,base_transformer.block_0_exp0,base_transformer.block_0_exp1,base_transformer.block_0_margin,base_transformer.block_1_gs,base_transformer.block_1_exp0,base_transformer.block_1_exp1,base_transformer.block_1_margin,base_transformer.block_2_gs,base_transformer.block_2_exp0,base_transformer.block_2_exp1,base_transformer.block_2_margin,base_transformer.block_3_gs,base_transformer.block_3_exp0,base_transformer.block_3_exp1,base_transformer.block_3_margin,base_mean_gs,base_mean_margin,d2_convnext.stage_0_gs,d2_convnext.stage_1_gs,d2_convnext.stage_2_gs,d2_convnext.stage_3_gs,d2_transformer.block_0_gs,d2_transformer.block_1_gs,d2_transformer.block_2_gs,d2_transformer.block_3_gs,d2_mean_gs,d2_vs_base_identical_routers_out_of_8,d2_vs_base_gs_diff
20160222_080850_1281_361,0,1,Clean_Base_and_D2,high_quality,1,0.8921220723915412,0.4906,6,4,0.0005,0.4412,6,1,0.0032,0.5236,4,6,0.0025,0.5028,4,0,0.0012,0.5221,0,3,0.0006,0.4973,1,4,0.0013,0.5084,2,5,0.0014,0.507,3,7,0.0012,0.4991,0.0015,0.4901,0.4426,0.5245,0.4989,0.5226,0.4971,0.5108,0.5063,0.4991,4,0.0
20160222_080850_1281_721,1,0,Persistent_Base_to_D2,moderate_general_error,2,0.701192250371272,0.4902,6,4,0.0007,0.4414,6,1,0.0022,0.524,4,6,0.0026,0.5017,6,4,0.0001,0.523,3,1,0.003,0.4974,4,3,0.0001,0.5084,5,7,0.001,0.509,7,3,0.0048,0.4994,0.0018,0.4896,0.4428,0.5248,0.4978,0.5244,0.499,0.5171,0.5095,0.5006,5,0.0012
20160222_080850_1921_1,0,1,Clean_Base_and_D2,missed_crack_high_fn,1,0.2156533422901725,0.4903,4,6,0.0003,0.4402,6,1,0.0036,0.5231,4,6,0.0019,0.5019,4,6,0.0003,0.5221,3,1,0.0014,0.4963,4,1,0.0008,0.508,5,2,0.0007,0.5087,7,3,0.0037,0.4988,0.0016,0.4899,0.4418,0.5238,0.4993,0.524,0.4984,0.5138,0.5082,0.4999,4,0.0011
20160222_080850_1921_361,0,1,Clean_Base_and_D2,high_quality,1,0.8812726413605666,0.4905,4,5,0.0002,0.4403,6,1,0.0042,0.5234,4,6,0.0022,0.5017,4,5,0.0017,0.5205,1,0,0.0026,0.4961,2,7,0.0005,0.509,2,0,0.0006,0.5061,7,6,0.0005,0.4985,0.0016,0.4902,0.4419,0.524,0.4994,0.5224,0.4966,0.51,0.5063,0.4989,3,0.0004
20160222_080850_1_361,0,1,Clean_Base_and_D2,boundary_margin_error,1,0.8402661550392211,0.4897,4,6,0.0003,0.4397,6,1,0.0037,0.5237,4,6,0.0025,0.5021,6,4,0.0011,0.5217,1,3,0.0001,0.4968,3,1,0.0,0.5087,2,0,0.001,0.5064,3,7,0.001,0.4986,0.0012,0.4893,0.4414,0.5243,0.4985,0.5221,0.4972,0.5115,0.5064,0.4988,4,0.0002
20160222_080850_641_361,1,0,Persistent_Base_to_D2,boundary_margin_error,4,0.7789790611740034,0.4904,5,4,0.0,0.4412,6,1,0.0034,0.5241,4,6,0.0028,0.5028,4,6,0.0,0.522,0,1,0.0004,0.4967,2,1,0.0,0.5088,2,3,0.0021,0.5064,7,3,0.0017,0.499,0.0013,0.49,0.4427,0.5248,0.499,0.5231,0.4967,0.5097,0.5059,0.499,2,0.0
20160222_080850_641_721,0,1,Clean_Base_and_D2,over_segmentation,1,0.6318772136948981,0.4901,6,4,0.0001,0.4411,6,1,0.0028,0.524,4,6,0.0026,0.5021,6,4,0.0002,0.5229,3,1,0.0024,0.4971,4,3,0.0002,0.5086,1,5,0.0002,0.5076,7,3,0.0035,0.4992,0.0015,0.4896,0.4424,0.5248,0.4981,0.5233,0.4986,0.5145,0.508,0.4999,5,0.0007
20160222_115224_1281_1,1,0,Persistent_Base_to_D2,thin_low_area_failure,10,0.5219905850702609,0.488,4,6,0.0021,0.4374,6,1,0.0023,0.5235,4,1,0.0019,0.5052,3,1,0.0002,0.5249,3,2,0.0008,0.4975,4,3,0.0016,0.5089,5,7,0.0004,0.5065,7,5,0.0028,0.499,0.0015,0.4879,0.4394,0.5234,0.4996,0.5205,0.4974,0.5124,0.507,0.4985,4,-0.0005
20160222_115224_1281_1081,0,1,Clean_Base_and_D2,high_quality,1,0.8543991694775893,0.4884,4,6,0.0027,0.438,6,1,0.0023,0.5235,4,2,0.0019,0.5016,4,5,0.0008,0.5225,3,6,0.0008,0.4958,3,7,0.0002,0.5094,5,6,0.0012,0.5086,7,3,0.004,0.4985,0.0017,0.4885,0.4398,0.5235,0.4995,0.5215,0.4979,0.5153,0.5084,0.4993,2,0.0008
20160222_115224_1281_361,1,0,Persistent_Base_to_D2,false_crack_high_fp,6,0.4602960969037531,0.4891,6,4,0.0007,0.4396,6,1,0.0006,0.5239,4,6,0.0031,0.5044,3,4,0.0005,0.5213,3,1,0.0001,0.498,3,4,0.0002,0.5077,0,3,0.0005,0.5065,7,6,0.0024,0.4988,0.001,0.4886,0.4413,0.5235,0.5005,0.5173,0.4983,0.5123,0.5069,0.4986,6,-0.0002
20160222_115224_1281_721,1,0,Persistent_Base_to_D2,boundary_margin_error,4,0.7662914222286615,0.4887,4,6,0.0014,0.4386,6,1,0.0022,0.5236,4,6,0.003,0.5031,4,0,0.0004,0.5221,3,6,0.0002,0.4972,4,3,0.0001,0.5095,1,6,0.0006,0.5074,7,5,0.0024,0.4988,0.0013,0.4886,0.4403,0.5236,0.5007,0.5198,0.4977,0.5137,0.5077,0.499,4,0.0002
20160222_115224_1921_1081,0,1,Clean_Base_and_D2,boundary_margin_error,1,0.8088094478110156,0.4882,4,6,0.0033,0.4375,6,1,0.0027,0.5238,4,2,0.0019,0.5009,4,5,0.0006,0.524,6,3,0.0001,0.4957,4,7,0.0006,0.5096,5,1,0.0016,0.5106,7,3,0.0035,0.4988,0.0018,0.4885,0.4392,0.5236,0.4996,0.5241,0.4994,0.5191,0.511,0.5006,3,0.0018
20160222_115224_641_1,1,0,Persistent_Base_to_D2,boundary_margin_error,4,0.7138506654631661,0.4881,4,6,0.0024,0.4376,6,1,0.0033,0.5235,4,1,0.0023,0.5045,2,3,0.0006,0.5237,7,2,0.0002,0.4966,4,3,0.0023,0.5088,7,1,0.0002,0.5061,7,5,0.0022,0.4986,0.0017,0.4882,0.4395,0.5233,0.5,0.521,0.4976,0.5142,0.5082,0.499,4,0.0004
20160222_115224_641_1081,0,1,Clean_Base_and_D2,missed_crack_high_fn,1,0.0237262357414087,0.4891,4,6,0.0002,0.4394,6,1,0.0012,0.5235,4,6,0.0021,0.503,4,3,0.0028,0.5204,1,7,0.0003,0.496,4,6,0.0023,0.5076,1,6,0.0001,0.5091,7,3,0.003,0.4985,0.0015,0.4889,0.4411,0.5232,0.5037,0.5208,0.4989,0.5155,0.5095,0.5002,5,0.0017
20160222_115224_641_361,1,0,Persistent_Base_to_D2,boundary_margin_error,2,0.7926045016066552,0.4882,4,6,0.0021,0.4378,6,1,0.0031,0.5235,4,1,0.002,0.5042,2,3,0.0019,0.5246,7,3,0.0012,0.4966,4,7,0.0025,0.5089,7,5,0.0012,0.5101,7,1,0.0047,0.4992,0.0023,0.4881,0.4397,0.5234,0.5001,0.5227,0.4994,0.5183,0.5109,0.5003,2,0.0011
20160222_115224_641_721,0,0,Clean_Base_and_D2,complex_topology,5,0.5623659209307963,0.4887,4,6,0.0012,0.4386,6,1,0.0023,0.5237,4,6,0.0024,0.503,4,2,0.0012,0.523,6,1,0.0002,0.4959,4,3,0.0025,0.508,7,5,0.0004,0.5095,7,1,0.0034,0.4988,0.0017,0.4885,0.4404,0.5234,0.502,0.5212,0.499,0.5161,0.5102,0.5001,5,0.0013
20160222_115837_1281_1,0,1,Clean_Base_and_D2,boundary_margin_error,1,0.7643545432820225,0.4856,4,6,0.0016,0.438,1,6,0.0006,0.5222,4,6,0.0001,0.5025,4,0,0.0,0.5206,7,3,0.0007,0.494,7,4,0.0008,0.5093,6,3,0.0001,0.508,5,1,0.0022,0.4975,0.0008,0.4854,0.4408,0.5217,0.5056,0.5211,0.4956,0.5111,0.5067,0.4985,3,0.001
20160222_115837_1281_1081,1,0,Persistent_Base_to_D2,moderate_general_error,4,0.6744891232687218,0.4864,4,6,0.0016,0.439,1,6,0.0006,0.5223,4,6,0.0007,0.5022,4,0,0.0005,0.5212,7,3,0.0014,0.4948,7,4,0.0007,0.5093,6,5,0.0016,0.5093,7,5,0.0004,0.4981,0.0009,0.4862,0.4416,0.5217,0.5041,0.5209,0.4962,0.5128,0.5075,0.4989,4,0.0008
20160222_115837_1281_361,0,0,Cured_by_D2,boundary_margin_error,4,0.7639465191323606,0.4857,4,6,0.0013,0.4387,1,6,0.0004,0.522,4,6,0.0006,0.5027,4,0,0.0011,0.5201,7,3,0.0015,0.4942,4,7,0.0001,0.5086,6,3,0.0011,0.5084,5,1,0.0012,0.4975,0.0009,0.4855,0.4416,0.5215,0.5061,0.5203,0.4965,0.5112,0.5066,0.4987,3,0.0012
20160222_115837_1281_721,0,1,Clean_Base_and_D2,moderate_general_error,1,0.7372940035995883,0.4859,4,6,0.001,0.4389,1,6,0.0005,0.5221,4,6,0.0012,0.5026,4,0,0.0014,0.521,7,3,0.001,0.4949,4,7,0.0009,0.509,6,1,0.0011,0.5083,7,5,0.0006,0.4978,0.001,0.4857,0.4418,0.5215,0.5047,0.5208,0.4972,0.514,0.5081,0.4992,4,0.0014
20160222_164851_1281_1081,1,0,Persistent_Base_to_D2,high_quality,2,0.8832288401246996,0.4857,4,6,0.0016,0.4392,1,6,0.0,0.523,4,1,0.0012,0.5034,2,4,0.0045,0.522,6,1,0.0025,0.4965,4,3,0.0002,0.5091,1,4,0.001,0.5097,7,5,0.0006,0.4986,0.0014,0.4855,0.442,0.5213,0.5009,0.519,0.4982,0.5158,0.5091,0.499,4,0.0004
20160222_164851_641_1,0,1,Clean_Base_and_D2,boundary_margin_error,2,0.8498811183074322,0.4853,4,6,0.0022,0.4364,6,1,0.0015,0.5237,4,1,0.0015,0.5033,2,1,0.006,0.5224,6,4,0.0,0.4981,3,4,0.0032,0.5103,1,5,0.0003,0.5092,5,1,0.0,0.4986,0.0018,0.4851,0.439,0.5219,0.4996,0.518,0.4981,0.5142,0.5081,0.498,3,-0.0006
20160222_164851_641_1081,0,1,Clean_Base_and_D2,boundary_margin_error,3,0.7272843206014619,0.4857,4,6,0.002,0.4385,6,1,0.0006,0.523,4,1,0.0006,0.5035,2,4,0.0056,0.5211,6,5,0.0017,0.4968,3,4,0.0019,0.5099,1,7,0.0006,0.5087,5,2,0.0004,0.4984,0.0017,0.4856,0.4412,0.5213,0.5011,0.5187,0.4977,0.5144,0.5083,0.4985,6,0.0001
20160222_164851_641_361,1,0,Persistent_Base_to_D2,complex_topology,7,0.8165886085508322,0.4859,4,6,0.002,0.4371,6,1,0.0018,0.5234,4,1,0.0017,0.5042,2,1,0.0039,0.522,6,7,0.0001,0.4977,3,4,0.003,0.51,1,6,0.0001,0.5072,5,1,0.0034,0.4984,0.002,0.4858,0.4396,0.5217,0.5002,0.5171,0.4973,0.5113,0.5062,0.4974,4,-0.001
20160222_164851_641_721,0,0,Persistent_Base_to_D2,high_quality,3,0.8613258086938774,0.486,4,6,0.0019,0.4382,6,1,0.0012,0.5228,4,6,0.0011,0.5032,2,4,0.0041,0.521,6,7,0.0027,0.4971,3,4,0.0015,0.5098,1,7,0.0012,0.5081,5,7,0.0021,0.4983,0.002,0.4859,0.4407,0.5213,0.5016,0.518,0.4978,0.5134,0.5081,0.4984,5,0.0001
20160222_165225_1281_361,0,1,Clean_Base_and_D2,boundary_margin_error,1,0.8001498608430742,0.4853,4,6,0.0024,0.4373,6,1,0.0011,0.5235,1,4,0.001,0.5054,2,1,0.0023,0.5234,2,6,0.0016,0.498,3,5,0.0016,0.5107,2,6,0.0002,0.5077,6,5,0.0001,0.4989,0.0013,0.4852,0.4398,0.5217,0.4997,0.5172,0.4968,0.512,0.5059,0.4973,3,-0.0016
20160222_165225_1281_721,0,1,Clean_Base_and_D2,boundary_margin_error,1,0.7587443946165658,0.4852,4,6,0.0019,0.4383,6,1,0.0002,0.5235,1,4,0.0012,0.5036,2,1,0.0038,0.5253,2,6,0.0018,0.4982,4,3,0.0004,0.5097,7,1,0.0016,0.5095,7,5,0.0023,0.4992,0.0017,0.485,0.4411,0.5216,0.4964,0.5193,0.4988,0.518,0.5098,0.4988,3,-0.0004
20160222_165225_1921_721,1,0,Persistent_Base_to_D2,moderate_general_error,2,0.6667761537194575,0.4856,4,6,0.0026,0.438,6,1,0.0015,0.5236,1,4,0.0004,0.5045,2,1,0.0007,0.5232,2,6,0.0011,0.4972,4,3,0.0001,0.5099,1,6,0.0006,0.5069,5,6,0.0022,0.4986,0.0012,0.4856,0.4406,0.5217,0.4981,0.5176,0.4977,0.5142,0.5072,0.4978,4,-0.0008
20160222_165225_1_361,0,1,Clean_Base_and_D2,boundary_margin_error,1,0.7850269759159102,0.4853,4,6,0.0031,0.4377,6,1,0.0024,0.5234,1,4,0.0011,0.5054,2,1,0.0017,0.5236,2,4,0.0007,0.498,3,4,0.0016,0.5103,2,6,0.0001,0.5075,5,6,0.0001,0.4989,0.0013,0.4853,0.4403,0.5216,0.4997,0.5173,0.4969,0.5119,0.5059,0.4974,3,-0.0015
20160222_165225_641_361,0,1,Clean_Base_and_D2,boundary_margin_error,4,0.7966542956844864,0.4854,4,6,0.0025,0.4374,6,1,0.0013,0.5235,1,4,0.0011,0.5048,2,1,0.0021,0.5236,2,4,0.0007,0.4982,3,4,0.0018,0.51,6,2,0.0004,0.5073,6,5,0.0002,0.4988,0.0013,0.4853,0.4399,0.5217,0.4993,0.5176,0.4971,0.5125,0.5062,0.4975,5,-0.0013
20160222_165402_1281_1,0,1,Clean_Base_and_D2,high_quality,1,0.925141631372903,0.4848,4,6,0.0026,0.4381,1,6,0.0003,0.5235,1,3,0.0014,0.5035,2,1,0.0021,0.5237,2,5,0.0021,0.4974,3,4,0.0011,0.5106,5,6,0.0006,0.5094,1,5,0.0009,0.4989,0.0014,0.4848,0.4408,0.5215,0.4987,0.5188,0.4965,0.5137,0.5074,0.4978,3,-0.0011
20160222_165402_1281_361,1,0,Persistent_Base_to_D2,high_quality,2,0.8715179652801415,0.4849,4,6,0.0025,0.4381,1,6,0.0003,0.5237,1,3,0.0013,0.5029,2,1,0.004,0.5236,2,5,0.0016,0.4976,3,4,0.0007,0.5109,1,5,0.0005,0.51,1,2,0.0009,0.499,0.0015,0.4848,0.4408,0.5217,0.4978,0.5191,0.4978,0.5152,0.5083,0.4982,2,-0.0008
20160222_165402_641_1081,0,1,Clean_Base_and_D2,high_quality,1,0.9350977622478124,0.4848,4,6,0.0027,0.4381,6,1,0.0005,0.5236,1,4,0.0009,0.5038,2,1,0.005,0.5244,2,6,0.0012,0.4979,4,3,0.0003,0.51,7,1,0.0003,0.5099,7,5,0.0013,0.4991,0.0015,0.4848,0.4409,0.5214,0.4979,0.5185,0.4987,0.5176,0.5095,0.4987,3,-0.0004
20160222_165402_641_721,0,1,Clean_Base_and_D2,high_quality,1,0.8715372610218145,0.4848,4,6,0.0027,0.4374,6,1,0.0,0.5238,1,3,0.001,0.5028,2,1,0.0048,0.5245,2,6,0.0014,0.498,3,4,0.0004,0.5101,7,1,0.0008,0.5105,2,1,0.0,0.499,0.0014,0.4847,0.4401,0.5216,0.4974,0.5193,0.4988,0.518,0.5097,0.4987,3,-0.0003
20160222_165926_1281_361,1,0,Persistent_Base_to_D2,false_crack_high_fp,2,0.4717763751118634,0.4853,4,6,0.0018,0.4404,6,1,0.0002,0.5233,4,1,0.0012,0.5036,2,3,0.0036,0.5239,2,7,0.001,0.4968,4,3,0.0008,0.51,1,6,0.0002,0.5086,5,2,0.0017,0.499,0.0013,0.4852,0.4435,0.5216,0.4993,0.5197,0.4978,0.5145,0.5076,0.4987,3,-0.0003
20160222_165926_1281_721,0,1,Clean_Base_and_D2,moderate_general_error,1,0.7043947571312996,0.4858,4,6,0.0024,0.4401,6,1,0.0009,0.5232,4,1,0.001,0.5044,2,3,0.0021,0.5232,6,2,0.0003,0.4966,4,3,0.0002,0.51,6,7,0.0001,0.5076,5,6,0.0022,0.4989,0.0012,0.4858,0.443,0.5216,0.4997,0.5189,0.4975,0.5137,0.5074,0.4985,3,-0.0004
20160222_165926_1921_721,1,0,Persistent_Base_to_D2,moderate_general_error,4,0.7147227233502904,0.486,4,6,0.0027,0.4394,6,1,0.002,0.5234,4,1,0.0016,0.5042,2,1,0.0032,0.5236,2,6,0.0007,0.4977,3,4,0.0019,0.51,1,6,0.0,0.5066,5,6,0.0025,0.4989,0.0018,0.486,0.442,0.5217,0.4997,0.518,0.4973,0.5137,0.5071,0.4982,4,-0.0007
20160222_165926_1_1081,0,1,Clean_Base_and_D2,over_segmentation,4,0.5761709868108773,0.4858,4,6,0.0034,0.442,6,1,0.0008,0.523,1,4,0.0001,0.5036,2,3,0.0037,0.5238,2,6,0.0009,0.4969,3,4,0.0002,0.5108,1,7,0.0001,0.5087,5,2,0.0014,0.4993,0.0013,0.486,0.445,0.5212,0.4999,0.5193,0.4975,0.5142,0.508,0.4989,2,-0.0004
20160222_165926_1_721,1,0,Persistent_Base_to_D2,over_segmentation,5,0.6073697585761726,0.4851,4,6,0.0028,0.4413,6,1,0.0006,0.5231,4,1,0.0005,0.504,2,3,0.0017,0.5242,2,7,0.0015,0.4966,4,3,0.001,0.5105,7,5,0.0005,0.5098,1,2,0.0,0.4993,0.0011,0.4851,0.4447,0.5214,0.4993,0.5198,0.4976,0.515,0.5076,0.4988,3,-0.0005
20160222_165926_641_1,0,1,Clean_Base_and_D2,moderate_general_error,1,0.6986666666658565,0.4848,4,6,0.0016,0.4425,1,6,0.0006,0.5229,4,1,0.0011,0.5037,2,3,0.0029,0.5236,2,7,0.0015,0.4963,4,3,0.0016,0.5103,7,5,0.0001,0.5098,1,2,0.0,0.4992,0.0012,0.4846,0.4462,0.5212,0.4991,0.5201,0.4978,0.516,0.5087,0.4992,3,0.0
20160222_165926_641_361,1,0,Persistent_Base_to_D2,over_segmentation,2,0.6513507764298538,0.4852,4,6,0.0018,0.4412,1,6,0.0001,0.5232,4,1,0.0011,0.5036,2,3,0.0029,0.5238,2,7,0.0011,0.4966,4,3,0.0013,0.5103,7,5,0.0004,0.5099,1,5,0.0004,0.4992,0.0011,0.4851,0.4445,0.5215,0.4997,0.5202,0.498,0.515,0.5083,0.499,3,-0.0002
20160222_165926_641_721,0,1,Clean_Base_and_D2,moderate_general_error,2,0.7325715058484464,0.4857,4,6,0.0024,0.4406,6,1,0.0004,0.5232,4,1,0.0008,0.5043,2,3,0.001,0.5233,2,6,0.0004,0.497,3,4,0.0002,0.5101,6,7,0.0006,0.5079,5,6,0.0029,0.499,0.0011,0.4857,0.4436,0.5216,0.4999,0.519,0.4975,0.5135,0.5072,0.4985,3,-0.0005
20160302_155857_1281_1,0,0,Created_by_D2,boundary_margin_error,2,0.6762485948284276,0.4887,4,6,0.0024,0.4377,6,1,0.0031,0.5249,6,4,0.0007,0.5005,4,5,0.001,0.5192,3,4,0.0,0.4967,0,3,0.0011,0.5092,1,5,0.0009,0.5082,3,7,0.0007,0.4981,0.0012,0.4886,0.4394,0.5243,0.5018,0.5207,0.4973,0.5126,0.5076,0.499,5,0.0009
20160302_155857_1281_361,0,1,Clean_Base_and_D2,boundary_margin_error,1,0.7412061595505273,0.489,4,6,0.0025,0.4382,6,1,0.0033,0.5245,6,4,0.001,0.5012,4,5,0.0011,0.5194,3,4,0.0003,0.4965,0,7,0.0007,0.5088,0,1,0.0008,0.5068,7,5,0.0005,0.4981,0.0013,0.4889,0.4399,0.5241,0.5009,0.5201,0.4969,0.5115,0.5065,0.4986,3,0.0005
20160302_155857_1281_721,0,1,Clean_Base_and_D2,false_crack_high_fp,1,0.347714285713789,0.4888,4,6,0.002,0.4383,6,1,0.0031,0.5248,6,4,0.0001,0.501,4,6,0.001,0.5199,3,7,0.0009,0.4962,3,0,0.0004,0.5088,1,6,0.0016,0.5091,3,7,0.0005,0.4984,0.0012,0.4887,0.4401,0.5245,0.5015,0.5215,0.4979,0.5141,0.5088,0.4996,4,0.0012
20160302_155857_1_721,0,1,Clean_Base_and_D2,high_quality,1,0.8793461338866427,0.4895,4,5,0.0025,0.439,6,1,0.0044,0.5249,4,6,0.0005,0.501,4,5,0.0003,0.5181,1,4,0.0001,0.4957,2,0,0.0002,0.5084,1,0,0.0001,0.5063,3,5,0.0002,0.4979,0.001,0.4897,0.4407,0.5242,0.5028,0.5196,0.496,0.5099,0.5066,0.4987,4,0.0008
20160302_155857_641_721,1,0,Persistent_Base_to_D2,moderate_general_error,3,0.7035745143842351,0.4893,4,6,0.0021,0.4394,6,1,0.0033,0.5249,4,6,0.0004,0.5012,5,4,0.0004,0.5184,4,1,0.0003,0.4959,0,2,0.0004,0.5086,0,3,0.0007,0.5059,7,3,0.0007,0.498,0.001,0.4891,0.4409,0.5245,0.5017,0.5201,0.4961,0.5099,0.5058,0.4985,3,0.0005
20160307_144202_1281_361,1,0,Persistent_Base_to_D2,over_segmentation,10,0.5991654782651459,0.4883,4,6,0.002,0.4374,6,1,0.0021,0.5229,6,4,0.0011,0.5024,5,6,0.0001,0.5215,3,1,0.0003,0.4962,3,4,0.0003,0.5095,1,5,0.0011,0.5077,7,3,0.0004,0.4982,0.0009,0.4882,0.4394,0.523,0.501,0.523,0.4967,0.5112,0.5077,0.4988,4,0.0006
20160307_144202_1281_721,1,0,Persistent_Base_to_D2,thin_low_area_failure,5,0.5274374895112205,0.4884,4,6,0.0014,0.4377,6,1,0.0021,0.5236,6,4,0.0003,0.5039,5,0,0.001,0.5223,3,6,0.0,0.4962,7,4,0.0005,0.5095,3,1,0.0009,0.5069,7,5,0.0025,0.4986,0.0011,0.4881,0.4397,0.5234,0.5013,0.5209,0.4961,0.5119,0.5074,0.4986,5,0.0
20160307_144202_1921_361,1,0,Persistent_Base_to_D2,over_segmentation,5,0.6319417421755985,0.4883,4,6,0.003,0.4379,6,1,0.0031,0.5229,6,4,0.0008,0.5033,5,4,0.001,0.5201,6,1,0.0009,0.4955,1,7,0.0,0.5089,3,2,0.0009,0.5057,7,5,0.0008,0.4978,0.0013,0.4884,0.4397,0.5222,0.5039,0.5196,0.4952,0.5073,0.5054,0.4977,3,-0.0001
20160307_144202_1_361,1,0,Persistent_Base_to_D2,complex_topology,7,0.7902507871021631,0.4887,4,5,0.0025,0.4374,6,1,0.0039,0.5237,6,4,0.0003,0.5022,4,5,0.0002,0.5217,6,1,0.0011,0.496,7,3,0.0,0.5094,0,1,0.0001,0.506,7,5,0.0009,0.4981,0.0011,0.4889,0.4393,0.5233,0.4998,0.5207,0.4966,0.5118,0.5073,0.4985,3,0.0004
20160307_144202_641_361,1,0,Persistent_Base_to_D2,complex_topology,10,0.7003672213581564,0.4883,4,6,0.0019,0.4371,6,1,0.0024,0.5238,4,6,0.0001,0.5032,5,6,0.0006,0.5215,1,3,0.0003,0.4962,3,4,0.0004,0.5092,3,1,0.0004,0.5069,7,5,0.0001,0.4983,0.0008,0.4882,0.4391,0.5236,0.5002,0.5203,0.4964,0.512,0.5069,0.4983,4,0.0
20160307_145059_1281_361,1,0,Persistent_Base_to_D2,boundary_margin_error,4,0.8437020205119315,0.4873,6,4,0.0001,0.4402,6,1,0.002,0.5222,4,1,0.0041,0.5068,3,2,0.001,0.5224,1,6,0.003,0.498,3,5,0.0014,0.508,0,3,0.0013,0.5052,5,7,0.0002,0.4988,0.0016,0.4869,0.4431,0.5218,0.5016,0.5173,0.4962,0.5088,0.5056,0.4977,3,-0.0011
20160307_145059_1281_721,0,0,Cured_by_D2,boundary_margin_error,3,0.7456438808120704,0.4893,6,1,0.0005,0.4423,6,1,0.0026,0.5218,4,1,0.0057,0.5068,3,4,0.0028,0.5217,1,6,0.0054,0.4985,3,4,0.0023,0.5065,0,6,0.0002,0.5071,7,5,0.004,0.4992,0.0029,0.4887,0.4445,0.5217,0.5028,0.5165,0.4979,0.5113,0.508,0.4989,4,-0.0003
20160307_145059_1921_1081,1,0,Persistent_Base_to_D2,boundary_margin_error,3,0.7508874504066604,0.4897,1,6,0.0004,0.4445,6,1,0.0025,0.5219,4,5,0.0055,0.5056,3,2,0.0004,0.5212,1,6,0.0048,0.498,3,4,0.0006,0.5062,3,6,0.0008,0.5076,7,5,0.0038,0.4993,0.0023,0.4894,0.4466,0.5213,0.5033,0.5158,0.4972,0.5106,0.5078,0.499,5,-0.0003
20160307_145059_1921_361,0,1,Clean_Base_and_D2,high_quality,1,0.862267394065891,0.4885,4,6,0.0001,0.4417,6,1,0.0027,0.5221,4,1,0.0041,0.5064,3,4,0.0007,0.5205,1,6,0.003,0.4985,3,5,0.0023,0.5076,0,3,0.0006,0.506,7,5,0.0005,0.4989,0.0017,0.4883,0.4437,0.5214,0.5022,0.5153,0.4968,0.5093,0.5063,0.4979,3,-0.001
20160307_145059_1921_721,1,0,Persistent_Base_to_D2,boundary_margin_error,3,0.7958788305734449,0.4899,1,6,0.0006,0.4451,6,1,0.0022,0.522,4,5,0.0057,0.5046,4,2,0.0017,0.5212,1,6,0.0057,0.4979,3,4,0.0007,0.5062,7,6,0.0001,0.5095,7,5,0.0062,0.4995,0.0029,0.4894,0.4471,0.5213,0.5033,0.5175,0.4991,0.5147,0.511,0.5004,4,0.0009
20160307_145059_1_361,0,1,Clean_Base_and_D2,high_quality,1,0.904940159223438,0.4865,4,6,0.0014,0.4385,6,1,0.0021,0.5229,4,1,0.0038,0.505,2,3,0.0019,0.5218,6,1,0.0004,0.4966,3,4,0.0012,0.5089,7,3,0.0003,0.5077,5,7,0.0003,0.4985,0.0014,0.4863,0.4412,0.5218,0.5007,0.5175,0.4972,0.512,0.507,0.498,3,-0.0005
20160307_145059_1_721,0,1,Clean_Base_and_D2,boundary_margin_error,1,0.8108404051459001,0.4871,4,6,0.0001,0.4408,6,1,0.0021,0.5223,4,1,0.0042,0.5064,2,3,0.0009,0.5217,1,6,0.0015,0.4971,3,4,0.0015,0.5079,7,0,0.0003,0.507,7,5,0.0001,0.4988,0.0013,0.4868,0.4436,0.5214,0.5021,0.5163,0.4976,0.5119,0.5073,0.4984,3,-0.0004
20160307_145059_641_361,0,1,Clean_Base_and_D2,moderate_general_error,2,0.7030294703574205,0.4874,6,4,0.0007,0.44,6,1,0.0022,0.5223,4,1,0.0046,0.5065,2,3,0.0006,0.5223,1,6,0.003,0.4976,3,4,0.0005,0.5079,0,7,0.0001,0.5067,7,5,0.0012,0.4988,0.0016,0.487,0.4429,0.5219,0.5004,0.5173,0.4983,0.5128,0.5075,0.4985,5,-0.0003
20160307_145059_641_721,1,0,Persistent_Base_to_D2,high_quality,2,0.8681931427212132,0.4889,6,1,0.0008,0.4422,6,1,0.0024,0.5219,4,1,0.0054,0.5074,3,2,0.0032,0.5211,1,6,0.0051,0.4976,3,4,0.0017,0.5065,3,0,0.0003,0.5053,5,7,0.0005,0.4989,0.0024,0.4884,0.4447,0.5213,0.5034,0.5156,0.4967,0.5093,0.5066,0.4982,3,-0.0007
20160307_162438_1281_361,0,1,Clean_Base_and_D2,high_quality,1,0.8877591973232271,0.4837,4,6,0.0038,0.4383,1,6,0.0015,0.5234,1,6,0.0004,0.5025,2,3,0.0035,0.5231,2,4,0.0011,0.4966,4,3,0.0023,0.5103,5,1,0.0001,0.5112,1,2,0.0008,0.4986,0.0017,0.4838,0.4415,0.5213,0.4996,0.5203,0.498,0.5163,0.5086,0.4987,2,0.0001
20160307_162438_1281_721,0,1,Clean_Base_and_D2,high_quality,1,0.8722036959842865,0.4845,4,6,0.004,0.4386,1,6,0.0003,0.5235,1,4,0.0005,0.5044,3,2,0.0,0.5206,4,2,0.0008,0.4962,4,3,0.0002,0.5105,6,1,0.0012,0.5064,6,5,0.0006,0.4981,0.0009,0.4847,0.4415,0.5214,0.5018,0.5173,0.4964,0.5092,0.5051,0.4972,3,-0.0009
20160307_162438_1921_1081,0,0,Created_by_D2,boundary_margin_error,2,0.7870442810198768,0.4845,4,6,0.0046,0.4395,6,1,0.0002,0.5234,1,4,0.0005,0.5036,2,3,0.0021,0.5215,2,4,0.0003,0.4958,4,3,0.0009,0.5108,6,1,0.0005,0.5101,1,2,0.0023,0.4987,0.0014,0.4848,0.4425,0.5213,0.5008,0.5191,0.4975,0.5145,0.5071,0.4984,5,-0.0003
20160307_162438_1921_721,0,1,Clean_Base_and_D2,high_quality,1,0.886468483470782,0.4843,4,6,0.0043,0.4395,1,6,0.0003,0.5232,1,6,0.0003,0.5042,2,3,0.0003,0.5205,4,2,0.001,0.4967,0,3,0.001,0.5107,6,0,0.0008,0.5071,1,6,0.0002,0.4983,0.001,0.4846,0.4427,0.5211,0.502,0.5182,0.4965,0.5087,0.5053,0.4974,3,-0.0009
20160307_162438_1_361,0,1,Clean_Base_and_D2,high_quality,1,0.8539408564766311,0.4846,4,6,0.0038,0.4381,6,1,0.0005,0.5234,1,6,0.0,0.5044,2,3,0.0007,0.5211,4,2,0.0001,0.4967,0,5,0.0011,0.5105,6,2,0.0009,0.5074,6,1,0.0032,0.4983,0.0013,0.4848,0.441,0.5216,0.5019,0.5186,0.4971,0.5083,0.5046,0.4972,2,-0.0011
20160307_162438_641_361,0,1,Clean_Base_and_D2,high_quality,1,0.8774116948647448,0.4846,4,6,0.0035,0.4383,1,6,0.0001,0.5234,1,4,0.0001,0.5046,3,2,0.0001,0.521,4,2,0.0004,0.4967,3,5,0.0007,0.5115,6,2,0.0006,0.5078,6,1,0.0015,0.4985,0.0009,0.4847,0.4413,0.5215,0.5016,0.5186,0.4966,0.509,0.5052,0.4973,4,-0.0012
20160307_162438_641_721,0,1,Clean_Base_and_D2,boundary_margin_error,1,0.7496497618375247,0.4841,4,6,0.0037,0.4376,1,6,0.001,0.5236,1,6,0.0004,0.5036,2,3,0.0029,0.5221,2,4,0.0005,0.4962,4,3,0.0022,0.5105,6,5,0.0,0.5095,5,1,0.0003,0.4984,0.0014,0.4842,0.4405,0.5215,0.501,0.5188,0.4971,0.5133,0.5072,0.498,2,-0.0004
20160310_114505_1281_1,1,0,Persistent_Base_to_D2,false_crack_high_fp,4,0.424999999999508,0.4857,4,6,0.0018,0.4388,1,6,0.0011,0.5222,6,4,0.0013,0.5038,5,7,0.0005,0.5219,6,3,0.0005,0.4937,7,5,0.0004,0.5096,2,6,0.0009,0.5085,7,5,0.0009,0.498,0.0009,0.4856,0.4417,0.5218,0.5045,0.5229,0.496,0.5124,0.5066,0.4989,3,0.0009
20160310_114505_641_1,1,0,Persistent_Base_to_D2,over_segmentation,4,0.5535055350549722,0.4863,4,6,0.0022,0.4382,6,1,0.0,0.5227,4,6,0.0008,0.5037,5,7,0.0006,0.522,7,6,0.0002,0.4928,7,6,0.0017,0.5092,6,5,0.0004,0.5078,5,7,0.0006,0.4978,0.0008,0.4862,0.4411,0.5225,0.5047,0.5233,0.4949,0.5102,0.5062,0.4986,4,0.0008
20160310_114505_641_1081,1,0,Persistent_Base_to_D2,over_segmentation,3,0.5932071190522632,0.4868,4,6,0.0023,0.4372,6,1,0.0008,0.5228,4,6,0.0002,0.5039,5,7,0.0016,0.521,6,7,0.0008,0.4936,7,5,0.0012,0.5093,3,6,0.0001,0.5074,5,7,0.0025,0.4977,0.0012,0.4868,0.4396,0.5224,0.505,0.5215,0.4948,0.5098,0.5066,0.4983,4,0.0006
20160310_114505_641_361,1,0,Persistent_Base_to_D2,false_crack_high_fp,5,0.5153253160650537,0.4866,4,6,0.0017,0.4377,6,1,0.0012,0.5226,4,6,0.0025,0.5039,5,7,0.0014,0.5215,6,7,0.0004,0.4935,7,5,0.0011,0.5093,2,6,0.0002,0.5082,5,7,0.0001,0.4979,0.0011,0.4865,0.4404,0.5224,0.5056,0.5217,0.4953,0.5094,0.5064,0.4985,5,0.0006
20160310_114505_641_721,1,0,Persistent_Base_to_D2,over_segmentation,4,0.5926228949338019,0.487,4,6,0.002,0.4373,6,1,0.002,0.5228,4,6,0.002,0.5035,5,7,0.001,0.5207,7,6,0.0007,0.4934,7,5,0.0021,0.509,6,3,0.0001,0.5076,5,7,0.0011,0.4977,0.0014,0.4869,0.4396,0.5224,0.5057,0.5217,0.4949,0.5084,0.5064,0.4982,3,0.0005
20160316_142539_1281_361,0,1,Clean_Base_and_D2,boundary_margin_error,1,0.8279036317865315,0.4861,4,6,0.0012,0.4375,6,1,0.0009,0.5227,4,6,0.0022,0.5036,5,2,0.0005,0.5212,7,1,0.0002,0.4949,7,4,0.0,0.5095,1,2,0.0014,0.5086,5,0,0.0016,0.498,0.001,0.4859,0.4402,0.5219,0.5052,0.519,0.4966,0.5104,0.5078,0.4984,3,0.0004
20160316_142539_1281_721,1,0,Persistent_Base_to_D2,boundary_margin_error,2,0.7282293663884032,0.4873,4,6,0.0016,0.4374,6,1,0.0033,0.5231,4,1,0.0034,0.5058,2,3,0.0025,0.5216,6,1,0.0005,0.4969,4,3,0.0004,0.5087,3,0,0.0003,0.5057,5,7,0.0003,0.4983,0.0015,0.4872,0.4396,0.5222,0.5036,0.5173,0.4967,0.5099,0.5064,0.4979,5,-0.0004
20160316_142539_1921_361,1,0,Persistent_Base_to_D2,complex_topology,7,0.6675262716779486,0.487,4,6,0.0027,0.4381,6,1,0.0024,0.5229,4,6,0.0019,0.5036,2,4,0.0017,0.5199,6,7,0.0034,0.4965,7,3,0.0003,0.5099,1,0,0.0009,0.5059,5,7,0.0038,0.498,0.0021,0.4871,0.4403,0.5213,0.5039,0.5164,0.4968,0.5093,0.5066,0.4977,4,-0.0003
20160316_142539_1_721,1,0,Persistent_Base_to_D2,complex_topology,7,0.680213641107287,0.4871,4,6,0.0025,0.4368,6,1,0.0033,0.5233,4,6,0.0035,0.504,2,4,0.0009,0.521,6,7,0.0013,0.4957,7,4,0.0008,0.5095,1,3,0.0003,0.5061,5,7,0.0019,0.4979,0.0018,0.4872,0.439,0.5225,0.5043,0.519,0.4968,0.5106,0.5066,0.4983,4,0.0004
20160316_142539_641_721,1,0,Persistent_Base_to_D2,moderate_general_error,4,0.555135164774756,0.4876,4,6,0.0019,0.437,6,1,0.0032,0.5232,4,1,0.0033,0.5052,2,4,0.0018,0.5216,6,1,0.0013,0.4959,4,7,0.0002,0.5087,3,1,0.0,0.5057,7,5,0.0003,0.4981,0.0015,0.4875,0.4391,0.5224,0.5043,0.518,0.497,0.5105,0.5066,0.4982,3,0.0001
20160316_143445_1281_1,0,1,Clean_Base_and_D2,high_quality,1,0.8735023499037289,0.4871,4,6,0.0018,0.4372,6,1,0.0012,0.5231,4,6,0.0007,0.5021,5,0,0.0026,0.5202,4,7,0.0003,0.4945,7,4,0.001,0.5097,2,3,0.0003,0.5089,5,1,0.0007,0.4979,0.0011,0.487,0.4394,0.5226,0.5041,0.5206,0.4955,0.5095,0.5068,0.4982,4,0.0003
20160316_143445_1281_1081,1,0,Persistent_Base_to_D2,boundary_margin_error,4,0.7594403862810951,0.4882,4,6,0.0022,0.4375,6,1,0.0029,0.5238,4,6,0.0035,0.5013,4,5,0.0007,0.5194,6,1,0.0006,0.4943,7,4,0.0003,0.509,1,4,0.0015,0.5093,7,5,0.0005,0.4979,0.0015,0.4881,0.4394,0.5231,0.5048,0.5215,0.4973,0.5137,0.5091,0.4996,4,0.0017
20160316_143445_1281_361,1,0,Persistent_Base_to_D2,high_quality,2,0.897899693549257,0.4874,4,6,0.0014,0.4371,6,1,0.0022,0.5231,4,6,0.0024,0.5016,5,4,0.0017,0.5193,1,4,0.0001,0.4938,7,0,0.0006,0.5087,2,3,0.0002,0.509,5,1,0.0003,0.4975,0.0011,0.4872,0.4394,0.5226,0.5046,0.5204,0.4961,0.5097,0.5071,0.4984,3,0.0009
20160316_143445_1281_721,0,1,Clean_Base_and_D2,boundary_margin_error,2,0.8286439244429579,0.4883,4,6,0.0018,0.4377,6,1,0.0034,0.5235,4,6,0.0037,0.5036,5,4,0.0019,0.5186,6,1,0.0013,0.4939,7,5,0.0004,0.5083,3,0,0.0012,0.5058,5,7,0.0019,0.4975,0.0019,0.4882,0.4397,0.5229,0.5062,0.5185,0.495,0.5073,0.5053,0.4979,3,0.0004
20160316_143445_1921_1081,1,0,Persistent_Base_to_D2,moderate_general_error,2,0.6826444699575762,0.4878,4,6,0.0024,0.437,6,1,0.0032,0.5239,4,6,0.0038,0.5003,4,5,0.0037,0.5179,6,7,0.0006,0.4946,7,4,0.0024,0.5093,1,6,0.002,0.5097,5,7,0.0004,0.4976,0.0023,0.4878,0.439,0.5228,0.5073,0.5205,0.4968,0.5118,0.5091,0.4994,4,0.0018
20160316_143445_1_1081,0,1,Clean_Base_and_D2,high_quality,1,0.87151632062497,0.488,4,6,0.0031,0.4368,6,1,0.0035,0.5237,4,6,0.0026,0.5017,5,4,0.0002,0.5193,6,7,0.0006,0.4944,7,3,0.0019,0.5097,1,6,0.0014,0.5094,3,5,0.0001,0.4979,0.0017,0.4882,0.4387,0.5229,0.5044,0.5208,0.4966,0.5124,0.5086,0.4991,4,0.0012
20160316_143445_1_721,0,1,Clean_Base_and_D2,thin_low_area_failure,2,0.5462900188319801,0.4877,4,6,0.0026,0.4363,6,1,0.0034,0.5239,4,6,0.0035,0.5002,4,5,0.0013,0.5202,7,6,0.0002,0.4949,7,4,0.0017,0.5102,1,6,0.0021,0.5106,3,5,0.0007,0.498,0.0019,0.4878,0.4384,0.5233,0.503,0.523,0.4982,0.5155,0.5102,0.4999,4,0.0019
20160316_143445_641_361,0,1,Clean_Base_and_D2,high_quality,1,0.870609369828927,0.4878,4,6,0.0012,0.4374,6,1,0.0024,0.5236,4,6,0.004,0.5028,5,4,0.0005,0.5197,1,6,0.0001,0.494,7,5,0.0019,0.5091,3,2,0.0004,0.5077,5,7,0.0005,0.4978,0.0014,0.4876,0.4396,0.5232,0.5049,0.5208,0.4956,0.5093,0.5068,0.4985,4,0.0007
20160316_143445_641_721,0,1,Clean_Base_and_D2,high_quality,1,0.8591715976326739,0.488,4,6,0.0015,0.4374,6,1,0.0028,0.5238,4,6,0.0037,0.5021,4,5,0.0001,0.5195,6,1,0.0005,0.4943,7,4,0.0012,0.5095,1,3,0.0011,0.5085,5,7,0.0007,0.4979,0.0014,0.4879,0.4395,0.5231,0.5049,0.5205,0.4967,0.513,0.5088,0.4993,4,0.0014
20160316_143527_1281_1081,0,1,Clean_Base_and_D2,boundary_margin_error,4,0.7857898971076827,0.4887,4,6,0.002,0.438,6,1,0.0032,0.5237,4,6,0.0037,0.5026,5,4,0.0001,0.5189,6,7,0.0005,0.494,7,5,0.002,0.5087,6,3,0.0004,0.5072,5,7,0.0011,0.4977,0.0016,0.4887,0.4399,0.5234,0.5067,0.5197,0.4949,0.5093,0.5061,0.4986,7,0.0009
20160316_143527_1281_361,1,0,Persistent_Base_to_D2,boundary_margin_error,4,0.6734122042330738,0.4873,4,6,0.0008,0.4372,6,1,0.0018,0.5229,4,6,0.0028,0.5011,4,5,0.0012,0.5201,1,7,0.0006,0.4938,7,4,0.0017,0.5088,1,4,0.0018,0.5101,3,7,0.0006,0.4977,0.0014,0.4869,0.4397,0.5226,0.5064,0.5222,0.4967,0.5127,0.5096,0.4996,6,0.0019
20160316_143527_1281_721,1,0,Persistent_Base_to_D2,complex_topology,7,0.7537760507018357,0.4884,4,6,0.0015,0.4378,6,1,0.0036,0.5236,4,6,0.0042,0.5029,5,4,0.0005,0.5192,1,6,0.001,0.4946,7,4,0.0021,0.5089,3,0,0.0009,0.506,5,7,0.002,0.4977,0.002,0.4883,0.4398,0.5232,0.5056,0.5205,0.4948,0.5081,0.5059,0.4983,4,0.0006
20160316_143527_1921_361,0,0,Cured_by_D2,moderate_general_error,2,0.7139816785413556,0.4877,4,6,0.0021,0.437,6,1,0.0026,0.5234,4,6,0.0026,0.5018,4,5,0.0004,0.5184,6,7,0.0009,0.4942,7,4,0.0022,0.509,3,6,0.0012,0.5069,5,7,0.003,0.4973,0.0019,0.4877,0.4391,0.5226,0.5069,0.5199,0.4957,0.5083,0.5061,0.4983,5,0.001
20160316_143527_1_1,0,1,Clean_Base_and_D2,boundary_margin_error,2,0.6546896873537945,0.4875,4,6,0.0023,0.4366,6,1,0.0027,0.5234,4,6,0.0028,0.5023,5,4,0.0016,0.5197,6,7,0.0003,0.4941,7,5,0.0016,0.5096,1,3,0.0001,0.5068,5,7,0.0029,0.4975,0.0018,0.4875,0.4388,0.523,0.505,0.5205,0.4954,0.5092,0.5063,0.4982,4,0.0007
20160316_143527_1_361,1,0,Persistent_Base_to_D2,moderate_general_error,2,0.7141063206352531,0.4874,4,6,0.0021,0.4364,6,1,0.0027,0.5236,4,6,0.0035,0.5,4,5,0.0013,0.5197,7,4,0.001,0.4942,7,4,0.0021,0.5097,1,5,0.0004,0.5096,3,2,0.0003,0.4976,0.0017,0.4874,0.4387,0.5232,0.5044,0.5227,0.4975,0.514,0.5091,0.4996,4,0.002
20160316_143527_641_1,0,1,Clean_Base_and_D2,boundary_margin_error,1,0.8310796754728359,0.4873,4,6,0.0012,0.4368,6,1,0.0015,0.5234,4,6,0.003,0.5022,5,4,0.0024,0.52,7,4,0.0003,0.4934,7,5,0.0012,0.5092,6,2,0.001,0.5077,5,7,0.0014,0.4975,0.0015,0.4871,0.4393,0.5234,0.5051,0.5221,0.4958,0.5086,0.5062,0.4985,3,0.001
20160316_143527_641_361,1,0,Persistent_Base_to_D2,complex_topology,8,0.7839765867932492,0.4877,4,6,0.001,0.4373,6,1,0.0024,0.5235,4,6,0.0044,0.5025,5,4,0.0007,0.5194,1,7,0.0,0.494,7,5,0.0011,0.5091,3,2,0.0006,0.5077,5,7,0.0014,0.4976,0.0015,0.4874,0.4396,0.5233,0.5057,0.5208,0.4948,0.5085,0.5064,0.4983,4,0.0007
20160316_143527_641_721,0,1,Clean_Base_and_D2,boundary_margin_error,3,0.7109549664638206,0.4881,4,6,0.001,0.4376,6,1,0.0028,0.5238,4,6,0.0042,0.5012,4,5,0.0014,0.5199,1,7,0.0,0.4942,7,4,0.0013,0.5088,1,5,0.0011,0.5085,5,7,0.0,0.4978,0.0015,0.4879,0.4398,0.5233,0.5053,0.5225,0.4965,0.512,0.5085,0.4995,5,0.0017
20160316_143547_1281_1081,0,0,Cured_by_D2,high_quality,3,0.8765982753480871,0.4873,4,6,0.0022,0.4372,6,1,0.0024,0.5232,4,6,0.0035,0.5008,4,5,0.004,0.519,7,6,0.0007,0.4939,7,4,0.003,0.5092,1,6,0.0012,0.5097,5,3,0.0001,0.4975,0.0021,0.4873,0.4394,0.5225,0.5077,0.5216,0.4964,0.5113,0.5086,0.4994,4,0.0019
20160316_143547_1281_361,0,1,Clean_Base_and_D2,false_crack_high_fp,1,0.2991193440627101,0.4863,4,6,0.0011,0.4375,6,1,0.0013,0.5225,4,6,0.0028,0.5013,4,5,0.0014,0.5202,1,7,0.0001,0.4935,7,4,0.001,0.5094,1,6,0.002,0.5104,3,0,0.0001,0.4976,0.0012,0.486,0.4403,0.522,0.507,0.5217,0.497,0.5128,0.5096,0.4995,3,0.0019
20160316_143547_1281_721,0,1,Clean_Base_and_D2,high_quality,1,0.8985293799136042,0.4877,4,6,0.002,0.4379,6,1,0.0037,0.5232,4,6,0.0041,0.5033,5,4,0.0005,0.5185,1,4,0.0004,0.4936,7,5,0.0011,0.509,3,0,0.0016,0.5067,5,4,0.0017,0.4975,0.0019,0.4876,0.4401,0.5223,0.5071,0.5188,0.4948,0.5075,0.5065,0.4981,4,0.0006
20160316_143547_1921_1081,0,1,Clean_Base_and_D2,high_quality,3,0.8579461891165201,0.4876,4,6,0.0036,0.438,6,1,0.0039,0.5231,4,6,0.003,0.5023,4,5,0.0001,0.5177,6,4,0.0002,0.494,7,5,0.0016,0.5096,3,1,0.0017,0.5068,5,4,0.0036,0.4974,0.0022,0.4879,0.4396,0.5219,0.508,0.5175,0.4955,0.5085,0.5067,0.4982,2,0.0008
20160316_143547_1_1,0,1,Clean_Base_and_D2,boundary_margin_error,1,0.7825975441631295,0.487,4,6,0.0024,0.4369,6,1,0.0022,0.5231,4,6,0.0025,0.5022,5,4,0.0019,0.519,7,4,0.0004,0.4933,7,4,0.0018,0.5095,3,6,0.0005,0.5074,5,1,0.0033,0.4973,0.0019,0.4871,0.4393,0.5226,0.5066,0.5204,0.4958,0.5092,0.5067,0.4985,4,0.0012
20160316_143547_641_1,0,1,Clean_Base_and_D2,boundary_margin_error,1,0.8409775694648779,0.4863,4,6,0.0011,0.437,6,1,0.0004,0.523,4,6,0.0031,0.5008,4,5,0.0017,0.5203,7,1,0.0007,0.4931,7,4,0.0009,0.5093,1,5,0.0015,0.5103,3,2,0.0001,0.4975,0.0012,0.486,0.4399,0.5227,0.5063,0.5244,0.4965,0.5135,0.5096,0.4999,4,0.0024
20160316_143547_641_361,0,1,Clean_Base_and_D2,high_quality,2,0.9023192822072448,0.487,4,6,0.0012,0.4374,6,1,0.0021,0.5231,4,6,0.0041,0.5026,5,4,0.0005,0.5188,1,7,0.0003,0.4934,7,4,0.0017,0.5093,3,2,0.0008,0.5073,5,4,0.002,0.4974,0.0016,0.4868,0.4399,0.5228,0.5066,0.521,0.4956,0.5087,0.5067,0.4985,3,0.0011
20160316_143547_641_721,0,1,Clean_Base_and_D2,moderate_general_error,2,0.6443361753919347,0.4872,4,6,0.0012,0.4371,6,1,0.0026,0.5232,4,6,0.0045,0.5014,4,5,0.0033,0.5196,7,6,0.0002,0.4939,7,0,0.0024,0.509,1,6,0.0006,0.5093,7,3,0.0004,0.4976,0.0019,0.487,0.4394,0.5226,0.5078,0.5223,0.4964,0.5118,0.5089,0.4995,6,0.0019
20160318_181632_1281_1081,0,1,Clean_Base_and_D2,high_quality,1,0.8746951293132563,0.4874,4,6,0.0018,0.4375,6,1,0.0019,0.5235,4,6,0.0024,0.5008,4,5,0.0028,0.5186,4,7,0.0012,0.4942,7,4,0.0022,0.5085,3,0,0.0013,0.5061,5,1,0.0013,0.4971,0.0019,0.4873,0.4395,0.5229,0.5067,0.5197,0.4944,0.5062,0.5046,0.4977,3,0.0006
20160318_181632_1281_361,1,0,Persistent_Base_to_D2,complex_topology,8,0.8505655431777471,0.4875,4,6,0.0018,0.438,6,1,0.0021,0.5231,4,6,0.0018,0.5016,4,5,0.0021,0.5198,4,1,0.0014,0.4944,7,4,0.001,0.5082,3,0,0.0003,0.506,5,6,0.0018,0.4973,0.0015,0.4873,0.4401,0.5225,0.506,0.5203,0.4951,0.5073,0.5046,0.4979,4,0.0006
20160318_181632_1281_721,0,1,Clean_Base_and_D2,high_quality,1,0.9015593653107556,0.4875,4,6,0.0014,0.4375,6,1,0.0018,0.5238,4,6,0.0027,0.4996,4,5,0.0049,0.5192,4,7,0.0003,0.4946,7,0,0.0009,0.5088,5,6,0.0003,0.51,3,1,0.0003,0.4976,0.0016,0.4872,0.4395,0.5231,0.5053,0.5223,0.4957,0.5094,0.5079,0.4988,4,0.0012
20160318_181632_1921_1,1,0,Persistent_Base_to_D2,complex_topology,5,0.7840679336829922,0.4874,4,6,0.0025,0.4375,6,1,0.0027,0.523,4,6,0.0013,0.4995,4,5,0.0036,0.5199,4,7,0.0017,0.4945,7,4,0.0027,0.5096,5,6,0.0008,0.5102,3,1,0.0006,0.4977,0.002,0.4875,0.4395,0.5222,0.5045,0.5215,0.4968,0.5117,0.5084,0.499,3,0.0013
20160318_181632_1921_361,0,1,Clean_Base_and_D2,high_quality,1,0.8764272712227212,0.4879,4,6,0.0024,0.4378,6,1,0.0034,0.5231,4,6,0.0021,0.5011,4,5,0.0007,0.5194,4,1,0.0005,0.4947,7,2,0.0017,0.5095,2,3,0.0008,0.5067,5,6,0.0005,0.4975,0.0015,0.488,0.4398,0.5224,0.5049,0.5198,0.4952,0.5078,0.5059,0.498,5,0.0005
20160318_181632_1_1,0,1,Clean_Base_and_D2,high_quality,1,0.9425679909761652,0.487,4,6,0.0019,0.4368,6,1,0.0026,0.5233,4,6,0.0023,0.5017,4,5,0.0005,0.5199,4,1,0.0016,0.4945,7,4,0.0006,0.5092,0,3,0.0004,0.5066,5,6,0.0004,0.4974,0.0013,0.4869,0.4392,0.5228,0.5044,0.5204,0.4953,0.5082,0.5059,0.4979,3,0.0005
20160318_181632_1_361,0,0,Cured_by_D2,high_quality,2,0.9355281207122365,0.4867,4,6,0.0012,0.4365,6,1,0.0016,0.5236,4,6,0.0029,0.499,4,5,0.0031,0.5199,7,4,0.0001,0.4943,7,0,0.0028,0.5098,1,5,0.0,0.5103,3,2,0.0008,0.4975,0.0016,0.4864,0.4389,0.523,0.5047,0.5229,0.4976,0.5131,0.5089,0.4994,3,0.0019
20160318_181632_641_1,0,1,Clean_Base_and_D2,high_quality,2,0.8807415036027173,0.4865,4,6,0.0011,0.4366,6,1,0.0007,0.5236,4,6,0.0024,0.499,4,5,0.0039,0.5208,7,3,0.0008,0.4938,7,4,0.0016,0.5094,5,1,0.0006,0.5105,2,3,0.0004,0.4975,0.0014,0.4861,0.439,0.5231,0.5051,0.5238,0.4972,0.5142,0.5093,0.4997,3,0.0022
20160318_181632_641_361,0,1,Clean_Base_and_D2,high_quality,1,0.9060681629258968,0.4871,4,6,0.0015,0.4376,6,1,0.0018,0.5233,4,6,0.0026,0.5012,4,5,0.0026,0.5197,4,7,0.0,0.4945,7,4,0.0024,0.509,0,3,0.0001,0.5057,5,6,0.0023,0.4973,0.0017,0.4868,0.4398,0.5228,0.5061,0.521,0.4947,0.5066,0.5047,0.4978,4,0.0005
20160318_181632_641_721,0,1,Clean_Base_and_D2,false_crack_high_fp,1,0.2571268865284996,0.4872,4,6,0.001,0.4374,6,1,0.0012,0.5238,4,6,0.0029,0.499,4,5,0.0061,0.5189,7,4,0.0009,0.4943,7,4,0.003,0.5093,6,5,0.0002,0.5093,3,2,0.0005,0.4974,0.002,0.4869,0.4395,0.5232,0.5056,0.5236,0.4962,0.5111,0.5084,0.4993,4,0.0019
20160321_183947_1281_361,0,1,Clean_Base_and_D2,boundary_margin_error,1,0.8191986983916633,0.4853,4,6,0.002,0.4387,6,1,0.0004,0.5229,4,6,0.0008,0.5018,2,4,0.0002,0.5214,7,4,0.0003,0.4945,7,4,0.0007,0.5097,5,1,0.0009,0.5109,1,2,0.0001,0.4982,0.0007,0.4851,0.4418,0.5216,0.5051,0.5205,0.4981,0.5137,0.5088,0.4993,3,0.0011
20160321_183947_1281_721,0,1,Clean_Base_and_D2,high_quality,1,0.9335972477495116,0.486,4,6,0.0027,0.4408,6,1,0.0024,0.5228,4,1,0.0008,0.5053,3,2,0.0023,0.5214,7,2,0.0006,0.4947,4,5,0.0001,0.5102,2,6,0.0018,0.507,5,6,0.0013,0.4985,0.0015,0.4861,0.4437,0.5212,0.5051,0.5183,0.4964,0.508,0.505,0.498,3,-0.0005
20160321_183947_1921_721,0,1,Clean_Base_and_D2,high_quality,1,0.9167852644319712,0.486,4,6,0.0033,0.4405,6,1,0.0023,0.5227,4,1,0.001,0.5054,2,3,0.0001,0.5211,7,1,0.0014,0.4954,5,4,0.0,0.5094,2,3,0.0002,0.506,5,6,0.0003,0.4983,0.0011,0.4863,0.4433,0.5208,0.5059,0.5169,0.4963,0.509,0.5053,0.498,3,-0.0003
20160321_183947_1_721,0,1,Clean_Base_and_D2,high_quality,1,0.896902588657699,0.4853,4,6,0.0031,0.4395,6,1,0.0018,0.5231,4,1,0.0011,0.5048,3,2,0.0014,0.5217,2,7,0.0004,0.4951,4,1,0.0007,0.5093,2,6,0.0009,0.5053,6,5,0.0001,0.498,0.0012,0.4854,0.4425,0.5216,0.504,0.5191,0.4965,0.5069,0.5039,0.4975,4,-0.0005
20160321_183947_641_721,0,1,Clean_Base_and_D2,high_quality,1,0.918539523000559,0.4863,4,6,0.0024,0.4389,6,1,0.0022,0.5231,4,1,0.0019,0.5046,3,2,0.0016,0.5209,7,1,0.0006,0.4954,4,5,0.0001,0.5094,3,0,0.0004,0.5052,6,5,0.0008,0.498,0.0012,0.4863,0.4416,0.5217,0.5049,0.5181,0.4954,0.5076,0.5045,0.4975,4,-0.0005
20160321_185557_1281_721,0,0,Created_by_D2,high_quality,3,0.884671475306278,0.4865,4,6,0.0025,0.439,6,1,0.0029,0.5227,4,6,0.0031,0.5033,4,0,0.0036,0.5189,7,4,0.0019,0.4937,7,4,0.0024,0.5086,3,6,0.0008,0.507,5,6,0.0036,0.4975,0.0026,0.4865,0.4416,0.5218,0.5092,0.5209,0.4949,0.5068,0.5055,0.4984,3,0.0009
20160321_185557_1921_1,0,1,Clean_Base_and_D2,high_quality,1,0.8651731160892214,0.4872,4,5,0.0033,0.4392,6,1,0.003,0.5223,4,6,0.0004,0.5017,4,0,0.0052,0.5198,7,6,0.0015,0.4943,7,4,0.0022,0.5088,5,6,0.0005,0.5093,5,1,0.0005,0.4978,0.0021,0.4876,0.4411,0.5214,0.5082,0.5214,0.496,0.5109,0.5076,0.4993,2,0.0015
20160321_185557_1921_1081,0,1,Clean_Base_and_D2,boundary_margin_error,1,0.8078562874247627,0.4865,4,5,0.0035,0.4399,6,1,0.0032,0.5223,4,6,0.0016,0.5022,4,0,0.0051,0.5195,7,6,0.0017,0.494,7,4,0.002,0.509,6,5,0.0003,0.5089,5,2,0.0002,0.4978,0.0022,0.4868,0.4423,0.5211,0.5095,0.5203,0.4955,0.5097,0.5071,0.499,2,0.0012
20160321_185557_1921_361,1,0,Persistent_Base_to_D2,boundary_margin_error,2,0.7652327488327803,0.4869,4,6,0.0034,0.4394,6,1,0.0029,0.5224,4,6,0.0013,0.5022,4,3,0.0054,0.5188,7,6,0.0013,0.4939,7,4,0.0029,0.5083,3,6,0.0006,0.5073,5,7,0.0031,0.4974,0.0026,0.4871,0.4413,0.5214,0.5089,0.52,0.4952,0.5069,0.5052,0.4983,3,0.0009
20160321_185557_1921_721,0,1,Clean_Base_and_D2,high_quality,1,0.8880106464489882,0.4868,4,5,0.0033,0.4397,6,1,0.0035,0.5224,4,6,0.0023,0.5031,4,0,0.0043,0.5187,7,6,0.0006,0.4942,7,5,0.0024,0.5087,0,3,0.0001,0.5066,5,1,0.0026,0.4975,0.0024,0.4872,0.4419,0.5213,0.5094,0.519,0.4942,0.5062,0.5047,0.498,3,0.0005
20160321_185557_1_361,0,1,Clean_Base_and_D2,false_crack_high_fp,1,0.4772682152065172,0.486,4,5,0.0033,0.4386,6,1,0.0026,0.5224,4,6,0.0017,0.5017,4,0,0.0042,0.5208,7,4,0.0016,0.4938,7,4,0.0015,0.5087,5,6,0.0016,0.5102,1,2,0.0007,0.4978,0.0022,0.4862,0.4415,0.5217,0.5086,0.5218,0.4964,0.5119,0.5079,0.4995,3,0.0017
20160321_185557_1_721,0,1,Clean_Base_and_D2,boundary_margin_error,1,0.8462683604602903,0.486,4,5,0.0032,0.4393,6,1,0.0028,0.5222,4,6,0.0023,0.5031,4,0,0.0041,0.5195,7,4,0.0016,0.4933,7,4,0.0024,0.5091,6,2,0.0003,0.5079,5,3,0.0028,0.4975,0.0024,0.4862,0.4423,0.5215,0.5091,0.5204,0.4958,0.5087,0.5062,0.4988,2,0.0013
20160321_185557_641_721,0,1,Clean_Base_and_D2,high_quality,1,0.909107832642782,0.4865,4,6,0.0026,0.4387,6,1,0.0029,0.5227,4,6,0.0035,0.5035,4,0,0.0029,0.5195,7,4,0.0017,0.4945,7,5,0.0034,0.5092,3,2,0.0001,0.5067,5,6,0.0013,0.4977,0.0023,0.4865,0.4413,0.5219,0.509,0.5212,0.495,0.5062,0.5054,0.4983,4,0.0006
20160324_170347_1281_1,1,0,Persistent_Base_to_D2,high_quality,2,0.8755121805849098,0.4847,4,6,0.0029,0.4408,1,6,0.0009,0.523,1,6,0.0006,0.5039,2,3,0.0006,0.5222,2,7,0.0003,0.4948,4,3,0.001,0.5106,1,7,0.0002,0.5086,1,5,0.0006,0.4986,0.0009,0.4848,0.4442,0.5211,0.5008,0.5195,0.4959,0.5122,0.5071,0.4982,3,-0.0004
20160324_170347_1281_1081,0,1,Clean_Base_and_D2,boundary_margin_error,1,0.8213789573730924,0.4858,4,6,0.0026,0.4378,6,1,0.0008,0.5235,1,4,0.0001,0.503,2,4,0.0051,0.5225,6,5,0.0012,0.4975,3,4,0.0011,0.5104,1,5,0.0003,0.51,2,5,0.0004,0.4988,0.0014,0.4858,0.4402,0.5216,0.4993,0.5193,0.4982,0.516,0.5093,0.4987,5,-0.0001
20160324_170347_1281_361,1,0,Persistent_Base_to_D2,complex_topology,5,0.8081381868764154,0.4851,4,6,0.0027,0.4397,1,6,0.0001,0.5232,1,4,0.0006,0.5042,2,3,0.0009,0.522,6,2,0.0004,0.4956,4,3,0.0011,0.5103,2,6,0.0002,0.5084,5,2,0.0013,0.4986,0.0009,0.4852,0.4427,0.5213,0.501,0.5183,0.4969,0.5116,0.5059,0.4979,3,-0.0007
20160324_170347_1281_721,0,1,Clean_Base_and_D2,boundary_margin_error,1,0.7367662945620984,0.4856,4,6,0.0027,0.4385,6,1,0.0009,0.5233,4,1,0.0001,0.5041,2,3,0.0026,0.5222,6,2,0.0006,0.4959,4,3,0.0001,0.5103,1,6,0.0001,0.5083,5,1,0.0021,0.4985,0.0012,0.4856,0.4411,0.5214,0.5007,0.5181,0.4969,0.5128,0.5066,0.4979,3,-0.0006
20160324_170347_641_1,0,1,Clean_Base_and_D2,moderate_general_error,1,0.7236475181250368,0.4846,4,6,0.0019,0.4392,1,6,0.0008,0.5235,1,4,0.0002,0.504,2,3,0.002,0.5226,2,7,0.0009,0.4955,4,3,0.0009,0.5101,7,1,0.0004,0.5085,5,1,0.0013,0.4985,0.001,0.4844,0.4424,0.5218,0.4996,0.5193,0.4968,0.5134,0.5065,0.498,3,-0.0005
20160324_170347_641_361,1,0,Persistent_Base_to_D2,boundary_margin_error,3,0.7502767991940107,0.4852,4,6,0.0017,0.4387,6,1,0.0002,0.5235,4,1,0.0006,0.5051,2,3,0.0018,0.5218,7,6,0.0,0.4967,3,4,0.0025,0.5102,6,7,0.0002,0.5081,5,1,0.0013,0.4987,0.001,0.485,0.4415,0.5217,0.5008,0.5178,0.4966,0.5119,0.5058,0.4976,3,-0.0011
20160324_170347_641_721,0,1,Clean_Base_and_D2,boundary_margin_error,1,0.7991452991439857,0.4855,4,6,0.0018,0.438,6,1,0.0006,0.5236,1,4,0.0001,0.5029,2,4,0.0066,0.5227,6,5,0.0007,0.4977,3,4,0.0034,0.5108,1,5,0.0003,0.5098,2,1,0.0006,0.4989,0.0018,0.4853,0.4405,0.5215,0.4992,0.519,0.498,0.5165,0.509,0.4986,5,-0.0003
20160326_141808_1281_1,0,0,Clean_Base_and_D2,missed_crack_high_fn,4,0.0641784251250976,0.4868,6,4,0.0017,0.4408,6,1,0.0021,0.5208,4,6,0.0024,0.5033,4,0,0.0033,0.5233,1,3,0.0014,0.4938,6,7,0.0001,0.5093,2,1,0.0008,0.5089,7,3,0.0008,0.4984,0.0016,0.4861,0.4441,0.5217,0.5059,0.5235,0.4961,0.5092,0.5068,0.4992,5,0.0008
20160326_141808_641_1,0,1,Clean_Base_and_D2,high_quality,1,0.927256792283404,0.4863,6,1,0.0027,0.4403,6,1,0.001,0.521,4,6,0.0041,0.5022,4,0,0.0048,0.5227,1,7,0.0011,0.4936,7,6,0.001,0.5095,1,5,0.0007,0.5103,3,2,0.0009,0.4982,0.002,0.4853,0.4441,0.5218,0.5055,0.5253,0.4964,0.5107,0.5087,0.4997,3,0.0015
20160326_141808_641_361,0,1,Clean_Base_and_D2,boundary_margin_error,1,0.737122643794768,0.4866,6,1,0.0027,0.4403,6,1,0.0015,0.521,4,6,0.0047,0.5022,4,0,0.0048,0.5222,1,7,0.0016,0.4943,7,4,0.0014,0.5095,1,2,0.0001,0.5098,3,7,0.0008,0.4982,0.0022,0.4855,0.4438,0.5217,0.5057,0.5237,0.4958,0.5088,0.5078,0.4991,2,0.0009
20160326_141808_641_721,0,0,Persistent_Base_to_D2,missed_crack_high_fn,4,0.3777368905240315,0.487,6,4,0.0024,0.4397,6,1,0.0022,0.5211,4,6,0.0047,0.5014,4,7,0.0062,0.5209,1,7,0.0012,0.4935,7,6,0.0018,0.5093,1,5,0.0012,0.5101,3,2,0.0022,0.4979,0.0027,0.4861,0.4427,0.5215,0.5054,0.5246,0.4965,0.5096,0.5082,0.4993,4,0.0014
20160326_142521_1281_1,0,1,Clean_Base_and_D2,missed_crack_high_fn,1,0.4300949938805116,0.4857,4,6,0.0019,0.4381,6,1,0.0002,0.5218,4,6,0.0006,0.4997,4,5,0.0037,0.5202,7,6,0.0004,0.4929,7,0,0.0028,0.5094,1,6,0.0,0.5107,2,3,0.0001,0.4973,0.0012,0.4856,0.441,0.5213,0.5068,0.5242,0.4961,0.5125,0.5098,0.4997,5,0.0024
20160326_142521_1281_1081,0,1,Clean_Base_and_D2,missed_crack_high_fn,2,0.3430141287277413,0.4858,4,6,0.0017,0.4385,6,1,0.0003,0.5222,4,6,0.0024,0.4995,4,7,0.0056,0.5194,7,6,0.0003,0.4933,7,4,0.0033,0.5096,1,6,0.0003,0.5102,7,3,0.0001,0.4973,0.0017,0.4857,0.4412,0.5212,0.5073,0.5213,0.4968,0.5128,0.5099,0.4995,4,0.0022
20160326_142521_1281_361,0,1,Clean_Base_and_D2,boundary_margin_error,1,0.7374812218322875,0.4858,4,6,0.0014,0.4384,6,1,0.0005,0.5217,4,6,0.0015,0.4999,4,5,0.0047,0.5197,7,1,0.0005,0.4929,7,4,0.0027,0.5093,1,6,0.0017,0.5104,3,2,0.0007,0.4973,0.0017,0.4856,0.4413,0.5211,0.5076,0.5227,0.4957,0.5112,0.5093,0.4993,4,0.002
20160326_142521_1281_721,0,1,Clean_Base_and_D2,moderate_general_error,1,0.661388826057079,0.4861,4,6,0.0015,0.4378,6,1,0.0012,0.5221,4,6,0.0028,0.4996,4,5,0.0065,0.5192,7,6,0.0007,0.4934,7,0,0.0036,0.5094,1,6,0.0012,0.5103,3,2,0.0005,0.4972,0.0022,0.4858,0.4405,0.5213,0.5075,0.5222,0.4963,0.5107,0.5088,0.4991,5,0.0019
20160326_142521_641_1,0,1,Clean_Base_and_D2,missed_crack_high_fn,1,0.0,0.4859,4,6,0.0017,0.4375,6,1,0.0005,0.5223,4,6,0.0019,0.5004,4,5,0.0033,0.52,1,6,0.0,0.4929,7,0,0.0024,0.509,1,6,0.0006,0.5095,3,2,0.0008,0.4972,0.0014,0.4857,0.4403,0.5217,0.5062,0.5231,0.4955,0.5102,0.5085,0.4989,5,0.0017
20160326_142521_641_1081,0,1,Clean_Base_and_D2,missed_crack_high_fn,2,0.0,0.4862,4,6,0.0017,0.4371,6,1,0.0008,0.5224,4,6,0.001,0.4996,4,5,0.0049,0.5197,6,7,0.0004,0.4931,7,0,0.0039,0.5091,6,1,0.0007,0.5097,2,3,0.0001,0.4971,0.0017,0.486,0.4396,0.5216,0.5062,0.5232,0.4963,0.5113,0.5088,0.4991,6,0.002
20160326_142745_1281_1081,0,1,Clean_Base_and_D2,boundary_margin_error,2,0.744215773998793,0.4862,4,6,0.0019,0.4379,1,6,0.0002,0.5226,4,6,0.0016,0.4988,4,5,0.0032,0.5216,7,5,0.0002,0.4937,7,6,0.0029,0.5102,5,1,0.0005,0.5115,2,7,0.0002,0.4978,0.0013,0.4861,0.4405,0.5219,0.5031,0.5247,0.4979,0.5162,0.5106,0.5001,4,0.0023
20160326_142745_1281_361,0,1,Clean_Base_and_D2,missed_crack_high_fn,1,0.152300204113556,0.4857,4,6,0.0014,0.4387,1,6,0.0004,0.5221,4,6,0.0014,0.4998,4,7,0.0009,0.522,3,7,0.0002,0.4937,7,4,0.0013,0.51,5,1,0.0007,0.5114,2,3,0.0009,0.4979,0.0009,0.4855,0.4417,0.5217,0.5033,0.5247,0.4971,0.5149,0.5093,0.4998,3,0.0019
20160326_142745_1281_721,0,1,Clean_Base_and_D2,moderate_general_error,1,0.6390871193384303,0.4863,4,6,0.0016,0.4379,6,1,0.0005,0.5223,4,6,0.0022,0.5011,5,7,0.0007,0.5208,6,7,0.0001,0.4938,7,6,0.002,0.5097,6,5,0.0007,0.5081,5,7,0.0018,0.4975,0.0012,0.4861,0.4405,0.5219,0.5038,0.5219,0.4956,0.5114,0.5064,0.4985,4,0.001
20160326_142745_1921_1081,0,1,Clean_Base_and_D2,moderate_general_error,2,0.6084620550699333,0.4864,4,6,0.0028,0.4382,6,1,0.0006,0.5226,4,6,0.0015,0.4996,4,5,0.0008,0.5215,6,5,0.0009,0.4937,7,4,0.0028,0.5102,5,1,0.0013,0.5106,7,5,0.0011,0.4979,0.0015,0.4866,0.4405,0.5217,0.5033,0.5234,0.4966,0.5149,0.5093,0.4995,4,0.0016
20160326_142745_1_1,0,1,Clean_Base_and_D2,moderate_general_error,1,0.5137402103894927,0.4855,4,6,0.0026,0.4394,6,1,0.0,0.5222,4,6,0.0017,0.5008,5,4,0.0002,0.5208,6,7,0.0009,0.4935,7,5,0.0015,0.5104,6,1,0.0008,0.5079,5,2,0.0018,0.4976,0.0012,0.4856,0.4424,0.5212,0.505,0.5209,0.4968,0.5118,0.5077,0.4989,4,0.0013
20160326_142745_641_361,0,1,Clean_Base_and_D2,boundary_margin_error,1,0.8096574651876695,0.4858,4,6,0.0014,0.4387,6,1,0.0001,0.5223,4,6,0.0027,0.5003,4,5,0.0003,0.5216,7,1,0.0004,0.4935,7,6,0.0012,0.5098,1,5,0.0002,0.5091,5,7,0.0013,0.4976,0.001,0.4857,0.4417,0.5218,0.5042,0.5233,0.4974,0.5121,0.5077,0.4992,3,0.0016
20160328_151020_1281_361,1,0,Persistent_Base_to_D2,complex_topology,6,0.5927130774233771,0.4866,4,6,0.0016,0.4384,6,1,0.0019,0.5224,4,6,0.0016,0.5039,5,4,0.0006,0.5198,1,6,0.001,0.4949,7,0,0.0003,0.5092,2,1,0.0011,0.5072,5,3,0.0006,0.4978,0.0011,0.4864,0.441,0.5215,0.5062,0.5187,0.4968,0.5088,0.507,0.4983,3,0.0005
20160328_151020_1921_361,0,1,Clean_Base_and_D2,over_segmentation,1,0.5145297665424309,0.4869,4,6,0.0026,0.4384,6,1,0.0024,0.5225,4,6,0.0011,0.5036,5,4,0.001,0.5187,6,1,0.0011,0.4945,7,5,0.0007,0.5095,3,2,0.0004,0.5076,5,6,0.0013,0.4977,0.0013,0.487,0.4406,0.5212,0.5061,0.5171,0.496,0.5077,0.5064,0.4978,4,0.0001
20160328_151020_1_1,0,1,Clean_Base_and_D2,moderate_general_error,1,0.6903628062249766,0.4872,4,5,0.0026,0.4397,6,1,0.0036,0.523,4,6,0.0011,0.5044,3,0,0.0005,0.5209,4,7,0.0002,0.4954,4,5,0.0003,0.5097,0,3,0.0001,0.507,5,1,0.0014,0.4984,0.0012,0.4877,0.4416,0.5216,0.5049,0.5187,0.4964,0.5079,0.5049,0.498,3,-0.0004
20160328_151020_1_361,0,1,Clean_Base_and_D2,false_crack_high_fp,1,0.4013511438658058,0.4862,4,6,0.003,0.4373,6,1,0.0022,0.5231,4,6,0.0027,0.5023,4,2,0.0001,0.5201,6,7,0.0012,0.4948,7,3,0.002,0.5099,1,5,0.0025,0.5092,5,2,0.0001,0.4979,0.0017,0.4863,0.4396,0.5218,0.505,0.5188,0.4968,0.5115,0.508,0.4985,5,0.0006
20160328_151020_641_361,1,0,Persistent_Base_to_D2,complex_topology,5,0.5921339761478852,0.4866,4,6,0.0016,0.4379,6,1,0.0021,0.523,4,6,0.0033,0.5039,5,4,0.0002,0.5198,1,6,0.0003,0.4943,7,4,0.0002,0.5095,1,3,0.0007,0.5083,5,7,0.0024,0.4979,0.0014,0.4864,0.4404,0.522,0.5068,0.5188,0.4962,0.5089,0.5071,0.4983,3,0.0004
20160328_151020_641_721,0,1,Clean_Base_and_D2,moderate_general_error,1,0.6439390554485305,0.4875,4,6,0.0022,0.4378,6,1,0.0039,0.5229,4,6,0.0032,0.5045,4,5,0.0004,0.5192,6,1,0.0014,0.4946,7,3,0.0009,0.5088,1,3,0.0006,0.506,5,7,0.0009,0.4977,0.0017,0.4875,0.4399,0.5219,0.5068,0.5173,0.4958,0.5088,0.5059,0.498,4,0.0003
20160328_151057_1281_1,1,0,Persistent_Base_to_D2,boundary_margin_error,3,0.8184153329373459,0.4862,4,6,0.0009,0.439,1,6,0.0014,0.5221,6,4,0.0021,0.5038,7,0,0.0005,0.5222,3,7,0.0005,0.4947,4,7,0.0001,0.5098,1,6,0.0001,0.5081,1,5,0.0004,0.4982,0.0008,0.4859,0.4419,0.5219,0.5023,0.5229,0.4958,0.5122,0.5073,0.4988,2,0.0006
20160328_151057_1281_1081,1,0,Persistent_Base_to_D2,thin_low_area_failure,4,0.540316774657541,0.4873,4,6,0.0016,0.4384,6,1,0.0008,0.5226,6,4,0.0001,0.5043,5,7,0.0005,0.5222,6,3,0.0013,0.495,5,7,0.0004,0.5093,2,5,0.0006,0.5083,7,5,0.003,0.4984,0.001,0.4872,0.4407,0.5221,0.5024,0.5205,0.4971,0.5137,0.5075,0.4989,4,0.0005
20160328_151057_1281_361,1,0,Persistent_Base_to_D2,boundary_margin_error,2,0.8286371934273921,0.4864,4,6,0.0008,0.4391,1,6,0.0003,0.522,6,4,0.0006,0.5041,7,5,0.0005,0.5219,6,7,0.0006,0.4941,7,5,0.0006,0.5103,6,1,0.0007,0.5086,5,1,0.0011,0.4983,0.0006,0.4862,0.4419,0.5216,0.5023,0.5211,0.4957,0.512,0.507,0.4985,3,0.0002
20160328_151057_1281_721,0,1,Clean_Base_and_D2,boundary_margin_error,2,0.8130330198991556,0.4871,4,6,0.0013,0.4384,6,1,0.0012,0.5224,4,6,0.0004,0.5057,3,5,0.0008,0.5221,1,7,0.0011,0.4954,5,3,0.0006,0.5087,2,0,0.0015,0.5054,5,7,0.0032,0.4981,0.0013,0.487,0.4409,0.5218,0.5032,0.5188,0.4963,0.5089,0.505,0.4977,4,-0.0004
20160328_151057_1921_721,0,1,Clean_Base_and_D2,boundary_margin_error,1,0.8110012062722263,0.4869,4,6,0.0019,0.4388,6,1,0.0015,0.5224,4,6,0.0005,0.5038,5,2,0.0004,0.5212,1,7,0.0004,0.4953,3,5,0.0008,0.5099,2,1,0.0007,0.5075,5,7,0.0028,0.4982,0.0011,0.4869,0.4412,0.5214,0.5028,0.5182,0.4964,0.5103,0.5067,0.498,3,-0.0002
20160328_151057_641_1081,1,0,Persistent_Base_to_D2,boundary_margin_error,2,0.7384377715547567,0.4871,4,6,0.002,0.4386,6,1,0.0003,0.5225,6,4,0.0014,0.5037,5,7,0.0001,0.5223,6,3,0.0016,0.4953,4,5,0.0,0.5097,5,2,0.0005,0.5086,7,5,0.0012,0.4985,0.0009,0.4871,0.4408,0.5218,0.5011,0.5211,0.4973,0.513,0.5072,0.4987,3,0.0002
20160328_151057_641_721,1,0,Persistent_Base_to_D2,boundary_margin_error,2,0.7867226890749691,0.487,4,6,0.0015,0.4382,6,1,0.0004,0.5228,6,4,0.0004,0.5027,2,5,0.0002,0.5229,6,7,0.0003,0.4954,7,4,0.0005,0.5099,7,5,0.0005,0.5095,5,7,0.0004,0.4986,0.0005,0.4868,0.4405,0.5219,0.5004,0.5202,0.4979,0.5149,0.5084,0.4989,3,0.0003
20160328_151244_1281_1081,0,1,Clean_Base_and_D2,boundary_margin_error,1,0.8183263647604542,0.4853,4,6,0.0026,0.4438,1,6,0.0022,0.5214,6,5,0.0017,0.5043,0,3,0.0,0.5224,4,7,0.0005,0.4956,5,6,0.001,0.5094,2,0,0.0007,0.5049,6,5,0.0003,0.4984,0.0011,0.4854,0.4473,0.5202,0.5057,0.5206,0.496,0.5083,0.5032,0.4983,3,-0.0001
20160328_151244_1281_361,0,1,Clean_Base_and_D2,high_quality,1,0.8806184153105833,0.4847,4,6,0.0018,0.4423,1,6,0.0009,0.522,4,6,0.0001,0.504,3,2,0.0004,0.5206,7,4,0.0,0.4954,5,0,0.0003,0.5103,2,0,0.0009,0.5079,1,6,0.0006,0.4984,0.0006,0.4845,0.4457,0.5205,0.5059,0.5178,0.4956,0.5075,0.5057,0.4979,3,-0.0005
20160328_151244_1281_721,0,0,Created_by_D2,complex_topology,6,0.8415948513366642,0.4854,4,6,0.0024,0.4428,1,6,0.0008,0.5217,6,5,0.0011,0.5053,3,0,0.0025,0.5215,7,4,0.0002,0.4954,5,1,0.0012,0.5091,3,2,0.0001,0.5052,5,6,0.0018,0.4983,0.0013,0.4855,0.4461,0.5204,0.5063,0.5189,0.4946,0.5051,0.5031,0.4975,5,-0.0008
20160328_151244_1921_1081,0,1,Clean_Base_and_D2,boundary_margin_error,3,0.7326716016144577,0.4854,4,6,0.0025,0.4449,1,6,0.0021,0.5213,6,5,0.0012,0.5029,5,0,0.0001,0.5211,4,7,0.0004,0.4949,7,4,0.0002,0.5097,6,2,0.0006,0.5096,5,0,0.0016,0.4987,0.0011,0.4855,0.4486,0.5199,0.5064,0.5208,0.4976,0.5121,0.5071,0.4998,3,0.0011
20160328_151244_1921_361,0,1,Clean_Base_and_D2,high_quality,2,0.8740853810288739,0.4858,4,6,0.0027,0.4437,6,1,0.0004,0.522,6,4,0.0,0.5038,3,2,0.0007,0.5197,7,4,0.0002,0.4952,5,3,0.0005,0.5098,2,0,0.0007,0.5075,5,1,0.0016,0.4984,0.0009,0.4859,0.4469,0.52,0.5072,0.5167,0.4956,0.5067,0.5058,0.4981,4,-0.0003
20160328_151244_1921_721,1,0,Persistent_Base_to_D2,high_quality,4,0.889809682289445,0.4859,4,6,0.0028,0.4441,1,6,0.0003,0.5217,6,5,0.0005,0.5043,3,0,0.0004,0.5209,7,4,0.0002,0.4957,4,0,0.0002,0.5094,2,3,0.0012,0.5072,5,1,0.0033,0.4986,0.0011,0.4861,0.4473,0.5202,0.5064,0.5188,0.4953,0.5063,0.5047,0.4981,4,-0.0005
20160328_151244_1_1,0,1,Clean_Base_and_D2,boundary_margin_error,1,0.8382232481940506,0.4842,4,6,0.0028,0.4428,6,1,0.0004,0.5224,4,6,0.0006,0.5044,2,3,0.0002,0.5213,7,4,0.0001,0.4958,3,0,0.0002,0.5102,2,0,0.0019,0.5067,1,6,0.0004,0.4985,0.0008,0.4842,0.4466,0.5203,0.505,0.5188,0.4961,0.5083,0.5051,0.498,4,-0.0005
20160328_151244_1_1081,0,1,Clean_Base_and_D2,boundary_margin_error,1,0.8352593010140675,0.4837,4,6,0.0029,0.4438,1,6,0.0023,0.5213,6,5,0.0014,0.5027,2,3,0.0015,0.5213,4,5,0.0014,0.4949,4,3,0.0004,0.5113,5,2,0.0004,0.5113,1,2,0.0013,0.4988,0.0015,0.4837,0.4477,0.5196,0.5057,0.5215,0.4975,0.5131,0.5072,0.4995,3,0.0007
20160328_151244_1_721,0,1,Clean_Base_and_D2,high_quality,1,0.8889056224897368,0.4837,4,6,0.0026,0.4425,1,6,0.0012,0.5217,6,1,0.0011,0.5045,3,2,0.0026,0.5217,4,2,0.0001,0.4946,4,0,0.0002,0.5105,2,6,0.0021,0.5088,1,6,0.001,0.4985,0.0014,0.4836,0.4464,0.5201,0.5052,0.5203,0.4963,0.5097,0.5052,0.4983,3,-0.0002
20160328_151244_641_1,0,1,Clean_Base_and_D2,high_quality,1,0.8939322449747821,0.4839,4,6,0.0019,0.4423,1,6,0.001,0.5225,4,6,0.0011,0.5037,2,3,0.0006,0.5209,7,4,0.0002,0.4945,5,6,0.0004,0.5106,2,0,0.0005,0.5082,1,6,0.0013,0.4983,0.0009,0.4837,0.4462,0.5206,0.5065,0.5178,0.4958,0.509,0.5062,0.4982,6,-0.0001
20160328_151244_641_361,0,1,Clean_Base_and_D2,high_quality,1,0.8972007005667181,0.4841,4,6,0.0017,0.4422,1,6,0.0015,0.5222,4,6,0.0001,0.5025,2,0,0.0026,0.5211,7,4,0.0009,0.4944,3,7,0.0006,0.5107,5,1,0.0005,0.5096,1,2,0.0012,0.4983,0.0011,0.4839,0.446,0.5205,0.5046,0.5203,0.4969,0.5121,0.5068,0.4989,3,0.0006
20160328_151244_641_721,0,1,Clean_Base_and_D2,high_quality,1,0.887772800914811,0.4849,4,6,0.0025,0.4417,1,6,0.0011,0.5218,6,5,0.0013,0.5044,3,0,0.0014,0.5212,4,7,0.0005,0.4955,4,5,0.0002,0.5102,2,0,0.0007,0.5068,6,5,0.001,0.4983,0.0011,0.4849,0.445,0.5204,0.5052,0.519,0.4964,0.5071,0.5046,0.4978,4,-0.0005
20160328_151752_1281_361,0,1,Clean_Base_and_D2,boundary_margin_error,2,0.7529806372920407,0.4851,4,6,0.0012,0.44,1,6,0.0005,0.5226,4,1,0.0008,0.5048,3,2,0.0018,0.5228,1,2,0.0004,0.4943,5,4,0.0009,0.5105,2,1,0.0021,0.5089,5,1,0.0006,0.4986,0.001,0.4848,0.4432,0.5213,0.5039,0.5194,0.4959,0.509,0.5066,0.498,3,-0.0006
20160328_151752_1281_721,0,1,Clean_Base_and_D2,boundary_margin_error,1,0.7974742029872189,0.4853,4,6,0.0014,0.439,1,6,0.0001,0.5229,4,1,0.0006,0.5034,2,3,0.0005,0.5227,7,2,0.0008,0.4945,4,6,0.0017,0.5107,1,5,0.0012,0.5102,2,1,0.0001,0.4986,0.0008,0.485,0.442,0.5216,0.5025,0.5203,0.4975,0.5138,0.5082,0.4989,3,0.0003
20160328_151752_1921_721,1,0,Persistent_Base_to_D2,boundary_margin_error,4,0.762588577596142,0.4857,4,6,0.0028,0.4415,6,1,0.0007,0.5226,4,1,0.0002,0.505,2,3,0.001,0.5212,7,6,0.0007,0.4955,3,5,0.0009,0.5106,2,1,0.0004,0.5074,5,2,0.0024,0.4987,0.0011,0.4858,0.4444,0.5207,0.5036,0.5174,0.4964,0.5099,0.5063,0.4981,4,-0.0006
20160328_151752_1_361,0,1,Clean_Base_and_D2,boundary_margin_error,1,0.7579063158857341,0.4852,4,6,0.0026,0.4393,6,1,0.0004,0.5227,4,1,0.0006,0.5048,3,5,0.0017,0.5221,2,1,0.0003,0.4943,5,6,0.002,0.511,2,1,0.0031,0.5078,6,5,0.0001,0.4984,0.0014,0.4852,0.4423,0.5214,0.5031,0.5193,0.4959,0.5083,0.506,0.4977,2,-0.0007
20160328_151752_1_721,1,0,Persistent_Base_to_D2,false_crack_high_fp,5,0.4742177170549268,0.4847,4,6,0.0025,0.4389,6,1,0.0001,0.5231,1,4,0.0003,0.5032,2,3,0.0013,0.524,2,7,0.0003,0.4946,4,6,0.0002,0.5106,5,1,0.0003,0.5105,2,1,0.0004,0.4987,0.0007,0.4846,0.442,0.5216,0.5009,0.5212,0.4976,0.5154,0.5083,0.4989,2,0.0002
20160328_151752_641_361,1,0,Persistent_Base_to_D2,complex_topology,5,0.7968983287576947,0.485,4,6,0.0015,0.4396,1,6,0.0004,0.5226,4,1,0.0011,0.5041,3,5,0.0012,0.5218,1,2,0.0009,0.4939,5,6,0.0005,0.5104,2,1,0.0024,0.5084,5,3,0.0005,0.4982,0.0011,0.4848,0.4429,0.5215,0.5031,0.5199,0.4965,0.5096,0.5063,0.4981,2,-0.0001
20160328_152022_1281_721,0,1,Clean_Base_and_D2,high_quality,1,0.9064294097121663,0.4855,4,6,0.002,0.4394,6,1,0.0004,0.5228,4,1,0.0009,0.5041,3,5,0.0014,0.5209,4,1,0.0006,0.4937,4,5,0.0003,0.5097,2,3,0.0015,0.5076,5,6,0.0012,0.498,0.001,0.4854,0.4423,0.5212,0.5038,0.5184,0.4957,0.5084,0.5069,0.4978,2,-0.0002
20160328_152022_1921_1,0,1,Clean_Base_and_D2,boundary_margin_error,1,0.816595255512166,0.4854,4,6,0.0025,0.4403,1,6,0.0,0.5222,6,4,0.0,0.5015,4,5,0.0009,0.5199,4,6,0.0013,0.4943,7,0,0.0,0.5098,2,6,0.0008,0.5108,1,5,0.0005,0.498,0.0007,0.4855,0.4432,0.5206,0.5056,0.519,0.4973,0.511,0.507,0.4986,3,0.0006
20160328_152022_1921_361,0,1,Clean_Base_and_D2,boundary_margin_error,3,0.7692707318655391,0.4861,4,6,0.003,0.4412,6,1,0.0012,0.5223,4,6,0.0001,0.5045,3,5,0.0011,0.52,4,6,0.0009,0.4946,5,3,0.0012,0.5097,2,0,0.0,0.5058,5,6,0.0032,0.498,0.0013,0.4863,0.4439,0.5206,0.5058,0.5184,0.4957,0.5061,0.5044,0.4976,2,-0.0004
20160328_152022_1921_721,0,1,Clean_Base_and_D2,high_quality,1,0.8645643456066057,0.4855,4,6,0.0025,0.4418,6,1,0.0002,0.5223,4,6,0.0005,0.5019,4,5,0.0021,0.5194,4,6,0.0007,0.4941,7,0,0.0008,0.5094,6,2,0.0003,0.5097,5,2,0.0008,0.498,0.001,0.4856,0.4449,0.5204,0.5059,0.5188,0.4972,0.5112,0.5078,0.499,3,0.001
20160328_152022_1_1081,0,1,Clean_Base_and_D2,boundary_margin_error,1,0.7194008412841287,0.4847,4,6,0.0024,0.4398,1,6,0.0008,0.5224,6,4,0.0008,0.5034,3,5,0.0004,0.5214,4,2,0.0015,0.494,6,5,0.0008,0.5107,2,5,0.0025,0.5098,5,2,0.0005,0.4983,0.0012,0.4846,0.443,0.5209,0.5048,0.5201,0.4966,0.5109,0.5062,0.4984,4,0.0001
20160328_152022_1_361,1,0,Persistent_Base_to_D2,moderate_general_error,2,0.6828397082889078,0.4848,4,6,0.0002,0.44,1,6,0.0017,0.5227,4,6,0.0015,0.5017,2,5,0.0009,0.5216,1,4,0.0005,0.4942,6,4,0.0,0.5094,1,5,0.0001,0.5105,1,2,0.0004,0.4981,0.0007,0.4843,0.4433,0.5212,0.5038,0.5205,0.498,0.5138,0.5084,0.4992,3,0.0011
20160328_152022_1_721,0,1,Clean_Base_and_D2,boundary_margin_error,2,0.7593920652669521,0.4845,4,6,0.0013,0.4395,1,6,0.001,0.5226,4,6,0.0006,0.502,2,5,0.0007,0.5223,4,7,0.0008,0.4942,7,6,0.0003,0.5103,5,1,0.0005,0.5111,2,1,0.0004,0.4983,0.0007,0.4842,0.4428,0.5212,0.5039,0.5209,0.4981,0.5155,0.5091,0.4995,3,0.0012
20160328_152022_641_361,0,1,Clean_Base_and_D2,boundary_margin_error,1,0.8409532932738714,0.4851,4,6,0.0017,0.4386,1,6,0.0002,0.5228,4,6,0.0009,0.5031,5,3,0.0007,0.5209,4,1,0.0013,0.4942,6,5,0.0002,0.5098,2,0,0.0005,0.5081,5,6,0.0002,0.4978,0.0007,0.4849,0.4416,0.5215,0.5043,0.5204,0.4965,0.509,0.5064,0.4981,3,0.0003
20160328_152022_641_721,1,0,Persistent_Base_to_D2,boundary_margin_error,3,0.8029353753333326,0.4852,4,6,0.002,0.4387,1,6,0.0001,0.5227,4,6,0.0004,0.5028,5,3,0.0008,0.5203,4,1,0.0016,0.4939,6,5,0.0004,0.5099,2,0,0.001,0.5077,5,0,0.0026,0.4977,0.0011,0.4851,0.4416,0.5212,0.5047,0.5189,0.496,0.5087,0.5065,0.4978,3,0.0001
20160328_152305_1281_361,0,1,Clean_Base_and_D2,high_quality,2,0.8883719543106713,0.4868,4,6,0.0014,0.4371,6,1,0.0009,0.5235,4,6,0.0008,0.5018,5,4,0.0031,0.5211,1,4,0.0002,0.4941,7,6,0.0005,0.5101,2,5,0.0003,0.5092,3,4,0.0009,0.498,0.001,0.4866,0.4396,0.5228,0.5023,0.5217,0.4963,0.5106,0.5075,0.4984,3,0.0004
20160328_152305_1281_721,0,1,Clean_Base_and_D2,boundary_margin_error,2,0.7892818315531146,0.4868,4,6,0.0017,0.4377,6,1,0.0004,0.5237,4,6,0.0004,0.5021,5,3,0.0021,0.5221,4,0,0.0002,0.4946,7,4,0.0009,0.5097,2,5,0.0007,0.5078,6,5,0.0003,0.4981,0.0008,0.4867,0.4402,0.523,0.5027,0.5222,0.496,0.5105,0.5061,0.4984,3,0.0003
20160328_152305_1921_361,0,0,Clean_Base_and_D2,boundary_margin_error,3,0.8281319613873284,0.4875,4,6,0.0031,0.4384,6,1,0.0027,0.5233,4,6,0.001,0.5025,5,7,0.0015,0.5207,4,1,0.0002,0.4943,4,6,0.0005,0.5089,5,2,0.0005,0.5087,5,0,0.0013,0.498,0.0013,0.4877,0.4402,0.5221,0.505,0.5207,0.4957,0.5086,0.5064,0.4983,1,0.0003
20160328_152305_1921_721,0,1,Clean_Base_and_D2,high_quality,1,0.9224140662122848,0.4866,4,6,0.0025,0.4381,6,1,0.0011,0.5235,4,6,0.0008,0.5014,5,4,0.0011,0.521,4,6,0.0006,0.4942,7,5,0.0018,0.5098,2,5,0.0005,0.5078,6,5,0.0005,0.4978,0.0011,0.4867,0.4405,0.5223,0.5034,0.5214,0.4954,0.5094,0.5064,0.4982,3,0.0004
20160328_152305_1_361,0,1,Clean_Base_and_D2,boundary_margin_error,1,0.7824205448351368,0.4857,4,6,0.0015,0.4364,1,6,0.0,0.5234,4,6,0.0008,0.5023,5,7,0.003,0.5214,1,4,0.0001,0.4937,6,7,0.0012,0.5101,2,1,0.001,0.5083,3,5,0.0003,0.4977,0.001,0.4855,0.4392,0.5227,0.5013,0.5217,0.4963,0.5116,0.5071,0.4982,5,0.0005
20160328_152305_641_361,0,1,Clean_Base_and_D2,boundary_margin_error,2,0.7586206896548979,0.4865,4,6,0.0012,0.437,6,1,0.0005,0.5236,4,6,0.0014,0.5022,5,3,0.0026,0.522,0,4,0.0004,0.4946,4,7,0.0002,0.5106,2,5,0.0,0.51,1,3,0.0001,0.4983,0.0008,0.4863,0.4396,0.5231,0.502,0.5221,0.4964,0.5112,0.5081,0.4986,4,0.0003
20160328_152305_641_721,0,1,Clean_Base_and_D2,boundary_margin_error,2,0.7948443046718617,0.4866,4,6,0.0017,0.4376,1,6,0.0003,0.5237,6,4,0.0003,0.5037,5,3,0.0011,0.5221,0,1,0.0015,0.4946,5,4,0.0004,0.5099,2,3,0.0019,0.5065,5,6,0.0006,0.4981,0.001,0.4864,0.4401,0.523,0.5025,0.5216,0.4949,0.509,0.5059,0.4979,3,-0.0002
20160328_152511_1281_361,0,1,Clean_Base_and_D2,boundary_margin_error,3,0.7062510308424288,0.487,4,6,0.0014,0.4369,6,1,0.0009,0.523,6,4,0.0005,0.5025,5,7,0.0023,0.5203,1,4,0.0005,0.4948,7,5,0.001,0.5096,2,0,0.0008,0.5084,5,3,0.0001,0.4978,0.0009,0.4868,0.4392,0.5226,0.5033,0.5211,0.4961,0.5101,0.5072,0.4983,4,0.0005
20160328_152511_1281_721,0,1,Clean_Base_and_D2,boundary_margin_error,1,0.7838539335892026,0.4873,4,6,0.0017,0.4368,6,1,0.0016,0.5234,4,6,0.0002,0.5022,5,7,0.0014,0.5202,6,1,0.0002,0.494,7,4,0.0013,0.5092,1,2,0.0006,0.5088,3,7,0.0004,0.4977,0.0009,0.4871,0.439,0.5227,0.5035,0.5209,0.4967,0.5123,0.508,0.4988,6,0.0011
20160328_152511_1921_361,0,1,Clean_Base_and_D2,boundary_margin_error,2,0.7020049909643309,0.4876,4,6,0.0032,0.4382,6,1,0.0027,0.5225,6,4,0.0005,0.5022,5,4,0.0004,0.5193,6,1,0.0013,0.4941,7,5,0.0013,0.5089,2,1,0.0004,0.508,5,7,0.0007,0.4976,0.0013,0.4879,0.4399,0.5217,0.5052,0.5196,0.4962,0.5093,0.5076,0.4984,2,0.0008
20160328_152511_1921_721,0,1,Clean_Base_and_D2,missed_crack_high_fn,1,0.3745012350366953,0.4872,4,6,0.0028,0.4372,6,1,0.0021,0.5228,6,4,0.0,0.5009,4,5,0.0002,0.5196,6,7,0.0016,0.4941,7,4,0.0028,0.5095,1,6,0.0007,0.509,7,5,0.0002,0.4975,0.0013,0.4874,0.4394,0.5219,0.5053,0.5198,0.4966,0.5128,0.5084,0.499,4,0.0015
20160328_152511_1_361,0,1,Clean_Base_and_D2,moderate_general_error,1,0.6679541153293932,0.4865,4,6,0.0026,0.4362,6,1,0.0011,0.5234,6,4,0.0003,0.5029,5,7,0.0017,0.5206,6,4,0.0003,0.495,7,5,0.0009,0.5103,2,3,0.0009,0.5081,5,6,0.0016,0.4979,0.0012,0.4865,0.4384,0.5225,0.5027,0.5201,0.4961,0.5094,0.5066,0.4978,4,-0.0001
20160328_152511_641_361,0,1,Clean_Base_and_D2,boundary_margin_error,1,0.7843259991860084,0.4869,4,6,0.0014,0.4367,6,1,0.001,0.5233,4,6,0.0002,0.5031,5,0,0.002,0.5216,1,0,0.0003,0.4952,7,5,0.0006,0.5099,2,0,0.001,0.5077,5,3,0.0002,0.498,0.0008,0.4867,0.4391,0.5228,0.5029,0.5208,0.4956,0.509,0.5062,0.4979,5,-0.0001
20160328_152511_641_721,0,1,Clean_Base_and_D2,boundary_margin_error,1,0.7721299280913163,0.4872,4,6,0.0017,0.4369,6,1,0.0013,0.5232,6,4,0.0003,0.5014,5,4,0.0007,0.521,6,5,0.0006,0.4948,7,4,0.0025,0.51,5,6,0.001,0.5107,7,3,0.0005,0.4982,0.0011,0.487,0.439,0.5226,0.5028,0.5225,0.4975,0.5152,0.5098,0.4995,5,0.0013
20160328_152747_1281_361,0,1,Clean_Base_and_D2,boundary_margin_error,2,0.7996530789242143,0.4862,4,6,0.0019,0.4375,6,1,0.0003,0.5229,6,4,0.0005,0.5021,5,4,0.0005,0.5199,4,6,0.0007,0.4945,7,5,0.0006,0.5095,2,6,0.0007,0.5085,5,3,0.0003,0.4976,0.0007,0.4861,0.44,0.5221,0.5048,0.5207,0.4967,0.5098,0.5063,0.4983,3,0.0007
20160328_152747_1281_721,0,1,Clean_Base_and_D2,boundary_margin_error,1,0.7243986254278937,0.4863,4,6,0.0018,0.4372,6,1,0.0007,0.5235,4,6,0.0008,0.5008,4,5,0.001,0.5196,4,5,0.0011,0.4945,7,4,0.0013,0.5093,6,1,0.0,0.5098,3,5,0.0001,0.4976,0.0009,0.4862,0.4396,0.5224,0.5052,0.5207,0.4977,0.5129,0.5084,0.4991,3,0.0015
20160328_152747_1921_361,0,1,Clean_Base_and_D2,boundary_margin_error,1,0.7828276699026752,0.4867,4,6,0.0027,0.4385,6,1,0.0015,0.5228,6,4,0.0001,0.5023,4,5,0.0011,0.5189,6,4,0.0001,0.4945,7,5,0.0003,0.509,2,6,0.0005,0.508,5,6,0.0014,0.4976,0.001,0.4868,0.4409,0.5216,0.5061,0.5193,0.4967,0.5093,0.5068,0.4984,5,0.0008
20160328_152747_1_361,0,1,Clean_Base_and_D2,boundary_margin_error,1,0.7690639983319704,0.486,4,6,0.0025,0.4366,6,1,0.001,0.5235,4,6,0.0001,0.5015,5,7,0.0018,0.5204,4,1,0.001,0.4941,6,5,0.0006,0.5096,2,1,0.0003,0.5086,3,6,0.0011,0.4975,0.001,0.486,0.4391,0.5227,0.5018,0.5216,0.4964,0.5115,0.5072,0.4983,4,0.0008
20160328_152747_641_361,0,1,Clean_Base_and_D2,boundary_margin_error,1,0.7676378032684439,0.4863,4,6,0.0021,0.4371,6,1,0.0008,0.5237,4,6,0.0007,0.5023,5,4,0.0009,0.5201,4,1,0.0012,0.4941,5,7,0.0004,0.5096,2,6,0.0008,0.5085,3,5,0.0007,0.4977,0.0009,0.4862,0.4396,0.5228,0.5028,0.5219,0.4971,0.5115,0.5065,0.4985,3,0.0008
20160328_153548_1281_1081,0,1,Clean_Base_and_D2,boundary_margin_error,1,0.7549611734221098,0.4863,4,6,0.0019,0.4384,6,1,0.0006,0.5228,4,6,0.0017,0.4993,4,5,0.0032,0.5208,6,4,0.0001,0.4942,7,4,0.0023,0.5097,5,1,0.0001,0.5114,2,7,0.0006,0.4979,0.0013,0.4862,0.4409,0.5214,0.5045,0.5213,0.4986,0.5151,0.5102,0.4998,3,0.0019
20160328_153548_1281_361,0,1,Clean_Base_and_D2,high_quality,1,0.8737024221447472,0.4857,4,6,0.0019,0.439,6,1,0.0005,0.5224,4,6,0.0007,0.5012,5,4,0.0002,0.5206,4,1,0.0014,0.4936,7,4,0.001,0.5099,2,1,0.0009,0.5103,1,5,0.0008,0.4978,0.0009,0.4856,0.4418,0.5212,0.5054,0.5202,0.4967,0.5107,0.508,0.4987,4,0.0009
20160328_153548_1281_721,0,1,Clean_Base_and_D2,boundary_margin_error,3,0.8186311925270202,0.4868,4,6,0.002,0.4385,6,1,0.0021,0.5226,4,6,0.002,0.5036,5,3,0.0019,0.5203,4,1,0.0003,0.4945,5,7,0.0006,0.5093,2,3,0.0002,0.505,5,6,0.0024,0.4976,0.0014,0.4867,0.4409,0.5214,0.506,0.5184,0.4948,0.5057,0.5047,0.4973,5,-0.0003
20160328_153548_1921_361,0,1,Clean_Base_and_D2,high_quality,1,0.9046721929160118,0.4865,4,6,0.0032,0.44,6,1,0.0015,0.5224,4,6,0.0006,0.5018,4,5,0.0001,0.5196,4,6,0.001,0.4938,7,5,0.0016,0.5102,2,6,0.0009,0.5102,1,5,0.0003,0.4981,0.0011,0.4868,0.4425,0.5208,0.506,0.5191,0.4958,0.5095,0.5082,0.4986,2,0.0005
20160328_153548_1921_721,1,0,Persistent_Base_to_D2,high_quality,2,0.8997878659310141,0.4864,4,6,0.0031,0.4397,6,1,0.0017,0.5226,4,6,0.0011,0.5026,5,4,0.0017,0.5199,6,4,0.0005,0.494,7,5,0.0002,0.5099,2,3,0.0003,0.508,5,6,0.0025,0.4979,0.0014,0.4866,0.4422,0.5208,0.5063,0.5175,0.496,0.5088,0.507,0.4981,3,0.0002
20160328_153548_1_1,0,1,Clean_Base_and_D2,boundary_margin_error,1,0.7832754779543073,0.485,4,6,0.0021,0.4391,1,6,0.0003,0.5223,4,6,0.0009,0.503,5,7,0.0023,0.5201,4,1,0.0005,0.4934,5,6,0.0011,0.5105,1,2,0.0007,0.509,1,2,0.0007,0.4978,0.0011,0.4849,0.4422,0.5209,0.5056,0.5193,0.4964,0.5099,0.508,0.4984,3,0.0006
20160328_153548_1_1081,0,1,Clean_Base_and_D2,boundary_margin_error,1,0.7391276041665464,0.4862,4,6,0.0029,0.4379,6,1,0.0013,0.5227,4,6,0.0007,0.5017,5,4,0.0005,0.5197,4,6,0.0004,0.4942,5,4,0.0002,0.51,2,6,0.0002,0.508,5,6,0.0021,0.4976,0.001,0.4863,0.4403,0.5213,0.5057,0.5187,0.4962,0.5086,0.5061,0.4979,3,0.0003
20160328_153548_641_1,0,1,Clean_Base_and_D2,boundary_margin_error,1,0.7778376436774623,0.4848,4,6,0.0014,0.4394,1,6,0.0012,0.5223,4,6,0.0013,0.5015,5,4,0.0,0.5214,4,6,0.0004,0.4934,7,0,0.0027,0.5097,5,1,0.0006,0.511,1,2,0.0003,0.4979,0.001,0.4845,0.4428,0.5212,0.5061,0.5209,0.4976,0.5128,0.5087,0.4993,3,0.0014
20160328_153548_641_1081,0,1,Clean_Base_and_D2,boundary_margin_error,1,0.7148291069457787,0.4864,4,6,0.0022,0.4378,6,1,0.0011,0.5226,4,6,0.0007,0.5019,4,5,0.0001,0.5206,6,1,0.0,0.4939,7,5,0.0004,0.5093,2,6,0.0008,0.5076,5,6,0.0028,0.4975,0.001,0.4864,0.4401,0.5215,0.5052,0.5196,0.4968,0.5106,0.5071,0.4984,4,0.0009
20160328_153548_641_361,1,0,Persistent_Base_to_D2,complex_topology,10,0.659441758926665,0.4858,4,6,0.0013,0.438,6,1,0.0006,0.5226,4,6,0.0024,0.5016,5,4,0.0007,0.5202,4,1,0.0001,0.4936,7,4,0.0,0.5093,1,3,0.0001,0.5076,5,7,0.003,0.4973,0.001,0.4856,0.4408,0.5215,0.5063,0.5201,0.4962,0.5097,0.5069,0.4984,3,0.0011
20160328_153548_641_721,0,1,Clean_Base_and_D2,boundary_margin_error,2,0.7785784474285036,0.4865,4,6,0.0017,0.4376,6,1,0.0016,0.5227,4,6,0.0018,0.502,5,4,0.0004,0.5201,1,4,0.0003,0.4937,7,5,0.0008,0.5091,3,1,0.0004,0.5069,5,7,0.0031,0.4973,0.0013,0.4863,0.44,0.5215,0.5058,0.5195,0.4955,0.5086,0.5062,0.4979,3,0.0006
20160328_153604_1281_1,0,1,Clean_Base_and_D2,moderate_general_error,1,0.6882170333373678,0.4849,4,6,0.0016,0.4399,1,6,0.0018,0.5216,6,4,0.0012,0.5022,5,7,0.0011,0.521,4,3,0.0013,0.4931,7,5,0.0003,0.5102,6,2,0.0002,0.5098,1,2,0.0004,0.4978,0.001,0.4847,0.4433,0.521,0.5064,0.5218,0.4956,0.511,0.5067,0.4988,3,0.001
20160328_153604_1281_361,0,1,Clean_Base_and_D2,boundary_margin_error,1,0.7829155374884873,0.4854,4,6,0.0015,0.44,1,6,0.0008,0.5217,6,4,0.0005,0.5036,5,3,0.0014,0.5213,7,1,0.0,0.4936,7,4,0.0003,0.5094,2,3,0.0005,0.508,5,1,0.0013,0.4979,0.0008,0.4852,0.4433,0.5211,0.5062,0.5208,0.495,0.5081,0.5066,0.4983,3,0.0004
20160328_153604_1281_721,0,1,Clean_Base_and_D2,boundary_margin_error,1,0.7413329457079942,0.486,4,6,0.0016,0.4391,6,1,0.0001,0.5224,4,6,0.0011,0.5022,5,7,0.0013,0.5208,4,1,0.0007,0.4934,7,4,0.0001,0.5092,1,2,0.0,0.5087,5,1,0.0018,0.4977,0.0008,0.4858,0.4421,0.5215,0.5053,0.52,0.4968,0.5117,0.5069,0.4988,4,0.0011
20160328_153604_1921_361,0,1,Clean_Base_and_D2,boundary_margin_error,2,0.7452008326263414,0.4858,4,6,0.0028,0.4405,1,6,0.0004,0.522,6,4,0.0007,0.501,5,4,0.0002,0.5202,4,6,0.0009,0.4935,7,0,0.0018,0.5094,5,6,0.0,0.5106,1,2,0.0002,0.4979,0.0009,0.4859,0.4435,0.5208,0.5068,0.5206,0.4966,0.5117,0.5079,0.4992,2,0.0013
20160328_153604_1921_721,0,1,Clean_Base_and_D2,boundary_margin_error,1,0.8014434443565467,0.4862,4,6,0.003,0.4407,6,1,0.0007,0.5223,6,4,0.0002,0.5029,5,7,0.0012,0.5205,6,4,0.0003,0.4941,7,5,0.0006,0.5096,2,6,0.0003,0.5082,5,0,0.0045,0.4981,0.0013,0.4864,0.4435,0.5209,0.5062,0.5195,0.497,0.5099,0.5064,0.4987,4,0.0006
20160328_153604_1_1,0,1,Clean_Base_and_D2,boundary_margin_error,1,0.8212437295959785,0.4856,4,6,0.0027,0.4393,1,6,0.0,0.5219,6,4,0.0005,0.5017,5,7,0.0009,0.5199,4,6,0.0017,0.4928,7,5,0.0006,0.5099,2,6,0.001,0.5094,1,5,0.0013,0.4976,0.0011,0.4857,0.4423,0.5213,0.5066,0.5205,0.4949,0.5094,0.5059,0.4983,3,0.0007
20160328_153604_1_361,0,1,Clean_Base_and_D2,boundary_margin_error,1,0.7610906411198375,0.4854,4,6,0.0027,0.4388,6,1,0.0001,0.5223,4,6,0.0003,0.5015,5,4,0.001,0.52,4,7,0.0009,0.4929,7,6,0.0017,0.5098,1,6,0.0001,0.5088,5,1,0.0001,0.4974,0.0009,0.4855,0.4418,0.5214,0.5064,0.5206,0.4959,0.5096,0.5078,0.4986,3,0.0012
20160328_153604_641_1,0,1,Clean_Base_and_D2,boundary_margin_error,1,0.7843137254898417,0.4853,4,6,0.0019,0.4393,1,6,0.0008,0.5221,6,4,0.0002,0.5026,5,7,0.001,0.5202,4,6,0.0015,0.4927,7,0,0.0005,0.51,2,3,0.0014,0.5084,1,2,0.0006,0.4976,0.001,0.4852,0.4426,0.5215,0.5058,0.5209,0.495,0.5096,0.5059,0.4983,3,0.0007
20160328_153604_641_1081,0,1,Clean_Base_and_D2,high_quality,1,0.8530785785520831,0.4865,4,6,0.002,0.4388,6,1,0.0009,0.5222,4,6,0.0003,0.5023,5,7,0.0015,0.5199,4,1,0.0013,0.4934,7,5,0.0001,0.5093,2,3,0.0,0.5088,1,5,0.0013,0.4977,0.0009,0.4865,0.4414,0.5214,0.5057,0.52,0.4949,0.5077,0.5065,0.498,2,0.0003
20160328_153604_641_361,1,0,Persistent_Base_to_D2,boundary_margin_error,3,0.7532853954870229,0.4852,4,6,0.0015,0.4409,1,6,0.0009,0.522,4,6,0.0005,0.5053,3,5,0.0002,0.5212,7,1,0.0001,0.4939,5,7,0.0015,0.509,0,2,0.0,0.506,5,6,0.0014,0.4979,0.0008,0.485,0.4444,0.5211,0.507,0.5196,0.4948,0.5055,0.5047,0.4978,5,-0.0001
20160328_153604_641_721,0,1,Clean_Base_and_D2,boundary_margin_error,2,0.7828630198621898,0.4853,4,6,0.0015,0.4401,1,6,0.0009,0.5222,4,6,0.0004,0.5036,5,0,0.0011,0.5209,7,4,0.0002,0.4937,7,5,0.0,0.5105,2,6,0.0006,0.509,5,1,0.0002,0.4982,0.0006,0.4851,0.4433,0.521,0.5056,0.519,0.4947,0.5089,0.5059,0.4979,4,-0.0003
20160328_153620_1281_1081,0,1,Clean_Base_and_D2,high_quality,1,0.8608837970524443,0.4859,4,6,0.0013,0.4386,1,6,0.0005,0.5225,4,6,0.002,0.4994,4,5,0.0035,0.5203,7,6,0.0002,0.4937,7,4,0.0029,0.5093,1,6,0.0001,0.5105,7,2,0.0002,0.4975,0.0013,0.4857,0.4413,0.5213,0.5065,0.5208,0.4975,0.5139,0.5093,0.4995,3,0.002
20160328_153620_1281_361,0,1,Clean_Base_and_D2,boundary_margin_error,2,0.7961305025229872,0.4862,4,6,0.0025,0.4407,6,1,0.001,0.5217,4,6,0.0001,0.5063,3,5,0.0015,0.5204,1,0,0.0001,0.4947,5,2,0.0009,0.5089,0,2,0.0008,0.5043,5,6,0.002,0.4979,0.0011,0.4863,0.4436,0.5208,0.508,0.5183,0.4945,0.5035,0.5031,0.4973,3,-0.0006
20160328_153620_1281_721,1,0,Persistent_Base_to_D2,complex_topology,12,0.854374081932256,0.4861,4,6,0.0017,0.4391,6,1,0.0008,0.5222,4,6,0.0015,0.5025,5,4,0.0012,0.5198,4,1,0.0001,0.4936,7,5,0.0006,0.509,2,3,0.0006,0.5072,5,6,0.0024,0.4974,0.0011,0.486,0.4418,0.5211,0.5067,0.5186,0.4949,0.5072,0.5057,0.4978,3,0.0004
20160328_153620_1921_1081,0,1,Clean_Base_and_D2,high_quality,1,0.9005394801368806,0.4864,4,6,0.0026,0.4394,6,1,0.0007,0.5225,4,6,0.0012,0.4999,4,7,0.0028,0.5198,6,7,0.0009,0.4938,7,4,0.0019,0.5094,5,6,0.0001,0.5109,1,5,0.0001,0.4978,0.0013,0.4865,0.4418,0.5209,0.5074,0.5193,0.4973,0.5128,0.5087,0.4993,3,0.0015
20160328_153620_1921_361,1,0,Persistent_Base_to_D2,high_quality,2,0.912073085488416,0.4863,4,6,0.0029,0.4425,6,1,0.0006,0.5219,4,6,0.0001,0.5033,5,4,0.0014,0.5193,1,4,0.0,0.4937,5,4,0.0002,0.5096,3,2,0.0009,0.5077,5,6,0.0026,0.498,0.0011,0.4865,0.4448,0.5201,0.5075,0.5174,0.4961,0.5078,0.5066,0.4984,1,0.0004
20160328_153620_1_361,1,0,Persistent_Base_to_D2,high_quality,2,0.9321947370862252,0.4859,4,6,0.0028,0.4384,6,1,0.001,0.5225,4,6,0.0013,0.5037,5,0,0.0021,0.5199,4,1,0.001,0.4942,5,7,0.0004,0.5099,0,3,0.0006,0.5066,5,1,0.0008,0.4976,0.0013,0.486,0.441,0.5214,0.5067,0.5178,0.4949,0.5066,0.5049,0.4974,3,-0.0002
20160328_153620_1_721,0,1,Clean_Base_and_D2,high_quality,1,0.9609712376754168,0.4852,4,6,0.0019,0.4372,6,1,0.0,0.5226,4,6,0.0016,0.5004,4,5,0.0017,0.5204,7,6,0.0,0.4933,7,4,0.0034,0.51,5,1,0.0002,0.5103,2,1,0.0003,0.4974,0.0011,0.485,0.4399,0.5214,0.5064,0.5211,0.4967,0.5125,0.5084,0.4989,3,0.0015
20160328_153620_641_361,0,0,Clean_Base_and_D2,high_quality,4,0.874045556624399,0.4855,4,6,0.0019,0.4387,6,1,0.0004,0.5225,4,6,0.0018,0.5026,5,0,0.0015,0.5208,4,7,0.0003,0.4941,7,4,0.0009,0.5104,2,6,0.0005,0.5104,5,1,0.0,0.4981,0.0009,0.4854,0.4416,0.5213,0.5066,0.5196,0.4964,0.5104,0.5078,0.4986,4,0.0005
20160328_153620_641_721,1,0,Persistent_Base_to_D2,high_quality,3,0.8808028286188768,0.4872,4,6,0.0024,0.4389,6,1,0.0024,0.5225,4,6,0.0017,0.5058,5,3,0.0001,0.5199,0,1,0.0003,0.4947,2,5,0.0019,0.5082,0,3,0.0016,0.5025,5,6,0.0034,0.4975,0.0017,0.4873,0.4412,0.5215,0.5077,0.5173,0.4942,0.5034,0.5024,0.4969,5,-0.0006
20160328_153629_1281_361,0,1,Clean_Base_and_D2,high_quality,1,0.969043670535672,0.4854,4,6,0.0017,0.4401,1,6,0.0003,0.522,4,6,0.0004,0.502,5,7,0.0014,0.5214,4,1,0.0008,0.4932,4,7,0.0005,0.5101,2,1,0.0,0.5114,1,2,0.0013,0.4982,0.0008,0.4852,0.4432,0.521,0.5048,0.521,0.4976,0.5133,0.5091,0.4994,4,0.0012
20160328_153629_1281_721,0,1,Clean_Base_and_D2,high_quality,1,0.9056770581175604,0.4865,4,6,0.0022,0.4387,6,1,0.0015,0.5225,4,6,0.0011,0.5042,5,3,0.0014,0.5207,1,6,0.0011,0.4939,5,3,0.0004,0.5094,2,0,0.0005,0.5065,5,6,0.0023,0.4978,0.0013,0.4865,0.4412,0.5214,0.505,0.5183,0.4952,0.5079,0.5057,0.4976,5,-0.0002
20160328_153629_1921_361,0,1,Clean_Base_and_D2,high_quality,1,0.9288584948465468,0.4866,4,6,0.0034,0.4428,6,1,0.0013,0.522,6,4,0.0002,0.5041,5,7,0.0009,0.5199,1,6,0.0003,0.4943,5,7,0.0026,0.5099,2,0,0.0011,0.5071,6,5,0.0005,0.4983,0.0013,0.487,0.4451,0.5204,0.505,0.5174,0.4949,0.5069,0.5062,0.4979,1,-0.0004
20160328_153629_1_361,1,0,Persistent_Base_to_D2,high_quality,3,0.9236427668667656,0.4858,4,6,0.0034,0.4393,6,1,0.0013,0.5224,4,6,0.0004,0.5043,5,3,0.001,0.521,4,1,0.0002,0.4938,5,4,0.0017,0.5104,2,3,0.0003,0.5075,6,5,0.0005,0.4981,0.0011,0.4861,0.442,0.5211,0.5047,0.5191,0.4961,0.5083,0.5055,0.4979,3,-0.0002
20160328_153629_641_361,0,1,Clean_Base_and_D2,high_quality,2,0.8608313235915918,0.4855,4,6,0.0019,0.4388,6,1,0.0003,0.5225,4,6,0.0012,0.5029,5,7,0.0016,0.5215,4,1,0.0003,0.4932,4,5,0.0005,0.5102,5,2,0.0003,0.5111,1,2,0.0005,0.4982,0.0008,0.4854,0.4417,0.5215,0.5048,0.5205,0.497,0.5122,0.508,0.4989,3,0.0007
20160328_153629_641_721,1,0,Persistent_Base_to_D2,complex_topology,6,0.9433564889513828,0.4866,4,6,0.0025,0.4385,6,1,0.002,0.5226,4,6,0.0012,0.5039,5,0,0.0009,0.521,0,4,0.0,0.495,7,5,0.0004,0.5097,2,0,0.0006,0.5062,5,6,0.0004,0.4979,0.001,0.4867,0.4408,0.5215,0.5055,0.5195,0.4955,0.5065,0.5043,0.4975,3,-0.0004
20160328_153829_1281_361,1,0,Persistent_Base_to_D2,complex_topology,7,0.8845861915876546,0.4858,4,6,0.0018,0.4422,1,6,0.0003,0.5219,4,6,0.0005,0.5061,3,5,0.0018,0.5213,1,0,0.001,0.4937,5,6,0.002,0.5092,2,0,0.0002,0.5051,5,6,0.0023,0.4982,0.0012,0.4857,0.4455,0.5207,0.5068,0.5193,0.4948,0.5057,0.5041,0.4978,2,-0.0004
20160328_153829_1281_721,1,0,Persistent_Base_to_D2,boundary_margin_error,3,0.805123294229345,0.4857,4,6,0.0014,0.4403,6,1,0.0002,0.5224,4,1,0.0022,0.5017,4,5,0.0013,0.5212,1,7,0.0008,0.4938,4,6,0.0003,0.509,1,5,0.0008,0.511,2,1,0.0,0.4981,0.0009,0.4855,0.4433,0.521,0.5061,0.5199,0.4984,0.5148,0.5098,0.4999,2,0.0018
20160328_153829_1921_1,1,0,Persistent_Base_to_D2,complex_topology,14,0.8309515355936378,0.4856,4,6,0.0028,0.4412,1,6,0.0006,0.5222,4,6,0.0001,0.5054,5,3,0.0001,0.5202,6,4,0.0004,0.4938,5,6,0.0029,0.5101,2,3,0.0,0.5057,5,6,0.0034,0.498,0.0013,0.4857,0.4444,0.5207,0.5071,0.518,0.4939,0.5055,0.5046,0.4975,4,-0.0005
20160328_153829_1921_361,0,1,Clean_Base_and_D2,boundary_margin_error,2,0.8407154003110782,0.4855,4,6,0.0029,0.4432,1,6,0.0004,0.5223,4,6,0.0004,0.502,5,7,0.0007,0.5208,4,6,0.0001,0.4941,7,4,0.0005,0.51,1,6,0.0002,0.5111,5,1,0.0002,0.4986,0.0007,0.4857,0.4465,0.5204,0.5064,0.519,0.4983,0.5144,0.5089,0.5,3,0.0014
20160328_153829_1_1,1,0,Persistent_Base_to_D2,boundary_margin_error,4,0.8309844874782443,0.4853,4,6,0.0016,0.4415,1,6,0.0007,0.5219,4,6,0.0014,0.5048,3,5,0.0004,0.5215,1,7,0.0005,0.494,5,7,0.0026,0.5104,2,3,0.0021,0.5074,5,1,0.0006,0.4983,0.0012,0.4852,0.445,0.5208,0.5064,0.5195,0.4961,0.5081,0.5056,0.4983,4,0.0
20160328_153829_1_721,0,1,Clean_Base_and_D2,high_quality,1,0.8697955579699315,0.4851,4,6,0.0019,0.4396,6,1,0.0001,0.5225,4,1,0.0019,0.5032,5,2,0.0,0.5215,1,4,0.0002,0.4934,4,7,0.0001,0.5093,5,1,0.0007,0.5105,2,1,0.0,0.4981,0.0006,0.4849,0.4427,0.5211,0.506,0.5198,0.4973,0.5121,0.5083,0.499,2,0.0009
20160328_153829_641_1,1,0,Persistent_Base_to_D2,complex_topology,5,0.8613379774198712,0.485,4,6,0.0009,0.4415,1,6,0.0017,0.5221,4,6,0.0018,0.504,5,3,0.0012,0.5211,1,7,0.0008,0.4941,5,3,0.0018,0.5103,2,1,0.002,0.5086,0,1,0.0002,0.4983,0.0013,0.4847,0.4451,0.521,0.5055,0.519,0.4959,0.5095,0.5072,0.4985,4,0.0002
20160328_153829_641_1081,1,0,Persistent_Base_to_D2,boundary_margin_error,2,0.7610678383591232,0.4857,4,6,0.0017,0.4395,1,6,0.0001,0.5223,4,6,0.0009,0.5025,5,0,0.0009,0.5219,4,6,0.0003,0.4941,7,5,0.001,0.5097,6,5,0.0003,0.5094,5,1,0.0031,0.4981,0.001,0.4856,0.4424,0.521,0.5058,0.5194,0.497,0.5112,0.507,0.4987,3,0.0006
20160328_153829_641_361,0,1,Clean_Base_and_D2,high_quality,2,0.8684698036304381,0.4853,4,6,0.0009,0.4406,1,6,0.0007,0.5222,4,6,0.0024,0.5018,5,4,0.001,0.5209,1,4,0.0009,0.4933,7,4,0.0004,0.5098,5,6,0.0003,0.5109,5,1,0.0001,0.4981,0.0008,0.4851,0.4439,0.5211,0.5055,0.5204,0.4974,0.513,0.5089,0.4994,3,0.0013
20160328_153829_641_721,1,0,Persistent_Base_to_D2,boundary_margin_error,2,0.8264610971659619,0.4857,4,6,0.0014,0.4396,6,1,0.0002,0.5225,4,6,0.0021,0.5011,4,5,0.0012,0.5212,6,1,0.0004,0.4938,7,6,0.0004,0.5091,1,5,0.0004,0.511,7,2,0.0009,0.498,0.0009,0.4855,0.4426,0.5211,0.5061,0.5205,0.4983,0.5147,0.5099,0.4998,4,0.0018
20160329_103807_1081_1,0,1,Clean_Base_and_D2,missed_crack_high_fn,1,0.2357388316143102,0.4882,4,6,0.0028,0.4367,6,1,0.0042,0.5233,4,6,0.0021,0.5004,4,5,0.0026,0.5194,6,4,0.0004,0.4943,7,0,0.0011,0.5089,1,6,0.0006,0.5101,3,2,0.0012,0.4977,0.0019,0.4882,0.4387,0.5227,0.5066,0.5219,0.4966,0.5108,0.5092,0.4993,4,0.0016
20160329_103807_361_1,1,0,Persistent_Base_to_D2,boundary_margin_error,2,0.7775635073683362,0.4882,4,5,0.0028,0.4364,6,1,0.0042,0.5235,4,6,0.0015,0.5014,4,5,0.0007,0.519,4,6,0.0006,0.4942,7,0,0.0011,0.5087,0,3,0.0001,0.5076,5,3,0.0017,0.4974,0.0016,0.4882,0.4384,0.523,0.5049,0.5208,0.4952,0.5078,0.5065,0.4981,2,0.0007
20160329_103807_361_1281,1,0,Persistent_Base_to_D2,boundary_margin_error,4,0.717810004888265,0.4885,4,6,0.0019,0.438,6,1,0.003,0.5237,4,6,0.0021,0.5014,5,4,0.0011,0.5196,1,4,0.0,0.4939,7,0,0.0013,0.5072,3,0,0.0003,0.5065,5,4,0.0002,0.4974,0.0012,0.4883,0.4398,0.5234,0.5048,0.5212,0.4944,0.5068,0.5058,0.4981,3,0.0007
20160329_103807_361_1921,1,0,Persistent_Base_to_D2,complex_topology,6,0.6486606318121839,0.4878,4,6,0.0021,0.4369,6,1,0.002,0.5237,4,6,0.0011,0.5009,4,5,0.0003,0.5189,6,0,0.0005,0.4938,7,0,0.003,0.508,3,0,0.0,0.5068,5,1,0.0008,0.4971,0.0012,0.4877,0.4388,0.5233,0.5045,0.5216,0.495,0.5073,0.5053,0.4979,3,0.0008
20160329_103807_361_641,0,1,Clean_Base_and_D2,boundary_margin_error,3,0.7828540291819601,0.4888,4,6,0.0021,0.4381,6,1,0.0035,0.5236,4,6,0.0017,0.502,5,4,0.0,0.5193,6,4,0.0003,0.4942,7,0,0.0019,0.508,0,3,0.0003,0.5065,5,1,0.0009,0.4976,0.0013,0.4887,0.4398,0.5232,0.5054,0.5207,0.4944,0.5062,0.5047,0.4979,3,0.0003
20160329_103807_721_1,0,1,Clean_Base_and_D2,boundary_margin_error,1,0.6622845608403649,0.4882,4,5,0.0027,0.4368,6,1,0.004,0.5232,4,6,0.0015,0.5011,4,5,0.0025,0.5193,1,4,0.0,0.4936,7,0,0.0014,0.5077,5,3,0.0001,0.5081,7,3,0.0011,0.4972,0.0017,0.4883,0.4389,0.5227,0.506,0.5214,0.4953,0.5083,0.5065,0.4984,3,0.0012
20160329_103807_721_1281,0,1,Clean_Base_and_D2,boundary_margin_error,2,0.6846927374286376,0.4875,4,6,0.0012,0.437,6,1,0.0025,0.5234,4,6,0.0036,0.4998,4,5,0.0026,0.5204,1,7,0.0009,0.4937,7,4,0.0022,0.5085,1,5,0.0009,0.5099,3,7,0.0002,0.4975,0.0018,0.4872,0.4391,0.5231,0.5053,0.5236,0.4967,0.5107,0.5093,0.4994,4,0.0019
20160330_165956_1281_721,1,0,Persistent_Base_to_D2,complex_topology,5,0.6554291183661303,0.4853,4,6,0.0019,0.4423,6,1,0.0,0.5223,4,1,0.0013,0.5045,2,3,0.0028,0.5215,7,1,0.0011,0.4957,3,4,0.0013,0.5097,2,1,0.0007,0.5068,5,6,0.0009,0.4985,0.0013,0.4852,0.4459,0.5206,0.5038,0.518,0.4971,0.5103,0.5061,0.4984,4,-0.0001
20160330_165956_1921_721,1,0,Persistent_Base_to_D2,moderate_general_error,2,0.7188893774730077,0.4853,4,6,0.0034,0.4428,6,1,0.0002,0.5223,4,6,0.0004,0.5031,2,5,0.0029,0.5197,6,7,0.0002,0.4951,3,5,0.0009,0.5103,2,6,0.0005,0.5085,5,2,0.0002,0.4984,0.0011,0.4856,0.4462,0.5201,0.5052,0.5174,0.4969,0.5104,0.5069,0.4986,3,0.0002
20160330_165956_1_1081,0,1,Clean_Base_and_D2,boundary_margin_error,1,0.8279838128494772,0.4851,4,6,0.0025,0.4455,1,6,0.0008,0.5219,4,6,0.0004,0.5039,2,3,0.0003,0.522,7,6,0.0013,0.4958,3,5,0.0008,0.5104,2,6,0.0023,0.5085,5,2,0.0009,0.4991,0.0012,0.4852,0.4493,0.5199,0.5041,0.5189,0.498,0.5107,0.5062,0.499,3,-0.0001
20160330_165956_1_721,1,0,Persistent_Base_to_D2,complex_topology,5,0.6919913570776525,0.4847,4,6,0.0019,0.4435,1,6,0.0007,0.5223,4,1,0.0007,0.5037,2,3,0.0043,0.523,7,2,0.0006,0.4957,4,3,0.0008,0.5103,1,2,0.0007,0.5088,5,2,0.0014,0.499,0.0014,0.4846,0.4474,0.5204,0.503,0.5194,0.4979,0.5134,0.5075,0.4992,5,0.0002
20160330_165956_641_721,1,0,Persistent_Base_to_D2,boundary_margin_error,2,0.813124261625597,0.4853,4,6,0.0015,0.4426,1,6,0.0004,0.5223,4,1,0.0011,0.5045,2,3,0.0017,0.5222,7,1,0.0002,0.4959,3,4,0.0005,0.5091,1,2,0.0001,0.5081,5,2,0.0015,0.4987,0.0009,0.4852,0.4462,0.5206,0.5029,0.5178,0.4979,0.5119,0.5068,0.4987,5,0.0
20160330_170359_1281_721,0,1,Clean_Base_and_D2,boundary_margin_error,1,0.800707750733529,0.4886,4,6,0.0023,0.4383,6,1,0.0045,0.5235,4,6,0.0012,0.5029,5,4,0.0001,0.5178,6,1,0.0003,0.4943,7,2,0.0015,0.5085,3,0,0.0001,0.5064,5,4,0.0016,0.4975,0.0014,0.4887,0.4402,0.5226,0.5078,0.5184,0.4945,0.507,0.5063,0.4982,5,0.0007
20160330_170359_1921_361,0,1,Clean_Base_and_D2,high_quality,1,0.8604380431543276,0.4888,4,5,0.0024,0.4394,6,1,0.0048,0.523,6,4,0.0003,0.5032,5,4,0.0005,0.5173,4,6,0.0002,0.4949,7,0,0.0008,0.508,3,0,0.0021,0.5065,5,4,0.0006,0.4976,0.0015,0.4891,0.4408,0.5218,0.5094,0.5188,0.4943,0.5055,0.506,0.4982,1,0.0006
20160330_170359_1921_721,0,1,Clean_Base_and_D2,high_quality,2,0.8793206885410312,0.4885,4,5,0.0031,0.4384,6,1,0.0046,0.5234,4,6,0.0004,0.5029,5,4,0.0,0.5179,6,4,0.0016,0.4946,7,0,0.0022,0.5086,3,1,0.0024,0.5069,5,4,0.0018,0.4977,0.002,0.4888,0.4399,0.5221,0.5099,0.5187,0.4944,0.5068,0.506,0.4983,2,0.0006
20160330_170359_1_721,0,1,Clean_Base_and_D2,high_quality,1,0.8510354231172271,0.4881,4,5,0.0027,0.4372,6,1,0.0049,0.5235,4,6,0.0009,0.5029,5,4,0.0001,0.5177,4,6,0.0006,0.4944,7,0,0.0013,0.5086,3,2,0.002,0.5072,5,4,0.0004,0.4974,0.0016,0.4884,0.4392,0.5224,0.5075,0.5188,0.4945,0.5071,0.5058,0.498,1,0.0006
20160330_170359_641_721,0,1,Clean_Base_and_D2,high_quality,1,0.8577856758561949,0.4888,4,6,0.0026,0.4384,6,1,0.0046,0.5236,4,6,0.0013,0.5026,5,4,0.0008,0.5177,4,1,0.0001,0.4945,0,2,0.0001,0.508,3,0,0.0001,0.5063,5,4,0.0005,0.4975,0.0013,0.4888,0.4402,0.5226,0.5071,0.5183,0.4949,0.5078,0.5062,0.4982,3,0.0007
20160330_172309_1281_361,0,1,Clean_Base_and_D2,high_quality,1,0.87765457620693,0.4848,4,6,0.0018,0.4407,1,6,0.0003,0.5223,4,6,0.0016,0.5026,5,4,0.0003,0.5191,4,1,0.0009,0.4941,7,5,0.0007,0.5097,2,6,0.0017,0.5087,5,3,0.001,0.4978,0.001,0.4846,0.4441,0.5207,0.5069,0.5187,0.4962,0.508,0.5064,0.4982,3,0.0004
20160330_172309_1281_721,1,0,Persistent_Base_to_D2,high_quality,4,0.8724894218508763,0.4853,4,6,0.0021,0.4396,6,1,0.0003,0.5227,4,1,0.0019,0.5035,5,4,0.0002,0.5198,1,4,0.0003,0.494,5,0,0.0002,0.509,2,6,0.0006,0.5082,6,3,0.0006,0.4978,0.0008,0.4852,0.4426,0.521,0.5061,0.5182,0.4963,0.5086,0.5058,0.498,2,0.0002
20160330_172309_1921_361,0,1,Clean_Base_and_D2,high_quality,1,0.9033617350887984,0.4856,4,6,0.0029,0.4416,6,1,0.0005,0.5223,4,6,0.0012,0.5018,4,5,0.0002,0.5191,4,1,0.0016,0.4939,0,7,0.0002,0.5091,2,0,0.0011,0.5089,1,5,0.0006,0.4978,0.001,0.4857,0.4447,0.5204,0.5068,0.5178,0.4961,0.5084,0.5074,0.4984,3,0.0006
20160330_172309_1921_721,0,1,Clean_Base_and_D2,high_quality,1,0.8832627118641729,0.4857,4,6,0.0028,0.4406,6,1,0.0009,0.5224,4,6,0.0017,0.5023,4,5,0.0017,0.5187,4,6,0.0004,0.4942,7,5,0.0005,0.51,2,6,0.0006,0.5078,5,3,0.0032,0.4977,0.0015,0.4858,0.4435,0.5206,0.5075,0.518,0.4957,0.5076,0.5056,0.498,3,0.0003
20160330_172309_1_721,0,1,Clean_Base_and_D2,high_quality,1,0.8849254825309106,0.4843,4,6,0.0023,0.439,6,1,0.0001,0.5226,4,6,0.0012,0.503,5,0,0.0015,0.5199,4,7,0.002,0.494,5,7,0.0002,0.5107,6,2,0.0,0.5093,2,1,0.0014,0.4979,0.0011,0.4841,0.4423,0.521,0.5062,0.5198,0.4965,0.509,0.5072,0.4983,4,0.0004
20160330_172309_641_361,0,1,Clean_Base_and_D2,boundary_margin_error,1,0.7685071574626411,0.4844,4,6,0.0017,0.4401,1,6,0.0006,0.5226,4,6,0.0019,0.5004,4,5,0.0027,0.5197,4,7,0.0018,0.4936,7,0,0.0013,0.5096,1,6,0.0,0.5114,2,1,0.0002,0.4977,0.0013,0.4842,0.4435,0.521,0.5061,0.5214,0.498,0.5127,0.5088,0.4995,3,0.0018
20160330_172309_641_721,0,1,Clean_Base_and_D2,boundary_margin_error,3,0.8480974329642283,0.485,4,6,0.002,0.4389,1,6,0.0,0.5227,4,6,0.0016,0.5039,5,4,0.0015,0.5188,4,6,0.0002,0.4946,5,1,0.0016,0.5092,3,2,0.0005,0.5042,5,6,0.0024,0.4972,0.0012,0.4848,0.4419,0.521,0.507,0.5181,0.4948,0.504,0.5028,0.4968,4,-0.0004
20160402_150314_1281_1081,0,1,Clean_Base_and_D2,boundary_margin_error,1,0.8338039532052566,0.4862,4,6,0.0018,0.4396,1,6,0.0004,0.523,1,4,0.0002,0.5034,2,3,0.0022,0.5227,7,5,0.0007,0.4962,4,3,0.0008,0.51,7,5,0.0002,0.5103,5,2,0.0003,0.4989,0.0008,0.4861,0.4422,0.5215,0.5015,0.5199,0.4978,0.515,0.5087,0.4991,2,0.0002
20160402_150314_1281_361,0,1,Clean_Base_and_D2,high_quality,1,0.8564320680516359,0.4859,4,6,0.0016,0.4406,6,1,0.0002,0.5223,4,1,0.0003,0.5041,2,3,0.0019,0.5221,7,1,0.0008,0.4951,4,3,0.0003,0.5097,1,2,0.0006,0.5097,2,1,0.0001,0.4987,0.0007,0.4857,0.4435,0.5209,0.5038,0.5193,0.4975,0.5118,0.5075,0.4988,4,0.0001
20160402_150314_1281_721,1,0,Persistent_Base_to_D2,high_quality,3,0.851322687797314,0.4862,4,6,0.0016,0.4396,6,1,0.0007,0.5227,4,1,0.0004,0.505,3,2,0.0002,0.5221,6,7,0.0001,0.4957,3,7,0.0006,0.51,2,6,0.0001,0.5083,5,2,0.0029,0.4987,0.0008,0.4861,0.4422,0.5214,0.5029,0.5184,0.4969,0.5115,0.5066,0.4982,4,-0.0005
20160402_150314_1921_1,0,0,Created_by_D2,high_quality,2,0.8535661182786447,0.4869,4,6,0.003,0.4408,6,1,0.002,0.5226,4,1,0.0004,0.5042,2,3,0.001,0.521,6,7,0.0005,0.4959,3,4,0.0003,0.5093,2,6,0.0001,0.5082,5,2,0.0033,0.4986,0.0013,0.4871,0.4427,0.5209,0.5037,0.5177,0.4966,0.5104,0.5067,0.4982,2,-0.0004
20160402_150314_1921_361,0,1,Clean_Base_and_D2,high_quality,1,0.871844347964509,0.4867,4,6,0.0025,0.4408,6,1,0.0016,0.5225,4,1,0.0003,0.503,2,4,0.0032,0.5213,6,5,0.0014,0.4962,3,4,0.0006,0.5098,1,5,0.0004,0.5105,5,2,0.0003,0.4989,0.0013,0.4868,0.4433,0.5209,0.5031,0.5182,0.4983,0.5137,0.5085,0.4991,4,0.0002
20160402_150314_1_361,0,1,Clean_Base_and_D2,high_quality,1,0.8939952978323877,0.4856,4,6,0.0025,0.4398,6,1,0.0007,0.5226,4,6,0.0006,0.5049,3,0,0.0006,0.5211,7,4,0.0007,0.4945,5,4,0.0007,0.5103,2,3,0.0,0.5065,5,6,0.0012,0.4982,0.0009,0.4856,0.4428,0.5213,0.5051,0.5192,0.4955,0.5071,0.5044,0.4976,4,-0.0006
20160402_150314_1_721,0,1,Clean_Base_and_D2,boundary_margin_error,2,0.7750449293962643,0.4852,4,6,0.0024,0.4398,6,1,0.0001,0.5226,4,1,0.0003,0.5046,2,3,0.0007,0.5233,7,2,0.0007,0.4945,4,6,0.0001,0.5101,1,5,0.0004,0.5084,5,2,0.0011,0.4986,0.0007,0.4852,0.4429,0.5213,0.5033,0.52,0.4969,0.512,0.5066,0.4985,2,-0.0001
20160402_150314_641_361,0,1,Clean_Base_and_D2,high_quality,1,0.8609957180284649,0.4857,4,6,0.0016,0.4398,6,1,0.0,0.5227,4,1,0.0007,0.5041,2,3,0.0012,0.523,7,1,0.0012,0.495,4,7,0.0007,0.5099,7,1,0.0002,0.5096,5,1,0.0005,0.4987,0.0008,0.4855,0.4429,0.5214,0.5031,0.5196,0.4972,0.5126,0.5079,0.4988,2,0.0001
20160402_150314_641_721,0,1,Clean_Base_and_D2,boundary_margin_error,1,0.8412659369489524,0.4862,4,6,0.0018,0.4391,6,1,0.0006,0.5225,4,6,0.0007,0.5056,3,5,0.0016,0.5209,7,1,0.0007,0.4948,5,7,0.0022,0.509,3,2,0.0008,0.5053,5,4,0.0035,0.4979,0.0015,0.4861,0.4417,0.5214,0.5049,0.5184,0.4955,0.5067,0.5043,0.4974,4,-0.0005
20160402_151049_1281_721,0,1,Clean_Base_and_D2,high_quality,2,0.942163736983573,0.4863,4,6,0.002,0.4402,6,1,0.0016,0.5225,4,1,0.0013,0.506,3,2,0.0016,0.5204,1,7,0.0004,0.4947,5,4,0.0006,0.5097,2,3,0.0002,0.5072,5,6,0.0009,0.4984,0.0011,0.4863,0.443,0.521,0.5062,0.5172,0.4965,0.5081,0.5052,0.4979,2,-0.0005
20160402_151049_1921_1081,0,1,Clean_Base_and_D2,high_quality,1,0.9322653954877966,0.4863,4,6,0.0027,0.4408,6,1,0.0015,0.5225,4,1,0.0011,0.505,2,3,0.0004,0.5201,7,4,0.0016,0.4945,3,4,0.0006,0.5097,6,5,0.0005,0.509,1,5,0.0003,0.4985,0.0011,0.4864,0.4435,0.5208,0.5068,0.517,0.4964,0.5102,0.5069,0.4985,4,0.0
20160402_151049_1921_721,0,1,Clean_Base_and_D2,high_quality,1,0.9369262388671074,0.4865,4,6,0.0029,0.4413,6,1,0.0019,0.5225,4,1,0.0009,0.5056,3,0,0.0016,0.52,7,4,0.0004,0.4957,5,3,0.0004,0.5097,2,3,0.0005,0.5082,5,1,0.0006,0.4987,0.0011,0.4867,0.4435,0.5208,0.507,0.5169,0.4964,0.5078,0.506,0.4981,2,-0.0006
20160402_151049_1_361,1,0,Persistent_Base_to_D2,high_quality,2,0.906484297808686,0.4855,4,6,0.0024,0.4407,6,1,0.0007,0.5226,4,1,0.0012,0.5057,3,2,0.0005,0.5209,7,1,0.0015,0.4943,5,4,0.0003,0.5098,2,3,0.0007,0.5082,1,2,0.0001,0.4985,0.0009,0.4855,0.4438,0.5211,0.5053,0.5178,0.4963,0.509,0.5064,0.4981,3,-0.0004
20160402_151049_1_721,0,1,Clean_Base_and_D2,high_quality,1,0.8607139129524944,0.4853,4,6,0.0022,0.4398,6,1,0.0009,0.5226,4,1,0.0014,0.5058,3,2,0.0006,0.5215,7,1,0.0009,0.494,5,3,0.0001,0.5094,2,6,0.0008,0.5078,5,2,0.0009,0.4983,0.001,0.4853,0.4429,0.5212,0.5061,0.5179,0.4966,0.5092,0.5059,0.4981,4,-0.0002
20160402_151049_641_361,0,1,Clean_Base_and_D2,boundary_margin_error,1,0.8116857481231511,0.4854,4,6,0.0012,0.4403,1,6,0.0,0.5226,4,1,0.0019,0.5049,2,3,0.0009,0.522,7,1,0.0023,0.4945,4,6,0.0014,0.5088,7,5,0.0,0.5109,1,5,0.0005,0.4987,0.001,0.4852,0.4436,0.5213,0.5072,0.5189,0.4979,0.5126,0.5081,0.4993,3,0.0006
20160402_151049_641_721,0,1,Clean_Base_and_D2,high_quality,1,0.9411989308895404,0.4864,4,6,0.002,0.4396,6,1,0.0015,0.5226,4,1,0.0013,0.5062,3,0,0.0016,0.5199,7,4,0.0007,0.4953,5,3,0.0005,0.5097,0,3,0.0002,0.5056,5,6,0.001,0.4982,0.0011,0.4864,0.4421,0.5213,0.5067,0.5175,0.495,0.5057,0.5043,0.4974,3,-0.0008
20160402_151054_1281_1081,0,1,Clean_Base_and_D2,high_quality,1,0.9384897382731036,0.4865,4,6,0.002,0.4398,6,1,0.0004,0.5228,4,1,0.0011,0.5051,3,0,0.0005,0.5209,7,2,0.0013,0.4942,5,4,0.0,0.5092,3,6,0.0009,0.5072,5,1,0.0006,0.4982,0.0009,0.4865,0.4424,0.5217,0.5054,0.5194,0.4954,0.5086,0.5059,0.4982,3,0.0
20160402_151054_1281_361,0,1,Clean_Base_and_D2,high_quality,1,0.9236183315996772,0.4852,4,6,0.0013,0.4422,1,6,0.0019,0.5222,6,4,0.0005,0.5034,3,0,0.0001,0.5225,7,3,0.0009,0.4941,7,4,0.0003,0.5099,2,6,0.0,0.5111,2,1,0.0002,0.4988,0.0006,0.485,0.4458,0.521,0.5065,0.5213,0.497,0.513,0.5081,0.4997,2,0.0009
20160402_151054_1281_721,0,1,Clean_Base_and_D2,high_quality,1,0.9548352381062672,0.4869,4,6,0.0019,0.44,6,1,0.0013,0.5225,4,6,0.0011,0.5056,3,0,0.001,0.521,0,7,0.0001,0.4951,5,2,0.0008,0.5091,0,2,0.0004,0.5042,6,5,0.0009,0.498,0.0009,0.4869,0.4426,0.5215,0.5054,0.5181,0.4946,0.5052,0.5029,0.4971,5,-0.0009
20160402_151054_1921_361,1,0,Persistent_Base_to_D2,high_quality,3,0.8683995955771604,0.4859,4,6,0.002,0.4411,1,6,0.001,0.5223,6,4,0.0006,0.5039,7,5,0.0003,0.5195,1,6,0.0005,0.4939,5,7,0.002,0.5095,2,6,0.0008,0.5085,5,2,0.0008,0.4981,0.001,0.4859,0.4442,0.521,0.5064,0.5188,0.4969,0.5104,0.5073,0.4989,4,0.0008
20160402_151054_1_361,0,1,Clean_Base_and_D2,high_quality,1,0.8862071706812238,0.4862,4,6,0.0032,0.441,6,1,0.0006,0.5224,6,4,0.0002,0.5053,3,1,0.0032,0.5226,0,4,0.0013,0.4969,5,1,0.0011,0.5092,0,2,0.0003,0.504,6,5,0.0006,0.4984,0.0013,0.4864,0.4439,0.5213,0.5049,0.5187,0.4948,0.5039,0.5023,0.497,3,-0.0014
20160402_151054_1_721,0,1,Clean_Base_and_D2,missed_crack_high_fn,1,0.023947998631461,0.485,4,6,0.0027,0.4406,6,1,0.0,0.5228,1,4,0.0,0.5038,2,3,0.0003,0.524,2,7,0.0005,0.4941,4,6,0.0006,0.5098,5,1,0.0018,0.5109,2,1,0.0006,0.4989,0.0008,0.485,0.4439,0.5213,0.5048,0.5217,0.4976,0.5147,0.5081,0.4996,4,0.0007
20160402_151054_641_361,0,1,Clean_Base_and_D2,high_quality,1,0.9077209386769064,0.485,4,6,0.0016,0.4422,1,6,0.0014,0.5225,4,6,0.0004,0.5033,2,3,0.0001,0.5224,7,2,0.0005,0.4942,4,5,0.0011,0.5118,2,6,0.0005,0.5115,1,2,0.0016,0.4991,0.0009,0.4849,0.4458,0.5212,0.5044,0.5205,0.4969,0.512,0.5071,0.4991,5,0.0
20160402_151054_641_721,0,1,Clean_Base_and_D2,high_quality,1,0.9420436989624936,0.4859,4,6,0.0021,0.4415,6,1,0.0002,0.5225,4,1,0.0002,0.505,3,0,0.0024,0.5208,4,7,0.0001,0.4951,3,5,0.0016,0.5112,2,6,0.0003,0.5079,6,1,0.0,0.4987,0.0009,0.486,0.4444,0.521,0.5045,0.5181,0.4954,0.5084,0.5062,0.498,4,-0.0007
20160405_171348_1281_361,0,1,Clean_Base_and_D2,boundary_margin_error,1,0.8114956736686914,0.4883,4,6,0.0015,0.4371,6,1,0.0029,0.5239,4,6,0.0032,0.5018,4,5,0.0032,0.5204,7,1,0.0011,0.494,7,4,0.0025,0.5085,1,4,0.0009,0.5094,7,3,0.0005,0.4979,0.002,0.4881,0.4391,0.5238,0.5068,0.5253,0.4958,0.5103,0.5089,0.4998,6,0.0019
20160405_171348_1281_721,0,1,Clean_Base_and_D2,high_quality,2,0.8773986632167856,0.4892,4,6,0.0019,0.439,6,1,0.0037,0.5242,4,6,0.004,0.503,4,5,0.0017,0.5186,7,1,0.0005,0.4943,7,2,0.0011,0.508,0,3,0.0004,0.5051,5,4,0.0022,0.4977,0.0019,0.4892,0.4408,0.524,0.5064,0.5207,0.4934,0.5047,0.505,0.498,5,0.0003
20160405_171348_1921_721,0,0,Created_by_D2,boundary_margin_error,4,0.8312282030850937,0.4887,4,6,0.0025,0.4378,6,1,0.004,0.5242,4,6,0.004,0.5025,4,5,0.0029,0.518,6,1,0.0006,0.4943,7,2,0.0016,0.5084,0,3,0.0001,0.5061,5,7,0.0013,0.4975,0.0021,0.4887,0.4396,0.5236,0.508,0.5204,0.4949,0.507,0.5067,0.4986,4,0.0011
20160405_171348_1_721,0,1,Clean_Base_and_D2,complex_topology,5,0.744398381206107,0.4892,4,5,0.0019,0.4378,6,1,0.0053,0.5242,4,6,0.0032,0.5029,4,5,0.0015,0.5188,7,6,0.0001,0.4948,7,0,0.0019,0.5084,0,3,0.0,0.505,5,6,0.0032,0.4976,0.0021,0.4894,0.4395,0.5239,0.5063,0.5199,0.4944,0.5054,0.5047,0.4979,5,0.0003
20160405_171348_641_721,0,1,Clean_Base_and_D2,boundary_margin_error,3,0.835326507786166,0.4893,4,6,0.0023,0.4387,6,1,0.0041,0.5244,4,6,0.0034,0.5025,4,5,0.0014,0.5183,1,7,0.0006,0.4945,7,2,0.0006,0.5081,0,3,0.0005,0.5059,5,6,0.0021,0.4977,0.0019,0.4894,0.4405,0.5242,0.5058,0.5206,0.4944,0.5061,0.5052,0.4983,5,0.0006
20160407_163130_1281_721,0,1,Clean_Base_and_D2,high_quality,2,0.8876859278386712,0.4871,4,6,0.0019,0.4386,6,1,0.0026,0.5235,4,1,0.001,0.5047,2,3,0.0017,0.5221,7,1,0.0003,0.4955,3,4,0.0005,0.5097,1,2,0.0006,0.5073,5,6,0.0012,0.4986,0.0012,0.487,0.441,0.5222,0.5011,0.5194,0.4975,0.5113,0.5069,0.4983,4,-0.0003
20160407_163130_1921_721,0,1,Clean_Base_and_D2,high_quality,1,0.8845294407844441,0.487,4,6,0.003,0.4401,6,1,0.0028,0.5233,4,1,0.0005,0.5047,2,3,0.0034,0.5209,7,1,0.0002,0.4974,3,5,0.0024,0.5101,2,3,0.0006,0.5078,6,5,0.0007,0.4989,0.0017,0.4872,0.442,0.5214,0.5013,0.5169,0.4967,0.5102,0.5061,0.4977,2,-0.0012
20160407_163130_1_361,0,1,Clean_Base_and_D2,boundary_margin_error,2,0.8041071069039579,0.4859,4,6,0.0022,0.4379,6,1,0.0011,0.5236,4,1,0.0011,0.5033,2,3,0.0025,0.5236,7,2,0.0009,0.4954,4,7,0.002,0.5109,1,5,0.0009,0.5101,2,1,0.0004,0.4988,0.0014,0.4858,0.4405,0.5224,0.5002,0.5208,0.4978,0.5135,0.5082,0.4987,2,-0.0001
20160407_163130_1_721,1,0,Persistent_Base_to_D2,boundary_margin_error,4,0.8437972082902763,0.4863,4,6,0.0024,0.4376,6,1,0.0022,0.5236,4,1,0.0015,0.5043,2,3,0.0008,0.5224,7,1,0.0013,0.4957,3,4,0.0006,0.5101,2,1,0.0002,0.5072,5,6,0.0013,0.4984,0.0013,0.4863,0.4401,0.5224,0.5011,0.5199,0.497,0.5108,0.5064,0.498,2,-0.0004
20160407_163130_641_721,0,1,Clean_Base_and_D2,high_quality,1,0.8732991694643493,0.487,4,6,0.0017,0.4379,6,1,0.0022,0.5236,4,1,0.0012,0.5043,2,3,0.0009,0.522,7,1,0.0003,0.4957,3,4,0.0003,0.5094,1,3,0.0007,0.5074,5,7,0.0027,0.4984,0.0013,0.4868,0.4402,0.5224,0.5005,0.5194,0.4974,0.5118,0.5069,0.4982,3,-0.0002
20160407_163257_1281_1,1,0,Persistent_Base_to_D2,high_quality,2,0.882009483129871,0.485,4,6,0.0018,0.4423,1,6,0.0014,0.5223,6,1,0.0002,0.5045,3,2,0.0013,0.5222,7,2,0.0008,0.4943,4,3,0.0017,0.5106,2,5,0.001,0.5095,1,5,0.0008,0.4988,0.0011,0.4848,0.4458,0.521,0.5026,0.5198,0.4956,0.51,0.5065,0.4983,4,-0.0005
20160407_163257_1281_361,0,1,Clean_Base_and_D2,high_quality,1,0.8982833362230281,0.4851,4,6,0.0018,0.4415,1,6,0.0003,0.5226,4,1,0.0002,0.5042,2,3,0.0013,0.5214,7,2,0.0014,0.4954,3,5,0.0018,0.5118,2,1,0.0009,0.5096,1,2,0.0004,0.4989,0.001,0.485,0.4448,0.521,0.5021,0.5196,0.497,0.511,0.5069,0.4984,2,-0.0005
20160407_163257_1281_721,0,1,Clean_Base_and_D2,high_quality,1,0.8794215637620476,0.4854,4,6,0.0018,0.4405,6,1,0.0007,0.523,4,1,0.0006,0.5041,2,3,0.0051,0.5219,7,6,0.0012,0.4962,3,4,0.0035,0.5108,1,7,0.001,0.5089,1,5,0.0011,0.4988,0.0019,0.4853,0.4436,0.5211,0.5017,0.5182,0.4972,0.5124,0.5079,0.4984,6,-0.0004
20160407_163257_1921_1081,1,0,Persistent_Base_to_D2,boundary_margin_error,3,0.8109252902937187,0.4858,4,6,0.0031,0.4411,6,1,0.0012,0.523,4,1,0.0,0.5037,2,3,0.0057,0.5211,7,6,0.0005,0.4961,3,4,0.004,0.5108,1,7,0.0008,0.5092,5,1,0.0003,0.4989,0.0019,0.486,0.444,0.5208,0.5021,0.5176,0.4971,0.5123,0.5079,0.4985,7,-0.0004
20160407_163257_1921_721,0,1,Clean_Base_and_D2,high_quality,1,0.8712841854928126,0.4856,4,6,0.0028,0.4413,6,1,0.0009,0.5229,4,1,0.0003,0.5037,2,3,0.0055,0.5209,7,6,0.0001,0.4967,3,4,0.0032,0.511,1,7,0.0004,0.5092,1,5,0.001,0.4989,0.0018,0.4857,0.4443,0.5207,0.5023,0.5172,0.4974,0.5123,0.5075,0.4984,7,-0.0005
20160407_163257_1_1,0,1,Clean_Base_and_D2,high_quality,1,0.885980049665017,0.4849,4,6,0.0021,0.4396,1,6,0.0002,0.5231,4,1,0.0001,0.5042,2,3,0.0015,0.523,7,2,0.0001,0.4955,5,3,0.0006,0.5108,2,1,0.0006,0.5085,6,2,0.0003,0.4987,0.0007,0.4848,0.4429,0.5215,0.5008,0.5204,0.4975,0.5122,0.5065,0.4983,2,-0.0004
20160407_163257_641_361,1,0,Persistent_Base_to_D2,high_quality,2,0.8629295450178235,0.4849,4,6,0.0016,0.4407,1,6,0.0004,0.5231,4,1,0.0013,0.5048,2,3,0.0022,0.522,7,1,0.0011,0.4956,3,4,0.002,0.5104,2,6,0.0009,0.5084,5,1,0.0009,0.4987,0.0013,0.4847,0.4442,0.5214,0.5021,0.5189,0.4965,0.5105,0.5065,0.4981,3,-0.0006
20160407_165001_1281_1081,1,0,Persistent_Base_to_D2,thin_low_area_failure,2,0.5489062499995712,0.4855,4,6,0.002,0.4389,1,6,0.0003,0.5228,4,6,0.0008,0.5024,5,2,0.0007,0.5213,7,6,0.0,0.4951,7,5,0.0008,0.5101,1,2,0.0008,0.5086,5,7,0.0016,0.4981,0.0009,0.4855,0.4418,0.5214,0.5031,0.5188,0.4972,0.5125,0.5072,0.4984,5,0.0003
20160407_165001_1281_361,0,1,Clean_Base_and_D2,boundary_margin_error,2,0.7926381287949649,0.4856,4,6,0.0015,0.4389,1,6,0.0002,0.5225,4,6,0.0003,0.5029,5,2,0.0,0.5214,1,7,0.0003,0.4949,7,3,0.0,0.5099,2,1,0.0016,0.5085,5,3,0.0012,0.4981,0.0006,0.4854,0.4419,0.5215,0.5027,0.5187,0.4966,0.5099,0.5066,0.4979,3,-0.0002
20160407_165001_1281_721,0,1,Clean_Base_and_D2,boundary_margin_error,1,0.8039942351237348,0.4857,4,6,0.0016,0.4386,6,1,0.0006,0.5227,4,6,0.0012,0.5029,2,5,0.0002,0.5212,7,1,0.0003,0.4945,4,7,0.0,0.5097,1,2,0.0014,0.5086,5,0,0.0011,0.498,0.0008,0.4856,0.4415,0.5215,0.5031,0.5187,0.4971,0.5116,0.5072,0.4983,4,0.0003
20160407_165001_1921_361,0,1,Clean_Base_and_D2,moderate_general_error,1,0.6390317052263934,0.4857,4,6,0.0023,0.4394,6,1,0.0002,0.5226,4,6,0.0003,0.5021,2,7,0.0021,0.5206,6,7,0.0007,0.4954,7,4,0.0008,0.5101,1,5,0.0006,0.51,5,1,0.0007,0.4982,0.001,0.4857,0.4421,0.521,0.5038,0.5182,0.4976,0.5134,0.5081,0.4987,5,0.0005
20160407_165001_1921_721,1,0,Persistent_Base_to_D2,moderate_general_error,2,0.7089290841224755,0.4858,4,6,0.0027,0.44,6,1,0.0008,0.5226,4,6,0.0007,0.503,2,5,0.0001,0.5198,6,7,0.0002,0.4952,3,5,0.0005,0.5101,1,2,0.0013,0.5078,5,2,0.002,0.498,0.001,0.486,0.4428,0.5208,0.5048,0.5177,0.4971,0.5104,0.5058,0.4982,4,0.0002
20160407_165001_1_1081,0,1,Clean_Base_and_D2,moderate_general_error,2,0.6269311637255444,0.4851,4,6,0.0024,0.4387,1,6,0.0002,0.5228,4,6,0.0002,0.5019,2,5,0.0004,0.5214,6,7,0.0002,0.4947,7,4,0.0009,0.5103,1,6,0.0004,0.5085,5,2,0.0023,0.4979,0.0009,0.4851,0.4418,0.5214,0.5028,0.5193,0.4972,0.5129,0.5073,0.4985,4,0.0006
20160407_165001_1_721,0,1,Clean_Base_and_D2,high_quality,1,0.8659598412601831,0.4855,4,6,0.0026,0.4382,6,1,0.0011,0.5228,4,6,0.0008,0.504,5,2,0.0003,0.5215,7,1,0.0009,0.4948,5,3,0.0002,0.5104,2,1,0.0006,0.507,6,5,0.0001,0.498,0.0008,0.4855,0.4411,0.5217,0.5027,0.5198,0.4968,0.5107,0.506,0.498,6,0.0
20160407_165001_641_1081,0,0,Cured_by_D2,false_crack_high_fp,2,0.4810477269859198,0.4854,4,6,0.0019,0.438,1,6,0.0,0.5227,4,6,0.0004,0.5024,2,5,0.0007,0.5222,7,6,0.0,0.4949,7,4,0.0008,0.5103,1,5,0.001,0.5094,5,2,0.0007,0.4982,0.0007,0.4852,0.4409,0.5216,0.5023,0.5201,0.4975,0.5129,0.5083,0.4986,4,0.0004
20160407_165001_641_361,0,1,Clean_Base_and_D2,high_quality,1,0.8828851629228462,0.4858,4,6,0.0015,0.4383,6,1,0.0006,0.5228,4,6,0.0012,0.5047,5,3,0.0,0.5216,1,7,0.0006,0.4949,5,3,0.0009,0.5106,2,3,0.0026,0.5078,5,1,0.0003,0.4983,0.001,0.4856,0.4413,0.5219,0.5037,0.52,0.4964,0.509,0.506,0.498,3,-0.0003
20160407_165001_641_721,0,1,Clean_Base_and_D2,over_segmentation,2,0.5553414686350774,0.4856,4,6,0.0014,0.4379,6,1,0.0002,0.5228,4,1,0.0011,0.5029,2,5,0.0027,0.5227,7,1,0.0006,0.4946,4,7,0.0009,0.5093,1,5,0.0001,0.5104,2,7,0.0003,0.4983,0.0009,0.4853,0.4407,0.5216,0.5022,0.5206,0.4983,0.5152,0.509,0.4991,2,0.0008
IMG_2931_1297_485,1,0,Persistent_Base_to_D2,complex_topology,8,0.8096514745296887,0.4889,4,6,0.0004,0.4391,6,1,0.0026,0.5239,4,6,0.0015,0.5004,4,2,0.0028,0.5191,5,1,0.0002,0.4979,3,4,0.0024,0.5094,1,5,0.0038,0.5102,3,7,0.0021,0.4986,0.002,0.4885,0.4408,0.5233,0.5007,0.5222,0.4988,0.5155,0.5104,0.5,4,0.0014
IMG_2931_1297_969,0,1,Clean_Base_and_D2,high_quality,1,0.9107549483268038,0.4888,4,6,0.0003,0.4387,6,1,0.003,0.5236,4,6,0.0025,0.5011,4,5,0.0031,0.5173,4,1,0.0,0.4962,3,0,0.0016,0.5087,1,6,0.0028,0.5092,3,7,0.0029,0.498,0.002,0.4883,0.4406,0.5231,0.5016,0.5215,0.4985,0.5143,0.5087,0.4996,6,0.0016
IMG_2931_1945_485,1,0,Persistent_Base_to_D2,high_quality,2,0.8790944123307007,0.4889,4,6,0.0006,0.4392,6,1,0.0032,0.5236,4,6,0.0015,0.5005,4,2,0.0028,0.5177,4,5,0.0001,0.498,3,0,0.0022,0.5092,1,6,0.0023,0.5097,3,7,0.0033,0.4983,0.002,0.4884,0.4409,0.5229,0.5007,0.5199,0.4979,0.5135,0.5088,0.4991,4,0.0008
IMG_2931_1945_969,0,1,Clean_Base_and_D2,high_quality,1,0.8710008905933609,0.4883,4,6,0.0004,0.4386,6,1,0.0031,0.5234,4,6,0.0025,0.5016,4,5,0.0039,0.5167,4,1,0.0005,0.4962,3,4,0.0021,0.5091,1,3,0.0028,0.5094,3,7,0.0014,0.4979,0.0021,0.4879,0.4406,0.5226,0.5023,0.5199,0.4982,0.5137,0.5085,0.4992,4,0.0013
IMG_2931_1_485,0,1,Clean_Base_and_D2,high_quality,1,0.8984571413446693,0.4894,4,5,0.0012,0.4392,6,1,0.0056,0.5238,4,6,0.0015,0.5019,4,5,0.0031,0.5174,4,1,0.0003,0.4962,3,7,0.0016,0.5089,3,0,0.0019,0.5073,3,4,0.0013,0.498,0.0021,0.4892,0.4412,0.5232,0.5017,0.5182,0.4963,0.5106,0.5067,0.4984,5,0.0004
IMG_2931_649_485,0,1,Clean_Base_and_D2,high_quality,2,0.9046346763560598,0.4893,4,6,0.0011,0.4394,6,1,0.0039,0.5242,4,6,0.0024,0.5015,4,5,0.0023,0.518,1,4,0.0005,0.4969,3,7,0.0026,0.5094,1,3,0.0004,0.5078,3,7,0.0016,0.4983,0.0019,0.489,0.4411,0.5237,0.5001,0.5198,0.4968,0.5117,0.5075,0.4987,5,0.0004
IMG_2931_649_969,0,1,Clean_Base_and_D2,moderate_general_error,1,0.7070563079099381,0.4891,4,6,0.0008,0.4389,6,1,0.0036,0.524,4,6,0.0023,0.5005,4,5,0.0034,0.5181,1,4,0.0001,0.4965,0,3,0.0,0.5082,1,6,0.0024,0.5097,3,7,0.0026,0.4981,0.0019,0.4887,0.4407,0.5235,0.5015,0.5215,0.4983,0.5145,0.5098,0.4998,6,0.0017
IMG_2941_1297_485,0,1,Clean_Base_and_D2,high_quality,1,0.8824661201267849,0.4889,4,6,0.0003,0.4391,6,1,0.0007,0.5235,6,4,0.0007,0.5017,4,6,0.0013,0.522,3,5,0.0024,0.4977,3,1,0.0023,0.5088,5,7,0.0002,0.5089,7,3,0.0008,0.4988,0.0011,0.4886,0.4412,0.5237,0.4976,0.5235,0.498,0.5153,0.509,0.4996,2,0.0008
IMG_2941_1297_969,0,0,Cured_by_D2,boundary_margin_error,2,0.7866846746637112,0.4884,4,6,0.0001,0.4381,6,1,0.0011,0.5236,4,6,0.0007,0.4999,4,6,0.0022,0.5207,3,5,0.001,0.4968,3,4,0.0008,0.5095,5,1,0.0009,0.5104,7,3,0.0,0.4984,0.0009,0.488,0.4404,0.5239,0.4971,0.5254,0.4994,0.5183,0.5097,0.5003,4,0.0019
IMG_2941_1945_485,0,1,Clean_Base_and_D2,high_quality,1,0.8958114495795378,0.4887,4,6,0.0002,0.4391,6,1,0.001,0.5231,6,4,0.0005,0.5024,4,1,0.0021,0.5213,3,0,0.0015,0.4978,3,4,0.0031,0.5093,2,3,0.0013,0.5078,7,3,0.0017,0.4987,0.0014,0.4883,0.4411,0.523,0.4979,0.52,0.4972,0.5126,0.5075,0.4984,4,-0.0003
IMG_2941_1_485,0,1,Clean_Base_and_D2,boundary_margin_error,3,0.7533031674201327,0.489,4,6,0.0009,0.4386,6,1,0.0025,0.524,4,6,0.0001,0.4997,4,6,0.0008,0.5206,3,5,0.0018,0.4979,3,1,0.0023,0.5094,5,1,0.0002,0.5101,3,7,0.0008,0.4987,0.0012,0.4886,0.4406,0.5243,0.4973,0.5241,0.4991,0.5174,0.5099,0.5002,4,0.0015
IMG_2941_1_969,1,0,Persistent_Base_to_D2,high_quality,3,0.8878976833094133,0.4889,4,6,0.0013,0.4381,6,1,0.003,0.5239,6,4,0.0003,0.5006,4,6,0.0022,0.5195,3,5,0.0001,0.4964,3,1,0.0022,0.5093,5,7,0.0015,0.5096,3,7,0.0017,0.4983,0.0015,0.4887,0.4402,0.5242,0.4977,0.5239,0.4983,0.5157,0.5084,0.4996,4,0.0013
IMG_2941_649_969,0,1,Clean_Base_and_D2,high_quality,1,0.8990811925741987,0.4891,4,6,0.001,0.4388,6,1,0.0023,0.5238,4,6,0.0003,0.5011,4,5,0.0025,0.5192,3,5,0.0005,0.4961,3,7,0.0001,0.5095,2,5,0.0002,0.508,3,7,0.0004,0.4982,0.0009,0.4889,0.4408,0.524,0.4976,0.5218,0.4964,0.5131,0.5075,0.4988,5,0.0006
IMG_2942_1297_485,1,0,Persistent_Base_to_D2,over_segmentation,3,0.5780090095802436,0.4858,4,5,0.0036,0.4381,6,1,0.0038,0.5231,1,3,0.0002,0.5037,2,1,0.0045,0.521,6,4,0.0002,0.4985,3,0,0.0014,0.5098,6,5,0.002,0.5079,6,2,0.0006,0.4985,0.002,0.4868,0.4398,0.5209,0.501,0.5163,0.4967,0.5119,0.5064,0.4975,1,-0.001
IMG_2942_1945_485,1,0,Persistent_Base_to_D2,false_crack_high_fp,3,0.5087290208311472,0.4859,4,5,0.0028,0.4385,6,1,0.0044,0.5228,1,3,0.0007,0.5041,2,1,0.004,0.5217,2,4,0.0006,0.4982,0,3,0.0002,0.5099,6,2,0.0019,0.5083,6,2,0.0002,0.4987,0.0019,0.4867,0.4405,0.5209,0.5001,0.5162,0.4973,0.5126,0.5061,0.4975,1,-0.0012
IMG_2942_1_485,1,0,Persistent_Base_to_D2,complex_topology,5,0.6845473502547749,0.4846,4,5,0.0026,0.436,6,1,0.0042,0.523,1,3,0.0005,0.5039,2,1,0.003,0.5221,4,2,0.0006,0.4983,0,3,0.0001,0.5098,6,5,0.0011,0.5079,6,2,0.0016,0.4982,0.0017,0.485,0.4378,0.5214,0.4991,0.5168,0.4971,0.5132,0.5058,0.497,2,-0.0012
IMG_2942_649_485,1,0,Persistent_Base_to_D2,false_crack_high_fp,3,0.3417000307973962,0.4856,4,5,0.0039,0.4373,6,1,0.0036,0.5232,1,3,0.0002,0.5039,2,1,0.0037,0.5214,4,6,0.0003,0.4985,3,0,0.0011,0.5094,6,0,0.0012,0.5071,6,2,0.0013,0.4983,0.0019,0.4864,0.4391,0.5211,0.4998,0.5161,0.4969,0.5122,0.506,0.4972,1,-0.0011
