case_name,dice,iou,precision,recall,tp,fp,fn,tn,gt_area,pred_area,fp_area_ratio,fn_area_ratio,num_gt_cc,num_pred_cc,mean_component_size,perimeter,boundary_to_area_ratio,thinness_score,fragmentation_ratio,mean_routing_entropy,cnn_expert_fraction,vit_expert_fraction,expert_hhi_concentration,mean_gs,cnn_expert_selections,vit_expert_selections,error_taxonomy,primary_error_category,performance_tier
20160222_080850_1281_361,0.88096462338519,0.7872535951903443,0.9316476340774075,0.8355115571854523,17133,1257,3373,208637,20506,18390,0.06835236541598695,0.16448844240710037,1,1,20506.0,3739,0.18233687701160636,0.09116843850580318,1.0,0.9999860363612496,0.4375,0.5625,0.1640625,0.498275,7,9,['high_quality'],high_quality,High_Dice (>75%)
20160222_080850_1281_721,0.7098464981096098,0.5502031324718423,0.5629453664995684,0.9604863173227643,1896,1472,78,226954,1974,3368,0.43705463182897863,0.03951367781155015,2,1,987.0,936,0.47416413373860183,0.23708206686930092,0.5,0.999984424759881,0.3125,0.6875,0.1796875,0.49850000000000005,5,11,['moderate_general_error'],moderate_general_error,Medium_Dice (25-75%)
20160222_080850_1921_1,0.11356826920592343,0.06020269239116217,0.06704851740726328,0.3709226433278412,398,5538,675,223789,1073,5936,0.9329514824797843,0.6290773532152842,1,7,1073.0,330,0.30754892823858343,0.15377446411929171,7.0,0.9999841388190345,0.3125,0.6875,0.1875,0.49839999999999995,5,11,"['false_crack_high_fp', 'thin_low_area_failure', 'over_segmentation', 'fragmented_prediction']",false_crack_high_fp,Low_Dice (<25%)
20160222_080850_1921_361,0.8943084508171779,0.808822724093469,0.9089119866480645,0.8801667654078816,14778,1481,2012,212129,16790,16259,0.09108801279291469,0.11983323406789756,1,1,16790.0,2880,0.17153067301965455,0.08576533650982728,1.0,0.9999802468093326,0.3125,0.6875,0.1875,0.4979125,5,11,['high_quality'],high_quality,High_Dice (>75%)
20160222_080850_1_361,0.8493753666367536,0.738186322462132,0.8501237775982362,0.8486282718958625,20261,3572,3614,202953,23875,23833,0.14987622204506357,0.1513717277486911,1,1,23875.0,3950,0.16544502617801046,0.08272251308900523,1.0,0.9999868072973557,0.375,0.625,0.171875,0.497725,6,10,['boundary_margin_error'],boundary_margin_error,Medium_Dice (25-75%)
20160222_080850_641_361,0.7760013183956921,0.6339886881075552,0.7029313687836901,0.8660248936991692,14124,5969,2185,208122,16309,20093,0.2970686308664709,0.13397510576982036,4,1,4077.25,4122,0.25274388374517137,0.12637194187258569,0.25,0.9999820457804488,0.375,0.625,0.1484375,0.49798749999999997,6,10,['boundary_margin_error'],boundary_margin_error,Medium_Dice (25-75%)
20160222_080850_641_721,0.7540605470888414,0.6052144390539734,0.6280819714568012,0.94325558801814,3923,2323,236,223918,4159,6246,0.3719180275376241,0.056744409713873525,1,1,4159.0,1886,0.45347439288290453,0.22673719644145227,1.0,0.9999847308884129,0.375,0.625,0.1953125,0.4986125,6,10,['boundary_margin_error'],boundary_margin_error,Medium_Dice (25-75%)
20160222_115224_1281_1,0.5175241366766803,0.34909447734044563,0.3594855302163661,0.9235307979147256,3913,6972,324,219191,4237,10885,0.6405144694533762,0.07646919990559357,10,6,423.7,4075,0.9617654000472032,0.4808827000236016,0.6,0.9999874574012846,0.25,0.75,0.1953125,0.49693750000000003,4,12,"['thin_low_area_failure', 'over_segmentation', 'complex_topology']",thin_low_area_failure,Low_Dice (<25%)
20160222_115224_1281_1081,0.8539601781826505,0.7451400570256543,0.8098486095327756,0.9031539871926643,4868,1143,522,223867,5390,6011,0.19015138911994675,0.09684601113172542,1,1,5390.0,2275,0.42207792207792205,0.21103896103896103,1.0,0.9999833707409023,0.1875,0.8125,0.1953125,0.4976,3,13,['high_quality'],high_quality,Medium_Dice (25-75%)
20160222_115224_1281_361,0.5201857797067064,0.3515210034970522,0.38764643134279436,0.7904451640040979,1456,2300,386,226258,1842,3756,0.6123535676251332,0.20955483170466885,6,4,307.0,1801,0.9777415852334419,0.48887079261672095,0.6666666666666666,0.9999827258548688,0.25,0.75,0.1875,0.4970875,4,12,"['thin_low_area_failure', 'over_segmentation', 'complex_topology']",thin_low_area_failure,Low_Dice (<25%)
20160222_115224_1281_721,0.7823655200013444,0.6425290453356809,0.7182120194530172,0.8591040446909248,4756,1866,780,222998,5536,6622,0.2817879794623981,0.14089595375722544,4,2,1384.0,2724,0.4920520231213873,0.24602601156069365,0.5,0.9999874042557643,0.25,0.75,0.1875,0.497375,4,12,['boundary_margin_error'],boundary_margin_error,Medium_Dice (25-75%)
20160222_115224_1921_1081,0.8200894364634006,0.6950437277256926,0.7399130928621162,0.919753079322893,1192,419,104,228685,1296,1611,0.2600869025450031,0.08024691358024691,1,1,1296.0,552,0.42592592592592593,0.21296296296296297,1.0,0.9999828983591117,0.25,0.75,0.203125,0.4982,4,12,['boundary_margin_error'],boundary_margin_error,Medium_Dice (25-75%)
20160222_115224_641_1,0.7180594779209949,0.5601347843786636,0.6347170544010994,0.8265969643929658,6483,3731,1360,218826,7843,10214,0.36528294497748187,0.17340303455310468,4,6,1960.75,4660,0.5941603978069616,0.2970801989034808,1.5,0.9999822502959095,0.25,0.75,0.1875,0.49711250000000007,4,12,['boundary_margin_error'],boundary_margin_error,Medium_Dice (25-75%)
20160222_115224_641_1081,0.020801623514964965,0.010510125595347187,0.01328365460346079,0.047925189667298716,82,6091,1629,222598,1711,6173,0.9867163453750203,0.9520748100526009,1,8,1711.0,1669,0.9754529514903565,0.48772647574517825,8.0,0.9999821231463166,0.25,0.75,0.203125,0.4979374999999999,4,12,"['missed_crack_high_fn', 'false_crack_high_fp', 'thin_low_area_failure', 'over_segmentation', 'fragmented_prediction']",missed_crack_high_fn,Low_Dice (<25%)
20160222_115224_641_361,0.7901137690726903,0.6530479882121747,0.6629361407440506,0.977669899748641,3021,1536,69,225774,3090,4557,0.337063857801185,0.02233009708737864,2,1,1545.0,1649,0.5336569579288026,0.2668284789644013,0.5,0.9999833223875683,0.3125,0.6875,0.1796875,0.498075,5,11,['boundary_margin_error'],boundary_margin_error,Medium_Dice (25-75%)
20160222_115224_641_721,0.26134082680226095,0.15031170618770745,0.18053244575657937,0.47311046397017814,1953,8865,2175,217407,4128,10818,0.8194675540765392,0.5268895348837209,5,5,825.6,2219,0.5375484496124031,0.26877422480620156,1.0,0.9999826673184748,0.3125,0.6875,0.171875,0.497725,5,11,"['false_crack_high_fp', 'thin_low_area_failure', 'over_segmentation', 'complex_topology']",false_crack_high_fp,Low_Dice (<25%)
20160222_115837_1281_1,0.7629824827445493,0.6167919791769524,0.6389718283279607,0.9467205213565676,4922,2781,277,222420,5199,7703,0.36102817084252886,0.05327947682246586,1,3,5199.0,2135,0.41065589536449315,0.20532794768224658,3.0,0.9999972876509933,0.1875,0.8125,0.1953125,0.4974,3,13,['boundary_margin_error'],boundary_margin_error,Medium_Dice (25-75%)
20160222_115837_1281_1081,0.6685856330386162,0.5021619486985811,0.5029527549154473,0.9968786539333645,2555,2525,8,225312,2563,5080,0.4970472440944882,0.0031213421771361686,4,2,640.75,1867,0.7284432305891534,0.3642216152945767,0.5,0.9999975219296584,0.1875,0.8125,0.1953125,0.4975,3,13,['moderate_general_error'],moderate_general_error,Low_Dice (<25%)
20160222_115837_1281_361,0.7364136405540004,0.5827964468347616,0.5906123158803382,0.9777972510143229,3347,2320,76,224657,3423,5667,0.40938768307746604,0.022202746129126497,4,2,855.75,2052,0.5994741454864154,0.2997370727432077,0.5,0.9999973364709887,0.3125,0.6875,0.1796875,0.49741250000000004,5,11,['moderate_general_error'],moderate_general_error,Medium_Dice (25-75%)
20160222_115837_1281_721,0.7081124062723855,0.548122305462503,0.5502678192207091,0.9929367992827628,2671,2183,19,225527,2690,4854,0.4497321796456531,0.007063197026022305,1,1,2690.0,2008,0.7464684014869889,0.37323420074349445,1.0,0.9999971304695119,0.1875,0.8125,0.2109375,0.49753749999999997,3,13,['moderate_general_error'],moderate_general_error,Medium_Dice (25-75%)
20160222_164851_1281_1081,0.8564063678116707,0.7488729769969863,0.8183135311238575,0.8982188280880744,5648,1254,640,222858,6288,6902,0.1816864676905245,0.10178117048346055,2,2,3144.0,1152,0.183206106870229,0.0916030534351145,1.0,0.9999961737771976,0.25,0.75,0.1796875,0.49736250000000004,4,12,['high_quality'],high_quality,Medium_Dice (25-75%)
20160222_164851_641_1,0.8563155100712445,0.7487340412604422,0.8202203290724117,0.8957337876316265,10498,2301,1222,216379,11720,12799,0.17977967028674116,0.10426621160409556,2,2,5860.0,2308,0.1969283276450512,0.0984641638225256,1.0,0.9999918007287287,0.25,0.75,0.203125,0.496675,4,12,['high_quality'],high_quality,Medium_Dice (25-75%)
20160222_164851_641_1081,0.7252331886086489,0.5689143944821479,0.5914876684651077,0.9371356531634857,5948,4108,399,219945,6347,10056,0.4085123309466985,0.0628643453600126,3,4,2115.6666666666665,2372,0.3737198676540098,0.1868599338270049,1.3333333333333333,0.9999965134279969,0.375,0.625,0.21875,0.4971375,6,10,['moderate_general_error'],moderate_general_error,Medium_Dice (25-75%)
20160222_164851_641_361,0.813384717700517,0.6854662415305314,0.7155897498105303,0.9421409554964881,10975,4362,674,214389,11649,15337,0.28441024972289236,0.057859043694737745,7,4,1664.142857142857,3669,0.31496265773886173,0.15748132886943086,0.5714285714285714,0.9999920911985403,0.125,0.875,0.21875,0.49647499999999994,2,14,"['complex_topology', 'boundary_margin_error']",complex_topology,Medium_Dice (25-75%)
20160222_164851_641_721,0.845704148350722,0.7326580504836478,0.7580773395315669,0.9562363229793615,10488,3347,480,216085,10968,13835,0.2419226599204915,0.0437636761487965,3,3,3656.0,2773,0.25282640408460977,0.12641320204230488,1.0,0.9999950582366484,0.3125,0.6875,0.1796875,0.49713749999999995,5,11,['boundary_margin_error'],boundary_margin_error,Medium_Dice (25-75%)
20160222_165225_1281_361,0.7895149893844425,0.6522302898926087,0.6632383960414571,0.9751841786542792,7545,3831,192,218832,7737,11376,0.3367616033755274,0.02481582008530438,1,1,7737.0,3094,0.39989660074964456,0.19994830037482228,1.0,0.9999921767118355,0.1875,0.8125,0.234375,0.49661249999999996,3,13,['boundary_margin_error'],boundary_margin_error,Medium_Dice (25-75%)
20160222_165225_1281_721,0.7290414857538154,0.5736154859359951,0.6151617546346607,0.8946629150655694,1274,797,150,228179,1424,2071,0.38483824239497827,0.10533707865168539,1,1,1424.0,650,0.45646067415730335,0.22823033707865167,1.0,0.9999850888360189,0.1875,0.8125,0.21875,0.496825,3,13,['boundary_margin_error'],boundary_margin_error,Medium_Dice (25-75%)
20160222_165225_1921_721,0.6217398011102733,0.4511048070684497,0.4666409262805862,0.9312682987651899,6043,6907,446,217004,6489,12950,0.5333590733590734,0.06873169979966097,2,1,3244.5,3365,0.5185698875019263,0.25928494375096317,0.5,0.9999845312191957,0.125,0.875,0.234375,0.496425,2,14,['moderate_general_error'],moderate_general_error,Low_Dice (<25%)
20160222_165225_1_361,0.7718755177868136,0.6284994143230719,0.6624288418762535,0.9246457410612559,6982,3558,569,219291,7551,10540,0.3375711574952562,0.07535425771421003,1,2,7551.0,3404,0.4508012183816713,0.22540060919083565,2.0,0.9999858333520629,0.1875,0.8125,0.234375,0.49645,3,13,['boundary_margin_error'],boundary_margin_error,Medium_Dice (25-75%)
20160222_165225_641_361,0.7934737276931434,0.6576514294844453,0.6971695514361367,0.9206483598395447,7611,3306,656,218827,8267,10917,0.3028304479252542,0.07935163904681262,4,3,2066.75,4037,0.4883270835853393,0.24416354179266966,0.75,0.9999891585117315,0.25,0.75,0.2265625,0.49645,4,12,['boundary_margin_error'],boundary_margin_error,Medium_Dice (25-75%)
20160222_165402_1281_1,0.9219578884758228,0.8552150965348873,0.8743775924539652,0.9750144580971493,8429,1211,216,220544,8645,9640,0.12562240663900415,0.02498554077501446,1,1,8645.0,2045,0.23655292076344708,0.11827646038172354,1.0,0.9999912606982017,0.3125,0.6875,0.1796875,0.49681250000000005,5,11,['high_quality'],high_quality,High_Dice (>75%)
20160222_165402_1281_361,0.8753667168055809,0.7783574698404628,0.7872805015128009,0.9856475669374103,8653,2338,126,219283,8779,10991,0.21271949777090346,0.014352431939856476,2,1,4389.5,2052,0.2337396058776626,0.1168698029388313,0.5,0.9999891004980724,0.375,0.625,0.203125,0.49695000000000006,6,10,['high_quality'],high_quality,High_Dice (>75%)
20160222_165402_641_1081,0.9261620576298606,0.8624784253624588,0.908912331095735,0.9440791952360922,12493,1252,740,215915,13233,13745,0.09108766824299745,0.05592080405047986,1,1,13233.0,1717,0.12975137912793774,0.06487568956396887,1.0,0.9999897001005523,0.25,0.75,0.203125,0.49695,4,12,['high_quality'],high_quality,High_Dice (>75%)
20160222_165402_641_721,0.871137758874746,0.771695364711989,0.7748150690049759,0.994809496416555,9008,2618,47,218727,9055,11626,0.2251849303285739,0.005190502484815019,1,1,9055.0,1678,0.1853119823302043,0.09265599116510215,1.0,0.9999907723134042,0.25,0.75,0.203125,0.4969625,4,12,['high_quality'],high_quality,High_Dice (>75%)
20160222_165926_1281_361,0.4323611790536148,0.2758040776207608,0.2758040776207608,0.9999999923780488,1312,3445,0,225643,1312,4757,0.7241959217994535,0.0,2,3,656.0,1592,1.2134146341463414,0.6067073170731707,1.5,0.999995742768951,0.25,0.75,0.1875,0.49767500000000003,4,12,"['false_crack_high_fp', 'thin_low_area_failure', 'over_segmentation']",false_crack_high_fp,Low_Dice (<25%)
20160222_165926_1281_721,0.6779264453623408,0.5127751349266949,0.5160859395345809,0.9876437984924504,4636,4347,58,221359,4694,8983,0.483914059890905,0.012356199403493822,1,1,4694.0,3164,0.674051981252663,0.3370259906263315,1.0,0.9999948884234666,0.1875,0.8125,0.1953125,0.4975,3,13,['moderate_general_error'],moderate_general_error,Low_Dice (<25%)
20160222_165926_1921_721,0.700106237137573,0.5385872731598514,0.5562522602722149,0.9443193430003699,4613,3680,272,221835,4885,8293,0.4437477390570361,0.055680655066530194,4,1,1221.25,3742,0.7660184237461617,0.38300921187308085,0.25,0.9999905781877847,0.1875,0.8125,0.203125,0.4971875,3,13,['moderate_general_error'],moderate_general_error,Low_Dice (<25%)
20160222_165926_1_1081,0.5416490474806575,0.3714120024024007,0.37720847945462754,0.9602698578690415,1281,2115,53,226951,1334,3396,0.622791519434629,0.03973013493253373,4,3,333.5,1166,0.8740629685157422,0.4370314842578711,0.75,0.9999934199024717,0.3125,0.6875,0.15625,0.4977,5,11,"['thin_low_area_failure', 'over_segmentation']",thin_low_area_failure,Low_Dice (<25%)
20160222_165926_1_721,0.5856746245578294,0.41410175814368444,0.42293504342753,0.951985556130016,2637,3598,133,224032,2770,6235,0.577064955894146,0.048014440433213,5,4,554.0,2358,0.8512635379061372,0.4256317689530686,0.8,0.9999935750573523,0.25,0.75,0.2265625,0.49724999999999997,4,12,"['over_segmentation', 'complex_topology']",over_segmentation,Low_Dice (<25%)
20160222_165926_641_1,0.7180938892214038,0.5601766644089499,0.568228485032241,0.9753284172530329,3044,2313,77,224966,3121,5357,0.4317715139070375,0.024671579621916052,1,1,3121.0,1933,0.619352771547581,0.3096763857737905,1.0,0.999994509992526,0.25,0.75,0.21875,0.49797500000000006,4,12,['moderate_general_error'],moderate_general_error,Medium_Dice (25-75%)
20160222_165926_641_361,0.6032491675442855,0.4318946182288472,0.4328043807993198,0.9951565999510603,3082,4039,15,223264,3097,7121,0.5671956185928942,0.004843396835647401,2,2,1548.5,2230,0.7200516628995802,0.3600258314497901,1.0,0.9999973819495449,0.3125,0.6875,0.1875,0.497975,5,11,['over_segmentation'],over_segmentation,Low_Dice (<25%)
20160222_165926_641_721,0.7088248561149844,0.5489765346490499,0.557493408479524,0.9729251442701732,5498,4364,153,220385,5651,9862,0.4425065909551815,0.02707485400814015,2,2,2825.5,4142,0.7329676163510883,0.36648380817554416,1.0,0.9999925848353549,0.25,0.75,0.1953125,0.4973000000000001,4,12,['moderate_general_error'],moderate_general_error,Medium_Dice (25-75%)
20160302_155857_1281_1,0.6171823563058079,0.446322303682073,0.5639945848037381,0.6814464824978258,3750,2899,1753,221998,5503,6649,0.43600541434802226,0.3185535162638561,2,5,2751.5,1899,0.3450844993639833,0.17254224968199164,2.5,0.9999847360568908,0.3125,0.6875,0.1796875,0.4977375,5,11,['moderate_general_error'],moderate_general_error,Low_Dice (<25%)
20160302_155857_1281_361,0.734999220356902,0.5810266935679452,0.6245254695642929,0.8929563230333801,7074,4253,848,218225,7922,11327,0.37547452988434715,0.10704367583943449,1,2,7922.0,2828,0.35698056046452914,0.17849028023226457,2.0,0.9999844568269738,0.3125,0.6875,0.171875,0.4975875,5,11,['boundary_margin_error'],boundary_margin_error,Medium_Dice (25-75%)
20160302_155857_1281_721,0.42021460640322844,0.2659947408720536,0.26616969904369725,0.9975349137425233,1214,3347,3,225836,1217,4561,0.7338303003727252,0.0024650780608052587,1,3,1217.0,430,0.3533278553820871,0.17666392769104355,3.0,0.9999879195044064,0.3125,0.6875,0.1953125,0.498075,5,11,"['false_crack_high_fp', 'thin_low_area_failure', 'over_segmentation']",false_crack_high_fp,Low_Dice (<25%)
20160302_155857_1_721,0.8812191609577458,0.787660219236615,0.8417202607679708,0.9246076681633999,17145,3224,1398,208633,18543,20369,0.15827973881879326,0.0753923313379712,1,1,18543.0,3212,0.17321900447608263,0.08660950223804131,1.0,0.9999800835171064,0.375,0.625,0.171875,0.4977625,6,10,['high_quality'],high_quality,High_Dice (>75%)
20160302_155857_641_721,0.6858922951434544,0.5219452656799769,0.5315771857668035,0.9664493689991749,11119,9798,386,209097,11505,20917,0.4684228139790601,0.03355063016079965,3,1,3835.0,3366,0.2925684485006519,0.14628422425032594,0.3333333333333333,0.9999860406421655,0.375,0.625,0.171875,0.49760000000000004,6,10,['moderate_general_error'],moderate_general_error,Low_Dice (<25%)
20160307_144202_1281_361,0.6160733781305562,0.4451633261439456,0.4699317004248445,0.8941362901836192,5642,6364,668,217726,6310,12006,0.5300682991837414,0.10586370839936608,10,2,631.0,3310,0.5245641838351822,0.2622820919175911,0.2,0.9999907607654148,0.3125,0.6875,0.1640625,0.497525,5,11,['complex_topology'],complex_topology,Low_Dice (<25%)
20160307_144202_1281_721,0.5371922241579333,0.3672336400103548,0.36893319049610396,0.9876111785654028,3109,5318,39,221934,3148,8427,0.631066809066097,0.01238881829733164,5,2,629.6,1470,0.4669631512071156,0.2334815756035578,0.4,0.9999901930160945,0.25,0.75,0.1953125,0.497575,4,12,"['thin_low_area_failure', 'over_segmentation', 'complex_topology']",thin_low_area_failure,Low_Dice (<25%)
20160307_144202_1921_361,0.6453112595970882,0.47635389617629786,0.48553877634777803,0.9618049679214087,11382,12060,452,206506,11834,23442,0.5144612234450986,0.03819503126584418,5,1,2366.8,4983,0.42107486902146357,0.21053743451073179,0.2,0.9999841009668946,0.375,0.625,0.1875,0.49724999999999997,6,10,['complex_topology'],complex_topology,Low_Dice (<25%)
20160307_144202_1_361,0.7921434946318904,0.6558258295677885,0.6814056315190107,0.945858637455835,14640,6845,838,208077,15478,21485,0.31859436816383524,0.05414136193306629,7,1,2211.1428571428573,4184,0.2703191626825171,0.13515958134125855,0.14285714285714285,0.9999812456418803,0.1875,0.8125,0.1875,0.4973875,3,13,"['complex_topology', 'boundary_margin_error']",complex_topology,Medium_Dice (25-75%)
20160307_144202_641_361,0.6953858183344024,0.5330202814801577,0.5422299011371938,0.9691189818627439,10670,9008,340,210382,11010,19678,0.4577700985872548,0.030881017257039057,10,2,1101.0,4281,0.3888283378746594,0.1944141689373297,0.2,0.9999914851370879,0.3125,0.6875,0.171875,0.4973375,5,11,['complex_topology'],complex_topology,Low_Dice (<25%)
20160307_145059_1281_361,0.8967609997701824,0.8128438167825617,0.8420465802514577,0.9590800049674898,13594,2550,580,213676,14174,16144,0.15795341922695738,0.04091999435586285,4,2,3543.5,3270,0.23070410610977846,0.11535205305488923,0.5,0.9999931932955457,0.375,0.625,0.15625,0.4969125,6,10,['high_quality'],high_quality,High_Dice (>75%)
20160307_145059_1281_721,0.7609730297403633,0.614169867166735,0.6261421976972046,0.969807250343972,7195,4296,224,218685,7419,11491,0.3738578017578975,0.030192748348834075,3,3,2473.0,3748,0.5051893786224558,0.2525946893112279,1.0,0.999984515506172,0.3125,0.6875,0.1875,0.49765,5,11,['boundary_margin_error'],boundary_margin_error,Medium_Dice (25-75%)
20160307_145059_1921_1081,0.7538805756160812,0.6049826050892351,0.6071629681189741,0.9940992052478348,5391,3488,32,221489,5423,8879,0.39283703119720687,0.005900792919048497,3,1,1807.6666666666667,2182,0.4023603171676194,0.2011801585838097,0.3333333333333333,0.9999900451561787,0.3125,0.6875,0.1796875,0.49773750000000005,5,11,['boundary_margin_error'],boundary_margin_error,Medium_Dice (25-75%)
20160307_145059_1921_361,0.843850225725936,0.7298796786564975,0.8477484465467792,0.8399876907146798,10919,1961,2080,215440,12999,12880,0.15225155279503105,0.16001230863912608,1,1,12999.0,3074,0.23647972920993923,0.11823986460496962,1.0,0.9999883396341888,0.375,0.625,0.15625,0.49699999999999994,6,10,['boundary_margin_error'],boundary_margin_error,Medium_Dice (25-75%)
20160307_145059_1921_721,0.8240256755396371,0.7007174037730546,0.7431359564288191,0.9246758573272775,4493,1553,366,223988,4859,6046,0.25686404234204435,0.0753241407697057,3,2,1619.6666666666667,1757,0.3615970364272484,0.1807985182136242,0.6666666666666666,0.9999800946436351,0.3125,0.6875,0.203125,0.49846250000000003,5,11,['boundary_margin_error'],boundary_margin_error,Medium_Dice (25-75%)
20160307_145059_1_361,0.9021555362942966,0.821751683520932,0.8436758884943915,0.9693460479457925,8538,1582,270,220010,8808,10120,0.15632411067193677,0.030653950953678476,1,1,8808.0,2411,0.27372842870118075,0.13686421435059037,1.0,0.9999886030638755,0.25,0.75,0.171875,0.49666250000000006,4,12,['high_quality'],high_quality,High_Dice (>75%)
20160307_145059_1_721,0.8076650100726296,0.6773809515745465,0.7210746410834183,0.9178899807744959,5690,2201,509,222000,6199,7891,0.278925358002788,0.08211001774479755,1,1,6199.0,1626,0.2623003710275851,0.13115018551379254,1.0,0.9999899735594686,0.1875,0.8125,0.203125,0.4968375,3,13,['boundary_margin_error'],boundary_margin_error,Medium_Dice (25-75%)
20160307_145059_641_361,0.730851214487103,0.5758593656075922,0.5862973089531495,0.9700113146548259,5143,3629,159,221469,5302,8772,0.41370269037847696,0.02998868351565447,2,2,2651.0,2106,0.3972086005281026,0.1986043002640513,1.0,0.999987435184442,0.25,0.75,0.171875,0.4969625000000001,4,12,['moderate_general_error'],moderate_general_error,Medium_Dice (25-75%)
20160307_145059_641_721,0.8599272040781468,0.7542739438693622,0.7695971973593014,0.9742816592991472,10986,3289,290,215835,11276,14275,0.23040280210157618,0.025718339836821567,2,1,5638.0,3040,0.2695991486342675,0.13479957431713374,0.5,0.9999879343802209,0.375,0.625,0.15625,0.49716249999999995,6,10,['high_quality'],high_quality,Medium_Dice (25-75%)
20160307_162438_1281_361,0.8137634396935292,0.6860043493207534,0.9999999964763918,0.6860043493207534,2838,0,1299,226263,4137,2838,0.0,0.3139956490210297,1,1,4137.0,396,0.09572153734590283,0.047860768672951415,1.0,0.9999872288581304,0.375,0.625,0.1875,0.4972,6,10,['boundary_margin_error'],boundary_margin_error,Medium_Dice (25-75%)
20160307_162438_1281_721,0.8663663662151047,0.7642384103606227,0.9636462496742741,0.7869263215493906,24811,936,6718,197935,31529,25747,0.03635374995145065,0.21307367820102127,1,1,31529.0,3073,0.09746582511338768,0.04873291255669384,1.0,0.9999892714271873,0.4375,0.5625,0.1796875,0.4966875,7,9,['high_quality'],high_quality,Medium_Dice (25-75%)
20160307_162438_1921_1081,0.7536242824095348,0.6046525712699748,0.6245932411610806,0.9498477341550745,9981,5999,527,213893,10508,15980,0.3754067584480601,0.05015226494099734,2,1,5254.0,2256,0.21469356680624285,0.10734678340312143,0.5,0.9999873084245854,0.4375,0.5625,0.171875,0.49740000000000006,7,9,['boundary_margin_error'],boundary_margin_error,Medium_Dice (25-75%)
20160307_162438_1921_721,0.8848068046138795,0.7934112297981941,0.8996641666744886,0.8704321890459642,19556,2181,2911,205752,22467,21737,0.10033583291162534,0.1295678105666088,1,1,22467.0,2708,0.12053233631548493,0.06026616815774247,1.0,0.999989369935566,0.4375,0.5625,0.1796875,0.4969625,7,9,['high_quality'],high_quality,High_Dice (>75%)
20160307_162438_1_361,0.86324810171069,0.7593988653195003,0.9275088474214177,0.8073147807635057,30925,2417,7381,189677,38306,33342,0.0724911523004019,0.1926852190257401,1,1,38306.0,3094,0.08077063645381924,0.04038531822690962,1.0,0.9999888231626015,0.375,0.625,0.2109375,0.4968000000000001,6,10,['high_quality'],high_quality,Medium_Dice (25-75%)
20160307_162438_641_361,0.8792712810655035,0.7845531806318371,0.8947442709759825,0.8643243485003753,19016,2237,2985,206162,22001,21253,0.10525572860302075,0.13567565110676788,1,1,22001.0,2516,0.11435843825280669,0.05717921912640334,1.0,0.9999915709219229,0.4375,0.5625,0.1796875,0.49678750000000005,7,9,['high_quality'],high_quality,High_Dice (>75%)
20160307_162438_641_721,0.7008114244071332,0.539422403777933,0.5744386500218808,0.898468706893361,5398,3999,610,220393,6008,9397,0.4255613493668192,0.10153129161118508,1,3,6008.0,705,0.11734354194407456,0.05867177097203728,3.0,0.9999909193541744,0.3125,0.6875,0.1796875,0.496975,5,11,['moderate_general_error'],moderate_general_error,Low_Dice (<25%)
20160310_114505_1281_1,0.4054322618908775,0.2542584126100839,0.2542584126100839,0.999999994553377,1836,5385,0,223179,1836,7221,0.7457415870378064,0.0,4,1,459.0,1931,1.051742919389978,0.525871459694989,0.25,0.9999968308973612,0.3125,0.6875,0.1796875,0.498,5,11,"['false_crack_high_fp', 'thin_low_area_failure', 'over_segmentation']",false_crack_high_fp,Low_Dice (<25%)
20160310_114505_641_1,0.5424116140997368,0.3721294841168224,0.38005086146740996,0.9469608050998339,4035,6582,226,219557,4261,10617,0.6199491381746256,0.05303919267777517,4,1,1065.25,2348,0.551044355785027,0.2755221778925135,0.25,0.999996883488208,0.3125,0.6875,0.1953125,0.49783750000000004,5,11,"['thin_low_area_failure', 'over_segmentation']",thin_low_area_failure,Low_Dice (<25%)
20160310_114505_641_1081,0.5656415116070712,0.3943515628654467,0.3953972910357067,0.99333808947576,4175,6384,28,219813,4203,10559,0.6046027085898286,0.006661908160837497,3,6,1401.0,1842,0.4382583868665239,0.21912919343326195,2.0,0.9999944468851246,0.375,0.625,0.171875,0.497775,6,10,['over_segmentation'],over_segmentation,Low_Dice (<25%)
20160310_114505_641_361,0.5257718963290663,0.356642160748297,0.35885085123099014,0.9830348704452525,4172,7454,72,218702,4244,11626,0.6411491484603475,0.016965127238454288,5,2,848.8,2457,0.5789349670122526,0.2894674835061263,0.4,0.9999941380678983,0.3125,0.6875,0.203125,0.4977625,5,11,"['thin_low_area_failure', 'over_segmentation', 'complex_topology']",thin_low_area_failure,Low_Dice (<25%)
20160310_114505_641_721,0.5803827428283105,0.40883043644074174,0.40902255600655774,0.998852419098342,4352,6288,5,219755,4357,10640,0.5909774436090226,0.0011475786091347257,4,1,1089.25,1798,0.41266926784484737,0.20633463392242368,0.25,0.9999922457878921,0.25,0.75,0.203125,0.497725,4,12,['over_segmentation'],over_segmentation,Low_Dice (<25%)
20160316_142539_1281_361,0.8567768377806964,0.7494397122933217,0.8122419227444232,0.9064787192918424,6688,1546,690,221476,7378,8234,0.187758076269128,0.09352127947953374,1,3,7378.0,1653,0.22404445649227434,0.11202222824613717,3.0,0.9999960527135867,0.375,0.625,0.1640625,0.49758749999999996,6,10,['high_quality'],high_quality,Medium_Dice (25-75%)
20160316_142539_1281_721,0.8016697206263135,0.6689889544018786,0.7501190809277707,0.8608286860600977,7874,2623,1273,218630,9147,10497,0.249880918357626,0.13917131299879743,2,3,4573.5,2578,0.2818410407783973,0.14092052038919864,1.5,0.9999862955072336,0.375,0.625,0.203125,0.497025,6,10,['boundary_margin_error'],boundary_margin_error,Medium_Dice (25-75%)
20160316_142539_1921_361,0.6864911882836138,0.5226391952304934,0.543876665197878,0.9304803485323316,10654,8935,796,210015,11450,19589,0.456123334524478,0.06951965065502183,7,3,1635.7142857142858,4030,0.3519650655021834,0.1759825327510917,0.42857142857142855,0.999989824757201,0.3125,0.6875,0.1953125,0.49715,5,11,['complex_topology'],complex_topology,Low_Dice (<25%)
20160316_142539_1_721,0.6926726089461632,0.5298386721537287,0.5665562747434352,0.8910136808993986,11462,8769,1402,208767,12864,20231,0.43344372497652117,0.10898631840796019,7,3,1837.7142857142858,4023,0.3127332089552239,0.15636660447761194,0.42857142857142855,0.9999873667363239,0.375,0.625,0.15625,0.497025,6,10,['complex_topology'],complex_topology,Low_Dice (<25%)
20160316_142539_641_721,0.6270898357096666,0.45675955500978727,0.5180495274352568,0.7942696095238222,10146,9439,2628,208187,12774,19585,0.48195047230022975,0.20573038985439174,4,2,3193.5,4538,0.35525285736652573,0.17762642868326287,0.5,0.9999858271943289,0.375,0.625,0.15625,0.4972375,6,10,['moderate_general_error'],moderate_general_error,Low_Dice (<25%)
20160316_143445_1281_1,0.8752584421662373,0.7781862740556803,0.8243184763402865,0.9329089121779006,13335,2842,959,213264,14294,16177,0.17568152315015145,0.06709108716944172,1,1,14294.0,2297,0.16069679585840213,0.08034839792920107,1.0,0.9999950972561799,0.5,0.5,0.171875,0.4976625,8,8,['high_quality'],high_quality,High_Dice (>75%)
20160316_143445_1281_1081,0.7297801734448568,0.5745306113068889,0.6018471000481493,0.9267843009565859,3519,2328,278,224275,3797,5847,0.39815289892252437,0.07321569660258098,4,3,949.25,1205,0.3173558072162233,0.15867790360811165,0.75,0.999986789274341,0.4375,0.5625,0.1640625,0.49807500000000005,7,9,['boundary_margin_error'],boundary_margin_error,Medium_Dice (25-75%)
20160316_143445_1281_361,0.8307502819697047,0.7104985950898299,0.7210476299316738,0.9798240650634944,12141,4697,250,213312,12391,16838,0.2789523696400998,0.02017593414575095,2,2,6195.5,2403,0.19393107900895812,0.09696553950447906,1.0,0.9999922473275751,0.4375,0.5625,0.1640625,0.4976375,7,9,['boundary_margin_error'],boundary_margin_error,Medium_Dice (25-75%)
20160316_143445_1281_721,0.8392608267074637,0.7230399783327968,0.7798081531032095,0.9085270446420837,16259,4591,1637,207913,17896,20850,0.2201918465227818,0.09147295485024587,2,2,8948.0,4941,0.2760952168082253,0.13804760840411265,1.0,0.9999844825319184,0.375,0.625,0.15625,0.4973375,6,10,['boundary_margin_error'],boundary_margin_error,Medium_Dice (25-75%)
20160316_143445_1921_1081,0.6967469212016417,0.5346213506313486,0.5816647483071233,0.8685989221347246,7582,5453,1147,216218,8729,13035,0.41833525124664367,0.13140107687020278,2,1,4364.5,2735,0.31332340474281134,0.15666170237140567,0.5,0.9999869931835993,0.4375,0.5625,0.1484375,0.4979875,7,9,['moderate_general_error'],moderate_general_error,Low_Dice (<25%)
20160316_143445_1_1081,0.867941132905715,0.7666925794534918,0.8357815434691322,0.902674666019857,8876,1744,957,218823,9833,10620,0.16421845574387947,0.0973253330621377,1,1,9833.0,2466,0.2507881623105868,0.1253940811552934,1.0,0.9999847494423908,0.4375,0.5625,0.1640625,0.49785,7,9,['high_quality'],high_quality,Medium_Dice (25-75%)
20160316_143445_1_721,0.5642698290850483,0.39301941305966603,0.411059509222314,0.8995509314593455,3806,5453,425,220716,4231,9259,0.5889404903337293,0.10044906641455921,2,3,2115.5,1268,0.2996927440321437,0.14984637201607184,1.5,0.9999849434705436,0.4375,0.5625,0.1484375,0.49795,7,9,['over_segmentation'],over_segmentation,Low_Dice (<25%)
20160316_143445_641_361,0.854292150970485,0.7456457173564125,0.7740376597450112,0.9531137776206897,9290,2712,457,217941,9747,12002,0.22596233961006498,0.04688622140145686,1,1,9747.0,2796,0.2868574946137273,0.14342874730686364,1.0,0.9999883757504524,0.25,0.75,0.171875,0.4978625,4,12,['high_quality'],high_quality,Medium_Dice (25-75%)
20160316_143445_641_721,0.8480016890090272,0.7361136565205191,0.7968843016502438,0.9061265926817933,8031,2047,832,219490,8863,10078,0.2031156975590395,0.09387340629583663,1,1,8863.0,2133,0.2406634322464177,0.12033171612320885,1.0,0.9999882578348991,0.3125,0.6875,0.15625,0.49797499999999995,5,11,['boundary_margin_error'],boundary_margin_error,Medium_Dice (25-75%)
20160316_143527_1281_1081,0.7802761011902637,0.6397153502950083,0.7633026032966985,0.7980216428829713,9439,2927,2389,215645,11828,12366,0.23669739608604237,0.20197835644234022,4,4,2957.0,4261,0.360246871829557,0.1801234359147785,1.0,0.9999838828154368,0.375,0.625,0.1875,0.4977750000000001,6,10,['boundary_margin_error'],boundary_margin_error,Medium_Dice (25-75%)
20160316_143527_1281_361,0.6574797111353855,0.48973540034275687,0.6350192232031374,0.6815872994235324,2147,1234,1003,226016,3150,3381,0.3649807749186631,0.3184126984126984,4,2,787.5,1101,0.3495238095238095,0.17476190476190476,0.5,0.999994534970971,0.4375,0.5625,0.1484375,0.49801249999999997,7,9,['boundary_margin_error'],boundary_margin_error,Low_Dice (<25%)
20160316_143527_1281_721,0.7387871659795928,0.5857751729535912,0.6639743345295436,0.8325997440330353,17592,8903,3537,200368,21129,26495,0.3360256652198528,0.16740025557290927,7,5,3018.4285714285716,7452,0.35269061479483177,0.17634530739741588,0.7142857142857143,0.9999826701387229,0.3125,0.6875,0.1875,0.4976375,5,11,"['complex_topology', 'boundary_margin_error']",complex_topology,Medium_Dice (25-75%)
20160316_143527_1921_361,0.6839834234699093,0.5197376960656164,0.5443356449446922,0.9200091932881173,8005,6701,696,214998,8701,14706,0.45566435468516253,0.07999080565452246,2,3,4350.5,4261,0.48971382599701185,0.24485691299850593,1.5,0.9999894599045781,0.375,0.625,0.1640625,0.49748749999999997,6,10,['moderate_general_error'],moderate_general_error,Low_Dice (<25%)
20160316_143527_1_1,0.6432544807308791,0.4741157951841996,0.6438695155861985,0.6426406190157846,5724,3166,3183,218327,8907,8890,0.3561304836895388,0.35735938026271474,2,1,4453.5,3323,0.37307735488941285,0.18653867744470642,0.5,0.9999888667167189,0.4375,0.5625,0.1640625,0.49739999999999995,7,9,['moderate_general_error'],moderate_general_error,Low_Dice (<25%)
20160316_143527_1_361,0.6402266281066306,0.4708333324803744,0.4760945219342471,0.9770676654997456,2599,2860,61,224880,2660,5459,0.5239054771936252,0.02293233082706767,2,5,1330.0,1788,0.6721804511278195,0.3360902255639098,2.5,0.9999872013151818,0.4375,0.5625,0.1484375,0.49791250000000004,7,9,['over_segmentation'],over_segmentation,Low_Dice (<25%)
20160316_143527_641_1,0.8289166408625664,0.7078203565911043,0.773325754690418,0.8931189138025174,8164,2393,977,218866,9141,10557,0.22667424457705787,0.1068810852204354,1,1,9141.0,2978,0.3257849250629034,0.1628924625314517,1.0,0.9999917411263418,0.375,0.625,0.1640625,0.49755000000000005,6,10,['boundary_margin_error'],boundary_margin_error,Medium_Dice (25-75%)
20160316_143527_641_361,0.7530404710157252,0.6039012923130899,0.6958028699183304,0.8205390210623713,12848,5617,2810,209125,15658,18465,0.304197129704847,0.1794609784135905,8,2,1957.25,5907,0.37725124536977905,0.18862562268488953,0.25,0.9999881521329207,0.375,0.625,0.15625,0.49765,6,10,"['complex_topology', 'boundary_margin_error']",complex_topology,Medium_Dice (25-75%)
20160316_143527_641_721,0.7407521099457006,0.5882496336076918,0.7384850792066028,0.7430331012424433,4826,1709,1669,222196,6495,6535,0.26151491966335116,0.2569668976135489,3,3,2165.0,2013,0.3099307159353349,0.15496535796766744,1.0,0.9999888874256513,0.375,0.625,0.140625,0.49815,6,10,['boundary_margin_error'],boundary_margin_error,Medium_Dice (25-75%)
20160316_143547_1281_1081,0.5534854125661316,0.3826338271140565,0.39371605845136276,0.9314775132105306,3045,4689,224,222442,3269,7734,0.6062839410395655,0.06852248394004283,3,4,1089.6666666666667,774,0.23676965432854083,0.11838482716427041,1.3333333333333333,0.9999902467948263,0.375,0.625,0.15625,0.49805,6,10,['over_segmentation'],over_segmentation,Low_Dice (<25%)
20160316_143547_1281_361,0.29802238188253505,0.17510358462420542,0.17647058791490453,0.9576354585454635,972,4536,43,224849,1015,5508,0.8235294117647058,0.042364532019704436,1,2,1015.0,210,0.20689655172413793,0.10344827586206896,2.0,0.9999949626916981,0.4375,0.5625,0.1484375,0.49815,7,9,"['false_crack_high_fp', 'thin_low_area_failure', 'over_segmentation']",false_crack_high_fp,Low_Dice (<25%)
20160316_143547_1281_721,0.8911531752996589,0.8036756344055795,0.8420613805367605,0.9463233977573071,21209,3978,1203,204010,22412,25187,0.1579386191289157,0.05367660182045333,1,1,22412.0,4400,0.19632339817954667,0.09816169908977333,1.0,0.9999822305560533,0.4375,0.5625,0.15625,0.4975375,7,9,['high_quality'],high_quality,High_Dice (>75%)
20160316_143547_1921_1081,0.8492138817213688,0.7379424101775227,0.8005835437461258,0.9041342643538798,20579,5126,2182,202513,22761,25705,0.19941645594242366,0.09586573524889065,3,3,7587.0,5059,0.2222661570229779,0.11113307851148894,1.0,0.9999819031239701,0.5,0.5,0.1484375,0.49739999999999995,8,8,['boundary_margin_error'],boundary_margin_error,Medium_Dice (25-75%)
20160316_143547_1_1,0.7808021118994211,0.6404227890485059,0.821603386147901,0.7438615398587486,12421,2697,4277,211005,16698,15118,0.1783966133086387,0.2561384596957719,1,1,16698.0,4621,0.2767397293088993,0.13836986465444964,1.0,0.999990849237465,0.4375,0.5625,0.171875,0.4975875,7,9,['boundary_margin_error'],boundary_margin_error,Medium_Dice (25-75%)
20160316_143547_641_1,0.8548278161552065,0.7464622597496329,0.7805178743494583,0.9447761123524171,1266,356,74,228704,1340,1622,0.21948212083847102,0.05522388059701493,1,1,1340.0,445,0.332089552238806,0.166044776119403,1.0,0.9999953130112218,0.4375,0.5625,0.1640625,0.4982000000000001,7,9,['high_quality'],high_quality,Medium_Dice (25-75%)
20160316_143547_641_361,0.8898870464066692,0.801618469117209,0.8260976202930478,0.9643521825595188,13472,2836,498,213594,13970,16308,0.17390237920039245,0.03564781675017895,2,1,6985.0,3890,0.278453829634932,0.139226914817466,0.5,0.9999906611406421,0.375,0.625,0.171875,0.4976625,6,10,['high_quality'],high_quality,High_Dice (>75%)
20160316_143547_641_721,0.6563011429774912,0.48842874245780304,0.5871156618805589,0.7439703084974926,802,564,276,228758,1078,1366,0.4128843338213763,0.2560296846011132,2,2,539.0,561,0.5204081632653061,0.2602040816326531,1.0,0.9999910849936386,0.375,0.625,0.1640625,0.49811249999999996,6,10,['moderate_general_error'],moderate_general_error,Low_Dice (<25%)
20160318_181632_1281_1081,0.8794232691532285,0.7847952263730181,0.8105219028251847,0.961127404204838,19335,4520,782,205763,20117,23855,0.18947809683504507,0.038872595317393246,1,1,20117.0,3066,0.1524084107968385,0.07620420539841925,1.0,0.9999923964160653,0.4375,0.5625,0.21875,0.49775,7,9,['high_quality'],high_quality,High_Dice (>75%)
20160318_181632_1281_361,0.8557394641163798,0.7478536900300955,0.8865638450019773,0.8269864905789313,31098,3979,6506,188817,37604,35077,0.11343615474527469,0.1730135092011488,8,1,4700.5,5071,0.13485267524731412,0.06742633762365706,0.125,0.9999913135676743,0.4375,0.5625,0.2109375,0.4978875,7,9,"['complex_topology', 'high_quality']",complex_topology,Medium_Dice (25-75%)
20160318_181632_1281_721,0.8925701235941504,0.8059834239717067,0.8714429335702046,0.9147471777026948,19936,2941,1858,205665,21794,22877,0.12855706604887004,0.08525282187758099,1,2,21794.0,2539,0.1164999541158117,0.05824997705790585,2.0,0.9999922484405419,0.375,0.625,0.1484375,0.4980375,6,10,['high_quality'],high_quality,High_Dice (>75%)
20160318_181632_1921_1,0.720801091742557,0.5634785075953908,0.6749062381948411,0.7733932393565282,3959,1907,1160,223374,5119,5866,0.32509376065461987,0.22660675913264308,5,1,1023.8,1148,0.22426255127954678,0.11213127563977339,0.2,0.9999886329221352,0.375,0.625,0.1484375,0.4980125000000001,6,10,"['complex_topology', 'boundary_margin_error']",complex_topology,Medium_Dice (25-75%)
20160318_181632_1921_361,0.8935317800337469,0.8075530448231034,0.9007673663567175,0.8864115095241002,22303,2457,2858,202782,25161,24760,0.09923263327948303,0.11358849012360399,1,2,25161.0,3071,0.12205397241763045,0.06102698620881523,2.0,0.9999846175377082,0.375,0.625,0.1875,0.49765000000000004,6,10,['high_quality'],high_quality,High_Dice (>75%)
20160318_181632_1_1,0.9410063530172125,0.8885854562945337,0.9283676316006896,0.9539939487370968,30586,2360,1475,195979,32061,32946,0.07163236811752564,0.04600605096534731,1,1,32061.0,3190,0.0994978322572596,0.0497489161286298,1.0,0.9999872516364671,0.5,0.5,0.1796875,0.49737499999999996,8,8,['high_quality'],high_quality,High_Dice (>75%)
20160318_181632_1_361,0.9241607034406597,0.8590137080846866,0.8869638688211201,0.9646139683717511,4198,535,154,225513,4352,4733,0.11303612930488062,0.035386029411764705,2,1,2176.0,534,0.12270220588235294,0.06135110294117647,0.5,0.9999930212873241,0.375,0.625,0.1484375,0.49806249999999996,6,10,['high_quality'],high_quality,High_Dice (>75%)
20160318_181632_641_1,0.8505219188924387,0.7399200844899378,0.9297124558205729,0.7837629827481224,2037,154,562,227647,2599,2191,0.07028753993610223,0.2162370142362447,2,2,1299.5,488,0.1877645248172374,0.0938822624086187,1.0,0.9999922550489944,0.375,0.625,0.1484375,0.49815,6,10,['high_quality'],high_quality,Medium_Dice (25-75%)
20160318_181632_641_361,0.92494122830323,0.8603634077078327,0.9488115537868227,0.9022424931199182,35607,1921,3858,189014,39465,37528,0.051188445960349604,0.09775750665146332,1,1,39465.0,3248,0.08230077283669074,0.04115038641834537,1.0,0.9999874062235292,0.4375,0.5625,0.203125,0.4974375,7,9,['high_quality'],high_quality,High_Dice (>75%)
20160318_181632_641_721,0.23983290301040314,0.13625575857007433,0.14004878728648473,0.834188027058222,976,5993,194,223237,1170,6969,0.8599512125125556,0.1658119658119658,1,3,1170.0,668,0.5709401709401709,0.28547008547008546,3.0,0.9999933876245135,0.375,0.625,0.1484375,0.4982000000000001,6,10,"['false_crack_high_fp', 'thin_low_area_failure', 'over_segmentation']",false_crack_high_fp,Low_Dice (<25%)
20160321_183947_1281_361,0.7160714272927297,0.5577190526906285,0.5869437921927875,0.9180402888368118,2005,1411,179,226805,2184,3416,0.41305620608899296,0.08195970695970696,1,2,2184.0,385,0.1762820512820513,0.08814102564102565,2.0,0.9999955706320232,0.3125,0.6875,0.1875,0.49808749999999996,5,11,['moderate_general_error'],moderate_general_error,Medium_Dice (25-75%)
20160321_183947_1281_721,0.9262776023775587,0.8626788492338693,0.918713431707796,0.9339673650771438,29363,2598,2076,196363,31439,31961,0.0812865680047558,0.06603263462578327,1,2,31439.0,3118,0.09917618244855116,0.04958809122427558,2.0,0.9999918103605827,0.4375,0.5625,0.15625,0.4974375,7,9,['high_quality'],high_quality,High_Dice (>75%)
20160321_183947_1921_721,0.9114290714915521,0.837271185204611,0.8736765017320121,0.9525916558145613,28633,4140,1425,196202,30058,32773,0.1263234980014036,0.04740834386852086,1,1,30058.0,3092,0.10286778894138,0.05143389447069,1.0,0.9999875814593329,0.375,0.625,0.2109375,0.49747499999999995,6,10,['high_quality'],high_quality,High_Dice (>75%)
20160321_183947_1_721,0.9037434725922403,0.824390505322015,0.848270281049736,0.9669797473757852,46123,8250,1575,174452,47698,54373,0.1517297187942545,0.03302025242148518,1,1,47698.0,3492,0.07321061679735,0.036605308398675,1.0,0.999990703700476,0.5,0.5,0.2109375,0.497125,8,8,['high_quality'],high_quality,High_Dice (>75%)
20160321_183947_641_721,0.9010188429966834,0.8198674174301281,0.8271856375682819,0.9893242711967869,32898,6873,355,190274,33253,39771,0.17281436222373087,0.010675728505698734,1,1,33253.0,3297,0.0991489489670105,0.04957447448350525,1.0,0.9999860741232589,0.5,0.5,0.171875,0.49732499999999996,8,8,['high_quality'],high_quality,High_Dice (>75%)
20160321_185557_1281_721,0.8758550701203008,0.779130027490344,0.8503192844917645,0.9029720614937916,23303,4102,2504,200491,25807,27405,0.1496807151979566,0.09702793815631418,3,1,8602.333333333334,3922,0.1519742705467509,0.07598713527337544,0.3333333333333333,0.9999855807884444,0.3125,0.6875,0.1953125,0.49770000000000003,5,11,['high_quality'],high_quality,High_Dice (>75%)
20160321_185557_1921_1,0.8406081827792738,0.7250423629816236,0.7618052324184817,0.9375952734969557,9841,3077,655,216827,10496,12918,0.2381947669917944,0.0624047256097561,1,1,10496.0,2096,0.19969512195121952,0.09984756097560976,1.0,0.999986067476635,0.5,0.5,0.140625,0.49807500000000005,8,8,['boundary_margin_error'],boundary_margin_error,Medium_Dice (25-75%)
20160321_185557_1921_1081,0.8149150093264281,0.6876426718249561,0.765004655239986,0.8717923973839549,9037,2776,1329,217258,10366,11813,0.2349953441124185,0.12820760177503376,1,1,10366.0,1930,0.18618560679143353,0.09309280339571677,1.0,0.9999842745162564,0.4375,0.5625,0.15625,0.4981875,7,9,['boundary_margin_error'],boundary_margin_error,Medium_Dice (25-75%)
20160321_185557_1921_361,0.7292983562226223,0.5739335899925796,0.5820773156447768,0.9762030661277599,9230,6627,225,214318,9455,15857,0.41792268398814403,0.023796932839767318,2,1,4727.5,2665,0.28186144896879956,0.14093072448439978,0.5,0.9999858553457699,0.4375,0.5625,0.1640625,0.49770000000000003,7,9,['moderate_general_error'],moderate_general_error,Medium_Dice (25-75%)
20160321_185557_1921_721,0.8987268960620586,0.8160799467892058,0.9093272286376476,0.8883708585822262,23437,2337,2945,201681,26382,25774,0.0906727710095445,0.1116291410810401,1,3,26382.0,3311,0.1255022363732848,0.0627511181866424,3.0,0.9999848930412931,0.4375,0.5625,0.1640625,0.4977625,7,9,['high_quality'],high_quality,High_Dice (>75%)
20160321_185557_1_361,0.5418181805867769,0.371571071160938,0.3779327825683805,0.9566613085340184,1192,1962,54,227192,1246,3154,0.6220672162333545,0.04333868378812199,1,5,1246.0,314,0.2520064205457464,0.1260032102728732,5.0,0.9999897251613197,0.375,0.625,0.1796875,0.49855,6,10,"['thin_low_area_failure', 'over_segmentation', 'fragmented_prediction']",thin_low_area_failure,Low_Dice (<25%)
20160321_185557_1_721,0.8314741800097426,0.7115582435454231,0.7418704415521792,0.9456961604803149,17293,6017,993,206097,18286,23310,0.2581295581295581,0.054303839002515585,1,1,18286.0,3861,0.21114513835721316,0.10557256917860658,1.0,0.9999875466228991,0.3125,0.6875,0.1796875,0.498025,5,11,['boundary_margin_error'],boundary_margin_error,Medium_Dice (25-75%)
20160321_185557_641_721,0.9026363634312189,0.8225499126739501,0.8805427452640374,0.9258672132945416,19858,2694,1590,206258,21448,22552,0.11945725434551259,0.07413278627377844,1,2,21448.0,3301,0.1539071242073853,0.07695356210369265,2.0,0.9999869970470752,0.3125,0.6875,0.1875,0.49801249999999997,5,11,['high_quality'],high_quality,High_Dice (>75%)
20160324_170347_1281_1,0.8749628301553949,0.7777190421861782,0.8887043175948289,0.8616398230429871,5885,737,945,222833,6830,6622,0.11129568106312292,0.1383601756954612,2,1,3415.0,2141,0.31346998535871157,0.15673499267935578,0.5,0.9999946738879395,0.375,0.625,0.171875,0.4974375,6,10,['high_quality'],high_quality,High_Dice (>75%)
20160324_170347_1281_1081,0.8098060733188394,0.6803984251347781,0.8558391324735667,0.7684722211548998,5533,932,1667,222268,7200,6465,0.14416086620262955,0.23152777777777778,1,1,7200.0,2631,0.36541666666666667,0.18270833333333333,1.0,0.9999947015625965,0.3125,0.6875,0.1796875,0.497375,5,11,['boundary_margin_error'],boundary_margin_error,Medium_Dice (25-75%)
20160324_170347_1281_361,0.8082592481742132,0.678217344616212,0.7214088248987316,0.9188836712064636,7046,2721,622,220011,7668,9767,0.27859117436264974,0.08111632759520084,5,1,1533.6,2600,0.33907146583202924,0.16953573291601462,0.2,0.9999935862379709,0.375,0.625,0.171875,0.49735,6,10,"['complex_topology', 'boundary_margin_error']",complex_topology,Medium_Dice (25-75%)
20160324_170347_1281_721,0.789362721231738,0.6520224802881165,0.7742269002968072,0.8051021397662964,8237,2402,1994,217767,10231,10639,0.22577309897546763,0.1948978594467794,1,1,10231.0,4382,0.4283061284331932,0.2141530642165966,1.0,0.9999933542123682,0.4375,0.5625,0.1953125,0.49708749999999996,7,9,['boundary_margin_error'],boundary_margin_error,Medium_Dice (25-75%)
20160324_170347_641_1,0.717083785749342,0.5589482600531208,0.5785776984666864,0.9427753900472983,2636,1920,160,225684,2796,4556,0.42142230026338895,0.05722460658082976,1,1,2796.0,2183,0.780758226037196,0.390379113018598,1.0,0.9999912352571285,0.3125,0.6875,0.1953125,0.4971375,5,11,['moderate_general_error'],moderate_general_error,Medium_Dice (25-75%)
20160324_170347_641_361,0.7404977804934423,0.5879289206680011,0.6127075341431872,0.9356411483772766,3838,2426,264,223872,4102,6264,0.38729246487867175,0.0643588493417845,3,1,1367.3333333333333,2940,0.7167235494880546,0.3583617747440273,0.3333333333333333,0.9999958506386006,0.25,0.75,0.1953125,0.49716250000000006,4,12,['boundary_margin_error'],boundary_margin_error,Medium_Dice (25-75%)
20160324_170347_641_721,0.8007548344067388,0.6677157076640028,0.7183972891693078,0.9044404941227691,2546,998,269,226587,2815,3544,0.2816027088036117,0.0955595026642984,1,1,2815.0,1498,0.5321492007104796,0.2660746003552398,1.0,0.9999956752814112,0.25,0.75,0.1796875,0.49729999999999996,4,12,['boundary_margin_error'],boundary_margin_error,Medium_Dice (25-75%)
20160326_141808_1281_1,0.12323917128192906,0.06566589061116972,0.09321937311314032,0.18177777737382717,818,7957,3682,217943,4500,8775,0.9067806267806268,0.8182222222222222,4,13,1125.0,1265,0.2811111111111111,0.14055555555555554,3.25,0.999997365052578,0.4375,0.5625,0.1796875,0.49853749999999997,7,9,"['missed_crack_high_fn', 'false_crack_high_fp', 'thin_low_area_failure', 'fragmented_prediction']",missed_crack_high_fn,Low_Dice (<25%)
20160326_141808_641_1,0.8261886172011355,0.7038512569465388,0.7152496577918377,0.9778597695769394,1060,422,24,228894,1084,1482,0.28475033738191635,0.02214022140221402,1,4,1084.0,178,0.16420664206642066,0.08210332103321033,4.0,0.9999958531421302,0.4375,0.5625,0.1484375,0.49887499999999996,7,9,['boundary_margin_error'],boundary_margin_error,Medium_Dice (25-75%)
20160326_141808_641_361,0.5889014718831626,0.41733547314309305,0.7018596270218063,0.5072620848609776,4680,1988,4546,219186,9226,6668,0.2981403719256149,0.4927379145892044,1,2,9226.0,1956,0.21200953826143507,0.10600476913071753,2.0,0.9999936859260088,0.5,0.5,0.1640625,0.49853749999999997,8,8,['moderate_general_error'],moderate_general_error,Low_Dice (<25%)
20160326_141808_641_721,0.2904994514101292,0.16993235342905022,0.4733593226986377,0.20954983430238772,1457,1621,5496,221826,6953,3078,0.5266406757634828,0.7904501653962318,4,2,1738.25,1926,0.27700273263339564,0.13850136631669782,0.5,0.9999929384569374,0.4375,0.5625,0.1484375,0.49860000000000004,7,9,"['missed_crack_high_fn', 'thin_low_area_failure']",missed_crack_high_fn,Low_Dice (<25%)
20160326_142521_1281_1,0.4446201635444111,0.28585953933774455,0.8959708606966291,0.29567307670096676,3936,457,9376,216631,13312,4393,0.10402913726382881,0.7043269230769231,1,2,13312.0,1582,0.11884014423076923,0.059420072115384616,2.0,0.9999913038779781,0.4375,0.5625,0.1484375,0.49831250000000005,7,9,['missed_crack_high_fn'],missed_crack_high_fn,Low_Dice (<25%)
20160326_142521_1281_1081,0.4414920789618599,0.2832786879054018,0.5013539632442786,0.39440048571393643,1296,1289,1990,225825,3286,2585,0.4986460348162476,0.6055995130858186,2,2,1643.0,933,0.2839318320146074,0.1419659160073037,1.0,0.9999924683314825,0.4375,0.5625,0.15625,0.4982,7,9,['thin_low_area_failure'],thin_low_area_failure,Low_Dice (<25%)
20160326_142521_1281_361,0.6498543968259438,0.4813217147085483,0.7050423345064548,0.6026790530380479,5579,2334,3678,218809,9257,7913,0.29495766460255274,0.39732094631089987,1,2,9257.0,1801,0.19455547153505456,0.09727773576752728,2.0,0.9999931505666775,0.4375,0.5625,0.1484375,0.4982125,7,9,['moderate_general_error'],moderate_general_error,Low_Dice (<25%)
20160326_142521_1281_721,0.6692299115851834,0.5028892048380461,0.8785662020796399,0.5404554040676308,6005,830,5106,218459,11111,6835,0.12143379663496708,0.45954459544595444,1,2,11111.0,1846,0.16614166141661416,0.08307083070830708,2.0,0.9999912281884756,0.4375,0.5625,0.1484375,0.49820000000000003,7,9,['moderate_general_error'],moderate_general_error,Low_Dice (<25%)
20160326_142521_641_1,0.0,0.0,0.0,0.0,0,1062,1355,227983,1355,1062,1.0,1.0,1,2,1355.0,291,0.21476014760147602,0.10738007380073801,2.0,0.9999940404175273,0.4375,0.5625,0.1484375,0.4979875,7,9,"['missed_crack_high_fn', 'false_crack_high_fp', 'thin_low_area_failure']",missed_crack_high_fn,Low_Dice (<25%)
20160326_142521_641_1081,0.0,0.0,0.0,0.0,0,1799,2487,226114,2487,1799,1.0,1.0,2,3,1243.5,797,0.32046642541214315,0.16023321270607158,1.5,0.9999921723350202,0.4375,0.5625,0.1484375,0.498,7,9,"['missed_crack_high_fn', 'false_crack_high_fp', 'thin_low_area_failure']",missed_crack_high_fn,Low_Dice (<25%)
20160326_142745_1281_1081,0.7812231881588146,0.6409895401428207,0.8729115286964899,0.7069653932853475,3187,464,1321,225428,4508,3651,0.12708846891262668,0.2930346051464064,2,1,2254.0,1217,0.2699645075421473,0.13498225377107365,0.5,0.999987737740011,0.4375,0.5625,0.15625,0.498475,7,9,['boundary_margin_error'],boundary_margin_error,Medium_Dice (25-75%)
20160326_142745_1281_361,0.14415266923416714,0.07767485333757555,0.9978165829932688,0.07768805773252184,914,2,10851,218633,11765,916,0.002183406113537118,0.922311942201445,1,6,11765.0,1303,0.11075223119422015,0.05537611559711007,6.0,0.9999924483112684,0.4375,0.5625,0.15625,0.4984875,7,9,"['missed_crack_high_fn', 'fragmented_prediction']",missed_crack_high_fn,Low_Dice (<25%)
20160326_142745_1281_721,0.7391000822684838,0.5861687132141289,0.8788107448846886,0.6377176647477178,11646,1606,6616,210532,18262,13252,0.12118925445215817,0.36228233490307743,1,1,18262.0,3193,0.17484393823239514,0.08742196911619757,1.0,0.9999959876763368,0.375,0.625,0.1640625,0.4978125,6,10,['boundary_margin_error'],boundary_margin_error,Medium_Dice (25-75%)
20160326_142745_1921_1081,0.6031775870986391,0.431821240500981,0.734264131988409,0.5118059979071379,3208,1161,3060,222971,6268,4369,0.2657358663309682,0.4881940012763242,2,3,3134.0,2013,0.3211550733886407,0.16057753669432034,1.5,0.9999875056560896,0.4375,0.5625,0.15625,0.4983375,7,9,['moderate_general_error'],moderate_general_error,Low_Dice (<25%)
20160326_142745_1_1,0.5399421649467097,0.3698087513957983,0.92277992135478,0.3816184451800355,5975,500,9682,214243,15657,6475,0.07722007722007722,0.6183815545762279,1,1,15657.0,3472,0.2217538481190522,0.1108769240595261,1.0,0.9999893169581051,0.3125,0.6875,0.1796875,0.4980625,5,11,['moderate_general_error'],moderate_general_error,Low_Dice (<25%)
20160326_142745_641_361,0.8437291096714842,0.7296984787291211,0.9003017827707535,0.793845855728944,16408,1817,4261,207914,20669,18225,0.09969821673525377,0.2061541438869805,1,1,20669.0,4010,0.19401035366974698,0.09700517683487349,1.0,0.999993710728877,0.4375,0.5625,0.1640625,0.49832499999999996,7,9,['boundary_margin_error'],boundary_margin_error,Medium_Dice (25-75%)
20160328_151020_1281_361,0.6164184312844954,0.4455237372501057,0.46035194418407477,0.9325763568941323,10595,12420,766,206619,11361,23015,0.5396480556159027,0.06742364228501012,6,1,1893.5,3906,0.3438077634011091,0.17190388170055454,0.16666666666666666,0.99999312777224,0.375,0.625,0.171875,0.49756249999999996,6,10,"['over_segmentation', 'complex_topology']",over_segmentation,Low_Dice (<25%)
20160328_151020_1921_361,0.5407426731191863,0.37056019055599515,0.37965563545420455,0.9392749235254029,9327,15240,603,205230,9930,24567,0.6203443643912565,0.060725075528700906,1,1,9930.0,4010,0.4038267875125881,0.20191339375629405,1.0,0.9999910360336763,0.3125,0.6875,0.203125,0.4974375,5,11,['over_segmentation'],over_segmentation,Low_Dice (<25%)
20160328_151020_1_1,0.6969548131883706,0.5348661890181432,0.5459372112396363,0.9634709390525048,14190,11802,538,203870,14728,25992,0.45406278855032317,0.03652906029331885,1,2,14728.0,4702,0.3192558392178164,0.1596279196089082,2.0,0.9999887117923876,0.625,0.375,0.1796875,0.4976125,10,6,['moderate_general_error'],moderate_general_error,Low_Dice (<25%)
20160328_151020_1_361,0.3777124454866916,0.23282706227750513,0.23389683551461046,0.980734274879192,2698,8837,53,218812,2751,11535,0.7661031642826182,0.019265721555797893,1,2,2751.0,1264,0.45946928389676484,0.22973464194838242,2.0,0.9999893822703537,0.4375,0.5625,0.1484375,0.4975,7,9,"['false_crack_high_fp', 'thin_low_area_failure', 'over_segmentation']",false_crack_high_fp,Low_Dice (<25%)
20160328_151020_641_361,0.55197908188983,0.38119551657459805,0.3978424743970351,0.9010891950234189,6122,9266,672,214340,6794,15388,0.6021575253444242,0.09891080365027966,5,3,1358.8,2741,0.4034442154842508,0.2017221077421254,0.6,0.9999926636141927,0.4375,0.5625,0.15625,0.49770000000000003,7,9,"['over_segmentation', 'complex_topology']",over_segmentation,Low_Dice (<25%)
20160328_151020_641_721,0.7191825117322524,0.5615027264383444,0.5918671489291744,0.9162821350393193,11120,7668,1016,210596,12136,18788,0.4081328507558016,0.08371786420566908,1,2,12136.0,3877,0.3194627554383652,0.1597313777191826,2.0,0.9999850087246525,0.5,0.5,0.171875,0.4973875,8,8,['moderate_general_error'],moderate_general_error,Medium_Dice (25-75%)
20160328_151057_1281_1,0.8193704592548471,0.6940114836849689,0.769090907692562,0.8766839360068727,4230,1270,595,224305,4825,5500,0.2309090909090909,0.12331606217616581,3,1,1608.3333333333333,1961,0.40642487046632125,0.20321243523316063,0.3333333333333333,0.9999978117668871,0.25,0.75,0.1640625,0.49775,4,12,['boundary_margin_error'],boundary_margin_error,Medium_Dice (25-75%)
20160328_151057_1281_1081,0.5222692628939295,0.35342654096558956,0.3637650384952052,0.9255702253134146,3084,5394,248,221674,3332,8478,0.6362349610757254,0.0744297719087635,4,5,833.0,2058,0.6176470588235294,0.3088235294117647,1.25,0.9999946808758811,0.4375,0.5625,0.171875,0.4978,7,9,"['thin_low_area_failure', 'over_segmentation']",thin_low_area_failure,Low_Dice (<25%)
20160328_151057_1281_361,0.8247294239471078,0.7017357881254329,0.758087602693834,0.9042171744848606,5296,1690,561,222853,5857,6986,0.24191239622101346,0.09578282397131638,2,1,2928.5,2153,0.3675943315690627,0.18379716578453134,0.5,0.9999964392326977,0.375,0.625,0.1484375,0.4978,6,10,['boundary_margin_error'],boundary_margin_error,Medium_Dice (25-75%)
20160328_151057_1281_721,0.8256880731461307,0.7031249996397926,0.8279044511835538,0.8234835298353131,13725,2853,2942,210880,16667,16578,0.17209554831704668,0.17651646967060658,2,3,8333.5,5496,0.32975340493190136,0.16487670246595068,1.5,0.9999940541208772,0.5,0.5,0.1640625,0.49733750000000004,8,8,['boundary_margin_error'],boundary_margin_error,Medium_Dice (25-75%)
20160328_151057_1921_721,0.8295433360533349,0.7087347713124176,0.8774645101760011,0.7865853651585495,8901,1243,2415,217841,11316,10144,0.12253548895899054,0.21341463414634146,1,1,11316.0,3174,0.2804878048780488,0.1402439024390244,1.0,0.9999944557223461,0.3125,0.6875,0.1796875,0.497375,5,11,['boundary_margin_error'],boundary_margin_error,Medium_Dice (25-75%)
20160328_151057_641_1081,0.7370434459085131,0.5835857484731203,0.6265097543720816,0.8949347469698413,4046,2412,475,223467,4521,6458,0.3734902446577888,0.10506525105065251,2,1,2260.5,2225,0.49214775492147755,0.24607387746073878,0.5,0.9999942781900255,0.25,0.75,0.171875,0.497475,4,12,['boundary_margin_error'],boundary_margin_error,Medium_Dice (25-75%)
20160328_151057_641_721,0.7941350955215399,0.6585605838367156,0.756255043169887,0.8360099913704319,4685,1510,919,223286,5604,6195,0.24374495560936238,0.16399000713775874,2,1,2802.0,1913,0.3413633119200571,0.17068165596002854,0.5,0.9999962292345901,0.1875,0.8125,0.1875,0.4976625,3,13,['boundary_margin_error'],boundary_margin_error,Medium_Dice (25-75%)
20160328_151244_1281_1081,0.846570067717789,0.7339588162436015,0.755188371988145,0.9631115410323643,20887,6771,800,201942,21687,27658,0.24481162773880974,0.03688845852353945,1,2,21687.0,1886,0.08696454096924425,0.043482270484622124,2.0,0.999987586518638,0.4375,0.5625,0.1796875,0.49805,7,9,['boundary_margin_error'],boundary_margin_error,Medium_Dice (25-75%)
20160328_151244_1281_361,0.8898824306818425,0.8016109782213563,0.8830827372923002,0.8967876508565759,21496,2846,2474,203584,23970,24342,0.11691726234491825,0.10321234876929496,1,1,23970.0,3379,0.14096787651230705,0.07048393825615352,1.0,0.9999966664702662,0.5,0.5,0.1953125,0.49812500000000004,8,8,['high_quality'],high_quality,High_Dice (>75%)
20160328_151244_1281_721,0.8408964984365708,0.7254714503945053,0.8275279575710377,0.8547040634154804,38701,8066,6579,177054,45280,46767,0.17247204225201532,0.14529593639575972,6,3,7546.666666666667,6598,0.1457155477031802,0.0728577738515901,0.5,0.999990634529762,0.5,0.5,0.1640625,0.4979,8,8,"['complex_topology', 'boundary_margin_error']",complex_topology,Medium_Dice (25-75%)
20160328_151244_1921_1081,0.7362042492233948,0.5825342020425339,0.7508239934890838,0.72214296921518,4556,1512,1753,222579,6309,6068,0.24917600527356626,0.27785702964019654,3,3,2103.0,1675,0.26549373910286894,0.13274686955143447,1.0,0.9999919544877196,0.4375,0.5625,0.1796875,0.49892499999999995,7,9,['boundary_margin_error'],boundary_margin_error,Medium_Dice (25-75%)
20160328_151244_1921_361,0.8765118172980421,0.7801700372050692,0.9188367162467238,0.8379144849046639,26887,2375,5201,195937,32088,29262,0.08116328343927277,0.16208551483420594,2,1,16044.0,3054,0.09517576664173523,0.047587883320867615,0.5,0.9999948377525163,0.4375,0.5625,0.171875,0.4982875,7,9,['high_quality'],high_quality,High_Dice (>75%)
20160328_151244_1921_721,0.8862563910697465,0.7957454336559492,0.8445455302469439,0.9323013841631995,40474,7450,2939,179537,43413,47924,0.15545446957682998,0.0676986156220487,4,2,10853.25,5681,0.1308594199894041,0.06542970999470205,0.5,0.9999924948428085,0.5,0.5,0.1640625,0.4982,8,8,['high_quality'],high_quality,High_Dice (>75%)
20160328_151244_1_1,0.8490514057468361,0.7376970700396703,0.8926778400816104,0.8094904567292976,23115,2779,5440,199066,28555,25894,0.10732215957364641,0.19050954298721764,1,1,28555.0,4036,0.1413412712309578,0.0706706356154789,1.0,0.9999940883362176,0.4375,0.5625,0.171875,0.49758749999999996,7,9,['boundary_margin_error'],boundary_margin_error,Medium_Dice (25-75%)
20160328_151244_1_1081,0.8379741581994237,0.7211321194896753,0.8533633537104371,0.8231301739878781,6064,1042,1303,221991,7367,7106,0.14663664508865748,0.17686982489480113,1,1,7367.0,1519,0.20618976516899687,0.10309488258449843,1.0,0.9999897163856354,0.5625,0.4375,0.15625,0.4986375,9,7,['boundary_margin_error'],boundary_margin_error,Medium_Dice (25-75%)
20160328_151244_1_721,0.886363636144673,0.795918366993825,0.8656629990032508,0.9080785579529872,17940,2784,1816,207860,19756,20724,0.1343370005790388,0.09192144158736586,1,1,19756.0,2941,0.14886616724033205,0.07443308362016603,1.0,0.999992748152525,0.5,0.5,0.171875,0.4980375,8,8,['high_quality'],high_quality,High_Dice (>75%)
20160328_151244_641_1,0.8876126845541543,0.7979349208943458,0.8877751838126343,0.8874502443668161,19397,2452,2460,206091,21857,21849,0.11222481578104261,0.11254975522715835,1,2,21857.0,3341,0.15285720821704718,0.07642860410852359,2.0,0.9999939862441813,0.4375,0.5625,0.2578125,0.49821250000000006,7,9,['high_quality'],high_quality,High_Dice (>75%)
20160328_151244_641_361,0.8949211906319552,0.8098256731062727,0.8854106498293804,0.9046382621830295,15330,1984,1616,211470,16946,17314,0.1145893496592353,0.09536173728313466,1,1,16946.0,2183,0.12882096069868995,0.06441048034934498,1.0,0.9999922872681606,0.5,0.5,0.171875,0.49822500000000003,8,8,['high_quality'],high_quality,High_Dice (>75%)
20160328_151244_641_721,0.8874468773571697,0.7976669691502651,0.8875652802028808,0.8873285059284816,46567,5899,5913,172021,52480,52466,0.11243471962794953,0.11267149390243902,1,1,52480.0,5253,0.1000952743902439,0.05004763719512195,1.0,0.9999934173984684,0.625,0.375,0.171875,0.4979125,10,6,['high_quality'],high_quality,High_Dice (>75%)
20160328_151752_1281_361,0.7604683111043341,0.6135126015066683,0.7945453405763307,0.7291941115016931,12731,3292,4728,209649,17459,16023,0.2054546589277913,0.2708058880806461,2,1,8729.5,2428,0.13906867518185462,0.06953433759092731,0.5,0.9999949343333547,0.5,0.5,0.203125,0.49815,8,8,['boundary_margin_error'],boundary_margin_error,Medium_Dice (25-75%)
20160328_151752_1281_721,0.8096337328334613,0.6801551380993469,0.8959468649592186,0.7384896115405817,5261,611,1863,222665,7124,5872,0.10405313351498638,0.2615103874227962,1,2,7124.0,1432,0.20101066816395283,0.10050533408197641,2.0,0.9999934826039806,0.5,0.5,0.171875,0.4982,8,8,['boundary_margin_error'],boundary_margin_error,Medium_Dice (25-75%)
20160328_151752_1921_721,0.7794663809201698,0.6386275385907155,0.8892643613780794,0.6938022224816248,17105,2130,7549,203616,24654,19235,0.11073563815960488,0.3061977772369595,4,1,6163.5,4532,0.18382412590249048,0.09191206295124524,0.25,0.9999945917289623,0.375,0.625,0.140625,0.4978625,6,10,['boundary_margin_error'],boundary_margin_error,Medium_Dice (25-75%)
20160328_151752_1_361,0.7564424310594227,0.6082890329748528,0.6608909563822178,0.884293380404799,12358,6341,1617,210084,13975,18699,0.3391090432643457,0.11570661896243292,1,1,13975.0,2708,0.19377459749552772,0.09688729874776386,1.0,0.9999943289803919,0.375,0.625,0.1875,0.497675,6,10,['boundary_margin_error'],boundary_margin_error,Medium_Dice (25-75%)
20160328_151752_1_721,0.4495508659921645,0.2899488000809787,0.2899488000809787,0.9999999907063198,1076,2635,0,226689,1076,3711,0.7100511991376988,0.0,5,2,215.2,573,0.5325278810408922,0.2662639405204461,0.4,0.9999941618551076,0.3125,0.6875,0.2265625,0.4977125,5,11,"['false_crack_high_fp', 'thin_low_area_failure', 'over_segmentation', 'complex_topology']",false_crack_high_fp,Low_Dice (<25%)
20160328_151752_641_361,0.7837819039841013,0.6444419027735431,0.7612464534780716,0.807692307306406,16905,5302,4025,204168,20930,22207,0.23875354617913272,0.19230769230769232,5,2,4186.0,3827,0.18284758719541327,0.09142379359770664,0.4,0.999996576626232,0.5,0.5,0.234375,0.4979,8,8,"['complex_topology', 'boundary_margin_error']",complex_topology,Medium_Dice (25-75%)
20160328_152022_1281_721,0.9016997650340264,0.8209956952817751,0.85330389967526,0.9559153254563719,28991,4984,1337,195088,30328,33975,0.14669610007358352,0.04408467422843577,1,1,30328.0,3008,0.09918227380638354,0.04959113690319177,1.0,0.999996319194654,0.4375,0.5625,0.1875,0.49765000000000004,7,9,['high_quality'],high_quality,High_Dice (>75%)
20160328_152022_1921_1,0.8203348917280963,0.6953964188445043,0.735461184081272,0.9273533413740868,8157,2934,639,218670,8796,11091,0.2645388152556127,0.07264665757162346,1,2,8796.0,850,0.09663483401546158,0.04831741700773079,2.0,0.9999932224148316,0.4375,0.5625,0.15625,0.4983625,7,9,['boundary_margin_error'],boundary_margin_error,Medium_Dice (25-75%)
20160328_152022_1921_361,0.7422876702500987,0.5901887519840917,0.6367016468702823,0.8898547904959182,18323,10455,2268,199354,20591,28778,0.36329835290847173,0.11014520907192463,3,1,6863.666666666667,3230,0.15686464960419602,0.07843232480209801,0.3333333333333333,0.999992493821938,0.5625,0.4375,0.171875,0.49774999999999997,9,7,['boundary_margin_error'],boundary_margin_error,Medium_Dice (25-75%)
20160328_152022_1921_721,0.8747002122834969,0.7773041653713172,0.8143061750658808,0.9447702825564318,9665,2204,565,217966,10230,11869,0.18569382424804112,0.0552297165200391,1,1,10230.0,1710,0.16715542521994134,0.08357771260997067,1.0,0.999992791377574,0.3125,0.6875,0.1796875,0.49862500000000004,5,11,['high_quality'],high_quality,High_Dice (>75%)
20160328_152022_1_1081,0.6830348353261981,0.518643054233996,0.5641713398649343,0.8653534461222373,6941,5362,1080,217017,8021,12303,0.43582865967650164,0.1346465527989029,1,5,8021.0,2299,0.28662261563396085,0.14331130781698043,5.0,0.999994881445299,0.3125,0.6875,0.171875,0.49831249999999994,5,11,['fragmented_prediction'],fragmented_prediction,Low_Dice (<25%)
20160328_152022_1_361,0.6785922037833156,0.5135373090170872,0.5358291214151835,0.9250594729379085,2333,2021,189,225857,2522,4354,0.4641708773541571,0.07494052339413164,2,2,1261.0,818,0.32434575733544807,0.16217287866772404,1.0,0.9999946861272178,0.3125,0.6875,0.1796875,0.4985,5,11,['moderate_general_error'],moderate_general_error,Low_Dice (<25%)
20160328_152022_1_721,0.7459748461352604,0.5948643405088524,0.6787175227432642,0.8280280539141786,6139,2906,1275,220080,7414,9045,0.3212824765063571,0.1719719449689776,2,3,3707.0,1733,0.23374696520097113,0.11687348260048556,1.5,0.9999927402646231,0.375,0.625,0.15625,0.498475,6,10,['boundary_margin_error'],boundary_margin_error,Medium_Dice (25-75%)
20160328_152022_641_361,0.8303121850648113,0.7098579419764395,0.797217446928869,0.8662736394663357,14841,3775,2291,209493,17132,18616,0.20278255264288783,0.13372636002801774,1,1,17132.0,2760,0.16110203128648143,0.08055101564324071,1.0,0.9999965722968321,0.4375,0.5625,0.1875,0.4978125,7,9,['boundary_margin_error'],boundary_margin_error,Medium_Dice (25-75%)
20160328_152022_641_721,0.8037068237001666,0.6718309856000794,0.7214156076217909,0.9071890446892424,14310,5526,1464,209100,15774,19836,0.27858439201451907,0.09281095473564092,3,2,5258.0,2652,0.1681247622670217,0.08406238113351085,0.6666666666666666,0.9999958618623176,0.5625,0.4375,0.1953125,0.4977125,9,7,['boundary_margin_error'],boundary_margin_error,Medium_Dice (25-75%)
20160328_152305_1281_361,0.8880687351595651,0.7986723309619371,0.8475541023176544,0.9326511622123094,15039,2705,1086,211570,16125,17744,0.1524458972046889,0.06734883720930232,2,2,8062.5,1636,0.10145736434108527,0.05072868217054263,1.0,0.999994727448823,0.375,0.625,0.1796875,0.49781250000000005,6,10,['high_quality'],high_quality,High_Dice (>75%)
20160328_152305_1281_721,0.815508603536264,0.6884884144966698,0.6955414009047021,0.985485447104245,13104,5736,193,211367,13297,18840,0.30445859872611464,0.014514552154621344,2,3,6648.5,1594,0.11987666390915244,0.05993833195457622,1.5,0.9999967248410804,0.5,0.5,0.2109375,0.4978,8,8,['boundary_margin_error'],boundary_margin_error,Medium_Dice (25-75%)
20160328_152305_1921_361,0.7895269611077425,0.6522466306480182,0.6996136063273257,0.9059596136052718,20279,8707,2105,199309,22384,28986,0.3003863934313117,0.09404038598999286,3,2,7461.333333333333,2186,0.0976590421729807,0.04882952108649035,0.6666666666666666,0.999991929020904,0.4375,0.5625,0.1796875,0.4977125,7,9,['boundary_margin_error'],boundary_margin_error,Medium_Dice (25-75%)
20160328_152305_1921_721,0.916440071822908,0.8457677771128587,0.884681176850893,0.9505640759598403,14998,1955,780,212667,15778,16953,0.11531882262726362,0.04943592343769806,1,1,15778.0,1312,0.08315375839776905,0.041576879198884524,1.0,0.9999948960325091,0.375,0.625,0.1875,0.49774999999999997,6,10,['high_quality'],high_quality,High_Dice (>75%)
20160328_152305_1_361,0.7783234192909381,0.6370944909488226,0.6986403422743899,0.8785229128905279,11253,4854,1556,212737,12809,16107,0.3013596572918607,0.1214770864236084,1,1,12809.0,3367,0.26286205012100866,0.13143102506050433,1.0,0.999995098451714,0.4375,0.5625,0.1875,0.4974375,7,9,['boundary_margin_error'],boundary_margin_error,Medium_Dice (25-75%)
20160328_152305_641_361,0.7673611108276591,0.6225352108944949,0.6835801245912602,0.8745474439045656,10387,4808,1490,213715,11877,15195,0.31641987495886803,0.1254525553590974,2,2,5938.5,2578,0.2170581796750021,0.10852908983750105,1.0,0.9999949480341587,0.4375,0.5625,0.2265625,0.49799999999999994,7,9,['boundary_margin_error'],boundary_margin_error,Medium_Dice (25-75%)
20160328_152305_641_721,0.7853354851774647,0.6465451781903777,0.7128505647916071,0.8742299790173358,17030,6860,2450,204060,19480,23890,0.28714943491000416,0.1257700205338809,2,2,9740.0,2953,0.15159137577002055,0.07579568788501027,1.0,0.9999933801956644,0.4375,0.5625,0.203125,0.4975625,7,9,['boundary_margin_error'],boundary_margin_error,Medium_Dice (25-75%)
20160328_152511_1281_361,0.6964056808201786,0.5342196345703119,0.5803777449958314,0.8704178404634481,6791,4910,1011,217688,7802,11701,0.4196222545081617,0.12958215842091772,3,3,2600.6666666666665,2301,0.2949243783645219,0.14746218918226095,1.0,0.9999961896562041,0.375,0.625,0.140625,0.497575,6,10,['moderate_general_error'],moderate_general_error,Low_Dice (<25%)
20160328_152511_1281_721,0.8188937829834445,0.6933278067504797,0.7226781847045671,0.9446640298425296,5019,1926,294,223161,5313,6945,0.27732181425485963,0.05533596837944664,1,1,5313.0,1252,0.23564840956145303,0.11782420478072651,1.0,0.9999941711949585,0.3125,0.6875,0.171875,0.49778749999999994,5,11,['boundary_margin_error'],boundary_margin_error,Medium_Dice (25-75%)
20160328_152511_1921_361,0.7298872577196821,0.574663361308593,0.6756458721836438,0.7935979269186808,8578,4118,2231,215473,10809,12696,0.324354127284184,0.20640207234711813,2,3,5404.5,1974,0.1826255897862892,0.0913127948931446,1.5,0.9999885330716103,0.3125,0.6875,0.171875,0.497625,5,11,['boundary_margin_error'],boundary_margin_error,Medium_Dice (25-75%)
20160328_152511_1921_721,0.601648131369191,0.43025517744564007,0.8053116281745307,0.48020434166002,3760,909,4070,221661,7830,4669,0.19468837010066395,0.5197956577266922,1,1,7830.0,1447,0.18480204342273307,0.09240102171136653,1.0,0.9999906965191641,0.3125,0.6875,0.171875,0.49785,5,11,['moderate_general_error'],moderate_general_error,Low_Dice (<25%)
20160328_152511_1_361,0.6574726425357995,0.48972755667165724,0.5495896243658984,0.8180546481226759,8772,7189,1951,212488,10723,15961,0.4504103752897688,0.18194535111442695,1,1,10723.0,3459,0.3225776368553576,0.1612888184276788,1.0,0.9999928386401371,0.375,0.625,0.171875,0.4972249999999999,6,10,['moderate_general_error'],moderate_general_error,Low_Dice (<25%)
20160328_152511_641_361,0.7738491914186569,0.6311207283825068,0.6443508191726092,0.968491774678746,12541,6922,408,210529,12949,19463,0.3556491804963264,0.031508224573326124,1,1,12949.0,2798,0.21607846165727082,0.10803923082863541,1.0,0.9999941893373656,0.375,0.625,0.1640625,0.49755,6,10,['boundary_margin_error'],boundary_margin_error,Medium_Dice (25-75%)
20160328_152511_641_721,0.674513159267038,0.5088795592222164,0.5443868720401144,0.8863891963645152,1576,1319,202,227303,1778,2895,0.4556131260794473,0.11361079865016872,1,5,1778.0,514,0.2890888638920135,0.14454443194600675,5.0,0.9999916481572875,0.375,0.625,0.171875,0.49815,6,10,['fragmented_prediction'],fragmented_prediction,Low_Dice (<25%)
20160328_152747_1281_361,0.7937170298426435,0.6579857707342955,0.7439303366954982,0.8506455144286175,10081,3470,1770,215079,11851,13551,0.2560696627555162,0.14935448485359884,2,2,5925.5,3166,0.26715045143869715,0.13357522571934857,1.0,0.999992977197546,0.4375,0.5625,0.171875,0.4977625,7,9,['boundary_margin_error'],boundary_margin_error,Medium_Dice (25-75%)
20160328_152747_1281_721,0.7012256365255664,0.5399133646661096,0.5480527620978242,0.9732292193350295,1745,1439,48,227168,1793,3184,0.45194723618090454,0.026770775237032907,1,1,1793.0,390,0.21751254880089235,0.10875627440044618,1.0,0.9999930726561508,0.375,0.625,0.15625,0.49808749999999996,6,10,['moderate_general_error'],moderate_general_error,Medium_Dice (25-75%)
20160328_152747_1921_361,0.7989954098325696,0.6652725696253857,0.8183914838448306,0.78049743343269,13839,3071,3892,209598,17731,16910,0.18160851567120048,0.219502566127122,1,1,17731.0,3321,0.18729908070610796,0.09364954035305398,1.0,0.9999902181869947,0.3125,0.6875,0.1875,0.497875,5,11,['boundary_margin_error'],boundary_margin_error,Medium_Dice (25-75%)
20160328_152747_1_361,0.7655280121879268,0.6201258673716176,0.6691402963671659,0.8943576299294866,9558,4726,1129,214987,10687,14284,0.33085970316437974,0.10564236923364836,1,1,10687.0,2884,0.26986057827266774,0.13493028913633387,1.0,0.9999929662106487,0.375,0.625,0.21875,0.497525,6,10,['boundary_margin_error'],boundary_margin_error,Medium_Dice (25-75%)
20160328_152747_641_361,0.772201535317428,0.6289318300435148,0.6861275395642517,0.8829691025750045,11717,5360,1553,211770,13270,17077,0.3138724600339638,0.11703089675960814,1,1,13270.0,3624,0.27309721175584023,0.13654860587792012,1.0,0.9999951304095773,0.4375,0.5625,0.2265625,0.49778750000000005,7,9,['boundary_margin_error'],boundary_margin_error,Medium_Dice (25-75%)
20160328_153548_1281_1081,0.6971887522201254,0.5351417969473379,0.7074164571522701,0.6872525677968918,868,359,395,228778,1263,1227,0.2925835370823146,0.31274742676167855,1,2,1263.0,218,0.1726049089469517,0.08630245447347586,2.0,0.999990781074683,0.375,0.625,0.171875,0.49855,6,10,['boundary_margin_error'],boundary_margin_error,Low_Dice (<25%)
20160328_153548_1281_361,0.8844055984199214,0.7927662573129521,0.9481471030743313,0.8286945802602284,6729,368,1391,221912,8120,7097,0.05185289558968578,0.17130541871921182,1,2,8120.0,1052,0.12955665024630542,0.06477832512315271,2.0,0.9999956489950046,0.4375,0.5625,0.1640625,0.498325,7,9,['high_quality'],high_quality,High_Dice (>75%)
20160328_153548_1281_721,0.826426100382143,0.7041960464963021,0.7974343868062588,0.8576054054840553,24368,6190,4046,195796,28414,30558,0.20256561293278355,0.1423945942141198,3,2,9471.333333333334,4591,0.161575279791652,0.080787639895826,0.6666666666666666,0.9999830892377142,0.375,0.625,0.15625,0.49738750000000004,6,10,['boundary_margin_error'],boundary_margin_error,Medium_Dice (25-75%)
20160328_153548_1921_361,0.9059606585706464,0.8280878248738442,0.9109399529567487,0.9010355022921335,12182,1191,1338,215689,13520,13373,0.08906004636207283,0.09896449704142012,1,1,13520.0,1494,0.11050295857988165,0.05525147928994083,1.0,0.999993519978685,0.5,0.5,0.15625,0.49832499999999996,8,8,['high_quality'],high_quality,High_Dice (>75%)
20160328_153548_1921_721,0.9036206847192347,0.8241861845850604,0.878225464848654,0.9305283203930034,16609,2303,1240,210248,17849,18912,0.12177453468697123,0.06947167908566307,2,1,8924.5,2779,0.15569499691859487,0.07784749845929743,0.5,0.9999898592055638,0.5,0.5,0.171875,0.49787500000000007,8,8,['high_quality'],high_quality,High_Dice (>75%)
20160328_153548_1_1,0.7910145365975245,0.6542796092612679,0.8369239009448425,0.7498799573850572,15617,3043,5209,206531,20826,18660,0.16307609860664524,0.2501200422548737,1,1,20826.0,3686,0.1769903005858062,0.0884951502929031,1.0,0.999994836639866,0.5,0.5,0.171875,0.49793750000000003,8,8,['boundary_margin_error'],boundary_margin_error,Medium_Dice (25-75%)
20160328_153548_1_1081,0.7504556522720657,0.6005834475876193,0.7192683712400492,0.7844700605877457,24499,9562,6731,189608,31230,34061,0.28073162854878014,0.21552993916106308,1,1,31230.0,4278,0.13698366954851104,0.06849183477425552,1.0,0.9999918862885094,0.375,0.625,0.1875,0.4975125,6,10,['boundary_margin_error'],boundary_margin_error,Medium_Dice (25-75%)
20160328_153548_641_1,0.812396541463678,0.6840638056619733,0.7761377600138153,0.8522091436384157,4417,1274,766,223943,5183,5691,0.22386223862238622,0.14779085471734515,1,2,5183.0,1078,0.20798765193903146,0.10399382596951573,2.0,0.9999900063519453,0.375,0.625,0.15625,0.4985125,6,10,['boundary_margin_error'],boundary_margin_error,Medium_Dice (25-75%)
20160328_153548_641_1081,0.7198924587575074,0.5623687350976532,0.6668945643078115,0.7820410028736451,13656,6821,3806,206117,17462,20477,0.3331054353665088,0.21795899667850188,1,1,17462.0,3550,0.2032985912266636,0.1016492956133318,1.0,0.9999937088286622,0.5,0.5,0.171875,0.49775,8,8,['boundary_margin_error'],boundary_margin_error,Medium_Dice (25-75%)
20160328_153548_641_361,0.6667636358787173,0.500109098297939,0.580767768173359,0.7826532341084972,4584,3309,1273,221234,5857,7893,0.41923223109083996,0.21734676455523305,10,3,585.7,2268,0.38722895680382446,0.19361447840191223,0.3,0.9999963061242318,0.375,0.625,0.15625,0.4977125,6,10,['complex_topology'],complex_topology,Low_Dice (<25%)
20160328_153548_641_721,0.7886517911818051,0.6510529222239267,0.7684641390707337,0.8099287227648314,12954,3903,3040,210503,15994,16857,0.23153586047339383,0.1900712767287733,2,1,7997.0,3223,0.2015130674002751,0.10075653370013755,0.5,0.9999914838231183,0.375,0.625,0.1640625,0.49746250000000003,6,10,['boundary_margin_error'],boundary_margin_error,Medium_Dice (25-75%)
20160328_153604_1281_1,0.6222861937013997,0.4516803060667941,0.47574507063205407,0.8992893033466991,5188,5717,581,218914,5769,10905,0.5242549289316827,0.10071069509447045,1,1,5769.0,1772,0.3071589530247877,0.15357947651239384,1.0,0.9999923485371318,0.375,0.625,0.2109375,0.49825,6,10,['moderate_general_error'],moderate_general_error,Low_Dice (<25%)
20160328_153604_1281_361,0.8009586977311859,0.6679992559185575,0.757911392005321,0.8491904025238208,14370,4590,2552,208888,16922,18960,0.24208860759493672,0.15080959697435292,1,1,16922.0,3158,0.18662096678879564,0.09331048339439782,1.0,0.9999950185052741,0.3125,0.6875,0.1640625,0.497825,5,11,['boundary_margin_error'],boundary_margin_error,Medium_Dice (25-75%)
20160328_153604_1281_721,0.7263773466275513,0.5703238276299212,0.6062681962629056,0.9058341855119122,10620,6897,1104,211779,11724,17517,0.3937318033909916,0.09416581371545547,1,3,11724.0,2934,0.2502558853633572,0.1251279426816786,3.0,0.9999975406441429,0.4375,0.5625,0.1640625,0.49797500000000006,7,9,['boundary_margin_error'],boundary_margin_error,Medium_Dice (25-75%)
20160328_153604_1921_361,0.733994522709646,0.5797719961533049,0.6670926942909372,0.8158111214085134,9917,4949,2239,213295,12156,14866,0.3329073052603256,0.18418887792036853,2,2,6078.0,3155,0.25954261270154655,0.12977130635077327,1.0,0.999991088342921,0.375,0.625,0.1640625,0.49860000000000004,6,10,['boundary_margin_error'],boundary_margin_error,Medium_Dice (25-75%)
20160328_153604_1921_721,0.7230042840242178,0.566175966746884,0.7074172292690416,0.739293696254543,8269,3420,2916,215795,11185,11689,0.2925827701257593,0.26070630308448817,1,2,11185.0,2448,0.218864550737595,0.1094322753687975,2.0,0.9999942443230464,0.4375,0.5625,0.1640625,0.49824999999999997,7,9,['boundary_margin_error'],boundary_margin_error,Medium_Dice (25-75%)
20160328_153604_1_1,0.8270729151346773,0.7051358313800411,0.7633631479331927,0.9023853824205842,10668,3307,1154,215271,11822,13975,0.23663685152057246,0.09761461681610556,1,1,11822.0,2152,0.18203349687024192,0.09101674843512096,1.0,0.9999929677717896,0.4375,0.5625,0.171875,0.4979,7,9,['boundary_margin_error'],boundary_margin_error,Medium_Dice (25-75%)
20160328_153604_1_361,0.7613636360998601,0.6146788987387117,0.6626462425143853,0.8946425656288531,10988,5594,1294,212524,12282,16582,0.33735375708599685,0.1053574336427292,1,1,12282.0,2675,0.21779840416870216,0.10889920208435108,1.0,0.9999886279517027,0.5,0.5,0.171875,0.4979875,8,8,['boundary_margin_error'],boundary_margin_error,Medium_Dice (25-75%)
20160328_153604_641_1,0.7657537885465949,0.6204222313511258,0.659240042225515,0.9133192379351806,8640,4466,820,216474,9460,13106,0.34075995727147873,0.08668076109936575,1,2,9460.0,1886,0.19936575052854122,0.09968287526427061,2.0,0.9999957583115016,0.375,0.625,0.1953125,0.49791250000000004,6,10,['boundary_margin_error'],boundary_margin_error,Medium_Dice (25-75%)
20160328_153604_641_1081,0.8503305123973531,0.7396304081884512,0.850221170224143,0.8504398822604107,16530,2912,2907,208051,19437,19442,0.14977882933854542,0.1495601173020528,1,1,19437.0,2413,0.1241446725317693,0.06207233626588465,1.0,0.9999936356671046,0.4375,0.5625,0.1953125,0.49775,7,9,['high_quality'],high_quality,Medium_Dice (25-75%)
20160328_153604_641_361,0.7694784286409426,0.625327053625795,0.6818830239268269,0.8828961945062823,14340,6690,1902,207468,16242,21030,0.3181169757489301,0.1171038049501293,3,1,5414.0,4470,0.27521241226449944,0.13760620613224972,0.3333333333333333,0.999992546796097,0.375,0.625,0.15625,0.4976875,6,10,['boundary_margin_error'],boundary_margin_error,Medium_Dice (25-75%)
20160328_153604_641_721,0.7839284035472891,0.6446400079025063,0.726734740817629,0.8508932811283926,12526,4710,2195,210969,14721,17236,0.2732652587607334,0.14910671829359418,2,2,7360.5,3390,0.23028326879967392,0.11514163439983696,1.0,0.9999975534042316,0.4375,0.5625,0.2421875,0.4980375,7,9,['boundary_margin_error'],boundary_margin_error,Medium_Dice (25-75%)
20160328_153620_1281_1081,0.8684722944441985,0.7675218999764646,0.9044985217385747,0.8352059896656248,2453,259,484,227204,2937,2712,0.09550147492625369,0.1647940074906367,1,1,2937.0,555,0.18896833503575078,0.09448416751787539,1.0,0.9999941014970509,0.375,0.625,0.1875,0.49838750000000004,6,10,['high_quality'],high_quality,High_Dice (>75%)
20160328_153620_1281_361,0.7976423461175802,0.6633985682562826,0.8275035024512589,0.7698612582251101,34847,7264,10417,177872,45264,42111,0.17249649735223577,0.23013874160480735,2,1,22632.0,7174,0.1584924001413927,0.07924620007069635,0.5,0.9999846875310663,0.4375,0.5625,0.15625,0.4977125,7,9,['boundary_margin_error'],boundary_margin_error,Medium_Dice (25-75%)
20160328_153620_1281_721,0.8376984046890359,0.7207237846601395,0.7392548141434361,0.9663884703943136,21190,7474,737,200999,21927,28664,0.26074518559866033,0.033611529164956445,12,2,1827.25,5996,0.2734528207233092,0.1367264103616546,0.16666666666666666,0.9999916415300858,0.375,0.625,0.1640625,0.497575,6,10,"['complex_topology', 'boundary_margin_error']",complex_topology,Medium_Dice (25-75%)
20160328_153620_1921_1081,0.8949600072781343,0.8098892466993205,0.8960825927285965,0.8938402301310489,9287,1077,1103,218933,10390,10364,0.10391740640679274,0.10615976900866217,1,3,10390.0,1998,0.1923002887391723,0.09615014436958615,3.0,0.9999874518058063,0.3125,0.6875,0.1875,0.49845,5,11,['high_quality'],high_quality,High_Dice (>75%)
20160328_153620_1921_361,0.8933537944132396,0.8072623300050714,0.8505754049374659,0.9406630015190195,28234,4960,1781,195425,30015,33194,0.1494245948062903,0.05933699816758287,2,1,15007.5,4710,0.15692153923038482,0.07846076961519241,0.5,0.9999920288921349,0.4375,0.5625,0.1875,0.4983375,7,9,['high_quality'],high_quality,High_Dice (>75%)
20160328_153620_1_361,0.9209205587073411,0.8534316598638421,0.8738130646168021,0.9733966288675577,30552,4412,835,194601,31387,34964,0.12618693513327994,0.02660337082231497,2,1,15693.5,3918,0.1248287507566827,0.06241437537834135,0.5,0.9999873044930992,0.5,0.5,0.1796875,0.49749999999999994,8,8,['high_quality'],high_quality,High_Dice (>75%)
20160328_153620_1_721,0.9314581555278123,0.8717095735150281,0.8811403495889761,0.987870839226568,6027,813,74,223486,6101,6840,0.11885964912280701,0.01212915915423701,1,6,6101.0,709,0.11621045730208163,0.05810522865104081,6.0,0.9999923850764871,0.4375,0.5625,0.15625,0.498,7,9,['high_quality'],high_quality,High_Dice (>75%)
20160328_153620_641_361,0.8703995954356419,0.7705376095109673,0.7932343794808027,0.9641958028472787,6894,1797,256,221453,7150,8691,0.20676561960648948,0.035804195804195804,4,2,1787.5,1854,0.2593006993006993,0.12965034965034966,0.5,0.9999958222579278,0.5,0.5,0.171875,0.49807500000000005,8,8,['high_quality'],high_quality,High_Dice (>75%)
20160328_153620_641_721,0.8758646810521834,0.7791452383792967,0.8314912943165231,0.9252411235047716,43936,8904,3550,174010,47486,52840,0.16850870552611658,0.07475887630038328,3,1,15828.666666666666,8363,0.17611506549298742,0.08805753274649371,0.3333333333333333,0.9999724186462873,0.5,0.5,0.171875,0.497275,8,8,['high_quality'],high_quality,High_Dice (>75%)
20160328_153629_1281_361,0.9677526223259235,0.9375200589092543,0.943475451180582,0.9933121729842301,8763,525,59,221053,8822,9288,0.05652454780361757,0.006687825889820902,1,1,8822.0,698,0.07912038086601678,0.03956019043300839,1.0,0.999994985313803,0.4375,0.5625,0.15625,0.49865000000000004,7,9,['high_quality'],high_quality,High_Dice (>75%)
20160328_153629_1281_721,0.9065972650665928,0.8291521834558138,0.8896185492360378,0.9242366810173777,21946,2723,1799,203932,23745,24669,0.11038145040334023,0.07576331859338808,1,1,23745.0,3705,0.1560328490208465,0.07801642451042325,1.0,0.9999922129878023,0.4375,0.5625,0.15625,0.4974625,7,9,['high_quality'],high_quality,High_Dice (>75%)
20160328_153629_1921_361,0.9235752923443867,0.8580026877642719,0.9095864949947076,0.9380010857194874,29366,2919,1941,196174,31307,32285,0.09041350472355583,0.06199891398089884,1,1,31307.0,3988,0.1273836522183537,0.06369182610917686,1.0,0.9999911694353694,0.5,0.5,0.171875,0.498,8,8,['high_quality'],high_quality,High_Dice (>75%)
20160328_153629_1_361,0.9139749045830934,0.8415780707463614,0.8618690311517816,0.972786496602669,32851,5265,919,191365,33770,38116,0.13813096862210095,0.02721350310926858,3,1,11256.666666666666,4891,0.14483269173822919,0.07241634586911459,0.3333333333333333,0.9999900883789355,0.5,0.5,0.1796875,0.4978125,8,8,['high_quality'],high_quality,High_Dice (>75%)
20160328_153629_641_361,0.85943475381987,0.7535165188473041,0.8166991660904989,0.9068897628869196,9214,2068,946,218172,10160,11282,0.1833008331856054,0.09311023622047244,2,1,5080.0,1951,0.19202755905511812,0.09601377952755906,0.5,0.9999948251363382,0.5,0.5,0.1796875,0.4982625,8,8,['high_quality'],high_quality,Medium_Dice (25-75%)
20160328_153629_641_721,0.9327475720200918,0.8739709065694922,0.8891897846493089,0.9807926084607022,28238,3519,553,198090,28791,31757,0.11081021507069308,0.019207391198638464,6,1,4798.5,3676,0.12767878851029835,0.06383939425514917,0.16666666666666666,0.9999828318633228,0.4375,0.5625,0.1640625,0.49755000000000005,7,9,"['complex_topology', 'high_quality']",complex_topology,High_Dice (>75%)
20160328_153829_1281_361,0.8761712675776053,0.7796305987737404,0.8016711090830245,0.9659368145004982,31278,7738,1103,190281,32381,39016,0.19832889071150298,0.034063185201198234,7,1,4625.857142857143,7820,0.24149964485346345,0.12074982242673173,0.14285714285714285,0.9999906709418473,0.4375,0.5625,0.15625,0.4980875,7,9,"['complex_topology', 'high_quality']",complex_topology,High_Dice (>75%)
20160328_153829_1281_721,0.7951835389347867,0.6600038799534177,0.7242333885770158,0.8815448396020091,3401,1295,457,225247,3858,4696,0.2757666098807496,0.11845515811301192,3,1,1286.0,1468,0.3805080352514256,0.1902540176257128,0.3333333333333333,0.9999953598482658,0.4375,0.5625,0.15625,0.498675,7,9,['boundary_margin_error'],boundary_margin_error,Medium_Dice (25-75%)
20160328_153829_1921_1,0.8178966268973201,0.6918994104133023,0.7161476090338155,0.9533464462836806,18902,7492,925,203081,19827,26394,0.2838523906948549,0.046653553235486964,14,1,1416.2142857142858,6747,0.3402935391133303,0.17014676955666516,0.07142857142857142,0.9999902712274111,0.4375,0.5625,0.1640625,0.49783750000000004,7,9,"['complex_topology', 'boundary_margin_error']",complex_topology,Medium_Dice (25-75%)
20160328_153829_1921_361,0.8250464674430222,0.7021949758706842,0.721161655724692,0.9638979344085289,3551,1373,133,225343,3684,4924,0.278838342810723,0.03610206297502715,2,2,1842.0,976,0.26492942453854507,0.13246471226927253,1.0,0.9999916928080664,0.375,0.625,0.1640625,0.49915,6,10,['boundary_margin_error'],boundary_margin_error,Medium_Dice (25-75%)
20160328_153829_1_1,0.8254534490213903,0.702784788166666,0.7262078412561518,0.9561194198008965,16429,6194,754,207023,17183,22623,0.273792158422844,0.04388057964267008,4,1,4295.75,5674,0.33021009136937673,0.16510504568468837,0.25,0.9999915348639836,0.4375,0.5625,0.15625,0.49824999999999997,7,9,['boundary_margin_error'],boundary_margin_error,Medium_Dice (25-75%)
20160328_153829_1_721,0.8660908545750043,0.763809744430969,0.8587866097557707,0.8735204137870456,6568,1080,951,221801,7519,7648,0.1412133891213389,0.12647958505120363,1,1,7519.0,1642,0.2183801037371991,0.10919005186859955,1.0,0.9999932761536048,0.375,0.625,0.15625,0.4983375,6,10,['high_quality'],high_quality,Medium_Dice (25-75%)
20160328_153829_641_1,0.8669192584172116,0.7650992789853807,0.8443274782056597,0.8907532587573919,14758,2721,1810,211111,16568,17479,0.15567252131128784,0.10924674070497345,5,2,3313.6,3613,0.21807098020280058,0.10903549010140029,0.4,0.9999951947102949,0.5,0.5,0.15625,0.49820000000000003,8,8,"['complex_topology', 'high_quality']",complex_topology,Medium_Dice (25-75%)
20160328_153829_641_1081,0.7008794116968562,0.5395029668587695,0.5511035326786933,0.9624483027916488,5818,4739,227,219616,6045,10557,0.4488964667992801,0.037551695616211744,2,2,3022.5,1958,0.323904052936311,0.1619520264681555,1.0,0.9999949786610113,0.3125,0.6875,0.1796875,0.49822500000000003,5,11,['moderate_general_error'],moderate_general_error,Medium_Dice (25-75%)
20160328_153829_641_361,0.8463743872617523,0.7336646984222174,0.7441445218525948,0.9811660421255144,7085,2436,136,220743,7221,9521,0.2558554773658229,0.018833956515718044,2,1,3610.5,2066,0.2861099570696579,0.14305497853482896,0.5,0.9999967381546542,0.375,0.625,0.15625,0.49866249999999995,6,10,['boundary_margin_error'],boundary_margin_error,Medium_Dice (25-75%)
20160328_153829_641_721,0.7784187295920958,0.6372222204521605,0.6461971812783177,0.9786689378043133,2294,1256,50,226800,2344,3550,0.35380281690140847,0.021331058020477817,2,2,1172.0,1120,0.4778156996587031,0.23890784982935154,1.0,0.9999948240635226,0.4375,0.5625,0.15625,0.498675,7,9,['boundary_margin_error'],boundary_margin_error,Medium_Dice (25-75%)
20160329_103807_1081_1,0.15401184689928718,0.08343057166460843,0.09575465368186065,0.39328932676958567,715,6752,1103,221830,1818,7467,0.9042453461899023,0.6067106710671067,1,7,1818.0,702,0.38613861386138615,0.19306930693069307,7.0,0.9999832458835975,0.4375,0.5625,0.140625,0.498175,7,9,"['false_crack_high_fp', 'thin_low_area_failure', 'over_segmentation', 'fragmented_prediction']",false_crack_high_fp,Low_Dice (<25%)
20160329_103807_361_1,0.7736088281818246,0.6308010412655839,0.8490877224775344,0.710453682633063,16474,2928,6714,204284,23188,19402,0.15091227708483662,0.28954631706054856,2,1,11594.0,1985,0.08560462308090391,0.04280231154045196,0.5,0.9999828589692943,0.4375,0.5625,0.1796875,0.497625,7,9,['boundary_margin_error'],boundary_margin_error,Medium_Dice (25-75%)
20160329_103807_361_1281,0.7425145860193443,0.5904757047390823,0.7902961646000082,0.7001813782647577,23162,6146,9918,191174,33080,29308,0.20970383513033983,0.2998186215235792,4,2,8270.0,5043,0.1524486094316808,0.0762243047158404,0.5,0.999987570256283,0.5,0.5,0.171875,0.49770000000000003,8,8,['boundary_margin_error'],boundary_margin_error,Medium_Dice (25-75%)
20160329_103807_361_1921,0.667365808353457,0.500786947038249,0.8090435221388128,0.5679140883603301,19091,4506,14525,192278,33616,23597,0.1909564775183286,0.4320859114707282,6,1,5602.666666666667,5092,0.15147548786292242,0.07573774393146121,0.16666666666666666,0.9999901101343972,0.375,0.625,0.1875,0.497525,6,10,['complex_topology'],complex_topology,Low_Dice (<25%)
20160329_103807_361_641,0.8187242473128673,0.6930847818136083,0.8820589945463664,0.7638754672568641,36362,4862,11240,177936,47602,41224,0.11794100523966622,0.23612453258266458,3,2,15867.333333333334,4507,0.09468089576068232,0.04734044788034116,0.6666666666666666,0.9999826569420429,0.5,0.5,0.1796875,0.4976125,8,8,['boundary_margin_error'],boundary_margin_error,Medium_Dice (25-75%)
20160329_103807_721_1,0.7075114475370924,0.5474024866130464,0.6631587632936492,0.7582220540941716,16069,8162,5124,201045,21193,24231,0.3368412364326689,0.24177794554805832,1,2,21193.0,3008,0.14193365733968763,0.07096682866984381,2.0,0.999983642054918,0.375,0.625,0.15625,0.497675,6,10,['boundary_margin_error'],boundary_margin_error,Medium_Dice (25-75%)
20160329_103807_721_1281,0.6859708177643753,0.5220362127706313,0.6455428785570643,0.731800762778732,1528,839,560,227473,2088,2367,0.35445711871567387,0.2681992337164751,2,1,1044.0,664,0.31800766283524906,0.15900383141762453,0.5,0.9999890872849414,0.4375,0.5625,0.1484375,0.4982125,7,9,['boundary_margin_error'],boundary_margin_error,Low_Dice (<25%)
20160330_165956_1281_721,0.659207992579899,0.4916556698815061,0.5237740837478094,0.8891072418737967,6334,5759,790,217517,7124,12093,0.47622591581906887,0.11089275687815833,5,1,1424.8,3495,0.49059517125210556,0.24529758562605278,0.2,0.9999959896542687,0.3125,0.6875,0.203125,0.49762500000000004,5,11,['complex_topology'],complex_topology,Low_Dice (<25%)
20160330_165956_1921_721,0.6988629558953543,0.5371171000486459,0.5637188641014492,0.9192380338173205,5839,4519,513,219529,6352,10358,0.4362811353543155,0.08076196473551638,2,1,3176.0,3591,0.5653337531486146,0.2826668765743073,0.5,0.9999937074894202,0.3125,0.6875,0.1875,0.4978125,5,11,['moderate_general_error'],moderate_general_error,Low_Dice (<25%)
20160330_165956_1_1081,0.8213896750046887,0.6969136936823935,0.7908976501773305,0.8543271399475225,7542,1994,1286,219578,8828,9536,0.20910234899328858,0.1456728590847304,1,1,8828.0,3489,0.3952197553239692,0.1976098776619846,1.0,0.9999945983169996,0.1875,0.8125,0.1875,0.4980375,3,13,['boundary_margin_error'],boundary_margin_error,Medium_Dice (25-75%)
20160330_165956_1_721,0.7043539320896391,0.5436314357250608,0.563926683274568,0.9379091061568934,5015,3878,332,221175,5347,8893,0.4360733160913078,0.06209089208902188,5,4,1069.4,4121,0.7707125490929493,0.38535627454647464,0.8,0.9999967326339427,0.3125,0.6875,0.1796875,0.49793750000000003,5,11,['complex_topology'],complex_topology,Medium_Dice (25-75%)
20160330_165956_641_721,0.8165026570454651,0.6899066245532178,0.7152867409964164,0.9510849565390647,7758,3088,399,219155,8157,10846,0.28471325834409,0.04891504229496138,2,1,4078.5,4056,0.49724163295329166,0.24862081647664583,0.5,0.9999964074146335,0.3125,0.6875,0.1875,0.4975875,5,11,['boundary_margin_error'],boundary_margin_error,Medium_Dice (25-75%)
20160330_170359_1281_721,0.8056444240165612,0.6745431931802967,0.93199391945939,0.7094631984933684,28204,2058,11550,188588,39754,30262,0.06800608023263499,0.2905368013281682,1,2,39754.0,3228,0.08119937616340495,0.04059968808170247,2.0,0.99998121572323,0.4375,0.5625,0.1796875,0.49750000000000005,7,9,['boundary_margin_error'],boundary_margin_error,Medium_Dice (25-75%)
20160330_170359_1921_361,0.8620543065885397,0.7575531166203348,0.8484388887357153,0.8761138408618492,16223,2898,2294,208985,18517,19121,0.15156111082056378,0.12388615866501053,1,2,18517.0,1564,0.08446292595992871,0.04223146297996436,2.0,0.9999828859706493,0.4375,0.5625,0.171875,0.49770000000000003,7,9,['high_quality'],high_quality,Medium_Dice (25-75%)
20160330_170359_1921_721,0.8813374272986836,0.7878492128063725,0.9469208206515538,0.8242501591898531,19374,1086,4131,205809,23505,20460,0.0530791788856305,0.1757498404594767,2,3,11752.5,1744,0.07419697936609232,0.03709848968304616,1.5,0.9999831794288657,0.3125,0.6875,0.15625,0.4978625,5,11,['high_quality'],high_quality,High_Dice (>75%)
20160330_170359_1_721,0.848796962980964,0.7373129983906813,0.8439676942510704,0.8536818166661009,30409,5622,5212,189157,35621,36031,0.15603230551469568,0.14631818309424216,1,1,35621.0,3446,0.09674068667359143,0.04837034333679571,1.0,0.99998060822625,0.4375,0.5625,0.1484375,0.4973125,7,9,['boundary_margin_error'],boundary_margin_error,Medium_Dice (25-75%)
20160330_170359_641_721,0.8624818170267297,0.7582136531412231,0.868213561333565,0.8568252553970573,26978,4095,4508,194819,31486,31073,0.1317864383870241,0.1431747443308137,1,1,31486.0,3540,0.11243092167947659,0.056215460839738295,1.0,0.9999808865085473,0.375,0.625,0.1875,0.4976125,6,10,['high_quality'],high_quality,Medium_Dice (25-75%)
20160330_172309_1281_361,0.8588542279333091,0.7526244665288178,0.7874932019711874,0.9444371971508579,7241,1954,426,220779,7667,9195,0.2125067971723763,0.05556280161732099,1,1,7667.0,2848,0.37146211034302856,0.18573105517151428,1.0,0.9999933566788465,0.375,0.625,0.171875,0.4981,6,10,['high_quality'],high_quality,Medium_Dice (25-75%)
20160330_172309_1281_721,0.8551731180241764,0.7469890264528536,0.7706869570856666,0.9604634263906766,25119,7474,1034,196773,26153,32593,0.2293130426778756,0.039536573242075476,4,2,6538.25,4491,0.1717202615378733,0.08586013076893664,0.5,0.9999923362514176,0.5,0.5,0.203125,0.4979,8,8,['high_quality'],high_quality,Medium_Dice (25-75%)
20160330_172309_1921_361,0.8860416851977376,0.7953993191881855,0.8090294937062507,0.9792580767323108,14730,3477,312,211881,15042,18207,0.1909705058493986,0.020741922616673316,1,1,15042.0,1696,0.1127509639675575,0.05637548198377875,1.0,0.9999931804063301,0.5,0.5,0.1875,0.49831249999999994,8,8,['high_quality'],high_quality,High_Dice (>75%)
20160330_172309_1921_721,0.8153047434238189,0.6881978626132798,0.725630854618267,0.9302677841870339,17196,6502,1289,205413,18485,23698,0.2743691450755338,0.06973221530971058,1,2,18485.0,2827,0.15293481200973763,0.07646740600486882,2.0,0.9999890227228496,0.5,0.5,0.203125,0.497975,8,8,['boundary_margin_error'],boundary_margin_error,Medium_Dice (25-75%)
20160330_172309_1_721,0.88482738589951,0.7934443284488486,0.9044101785074347,0.8660746549300044,16775,1773,2594,209258,19369,18548,0.09558982100496011,0.13392534462285094,1,1,19369.0,3466,0.17894573803500438,0.08947286901750219,1.0,0.9999913531336415,0.4375,0.5625,0.2265625,0.4978874999999999,7,9,['high_quality'],high_quality,High_Dice (>75%)
20160330_172309_641_361,0.7908370781613422,0.6540368248794729,0.6639108531131889,0.9777660085877925,1847,935,42,227576,1889,2782,0.3360891445003594,0.02223398623610376,1,1,1889.0,624,0.33033350979354154,0.16516675489677077,1.0,0.9999902436161565,0.4375,0.5625,0.15625,0.49865000000000004,7,9,['boundary_margin_error'],boundary_margin_error,Medium_Dice (25-75%)
20160330_172309_641_721,0.852424631241207,0.7428049210947963,0.8261225725648899,0.8804565734720117,27229,5731,3697,193743,30926,32960,0.17387742718446603,0.11954342624329044,3,1,10308.666666666666,6929,0.2240509603569812,0.1120254801784906,0.3333333333333333,0.9999874284677208,0.4375,0.5625,0.1796875,0.4970874999999999,7,9,['high_quality'],high_quality,Medium_Dice (25-75%)
20160402_150314_1281_1081,0.8169556824336115,0.690553743678978,0.7157326106828743,0.9515260280452152,2120,842,108,227330,2228,2962,0.28426738690074277,0.04847396768402154,1,1,2228.0,838,0.3761220825852783,0.18806104129263915,1.0,0.9999972935366399,0.3125,0.6875,0.171875,0.49792500000000006,5,11,['boundary_margin_error'],boundary_margin_error,Medium_Dice (25-75%)
20160402_150314_1281_361,0.8331519197378697,0.7140191888139403,0.7271000125836613,0.9754232641991203,5358,2011,135,222896,5493,7369,0.2728999864296377,0.024576734025122882,1,1,5493.0,1826,0.3324230839249954,0.1662115419624977,1.0,0.9999960687787431,0.375,0.625,0.1640625,0.4983375,6,10,['boundary_margin_error'],boundary_margin_error,Medium_Dice (25-75%)
20160402_150314_1281_721,0.851343938229236,0.7411652334962715,0.8215987288651602,0.8833238467490659,10864,2359,1435,215742,12299,13223,0.17840127051349922,0.11667615253272624,3,2,4099.666666666667,3719,0.30238230750467515,0.15119115375233758,0.6666666666666666,0.9999967481379207,0.375,0.625,0.1875,0.4978,6,10,['high_quality'],high_quality,Medium_Dice (25-75%)
20160402_150314_1921_1,0.8445659599705783,0.7309512535644808,0.7716712459224988,0.9326690811869273,9267,2742,669,217722,9936,12009,0.22832875343492381,0.06733091787439613,2,1,4968.0,2878,0.2896537842190016,0.1448268921095008,0.5,0.9999919148473664,0.5,0.5,0.1328125,0.49778750000000005,8,8,['boundary_margin_error'],boundary_margin_error,Medium_Dice (25-75%)
20160402_150314_1921_361,0.8295367668100646,0.7087251810116897,0.7273458425540326,0.965136958501825,2713,1017,98,226572,2811,3730,0.27265415549597855,0.034863038064745645,1,1,2811.0,1008,0.35859124866595515,0.17929562433297758,1.0,0.9999923990868476,0.3125,0.6875,0.171875,0.4983375,5,11,['boundary_margin_error'],boundary_margin_error,Medium_Dice (25-75%)
20160402_150314_1_361,0.9020743690833474,0.821617005452555,0.902724256642186,0.9014254162813942,26940,2903,2946,197611,29886,29843,0.09727574305532286,0.09857458341698454,1,1,29886.0,5157,0.172555711704477,0.0862778558522385,1.0,0.9999943229492697,0.375,0.625,0.15625,0.49770000000000003,6,10,['high_quality'],high_quality,High_Dice (>75%)
20160402_150314_1_721,0.7920741381434263,0.655730755632646,0.7499515214757112,0.8392101542375935,7735,2579,1482,218604,9217,10314,0.2500484777971689,0.1607898448519041,2,2,4608.5,3065,0.3325377020722578,0.1662688510361289,1.0,0.9999949582621295,0.25,0.75,0.21875,0.49774999999999997,4,12,['boundary_margin_error'],boundary_margin_error,Medium_Dice (25-75%)
20160402_150314_641_361,0.8671077850058081,0.7653930122648548,0.8924388990676695,0.8431749839528864,7011,845,1304,221240,8315,7856,0.107561099796334,0.15682501503307275,1,2,8315.0,1802,0.21671677690920024,0.10835838845460012,2.0,0.999994575534484,0.3125,0.6875,0.1875,0.4981,5,11,['high_quality'],high_quality,Medium_Dice (25-75%)
20160402_150314_641_721,0.8529713113073433,0.7436355513300459,0.8557703709106194,0.8501905020424249,21645,3648,3814,201293,25459,25293,0.14422962875103784,0.14980949762363016,1,1,25459.0,7162,0.28131505557955927,0.14065752778977963,1.0,0.9999954717823308,0.375,0.625,0.15625,0.49724999999999997,6,10,['high_quality'],high_quality,Medium_Dice (25-75%)
20160402_151049_1281_721,0.938485266089988,0.8841000846339135,0.9066455693811588,0.972642656810297,34380,3540,967,191513,35347,37920,0.09335443037974683,0.027357342914533057,2,1,17673.5,3596,0.10173423487141765,0.05086711743570883,0.5,0.999994051371289,0.5625,0.4375,0.1640625,0.49751249999999997,9,7,['high_quality'],high_quality,High_Dice (>75%)
20160402_151049_1921_1081,0.9379014986751141,0.8830645156783051,0.921884157871858,0.9544852692516357,17301,1466,825,210808,18126,18767,0.07811584163691586,0.04551473022178087,1,1,18126.0,1926,0.10625620655412116,0.05312810327706058,1.0,0.9999940510854959,0.375,0.625,0.1640625,0.4979,6,10,['high_quality'],high_quality,High_Dice (>75%)
20160402_151049_1921_721,0.9287203368976003,0.8669261341226705,0.9068780314852399,0.9516407594983908,20938,2150,1064,206248,22002,23088,0.09312196812196812,0.04835924006908463,1,1,22002.0,2377,0.10803563312426143,0.05401781656213071,1.0,0.9999917364295752,0.5,0.5,0.171875,0.497925,8,8,['high_quality'],high_quality,High_Dice (>75%)
20160402_151049_1_361,0.8979199274147283,0.8147501708368412,0.837891105888892,0.967213780382216,23807,4606,807,201180,24614,28413,0.16210889381621088,0.032786219224831395,2,1,12307.0,4093,0.16628747867067523,0.08314373933533761,0.5,0.9999964750291004,0.375,0.625,0.25,0.49775,6,10,['high_quality'],high_quality,High_Dice (>75%)
20160402_151049_1_721,0.8522636215814644,0.7425604325235359,0.7595625972954418,0.9707375500708816,17018,5387,513,207482,17531,22405,0.2404374023655434,0.02926244937539216,1,1,17531.0,4794,0.2734584450402145,0.13672922252010725,1.0,0.9999944799071097,0.4375,0.5625,0.21875,0.49748749999999997,7,9,['high_quality'],high_quality,Medium_Dice (25-75%)
20160402_151049_641_361,0.823716671659935,0.7002706336256067,0.701932856215894,0.9966297496551287,2070,879,7,227444,2077,2949,0.2980671414038657,0.003370245546461242,1,1,2077.0,517,0.24891670678863745,0.12445835339431872,1.0,0.9999967264022109,0.3125,0.6875,0.1953125,0.498125,5,11,['boundary_margin_error'],boundary_margin_error,Medium_Dice (25-75%)
20160402_151049_641_721,0.9311230444862102,0.8711227608407333,0.8963409150192526,0.9687135636978444,39880,4612,1288,184620,41168,44492,0.10365908477928616,0.031286436066848035,1,1,41168.0,4241,0.10301690633501749,0.051508453167508746,1.0,0.9999907669149127,0.5625,0.4375,0.171875,0.4973375,9,7,['high_quality'],high_quality,High_Dice (>75%)
20160402_151054_1281_1081,0.9292621458919116,0.8678708260164911,0.9138378186191932,0.9452160948165627,15856,1495,919,212130,16775,17351,0.08616218085412944,0.054783904619970195,1,1,16775.0,2057,0.12262295081967213,0.061311475409836065,1.0,0.9999954578383675,0.4375,0.5625,0.1875,0.49777499999999997,7,9,['high_quality'],high_quality,High_Dice (>75%)
20160402_151054_1281_361,0.9427401145676335,0.8916824780333927,0.9194521426390801,0.9672384202963321,5639,494,191,224076,5830,6133,0.08054785586173162,0.032761578044596916,1,1,5830.0,732,0.12555746140651802,0.06277873070325901,1.0,0.9999953165815396,0.375,0.625,0.1640625,0.4989,6,10,['high_quality'],high_quality,High_Dice (>75%)
20160402_151054_1281_721,0.9499046186542685,0.9045888930936299,0.9310141640949542,0.9695775310432906,41081,3044,1289,184986,42370,44125,0.06898583569405099,0.030422468727873495,1,1,42370.0,4055,0.09570450790653764,0.04785225395326882,1.0,0.9999818317139708,0.4375,0.5625,0.1796875,0.49732499999999996,7,9,['high_quality'],high_quality,High_Dice (>75%)
20160402_151054_1921_361,0.852749183764515,0.743297953417607,0.7713620616752614,0.9533366072883751,13586,4027,665,212122,14251,17613,0.22863793788678816,0.046663392042663676,3,1,4750.333333333333,3394,0.23815872570345942,0.11907936285172971,0.3333333333333333,0.9999941301034834,0.3125,0.6875,0.21875,0.49815,5,11,['high_quality'],high_quality,Medium_Dice (25-75%)
20160402_151054_1_361,0.8852917254893446,0.7941914003266711,0.9306085857879397,0.844183419796072,56058,4180,10347,159815,66405,60238,0.06939141405757163,0.15581658007680144,1,1,66405.0,5533,0.08332203900308711,0.04166101950154356,1.0,0.9999843101794046,0.5,0.5,0.171875,0.49750000000000005,8,8,['high_quality'],high_quality,High_Dice (>75%)
20160402_151054_1_721,0.36225425855241344,0.2211907803418989,0.7454153101896946,0.23926592714935618,691,236,2197,227276,2888,927,0.2545846817691478,0.7607340720221607,1,4,2888.0,396,0.1371191135734072,0.0685595567867036,4.0,0.9999937206273626,0.375,0.625,0.15625,0.4986125,6,10,"['missed_crack_high_fn', 'thin_low_area_failure', 'fragmented_prediction']",missed_crack_high_fn,Low_Dice (<25%)
20160402_151054_641_361,0.9155349744354001,0.8442272944291122,0.9307441599395762,0.9008148594577983,10281,765,1132,218222,11413,11046,0.0692558392178164,0.09918513975291335,1,2,11413.0,1572,0.13773766757206693,0.06886883378603346,2.0,0.9999954388257675,0.4375,0.5625,0.15625,0.49877499999999997,7,9,['high_quality'],high_quality,High_Dice (>75%)
20160402_151054_641_721,0.9392028144035691,0.8853745345068054,0.9048819805279311,0.9762297636461537,21890,2301,533,205676,22423,24191,0.09511801909801165,0.023770235918476563,1,1,22423.0,2562,0.11425768184453464,0.05712884092226732,1.0,0.9999938182306871,0.4375,0.5625,0.21875,0.49794999999999995,7,9,['high_quality'],high_quality,High_Dice (>75%)
20160405_171348_1281_361,0.6196319003784052,0.448888887354226,0.448888887354226,0.9999999923838538,1313,1612,0,227475,1313,2925,0.5511111111111111,0.0,1,3,1313.0,228,0.17364813404417365,0.08682406702208682,3.0,0.9999907279300382,0.375,0.625,0.15625,0.498375,6,10,['over_segmentation'],over_segmentation,Low_Dice (<25%)
20160405_171348_1281_721,0.8812296226184582,0.7876769357095039,0.8294312794243053,0.939928569258055,35002,7198,2237,185963,37239,42200,0.17056872037914692,0.060071430489540535,2,2,18619.5,4149,0.11141545154273745,0.055707725771368725,1.0,0.9999831840956723,0.375,0.625,0.1953125,0.4979,6,10,['high_quality'],high_quality,High_Dice (>75%)
20160405_171348_1921_721,0.8422882149618895,0.727545686108881,0.8635489575510732,0.8220492041340307,33681,5322,7291,184106,40972,39003,0.13645104222752097,0.17795079566533242,4,3,10243.0,5734,0.13994923362296202,0.06997461681148101,0.75,0.9999820806457826,0.4375,0.5625,0.203125,0.49787499999999996,7,9,['boundary_margin_error'],boundary_margin_error,Medium_Dice (25-75%)
20160405_171348_1_721,0.7409572781153856,0.588508447915313,0.7576164980295257,0.7250149334363334,31557,10096,11969,176778,43526,41653,0.24238350178858667,0.27498506639709597,5,4,8705.2,8064,0.18526857510453523,0.09263428755226762,0.8,0.9999784331994863,0.3125,0.6875,0.171875,0.49746250000000003,5,11,"['complex_topology', 'boundary_margin_error']",complex_topology,Medium_Dice (25-75%)
20160405_171348_641_721,0.8418553886982462,0.7269000610830466,0.8201488567729535,0.8647421522240072,30854,6766,4826,187954,35680,37620,0.17985114300903773,0.1352578475336323,3,3,11893.333333333334,4812,0.13486547085201794,0.06743273542600897,1.0,0.9999819460767246,0.4375,0.5625,0.203125,0.4979125,7,9,['boundary_margin_error'],boundary_margin_error,Medium_Dice (25-75%)
20160407_163130_1281_721,0.9047232046790507,0.826022434277848,0.942057842131486,0.8702349745389089,18925,1164,2822,207489,21747,20089,0.057942157399571904,0.12976502506092794,2,1,10873.5,4406,0.2026026578378627,0.10130132891893134,0.5,0.9999902384297111,0.375,0.625,0.203125,0.4974,6,10,['high_quality'],high_quality,High_Dice (>75%)
20160407_163130_1921_721,0.899750084942704,0.8177688292717109,0.9628031356209791,0.8444479978439959,15841,612,2918,211029,18759,16453,0.03719686379383699,0.15555200170584785,1,1,18759.0,3963,0.2112585958739805,0.10562929793699025,1.0,0.9999902974234425,0.4375,0.5625,0.234375,0.4972,7,9,['high_quality'],high_quality,High_Dice (>75%)
20160407_163130_1_361,0.6532835346198513,0.4850935972149443,0.5393114066307517,0.8283346455077558,2099,1793,435,226073,2534,3892,0.460688591983556,0.17166535122336227,2,5,1267.0,693,0.27348066298342544,0.13674033149171272,2.5,0.9999939275443422,0.4375,0.5625,0.1796875,0.49763749999999995,7,9,['moderate_general_error'],moderate_general_error,Low_Dice (<25%)
20160407_163130_1_721,0.8671446399619329,0.7654504454415033,0.9075829378371716,0.830156171383229,14937,1521,3056,210886,17993,16458,0.0924170616113744,0.16984382815539376,4,2,4498.25,3803,0.21135997332295892,0.10567998666147946,0.5,0.9999916124166901,0.375,0.625,0.2421875,0.4971875,6,10,['high_quality'],high_quality,Medium_Dice (25-75%)
20160407_163130_641_721,0.8803664271155319,0.786298703822786,0.9402400968109154,0.8276616541000598,17779,1130,3702,207789,21481,18909,0.05975990269183987,0.17233834551464083,1,2,21481.0,3919,0.1824402960756017,0.09122014803780085,2.0,0.9999897614093761,0.375,0.625,0.203125,0.4971875,6,10,['high_quality'],high_quality,High_Dice (>75%)
20160407_163257_1281_1,0.8837993643343663,0.7917925649695787,0.8003977832075595,0.9866036240376468,11268,2810,153,216169,11421,14078,0.19960221622389543,0.013396375098502758,2,1,5710.5,2159,0.18903773750109448,0.09451886875054724,0.5,0.999996206582231,0.375,0.625,0.171875,0.4981,6,10,['high_quality'],high_quality,High_Dice (>75%)
20160407_163257_1281_361,0.894562516942257,0.8092384514299386,0.8459932127081746,0.9490483155570657,12964,2360,696,214380,13660,15324,0.15400678673975463,0.050951683748169836,1,1,13660.0,3222,0.23587115666178624,0.11793557833089312,1.0,0.9999961173346401,0.3125,0.6875,0.1796875,0.49803749999999997,5,11,['high_quality'],high_quality,High_Dice (>75%)
20160407_163257_1281_721,0.8806369591324522,0.7867304234468255,0.8309343423851839,0.9366638187636439,6581,1339,445,222035,7026,7920,0.16906565656565656,0.06333617990321662,1,1,7026.0,1974,0.28095644748078563,0.14047822374039282,1.0,0.9999938616385393,0.3125,0.6875,0.1953125,0.4977125,5,11,['high_quality'],high_quality,High_Dice (>75%)
20160407_163257_1921_1081,0.7716286729115431,0.6281721625174151,0.6610588227516955,0.9266160934587466,5619,2881,445,221455,6064,8500,0.33894117647058825,0.07338390501319261,3,1,2021.3333333333333,2190,0.3611477572559367,0.18057387862796834,0.3333333333333333,0.9999931066368262,0.3125,0.6875,0.171875,0.4976125,5,11,['boundary_margin_error'],boundary_margin_error,Medium_Dice (25-75%)
20160407_163257_1921_721,0.8675917889074937,0.7661475609316473,0.826494077628072,0.9129905675190286,6002,1260,572,222566,6574,7262,0.1735059212338199,0.08700943109218132,1,1,6574.0,2038,0.31000912686340126,0.15500456343170063,1.0,0.9999944931337592,0.3125,0.6875,0.1640625,0.49763749999999995,5,11,['high_quality'],high_quality,Medium_Dice (25-75%)
20160407_163257_1_1,0.882509739232106,0.7897247700625873,0.8221899588735463,0.9523809515379882,10760,2327,538,216775,11298,13087,0.1778100404982043,0.047619047619047616,1,1,11298.0,3246,0.2873074880509825,0.14365374402549125,1.0,0.9999962601113612,0.4375,0.5625,0.1875,0.497425,7,9,['high_quality'],high_quality,High_Dice (>75%)
20160407_163257_641_361,0.864597637615766,0.7614900816307933,0.7977025079840337,0.9437393814892182,9444,2395,563,217998,10007,11839,0.20229749134217417,0.056260617567702606,2,1,5003.5,3413,0.341061257120016,0.170530628560008,0.5,0.9999960765297399,0.375,0.625,0.1875,0.49755,6,10,['high_quality'],high_quality,Medium_Dice (25-75%)
20160407_165001_1281_1081,0.43558761620944536,0.27843529028709246,0.28174819170872684,0.9594809296623915,3623,9236,153,217388,3776,12859,0.7182518080721674,0.04051906779661017,2,1,1888.0,1841,0.4875529661016949,0.24377648305084745,0.5,0.99999726829636,0.25,0.75,0.1953125,0.49755,4,12,"['false_crack_high_fp', 'thin_low_area_failure', 'over_segmentation']",false_crack_high_fp,Low_Dice (<25%)
20160407_165001_1281_361,0.7748928140027808,0.6325102185830617,0.6745894292776414,0.9102336817806337,11296,5449,1114,212541,12410,16745,0.3254105703194984,0.08976631748589847,2,2,6205.0,2498,0.20128928283642225,0.10064464141821113,1.0,0.999997405627443,0.375,0.625,0.1875,0.4975375,6,10,['boundary_margin_error'],boundary_margin_error,Medium_Dice (25-75%)
20160407_165001_1281_721,0.8172426739131831,0.6909639499905289,0.8186265271521609,0.8158634899383771,4351,964,982,224103,5333,5315,0.18137347130761994,0.18413650853178323,1,1,5333.0,1172,0.21976373523345208,0.10988186761672604,1.0,0.9999964013642042,0.4375,0.5625,0.1484375,0.497525,7,9,['boundary_margin_error'],boundary_margin_error,Medium_Dice (25-75%)
20160407_165001_1921_361,0.6599999992666666,0.4925373126160244,0.5761396691054517,0.7724317275099305,2970,2185,875,224370,3845,5155,0.4238603297769156,0.22756827048114434,1,1,3845.0,1108,0.2881664499349805,0.14408322496749024,1.0,0.9999938307921983,0.3125,0.6875,0.1640625,0.4978125,5,11,['moderate_general_error'],moderate_general_error,Low_Dice (<25%)
20160407_165001_1921_721,0.64627341538149,0.4774032088345332,0.48065806989724463,0.986013984515029,6486,7008,92,216814,6578,13494,0.519341929746554,0.013986013986013986,2,2,3289.0,2875,0.4370629370629371,0.21853146853146854,1.0,0.9999919519916823,0.25,0.75,0.21875,0.49752499999999994,4,12,['over_segmentation'],over_segmentation,Low_Dice (<25%)
20160407_165001_1_1081,0.5989517435397147,0.4275025794278863,0.5043372386176576,0.7372636246112044,3314,3257,1181,222648,4495,6571,0.49566276061482273,0.2627363737486096,2,2,2247.5,2332,0.5187986651835372,0.2593993325917686,1.0,0.9999940075891788,0.25,0.75,0.2109375,0.49765,4,12,['moderate_general_error'],moderate_general_error,Low_Dice (<25%)
20160407_165001_1_721,0.8670376163951087,0.7652836748527735,0.8924352697217306,0.843045536044271,14959,1803,2785,210853,17744,16762,0.10756472974585371,0.15695446348061318,1,1,17744.0,3895,0.2195108205590622,0.1097554102795311,1.0,0.9999934429012406,0.25,0.75,0.203125,0.49701249999999997,4,12,['high_quality'],high_quality,Medium_Dice (25-75%)
20160407_165001_641_1081,0.4194716655097234,0.265399649190727,0.27169863354257123,0.919663704251921,1969,5278,172,222981,2141,7247,0.7283013660825169,0.08033629145259225,2,4,1070.5,1225,0.572162540868753,0.2860812704343765,2.0,0.9999948326326389,0.375,0.625,0.171875,0.49770000000000003,6,10,"['false_crack_high_fp', 'thin_low_area_failure', 'over_segmentation']",false_crack_high_fp,Low_Dice (<25%)
20160407_165001_641_361,0.8786456893063926,0.7835575972084249,0.84121204953831,0.9195660541022173,14325,2704,1253,212118,15578,17029,0.15878794996770215,0.08043394530748492,1,1,15578.0,3166,0.2032353318782899,0.10161766593914495,1.0,0.9999947576539736,0.3125,0.6875,0.1640625,0.49736249999999993,5,11,['high_quality'],high_quality,High_Dice (>75%)
20160407_165001_641_721,0.5066147850065861,0.33923918619270665,0.34896810413034546,0.9240596101912022,1302,2429,107,226562,1409,3731,0.651031894934334,0.07594038325053229,2,4,704.5,474,0.33640880056777855,0.16820440028388928,2.0,0.9999956823317528,0.25,0.75,0.21875,0.49773749999999994,4,12,"['false_crack_high_fp', 'thin_low_area_failure', 'over_segmentation']",false_crack_high_fp,Low_Dice (<25%)
IMG_2931_1297_485,0.816630823201963,0.6900896518291989,0.7502634332184841,0.895879204479776,2848,948,331,309505,3179,3796,0.24973656480505796,0.10412079270210758,8,3,397.375,1061,0.33375275243787356,0.16687637621893678,0.375,0.9999909000915622,0.5,0.5,0.1640625,0.49829999999999997,8,8,"['complex_topology', 'boundary_margin_error']",complex_topology,Medium_Dice (25-75%)
IMG_2931_1297_969,0.9000870968022533,0.818325791238065,0.8352705712914552,0.9758093516404592,10851,2140,269,300372,11120,12991,0.16472942806558385,0.02419064748201439,1,1,11120.0,2558,0.23003597122302158,0.11501798561151079,1.0,0.9999874595136833,0.5,0.5,0.1640625,0.49817500000000003,8,8,['high_quality'],high_quality,High_Dice (>75%)
IMG_2931_1945_485,0.874879999300096,0.7775881672673661,0.8127229476624214,0.9473319456906931,5468,1260,304,306600,5772,6728,0.1872770511296076,0.05266805266805267,2,1,2886.0,1530,0.26507276507276506,0.13253638253638253,0.5,0.9999857000051513,0.4375,0.5625,0.1640625,0.4979625,7,9,['high_quality'],high_quality,High_Dice (>75%)
IMG_2931_1945_969,0.8370397820379047,0.7197492821419853,0.7368936254765134,0.9686874449975873,6775,2419,219,304219,6994,9194,0.2631063737219926,0.03131255361738633,1,1,6994.0,1920,0.2745210180154418,0.1372605090077209,1.0,0.9999842216989354,0.4375,0.5625,0.171875,0.49793750000000003,7,9,['boundary_margin_error'],boundary_margin_error,Medium_Dice (25-75%)
IMG_2931_1_485,0.8945321673249296,0.8091887804281855,0.8730894635861578,0.9170546364226175,17137,2491,1550,292454,18687,19628,0.12691053596902385,0.08294536308663777,1,1,18687.0,3905,0.20896880184085193,0.10448440092042596,1.0,0.9999743471233489,0.4375,0.5625,0.15625,0.49772500000000003,7,9,['high_quality'],high_quality,High_Dice (>75%)
IMG_2931_649_485,0.891358024376946,0.80400890817435,0.83764253458125,0.952434795000426,12635,2449,631,297917,13266,15084,0.16235746486343144,0.04756520428162219,2,3,6633.0,3277,0.2470224634403739,0.12351123172018695,1.5,0.9999847420995556,0.375,0.625,0.171875,0.4979125,6,10,['high_quality'],high_quality,High_Dice (>75%)
IMG_2931_649_969,0.5283018858694936,0.35897435812209316,0.3599999991428572,0.9921259777419555,1512,2688,12,309420,1524,4200,0.64,0.007874015748031496,1,3,1524.0,436,0.28608923884514437,0.14304461942257218,3.0,0.9999869410822853,0.4375,0.5625,0.1640625,0.49821249999999995,7,9,"['thin_low_area_failure', 'over_segmentation']",thin_low_area_failure,Low_Dice (<25%)
IMG_2941_1297_485,0.8906075445172263,0.8027885353967557,0.8322492565387865,0.9577673034305819,10364,2089,457,300722,10821,12453,0.1677507427929013,0.042232695684317534,1,1,10821.0,2685,0.24812863875797062,0.12406431937898531,1.0,0.9999893648145783,0.25,0.75,0.1796875,0.49784999999999996,4,12,['high_quality'],high_quality,High_Dice (>75%)
IMG_2941_1297_969,0.8023608485922118,0.6699520866941108,0.6905601796379848,0.9573552406937496,4894,2193,218,306327,5112,7087,0.3094398193876111,0.042644757433489826,2,2,2556.0,2222,0.43466353677621283,0.21733176838810642,1.0,0.9999886798551194,0.3125,0.6875,0.171875,0.49807500000000005,5,11,['boundary_margin_error'],boundary_margin_error,Medium_Dice (25-75%)
IMG_2941_1945_485,0.8962195682205517,0.8119545721387003,0.8395031204254971,0.9611547435355872,13584,2597,549,296902,14133,16181,0.16049687905568258,0.03884525578433454,1,1,14133.0,3879,0.2744640203778391,0.13723201018891956,1.0,0.9999907491664852,0.1875,0.8125,0.1875,0.4974625,3,13,['high_quality'],high_quality,High_Dice (>75%)
IMG_2941_1_485,0.7796257788890325,0.6388415663019335,0.7334637255806122,0.8319887034449603,4125,1499,833,307175,4958,5624,0.2665362731152205,0.1680112948769665,3,5,1652.6666666666667,1490,0.30052440500201694,0.15026220250100847,1.6666666666666667,0.9999847544591338,0.25,0.75,0.171875,0.49822500000000003,4,12,['boundary_margin_error'],boundary_margin_error,Medium_Dice (25-75%)
IMG_2941_1_969,0.8810576579054397,0.7874021964851007,0.8109230011306178,0.964472409521324,9963,2323,367,300979,10330,12286,0.18907699820934395,0.03552758954501452,3,3,3443.3333333333335,2424,0.2346563407550823,0.11732817037754115,1.0,0.9999850925180036,0.25,0.75,0.171875,0.49811249999999996,4,12,['high_quality'],high_quality,High_Dice (>75%)
IMG_2941_649_969,0.8950226914310607,0.8099919197347213,0.843914415402375,0.9527203603763995,12030,2225,597,298780,12627,14255,0.15608558400561207,0.04727963886909004,1,1,12627.0,3828,0.30315989546210503,0.15157994773105252,1.0,0.9999888319748114,0.3125,0.6875,0.1796875,0.49755,5,11,['high_quality'],high_quality,High_Dice (>75%)
IMG_2942_1297_485,0.5565534129519856,0.385572571888642,0.4012133281408789,0.9081779034470632,4431,6613,448,302140,4879,11044,0.5987866714958349,0.09182209469153516,3,1,1626.3333333333333,2380,0.4878048780487805,0.24390243902439024,0.3333333333333333,0.9999831853313595,0.25,0.75,0.171875,0.4965125,4,12,['over_segmentation'],over_segmentation,Low_Dice (<25%)
IMG_2942_1945_485,0.5251798556653136,0.35609756056202374,0.35884831418674124,0.9789271999395682,3066,5478,66,305022,3132,8544,0.6411516853932584,0.0210727969348659,3,1,1044.0,1994,0.6366538952745849,0.31832694763729247,0.3333333333333333,0.9999799765168538,0.25,0.75,0.1875,0.4966,4,12,"['thin_low_area_failure', 'over_segmentation']",thin_low_area_failure,Low_Dice (<25%)
IMG_2942_1_485,0.6628882985415824,0.4957613472521072,0.5271565489192646,0.8927536214632781,4620,4144,555,304313,5175,8764,0.4728434504792332,0.1072463768115942,5,2,1035.0,3132,0.6052173913043478,0.3026086956521739,0.4,0.9999777167376934,0.3125,0.6875,0.1953125,0.4958875,5,11,['complex_topology'],complex_topology,Low_Dice (<25%)
IMG_2942_649_485,0.3336961589692924,0.20026129133980844,0.20337376781333039,0.9290043249826652,2146,8406,164,302916,2310,10552,0.7966262319939348,0.070995670995671,3,1,770.0,1534,0.664069264069264,0.332034632034632,0.3333333333333333,0.9999783589053124,0.25,0.75,0.1875,0.496425,4,12,"['false_crack_high_fp', 'thin_low_area_failure', 'over_segmentation']",false_crack_high_fp,Low_Dice (<25%)
