case_name,dice,iou,precision,recall,tp,fp,fn,tn,gt_area,pred_area,fp_area_ratio,fn_area_ratio,num_gt_cc,num_pred_cc,mean_component_size,perimeter,boundary_to_area_ratio,thinness_score,fragmentation_ratio,mean_routing_entropy,cnn_expert_fraction,vit_expert_fraction,expert_hhi_concentration,mean_gs,cnn_expert_selections,vit_expert_selections,error_taxonomy,primary_error_category,performance_tier
20160222_080850_1281_361,0.8893259963425725,0.8007083927543452,0.9085313115386218,0.8709158290886005,17859,1798,2647,208096,20506,19657,0.09146868799918605,0.12908417048668683,1,1,20506.0,3739,0.18233687701160636,0.09116843850580318,1.0,0.999995483553817,0.5625,0.4375,0.1875,0.5011375,9,7,['high_quality'],high_quality,High_Dice (>75%)
20160222_080850_1281_721,0.6883449019211821,0.5247910848891613,0.538285712747755,0.9544072899979368,1884,1616,90,226810,1974,3500,0.4617142857142857,0.04559270516717325,2,3,987.0,936,0.47416413373860183,0.23708206686930092,1.5,0.9999933818317857,0.75,0.25,0.1953125,0.5019125,12,4,['moderate_general_error'],moderate_general_error,Low_Dice (<25%)
20160222_080850_1921_1,0.449094755586422,0.2895694351438161,0.3003144644644199,0.8900279506987143,955,2225,118,227102,1073,3180,0.699685534591195,0.10997204100652376,1,8,1073.0,330,0.30754892823858343,0.15377446411929171,8.0,0.9999955467977735,0.6875,0.3125,0.15625,0.5014624999999999,11,5,"['false_crack_high_fp', 'thin_low_area_failure', 'over_segmentation', 'fragmented_prediction']",false_crack_high_fp,Low_Dice (<25%)
20160222_080850_1921_361,0.8901796728894634,0.8020935021140615,0.8997383945368751,0.8808219172836081,14789,1648,2001,211962,16790,16437,0.10026160491573888,0.11917808219178082,1,1,16790.0,2880,0.17153067301965455,0.08576533650982728,1.0,0.9999965359212437,0.5,0.5,0.1484375,0.5010625,8,8,['high_quality'],high_quality,High_Dice (>75%)
20160222_080850_1_361,0.8406752570491108,0.7251421675942987,0.8036669210070028,0.8812565441335051,21040,5140,2835,201385,23875,26180,0.19633307868601987,0.1187434554973822,1,1,23875.0,3950,0.16544502617801046,0.08272251308900523,1.0,0.9999968320937743,0.5625,0.4375,0.1484375,0.5014375,9,7,['boundary_margin_error'],boundary_margin_error,Medium_Dice (25-75%)
20160222_080850_641_361,0.7815719034305101,0.6414591928986557,0.6990037717869215,0.8862591201874676,14454,6224,1855,207867,16309,20678,0.30099622787503627,0.11374087926911522,4,1,4077.25,4122,0.25274388374517137,0.12637194187258569,0.25,0.9999965988114898,0.5,0.5,0.1484375,0.5008625,8,8,['boundary_margin_error'],boundary_margin_error,Medium_Dice (25-75%)
20160222_080850_641_721,0.6783496378746494,0.5132595256008503,0.5248815158966805,0.9586439024798176,3987,3609,172,222632,4159,7596,0.47511848341232227,0.04135609521519596,1,1,4159.0,1886,0.45347439288290453,0.22673719644145227,1.0,0.9999936794361945,0.6875,0.3125,0.1796875,0.5015000000000001,11,5,['moderate_general_error'],moderate_general_error,Low_Dice (<25%)
20160222_115224_1281_1,0.5114227398041854,0.343564794034883,0.3546384218821782,0.9166863325072308,3884,7068,353,219095,4237,10952,0.6453615777940103,0.08331366532924239,10,4,423.7,4075,0.9617654000472032,0.4808827000236016,0.4,0.9999969992118737,0.6875,0.3125,0.1953125,0.501625,11,5,"['thin_low_area_failure', 'over_segmentation', 'complex_topology']",thin_low_area_failure,Low_Dice (<25%)
20160222_115224_1281_1081,0.846680355196201,0.734124627990913,0.7856462356531498,0.9179962877217138,4948,1350,442,223660,5390,6298,0.21435376309939663,0.08200371057513915,1,1,5390.0,2275,0.42207792207792205,0.21103896103896103,1.0,0.9999980015982295,0.8125,0.1875,0.21875,0.5021,13,3,['boundary_margin_error'],boundary_margin_error,Medium_Dice (25-75%)
20160222_115224_1281_361,0.3534800576991621,0.21468313174829268,0.2225348147101775,0.8588490724275295,1582,5527,260,223031,1842,7109,0.77746518497679,0.14115092290988057,6,3,307.0,1801,0.9777415852334419,0.48887079261672095,0.5,0.9999886185035767,0.6875,0.3125,0.2265625,0.501525,11,5,"['false_crack_high_fp', 'thin_low_area_failure', 'over_segmentation', 'complex_topology']",false_crack_high_fp,Low_Dice (<25%)
20160222_115224_1281_721,0.7545143207078812,0.6057992743334593,0.6628829312597334,0.8755419059329085,4847,2465,689,222399,5536,7312,0.33711706783369805,0.12445809248554913,4,3,1384.0,2724,0.4920520231213873,0.24602601156069365,0.75,0.9999971218149682,0.75,0.25,0.1953125,0.5016375,12,4,['boundary_margin_error'],boundary_margin_error,Medium_Dice (25-75%)
20160222_115224_1921_1081,0.6799887399944026,0.51513859055378,0.5352237459671079,0.9320987582399788,1208,1049,88,228055,1296,2257,0.46477625166149755,0.06790123456790123,1,7,1296.0,552,0.42592592592592593,0.21296296296296297,7.0,0.9999963696693996,0.75,0.25,0.234375,0.5024124999999999,12,4,['fragmented_prediction'],fragmented_prediction,Low_Dice (<25%)
20160222_115224_641_1,0.6940363004029623,0.5314361345702878,0.6021182860604384,0.8190743327565035,6424,4245,1419,218312,7843,10669,0.3978817133751992,0.18092566619915848,4,4,1960.75,4660,0.5941603978069616,0.2970801989034808,1.0,0.9999964037461135,0.8125,0.1875,0.203125,0.5019125,13,3,['boundary_margin_error'],boundary_margin_error,Medium_Dice (25-75%)
20160222_115224_641_1081,0.07077993713758811,0.03668836878700654,0.04140190623371534,0.24371712306418983,417,9655,1294,219034,1711,10072,0.9585980937251787,0.7562828755113968,1,9,1711.0,1669,0.9754529514903565,0.48772647574517825,9.0,0.9999918105625126,0.6875,0.3125,0.21875,0.50125,11,5,"['missed_crack_high_fn', 'false_crack_high_fp', 'thin_low_area_failure', 'over_segmentation', 'fragmented_prediction']",missed_crack_high_fn,Low_Dice (<25%)
20160222_115224_641_361,0.7874802725046288,0.6494576992419573,0.6632698257348919,0.968932035699249,2994,1520,96,225790,3090,4514,0.3367301727957466,0.031067961165048542,2,1,1545.0,1649,0.5336569579288026,0.2668284789644013,0.5,0.9999963791994234,0.75,0.25,0.1953125,0.5021125,12,4,['boundary_margin_error'],boundary_margin_error,Medium_Dice (25-75%)
20160222_115224_641_721,0.5802110405563373,0.40866005943847467,0.7868104488311469,0.45954457253017306,1897,514,2231,225758,4128,2411,0.21318954790543343,0.5404554263565892,5,2,825.6,2219,0.5375484496124031,0.26877422480620156,0.4,0.9999950338604207,0.6875,0.3125,0.2109375,0.501825,11,5,['complex_topology'],complex_topology,Low_Dice (<25%)
20160222_115837_1281_1,0.7111306767105946,0.5517476937814555,0.5748517193655377,0.932102325577799,4846,3584,353,221617,5199,8430,0.4251482799525504,0.0678976726293518,1,2,5199.0,2135,0.41065589536449315,0.20532794768224658,2.0,0.9999973450117026,0.5,0.5,0.1796875,0.500925,8,8,['moderate_general_error'],moderate_general_error,Medium_Dice (25-75%)
20160222_115837_1281_1081,0.67062079785077,0.504461628981833,0.5063694257436915,0.9925868084565477,2544,2480,19,225357,2563,5024,0.49363057324840764,0.0074131876706984,4,2,640.75,1867,0.7284432305891534,0.3642216152945767,0.5,0.9999957191868265,0.6875,0.3125,0.2265625,0.5013,11,5,['moderate_general_error'],moderate_general_error,Low_Dice (<25%)
20160222_115837_1281_361,0.7552200061870709,0.6067096273565019,0.6333597138239816,0.9351446072592912,3201,1853,222,225124,3423,5054,0.3666402849228334,0.06485539000876424,4,5,855.75,2052,0.5994741454864154,0.2997370727432077,1.25,0.9999970239776479,0.625,0.375,0.2421875,0.5011375,10,6,['boundary_margin_error'],boundary_margin_error,Medium_Dice (25-75%)
20160222_115837_1281_721,0.7344415431591681,0.5803300030822188,0.5824798418337768,0.9936802937037906,2673,1916,17,225794,2690,4589,0.41752015689692745,0.006319702602230483,1,1,2690.0,2008,0.7464684014869889,0.37323420074349445,1.0,0.9999956588798224,0.6875,0.3125,0.2265625,0.501425,11,5,['moderate_general_error'],moderate_general_error,Medium_Dice (25-75%)
20160222_164851_1281_1081,0.8580101685831296,0.7513290792778721,0.8205835377840274,0.8990139934812119,5653,1236,635,222876,6288,6889,0.17941646102482217,0.10098600508905853,2,2,3144.0,1152,0.183206106870229,0.0916030534351145,1.0,0.9999982988036572,0.625,0.375,0.171875,0.50125,10,6,['high_quality'],high_quality,Medium_Dice (25-75%)
20160222_164851_641_1,0.8343442712450196,0.7157724623686021,0.7470147738332222,0.9447952210368642,11073,3750,647,214930,11720,14823,0.2529852256628213,0.055204778156996585,2,2,5860.0,2308,0.1969283276450512,0.0984641638225256,1.0,0.9999972203125865,0.6875,0.3125,0.15625,0.5021625000000001,11,5,['boundary_margin_error'],boundary_margin_error,Medium_Dice (25-75%)
20160222_164851_641_1081,0.6835215457702559,0.5192045062144038,0.5311735936682033,0.9584055444171963,6083,5369,264,218684,6347,11452,0.46882640586797064,0.0415944540727903,3,3,2115.6666666666665,2372,0.3737198676540098,0.1868599338270049,1.0,0.9999987703384489,0.75,0.25,0.1875,0.501425,12,4,['moderate_general_error'],moderate_general_error,Low_Dice (<25%)
20160222_164851_641_361,0.7980779571850404,0.6640014316701466,0.6853060717543379,0.9552751300924757,11128,5110,521,213641,11649,16238,0.3146939278236236,0.04472486908747532,7,3,1664.142857142857,3669,0.31496265773886173,0.15748132886943086,0.42857142857142855,0.9999970411047747,0.5625,0.4375,0.15625,0.5017,9,7,"['complex_topology', 'boundary_margin_error']",complex_topology,Medium_Dice (25-75%)
20160222_164851_641_721,0.8308147683319774,0.7105929375678928,0.7251835730723528,0.9724653528697434,10666,4042,302,215390,10968,14708,0.2748164264345934,0.027534646243617796,3,3,3656.0,2773,0.25282640408460977,0.12641320204230488,1.0,0.9999986705138937,0.5625,0.4375,0.171875,0.5014500000000001,9,7,['boundary_margin_error'],boundary_margin_error,Medium_Dice (25-75%)
20160222_165225_1281_361,0.8091183440347498,0.6794280019192434,0.6938718914004327,0.9702727142687441,7507,3312,230,219351,7737,10819,0.30612810795822165,0.02972728447718754,1,1,7737.0,3094,0.39989660074964456,0.19994830037482228,1.0,0.999998897098922,0.625,0.375,0.1875,0.501675,10,6,['boundary_margin_error'],boundary_margin_error,Medium_Dice (25-75%)
20160222_165225_1281_721,0.7459599200195218,0.5948453577585291,0.6910179599340242,0.8103932527360025,1154,516,270,228460,1424,1670,0.3089820359281437,0.1896067415730337,1,1,1424.0,650,0.45646067415730335,0.22823033707865167,1.0,0.9999896433109421,0.6875,0.3125,0.1796875,0.5025124999999999,11,5,['boundary_margin_error'],boundary_margin_error,Medium_Dice (25-75%)
20160222_165225_1921_721,0.6860170204102931,0.522089731043931,0.5407854980088986,0.9378948976145864,6086,5168,403,218743,6489,11254,0.459214501510574,0.06210510094005239,2,1,3244.5,3365,0.5185698875019263,0.25928494375096317,0.5,0.9999944578962844,0.625,0.375,0.171875,0.50215,10,6,['moderate_general_error'],moderate_general_error,Low_Dice (<25%)
20160222_165225_1_361,0.7903957011303545,0.65343327720393,0.6844707244237391,0.935107931485753,7061,3255,490,219594,7551,10316,0.3155292749127569,0.0648920672758575,1,1,7551.0,3404,0.4508012183816713,0.22540060919083565,1.0,0.9999970630256374,0.625,0.375,0.1875,0.501575,10,6,['boundary_margin_error'],boundary_margin_error,Medium_Dice (25-75%)
20160222_165225_641_361,0.7993112254628055,0.6657105841360931,0.7390098595531945,0.8703278083097523,7195,2541,1072,219592,8267,9736,0.2609901396877568,0.1296721906374743,4,5,2066.75,4037,0.4883270835853393,0.24416354179266966,1.25,0.9999986051505146,0.625,0.375,0.1875,0.5017624999999999,10,6,['boundary_margin_error'],boundary_margin_error,Medium_Dice (25-75%)
20160222_165402_1281_1,0.9107754922285907,0.8361687473338886,0.848010371149885,0.9835743192786879,8503,1524,142,220231,8645,10027,0.15198962800438814,0.01642567958357432,1,1,8645.0,2045,0.23655292076344708,0.11827646038172354,1.0,0.9999970823057224,0.6875,0.3125,0.1875,0.5017875,11,5,['high_quality'],high_quality,High_Dice (>75%)
20160222_165402_1281_361,0.8548506172885512,0.7464970336572707,0.7526434384185791,0.9891787208233527,8684,2854,95,218767,8779,11538,0.24735656092910382,0.010821278049891787,2,1,4389.5,2052,0.2337396058776626,0.1168698029388313,0.5,0.999993796513887,0.6875,0.3125,0.1875,0.5020125,11,5,['high_quality'],high_quality,Medium_Dice (25-75%)
20160222_165402_641_1081,0.9198624118413853,0.8516159625641195,0.8917346570473681,0.9498224129450447,12569,1526,664,215641,13233,14095,0.10826534231997162,0.05017758633718734,1,1,13233.0,1717,0.12975137912793774,0.06487568956396887,1.0,0.9999941973146529,0.625,0.375,0.171875,0.5020625000000001,10,6,['high_quality'],high_quality,High_Dice (>75%)
20160222_165402_641_721,0.8836958647444171,0.791626436591217,0.7941357745935231,0.9960242948691063,9019,2338,36,219007,9055,11357,0.205864224707229,0.0039757040309221425,1,1,9055.0,1678,0.1853119823302043,0.09265599116510215,1.0,0.9999937868775541,0.6875,0.3125,0.1796875,0.50225,11,5,['high_quality'],high_quality,High_Dice (>75%)
20160222_165926_1281_361,0.47075708562835117,0.3078366956643907,0.3078366956643907,0.9999999923780488,1312,2950,0,226138,1312,4262,0.6921633036133271,0.0,2,3,656.0,1592,1.2134146341463414,0.6067073170731707,1.5,0.9999974232518123,0.5625,0.4375,0.171875,0.5015375,9,7,"['false_crack_high_fp', 'thin_low_area_failure', 'over_segmentation']",false_crack_high_fp,Low_Dice (<25%)
20160222_165926_1281_721,0.6839393708027034,0.519686825689678,0.5264972979348232,0.975713674955872,4580,4119,114,221587,4694,8699,0.47350270145993795,0.024286322965487855,1,1,4694.0,3164,0.674051981252663,0.3370259906263315,1.0,0.9999986307114013,0.75,0.25,0.2265625,0.5014624999999999,12,4,['moderate_general_error'],moderate_general_error,Low_Dice (<25%)
20160222_165926_1921_721,0.7161153447661543,0.5577723371385895,0.5811017590141523,0.9328556787454336,4557,3285,328,222230,4885,7842,0.4188982402448355,0.06714431934493346,4,1,1221.25,3742,0.7660184237461617,0.38300921187308085,0.25,0.9999986052908986,0.6875,0.3125,0.1875,0.5017375000000001,11,5,['moderate_general_error'],moderate_general_error,Medium_Dice (25-75%)
20160222_165926_1_1081,0.5844855856937297,0.4129139059175036,0.4251619487720356,0.9347826016882863,1247,1686,87,227380,1334,2933,0.5748380497783839,0.06521739130434782,4,3,333.5,1166,0.8740629685157422,0.4370314842578711,0.75,0.9999977772375815,0.625,0.375,0.171875,0.5009,10,6,['over_segmentation'],over_segmentation,Low_Dice (<25%)
20160222_165926_1_721,0.5728697139162162,0.40141374582431383,0.4076053750647444,0.9635379026587079,2669,3879,101,223751,2770,6548,0.5923946243127672,0.03646209386281588,5,4,554.0,2358,0.8512635379061372,0.4256317689530686,0.8,0.9999968650146032,0.625,0.375,0.171875,0.5011875,10,6,"['over_segmentation', 'complex_topology']",over_segmentation,Low_Dice (<25%)
20160222_165926_641_1,0.7084203192897004,0.548491378325267,0.5551717859386079,0.9785325184923661,3054,2447,67,224832,3121,5501,0.44482821305217235,0.021467478372316565,1,3,3121.0,1933,0.619352771547581,0.3096763857737905,3.0,0.9999969778211375,0.625,0.375,0.1796875,0.5011375,10,6,['moderate_general_error'],moderate_general_error,Medium_Dice (25-75%)
20160222_165926_641_361,0.5994332057075802,0.42799330110522843,0.42979260029457317,0.9903132031310519,3067,4069,30,223234,3097,7136,0.570207399103139,0.009686793671294802,2,3,1548.5,2230,0.7200516628995802,0.3600258314497901,1.5,0.9999974731762271,0.5625,0.4375,0.1953125,0.5013375,9,7,['over_segmentation'],over_segmentation,Low_Dice (<25%)
20160222_165926_641_721,0.7183764608443607,0.5605206512652243,0.5711749341293212,0.9677933092058162,5469,4106,182,220643,5651,9575,0.42882506527415143,0.032206689081578484,2,2,2825.5,4142,0.7329676163510883,0.36648380817554416,1.0,0.9999991863502725,0.6875,0.3125,0.1875,0.5011125000000001,11,5,['moderate_general_error'],moderate_general_error,Medium_Dice (25-75%)
20160302_155857_1281_1,0.6427126207753349,0.47352729467099075,0.5216308034862619,0.8369979995693295,4606,4224,897,220673,5503,8830,0.4783691959229898,0.1630019989096856,2,1,2751.5,1899,0.3450844993639833,0.17254224968199164,0.5,0.999996552946085,0.75,0.25,0.1875,0.501625,12,4,['moderate_general_error'],moderate_general_error,Low_Dice (<25%)
20160302_155857_1281_361,0.7666201263201482,0.6215604313640192,0.6671028031148573,0.901035091011064,7138,3562,784,218916,7922,10700,0.33289719626168224,0.09896490785155264,1,3,7922.0,2828,0.35698056046452914,0.17849028023226457,3.0,0.9999966831456659,0.625,0.375,0.1875,0.5015375,10,6,['boundary_margin_error'],boundary_margin_error,Medium_Dice (25-75%)
20160302_155857_1281_721,0.3421422542280823,0.20637612310263503,0.20637612310263503,0.9999999917830732,1217,4680,0,224503,1217,5897,0.793623876547397,0.0,1,2,1217.0,430,0.3533278553820871,0.17666392769104355,2.0,0.9999969806435296,0.6875,0.3125,0.1640625,0.5016375000000001,11,5,"['false_crack_high_fp', 'thin_low_area_failure', 'over_segmentation']",false_crack_high_fp,Low_Dice (<25%)
20160302_155857_1_721,0.8747037607226419,0.7773097698116886,0.8373033482086584,0.9156015742244504,16978,3299,1565,208558,18543,20277,0.16269665137840902,0.08439842528177749,1,1,18543.0,3212,0.17321900447608263,0.08660950223804131,1.0,0.9999940298423579,0.5625,0.4375,0.1640625,0.500775,9,7,['high_quality'],high_quality,High_Dice (>75%)
20160302_155857_641_721,0.700334554500451,0.5388575628640071,0.5528169011303739,0.9552368527116586,10990,8890,515,210005,11505,19880,0.4471830985915493,0.04476314645806171,3,3,3835.0,3366,0.2925684485006519,0.14628422425032594,1.0,0.9999944799388751,0.5625,0.4375,0.1640625,0.5008875,9,7,['moderate_general_error'],moderate_general_error,Medium_Dice (25-75%)
20160307_144202_1281_361,0.6136843812700122,0.4426729187630536,0.46621121041549823,0.8976228194966358,5664,6485,646,217605,6310,12149,0.5337887892007572,0.10237717908082408,10,2,631.0,3310,0.5245641838351822,0.2622820919175911,0.2,0.9999982373247879,0.6875,0.3125,0.1875,0.501625,11,5,['complex_topology'],complex_topology,Low_Dice (<25%)
20160307_144202_1281_721,0.5403275238284198,0.3701703859249216,0.37298996448677313,0.9799872904066477,3085,5186,63,222066,3148,8271,0.6270100350622657,0.020012706480304957,5,1,629.6,1470,0.4669631512071156,0.2334815756035578,0.2,0.9999957820368868,0.5625,0.4375,0.140625,0.5009999999999999,9,7,"['thin_low_area_failure', 'over_segmentation', 'complex_topology']",thin_low_area_failure,Low_Dice (<25%)
20160307_144202_1921_361,0.6164577596770296,0.4455648275206441,0.45080717646452445,0.9745648124264282,11533,14050,301,204516,11834,25583,0.549192823359262,0.025435186750042253,5,1,2366.8,4983,0.42107486902146357,0.21053743451073179,0.2,0.9999960764845639,0.375,0.625,0.1875,0.5006875,6,10,"['over_segmentation', 'complex_topology']",over_segmentation,Low_Dice (<25%)
20160307_144202_1_361,0.7761281550294191,0.6341580274265363,0.6606016603926668,0.9406254031912228,14559,7480,919,207442,15478,22039,0.3393983393075911,0.05937459620105957,7,2,2211.1428571428573,4184,0.2703191626825171,0.13515958134125855,0.2857142857142857,0.9999969824429213,0.625,0.375,0.1484375,0.5013875,10,6,"['complex_topology', 'boundary_margin_error']",complex_topology,Medium_Dice (25-75%)
20160307_144202_641_361,0.6853227456822096,0.5212859227855402,0.5292255956239612,0.9720254305431195,10702,9520,308,209870,11010,20222,0.4707744041143309,0.027974568574023615,10,2,1101.0,4281,0.3888283378746594,0.1944141689373297,0.2,0.9999978855129615,0.5625,0.4375,0.1484375,0.5012125000000001,9,7,['complex_topology'],complex_topology,Low_Dice (<25%)
20160307_145059_1281_361,0.8969844291120871,0.8132110305478522,0.8392549785841806,0.963242556114546,13653,2615,521,213611,14174,16268,0.16074502089992623,0.036757443205869905,4,2,3543.5,3270,0.23070410610977846,0.11535205305488923,0.5,0.999995400941357,0.5625,0.4375,0.171875,0.5014125,9,7,['high_quality'],high_quality,High_Dice (>75%)
20160307_145059_1281_721,0.7547249272152015,0.6060708543112616,0.6192121625611505,0.9661679458604018,7168,4408,251,218573,7419,11576,0.3807878369039392,0.03383205283730961,3,2,2473.0,3748,0.5051893786224558,0.2525946893112279,0.6666666666666666,0.9999913095433983,0.625,0.375,0.2578125,0.5009625,10,6,['boundary_margin_error'],boundary_margin_error,Medium_Dice (25-75%)
20160307_145059_1921_1081,0.6929346077822405,0.5301453254810042,0.5313976372722464,0.9955744034748767,5399,4761,24,220216,5423,10160,0.4686023622047244,0.0044255946892863725,3,1,1807.6666666666667,2182,0.4023603171676194,0.2011801585838097,0.3333333333333333,0.9999879461878678,0.5625,0.4375,0.234375,0.5004,9,7,['moderate_general_error'],moderate_general_error,Medium_Dice (25-75%)
20160307_145059_1921_361,0.8654515510066052,0.7628158601551653,0.8427113696481696,0.8894530341645873,11562,2158,1437,215243,12999,13720,0.15728862973760932,0.11054696515116548,1,1,12999.0,3074,0.23647972920993923,0.11823986460496962,1.0,0.9999928517260518,0.5,0.5,0.15625,0.5011125000000001,8,8,['high_quality'],high_quality,Medium_Dice (25-75%)
20160307_145059_1921_721,0.8137092308699934,0.6859273055515265,0.736613843642012,0.9088289752853901,4416,1579,443,223962,4859,5995,0.2633861551292744,0.09117102284420663,3,3,1619.6666666666667,1757,0.3615970364272484,0.1807985182136242,1.0,0.9999865609953985,0.5625,0.4375,0.265625,0.50105,9,7,['boundary_margin_error'],boundary_margin_error,Medium_Dice (25-75%)
20160307_145059_1_361,0.9005346456510853,0.8190659597312798,0.843598134638899,0.9657129870961478,8506,1577,302,220015,8808,10083,0.1564018645244471,0.034287011807447774,1,1,8808.0,2411,0.27372842870118075,0.13686421435059037,1.0,0.9999945387533798,0.625,0.375,0.1796875,0.5022625000000001,10,6,['high_quality'],high_quality,High_Dice (>75%)
20160307_145059_1_721,0.7924683322201518,0.6562712625807765,0.6884368300161351,0.9335376658597554,5787,2619,412,221582,6199,8406,0.31156316916488225,0.06646233263429585,1,1,6199.0,1626,0.2623003710275851,0.13115018551379254,1.0,0.9999943306750539,0.5,0.5,0.1953125,0.5014625,8,8,['boundary_margin_error'],boundary_margin_error,Medium_Dice (25-75%)
20160307_145059_641_361,0.7236230449897006,0.5669352162377936,0.5774505389192328,0.9688796662224073,5137,3759,165,221339,5302,8896,0.4225494604316547,0.03112033195020747,2,3,2651.0,2106,0.3972086005281026,0.1986043002640513,1.5,0.9999943605179638,0.625,0.375,0.1640625,0.5018625,10,6,['moderate_general_error'],moderate_general_error,Medium_Dice (25-75%)
20160307_145059_641_721,0.8672093205381816,0.7655512499009854,0.7882634551078895,0.9637282715823623,10867,2919,409,216205,11276,13786,0.21173654432032496,0.03627172756296559,2,1,5638.0,3040,0.2695991486342675,0.13479957431713374,0.5,0.9999929976191284,0.5,0.5,0.1875,0.500675,8,8,['high_quality'],high_quality,High_Dice (>75%)
20160307_162438_1281_361,0.8366141720520048,0.7191201336255255,0.9999999966386554,0.7191201336255255,2975,0,1162,226263,4137,2975,0.0,0.2808798646362098,1,1,4137.0,396,0.09572153734590283,0.047860768672951415,1.0,0.9999906782387349,0.6875,0.3125,0.1640625,0.5014875,11,5,['boundary_margin_error'],boundary_margin_error,Medium_Dice (25-75%)
20160307_162438_1281_721,0.886463327402077,0.7960791496286554,0.9553299860913446,0.8268578131793404,26070,1219,5459,197652,31529,27289,0.044670013558576714,0.17314218655840655,1,1,31529.0,3073,0.09746582511338768,0.04873291255669384,1.0,0.9999964554686747,0.5625,0.4375,0.171875,0.500675,9,7,['high_quality'],high_quality,High_Dice (>75%)
20160307_162438_1921_1081,0.7495490292410891,0.5994229656091039,0.6036025563023809,0.9885801284844118,10388,6822,120,213070,10508,17210,0.39639744334689136,0.011419870574800152,2,3,5254.0,2256,0.21469356680624285,0.10734678340312143,1.5,0.9999919019089336,0.6875,0.3125,0.1640625,0.5011625,11,5,['boundary_margin_error'],boundary_margin_error,Medium_Dice (25-75%)
20160307_162438_1921_721,0.8977740591167189,0.8145100072651872,0.888288601913433,0.9074642805414768,20388,2564,2079,205369,22467,22952,0.11171139769954688,0.09253571905461343,1,1,22467.0,2708,0.12053233631548493,0.06026616815774247,1.0,0.999994836604396,0.5625,0.4375,0.171875,0.50065,9,7,['high_quality'],high_quality,High_Dice (>75%)
20160307_162438_1_361,0.864649333506575,0.7615702875104468,0.9064880029472346,0.8265023753911913,31660,3266,6646,188828,38306,34926,0.09351199679321995,0.17349762439304547,1,1,38306.0,3094,0.08077063645381924,0.04038531822690962,1.0,0.9999942088308391,0.5625,0.4375,0.171875,0.5007874999999999,9,7,['high_quality'],high_quality,Medium_Dice (25-75%)
20160307_162438_641_361,0.8833150111315561,0.7910153892429721,0.8721424770192528,0.8947775097064781,19686,2886,2315,205513,22001,22572,0.1278575225943647,0.10522248988682333,1,1,22001.0,2516,0.11435843825280669,0.05717921912640334,1.0,0.9999960219733228,0.5625,0.4375,0.171875,0.50085,9,7,['high_quality'],high_quality,High_Dice (>75%)
20160307_162438_641_721,0.714164434980628,0.5554088364089296,0.5876410525656732,0.9101198386982027,5468,3837,540,220555,6008,9305,0.4123589468027942,0.08988015978695073,1,1,6008.0,705,0.11734354194407456,0.05867177097203728,1.0,0.9999958230570719,0.6875,0.3125,0.15625,0.5010375,11,5,['moderate_general_error'],moderate_general_error,Medium_Dice (25-75%)
20160310_114505_1281_1,0.4120287248518529,0.25946862597587816,0.25946862597587816,0.999999994553377,1836,5240,0,223324,1836,7076,0.7405313736574336,0.0,4,1,459.0,1931,1.051742919389978,0.525871459694989,0.25,0.9999921667906102,0.5,0.5,0.1640625,0.500425,8,8,"['false_crack_high_fp', 'thin_low_area_failure', 'over_segmentation']",false_crack_high_fp,Low_Dice (<25%)
20160310_114505_641_1,0.5205373285194154,0.35184215090637144,0.3590840235595794,0.9457873716362654,4030,7193,231,218946,4261,11223,0.6409159761204669,0.05421262614409763,4,1,1065.25,2348,0.551044355785027,0.2755221778925135,0.25,0.9999975769799584,0.5,0.5,0.171875,0.5002,8,8,"['thin_low_area_failure', 'over_segmentation']",thin_low_area_failure,Low_Dice (<25%)
20160310_114505_641_1081,0.5491529854476075,0.3785050938792669,0.3786758069829733,0.9988103711662851,4198,6888,5,219309,4203,11086,0.6213241926754465,0.0011896264572924102,3,3,1401.0,1842,0.4382583868665239,0.21912919343326195,1.0,0.999996360016809,0.5,0.5,0.171875,0.500275,8,8,"['thin_low_area_failure', 'over_segmentation']",thin_low_area_failure,Low_Dice (<25%)
20160310_114505_641_361,0.4996715042109111,0.333041401008725,0.3346667730741125,0.9856267648783535,4183,8316,61,217840,4244,12499,0.6653332266581327,0.014373232799245994,5,4,848.8,2457,0.5789349670122526,0.2894674835061263,0.8,0.9999940879093361,0.4375,0.5625,0.1484375,0.500075,7,9,"['false_crack_high_fp', 'thin_low_area_failure', 'over_segmentation', 'complex_topology']",false_crack_high_fp,Low_Dice (<25%)
20160310_114505_641_721,0.569131201824455,0.397752192619013,0.39789762303665666,0.9990819348196421,4353,6587,4,219456,4357,10940,0.6021023765996344,0.0009180628873077806,4,1,1089.25,1798,0.41266926784484737,0.20633463392242368,0.25,0.9999955698509707,0.5,0.5,0.1484375,0.5003375,8,8,['over_segmentation'],over_segmentation,Low_Dice (<25%)
20160316_142539_1281_361,0.8569220857328255,0.7496620090697814,0.8162414121488697,0.9018704243672128,6654,1498,724,221524,7378,8152,0.1837585868498528,0.09812957441040933,1,1,7378.0,1653,0.22404445649227434,0.11202222824613717,1.0,0.9999938663563799,0.5,0.5,0.1484375,0.5004500000000001,8,8,['high_quality'],high_quality,Medium_Dice (25-75%)
20160316_142539_1281_721,0.6614258186275815,0.49412713007017095,0.5107421290776991,0.9382311130007313,8582,8221,565,213032,9147,16803,0.489257870618342,0.06176888597354324,2,2,4573.5,2578,0.2818410407783973,0.14092052038919864,1.0,0.9999961587436125,0.5,0.5,0.171875,0.5006125,8,8,['moderate_general_error'],moderate_general_error,Low_Dice (<25%)
20160316_142539_1921_361,0.6288753708222764,0.45865660745910386,0.4738916690403066,0.9344978157777312,10700,11879,750,207071,11450,22579,0.5261083307498118,0.06550218340611354,7,1,1635.7142857142858,4030,0.3519650655021834,0.1759825327510917,0.14285714285714285,0.9999946777078621,0.5,0.5,0.15625,0.5002500000000001,8,8,['complex_topology'],complex_topology,Low_Dice (<25%)
20160316_142539_1_721,0.68466066847588,0.5205201821818443,0.5325730082371812,0.9583333325883603,12328,10820,536,206716,12864,23148,0.4674269915327458,0.041666666666666664,7,3,1837.7142857142858,4023,0.3127332089552239,0.15636660447761194,0.42857142857142855,0.9999967688585016,0.5625,0.4375,0.1640625,0.5007,9,7,['complex_topology'],complex_topology,Low_Dice (<25%)
20160316_142539_641_721,0.5607647013966729,0.3896268399898573,0.40913829657794215,0.890950367237396,11381,16436,1393,201190,12774,27817,0.5908617032749758,0.1090496320651323,4,2,3193.5,4538,0.35525285736652573,0.17762642868326287,0.5,0.9999956370001906,0.5625,0.4375,0.1640625,0.5005999999999999,9,7,['over_segmentation'],over_segmentation,Low_Dice (<25%)
20160316_143445_1281_1,0.846645974267864,0.7340729345704784,0.7734953699227457,0.9350776543059482,13366,3914,928,212192,14294,17280,0.22650462962962964,0.06492234503987687,1,7,14294.0,2297,0.16069679585840213,0.08034839792920107,7.0,0.9999978076132834,0.4375,0.5625,0.1796875,0.5007875,7,9,['boundary_margin_error'],boundary_margin_error,Medium_Dice (25-75%)
20160316_143445_1281_1081,0.7732047151412597,0.6302638465310784,0.6519067401917464,0.9499604926258611,3607,1926,190,224677,3797,5533,0.3480932586300379,0.05003950487226758,4,3,949.25,1205,0.3173558072162233,0.15867790360811165,0.75,0.9999975742105602,0.5,0.5,0.1484375,0.501025,8,8,['boundary_margin_error'],boundary_margin_error,Medium_Dice (25-75%)
20160316_143445_1281_361,0.784954553991828,0.646028966711216,0.6534478129039722,0.9827293995781379,12177,6458,214,211551,12391,18635,0.34655218674537164,0.01727059962876281,2,4,6195.5,2403,0.19393107900895812,0.09696553950447906,2.0,0.9999974158979494,0.5,0.5,0.171875,0.5007874999999999,8,8,['boundary_margin_error'],boundary_margin_error,Medium_Dice (25-75%)
20160316_143445_1281_721,0.8269422806004237,0.7049459433451324,0.7473826711428778,0.9254582024332487,16562,5598,1334,206906,17896,22160,0.2526173285198556,0.07454179704962002,2,3,8948.0,4941,0.2760952168082253,0.13804760840411265,1.5,0.9999939590504798,0.375,0.625,0.1875,0.5004,6,10,['boundary_margin_error'],boundary_margin_error,Medium_Dice (25-75%)
20160316_143445_1921_1081,0.6490244824705977,0.4804117277102859,0.5133315554503856,0.8822316406435655,7701,7301,1028,214370,8729,15002,0.486668444207439,0.11776835834574408,2,2,4364.5,2735,0.31332340474281134,0.15666170237140567,1.0,0.9999956869729077,0.5625,0.4375,0.1640625,0.500775,9,7,['moderate_general_error'],moderate_general_error,Low_Dice (<25%)
20160316_143445_1_1081,0.8559880667584141,0.7482335121566004,0.8123287663814349,0.9046069349083627,8895,2055,938,218512,9833,10950,0.18767123287671234,0.09539306417166683,1,8,9833.0,2466,0.2507881623105868,0.1253940811552934,8.0,0.9999961436380809,0.625,0.375,0.15625,0.5008875,10,6,['high_quality'],high_quality,Medium_Dice (25-75%)
20160316_143445_1_721,0.5231703867454293,0.3542523674024181,0.37309823639990103,0.875206804832884,3703,6222,528,219947,4231,9925,0.6269017632241813,0.12479319309855826,2,4,2115.5,1268,0.2996927440321437,0.14984637201607184,2.0,0.999997319049853,0.625,0.375,0.15625,0.501525,10,6,"['thin_low_area_failure', 'over_segmentation']",thin_low_area_failure,Low_Dice (<25%)
20160316_143445_641_361,0.8501224041843674,0.7393155647852739,0.7615953206387821,0.9619370052714302,9376,2935,371,217718,9747,12311,0.23840467874258792,0.0380629937416641,1,1,9747.0,2796,0.2868574946137273,0.14342874730686364,1.0,0.999995987690572,0.5,0.5,0.171875,0.500775,8,8,['high_quality'],high_quality,Medium_Dice (25-75%)
20160316_143445_641_721,0.8318961140144587,0.7121764801874444,0.755690719052907,0.9251946283141209,8200,2651,663,218886,8863,10851,0.24430928025066814,0.07480537064199481,1,2,8863.0,2133,0.2406634322464177,0.12033171612320885,2.0,0.9999966223081396,0.5625,0.4375,0.15625,0.5009375,9,7,['boundary_margin_error'],boundary_margin_error,Medium_Dice (25-75%)
20160316_143527_1281_1081,0.7791489855650139,0.6382015302052286,0.7220578680120804,0.846043286400031,10007,3852,1821,214720,11828,13859,0.2779421314669168,0.1539567128846804,4,6,2957.0,4261,0.360246871829557,0.1801234359147785,1.5,0.999995183377181,0.5,0.5,0.1875,0.5005,8,8,['boundary_margin_error'],boundary_margin_error,Medium_Dice (25-75%)
20160316_143527_1281_361,0.6027169384492419,0.43134920549335476,0.5349409435655981,0.69015872796775,2174,1890,976,225360,3150,4064,0.46505905511811024,0.30984126984126986,4,3,787.5,1101,0.3495238095238095,0.17476190476190476,0.75,0.999993853223553,0.5625,0.4375,0.1796875,0.5008875,9,7,['moderate_general_error'],moderate_general_error,Low_Dice (<25%)
20160316_143527_1281_721,0.742961344860437,0.5910409690447821,0.6442621809118433,0.87737233145091,18538,10236,2591,199035,21129,28774,0.35573781886425243,0.12262766813384447,7,2,3018.4285714285716,7452,0.35269061479483177,0.17634530739741588,0.2857142857142857,0.9999963742532716,0.4375,0.5625,0.1796875,0.500375,7,9,"['complex_topology', 'boundary_margin_error']",complex_topology,Medium_Dice (25-75%)
20160316_143527_1921_361,0.6718037945679826,0.5058016216432928,0.5252315861079021,0.9318469130768339,8108,7329,593,214370,8701,15437,0.47476841355185595,0.0681530858522009,2,3,4350.5,4261,0.48971382599701185,0.24485691299850593,1.5,0.9999963448029316,0.4375,0.5625,0.1953125,0.5005375000000001,7,9,['moderate_general_error'],moderate_general_error,Low_Dice (<25%)
20160316_143527_1_1,0.6348012885957028,0.4649881979032351,0.6084628841671339,0.6635230709963814,5910,3803,2997,217690,8907,9713,0.39153711520642437,0.336476928258673,2,1,4453.5,3323,0.37307735488941285,0.18653867744470642,0.5,0.9999952424173588,0.4375,0.5625,0.1796875,0.5007625,7,9,['moderate_general_error'],moderate_general_error,Low_Dice (<25%)
20160316_143527_1_361,0.5711213841832906,0.3996990212194146,0.39993976750498456,0.9984962368477585,2656,3985,4,223755,2660,6641,0.6000602318927872,0.0015037593984962407,2,7,1330.0,1788,0.6721804511278195,0.3360902255639098,3.5,0.9999978111859384,0.5625,0.4375,0.15625,0.5013375,9,7,"['over_segmentation', 'fragmented_prediction']",over_segmentation,Low_Dice (<25%)
20160316_143527_641_1,0.8124118472776558,0.6840855101285236,0.7313485107431275,0.9136855913864068,8352,3068,789,218191,9141,11420,0.2686514886164623,0.0863144076140466,1,1,9141.0,2978,0.3257849250629034,0.1628924625314517,1.0,0.9999972407428656,0.4375,0.5625,0.1875,0.5009625,7,9,['boundary_margin_error'],boundary_margin_error,Medium_Dice (25-75%)
20160316_143527_641_361,0.7457656016978044,0.5945982686388733,0.6718381973006461,0.8379741979576101,13121,6409,2537,208333,15658,19530,0.32816180235535075,0.16202580150721677,8,2,1957.25,5907,0.37725124536977905,0.18862562268488953,0.25,0.999996197606034,0.4375,0.5625,0.1953125,0.5006375000000001,7,9,"['complex_topology', 'boundary_margin_error']",complex_topology,Medium_Dice (25-75%)
20160316_143527_641_721,0.6896499117613837,0.5263096617854369,0.6833434088824919,0.6960739019306021,4521,2095,1974,221810,6495,6616,0.3166565900846433,0.3039260969976905,3,1,2165.0,2013,0.3099307159353349,0.15496535796766744,0.3333333333333333,0.9999959142557671,0.5625,0.4375,0.15625,0.5009,9,7,['boundary_margin_error'],boundary_margin_error,Low_Dice (<25%)
20160316_143547_1281_1081,0.7786142646693707,0.6374843279617962,0.6679071789231454,0.9333129368818814,3051,1517,218,225614,3269,4568,0.33209281961471104,0.0666870602630774,3,4,1089.6666666666667,774,0.23676965432854083,0.11838482716427041,1.3333333333333333,0.9999968266722519,0.5625,0.4375,0.1640625,0.5008124999999999,9,7,['boundary_margin_error'],boundary_margin_error,Medium_Dice (25-75%)
20160316_143547_1281_361,0.29141058268413944,0.17055623763720612,0.1718528992718301,0.9576354585454635,972,4684,43,224701,1015,5656,0.8281471004243282,0.042364532019704436,1,2,1015.0,210,0.20689655172413793,0.10344827586206896,2.0,0.9999953455359893,0.5,0.5,0.15625,0.5007,8,8,"['false_crack_high_fp', 'thin_low_area_failure', 'over_segmentation']",false_crack_high_fp,Low_Dice (<25%)
20160316_143547_1281_721,0.8861256272310896,0.7955346212233303,0.8249682701338532,0.9570765656982525,21450,4551,962,203437,22412,26001,0.1750317295488635,0.042923433874709975,1,1,22412.0,4400,0.19632339817954667,0.09816169908977333,1.0,0.9999948924649069,0.4375,0.5625,0.1640625,0.5001625000000001,7,9,['high_quality'],high_quality,High_Dice (>75%)
20160316_143547_1921_1081,0.8356054529198865,0.7176308537473723,0.7684649136146374,0.9156012473460738,20840,6279,1921,201360,22761,27119,0.2315350861019949,0.08439875225165853,3,3,7587.0,5059,0.2222661570229779,0.11113307851148894,1.0,0.9999962602189494,0.4375,0.5625,0.1953125,0.5000374999999999,7,9,['boundary_margin_error'],boundary_margin_error,Medium_Dice (25-75%)
20160316_143547_1_1,0.7705387786092708,0.6267288184475316,0.8124709470665575,0.732722481295531,12235,2824,4463,210878,16698,15059,0.18752905239391726,0.26727751826566054,1,1,16698.0,4621,0.2767397293088993,0.13836986465444964,1.0,0.9999960994525678,0.4375,0.5625,0.1796875,0.5005375000000001,7,9,['boundary_margin_error'],boundary_margin_error,Medium_Dice (25-75%)
20160316_143547_641_1,0.8394648801355689,0.7233429353121444,0.7606060559963269,0.9365671571897973,1255,395,85,228665,1340,1650,0.23939393939393938,0.06343283582089553,1,1,1340.0,445,0.332089552238806,0.166044776119403,1.0,0.999996021531209,0.5625,0.4375,0.171875,0.5009625,9,7,['boundary_margin_error'],boundary_margin_error,Medium_Dice (25-75%)
20160316_143547_641_361,0.8842139276509245,0.7924582942583073,0.8059499258875111,0.9793128124700696,13681,3294,289,213136,13970,16975,0.1940500736377025,0.020687186828919114,2,1,6985.0,3890,0.278453829634932,0.139226914817466,0.5,0.9999941188860895,0.4375,0.5625,0.15625,0.50055,7,9,['high_quality'],high_quality,High_Dice (>75%)
20160316_143547_641_721,0.6165413508080979,0.4456521712219072,0.5607902692949068,0.6846011068218821,738,578,340,228744,1078,1316,0.439209726443769,0.31539888682745826,2,3,539.0,561,0.5204081632653061,0.2602040816326531,1.5,0.9999922686713103,0.4375,0.5625,0.1796875,0.500725,7,9,['moderate_general_error'],moderate_general_error,Low_Dice (<25%)
20160318_181632_1281_1081,0.8666451848493266,0.7646724337903934,0.8069521234379358,0.9358751300214371,18827,4504,1290,205779,20117,23331,0.19304787621619304,0.06412486951334692,1,1,20117.0,3066,0.1524084107968385,0.07620420539841925,1.0,0.9999972688991033,0.375,0.625,0.171875,0.50075,6,10,['high_quality'],high_quality,Medium_Dice (25-75%)
20160318_181632_1281_361,0.8509574885085981,0.740579639132843,0.9013204850995358,0.8059249013918931,30306,3318,7298,189478,37604,33624,0.09867951463240543,0.1940750983937879,8,1,4700.5,5071,0.13485267524731412,0.06742633762365706,0.125,0.9999976963821308,0.375,0.625,0.171875,0.50065,6,10,"['complex_topology', 'high_quality']",complex_topology,Medium_Dice (25-75%)
20160318_181632_1281_721,0.8931593478014698,0.8069448353088381,0.8676559657057819,0.9202073961089257,20055,3059,1739,205547,21794,23114,0.13234403391883706,0.07979260346884463,1,4,21794.0,2539,0.1164999541158117,0.05824997705790585,4.0,0.999997189482128,0.5,0.5,0.171875,0.5013875,8,8,['high_quality'],high_quality,High_Dice (>75%)
20160318_181632_1921_1,0.7792233192025596,0.6383012810283634,0.780368337029059,0.778081655053562,3983,1121,1136,224160,5119,5104,0.21963166144200627,0.22191834342645048,5,2,1023.8,1148,0.22426255127954678,0.11213127563977339,0.4,0.9999973726117063,0.6875,0.3125,0.2109375,0.5012749999999999,11,5,"['complex_topology', 'boundary_margin_error']",complex_topology,Medium_Dice (25-75%)
20160318_181632_1921_361,0.8775510202290712,0.7818181815338843,0.9018834678879637,0.8544970387287878,21500,2339,3661,202900,25161,23839,0.09811653173371367,0.1455029609316005,1,2,25161.0,3071,0.12205397241763045,0.06102698620881523,2.0,0.9999962834954782,0.375,0.625,0.1640625,0.50075,6,10,['high_quality'],high_quality,High_Dice (>75%)
20160318_181632_1_1,0.9400623203794124,0.8869033891840835,0.9211243149875401,0.9597953897383752,30772,2635,1289,195704,32061,33407,0.07887568473673182,0.04020460996225944,1,1,32061.0,3190,0.0994978322572596,0.0497489161286298,1.0,0.9999967365519349,0.375,0.625,0.15625,0.5010125,6,10,['high_quality'],high_quality,High_Dice (>75%)
20160318_181632_1_361,0.8607985871820003,0.7556158002408679,0.8277471344341385,0.8965992626456819,3902,812,450,225236,4352,4714,0.17225286380992788,0.10340073529411764,2,2,2176.0,534,0.12270220588235294,0.06135110294117647,1.0,0.9999967232297031,0.75,0.25,0.1953125,0.5017375000000001,12,4,['high_quality'],high_quality,Medium_Dice (25-75%)
20160318_181632_641_1,0.9036402552002332,0.8242187470730867,0.9144996023857382,0.8930357795573843,2321,217,278,227584,2599,2538,0.08550039401103231,0.10696421700654098,2,2,1299.5,488,0.1877645248172374,0.0938822624086187,1.0,0.9999950719303019,0.5625,0.4375,0.1953125,0.50175,9,7,['high_quality'],high_quality,High_Dice (>75%)
20160318_181632_641_361,0.9133909852052684,0.840588447886027,0.9457332788100031,0.883187634389158,34855,2000,4610,188935,39465,36855,0.0542667209333876,0.11681236538705182,1,1,39465.0,3248,0.08230077283669074,0.04115038641834537,1.0,0.9999976444610039,0.4375,0.5625,0.1640625,0.500875,7,9,['high_quality'],high_quality,High_Dice (>75%)
20160318_181632_641_721,0.21188726610372313,0.1184977110710594,0.11888111875703881,0.9735042651837242,1139,8442,31,220788,1170,9581,0.8811188811188811,0.026495726495726495,1,2,1170.0,668,0.5709401709401709,0.28547008547008546,2.0,0.9999969315576831,0.6875,0.3125,0.2109375,0.5017,11,5,"['false_crack_high_fp', 'thin_low_area_failure', 'over_segmentation']",false_crack_high_fp,Low_Dice (<25%)
20160321_183947_1281_361,0.7168445798501093,0.5586576408385289,0.5925815118379254,0.9070512778981168,1981,1362,203,226854,2184,3343,0.40741848638947054,0.09294871794871795,1,2,2184.0,385,0.1762820512820513,0.08814102564102565,2.0,0.9999950541241183,0.6875,0.3125,0.171875,0.500675,11,5,['moderate_general_error'],moderate_general_error,Medium_Dice (25-75%)
20160321_183947_1281_721,0.9258592819351216,0.86195343530325,0.8892469021092454,0.965615954398799,30358,3781,1081,195180,31439,34139,0.11075309763027623,0.03438404529406151,1,2,31439.0,3118,0.09917618244855116,0.04958809122427558,2.0,0.9999954135325795,0.4375,0.5625,0.1484375,0.49968750000000006,7,9,['high_quality'],high_quality,High_Dice (>75%)
20160321_183947_1921_721,0.9058349450506391,0.8278777876821902,0.8785879554503822,0.9348260027497418,28099,3883,1959,196459,30058,31982,0.12141204427490464,0.06517399693925079,1,1,30058.0,3092,0.10286778894138,0.05143389447069,1.0,0.9999935554594299,0.4375,0.5625,0.1484375,0.49955,7,9,['high_quality'],high_quality,High_Dice (>75%)
20160321_183947_1_721,0.8803459968663344,0.7862661093538178,0.8287099578383866,0.9388443957946151,44781,9256,2917,173446,47698,54037,0.1712900420082536,0.06115560400855382,1,2,47698.0,3492,0.07321061679735,0.036605308398675,2.0,0.9999944477372588,0.5,0.5,0.15625,0.49977499999999997,8,8,['high_quality'],high_quality,High_Dice (>75%)
20160321_183947_641_721,0.8986525111067575,0.8159572888388062,0.8208469053333548,0.9927525333074451,33012,7205,241,189942,33253,40217,0.1791530944625407,0.007247466394009563,1,1,33253.0,3297,0.0991489489670105,0.04957447448350525,1.0,0.9999963980623283,0.4375,0.5625,0.1640625,0.5000749999999999,7,9,['high_quality'],high_quality,High_Dice (>75%)
20160321_185557_1281_721,0.877431906450645,0.7816291158573426,0.8482042747122123,0.908745688801974,23452,4197,2355,200396,25807,27649,0.15179572498101196,0.09125431084589453,3,1,8602.333333333334,3922,0.1519742705467509,0.07598713527337544,0.3333333333333333,0.9999949983139912,0.5,0.5,0.171875,0.5001875,8,8,['high_quality'],high_quality,High_Dice (>75%)
20160321_185557_1921_1,0.8551846116050477,0.7470065656647303,0.797920619854839,0.9213033527807705,9670,2449,826,217455,10496,12119,0.20207937948675633,0.07869664634146341,1,1,10496.0,2096,0.19969512195121952,0.09984756097560976,1.0,0.9999970056596925,0.625,0.375,0.140625,0.5002,10,6,['high_quality'],high_quality,Medium_Dice (25-75%)
20160321_185557_1921_1081,0.8113140624173993,0.6825302098444501,0.7506152577927685,0.8826934199472377,9150,3040,1216,216994,10366,12190,0.24938474159146842,0.1173065792012348,1,1,10366.0,1930,0.18618560679143353,0.09309280339571677,1.0,0.9999953987654333,0.5,0.5,0.21875,0.5000249999999999,8,8,['boundary_margin_error'],boundary_margin_error,Medium_Dice (25-75%)
20160321_185557_1921_361,0.6850302095226366,0.5209474882871304,0.5308864585092564,0.9653093591059658,9127,8065,328,212880,9455,17192,0.4691135411819451,0.034690639873083025,2,2,4727.5,2665,0.28186144896879956,0.14093072448439978,1.0,0.9999977324469547,0.5,0.5,0.171875,0.5002,8,8,['moderate_general_error'],moderate_general_error,Low_Dice (<25%)
20160321_185557_1921_721,0.8867504460272037,0.7965423771001777,0.861622626359058,0.9133879156571193,24097,3870,2285,200148,26382,27967,0.13837737333285657,0.0866120839966644,1,5,26382.0,3311,0.1255022363732848,0.0627511181866424,5.0,0.9999962220170184,0.4375,0.5625,0.1796875,0.4998375,7,9,['high_quality'],high_quality,High_Dice (>75%)
20160321_185557_1_361,0.2641916681802378,0.15220094484929006,0.15261845367503935,0.9823434913134551,1224,6796,22,222358,1246,8020,0.8473815461346633,0.01765650080256822,1,3,1246.0,314,0.2520064205457464,0.1260032102728732,3.0,0.999995070515491,0.5,0.5,0.140625,0.5001875,8,8,"['false_crack_high_fp', 'thin_low_area_failure', 'over_segmentation']",false_crack_high_fp,Low_Dice (<25%)
20160321_185557_1_721,0.822448835208203,0.698439999720624,0.7222750772606928,0.9548835169228461,17461,6714,825,205400,18286,24175,0.27772492244053776,0.04511648255496008,1,1,18286.0,3861,0.21114513835721316,0.10557256917860658,1.0,0.9999948420927185,0.5,0.5,0.171875,0.49982499999999996,8,8,['boundary_margin_error'],boundary_margin_error,Medium_Dice (25-75%)
20160321_185557_641_721,0.8944941684986677,0.809126594369837,0.8680470254132098,0.9226035057242618,19788,3008,1660,205944,21448,22796,0.13195297420600105,0.07739649384558,1,1,21448.0,3301,0.1539071242073853,0.07695356210369265,1.0,0.9999961680360459,0.4375,0.5625,0.1640625,0.5,7,9,['high_quality'],high_quality,High_Dice (>75%)
20160324_170347_1281_1,0.882695208043463,0.790021858312946,0.8664504289007892,0.8995607600299257,6144,947,686,222623,6830,7091,0.13354956987730926,0.10043923865300146,2,1,3415.0,2141,0.31346998535871157,0.15673499267935578,0.5,0.9999980616676573,0.6875,0.3125,0.171875,0.500725,11,5,['high_quality'],high_quality,High_Dice (>75%)
20160324_170347_1281_1081,0.8326624490852053,0.7133004917323886,0.8629320606928903,0.8044444433271605,5792,920,1408,222280,7200,6712,0.13706793802145412,0.19555555555555557,1,1,7200.0,2631,0.36541666666666667,0.18270833333333333,1.0,0.999998464330208,0.625,0.375,0.15625,0.5017375,10,6,['boundary_margin_error'],boundary_margin_error,Medium_Dice (25-75%)
20160324_170347_1281_361,0.8045663651930673,0.6730330666352784,0.7126471468833413,0.9237089189831652,7083,2856,585,219876,7668,9939,0.2873528523996378,0.07629107981220658,5,1,1533.6,2600,0.33907146583202924,0.16953573291601462,0.2,0.9999986546859985,0.5,0.5,0.1640625,0.5007874999999999,8,8,"['complex_topology', 'boundary_margin_error']",complex_topology,Medium_Dice (25-75%)
20160324_170347_1281_721,0.727030625459884,0.57112970665342,0.7636363628148076,0.6937738239724623,7098,2197,3133,217972,10231,9295,0.23636363636363636,0.3062261753494282,1,1,10231.0,4382,0.4283061284331932,0.2141530642165966,1.0,0.9999988439699038,0.6875,0.3125,0.171875,0.5011625,11,5,['boundary_margin_error'],boundary_margin_error,Medium_Dice (25-75%)
20160324_170347_641_1,0.72534726897903,0.5690548110292301,0.589273741699947,0.9431330438371492,2637,1838,159,225766,2796,4475,0.4107262569832402,0.05686695278969957,1,2,2796.0,2183,0.780758226037196,0.390379113018598,2.0,0.9999964568913866,0.625,0.375,0.171875,0.5013875,10,6,['moderate_general_error'],moderate_general_error,Medium_Dice (25-75%)
20160324_170347_641_361,0.7382485814301177,0.5850982773349105,0.6094270741002586,0.9361287154165561,3840,2461,262,223837,4102,6301,0.3905729249325504,0.06387128230131643,3,1,1367.3333333333333,2940,0.7167235494880546,0.3583617747440273,0.3333333333333333,0.9999980281014,0.625,0.375,0.171875,0.5010874999999999,10,6,['boundary_margin_error'],boundary_margin_error,Medium_Dice (25-75%)
20160324_170347_641_721,0.7919759899036867,0.6555962325951981,0.7130261640698914,0.8905861424845962,2507,1009,308,226576,2815,3516,0.2869738339021615,0.10941385435168739,1,1,2815.0,1498,0.5321492007104796,0.2660746003552398,1.0,0.9999976540521642,0.6875,0.3125,0.1953125,0.5018125,11,5,['boundary_margin_error'],boundary_margin_error,Medium_Dice (25-75%)
20160326_141808_1281_1,0.040019056666426835,0.020418084575027372,0.028843323821403588,0.06533333318814816,294,9899,4206,216001,4500,10193,0.9711566761502992,0.9346666666666666,4,5,1125.0,1265,0.2811111111111111,0.14055555555555554,1.25,0.9999889841297318,0.5625,0.4375,0.1640625,0.5002625,9,7,"['missed_crack_high_fn', 'false_crack_high_fp', 'thin_low_area_failure', 'over_segmentation']",missed_crack_high_fn,Low_Dice (<25%)
20160326_141808_641_1,0.8135464200397776,0.6856959545497373,0.6923575084691871,0.9861623525261776,1069,475,15,228841,1084,1544,0.3076424870466321,0.013837638376383764,1,5,1084.0,178,0.16420664206642066,0.08210332103321033,5.0,0.9999907132161971,0.625,0.375,0.2578125,0.5007625,10,6,['boundary_margin_error'],boundary_margin_error,Medium_Dice (25-75%)
20160326_141808_641_361,0.7566427663661731,0.6085481677335921,0.7366043925922764,0.777801863453499,7176,2566,2050,218608,9226,9742,0.2633956066516116,0.2221981357034468,1,4,9226.0,1956,0.21200953826143507,0.10600476913071753,4.0,0.9999917362301958,0.625,0.375,0.21875,0.5006124999999999,10,6,['boundary_margin_error'],boundary_margin_error,Medium_Dice (25-75%)
20160326_141808_641_721,0.6202762951390423,0.44956558545288666,0.6306480371125921,0.6102401832155326,4243,2485,2710,220962,6953,6728,0.3693519619500594,0.3897598159068028,4,11,1738.25,1926,0.27700273263339564,0.13850136631669782,2.75,0.9999913461923186,0.625,0.375,0.21875,0.501125,10,6,['moderate_general_error'],moderate_general_error,Low_Dice (<25%)
20160326_142521_1281_1,0.47103288133954274,0.30807260377987666,0.8373968116003133,0.3276742786000043,4362,847,8950,216241,13312,5209,0.16260318679209063,0.6723257211538461,1,5,13312.0,1582,0.11884014423076923,0.059420072115384616,5.0,0.9999970537114942,0.625,0.375,0.1875,0.5009250000000001,10,6,"['missed_crack_high_fn', 'fragmented_prediction']",missed_crack_high_fn,Low_Dice (<25%)
20160326_142521_1281_1081,0.4112395720602377,0.2588430356321978,0.39610938709864846,0.42757151421919803,1405,2142,1881,224972,3286,3547,0.6038906117846067,0.5724284844796105,2,4,1643.0,933,0.2839318320146074,0.1419659160073037,2.0,0.9999955182972686,0.5625,0.4375,0.1875,0.5008375,9,7,['thin_low_area_failure'],thin_low_area_failure,Low_Dice (<25%)
20160326_142521_1281_361,0.6141434510184398,0.44315080912938803,0.737176576279049,0.5263044177095124,4872,1737,4385,219406,9257,6609,0.2628234226055379,0.47369558172194015,1,6,9257.0,1801,0.19455547153505456,0.09727773576752728,6.0,0.9999957688406979,0.5625,0.4375,0.21875,0.50075,9,7,['fragmented_prediction'],fragmented_prediction,Low_Dice (<25%)
20160326_142521_1281_721,0.7042623636389014,0.5435223488735926,0.8463870631046146,0.6030060295175897,6700,1216,4411,218073,11111,7916,0.15361293582617483,0.3969939699396994,1,4,11111.0,1846,0.16614166141661416,0.08307083070830708,4.0,0.9999951353354407,0.5625,0.4375,0.1875,0.5009625,9,7,['boundary_margin_error'],boundary_margin_error,Medium_Dice (25-75%)
20160326_142521_641_1,0.0,0.0,0.0,0.0,0,2721,1355,226324,1355,2721,1.0,1.0,1,4,1355.0,291,0.21476014760147602,0.10738007380073801,4.0,0.9999950644934184,0.5,0.5,0.1484375,0.500725,8,8,"['missed_crack_high_fn', 'false_crack_high_fp', 'thin_low_area_failure', 'over_segmentation', 'fragmented_prediction']",missed_crack_high_fn,Low_Dice (<25%)
20160326_142521_641_1081,0.0,0.0,0.0,0.0,0,2735,2487,225178,2487,2735,1.0,1.0,2,4,1243.5,797,0.32046642541214315,0.16023321270607158,2.0,0.9999979599278324,0.625,0.375,0.1796875,0.501175,10,6,"['missed_crack_high_fn', 'false_crack_high_fp', 'thin_low_area_failure']",missed_crack_high_fn,Low_Dice (<25%)
20160326_142745_1281_1081,0.7968069656545634,0.6622436657373469,0.876063827457277,0.7307009744216927,3294,466,1214,225426,4508,3760,0.12393617021276596,0.26929902395740907,2,1,2254.0,1217,0.2699645075421473,0.13498225377107365,0.5,0.9999911336175887,0.75,0.25,0.2265625,0.5017625,12,4,['boundary_margin_error'],boundary_margin_error,Medium_Dice (25-75%)
20160326_142745_1281_361,0.5208411362187163,0.35211980874539156,0.7029173877774157,0.41368465753192973,4867,2057,6898,216578,11765,6924,0.29708261120739454,0.5863153421164471,1,1,11765.0,1303,0.11075223119422015,0.05537611559711007,1.0,0.9999933459197853,0.6875,0.3125,0.234375,0.501375,11,5,['moderate_general_error'],moderate_general_error,Low_Dice (<25%)
20160326_142745_1281_721,0.7602781503110045,0.6132651049924891,0.8580476381260859,0.6825101299515332,12464,2062,5798,210076,18262,14526,0.1419523612832163,0.3174898696747344,1,1,18262.0,3193,0.17484393823239514,0.08742196911619757,1.0,0.9999974156854243,0.5,0.5,0.171875,0.5010625,8,8,['boundary_margin_error'],boundary_margin_error,Medium_Dice (25-75%)
20160326_142745_1921_1081,0.6346762461426086,0.4648540277348026,0.6841231777906636,0.591895340472407,3710,1713,2558,222419,6268,5423,0.3158768209478149,0.40810465858328016,2,1,3134.0,2013,0.3211550733886407,0.16057753669432034,0.5,0.9999966200347927,0.625,0.375,0.1875,0.501375,10,6,['moderate_general_error'],moderate_general_error,Low_Dice (<25%)
20160326_142745_1_1,0.572867874249727,0.40141193931049546,0.9295855429089552,0.41400012747397325,6482,491,9175,214252,15657,6973,0.07041445575792342,0.5859998722616082,1,2,15657.0,3472,0.2217538481190522,0.1108769240595261,2.0,0.9999982756713877,0.625,0.375,0.203125,0.5005999999999999,10,6,['moderate_general_error'],moderate_general_error,Low_Dice (<25%)
20160326_142745_641_361,0.8514002805853838,0.7412506430171338,0.8671851475829477,0.8361797857486188,17283,2647,3386,207084,20669,19930,0.13281485198193677,0.16382021384682374,1,1,20669.0,4010,0.19401035366974698,0.09700517683487349,1.0,0.9999958120294692,0.4375,0.5625,0.1640625,0.5011125,7,9,['high_quality'],high_quality,Medium_Dice (25-75%)
20160328_151020_1281_361,0.5784223365198096,0.4068876090130477,0.4179168786799652,0.9390898680229822,10669,14860,692,204179,11361,25529,0.582083121156332,0.0609101311504269,6,2,1893.5,3906,0.3438077634011091,0.17190388170055454,0.3333333333333333,0.9999933407718214,0.4375,0.5625,0.171875,0.5002625,7,9,"['over_segmentation', 'complex_topology']",over_segmentation,Low_Dice (<25%)
20160328_151020_1921_361,0.5214627268521896,0.35268825231709855,0.35936607095151585,0.9499496465760829,9433,16816,497,203654,9930,26249,0.6406339289115776,0.050050352467270895,1,1,9930.0,4010,0.4038267875125881,0.20191339375629405,1.0,0.9999952870835342,0.5,0.5,0.15625,0.5000875,8,8,['over_segmentation'],over_segmentation,Low_Dice (<25%)
20160328_151020_1_1,0.6752889376406441,0.5097631905012792,0.5346193454271492,0.9164177071452895,13497,11749,1231,203923,14728,25246,0.4653806543610869,0.08358229223248234,1,1,14728.0,4702,0.3192558392178164,0.1596279196089082,1.0,0.9999952358350205,0.5,0.5,0.171875,0.49995,8,8,['moderate_general_error'],moderate_general_error,Low_Dice (<25%)
20160328_151020_1_361,0.36357517811039497,0.22217652363068477,0.22309407762195912,0.9818247874161221,2701,9406,50,218243,2751,12107,0.7769059221937722,0.01817520901490367,1,4,2751.0,1264,0.45946928389676484,0.22973464194838242,4.0,0.9999976143039861,0.5625,0.4375,0.1484375,0.5007125,9,7,"['false_crack_high_fp', 'thin_low_area_failure', 'over_segmentation', 'fragmented_prediction']",false_crack_high_fp,Low_Dice (<25%)
20160328_151020_641_361,0.5345394032791998,0.36475863252503427,0.37637445149529863,0.9219899898116133,6264,10379,530,213227,6794,16643,0.6236255482785555,0.07801000883132175,5,3,1358.8,2741,0.4034442154842508,0.2017221077421254,0.6,0.9999949214491834,0.5,0.5,0.15625,0.500275,8,8,"['thin_low_area_failure', 'over_segmentation', 'complex_topology']",thin_low_area_failure,Low_Dice (<25%)
20160328_151020_641_721,0.6982788456315789,0.5364273625639704,0.5648256550955328,0.9143045476975078,11096,8549,1040,209715,12136,19645,0.43517434461695087,0.08569545154911008,1,3,12136.0,3877,0.3194627554383652,0.1597313777191826,3.0,0.9999939923796312,0.5,0.5,0.1875,0.500175,8,8,['moderate_general_error'],moderate_general_error,Medium_Dice (25-75%)
20160328_151057_1281_1,0.8177520493798822,0.6916925074397055,0.76498194807765,0.8783419670915192,4238,1302,587,224273,4825,5540,0.23501805054151625,0.1216580310880829,3,1,1608.3333333333333,1961,0.40642487046632125,0.20321243523316063,0.3333333333333333,0.9999967835386838,0.5,0.5,0.2109375,0.50135,8,8,['boundary_margin_error'],boundary_margin_error,Medium_Dice (25-75%)
20160328_151057_1281_1081,0.5184357537443612,0.34992458481271077,0.36324220117639144,0.9051620621093575,3016,5287,316,221781,3332,8303,0.6367577983861255,0.09483793517406963,4,4,833.0,2058,0.6176470588235294,0.3088235294117647,1.0,0.9999947866018714,0.5,0.5,0.1640625,0.5008,8,8,"['thin_low_area_failure', 'over_segmentation']",thin_low_area_failure,Low_Dice (<25%)
20160328_151057_1281_361,0.8088331153774176,0.6790258576015518,0.7736554937277389,0.8473621293369266,4963,1452,894,223091,5857,6415,0.22634450506625098,0.15263786921632236,2,1,2928.5,2153,0.3675943315690627,0.18379716578453134,0.5,0.9999961838582476,0.5625,0.4375,0.171875,0.5011749999999999,9,7,['boundary_margin_error'],boundary_margin_error,Medium_Dice (25-75%)
20160328_151057_1281_721,0.8329403226213977,0.7137084236277544,0.8394369625011048,0.8265434686347012,13776,2635,2891,211098,16667,16411,0.1605630369873865,0.17345653086938262,2,3,8333.5,5496,0.32975340493190136,0.16487670246595068,1.5,0.9999952742763909,0.375,0.625,0.1640625,0.5002125,6,10,['boundary_margin_error'],boundary_margin_error,Medium_Dice (25-75%)
20160328_151057_1921_721,0.828617854698615,0.7073847403448513,0.9022689416087959,0.766083421026791,8669,939,2647,218145,11316,9608,0.09773105745212322,0.23391657829621776,1,2,11316.0,3174,0.2804878048780488,0.1402439024390244,2.0,0.9999959936085773,0.4375,0.5625,0.1640625,0.5005875,7,9,['boundary_margin_error'],boundary_margin_error,Medium_Dice (25-75%)
20160328_151057_641_1081,0.7412455037466917,0.5888721795656058,0.6478081048009792,0.8661800467458969,3916,2129,605,223750,4521,6045,0.352191894127378,0.13381995133819952,2,1,2260.5,2225,0.49214775492147755,0.24607387746073878,0.5,0.9999974493020085,0.5625,0.4375,0.15625,0.5011625,9,7,['boundary_margin_error'],boundary_margin_error,Medium_Dice (25-75%)
20160328_151057_641_721,0.7885130602909302,0.6508638553547148,0.7427444783237469,0.8402926466090425,4709,1631,895,223165,5604,6340,0.2572555205047319,0.15970735189150606,2,1,2802.0,1913,0.3413633119200571,0.17068165596002854,0.5,0.9999965229473803,0.6875,0.3125,0.1875,0.5014875,11,5,['boundary_margin_error'],boundary_margin_error,Medium_Dice (25-75%)
20160328_151244_1281_1081,0.7696916555659631,0.6256087419451215,0.6373234108850399,0.9714575547694667,21068,11989,619,196724,21687,33057,0.36267658892216476,0.028542444782588647,1,5,21687.0,1886,0.08696454096924425,0.043482270484622124,5.0,0.9999963717941097,0.3125,0.6875,0.1640625,0.49931249999999994,5,11,['boundary_margin_error'],boundary_margin_error,Medium_Dice (25-75%)
20160328_151244_1281_361,0.8735673279555116,0.7755166816761245,0.8337693850400905,0.9173550267345202,21989,4384,1981,202046,23970,26373,0.16623061464376446,0.08264497288277013,1,2,23970.0,3379,0.14096787651230705,0.07048393825615352,2.0,0.9999924440813478,0.3125,0.6875,0.1875,0.4995125,5,11,['high_quality'],high_quality,High_Dice (>75%)
20160328_151244_1281_721,0.8414547984476115,0.7263029507352041,0.8051906115305058,0.8811395757771334,39898,9653,5382,175467,45280,49551,0.19480938830699684,0.11886042402826855,6,3,7546.666666666667,6598,0.1457155477031802,0.0728577738515901,0.5,0.9999924891949059,0.3125,0.6875,0.1953125,0.49917500000000004,5,11,"['complex_topology', 'boundary_margin_error']",complex_topology,Medium_Dice (25-75%)
20160328_151244_1921_1081,0.7025605316759027,0.5414977336733869,0.6861589593741932,0.7197654133463854,4541,2077,1768,222014,6309,6618,0.31384103958899967,0.28023458551275954,3,2,2103.0,1675,0.26549373910286894,0.13274686955143447,0.6666666666666666,0.9999941694271354,0.5625,0.4375,0.1484375,0.499525,9,7,['boundary_margin_error'],boundary_margin_error,Medium_Dice (25-75%)
20160328_151244_1921_361,0.8791438014057404,0.784350215940576,0.9060990934358342,0.8537459483751727,27395,2839,4693,195473,32088,30234,0.09390090626447047,0.1462540513587634,2,1,16044.0,3054,0.09517576664173523,0.047587883320867615,0.5,0.9999916625327513,0.375,0.625,0.1640625,0.49905,6,10,['high_quality'],high_quality,High_Dice (>75%)
20160328_151244_1921_721,0.8841300354532524,0.7923235354868388,0.8282092553665574,0.9481491716886302,41162,8538,2251,178449,43413,49700,0.17179074446680082,0.051850828092967545,4,2,10853.25,5681,0.1308594199894041,0.06542970999470205,0.5,0.9999951171422294,0.3125,0.6875,0.1796875,0.4989625,5,11,['high_quality'],high_quality,High_Dice (>75%)
20160328_151244_1_1,0.8623116661814282,0.7579506975228788,0.8871768275845704,0.8388023110352645,23952,3046,4603,198799,28555,26998,0.11282317208682124,0.16119768867098583,1,1,28555.0,4036,0.1413412712309578,0.0706706356154789,1.0,0.999992980417985,0.4375,0.5625,0.1640625,0.49902500000000005,7,9,['high_quality'],high_quality,Medium_Dice (25-75%)
20160328_151244_1_1081,0.8379132369661646,0.7210418908641917,0.8617128089776033,0.8153929675371346,6007,964,1360,222069,7367,6971,0.13828718978625734,0.18460703135604722,1,1,7367.0,1519,0.20618976516899687,0.10309488258449843,1.0,0.999995570837382,0.5625,0.4375,0.171875,0.4999625,9,7,['boundary_margin_error'],boundary_margin_error,Medium_Dice (25-75%)
20160328_151244_1_721,0.8910139424067416,0.8034491834283618,0.8579260574209615,0.9267564279577059,18309,3032,1447,207612,19756,21341,0.14207394217703012,0.07324357157319296,1,1,19756.0,2941,0.14886616724033205,0.07443308362016603,1.0,0.9999944503711651,0.5,0.5,0.1875,0.4996,8,8,['high_quality'],high_quality,High_Dice (>75%)
20160328_151244_641_1,0.8890766389734582,0.8003042065403257,0.8647923871692075,0.9147641483667639,19994,3126,1863,205417,21857,23120,0.1352076124567474,0.08523585121471382,1,4,21857.0,3341,0.15285720821704718,0.07642860410852359,4.0,0.9999912512034378,0.375,0.625,0.15625,0.49917500000000004,6,10,['high_quality'],high_quality,High_Dice (>75%)
20160328_151244_641_361,0.8923350338553186,0.8056001238002173,0.8676142693045629,0.9185058415446089,15565,2375,1381,211079,16946,17940,0.13238573021181718,0.08149415791337189,1,1,16946.0,2183,0.12882096069868995,0.06441048034934498,1.0,0.9999952792129304,0.5,0.5,0.171875,0.4998375,8,8,['high_quality'],high_quality,High_Dice (>75%)
20160328_151244_641_721,0.8905340698995825,0.8026691453418316,0.8616535992762555,0.9214176827512542,48356,7764,4124,170156,52480,56120,0.1383464005702067,0.07858231707317073,1,1,52480.0,5253,0.1000952743902439,0.05004763719512195,1.0,0.9999940482642489,0.375,0.625,0.1796875,0.4995875,6,10,['high_quality'],high_quality,High_Dice (>75%)
20160328_151752_1281_361,0.7684005659446801,0.6239046111076452,0.7918920556786653,0.7462626721196731,13029,3424,4430,209517,17459,16453,0.20810794384002917,0.2537373274528896,2,1,8729.5,2428,0.13906867518185462,0.06953433759092731,0.5,0.9999934877114806,0.375,0.625,0.15625,0.5001500000000001,6,10,['boundary_margin_error'],boundary_margin_error,Medium_Dice (25-75%)
20160328_151752_1281_721,0.812405216247797,0.6840761069032357,0.8834102887806559,0.7519651870410371,5357,707,1767,222569,7124,6064,0.11658970976253298,0.24803481190342505,1,2,7124.0,1432,0.20101066816395283,0.10050533408197641,2.0,0.9999969080658544,0.5,0.5,0.15625,0.5008999999999999,8,8,['boundary_margin_error'],boundary_margin_error,Medium_Dice (25-75%)
20160328_151752_1921_721,0.7810484235529552,0.640754266735949,0.8874780629258398,0.6974121843524733,17194,2180,7460,203566,24654,19374,0.11252193661608341,0.3025878153646467,4,1,6163.5,4532,0.18382412590249048,0.09191206295124524,0.25,0.9999968488130482,0.5625,0.4375,0.1484375,0.49971250000000006,9,7,['boundary_margin_error'],boundary_margin_error,Medium_Dice (25-75%)
20160328_151752_1_361,0.7495848159105619,0.5994687408218059,0.6400607745555529,0.9043291585657752,12638,7107,1337,209318,13975,19745,0.3599392251202836,0.09567084078711986,1,1,13975.0,2708,0.19377459749552772,0.09688729874776386,1.0,0.9999964799870829,0.4375,0.5625,0.1484375,0.5002125,7,9,['boundary_margin_error'],boundary_margin_error,Medium_Dice (25-75%)
20160328_151752_1_721,0.46410756785055834,0.30217452611642326,0.3026874107420441,0.9944237825797047,1070,2465,6,226859,1076,3535,0.6973125884016973,0.0055762081784386614,5,2,215.2,573,0.5325278810408922,0.2662639405204461,0.4,0.9999979974715278,0.625,0.375,0.171875,0.5009250000000001,10,6,"['false_crack_high_fp', 'thin_low_area_failure', 'over_segmentation', 'complex_topology']",false_crack_high_fp,Low_Dice (<25%)
20160328_151752_641_361,0.789589357827741,0.6523318040319832,0.7654182548708597,0.8153368366864133,17065,5230,3865,204240,20930,22295,0.2345817447858264,0.18466316292403248,5,1,4186.0,3827,0.18284758719541327,0.09142379359770664,0.2,0.999995725875618,0.4375,0.5625,0.140625,0.5004,7,9,"['complex_topology', 'boundary_margin_error']",complex_topology,Medium_Dice (25-75%)
20160328_152022_1281_721,0.900790764472727,0.8194898071800062,0.848715481046069,0.9596742281193372,29105,5188,1223,194884,30328,34293,0.15128451870644155,0.040325771564231075,1,1,30328.0,3008,0.09918227380638354,0.04959113690319177,1.0,0.9999948469879386,0.375,0.625,0.15625,0.5002625,6,10,['high_quality'],high_quality,High_Dice (>75%)
20160328_152022_1921_1,0.8145342168097821,0.6871005712351996,0.7252152296749665,0.9289449739325318,8171,3096,625,218508,8796,11267,0.2747847696813704,0.0710550250113688,1,3,8796.0,850,0.09663483401546158,0.04831741700773079,3.0,0.9999954645064054,0.5,0.5,0.1484375,0.5001375,8,8,['boundary_margin_error'],boundary_margin_error,Medium_Dice (25-75%)
20160328_152022_1921_361,0.7371098172550399,0.5836689740139493,0.6237473936970384,0.9008304594721818,18549,11189,2042,198620,20591,29738,0.3762526060932141,0.09916954009033073,3,1,6863.666666666667,3230,0.15686464960419602,0.07843232480209801,0.3333333333333333,0.9999977131317379,0.375,0.625,0.1640625,0.49936250000000004,6,10,['boundary_margin_error'],boundary_margin_error,Medium_Dice (25-75%)
20160328_152022_1921_721,0.8453859897801378,0.7321806095347474,0.7628825420793938,0.947898337294332,9697,3014,533,217156,10230,12711,0.23711745732043113,0.05210166177908113,1,3,10230.0,1710,0.16715542521994134,0.08357771260997067,3.0,0.999996566038738,0.5625,0.4375,0.15625,0.4998375,9,7,['boundary_margin_error'],boundary_margin_error,Medium_Dice (25-75%)
20160328_152022_1_1081,0.6685975891485576,0.5021754382440874,0.5346283148788732,0.8921580839145268,7156,6229,865,216150,8021,13385,0.4653716847217034,0.10784191497319537,1,5,8021.0,2299,0.28662261563396085,0.14331130781698043,5.0,0.9999967907976347,0.5,0.5,0.1640625,0.49997499999999995,8,8,['fragmented_prediction'],fragmented_prediction,Low_Dice (<25%)
20160328_152022_1_361,0.6581604028909698,0.49049111705226517,0.5091106279628836,0.9306106227969443,2347,2263,175,225615,2522,4610,0.49088937093275486,0.06938937351308486,2,2,1261.0,818,0.32434575733544807,0.16217287866772404,1.0,0.9999975429712871,0.5625,0.4375,0.171875,0.5003375,9,7,['moderate_general_error'],moderate_general_error,Low_Dice (<25%)
20160328_152022_1_721,0.7222483532912463,0.5652494012835916,0.6401917858659665,0.828432693784148,6142,3452,1272,219534,7414,9594,0.35980821346675007,0.17156730509846238,2,5,3707.0,1733,0.23374696520097113,0.11687348260048556,2.5,0.9999969813069143,0.5625,0.4375,0.1484375,0.5005999999999999,9,7,['boundary_margin_error'],boundary_margin_error,Medium_Dice (25-75%)
20160328_152022_641_361,0.830785538710448,0.7105501738270983,0.7956294075680544,0.8691921545241699,14891,3825,2241,209443,17132,18716,0.20437059200683907,0.13080784496848002,1,1,17132.0,2760,0.16110203128648143,0.08055101564324071,1.0,0.9999945734438576,0.4375,0.5625,0.140625,0.5004625,7,9,['boundary_margin_error'],boundary_margin_error,Medium_Dice (25-75%)
20160328_152022_641_721,0.7986261846960774,0.664760771811929,0.7047669847704927,0.9213262324576352,14533,6088,1241,208538,15774,20621,0.2952330148877358,0.07867376695828579,3,2,5258.0,2652,0.1681247622670217,0.08406238113351085,0.6666666666666666,0.9999961262647471,0.5,0.5,0.15625,0.5002625,8,8,['boundary_margin_error'],boundary_margin_error,Medium_Dice (25-75%)
20160328_152305_1281_361,0.8881245260630429,0.7987625834738031,0.8379077053858931,0.9447441854606238,15234,2947,891,211328,16125,18181,0.1620922941532369,0.05525581395348837,2,2,8062.5,1636,0.10145736434108527,0.05072868217054263,1.0,0.999993595848607,0.5,0.5,0.1328125,0.5011125,8,8,['high_quality'],high_quality,High_Dice (>75%)
20160328_152305_1281_721,0.802779467545301,0.6705360004971991,0.6990296672434588,0.9426938400069987,12535,5397,762,211706,13297,17932,0.3009703323667187,0.05730615928404904,2,3,6648.5,1594,0.11987666390915244,0.05993833195457622,1.5,0.9999953759379943,0.4375,0.5625,0.1640625,0.50095,7,9,['boundary_margin_error'],boundary_margin_error,Medium_Dice (25-75%)
20160328_152305_1921_361,0.7921541384922209,0.6558404211472468,0.6703898512777259,0.9679681911329663,21667,10653,717,197363,22384,32320,0.3296101485148515,0.03203180843459614,3,2,7461.333333333333,2186,0.0976590421729807,0.04882952108649035,0.6666666666666666,0.9999971458568594,0.5625,0.4375,0.1484375,0.5001625000000001,9,7,['boundary_margin_error'],boundary_margin_error,Medium_Dice (25-75%)
20160328_152305_1921_721,0.9225593418096818,0.8562507222989183,0.9071306046881091,0.9385219920531613,14808,1516,970,213106,15778,16324,0.0928693947561872,0.061478007352009124,1,1,15778.0,1312,0.08315375839776905,0.041576879198884524,1.0,0.9999961550297182,0.5,0.5,0.1640625,0.5005625,8,8,['high_quality'],high_quality,High_Dice (>75%)
20160328_152305_1_361,0.7747475438707332,0.6323166625743908,0.6916896653224841,0.8804746655629052,11278,5027,1531,212564,12809,16305,0.3083103342532965,0.11952533374970724,1,1,12809.0,3367,0.26286205012100866,0.13143102506050433,1.0,0.9999952165540982,0.625,0.375,0.171875,0.501325,10,6,['boundary_margin_error'],boundary_margin_error,Medium_Dice (25-75%)
20160328_152305_641_361,0.75373660435923,0.6047971937518826,0.6482930079144424,0.900143133030106,10691,5800,1186,212723,11877,16491,0.3517069916924383,0.0998568662120064,2,2,5938.5,2578,0.2170581796750021,0.10852908983750105,1.0,0.9999931574578195,0.5625,0.4375,0.15625,0.501175,9,7,['boundary_margin_error'],boundary_margin_error,Medium_Dice (25-75%)
20160328_152305_641_721,0.8004355852468075,0.6672718658559867,0.74272910959374,0.8678644759405213,16906,5856,2574,205064,19480,22762,0.25727089007995785,0.13213552361396305,2,2,9740.0,2953,0.15159137577002055,0.07579568788501027,1.0,0.9999960456727277,0.375,0.625,0.15625,0.5007874999999999,6,10,['boundary_margin_error'],boundary_margin_error,Medium_Dice (25-75%)
20160328_152511_1281_361,0.7027723380898834,0.5417494235784942,0.5876421918410529,0.8740066638374691,6819,4785,983,217813,7802,11604,0.4123578076525336,0.12599333504229684,3,2,2600.6666666666665,2301,0.2949243783645219,0.14746218918226095,0.6666666666666666,0.9999967386356441,0.5,0.5,0.1796875,0.501,8,8,['moderate_general_error'],moderate_general_error,Medium_Dice (25-75%)
20160328_152511_1281_721,0.8559851419415963,0.7482290425793551,0.7760600018734731,0.9542631263800807,5070,1463,243,223624,5313,6533,0.22393999693861932,0.045736871823828344,1,1,5313.0,1252,0.23564840956145303,0.11782420478072651,1.0,0.9999967636587785,0.5625,0.4375,0.1875,0.5010375,9,7,['high_quality'],high_quality,Medium_Dice (25-75%)
20160328_152511_1921_361,0.707197537078376,0.5470267557196399,0.6289625355699118,0.8076602823502079,8730,5150,2079,214441,10809,13880,0.37103746397694526,0.19233971690258117,2,2,5404.5,1974,0.1826255897862892,0.0913127948931446,1.0,0.9999973379009309,0.5625,0.4375,0.1875,0.500525,9,7,['boundary_margin_error'],boundary_margin_error,Medium_Dice (25-75%)
20160328_152511_1921_721,0.5860146538817979,0.4144418154619333,0.7784595836257733,0.4698595140870249,3679,1047,4151,221523,7830,4726,0.2215404147270419,0.5301404853128991,1,1,7830.0,1447,0.18480204342273307,0.09240102171136653,1.0,0.9999973081345539,0.5625,0.4375,0.1875,0.50085,9,7,['moderate_general_error'],moderate_general_error,Low_Dice (<25%)
20160328_152511_1_361,0.6542856077061723,0.4861994576656898,0.5444072832005405,0.819733282831546,8790,7356,1933,212321,10723,16146,0.45559271646228167,0.18026671640399142,1,1,10723.0,3459,0.3225776368553576,0.1612888184276788,1.0,0.9999961114287487,0.5,0.5,0.1796875,0.500975,8,8,['moderate_general_error'],moderate_general_error,Low_Dice (<25%)
20160328_152511_641_361,0.7807682894602495,0.6403772824401077,0.6463766644825155,0.9857131817239068,12764,6983,185,210468,12949,19747,0.3536233351901555,0.014286817514866013,1,1,12949.0,2798,0.21607846165727082,0.10803923082863541,1.0,0.9999950197220913,0.4375,0.5625,0.1640625,0.500975,7,9,['boundary_margin_error'],boundary_margin_error,Medium_Dice (25-75%)
20160328_152511_641_721,0.5608240089489895,0.3896841056523097,0.409810536180092,0.8880764854438893,1579,2274,199,226348,1778,3853,0.5901894627562938,0.11192350956130484,1,3,1778.0,514,0.2890888638920135,0.14454443194600675,3.0,0.9999974795185353,0.6875,0.3125,0.1875,0.50145,11,5,['over_segmentation'],over_segmentation,Low_Dice (<25%)
20160328_152747_1281_361,0.7995239036700956,0.6660056840068704,0.7545304771944508,0.8502236091045282,10076,3278,1775,215271,11851,13354,0.24546952224052718,0.14977639017804403,2,2,5925.5,3166,0.26715045143869715,0.13357522571934857,1.0,0.9999958774854361,0.5,0.5,0.171875,0.5006875,8,8,['boundary_margin_error'],boundary_margin_error,Medium_Dice (25-75%)
20160328_152747_1281_721,0.7062593447847483,0.5459048859118069,0.5723684190707464,0.9219185670835551,1653,1235,140,227372,1793,2888,0.4276315789473684,0.0780814277746793,1,2,1793.0,390,0.21751254880089235,0.10875627440044618,2.0,0.9999968849017074,0.625,0.375,0.1796875,0.500925,10,6,['moderate_general_error'],moderate_general_error,Medium_Dice (25-75%)
20160328_152747_1921_361,0.8075764095831319,0.6772563173635349,0.8221339249607725,0.7935254634292903,14070,3044,3661,209625,17731,17114,0.1778660745588407,0.2064745361231741,1,1,17731.0,3321,0.18729908070610796,0.09364954035305398,1.0,0.999993849010001,0.5,0.5,0.1640625,0.5001625,8,8,['boundary_margin_error'],boundary_margin_error,Medium_Dice (25-75%)
20160328_152747_1_361,0.7627036223507968,0.6164275885135079,0.6726467009701618,0.8806026004672943,9411,4580,1276,215133,10687,13991,0.32735329854906725,0.11939739870871152,1,1,10687.0,2884,0.26986057827266774,0.13493028913633387,1.0,0.9999968760684952,0.625,0.375,0.171875,0.5010875,10,6,['boundary_margin_error'],boundary_margin_error,Medium_Dice (25-75%)
20160328_152747_641_361,0.7620805801392406,0.6156140439455737,0.6682381002679552,0.8865862841849388,11765,5841,1505,211289,13270,17606,0.33176189935249345,0.11341371514694801,1,1,13270.0,3624,0.27309721175584023,0.13654860587792012,1.0,0.9999971407032096,0.625,0.375,0.15625,0.5010749999999999,10,6,['boundary_margin_error'],boundary_margin_error,Medium_Dice (25-75%)
20160328_153548_1281_1081,0.64549180107414,0.4765506783835064,0.5675675641587534,0.7482185213917774,945,720,318,228417,1263,1665,0.43243243243243246,0.2517814726840855,1,2,1263.0,218,0.1726049089469517,0.08630245447347586,2.0,0.999995677383539,0.5625,0.4375,0.2109375,0.5012624999999999,9,7,['moderate_general_error'],moderate_general_error,Low_Dice (<25%)
20160328_153548_1281_361,0.8910298132463027,0.8034749931868104,0.9450428045497891,0.8428571418191415,6844,398,1276,221882,8120,7242,0.05495719414526374,0.15714285714285714,1,2,8120.0,1052,0.12955665024630542,0.06477832512315271,2.0,0.9999935954467106,0.5,0.5,0.1640625,0.5005375000000001,8,8,['high_quality'],high_quality,High_Dice (>75%)
20160328_153548_1281_721,0.814980335928677,0.6877357065356053,0.8281261349894187,0.8022453717173769,22795,4731,5619,197255,28414,27526,0.17187386470972899,0.19775462800028154,3,4,9471.333333333334,4591,0.161575279791652,0.080787639895826,1.3333333333333333,0.9999961949086374,0.375,0.625,0.171875,0.49998750000000003,6,10,['boundary_margin_error'],boundary_margin_error,Medium_Dice (25-75%)
20160328_153548_1921_361,0.910333675984737,0.8354242541242248,0.9046158334029976,0.916124259677423,12386,1306,1134,215574,13520,13692,0.09538416593631317,0.08387573964497042,1,1,13520.0,1494,0.11050295857988165,0.05525147928994083,1.0,0.999997068862844,0.5,0.5,0.171875,0.5001,8,8,['high_quality'],high_quality,High_Dice (>75%)
20160328_153548_1921_721,0.9033582393454967,0.8237496252252423,0.8830800508973244,0.9245896123454593,16503,2185,1346,210366,17849,18688,0.11691994863013698,0.07541038713653427,2,1,8924.5,2779,0.15569499691859487,0.07784749845929743,0.5,0.9999975972837722,0.4375,0.5625,0.171875,0.4998625,7,9,['high_quality'],high_quality,High_Dice (>75%)
20160328_153548_1_1,0.7939751472840528,0.6583406183513006,0.8319217208522691,0.7593392870645639,15814,3195,5012,206379,20826,19009,0.16807827871008468,0.24066071257082494,1,1,20826.0,3686,0.1769903005858062,0.0884951502929031,1.0,0.9999963783058209,0.5,0.5,0.15625,0.5001249999999999,8,8,['boundary_margin_error'],boundary_margin_error,Medium_Dice (25-75%)
20160328_153548_1_1081,0.7632404953586317,0.61712927411862,0.731316569134909,0.7980787701575156,24924,9157,6306,190013,31230,34081,0.2686834306505091,0.20192122958693565,1,1,31230.0,4278,0.13698366954851104,0.06849183477425552,1.0,0.9999988064188234,0.4375,0.5625,0.1875,0.500375,7,9,['boundary_margin_error'],boundary_margin_error,Medium_Dice (25-75%)
20160328_153548_641_1,0.7371228531945967,0.5836853212992538,0.6488628016891228,0.8531738358997225,4422,2393,761,222824,5183,6815,0.3511371973587674,0.14682616245417712,1,2,5183.0,1078,0.20798765193903146,0.10399382596951573,2.0,0.9999977760704137,0.5,0.5,0.1484375,0.5004375,8,8,['boundary_margin_error'],boundary_margin_error,Medium_Dice (25-75%)
20160328_153548_641_1081,0.7155440969181587,0.557079534767467,0.6737129560666972,0.7629137551466535,13322,6452,4140,206486,17462,19774,0.32628704359259636,0.23708624441644716,1,1,17462.0,3550,0.2032985912266636,0.1016492956133318,1.0,0.9999974619319207,0.4375,0.5625,0.15625,0.5005875,7,9,['boundary_margin_error'],boundary_margin_error,Medium_Dice (25-75%)
20160328_153548_641_361,0.6565019787007023,0.48865124346502486,0.575208734007439,0.7645552317490948,4478,3307,1379,221236,5857,7785,0.424791265253693,0.23544476694553526,10,3,585.7,2268,0.38722895680382446,0.19361447840191223,0.3,0.9999948997748873,0.375,0.625,0.171875,0.5004,6,10,['complex_topology'],complex_topology,Low_Dice (<25%)
20160328_153548_641_721,0.7773379355932045,0.6357749685890101,0.7875890388323243,0.767350255866356,12273,3310,3721,211096,15994,15583,0.21241096066226015,0.2326497436538702,2,1,7997.0,3223,0.2015130674002751,0.10075653370013755,0.5,0.9999948323414988,0.4375,0.5625,0.15625,0.50055,7,9,['boundary_margin_error'],boundary_margin_error,Medium_Dice (25-75%)
20160328_153604_1281_1,0.616777883331281,0.44589937935398055,0.469904675015974,0.8972092201469766,5176,5839,593,218792,5769,11015,0.5300953245574217,0.10279077829779858,1,1,5769.0,1772,0.3071589530247877,0.15357947651239384,1.0,0.9999967379913572,0.4375,0.5625,0.171875,0.500325,7,9,['moderate_general_error'],moderate_general_error,Low_Dice (<25%)
20160328_153604_1281_361,0.7744788035868806,0.6319587175265847,0.7085212783347121,0.8539770707635167,14451,5945,2471,207533,16922,20396,0.2914787213179055,0.1460229287318284,1,1,16922.0,3158,0.18662096678879564,0.09331048339439782,1.0,0.9999965691534107,0.375,0.625,0.1640625,0.4998625,6,10,['boundary_margin_error'],boundary_margin_error,Medium_Dice (25-75%)
20160328_153604_1281_721,0.6046165725795553,0.4332978023805765,0.454834961288103,0.9014841343385499,10569,12668,1155,206008,11724,23237,0.5451650385161596,0.09851586489252814,1,4,11724.0,2934,0.2502558853633572,0.1251279426816786,4.0,0.9999972565209034,0.5,0.5,0.15625,0.5003,8,8,['fragmented_prediction'],fragmented_prediction,Low_Dice (<25%)
20160328_153604_1921_361,0.7364964578156373,0.5829001923828183,0.6677147440007261,0.8210760111705528,9981,4967,2175,213277,12156,14948,0.33228525555258226,0.17892398815399801,2,2,6078.0,3155,0.25954261270154655,0.12977130635077327,1.0,0.9999983141271085,0.625,0.375,0.1796875,0.50005,10,6,['boundary_margin_error'],boundary_margin_error,Medium_Dice (25-75%)
20160328_153604_1921_721,0.7762167769669657,0.6342763672173767,0.6629939205528154,0.9360750997442333,10470,5322,715,213893,11185,15792,0.33700607902735563,0.06392489941886455,1,1,11185.0,2448,0.218864550737595,0.1094322753687975,1.0,0.9999990287723077,0.5,0.5,0.15625,0.4998125,8,8,['boundary_margin_error'],boundary_margin_error,Medium_Dice (25-75%)
20160328_153604_1_1,0.8213772768835976,0.6968958435756184,0.7424159601377317,0.919133817527378,10866,3770,956,214808,11822,14636,0.257584039355015,0.08086618169514465,1,1,11822.0,2152,0.18203349687024192,0.09101674843512096,1.0,0.9999974962197369,0.4375,0.5625,0.171875,0.5000875,7,9,['boundary_margin_error'],boundary_margin_error,Medium_Dice (25-75%)
20160328_153604_1_361,0.7557977181148313,0.607455659838266,0.6495931624131633,0.9035173417167258,11097,5986,1185,212132,12282,17083,0.3504068372065796,0.09648265754763068,1,1,12282.0,2675,0.21779840416870216,0.10889920208435108,1.0,0.9999971635199876,0.5625,0.4375,0.15625,0.500175,9,7,['boundary_margin_error'],boundary_margin_error,Medium_Dice (25-75%)
20160328_153604_641_1,0.7576560528397307,0.6098601394336642,0.6430941666225986,0.9218816057908229,8721,4840,739,216100,9460,13561,0.35690583290317823,0.0781183932346723,1,2,9460.0,1886,0.19936575052854122,0.09968287526427061,2.0,0.9999975153076861,0.4375,0.5625,0.171875,0.5001,7,9,['boundary_margin_error'],boundary_margin_error,Medium_Dice (25-75%)
20160328_153604_641_1081,0.8571645875526912,0.7500332753227591,0.8449542655845683,0.8697329830376431,16905,3102,2532,207861,19437,20007,0.15504573399310242,0.13026701651489428,1,1,19437.0,2413,0.1241446725317693,0.06207233626588465,1.0,0.9999976952830937,0.4375,0.5625,0.171875,0.500325,7,9,['high_quality'],high_quality,Medium_Dice (25-75%)
20160328_153604_641_361,0.7665430050341928,0.6214590441034731,0.6692855498877622,0.8968723058140178,14567,7198,1675,206960,16242,21765,0.33071444980473236,0.10312769363378894,3,1,5414.0,4470,0.27521241226449944,0.13760620613224972,0.3333333333333333,0.9999952825789726,0.3125,0.6875,0.1640625,0.4991375,5,11,['boundary_margin_error'],boundary_margin_error,Medium_Dice (25-75%)
20160328_153604_641_721,0.7835733395112967,0.6441599522296674,0.7028368025548286,0.8852659460055254,13032,5510,1689,210169,14721,18542,0.29716319706612015,0.11473405339311188,2,2,7360.5,3390,0.23028326879967392,0.11514163439983696,1.0,0.9999971847527237,0.375,0.625,0.171875,0.4997375,6,10,['boundary_margin_error'],boundary_margin_error,Medium_Dice (25-75%)
20160328_153620_1281_1081,0.8771559294664627,0.7811912201216575,0.9078324192792989,0.8484848455958977,2492,253,445,227210,2937,2745,0.09216757741347906,0.15151515151515152,1,1,2937.0,555,0.18896833503575078,0.09448416751787539,1.0,0.999995403217157,0.5625,0.4375,0.1796875,0.5008625,9,7,['high_quality'],high_quality,High_Dice (>75%)
20160328_153620_1281_361,0.7947809458641493,0.6594493699189081,0.8095598174172086,0.7805319899300698,35330,8311,9934,176825,45264,43641,0.19044018239728697,0.21946800989749027,2,1,22632.0,7174,0.1584924001413927,0.07924620007069635,0.5,0.999997910484645,0.375,0.625,0.171875,0.499,6,10,['boundary_margin_error'],boundary_margin_error,Medium_Dice (25-75%)
20160328_153620_1281_721,0.8373354447515915,0.720186610120484,0.7397859239052099,0.9645186295596668,21149,7439,778,201034,21927,28588,0.26021407583601514,0.03548137000045606,12,2,1827.25,5996,0.2734528207233092,0.1367264103616546,0.16666666666666666,0.9999964454957223,0.3125,0.6875,0.1640625,0.4999375,5,11,"['complex_topology', 'boundary_margin_error']",complex_topology,Medium_Dice (25-75%)
20160328_153620_1921_1081,0.857476530181253,0.750511086058727,0.8039248708802116,0.9186717989233187,9545,2328,845,217682,10390,11873,0.19607512844268507,0.08132820019249277,1,3,10390.0,1998,0.1923002887391723,0.09615014436958615,3.0,0.9999971825063331,0.5625,0.4375,0.171875,0.5005,9,7,['high_quality'],high_quality,Medium_Dice (25-75%)
20160328_153620_1921_361,0.8979215347285202,0.8147528175385691,0.833614020827901,0.9729801762542128,29204,5829,811,194556,30015,35033,0.1663859789341478,0.027019823421622523,2,1,15007.5,4710,0.15692153923038482,0.07846076961519241,0.5,0.9999981783863879,0.375,0.625,0.1640625,0.49922500000000003,6,10,['high_quality'],high_quality,High_Dice (>75%)
20160328_153620_1_361,0.9112610903296791,0.8369877132485476,0.8695727680706342,0.9571478634603027,30042,4506,1345,194507,31387,34548,0.13042723167766584,0.04285213623474687,2,1,15693.5,3918,0.1248287507566827,0.06241437537834135,0.5,0.9999980029908048,0.375,0.625,0.15625,0.49996250000000003,6,10,['high_quality'],high_quality,High_Dice (>75%)
20160328_153620_1_721,0.9404056154911032,0.8875147218970632,0.8971573137413941,0.9880347467824377,6028,691,73,223608,6101,6719,0.10284268492335169,0.011965251598098673,1,5,6101.0,709,0.11621045730208163,0.05810522865104081,5.0,0.9999984167317977,0.5625,0.4375,0.1640625,0.50085,9,7,['high_quality'],high_quality,High_Dice (>75%)
20160328_153620_641_361,0.8652190185540878,0.762454634595343,0.7810950869974143,0.9696503482941954,6933,1943,217,221307,7150,8876,0.21890491212257773,0.03034965034965035,4,2,1787.5,1854,0.2593006993006993,0.12965034965034966,0.5,0.9999956047392144,0.5,0.5,0.140625,0.5002375,8,8,['high_quality'],high_quality,Medium_Dice (25-75%)
20160328_153620_641_721,0.8707277883809009,0.7710521691953184,0.8229471314542656,0.92439876996917,43896,9444,3590,173470,47486,53340,0.17705286839145107,0.07560122983616224,3,1,15828.666666666666,8363,0.17611506549298742,0.08805753274649371,0.3333333333333333,0.9999969698291442,0.375,0.625,0.1640625,0.4993375,6,10,['high_quality'],high_quality,High_Dice (>75%)
20160328_153629_1281_361,0.958460531531585,0.9202344803514766,0.9232304128090418,0.9964860564537679,8791,731,31,220847,8822,9522,0.07676958622138207,0.003513942416685559,1,1,8822.0,698,0.07912038086601678,0.03956019043300839,1.0,0.9999967023742767,0.5625,0.4375,0.1484375,0.500475,9,7,['high_quality'],high_quality,High_Dice (>75%)
20160328_153629_1281_721,0.9072062973381403,0.830171600667482,0.8882253244741243,0.927016213549372,22012,2770,1733,203885,23745,24782,0.11177467516746026,0.07298378606022321,1,1,23745.0,3705,0.1560328490208465,0.07801642451042325,1.0,0.9999979374520674,0.4375,0.5625,0.1796875,0.50005,7,9,['high_quality'],high_quality,High_Dice (>75%)
20160328_153629_1921_361,0.9188135486060112,0.8498197026251781,0.8976749852522549,0.9409716673775923,29459,3358,1848,195735,31307,32817,0.10232501447420544,0.059028332321844956,1,1,31307.0,3988,0.1273836522183537,0.06369182610917686,1.0,0.9999974394487412,0.375,0.625,0.171875,0.499275,6,10,['high_quality'],high_quality,High_Dice (>75%)
20160328_153629_1_361,0.9058812240915172,0.827955103265031,0.8432293126372816,0.9785904646199021,33047,6144,723,190486,33770,39191,0.1567706871475594,0.021409535090316848,3,1,11256.666666666666,4891,0.14483269173822919,0.07241634586911459,0.3333333333333333,0.9999971998903157,0.4375,0.5625,0.1484375,0.4998375,7,9,['high_quality'],high_quality,High_Dice (>75%)
20160328_153629_641_361,0.8363962344973571,0.7187981504477672,0.7679012339358837,0.9183070857103277,9330,2820,830,217420,10160,12150,0.23209876543209876,0.08169291338582677,2,1,5080.0,1951,0.19202755905511812,0.09601377952755906,0.5,0.9999968507347861,0.625,0.375,0.1640625,0.5005,10,6,['boundary_margin_error'],boundary_margin_error,Medium_Dice (25-75%)
20160328_153629_641_721,0.9367210767339355,0.8809739911486419,0.8990673307464331,0.9776666315940167,28148,3160,643,198449,28791,31308,0.10093266896639837,0.02233336806640964,6,1,4798.5,3676,0.12767878851029835,0.06383939425514917,0.16666666666666666,0.9999970282173429,0.375,0.625,0.171875,0.50005,6,10,"['complex_topology', 'high_quality']",complex_topology,High_Dice (>75%)
20160328_153829_1281_361,0.8709109801356548,0.7713395178001915,0.7897924308212815,0.9706000429354869,31429,8365,952,189654,32381,39794,0.21020756898024828,0.029399956764769464,7,1,4625.857142857143,7820,0.24149964485346345,0.12074982242673173,0.14285714285714285,0.9999960248636124,0.3125,0.6875,0.1640625,0.4988125,5,11,"['complex_topology', 'high_quality']",complex_topology,High_Dice (>75%)
20160328_153829_1281_721,0.8071674370390799,0.6766812561148403,0.7443641918486229,0.8815448396020091,3401,1168,457,225374,3858,4569,0.2556358065222149,0.11845515811301192,3,1,1286.0,1468,0.3805080352514256,0.1902540176257128,0.3333333333333333,0.9999975944737516,0.5625,0.4375,0.1953125,0.500425,9,7,['boundary_margin_error'],boundary_margin_error,Medium_Dice (25-75%)
20160328_153829_1921_1,0.8125960059710283,0.6843467009183748,0.7041597335166723,0.9605083971551378,19044,8001,783,202572,19827,27045,0.2958402662229617,0.03949160236041761,14,1,1416.2142857142858,6747,0.3402935391133303,0.17014676955666516,0.07142857142857142,0.9999987315261264,0.375,0.625,0.15625,0.4990125,6,10,"['complex_topology', 'boundary_margin_error']",complex_topology,Medium_Dice (25-75%)
20160328_153829_1921_361,0.8199090793566743,0.6947846687183235,0.7184882518519137,0.9546688356279347,3517,1378,167,225338,3684,4895,0.281511746680286,0.04533116178067318,2,2,1842.0,976,0.26492942453854507,0.13246471226927253,1.0,0.9999973341758535,0.4375,0.5625,0.140625,0.49945,7,9,['boundary_margin_error'],boundary_margin_error,Medium_Dice (25-75%)
20160328_153829_1_1,0.8203954007385096,0.6954833859177311,0.7109755053721194,0.9696211366061682,16661,6773,522,206444,17183,23434,0.2890244943244858,0.030378862829540824,4,1,4295.75,5674,0.33021009136937673,0.16510504568468837,0.25,0.9999950562995137,0.3125,0.6875,0.1796875,0.4993375,5,11,['boundary_margin_error'],boundary_margin_error,Medium_Dice (25-75%)
20160328_153829_1_721,0.8685446003726235,0.7676348538870046,0.8519892530996683,0.8857560834076924,6660,1157,859,221724,7519,7817,0.1480107458104132,0.11424391541428382,1,2,7519.0,1642,0.2183801037371991,0.10919005186859955,2.0,0.9999960650937125,0.5625,0.4375,0.15625,0.50025,9,7,['high_quality'],high_quality,High_Dice (>75%)
20160328_153829_641_1,0.8586984700663444,0.7523852790386263,0.821383300732222,0.8995654267868388,14904,3241,1664,210591,16568,18145,0.1786166988151006,0.10043457267020763,5,2,3313.6,3613,0.21807098020280058,0.10903549010140029,0.4,0.9999954489014078,0.4375,0.5625,0.1796875,0.49962500000000004,7,9,"['complex_topology', 'high_quality']",complex_topology,Medium_Dice (25-75%)
20160328_153829_641_1081,0.6533904994621513,0.4852115622243724,0.495762348689528,0.9579818015583428,5791,5890,254,218465,6045,11681,0.5042376508860543,0.04201819685690653,2,1,3022.5,1958,0.323904052936311,0.1619520264681555,0.5,0.9999981600861219,0.4375,0.5625,0.171875,0.500175,7,9,['moderate_general_error'],moderate_general_error,Low_Dice (<25%)
20160328_153829_641_361,0.8460340277701689,0.73315335818383,0.7455390130445159,0.9778424027449905,7061,2410,160,220769,7221,9471,0.25446098616830326,0.02215759590084476,2,1,3610.5,2066,0.2861099570696579,0.14305497853482896,0.5,0.9999972742526253,0.5,0.5,0.15625,0.5003875,8,8,['boundary_margin_error'],boundary_margin_error,Medium_Dice (25-75%)
20160328_153829_641_721,0.7619826586586248,0.6154862563015691,0.6179357903477426,0.9936006783549458,2329,1440,15,226616,2344,3769,0.3820642080127355,0.0063993174061433445,2,2,1172.0,1120,0.4778156996587031,0.23890784982935154,1.0,0.9999979608226686,0.5,0.5,0.15625,0.5005499999999999,8,8,['boundary_margin_error'],boundary_margin_error,Medium_Dice (25-75%)
20160329_103807_1081_1,0.14231701391922733,0.07660995712701184,0.08638342934402327,0.4037403718166096,734,7763,1084,220819,1818,8497,0.9136165705543133,0.5962596259625963,1,9,1818.0,702,0.38613861386138615,0.19306930693069307,9.0,0.9999962785238972,0.625,0.375,0.171875,0.501075,10,6,"['false_crack_high_fp', 'thin_low_area_failure', 'over_segmentation', 'fragmented_prediction']",false_crack_high_fp,Low_Dice (<25%)
20160329_103807_361_1,0.789790063119953,0.6526058323038172,0.8366136030696509,0.7479299634518156,17343,3387,5845,203825,23188,20730,0.16338639652677278,0.25207003622563395,2,1,11594.0,1985,0.08560462308090391,0.04280231154045196,0.5,0.9999960424214425,0.4375,0.5625,0.171875,0.5010875,7,9,['boundary_margin_error'],boundary_margin_error,Medium_Dice (25-75%)
20160329_103807_361_1281,0.741792840397226,0.5895633598456202,0.7677156438540329,0.7175634822498296,23737,7182,9343,190138,33080,30919,0.2322843558976681,0.2824365175332527,4,2,8270.0,5043,0.1524486094316808,0.0762243047158404,0.5,0.9999972759891653,0.4375,0.5625,0.171875,0.500825,7,9,['boundary_margin_error'],boundary_margin_error,Medium_Dice (25-75%)
20160329_103807_361_1921,0.714690906483496,0.5560459426363804,0.8395824966521146,0.6221442168544311,20914,3996,12702,192788,33616,24910,0.160417503010839,0.377855782960495,6,3,5602.666666666667,5092,0.15147548786292242,0.07573774393146121,0.5,0.9999966634707598,0.4375,0.5625,0.15625,0.5010375,7,9,"['complex_topology', 'boundary_margin_error']",complex_topology,Medium_Dice (25-75%)
20160329_103807_361_641,0.8248902359284929,0.7019686680760974,0.878393772337575,0.7775303557040606,37012,5124,10590,177674,47602,42136,0.1216062274539586,0.22246964413259948,3,2,15867.333333333334,4507,0.09468089576068232,0.04734044788034116,0.6666666666666666,0.9999975272891505,0.3125,0.6875,0.1953125,0.5006625,5,11,['boundary_margin_error'],boundary_margin_error,Medium_Dice (25-75%)
20160329_103807_721_1,0.6565488001405942,0.48870312536049176,0.628784933424567,0.6868777423267693,14557,8594,6636,200613,21193,23151,0.3712150663038314,0.3131222573491247,1,3,21193.0,3008,0.14193365733968763,0.07096682866984381,3.0,0.9999972244345152,0.5,0.5,0.171875,0.5009125,8,8,['boundary_margin_error'],boundary_margin_error,Low_Dice (<25%)
20160329_103807_721_1281,0.5183193268599675,0.34981851100313405,0.39927498601948475,0.7385057435895318,1542,2320,546,225992,2088,3862,0.6007250129466598,0.2614942528735632,2,6,1044.0,664,0.31800766283524906,0.15900383141762453,3.0,0.9999947062034173,0.625,0.375,0.1484375,0.5013,10,6,['thin_low_area_failure'],thin_low_area_failure,Low_Dice (<25%)
20160330_165956_1281_721,0.6591380021450798,0.4915778083050705,0.5223316908683648,0.8930376180614296,6362,5818,762,217458,7124,12180,0.4776683087027915,0.10696238068500842,5,1,1424.8,3495,0.49059517125210556,0.24529758562605278,0.2,0.9999941453473316,0.4375,0.5625,0.1328125,0.49974999999999997,7,9,['complex_topology'],complex_topology,Low_Dice (<25%)
20160330_165956_1921_721,0.7274521895574015,0.5716501836613824,0.598092918849571,0.928211585440473,5896,3962,456,220086,6352,9858,0.4019070805437208,0.07178841309823678,2,1,3176.0,3591,0.5653337531486146,0.2826668765743073,0.5,0.9999944158018668,0.75,0.25,0.1953125,0.4996625,12,4,['moderate_general_error'],moderate_general_error,Medium_Dice (25-75%)
20160330_165956_1_1081,0.8296005662745352,0.7088183250686113,0.7993279420357787,0.8622564557518617,7612,1911,1216,219661,8828,9523,0.2006720571248556,0.13774354327140914,1,1,8828.0,3489,0.3952197553239692,0.1976098776619846,1.0,0.9999975885621083,0.5,0.5,0.171875,0.49913749999999996,8,8,['boundary_margin_error'],boundary_margin_error,Medium_Dice (25-75%)
20160330_165956_1_721,0.691059669614378,0.5279535312436952,0.5424126166427828,0.9519356630784821,5090,4294,257,220759,5347,9384,0.45758738277919864,0.048064335141200676,5,3,1069.4,4121,0.7707125490929493,0.38535627454647464,0.6,0.9999964702098587,0.5,0.5,0.1484375,0.4999125,8,8,['complex_topology'],complex_topology,Medium_Dice (25-75%)
20160330_165956_641_721,0.8248623799770924,0.7019283239021936,0.7311919644388933,0.9460585988156692,7717,2837,440,219406,8157,10554,0.2688080348682964,0.05394140002451882,2,1,4078.5,4056,0.49724163295329166,0.24862081647664583,0.5,0.9999973799001447,0.5,0.5,0.1875,0.5000125,8,8,['boundary_margin_error'],boundary_margin_error,Medium_Dice (25-75%)
20160330_170359_1281_721,0.8077868503930457,0.6775523744720939,0.9213070375994757,0.7191729132366119,28590,2442,11164,188204,39754,31032,0.07869296210363495,0.2808270865824823,1,1,39754.0,3228,0.08119937616340495,0.04059968808170247,1.0,0.9999911264517117,0.4375,0.5625,0.15625,0.49998750000000003,7,9,['boundary_margin_error'],boundary_margin_error,Medium_Dice (25-75%)
20160330_170359_1921_361,0.8654485489333629,0.762811195666552,0.8526359915875505,0.8786520489935454,16270,2812,2247,209071,18517,19082,0.14736400796562205,0.12134795053194362,1,2,18517.0,1564,0.08446292595992871,0.04223146297996436,2.0,0.9999936926277209,0.4375,0.5625,0.1875,0.4993625,7,9,['high_quality'],high_quality,Medium_Dice (25-75%)
20160330_170359_1921_721,0.8869228024409602,0.7968205658924357,0.9312959231846792,0.846585832441359,19899,1468,3606,205427,23505,21367,0.06870407637946366,0.1534141671984684,2,3,11752.5,1744,0.07419697936609232,0.03709848968304616,1.5,0.9999928239691832,0.4375,0.5625,0.1640625,0.4998125,7,9,['high_quality'],high_quality,High_Dice (>75%)
20160330_170359_1_721,0.852864404333993,0.7434730537141381,0.8351045223613482,0.8713960863335122,31040,6129,4581,188650,35621,37169,0.164895477413974,0.1286039134218579,1,1,35621.0,3446,0.09674068667359143,0.04837034333679571,1.0,0.9999906961670187,0.4375,0.5625,0.1796875,0.5001875,7,9,['high_quality'],high_quality,Medium_Dice (25-75%)
20160330_170359_641_721,0.8628036793988829,0.7587112829760201,0.854433336181621,0.8713396427392048,27435,4674,4051,194240,31486,32109,0.14556666355227507,0.1286603569840564,1,1,31486.0,3540,0.11243092167947659,0.056215460839738295,1.0,0.9999894905291946,0.4375,0.5625,0.1796875,0.5001,7,9,['high_quality'],high_quality,Medium_Dice (25-75%)
20160330_172309_1281_361,0.8682980811188526,0.7672498090109205,0.821333022192238,0.9209599570614844,7061,1536,606,221197,7667,8597,0.17866697685239036,0.07904004173731577,1,1,7667.0,2848,0.37146211034302856,0.18573105517151428,1.0,0.9999927480829802,0.375,0.625,0.15625,0.49985,6,10,['high_quality'],high_quality,High_Dice (>75%)
20160330_172309_1281_721,0.8662027626052907,0.7639838359420338,0.7881209839247387,0.9614575762010257,25145,6760,1008,197487,26153,31905,0.2118790158282401,0.038542423431346305,4,2,6538.25,4491,0.1717202615378733,0.08586013076893664,0.5,0.9999951754559145,0.3125,0.6875,0.15625,0.5000625,5,11,['high_quality'],high_quality,Medium_Dice (25-75%)
20160330_172309_1921_361,0.8788487675436295,0.7838806595414682,0.791010637877122,0.9886318302163065,14871,3929,171,211429,15042,18800,0.20898936170212765,0.011368169126445952,1,1,15042.0,1696,0.1127509639675575,0.05637548198377875,1.0,0.9999961782878033,0.5,0.5,0.1484375,0.49965000000000004,8,8,['high_quality'],high_quality,High_Dice (>75%)
20160330_172309_1921_721,0.8588738057167234,0.7526545355101315,0.8022070904896891,0.9241547195433298,17083,4212,1402,207703,18485,21295,0.19779290913359943,0.07584527995672166,1,4,18485.0,2827,0.15293481200973763,0.07646740600486882,4.0,0.9999961204857993,0.375,0.625,0.171875,0.49972500000000003,6,10,['high_quality'],high_quality,Medium_Dice (25-75%)
20160330_172309_1_721,0.8906319447562862,0.8028281872246862,0.9022142171298791,0.8793432800457724,17032,1846,2337,209185,19369,18878,0.09778578239220256,0.12065671950023232,1,1,19369.0,3466,0.17894573803500438,0.08947286901750219,1.0,0.9999928483462168,0.5625,0.4375,0.171875,0.500075,9,7,['high_quality'],high_quality,High_Dice (>75%)
20160330_172309_641_361,0.7399138254212421,0.587193035165704,0.587193035165704,0.9999999947061938,1889,1328,0,227183,1889,3217,0.4128069630090146,0.0,1,2,1889.0,624,0.33033350979354154,0.16516675489677077,2.0,0.9999947965788583,0.5625,0.4375,0.1640625,0.5005625,9,7,['moderate_general_error'],moderate_general_error,Medium_Dice (25-75%)
20160330_172309_641_721,0.8619370875383342,0.7573720908573827,0.8497235136201698,0.8745068871258789,27045,4783,3881,194691,30926,31828,0.1502764861128566,0.1254931125913471,3,1,10308.666666666666,6929,0.2240509603569812,0.1120254801784906,0.3333333333333333,0.9999951692007203,0.3125,0.6875,0.15625,0.4996375,5,11,['high_quality'],high_quality,Medium_Dice (25-75%)
20160402_150314_1281_1081,0.7711743758520029,0.6275702269690986,0.6388561301920515,0.9726211805537648,2167,1225,61,226947,2228,3392,0.3611438679245283,0.027378815080789945,1,1,2228.0,838,0.3761220825852783,0.18806104129263915,1.0,0.9999980156035447,0.5625,0.4375,0.1796875,0.5010375,9,7,['boundary_margin_error'],boundary_margin_error,Medium_Dice (25-75%)
20160402_150314_1281_361,0.8439407142395651,0.730015081955279,0.7473329579627556,0.969233568233691,5324,1800,169,223107,5493,7124,0.25266704098820886,0.0307664300018205,1,1,5493.0,1826,0.3324230839249954,0.1662115419624977,1.0,0.9999963954882329,0.5625,0.4375,0.1484375,0.500475,9,7,['boundary_margin_error'],boundary_margin_error,Medium_Dice (25-75%)
20160402_150314_1281_721,0.846575235694248,0.7339665853314695,0.8106398803492263,0.8858443768714169,10895,2545,1404,215556,12299,13440,0.18936011904761904,0.11415562240832589,3,2,4099.666666666667,3719,0.30238230750467515,0.15119115375233758,0.6666666666666666,0.9999968604660476,0.5,0.5,0.1328125,0.5004500000000001,8,8,['boundary_margin_error'],boundary_margin_error,Medium_Dice (25-75%)
20160402_150314_1921_1,0.8505135383517677,0.7399073992852674,0.7931905252584548,0.9167673098663776,9109,2375,827,218089,9936,11484,0.20680947405085337,0.08323268921095008,2,1,4968.0,2878,0.2896537842190016,0.1448268921095008,0.5,0.9999971538693678,0.5625,0.4375,0.1484375,0.5000249999999999,9,7,['high_quality'],high_quality,Medium_Dice (25-75%)
20160402_150314_1921_361,0.8459978142518368,0.7330989704351027,0.7534741502126899,0.9644254679316062,2711,887,100,226702,2811,3598,0.24652584769316288,0.03557452863749555,1,1,2811.0,1008,0.35859124866595515,0.17929562433297758,1.0,0.9999987223393445,0.5,0.5,0.15625,0.500525,8,8,['boundary_margin_error'],boundary_margin_error,Medium_Dice (25-75%)
20160402_150314_1_361,0.9016160009103887,0.8208568238955479,0.8923959354662747,0.9110285749477921,27227,3283,2659,197231,29886,30510,0.10760406424123238,0.08897142474737335,1,1,29886.0,5157,0.172555711704477,0.0862778558522385,1.0,0.9999966716725349,0.4375,0.5625,0.140625,0.4998,7,9,['high_quality'],high_quality,High_Dice (>75%)
20160402_150314_1_721,0.765428624664496,0.61999544129758,0.6740728498603512,0.8854290974444732,8161,3946,1056,217237,9217,12107,0.32592714958288593,0.11457090159487902,2,3,4608.5,3065,0.3325377020722578,0.1662688510361289,1.5,0.9999972209750221,0.5625,0.4375,0.1640625,0.5003375,9,7,['boundary_margin_error'],boundary_margin_error,Medium_Dice (25-75%)
20160402_150314_641_361,0.8698228499044363,0.7696340788971774,0.8934821190800379,0.8473842443206443,7046,840,1269,221245,8315,7886,0.10651787978696424,0.15261575466025257,1,3,8315.0,1802,0.21671677690920024,0.10835838845460012,3.0,0.9999974861927061,0.5625,0.4375,0.171875,0.50055,9,7,['high_quality'],high_quality,High_Dice (>75%)
20160402_150314_641_721,0.8552539742428743,0.7471124205713808,0.8444163696472508,0.8663733843173835,22057,4064,3402,200877,25459,26121,0.1555836300294782,0.1336266153423151,1,1,25459.0,7162,0.28131505557955927,0.14065752778977963,1.0,0.9999921789148858,0.3125,0.6875,0.1640625,0.49987499999999996,5,11,['high_quality'],high_quality,Medium_Dice (25-75%)
20160402_151049_1281_721,0.9376614897955148,0.8826390842359919,0.9027941443677706,0.9753302964960731,34475,3712,872,191341,35347,38187,0.09720585539581533,0.02466970322799672,2,1,17673.5,3596,0.10173423487141765,0.05086711743570883,0.5,0.9999946897845964,0.3125,0.6875,0.15625,0.4997625,5,11,['high_quality'],high_quality,High_Dice (>75%)
20160402_151049_1921_1081,0.9304277640757525,0.8699064287806085,0.9080025200020991,0.9539887449222174,17292,1752,834,210522,18126,19044,0.09199747952110901,0.04601125455147302,1,1,18126.0,1926,0.10625620655412116,0.05312810327706058,1.0,0.9999953639440076,0.5625,0.4375,0.1640625,0.49981249999999994,9,7,['high_quality'],high_quality,High_Dice (>75%)
20160402_151049_1921_721,0.9301833099662092,0.8694791534209744,0.9036903686495691,0.9582765198807942,21084,2247,918,206151,22002,23331,0.0963096309630963,0.04172347968366512,1,1,22002.0,2377,0.10803563312426143,0.05401781656213071,1.0,0.9999945927903957,0.375,0.625,0.15625,0.49935,6,10,['high_quality'],high_quality,High_Dice (>75%)
20160402_151049_1_361,0.8872435656681753,0.7973385174815344,0.820071709018799,0.9664012346768501,23787,5219,827,200567,24614,29006,0.17992829069847618,0.03359876493052734,2,1,12307.0,4093,0.16628747867067523,0.08314373933533761,0.5,0.9999958509251575,0.4375,0.5625,0.171875,0.4997875,7,9,['high_quality'],high_quality,High_Dice (>75%)
20160402_151049_1_721,0.8453695202447667,0.7321559018812445,0.7480024581842117,0.9718783863031896,17038,5740,493,207129,17531,22778,0.2519975414874001,0.028121613142433402,1,1,17531.0,4794,0.2734584450402145,0.13672922252010725,1.0,0.9999948200093354,0.4375,0.5625,0.171875,0.49983750000000005,7,9,['boundary_margin_error'],boundary_margin_error,Medium_Dice (25-75%)
20160402_151049_641_361,0.820075380241866,0.695023534986471,0.6973684186998366,0.9951853587135995,2067,897,10,227426,2077,2964,0.3026315789473684,0.004814636494944632,1,1,2077.0,517,0.24891670678863745,0.12445835339431872,1.0,0.9999934989330246,0.5,0.5,0.1640625,0.4999625,8,8,['boundary_margin_error'],boundary_margin_error,Medium_Dice (25-75%)
20160402_151049_641_721,0.9253576371798157,0.8610842724935943,0.8811961678499745,0.9741789737237225,40105,5407,1063,183825,41168,45512,0.1188038319564071,0.02582102603964244,1,1,41168.0,4241,0.10301690633501749,0.051508453167508746,1.0,0.9999939297362008,0.3125,0.6875,0.1796875,0.499675,5,11,['high_quality'],high_quality,High_Dice (>75%)
20160402_151054_1281_1081,0.9209612041340586,0.8535014752597255,0.8952997461889672,0.9481371082276381,15905,1860,870,211765,16775,17765,0.10470025330706445,0.051862891207153504,1,1,16775.0,2057,0.12262295081967213,0.061311475409836065,1.0,0.9999951946219725,0.3125,0.6875,0.171875,0.5001374999999999,5,11,['high_quality'],high_quality,High_Dice (>75%)
20160402_151054_1281_361,0.9118340398303991,0.8379549381312031,0.8413573073646211,0.9951972538675862,5802,1094,28,223476,5830,6896,0.15864269141531323,0.004802744425385935,1,1,5830.0,732,0.12555746140651802,0.06277873070325901,1.0,0.9999952432416814,0.5,0.5,0.1875,0.4998625,8,8,['high_quality'],high_quality,High_Dice (>75%)
20160402_151054_1281_721,0.9473998117877411,0.9000566619666005,0.9215458762670595,0.974746282517171,41300,3516,1070,184514,42370,44816,0.07845412352731168,0.02525371725277319,1,1,42370.0,4055,0.09570450790653764,0.04785225395326882,1.0,0.9999944086970838,0.3125,0.6875,0.171875,0.4996125,5,11,['high_quality'],high_quality,High_Dice (>75%)
20160402_151054_1921_361,0.8553538274895838,0.7472648299811618,0.7753565312177088,0.9537576303741789,13592,3938,659,212211,14251,17530,0.22464346833998858,0.04624236895656445,3,1,4750.333333333333,3394,0.23815872570345942,0.11907936285172971,0.3333333333333333,0.9999944863277765,0.5,0.5,0.1484375,0.49972500000000003,8,8,['high_quality'],high_quality,Medium_Dice (25-75%)
20160402_151054_1_361,0.8931392865907459,0.8069120854780162,0.9252611017247637,0.8631729537138508,57319,4630,9086,159365,66405,61949,0.07473889812587774,0.13682704615616295,1,1,66405.0,5533,0.08332203900308711,0.04166101950154356,1.0,0.999995861979316,0.375,0.625,0.171875,0.4993625,6,10,['high_quality'],high_quality,High_Dice (>75%)
20160402_151054_1_721,0.3994620034976974,0.24957983151331123,0.3265889590354323,0.5141966741198176,1485,3062,1403,224450,2888,4547,0.6734110402463163,0.485803324099723,1,7,2888.0,396,0.1371191135734072,0.0685595567867036,7.0,0.9999980679306,0.5,0.5,0.1484375,0.50025,8,8,"['false_crack_high_fp', 'thin_low_area_failure', 'fragmented_prediction']",false_crack_high_fp,Low_Dice (<25%)
20160402_151054_641_361,0.914790786382727,0.8429626056467961,0.9092089311846903,0.920441600875807,10505,1049,908,217938,11413,11554,0.09079106802838843,0.07955839831770788,1,1,11413.0,1572,0.13773766757206693,0.06886883378603346,1.0,0.9999958393403934,0.5625,0.4375,0.171875,0.5000249999999999,9,7,['high_quality'],high_quality,High_Dice (>75%)
20160402_151054_641_721,0.9426380034692367,0.8914997953038415,0.9142150696026254,0.9728849837341637,21815,2047,608,205930,22423,23862,0.0857849300142486,0.02711501583195826,1,1,22423.0,2562,0.11425768184453464,0.05712884092226732,1.0,0.9999960742371367,0.3125,0.6875,0.15625,0.49987499999999996,5,11,['high_quality'],high_quality,High_Dice (>75%)
20160405_171348_1281_361,0.4652728553060368,0.3031632410455709,0.3031632410455709,0.9999999923838538,1313,3018,0,226069,1313,4331,0.6968367582544447,0.0,1,5,1313.0,228,0.17364813404417365,0.08682406702208682,5.0,0.9999944429636574,0.5625,0.4375,0.15625,0.500675,9,7,"['false_crack_high_fp', 'thin_low_area_failure', 'over_segmentation', 'fragmented_prediction']",false_crack_high_fp,Low_Dice (<25%)
20160405_171348_1281_721,0.8796293925315926,0.785123589165915,0.8402317676355691,0.9229034074698828,34368,6535,2871,186626,37239,40903,0.15976823215901034,0.0770965922822847,2,1,18619.5,4149,0.11141545154273745,0.055707725771368725,0.5,0.9999952159449128,0.4375,0.5625,0.171875,0.5000749999999999,7,9,['high_quality'],high_quality,High_Dice (>75%)
20160405_171348_1921_721,0.8431192431734751,0.7287866430471722,0.8578790479316225,0.8288587325908281,33960,5626,7012,183802,40972,39586,0.14212095185166473,0.17114126720687298,4,3,10243.0,5734,0.13994923362296202,0.06997461681148101,0.75,0.999996186592498,0.4375,0.5625,0.15625,0.50015,7,9,['boundary_margin_error'],boundary_margin_error,Medium_Dice (25-75%)
20160405_171348_1_721,0.7485308635291558,0.5981217128854016,0.7662543912685272,0.731608693486282,31844,9714,11682,177160,43526,41558,0.2337456085470908,0.2683913063456325,5,4,8705.2,8064,0.18526857510453523,0.09263428755226762,0.8,0.9999920075918087,0.4375,0.5625,0.1796875,0.4999125,7,9,"['complex_topology', 'boundary_margin_error']",complex_topology,Medium_Dice (25-75%)
20160405_171348_641_721,0.8513704661384918,0.7412054461775163,0.812573233274091,0.8940582957135486,31900,7358,3780,187362,35680,39258,0.1874267665189261,0.10594170403587444,3,2,11893.333333333334,4812,0.13486547085201794,0.06743273542600897,0.6666666666666666,0.9999940871579223,0.4375,0.5625,0.1796875,0.500075,7,9,['high_quality'],high_quality,Medium_Dice (25-75%)
20160407_163130_1281_721,0.9024295993569942,0.8222065744742303,0.9503535271629516,0.8591070028697719,18683,976,3064,207677,21747,19659,0.04964647235362938,0.14089299673518185,2,1,10873.5,4406,0.2026026578378627,0.10130132891893134,0.5,0.9999973665520085,0.5625,0.4375,0.140625,0.5008875,9,7,['high_quality'],high_quality,High_Dice (>75%)
20160407_163130_1921_721,0.9130738883381154,0.8400514796190212,0.9607866221380201,0.8698757924890048,16318,666,2441,210975,18759,16984,0.03921337729627885,0.13012420704728397,1,1,18759.0,3963,0.2112585958739805,0.10562929793699025,1.0,0.9999967186770439,0.5625,0.4375,0.1484375,0.5005875,9,7,['high_quality'],high_quality,High_Dice (>75%)
20160407_163130_1_361,0.7149807067354794,0.5563968653879977,0.621826668742846,0.840962901180099,2131,1296,403,226570,2534,3427,0.37817332944266124,0.1590370955011839,2,3,1267.0,693,0.27348066298342544,0.13674033149171272,1.5,0.9999986470523934,0.625,0.375,0.1875,0.50125,10,6,['boundary_margin_error'],boundary_margin_error,Medium_Dice (25-75%)
20160407_163130_1_721,0.86156653787962,0.7568000823472955,0.9158322897898421,0.8133718663850543,14635,1345,3358,211062,17993,15980,0.08416770963704631,0.18662813316289667,4,2,4498.25,3803,0.21135997332295892,0.10567998666147946,0.5,0.9999965414460688,0.5625,0.4375,0.1796875,0.5008125,9,7,['high_quality'],high_quality,Medium_Dice (25-75%)
20160407_163130_641_721,0.8904472339911613,0.8025280647032051,0.9406827949330763,0.8453051529978561,18158,1145,3323,207774,21481,19303,0.05931720457959903,0.1546948466086309,1,2,21481.0,3919,0.1824402960756017,0.09122014803780085,2.0,0.9999973846644331,0.5625,0.4375,0.15625,0.5012375,9,7,['high_quality'],high_quality,High_Dice (>75%)
20160407_163257_1281_1,0.8818196025942553,0.7886201588224381,0.7963577321971076,0.9878294361370901,11282,2885,139,216094,11421,14167,0.2036422672407708,0.012170562997986165,2,2,5710.5,2159,0.18903773750109448,0.09451886875054724,1.0,0.9999967964436756,0.5625,0.4375,0.1796875,0.5002875,9,7,['high_quality'],high_quality,High_Dice (>75%)
20160407_163257_1281_361,0.8928134761266087,0.8063803676034477,0.8327420167050544,0.962225475137463,13144,2640,516,214100,13660,15784,0.16725798276735934,0.03777452415812591,1,1,13660.0,3222,0.23587115666178624,0.11793557833089312,1.0,0.9999954609945905,0.5,0.5,0.1796875,0.5003375,8,8,['high_quality'],high_quality,High_Dice (>75%)
20160407_163257_1281_721,0.878175007914079,0.7828092742712041,0.8418853625252836,0.9177341290667035,6448,1211,578,222163,7026,7659,0.15811463637550593,0.08226586962709935,1,1,7026.0,1974,0.28095644748078563,0.14047822374039282,1.0,0.9999974475430117,0.5625,0.4375,0.171875,0.5005999999999999,9,7,['high_quality'],high_quality,High_Dice (>75%)
20160407_163257_1921_1081,0.7679353312442335,0.6232914153927923,0.6491288000807097,0.9399736132256372,5700,3081,364,221255,6064,8781,0.35087119918004783,0.060026385224274406,3,1,2021.3333333333333,2190,0.3611477572559367,0.18057387862796834,0.3333333333333333,0.9999983944651614,0.625,0.375,0.171875,0.500425,10,6,['boundary_margin_error'],boundary_margin_error,Medium_Dice (25-75%)
20160407_163257_1921_721,0.8662640200846534,0.7640791466716399,0.8213798734368969,0.9163370840944066,6024,1310,550,222516,6574,7334,0.17862012544314154,0.0836629145117128,1,1,6574.0,2038,0.31000912686340126,0.15500456343170063,1.0,0.9999981677305945,0.625,0.375,0.171875,0.50035,10,6,['high_quality'],high_quality,Medium_Dice (25-75%)
20160407_163257_1_1,0.8827142911668711,0.7900524316996415,0.8167582618258238,0.960258451973572,10849,2434,449,216668,11298,13283,0.1832417375592863,0.039741547176491414,1,1,11298.0,3246,0.2873074880509825,0.14365374402549125,1.0,0.9999980300497943,0.6875,0.3125,0.171875,0.5008874999999999,11,5,['high_quality'],high_quality,High_Dice (>75%)
20160407_163257_641_361,0.8557461805613414,0.7478639494348801,0.8078629740789288,0.9096632348259586,9103,2165,904,218228,10007,11268,0.19213702520411785,0.0903367642650145,2,1,5003.5,3413,0.341061257120016,0.170530628560008,0.5,0.9999942959469083,0.5625,0.4375,0.1640625,0.500375,9,7,['high_quality'],high_quality,Medium_Dice (25-75%)
20160407_165001_1281_1081,0.403528360650107,0.252762623966455,0.2556593093833763,0.9570974550924325,3614,10522,162,216102,3776,14136,0.7443406904357668,0.04290254237288135,2,1,1888.0,1841,0.4875529661016949,0.24377648305084745,0.5,0.9999959470133384,0.4375,0.5625,0.1640625,0.5006,7,9,"['false_crack_high_fp', 'thin_low_area_failure', 'over_segmentation']",false_crack_high_fp,Low_Dice (<25%)
20160407_165001_1281_361,0.7701580956945,0.6262252839151822,0.6725621123307693,0.9008863812241045,11180,5443,1230,212547,12410,16623,0.32743788726463335,0.0991136180499597,2,2,6205.0,2498,0.20128928283642225,0.10064464141821113,1.0,0.9999948365291024,0.5625,0.4375,0.15625,0.5005875,9,7,['boundary_margin_error'],boundary_margin_error,Medium_Dice (25-75%)
20160407_165001_1281_721,0.7414568768627771,0.5891390316563142,0.7573328104080314,0.7262328881938255,3873,1241,1460,223826,5333,5114,0.24266718811106766,0.2737671104444028,1,8,5333.0,1172,0.21976373523345208,0.10988186761672604,8.0,0.9999956750952208,0.5625,0.4375,0.1484375,0.5004625,9,7,['boundary_margin_error'],boundary_margin_error,Medium_Dice (25-75%)
20160407_165001_1921_361,0.6395844149199124,0.47013899424142513,0.5325259506357682,0.800520153964837,3078,2702,767,223853,3845,5780,0.4674740484429066,0.19947984395318596,1,1,3845.0,1108,0.2881664499349805,0.14408322496749024,1.0,0.9999973047688356,0.5,0.5,0.15625,0.500525,8,8,['moderate_general_error'],moderate_general_error,Low_Dice (<25%)
20160407_165001_1921_721,0.6627224967293709,0.4955758958843815,0.4986568420457005,0.9876862253151624,6497,6532,81,217290,6578,13029,0.5013431575715711,0.0123137731833384,2,2,3289.0,2875,0.4370629370629371,0.21853146853146854,1.0,0.9999938616093443,0.5,0.5,0.1796875,0.4998,8,8,['moderate_general_error'],moderate_general_error,Low_Dice (<25%)
20160407_165001_1_1081,0.583142065229013,0.4115741253361925,0.4525798520238577,0.8195773062968247,3684,4456,811,221449,4495,8140,0.5474201474201474,0.1804226918798665,2,3,2247.5,2332,0.5187986651835372,0.2593993325917686,1.5,0.9999979408407995,0.625,0.375,0.171875,0.5006875,10,6,['moderate_general_error'],moderate_general_error,Low_Dice (<25%)
20160407_165001_1_721,0.8657394100621474,0.7632632375154481,0.8832531952132912,0.8489066721996694,15063,1991,2681,210665,17744,17054,0.11674680426879325,0.15109332732191164,1,1,17744.0,3895,0.2195108205590622,0.1097554102795311,1.0,0.9999963546896716,0.4375,0.5625,0.1484375,0.500475,7,9,['high_quality'],high_quality,Medium_Dice (25-75%)
20160407_165001_641_1081,0.3758687791901874,0.2314275930258729,0.23445086678098168,0.947220920377296,2028,6622,113,221637,2141,8650,0.7655491329479769,0.052779075198505374,2,5,1070.5,1225,0.572162540868753,0.2860812704343765,2.5,0.9999969618137071,0.5,0.5,0.1640625,0.500925,8,8,"['false_crack_high_fp', 'thin_low_area_failure', 'over_segmentation']",false_crack_high_fp,Low_Dice (<25%)
20160407_165001_641_361,0.8773810250268326,0.7815483655510129,0.8388966966274908,0.9195660541022173,14325,2751,1253,212071,15578,17076,0.16110330288123684,0.08043394530748492,1,1,15578.0,3166,0.2032353318782899,0.10161766593914495,1.0,0.9999939553677312,0.3125,0.6875,0.171875,0.5003,5,11,['high_quality'],high_quality,High_Dice (>75%)
20160407_165001_641_721,0.4986656490684986,0.3321482977853014,0.3408913204563687,0.9283179494086732,1308,2529,101,226462,1409,3837,0.6591086786551994,0.0716820440028389,2,4,704.5,474,0.33640880056777855,0.16820440028388928,2.0,0.9999972670055584,0.625,0.375,0.1875,0.501225,10,6,"['false_crack_high_fp', 'thin_low_area_failure', 'over_segmentation']",false_crack_high_fp,Low_Dice (<25%)
IMG_2931_1297_485,0.7956503307503879,0.6606472780003582,0.7219374661149731,0.8861277103298908,2817,1085,362,309368,3179,3902,0.2780625320348539,0.11387228688266751,8,5,397.375,1061,0.33375275243787356,0.16687637621893678,0.625,0.9999963093825656,0.75,0.25,0.1875,0.5019875,12,4,"['complex_topology', 'boundary_margin_error']",complex_topology,Medium_Dice (25-75%)
IMG_2931_1297_969,0.9179511807702934,0.8483454391861619,0.8921993032066894,0.9452338120996099,10511,1270,609,301242,11120,11781,0.10780069603599016,0.05476618705035971,1,1,11120.0,2558,0.23003597122302158,0.11501798561151079,1.0,0.9999957978599922,0.6875,0.3125,0.1953125,0.50165,11,5,['high_quality'],high_quality,High_Dice (>75%)
IMG_2931_1945_485,0.882950635344467,0.7904311691871778,0.8202764964764732,0.955994454338194,5518,1209,254,306651,5772,6727,0.17972350230414746,0.044005544005544,2,2,2886.0,1530,0.26507276507276506,0.13253638253638253,1.0,0.999996242132883,0.75,0.25,0.1953125,0.5018875,12,4,['high_quality'],high_quality,High_Dice (>75%)
IMG_2931_1945_969,0.8772785790626288,0.7813858030161929,0.833827127613259,0.9255075766006469,6473,1290,521,305348,6994,7763,0.16617287131263686,0.0744924220760652,1,1,6994.0,1920,0.2745210180154418,0.1372605090077209,1.0,0.9999940325723009,0.6875,0.3125,0.1953125,0.501375,11,5,['high_quality'],high_quality,High_Dice (>75%)
IMG_2931_1_485,0.9002831240031473,0.8186499122213379,0.8747223900289106,0.9273826719498139,17330,2482,1357,292463,18687,19812,0.12527760952957803,0.07261732755391448,1,1,18687.0,3905,0.20896880184085193,0.10448440092042596,1.0,0.9999927285114365,0.625,0.375,0.171875,0.5013875,10,6,['high_quality'],high_quality,High_Dice (>75%)
IMG_2931_649_485,0.9029164710685618,0.823015246567419,0.865266357448168,0.9439921596984833,12523,1950,743,298416,13266,14473,0.13473364195398327,0.056007839589929144,2,2,6633.0,3277,0.2470224634403739,0.12351123172018695,1.0,0.9999950628608691,0.6875,0.3125,0.2109375,0.5018125,11,5,['high_quality'],high_quality,High_Dice (>75%)
IMG_2931_649_969,0.5545843396790323,0.38368502217270967,0.38697119027518506,0.9783464502733172,1491,2362,33,309746,1524,3853,0.6130288087204776,0.021653543307086614,1,5,1524.0,436,0.28608923884514437,0.14304461942257218,5.0,0.9999958156885929,0.75,0.25,0.171875,0.5018125,12,4,"['over_segmentation', 'fragmented_prediction']",over_segmentation,Low_Dice (<25%)
IMG_2941_1297_485,0.885753872911889,0.7949355634976746,0.8116343484059446,0.9747712771696042,10548,2448,273,300363,10821,12996,0.1883656509695291,0.02522872192958137,1,1,10821.0,2685,0.24812863875797062,0.12406431937898531,1.0,0.9999931634834267,0.75,0.25,0.2109375,0.502275,12,4,['high_quality'],high_quality,High_Dice (>75%)
IMG_2941_1297_969,0.8048279819321554,0.6733992845927462,0.6935050223666266,0.9587245677646233,4901,2166,211,306354,5112,7067,0.3064949766520447,0.0412754303599374,2,2,2556.0,2222,0.43466353677621283,0.21733176838810642,1.0,0.9999959675438078,0.75,0.25,0.1953125,0.5023,12,4,['boundary_margin_error'],boundary_margin_error,Medium_Dice (25-75%)
IMG_2941_1945_485,0.8924188662828623,0.8057367890403005,0.8263805155375088,0.9699285353640922,13708,2880,425,296619,14133,16588,0.17361948396431154,0.030071463949621454,1,1,14133.0,3879,0.2744640203778391,0.13723201018891956,1.0,0.9999936538948443,0.6875,0.3125,0.1875,0.5016499999999999,11,5,['high_quality'],high_quality,High_Dice (>75%)
IMG_2941_1_485,0.7544006698757562,0.6056527581790747,0.7008132882837632,0.8168616361095974,4050,1729,908,306945,4958,5779,0.29918671050354734,0.18313836224283986,3,3,1652.6666666666667,1490,0.30052440500201694,0.15026220250100847,1.0,0.999995414566377,0.75,0.25,0.1875,0.5026375,12,4,['boundary_margin_error'],boundary_margin_error,Medium_Dice (25-75%)
IMG_2941_1_969,0.8905122899653056,0.8026337578245538,0.8474857885024173,0.9381413350066395,9691,1744,639,301558,10330,11435,0.1525142107564495,0.06185866408518877,3,3,3443.3333333333335,2424,0.2346563407550823,0.11732817037754115,1.0,0.9999944258173206,0.6875,0.3125,0.1953125,0.502625,11,5,['high_quality'],high_quality,High_Dice (>75%)
IMG_2941_649_969,0.901456726313678,0.8205928231563503,0.8511326854853436,0.9581056458714614,12098,2116,529,298889,12627,14214,0.1488673139158576,0.04189435336976321,1,1,12627.0,3828,0.30315989546210503,0.15157994773105252,1.0,0.9999937796745269,0.6875,0.3125,0.1875,0.502,11,5,['high_quality'],high_quality,High_Dice (>75%)
IMG_2942_1297_485,0.5812417433413198,0.4096834260617473,0.42880810795360286,0.9018241424434841,4400,5861,479,302892,4879,10261,0.5711918916284963,0.09817585570813692,3,1,1626.3333333333333,2380,0.4878048780487805,0.24390243902439024,0.3333333333333333,0.9999828014563925,0.5625,0.4375,0.1640625,0.50175,9,7,['over_segmentation'],over_segmentation,Low_Dice (<25%)
IMG_2942_1945_485,0.548445083095052,0.3778328168695569,0.38166124545701624,0.9741379279242084,3051,4943,81,305557,3132,7994,0.6183387540655492,0.02586206896551724,3,3,1044.0,1994,0.6366538952745849,0.31832694763729247,1.0,0.9999827325368189,0.625,0.375,0.1640625,0.5018625,10,6,"['thin_low_area_failure', 'over_segmentation']",thin_low_area_failure,Low_Dice (<25%)
IMG_2942_1_485,0.6892629308360134,0.525859035386585,0.5722307292340088,0.8664734282773461,4484,3352,691,305105,5175,7836,0.4277692700357325,0.13352657004830917,5,3,1035.0,3132,0.6052173913043478,0.3026086956521739,0.6,0.9999785809938357,0.5625,0.4375,0.1640625,0.5024375000000001,9,7,['complex_topology'],complex_topology,Low_Dice (<25%)
IMG_2942_649_485,0.35202541671801,0.2136109502471458,0.21556420212493754,0.9593073551545135,2216,8064,94,303258,2310,10280,0.7844357976653696,0.04069264069264069,3,1,770.0,1534,0.664069264069264,0.332034632034632,0.3333333333333333,0.9999811646495957,0.5625,0.4375,0.1640625,0.5019,9,7,"['false_crack_high_fp', 'thin_low_area_failure', 'over_segmentation']",false_crack_high_fp,Low_Dice (<25%)
