case_name,dice,iou,precision,recall,tp,fp,fn,tn,gt_area,pred_area,fp_area_ratio,fn_area_ratio,num_gt_cc,num_pred_cc,mean_component_size,perimeter,boundary_to_area_ratio,thinness_score,fragmentation_ratio,mean_routing_entropy,cnn_expert_fraction,vit_expert_fraction,expert_hhi_concentration,mean_gs,cnn_expert_selections,vit_expert_selections,error_taxonomy,primary_error_category,performance_tier
20160222_080850_1281_361,0.861797692855526,0.7571568669699916,0.9470210274842167,0.7906466396222341,16213,907,4293,208987,20506,17120,0.05297897196261682,0.2093533599921974,1,1,20506.0,3739,0.18233687701160636,0.09116843850580318,1.0,1.9999572113776112,0.4,0.6,0.1225,0.5051300000000001,16,24,['high_quality'],high_quality,Medium_Dice (25-75%)
20160222_080850_1281_721,0.7277476376778228,0.5720151592798005,0.6030636010553992,0.9174265404385687,1811,1192,163,227234,1974,3003,0.39693639693639693,0.08257345491388045,2,1,987.0,936,0.47416413373860183,0.23708206686930092,0.5,1.9999591408987158,0.5,0.5,0.11500000000000002,0.50745,20,20,['boundary_margin_error'],boundary_margin_error,Medium_Dice (25-75%)
20160222_080850_1921_1,0.09517734109774346,0.04996651034831446,0.05108539337732973,0.6952469646295717,746,13857,327,215470,1073,14603,0.9489146065876874,0.3047530288909599,1,7,1073.0,330,0.30754892823858343,0.15377446411929171,7.0,1.999962411343973,0.4,0.6,0.12125,0.50388,16,24,"['false_crack_high_fp', 'thin_low_area_failure', 'over_segmentation', 'fragmented_prediction']",false_crack_high_fp,Low_Dice (<25%)
20160222_080850_1921_361,0.8662628288922938,0.7640772931930252,0.9156658477103936,0.82191780772965,13800,1271,2990,212339,16790,15071,0.08433415168203835,0.1780821917808219,1,1,16790.0,2880,0.17153067301965455,0.08576533650982728,1.0,1.9999537267133891,0.5,0.5,0.13,0.5053,20,20,['high_quality'],high_quality,Medium_Dice (25-75%)
20160222_080850_1_361,0.8471551084308138,0.7348387581244473,0.8818597902379753,0.8150785336900195,19460,2607,4415,203918,23875,22067,0.11814020936239635,0.18492146596858638,1,2,23875.0,3950,0.16544502617801046,0.08272251308900523,2.0,1.999966490581846,0.375,0.625,0.12,0.50528,15,25,['boundary_margin_error'],boundary_margin_error,Medium_Dice (25-75%)
20160222_080850_641_361,0.7733944419639743,0.6305160097287442,0.733883842150353,0.8174014342894099,13331,4834,2978,209257,16309,18165,0.2661161574456372,0.18259856520939358,4,1,4077.25,4122,0.25274388374517137,0.12637194187258569,0.25,1.9999567923004888,0.35,0.65,0.12,0.50442,14,26,['boundary_margin_error'],boundary_margin_error,Medium_Dice (25-75%)
20160222_080850_641_721,0.7927433806637029,0.6566486097210403,0.7061255153962317,0.9035825897966276,3758,1564,401,224677,4159,5322,0.2938744832769635,0.09641740803077663,1,3,4159.0,1886,0.45347439288290453,0.22673719644145227,3.0,1.9999602242125456,0.475,0.525,0.1275,0.5056499999999999,19,21,['boundary_margin_error'],boundary_margin_error,Medium_Dice (25-75%)
20160222_115224_1281_1,0.5287043953198557,0.3593461393061081,0.3712077844197598,0.9183384448469709,3891,6591,346,219572,4237,10482,0.6287922152261018,0.08166155298560301,10,6,423.7,4075,0.9617654000472032,0.4808827000236016,0.6,1.9999695754372762,0.3,0.7,0.10875,0.50369,12,28,"['thin_low_area_failure', 'over_segmentation', 'complex_topology']",thin_low_area_failure,Low_Dice (<25%)
20160222_115224_1281_1081,0.8496350357667368,0.7385786791003603,0.7908872889034576,0.9178107589651007,4947,1308,443,223702,5390,6255,0.20911270983213429,0.08218923933209647,1,1,5390.0,2275,0.42207792207792205,0.21103896103896103,1.0,1.9999781559703387,0.45,0.55,0.11000000000000001,0.50638,18,22,['boundary_margin_error'],boundary_margin_error,Medium_Dice (25-75%)
20160222_115224_1281_361,0.4058686406062407,0.25460175424978193,0.27150981421480497,0.8034744798942753,1480,3971,362,224587,1842,5451,0.7284901852871033,0.1965255157437568,6,3,307.0,1801,0.9777415852334419,0.48887079261672095,0.5,1.999976636455525,0.4,0.6,0.11625,0.50349,16,24,"['false_crack_high_fp', 'thin_low_area_failure', 'over_segmentation', 'complex_topology']",false_crack_high_fp,Low_Dice (<25%)
20160222_115224_1281_721,0.7664774513036287,0.6213728740619036,0.680050362786723,0.8780708076624444,4861,2287,675,222577,5536,7148,0.31994963626189143,0.1219291907514451,4,4,1384.0,2724,0.4920520231213873,0.24602601156069365,1.0,1.9999681884166545,0.4,0.6,0.11750000000000001,0.5045700000000001,16,24,['boundary_margin_error'],boundary_margin_error,Medium_Dice (25-75%)
20160222_115224_1921_1081,0.8252333414057503,0.7024657495755301,0.7078961860414347,0.9891975232315006,1282,529,14,228575,1296,1811,0.2921038100496963,0.010802469135802469,1,2,1296.0,552,0.42592592592592593,0.21296296296296297,2.0,1.9999671765134248,0.5,0.5,0.11624999999999999,0.50492,20,20,['boundary_margin_error'],boundary_margin_error,Medium_Dice (25-75%)
20160222_115224_641_1,0.6920307374431561,0.5290879206827543,0.5980865682722585,0.8209868662234007,6439,4327,1404,218230,7843,10766,0.4019134311722088,0.17901313272982278,4,5,1960.75,4660,0.5941603978069616,0.2970801989034808,1.25,1.9999665688087191,0.375,0.625,0.11124999999999999,0.5045700000000001,15,25,['moderate_general_error'],moderate_general_error,Low_Dice (<25%)
20160222_115224_641_1081,0.018912203189596768,0.009546373068394974,0.010722391789369656,0.08007013395634054,137,12640,1574,216049,1711,12777,0.9892776082022384,0.9199298655756867,1,2,1711.0,1669,0.9754529514903565,0.48772647574517825,2.0,1.9999685800254454,0.4,0.6,0.12624999999999997,0.50493,16,24,"['missed_crack_high_fn', 'false_crack_high_fp', 'thin_low_area_failure', 'over_segmentation']",missed_crack_high_fn,Low_Dice (<25%)
20160222_115224_641_361,0.7928931307439763,0.6568541286097229,0.6716082644393345,0.9676375373215613,2990,1462,100,225848,3090,4452,0.3283917340521114,0.032362459546925564,2,2,1545.0,1649,0.5336569579288026,0.2668284789644013,1.0,1.999974422558936,0.475,0.525,0.12624999999999997,0.50427,19,21,['boundary_margin_error'],boundary_margin_error,Medium_Dice (25-75%)
20160222_115224_641_721,0.23716338557324412,0.1345350916995592,0.156262027437255,0.4917635647001852,2030,10961,2098,215311,4128,12991,0.8437379724424602,0.5082364341085271,5,2,825.6,2219,0.5375484496124031,0.26877422480620156,0.4,1.9999788445595192,0.4,0.6,0.12874999999999998,0.50402,16,24,"['false_crack_high_fp', 'thin_low_area_failure', 'over_segmentation', 'complex_topology']",false_crack_high_fp,Low_Dice (<25%)
20160222_115837_1281_1,0.7067539374906466,0.5464961061774237,0.5644531243515015,0.9449894192248713,4913,3791,286,221410,5199,8704,0.435546875,0.055010578957491826,1,2,5199.0,2135,0.41065589536449315,0.20532794768224658,2.0,1.999973717640882,0.35,0.65,0.12875,0.5043199999999999,14,26,['moderate_general_error'],moderate_general_error,Low_Dice (<25%)
20160222_115837_1281_1081,0.6368270537898458,0.4671652672981298,0.4673357655705552,0.9992196605570828,2561,2919,2,224918,2563,5480,0.5326642335766424,0.0007803355442840422,4,2,640.75,1867,0.7284432305891534,0.3642216152945767,0.5,1.999972657883569,0.325,0.675,0.12625,0.50574,13,27,['over_segmentation'],over_segmentation,Low_Dice (<25%)
20160222_115837_1281_361,0.7321428563456633,0.5774647877405277,0.5835792387023447,0.982179371948059,3362,2399,61,224578,3423,5761,0.4164207602846728,0.01782062518258837,4,6,855.75,2052,0.5994741454864154,0.2997370727432077,1.5,1.999971829629013,0.35,0.65,0.13125,0.50416,14,26,['moderate_general_error'],moderate_general_error,Medium_Dice (25-75%)
20160222_115837_1281_721,0.709257536579549,0.5494957798940199,0.551766892846111,0.9925650520722488,2670,2169,20,225541,2690,4839,0.4482331060136392,0.007434944237918215,1,1,2690.0,2008,0.7464684014869889,0.37323420074349445,1.0,1.9999658885751639,0.4,0.6,0.13,0.50616,16,24,['moderate_general_error'],moderate_general_error,Low_Dice (<25%)
20160222_164851_1281_1081,0.8776496252512083,0.781974724646612,0.8604828837706557,0.895515265751407,5631,913,657,223199,6288,6544,0.13951711491442542,0.10448473282442748,2,1,3144.0,1152,0.183206106870229,0.0916030534351145,0.5,1.999977551798209,0.4,0.6,0.11000000000000001,0.50397,16,24,['high_quality'],high_quality,High_Dice (>75%)
20160222_164851_641_1,0.8564261821721507,0.7489032791944131,0.8028515968924668,0.9176621152579675,10755,2641,965,216039,11720,13396,0.19714840250821142,0.08233788395904437,2,2,5860.0,2308,0.1969283276450512,0.0984641638225256,1.0,1.9999752772780663,0.425,0.575,0.10625,0.5052200000000001,17,23,['high_quality'],high_quality,Medium_Dice (25-75%)
20160222_164851_641_1081,0.7311551635271933,0.5762368593150382,0.5976793031932787,0.9413896314142278,5975,4022,372,220031,6347,9997,0.4023206962088627,0.058610367102568145,3,4,2115.6666666666665,2372,0.3737198676540098,0.1868599338270049,1.3333333333333333,1.9999742757504406,0.425,0.575,0.10500000000000001,0.50582,17,23,['moderate_general_error'],moderate_general_error,Medium_Dice (25-75%)
20160222_164851_641_361,0.8173453038716443,0.691110690675291,0.7219955240739795,0.9417117341044624,10970,4224,679,214527,11649,15194,0.27800447545083584,0.05828826508713194,7,4,1664.142857142857,3669,0.31496265773886173,0.15748132886943086,0.5714285714285714,1.9999726352709442,0.375,0.625,0.10375000000000001,0.5049300000000001,15,25,"['complex_topology', 'boundary_margin_error']",complex_topology,Medium_Dice (25-75%)
20160222_164851_641_721,0.84882583135648,0.7373565655635667,0.767699114478098,0.949124725611666,10410,3150,558,216282,10968,13560,0.2323008849557522,0.05087527352297593,3,4,3656.0,2773,0.25282640408460977,0.12641320204230488,1.3333333333333333,1.9999802961442454,0.35,0.65,0.10500000000000001,0.5055799999999999,14,26,['boundary_margin_error'],boundary_margin_error,Medium_Dice (25-75%)
20160222_165225_1281_361,0.7735868235189168,0.6307717809576625,0.6375366563573216,0.9834561186720226,7609,4326,128,218337,7737,11935,0.3624633431085044,0.01654388005686959,1,1,7737.0,3094,0.39989660074964456,0.19994830037482228,1.0,1.9999800311976348,0.375,0.625,0.11375,0.5046799999999999,15,25,['boundary_margin_error'],boundary_margin_error,Medium_Dice (25-75%)
20160222_165225_1281_721,0.7343749977933444,0.5802469108250383,0.6418067193182421,0.8581460613894237,1222,682,202,228294,1424,1904,0.3581932773109244,0.14185393258426968,1,1,1424.0,650,0.45646067415730335,0.22823033707865167,1.0,1.9999620516950778,0.45,0.55,0.11375,0.50571,18,22,['boundary_margin_error'],boundary_margin_error,Medium_Dice (25-75%)
20160222_165225_1921_721,0.6642151478242507,0.4972471028866406,0.51581280324285,0.9325011543650776,6051,5680,438,218231,6489,11731,0.4841871963174495,0.06749884419787332,2,1,3244.5,3365,0.5185698875019263,0.25928494375096317,0.5,1.9999646698265892,0.425,0.575,0.10250000000000001,0.50581,17,23,['moderate_general_error'],moderate_general_error,Low_Dice (<25%)
20160222_165225_1_361,0.7521440819295969,0.6027491403756451,0.6317874825467921,0.9291484559274952,7016,4089,535,218760,7551,11105,0.36821251688428636,0.07085154284200768,1,2,7551.0,3404,0.4508012183816713,0.22540060919083565,2.0,1.9999735135048304,0.35,0.65,0.11000000000000001,0.5046999999999999,14,26,['boundary_margin_error'],boundary_margin_error,Medium_Dice (25-75%)
20160222_165225_641_361,0.7902002505646313,0.6531661549222748,0.7197813114117482,0.8758921000654505,7241,2819,1026,219314,8267,10060,0.28021868787276344,0.12410789887504536,4,2,2066.75,4037,0.4883270835853393,0.24416354179266966,0.5,1.9999666017303486,0.3,0.7,0.11125000000000002,0.50489,12,28,['boundary_margin_error'],boundary_margin_error,Medium_Dice (25-75%)
20160222_165402_1281_1,0.907250722444441,0.8302460052629168,0.8446505126686106,0.9798727576866713,8471,1558,174,220197,8645,10029,0.15534948648918137,0.02012724117987276,1,1,8645.0,2045,0.23655292076344708,0.11827646038172354,1.0,1.99997110951231,0.475,0.525,0.1175,0.50676,19,21,['high_quality'],high_quality,High_Dice (>75%)
20160222_165402_1281_361,0.8540855067537425,0.7453309228459154,0.7530434776060492,0.986444924266494,8660,2840,119,218781,8779,11500,0.24695652173913044,0.01355507460986445,2,1,4389.5,2052,0.2337396058776626,0.1168698029388313,0.5,1.999958472906841,0.475,0.525,0.11249999999999999,0.5076700000000001,19,21,['high_quality'],high_quality,Medium_Dice (25-75%)
20160222_165402_641_1081,0.9257345338381313,0.8617372176596089,0.9048271874559296,0.9476309219771549,12540,1319,693,215848,13233,13859,0.09517281189118984,0.05236907730673317,1,1,13233.0,1717,0.12975137912793774,0.06487568956396887,1.0,1.9999555597001593,0.425,0.575,0.12000000000000002,0.50403,17,23,['high_quality'],high_quality,High_Dice (>75%)
20160222_165402_641_721,0.8797029214894445,0.7852407529786805,0.7888879144782334,0.9941468790787997,9002,2409,53,218936,9055,11411,0.2111120848304268,0.005853119823302043,1,1,9055.0,1678,0.1853119823302043,0.09265599116510215,1.0,1.9999517748021767,0.425,0.575,0.11125,0.5042500000000001,17,23,['high_quality'],high_quality,High_Dice (>75%)
20160222_165926_1281_361,0.4671532838398553,0.30476190405397935,0.30476190405397935,0.9999999923780488,1312,2993,0,226095,1312,4305,0.6952380952380952,0.0,2,1,656.0,1592,1.2134146341463414,0.6067073170731707,0.5,1.9999738356097079,0.475,0.525,0.10999999999999999,0.50446,19,21,"['false_crack_high_fp', 'thin_low_area_failure', 'over_segmentation']",false_crack_high_fp,Low_Dice (<25%)
20160222_165926_1281_721,0.6768239080890537,0.5115146141369413,0.5157401199868943,0.9842351917677138,4620,4338,74,221368,4694,8958,0.4842598794373744,0.015764806135492117,1,2,4694.0,3164,0.674051981252663,0.3370259906263315,2.0,1.9999634454089534,0.4,0.6,0.10375000000000002,0.50478,16,24,['moderate_general_error'],moderate_general_error,Low_Dice (<25%)
20160222_165926_1921_721,0.6939325837498632,0.5313145210698388,0.5471943289460197,0.9482088005154375,4632,3833,253,221682,4885,8465,0.45280567040756053,0.05179119754350051,4,1,1221.25,3742,0.7660184237461617,0.38300921187308085,0.25,1.9999670494881734,0.45,0.55,0.10500000000000001,0.50576,18,22,['moderate_general_error'],moderate_general_error,Low_Dice (<25%)
20160222_165926_1_1081,0.564217108411398,0.39296826262299855,0.40184536938642895,0.9467766045968771,1263,1880,71,227186,1334,3143,0.5981546293350303,0.05322338830584707,4,3,333.5,1166,0.8740629685157422,0.4370314842578711,0.75,1.9999760218292046,0.45,0.55,0.1075,0.5061599999999999,18,22,['over_segmentation'],over_segmentation,Low_Dice (<25%)
20160222_165926_1_721,0.5718294651140535,0.4003929860937228,0.4078521933674331,0.9563176860782754,2649,3846,121,223784,2770,6495,0.5921478060046189,0.04368231046931408,5,5,554.0,2358,0.8512635379061372,0.4256317689530686,1.0,1.9999613118020751,0.35,0.65,0.10500000000000001,0.5052399999999999,14,26,"['over_segmentation', 'complex_topology']",over_segmentation,Low_Dice (<25%)
20160222_165926_641_1,0.7124811673282174,0.5533753365375782,0.5580973119860252,0.9849407209710326,3074,2434,47,224845,3121,5508,0.4419026870007262,0.01505927587311759,1,1,3121.0,1933,0.619352771547581,0.3096763857737905,1.0,1.9999675942053003,0.45,0.55,0.10875,0.50555,18,22,['moderate_general_error'],moderate_general_error,Medium_Dice (25-75%)
20160222_165926_641_361,0.6191388518512263,0.4483715489289155,0.45014662690594337,0.9912818824950536,3070,3750,27,223553,3097,6820,0.5498533724340176,0.00871811430416532,2,3,1548.5,2230,0.7200516628995802,0.3600258314497901,1.5,1.9999685339595825,0.45,0.55,0.10875,0.50637,18,22,['over_segmentation'],over_segmentation,Low_Dice (<25%)
20160222_165926_641_721,0.7069482545096993,0.5467285102667241,0.5527838749223869,0.9803574571220006,5540,4482,111,220267,5651,10022,0.4472161245260427,0.019642541143160504,2,2,2825.5,4142,0.7329676163510883,0.36648380817554416,1.0,1.999971188012168,0.4,0.6,0.105,0.5053099999999999,16,24,['moderate_general_error'],moderate_general_error,Low_Dice (<25%)
20160302_155857_1281_1,0.6180823675851976,0.44726426024765514,0.5544811653132037,0.6981646362017725,3842,3087,1661,221810,5503,6929,0.4455188338865637,0.30183536252952936,2,4,2751.5,1899,0.3450844993639833,0.17254224968199164,2.0,1.99997796683703,0.4,0.6,0.1175,0.50486,16,24,['moderate_general_error'],moderate_general_error,Low_Dice (<25%)
20160302_155857_1281_361,0.7816809484242205,0.6416061108239183,0.7100732026909237,0.8693511728485848,6887,2812,1035,219666,7922,9699,0.2899267965769667,0.13064882605402675,1,3,7922.0,2828,0.35698056046452914,0.17849028023226457,3.0,1.9999756037077732,0.375,0.625,0.11750000000000001,0.50526,15,25,['boundary_margin_error'],boundary_margin_error,Medium_Dice (25-75%)
20160302_155857_1281_721,0.3645895740494464,0.22293460299883752,0.22293460299883752,0.9999999917830732,1217,4242,0,224941,1217,5459,0.7770653965927825,0.0,1,1,1217.0,430,0.3533278553820871,0.17666392769104355,1.0,1.9999764953017518,0.425,0.575,0.10874999999999999,0.50431,17,23,"['false_crack_high_fp', 'thin_low_area_failure', 'over_segmentation']",false_crack_high_fp,Low_Dice (<25%)
20160302_155857_1_721,0.8730163033738392,0.7746485650035391,0.8783296938437065,0.8677668118061982,16091,2229,2452,209628,18543,18320,0.1216703056768559,0.13223318772582646,1,1,18543.0,3212,0.17321900447608263,0.08660950223804131,1.0,1.9999773282744542,0.375,0.625,0.11875000000000001,0.5047600000000001,15,25,['high_quality'],high_quality,High_Dice (>75%)
20160302_155857_641_721,0.7481050587879059,0.5975781466642759,0.6293001182507116,0.9222077349654866,10610,6250,895,212645,11505,16860,0.370699881376038,0.0777922642329422,3,1,3835.0,3366,0.2925684485006519,0.14628422425032594,0.3333333333333333,1.9999761079484983,0.4,0.6,0.13625,0.50424,16,24,['boundary_margin_error'],boundary_margin_error,Medium_Dice (25-75%)
20160307_144202_1281_361,0.6298894434985749,0.4597362165480985,0.48761838518757633,0.8893819320295057,5612,5897,698,218193,6310,11509,0.5123816143887392,0.11061806656101426,10,2,631.0,3310,0.5245641838351822,0.2622820919175911,0.2,1.999978102085049,0.375,0.625,0.11000000000000001,0.50462,15,25,['complex_topology'],complex_topology,Low_Dice (<25%)
20160307_144202_1281_721,0.5334239356719409,0.36372060655192795,0.3640579705923966,0.9974587007704615,3140,5485,8,221767,3148,8625,0.6359420289855072,0.0025412960609911056,5,3,629.6,1470,0.4669631512071156,0.2334815756035578,0.6,1.9999792599934956,0.35,0.65,0.11875,0.50441,14,26,"['thin_low_area_failure', 'over_segmentation', 'complex_topology']",thin_low_area_failure,Low_Dice (<25%)
20160307_144202_1921_361,0.6343271287996686,0.46447955595847723,0.4697869223854152,0.9762548580562321,11553,13039,281,205527,11834,24592,0.5302130774235524,0.02374514111881021,5,1,2366.8,4983,0.42107486902146357,0.21053743451073179,0.2,1.999983466992333,0.3,0.7,0.1225,0.50217,12,28,"['over_segmentation', 'complex_topology']",over_segmentation,Low_Dice (<25%)
20160307_144202_1_361,0.7924826363087341,0.6562908825478004,0.6850308420751373,0.9399147170565224,14548,6689,930,208233,15478,21237,0.3149691576022979,0.06008528233621915,7,1,2211.1428571428573,4184,0.2703191626825171,0.13515958134125855,0.14285714285714285,1.9999811663654428,0.375,0.625,0.11625,0.50465,15,25,"['complex_topology', 'boundary_margin_error']",complex_topology,Medium_Dice (25-75%)
20160307_144202_641_361,0.7020375758461109,0.5408766561973106,0.5520757462532121,0.9638510436295631,10612,8610,398,210780,11010,19222,0.4479242534595776,0.03614895549500454,10,1,1101.0,4281,0.3888283378746594,0.1944141689373297,0.1,1.9999778707993703,0.35,0.65,0.11624999999999999,0.50404,14,26,['complex_topology'],complex_topology,Low_Dice (<25%)
20160307_145059_1281_361,0.8909751068362255,0.8033860306728492,0.8305787639015804,0.9608437978264119,13619,2778,555,213448,14174,16397,0.16942123559187655,0.03915620149569635,4,3,3543.5,3270,0.23070410610977846,0.11535205305488923,0.75,1.9999789716631997,0.35,0.65,0.11375000000000002,0.50405,14,26,['high_quality'],high_quality,High_Dice (>75%)
20160307_145059_1281_721,0.7752566176254692,0.6329951472139435,0.6469209262943639,0.9671114692450311,7175,3916,244,219065,7419,11091,0.3530790731223515,0.03288852945140854,3,2,2473.0,3748,0.5051893786224558,0.2525946893112279,0.6666666666666666,1.999950736415283,0.375,0.625,0.12374999999999999,0.5047400000000001,15,25,['boundary_margin_error'],boundary_margin_error,Medium_Dice (25-75%)
20160307_145059_1921_1081,0.7100171115506009,0.5504081627036651,0.5520417556523982,0.9946524045829755,5394,4377,29,220600,5423,9771,0.44795824378262206,0.0053475935828877,3,10,1807.6666666666667,2182,0.4023603171676194,0.2011801585838097,3.3333333333333335,1.9999579553421172,0.3,0.7,0.10875,0.5057599999999999,12,28,['moderate_general_error'],moderate_general_error,Low_Dice (<25%)
20160307_145059_1921_361,0.8539020626775192,0.7450515657260576,0.8166116683166386,0.8947611347836286,11631,2612,1368,214789,12999,14243,0.18338833111001895,0.10523886452804061,1,1,12999.0,3074,0.23647972920993923,0.11823986460496962,1.0,1.9999675074838659,0.375,0.625,0.11000000000000001,0.5051599999999999,15,25,['high_quality'],high_quality,Medium_Dice (25-75%)
20160307_145059_1921_721,0.7776448463701549,0.6361856814371005,0.6649130488602761,0.9364066661115319,4550,2293,309,223248,4859,6843,0.33508695016805495,0.06359333196130891,3,3,1619.6666666666667,1757,0.3615970364272484,0.1807985182136242,1.0,1.9999505867697185,0.375,0.625,0.115,0.50489,15,25,['boundary_margin_error'],boundary_margin_error,Medium_Dice (25-75%)
20160307_145059_1_361,0.8955580979425996,0.810869359695894,0.8263582253538508,0.9774069017059414,8609,1809,199,219783,8808,10418,0.17364177385294682,0.02259309718437784,1,1,8808.0,2411,0.27372842870118075,0.13686421435059037,1.0,1.9999813359206147,0.425,0.575,0.10875000000000001,0.50651,17,23,['high_quality'],high_quality,High_Dice (>75%)
20160307_145059_1_721,0.8081288650797738,0.6780337583507827,0.6982616858136461,0.9590256477512089,5945,2569,254,221632,6199,8514,0.30173831336622037,0.04097435070172609,1,1,6199.0,1626,0.2623003710275851,0.13115018551379254,1.0,1.9999623990067916,0.4,0.6,0.11250000000000002,0.50607,16,24,['boundary_margin_error'],boundary_margin_error,Medium_Dice (25-75%)
20160307_145059_641_361,0.7329768265718526,0.5785030944530072,0.5892468180795062,0.9694454904386166,5140,3583,162,221515,5302,8723,0.4107531812449845,0.03055450773293097,2,3,2651.0,2106,0.3972086005281026,0.1986043002640513,1.5,1.999951098179513,0.4,0.6,0.11000000000000001,0.50614,16,24,['moderate_general_error'],moderate_general_error,Medium_Dice (25-75%)
20160307_145059_641_721,0.8587817532841215,0.7525131636787847,0.7667758339023233,0.9758779700462239,11004,3347,272,215777,11276,14351,0.23322416556337539,0.024122029088329194,2,1,5638.0,3040,0.2695991486342675,0.13479957431713374,0.5,1.9999632050551057,0.35,0.65,0.12375,0.50482,14,26,['high_quality'],high_quality,Medium_Dice (25-75%)
20160307_162438_1281_361,0.8105232880814789,0.6814116493076828,0.9999999964526427,0.6814116493076828,2819,0,1318,226263,4137,2819,0.0,0.31858834904520184,1,1,4137.0,396,0.09572153734590283,0.047860768672951415,1.0,1.9999537798804194,0.35,0.65,0.11875,0.50345,14,26,['boundary_margin_error'],boundary_margin_error,Medium_Dice (25-75%)
20160307_162438_1281_721,0.9026901917176489,0.8226393174509707,0.9578572696359291,0.8535316689861614,26911,1184,4618,197687,31529,28095,0.04214273002313579,0.14646833074312537,1,1,31529.0,3073,0.09746582511338768,0.04873291255669384,1.0,1.9999653501370531,0.375,0.625,0.11750000000000001,0.50369,15,25,['high_quality'],high_quality,High_Dice (>75%)
20160307_162438_1921_1081,0.7108711887312856,0.5514353434019303,0.5525704631307028,0.9962885411150662,10469,8477,39,211415,10508,18946,0.44742953657764173,0.0037114579368100493,2,1,5254.0,2256,0.21469356680624285,0.10734678340312143,0.5,1.999962472383168,0.425,0.575,0.10874999999999999,0.50694,17,23,['moderate_general_error'],moderate_general_error,Medium_Dice (25-75%)
20160307_162438_1921_721,0.8874128341231765,0.7976119636647182,0.8799947477438861,0.8949570477166702,20107,2742,2360,205191,22467,22849,0.12000525187097903,0.10504295188498687,1,1,22467.0,2708,0.12053233631548493,0.06026616815774247,1.0,1.9999709450704004,0.375,0.625,0.1175,0.50338,15,25,['high_quality'],high_quality,High_Dice (>75%)
20160307_162438_1_361,0.8615997613555959,0.7568513534234502,0.8959131902773637,0.829817782898288,31787,3693,6519,188401,38306,35480,0.10408680947012401,0.17018221688508328,1,1,38306.0,3094,0.08077063645381924,0.04038531822690962,1.0,1.9999706666947048,0.375,0.625,0.11625,0.50329,15,25,['high_quality'],high_quality,Medium_Dice (25-75%)
20160307_162438_641_361,0.8543570715649359,0.7457446385428125,0.8504706567353643,0.8582791687385668,18883,3320,3118,205079,22001,22203,0.1495293428815926,0.14172083087132403,1,1,22001.0,2516,0.11435843825280669,0.05717921912640334,1.0,1.9999746775354796,0.4,0.6,0.11375000000000002,0.5034000000000001,16,24,['high_quality'],high_quality,Medium_Dice (25-75%)
20160307_162438_641_721,0.7537533318691221,0.6048187338383036,0.6514673773326857,0.8941411436515627,5372,2874,636,221518,6008,8246,0.34853262187727385,0.10585885486018642,1,2,6008.0,705,0.11734354194407456,0.05867177097203728,2.0,1.999958739885217,0.35,0.65,0.11499999999999999,0.50539,14,26,['boundary_margin_error'],boundary_margin_error,Medium_Dice (25-75%)
20160310_114505_1281_1,0.39394914666457553,0.24529058083461514,0.24529058083461514,0.999999994553377,1836,5649,0,222915,1836,7485,0.7547094188376754,0.0,4,1,459.0,1931,1.051742919389978,0.525871459694989,0.25,1.999983543608094,0.3,0.7,0.12625,0.50396,12,28,"['false_crack_high_fp', 'thin_low_area_failure', 'over_segmentation']",false_crack_high_fp,Low_Dice (<25%)
20160310_114505_641_1,0.5181532941549892,0.34966727132515146,0.3562874248359568,0.9495423587196847,4046,7310,215,218829,4261,11356,0.6437125748502994,0.05045763905186576,4,1,1065.25,2348,0.551044355785027,0.2755221778925135,0.25,1.9999844233853092,0.325,0.675,0.11374999999999999,0.50363,13,27,"['thin_low_area_failure', 'over_segmentation']",thin_low_area_failure,Low_Dice (<25%)
20160310_114505_641_1081,0.56731549028973,0.3959807525276151,0.39620504069082885,0.9985724458753927,4197,6396,6,219801,4203,10593,0.6037949589351459,0.0014275517487508922,3,2,1401.0,1842,0.4382583868665239,0.21912919343326195,0.6666666666666666,1.9999835939506667,0.3,0.7,0.1175,0.50368,12,28,['over_segmentation'],over_segmentation,Low_Dice (<25%)
20160310_114505_641_361,0.4612326041190454,0.29974160185203735,0.30121177127725635,0.9839773775118347,4176,9688,68,216468,4244,13864,0.6987882285054818,0.016022620169651274,5,2,848.8,2457,0.5789349670122526,0.2894674835061263,0.4,1.9999841607903543,0.3,0.7,0.12625,0.50302,12,28,"['false_crack_high_fp', 'thin_low_area_failure', 'over_segmentation', 'complex_topology']",false_crack_high_fp,Low_Dice (<25%)
20160310_114505_641_721,0.5867205927962786,0.41514833500415116,0.41534643976393737,0.998852419098342,4352,6126,5,219917,4357,10478,0.584653559839664,0.0011475786091347257,4,1,1089.25,1798,0.41266926784484737,0.20633463392242368,0.25,1.9999854492608187,0.3,0.7,0.11875,0.50392,12,28,['over_segmentation'],over_segmentation,Low_Dice (<25%)
20160316_142539_1281_361,0.858427560101549,0.751969415254901,0.8380890886532097,0.8797777163461945,6491,1254,887,221768,7378,7745,0.1619109102646869,0.12022228246137165,1,1,7378.0,1653,0.22404445649227434,0.11202222824613717,1.0,1.9999790608395216,0.375,0.625,0.12375,0.5042800000000001,15,25,['high_quality'],high_quality,Medium_Dice (25-75%)
20160316_142539_1281_721,0.7636263023316304,0.6176338948100598,0.6603397394845365,0.9052148235430034,8280,4259,867,216994,9147,12539,0.3396602599888348,0.09478517546736635,2,5,4573.5,2578,0.2818410407783973,0.14092052038919864,2.5,1.9999818348591252,0.35,0.65,0.11624999999999999,0.5037299999999999,14,26,['boundary_margin_error'],boundary_margin_error,Medium_Dice (25-75%)
20160316_142539_1921_361,0.686953979836006,0.5231758592514589,0.5468176409974574,0.9236681214640453,10576,8765,874,210185,11450,19341,0.453182358719818,0.07633187772925765,7,2,1635.7142857142858,4030,0.3519650655021834,0.1759825327510917,0.2857142857142857,1.9999842629968423,0.35,0.65,0.12375,0.50298,14,26,['complex_topology'],complex_topology,Low_Dice (<25%)
20160316_142539_1_721,0.683836485174487,0.5195680304700933,0.5495091558667599,0.9050839545203017,11643,9545,1221,207991,12864,21188,0.4504908438738909,0.09491604477611941,7,2,1837.7142857142858,4023,0.3127332089552239,0.15636660447761194,0.2857142857142857,1.999981587061594,0.325,0.675,0.11624999999999999,0.50282,13,27,['complex_topology'],complex_topology,Low_Dice (<25%)
20160316_142539_641_721,0.551748009555519,0.38097514327336274,0.4032234748470572,0.8734930320389126,11158,16514,1616,201112,12774,27672,0.5967765250072276,0.12650696727728197,4,1,3193.5,4538,0.35525285736652573,0.17762642868326287,0.25,1.9999761217791683,0.4,0.6,0.11124999999999999,0.50326,16,24,['over_segmentation'],over_segmentation,Low_Dice (<25%)
20160316_143445_1281_1,0.8719684148263268,0.7729999995452941,0.829242127324262,0.9193367840217317,13141,2706,1153,213400,14294,15847,0.17075787215245788,0.08066321533510563,1,1,14294.0,2297,0.16069679585840213,0.08034839792920107,1.0,1.9999817597193315,0.375,0.625,0.10875,0.50461,15,25,['high_quality'],high_quality,High_Dice (>75%)
20160316_143445_1281_1081,0.7823197066773904,0.6424672477393245,0.6751434021507775,0.9299446907296689,3531,1699,266,224904,3797,5230,0.3248565965583174,0.07005530682117461,4,2,949.25,1205,0.3173558072162233,0.15867790360811165,0.5,1.9999781060050388,0.45,0.55,0.11750000000000001,0.5036,18,22,['boundary_margin_error'],boundary_margin_error,Medium_Dice (25-75%)
20160316_143445_1281_361,0.8547779222800261,0.7463861716513587,0.7583749995260156,0.9792591389078693,12134,3866,257,214143,12391,16000,0.241625,0.020740860301831976,2,3,6195.5,2403,0.19393107900895812,0.09696553950447906,1.5,1.9999865409585476,0.4,0.6,0.11875,0.5046600000000001,16,24,['high_quality'],high_quality,Medium_Dice (25-75%)
20160316_143445_1281_721,0.8237361230935398,0.7002987503619869,0.7866476835375769,0.8644948587033444,15471,4196,2425,208308,17896,19667,0.21335231606243962,0.13550514081358964,2,3,8948.0,4941,0.2760952168082253,0.13804760840411265,1.5,1.9999864250403394,0.3,0.7,0.11875,0.50254,12,28,['boundary_margin_error'],boundary_margin_error,Medium_Dice (25-75%)
20160316_143445_1921_1081,0.6886553095828855,0.5251520173264566,0.569587048962312,0.8706610140100115,7600,5743,1129,215928,8729,13343,0.43041295061080714,0.12933898499255356,2,1,4364.5,2735,0.31332340474281134,0.15666170237140567,0.5,1.999973506212203,0.425,0.575,0.11125000000000002,0.50316,17,23,['moderate_general_error'],moderate_general_error,Low_Dice (<25%)
20160316_143445_1_1081,0.8645547513771241,0.7614235494187842,0.8485115542023977,0.8812163115211875,8665,1547,1168,219020,9833,10212,0.15148844496670583,0.11878368758262992,1,3,9833.0,2466,0.2507881623105868,0.1253940811552934,3.0,1.9999659168131605,0.425,0.575,0.10750000000000001,0.50573,17,23,['high_quality'],high_quality,Medium_Dice (25-75%)
20160316_143445_1_721,0.48880460908117235,0.32345559814338265,0.3534810122853576,0.7920113429638116,3351,6129,880,220040,4231,9480,0.6465189873417722,0.20798865516426376,2,3,2115.5,1268,0.2996927440321437,0.14984637201607184,1.5,1.999969075597638,0.5,0.5,0.11124999999999999,0.50422,20,20,"['thin_low_area_failure', 'over_segmentation']",thin_low_area_failure,Low_Dice (<25%)
20160316_143445_641_361,0.8614926202982017,0.7566860221177018,0.7886123416394372,0.9492151421471067,9252,2480,495,218173,9747,11732,0.21138765768837367,0.050784856879039705,1,1,9747.0,2796,0.2868574946137273,0.14342874730686364,1.0,1.9999894511321414,0.35,0.65,0.10875,0.50435,14,26,['high_quality'],high_quality,Medium_Dice (25-75%)
20160316_143445_641_721,0.854237287683137,0.7455621294882007,0.8050314457372153,0.9098499369176917,8064,1953,799,219584,8863,10017,0.1949685534591195,0.09015006205573733,1,2,8863.0,2133,0.2406634322464177,0.12033171612320885,2.0,1.9999845844582118,0.475,0.525,0.11625000000000002,0.5059899999999999,19,21,['high_quality'],high_quality,Medium_Dice (25-75%)
20160316_143527_1281_1081,0.7808535643088179,0.6404920208507368,0.7499416109381537,0.8144234014081642,9633,3212,2195,215360,11828,12845,0.250058388478007,0.18557659790328035,4,3,2957.0,4261,0.360246871829557,0.1801234359147785,0.75,1.999978997287855,0.35,0.65,0.12625,0.50324,14,26,['boundary_margin_error'],boundary_margin_error,Medium_Dice (25-75%)
20160316_143527_1281_361,0.5891304339821598,0.4175654845578477,0.5149643693231251,0.688253966069035,2168,2042,982,225208,3150,4210,0.4850356294536817,0.31174603174603177,4,2,787.5,1101,0.3495238095238095,0.17476190476190476,0.5,1.9999776650867411,0.4,0.6,0.11374999999999999,0.5037,16,24,['moderate_general_error'],moderate_general_error,Low_Dice (<25%)
20160316_143527_1281_721,0.7460676035922716,0.5949823178104416,0.6684658343009611,0.8440531966283056,17834,8845,3295,200426,21129,26679,0.3315341654484801,0.15594680297221827,7,3,3018.4285714285716,7452,0.35269061479483177,0.17634530739741588,0.42857142857142855,1.9999858250766784,0.35,0.65,0.1225,0.50266,14,26,"['complex_topology', 'boundary_margin_error']",complex_topology,Medium_Dice (25-75%)
20160316_143527_1921_361,0.681727630788061,0.5171371612647823,0.5400214876846485,0.9242615780665883,8042,6850,659,214849,8701,14892,0.4599785119527263,0.07573842087116424,2,2,4350.5,4261,0.48971382599701185,0.24485691299850593,1.0,1.9999843678708416,0.325,0.675,0.1275,0.5025899999999999,13,27,['moderate_general_error'],moderate_general_error,Low_Dice (<25%)
20160316_143527_1_1,0.6402368807149,0.4708444225575898,0.6257234719981528,0.6554395411974407,5838,3492,3069,218001,8907,9330,0.3742765273311897,0.3445604580666891,2,2,4453.5,3323,0.37307735488941285,0.18653867744470642,1.0,1.9999817334552081,0.325,0.675,0.1275,0.50341,13,27,['moderate_general_error'],moderate_general_error,Low_Dice (<25%)
20160316_143527_1_361,0.604836869033953,0.4335241203049483,0.4341631175333064,0.9966165376067047,2651,3455,9,224285,2660,6106,0.5658368817556502,0.0033834586466165413,2,5,1330.0,1788,0.6721804511278195,0.3360902255639098,2.5,1.9999851194007365,0.5,0.5,0.12875,0.50476,20,20,['over_segmentation'],over_segmentation,Low_Dice (<25%)
20160316_143527_641_1,0.8043845667080088,0.6727786747392741,0.7200034571922516,0.911169455299016,8329,3239,812,218020,9141,11568,0.27999654218533887,0.08883054370418991,1,1,9141.0,2978,0.3257849250629034,0.1628924625314517,1.0,1.99997956437402,0.3,0.7,0.1225,0.50404,12,28,['boundary_margin_error'],boundary_margin_error,Medium_Dice (25-75%)
20160316_143527_641_361,0.7752388139789091,0.6329714093058786,0.710749081237955,0.8525993097122242,13350,5433,2308,209309,15658,18783,0.2892509183836448,0.14740068974326223,8,2,1957.25,5907,0.37725124536977905,0.18862562268488953,0.25,1.9999875754410112,0.3,0.7,0.1325,0.50362,12,28,"['complex_topology', 'boundary_margin_error']",complex_topology,Medium_Dice (25-75%)
20160316_143527_641_721,0.7138801945455417,0.5550650814317317,0.6769740465530453,0.755042339099242,4904,2340,1591,221565,6495,7244,0.32302595251242405,0.2449576597382602,3,1,2165.0,2013,0.3099307159353349,0.15496535796766744,0.3333333333333333,1.9999856635369695,0.4,0.6,0.12374999999999999,0.50573,16,24,['boundary_margin_error'],boundary_margin_error,Medium_Dice (25-75%)
20160316_143547_1281_1081,0.8833476628212272,0.7910677597765201,0.8309517367728451,0.9427959591838606,3082,627,187,226504,3269,3709,0.16904826098678888,0.05720403793208932,3,1,1089.6666666666667,774,0.23676965432854083,0.11838482716427041,0.3333333333333333,1.999983161233013,0.4,0.6,0.12625,0.50341,16,24,['high_quality'],high_quality,High_Dice (>75%)
20160316_143547_1281_361,0.2957149579411161,0.17351261710533686,0.17587752020933997,0.9280788085903566,942,4414,73,224971,1015,5356,0.8241224794622853,0.07192118226600985,1,2,1015.0,210,0.20689655172413793,0.10344827586206896,2.0,1.9999760510595166,0.425,0.575,0.11750000000000001,0.50361,17,23,"['false_crack_high_fp', 'thin_low_area_failure', 'over_segmentation']",false_crack_high_fp,Low_Dice (<25%)
20160316_143547_1281_721,0.889749764236258,0.8013956994336493,0.8382985436458594,0.9479296801053321,21245,4098,1167,203890,22412,25343,0.1617014560233595,0.05207031947171158,1,1,22412.0,4400,0.19632339817954667,0.09816169908977333,1.0,1.99998513352737,0.325,0.675,0.12375000000000001,0.50315,13,27,['high_quality'],high_quality,High_Dice (>75%)
20160316_143547_1921_1081,0.8491932826701528,0.7379113015958829,0.798730207580531,0.9064628087929077,20632,5199,2129,202440,22761,25831,0.2012697921102551,0.09353719080883968,3,3,7587.0,5059,0.2222661570229779,0.11113307851148894,1.0,1.999983481569052,0.3,0.7,0.125,0.5034,12,28,['boundary_margin_error'],boundary_margin_error,Medium_Dice (25-75%)
20160316_143547_1_1,0.7772573995325162,0.6356672281110938,0.8119373771611629,0.745418612561134,12447,2883,4251,210819,16698,15330,0.18806262230919765,0.2545813869924542,1,1,16698.0,4621,0.2767397293088993,0.13836986465444964,1.0,1.999984448462835,0.35,0.65,0.1225,0.50388,14,26,['boundary_margin_error'],boundary_margin_error,Medium_Dice (25-75%)
20160316_143547_641_1,0.8544663738559171,0.745911210596313,0.7744087278689586,0.9529850675150369,1277,372,63,228688,1340,1649,0.22559126743480898,0.04701492537313433,1,1,1340.0,445,0.332089552238806,0.166044776119403,1.0,1.9999771208838844,0.4,0.6,0.11000000000000001,0.50354,16,24,['high_quality'],high_quality,Medium_Dice (25-75%)
20160316_143547_641_361,0.8911360713820824,0.8036478132107606,0.8253706749494352,0.9682891904307164,13527,2862,443,213568,13970,16389,0.17462932454695224,0.031710808876163205,2,1,6985.0,3890,0.278453829634932,0.139226914817466,0.5,1.9999866511684705,0.375,0.625,0.11625,0.5038199999999999,15,25,['high_quality'],high_quality,High_Dice (>75%)
20160316_143547_641_721,0.6836247985547503,0.5193236683615721,0.5980528470232764,0.7977736475160144,860,578,218,228744,1078,1438,0.4019471488178025,0.20222634508348794,2,1,539.0,561,0.5204081632653061,0.2602040816326531,0.5,1.9999736502993535,0.4,0.6,0.11625000000000002,0.50315,16,24,['moderate_general_error'],moderate_general_error,Low_Dice (<25%)
20160318_181632_1281_1081,0.8647138898594765,0.7616704565798345,0.8191115652900922,0.9156931943551756,18421,4068,1696,206215,20117,22489,0.1808884343456801,0.08430680518964061,1,1,20117.0,3066,0.1524084107968385,0.07620420539841925,1.0,1.999984926840082,0.35,0.65,0.11624999999999999,0.50213,14,26,['high_quality'],high_quality,Medium_Dice (25-75%)
20160318_181632_1281_361,0.8624182051900667,0.7581153365188648,0.9029236361009676,0.8253909156405194,31038,3337,6566,189459,37604,34375,0.09707636363636364,0.1746090841399851,8,1,4700.5,5071,0.13485267524731412,0.06742633762365706,0.125,1.9999866902336287,0.3,0.7,0.11499999999999999,0.50278,12,28,"['complex_topology', 'high_quality']",complex_topology,Medium_Dice (25-75%)
20160318_181632_1281_721,0.898051714648489,0.8149672054365229,0.8790315489590335,0.9179131866945429,20005,2753,1789,205853,21794,22758,0.12096845065471483,0.08208681288428007,1,1,21794.0,2539,0.1164999541158117,0.05824997705790585,1.0,1.999984309726853,0.425,0.575,0.11500000000000002,0.50528,17,23,['high_quality'],high_quality,High_Dice (>75%)
20160318_181632_1921_1,0.762146482267815,0.6157000576805799,0.7109758147962527,0.8212541495970812,4204,1709,915,223572,5119,5913,0.28902418400135294,0.17874584879859348,5,3,1023.8,1148,0.22426255127954678,0.11213127563977339,0.6,1.9999839223108509,0.45,0.55,0.11249999999999999,0.50641,18,22,"['complex_topology', 'boundary_margin_error']",complex_topology,Medium_Dice (25-75%)
20160318_181632_1921_361,0.8883051804557696,0.7990548888407653,0.903456495457048,0.8736536700156379,21982,2349,3179,202890,25161,24331,0.09654350417163289,0.12634632963713685,1,2,25161.0,3071,0.12205397241763045,0.06102698620881523,2.0,1.9999879691342966,0.35,0.65,0.11625,0.50379,14,26,['high_quality'],high_quality,High_Dice (>75%)
20160318_181632_1_1,0.9383864430314995,0.8839246982782669,0.9238371563079646,0.9534013284197619,30567,2520,1494,195819,32061,33087,0.07616284341282074,0.04659867128286704,1,1,32061.0,3190,0.0994978322572596,0.0497489161286298,1.0,1.9999879602967852,0.3,0.7,0.1225,0.50285,12,28,['high_quality'],high_quality,High_Dice (>75%)
20160318_181632_1_361,0.9178787190446647,0.8482216690483423,0.8944614023234597,0.9425551448930259,4102,484,250,225564,4352,4586,0.10553859572612298,0.05744485294117647,2,2,2176.0,534,0.12270220588235294,0.06135110294117647,1.0,1.999983229933714,0.475,0.525,0.10750000000000001,0.5061799999999999,19,21,['high_quality'],high_quality,High_Dice (>75%)
20160318_181632_641_1,0.9243599671754074,0.8593580928259714,0.9319515020260011,0.9168911084382796,2383,174,216,227627,2599,2557,0.06804849432929214,0.08310888803385917,2,1,1299.5,488,0.1877645248172374,0.0938822624086187,0.5,1.9999811521591648,0.45,0.55,0.10875,0.5047,18,22,['high_quality'],high_quality,High_Dice (>75%)
20160318_181632_641_361,0.9148324357041312,0.8430333395540968,0.9447398966215641,0.8867604204011755,34996,2047,4469,188888,39465,37043,0.05526010312339713,0.11323957937412897,1,1,39465.0,3248,0.08230077283669074,0.04115038641834537,1.0,1.9999861030280788,0.35,0.65,0.11374999999999999,0.5025000000000001,14,26,['high_quality'],high_quality,High_Dice (>75%)
20160318_181632_641_721,0.2194753725047411,0.1232644407808538,0.12335596083649135,0.9940170855212215,1163,8265,7,220965,1170,9428,0.8766440390326686,0.005982905982905983,1,1,1170.0,668,0.5709401709401709,0.28547008547008546,1.0,1.9999833877399174,0.45,0.55,0.11,0.50498,18,22,"['false_crack_high_fp', 'thin_low_area_failure', 'over_segmentation']",false_crack_high_fp,Low_Dice (<25%)
20160321_183947_1281_361,0.7107289974731704,0.5512642385349701,0.5837010868381844,0.9084249042654536,1984,1415,200,226801,2184,3399,0.4162989114445425,0.09157509157509157,1,2,2184.0,385,0.1762820512820513,0.08814102564102565,2.0,1.999967550469003,0.375,0.625,0.11875000000000001,0.5060699999999999,15,25,['moderate_general_error'],moderate_general_error,Medium_Dice (25-75%)
20160321_183947_1281_721,0.9286441146923056,0.8667933106332805,0.9011340851308733,0.9578867009262741,30115,3304,1324,195657,31439,33419,0.09886591459947934,0.042113298769044814,1,1,31439.0,3118,0.09917618244855116,0.04958809122427558,1.0,1.9999701941529828,0.225,0.775,0.13125,0.5033399999999999,9,31,['high_quality'],high_quality,High_Dice (>75%)
20160321_183947_1921_721,0.9103274718223866,0.8354138039479013,0.8732200694025484,0.9507285910736814,28577,4149,1481,196193,30058,32726,0.12677993033062396,0.04927140861002063,1,1,30058.0,3092,0.10286778894138,0.05143389447069,1.0,1.999978194488571,0.3,0.7,0.1375,0.50315,12,28,['high_quality'],high_quality,High_Dice (>75%)
20160321_183947_1_721,0.895908549753971,0.8114441512560688,0.8439753116890673,0.9546521864743485,45535,8418,2163,174284,47698,53953,0.15602468815450485,0.04534781332550631,1,1,47698.0,3492,0.07321061679735,0.036605308398675,1.0,1.9999673475363466,0.3,0.7,0.11750000000000001,0.5021899999999999,12,28,['high_quality'],high_quality,High_Dice (>75%)
20160321_183947_641_721,0.892065162989828,0.8051603155625279,0.8092218030243347,0.9938050699203664,33047,7791,206,189356,33253,40838,0.19077819677751115,0.00619492978077166,1,1,33253.0,3297,0.0991489489670105,0.04957447448350525,1.0,1.9999810132730136,0.275,0.725,0.12125,0.50292,11,29,['high_quality'],high_quality,High_Dice (>75%)
20160321_185557_1281_721,0.8678229219215956,0.766508118495487,0.833196647946801,0.9054520087939505,23367,4678,2440,199915,25807,28045,0.16680335175610625,0.09454799085519433,3,1,8602.333333333334,3922,0.1519742705467509,0.07598713527337544,0.3333333333333333,1.9999784795634845,0.3,0.7,0.1225,0.50286,12,28,['high_quality'],high_quality,Medium_Dice (25-75%)
20160321_185557_1921_1,0.8548640163638145,0.7465174691736945,0.787837402966069,0.9343559442317493,9807,2641,689,217263,10496,12448,0.21216259640102827,0.06564405487804878,1,1,10496.0,2096,0.19969512195121952,0.09984756097560976,1.0,1.9999834589012,0.35,0.65,0.1225,0.50412,14,26,['high_quality'],high_quality,Medium_Dice (25-75%)
20160321_185557_1921_1081,0.8007536914242348,0.6677141181907965,0.7336009628794854,0.8814393200063291,9137,3318,1229,216716,10366,12455,0.2663990365315134,0.11856067914335328,1,1,10366.0,1930,0.18618560679143353,0.09309280339571677,1.0,1.9999806077078959,0.325,0.675,0.1325,0.50516,13,27,['boundary_margin_error'],boundary_margin_error,Medium_Dice (25-75%)
20160321_185557_1921_361,0.7243676152865087,0.5678498162691304,0.5793746428747545,0.966155472272707,9135,6632,320,214313,9455,15767,0.42062535675778523,0.033844526705446853,2,1,4727.5,2665,0.28186144896879956,0.14093072448439978,0.5,1.9999793465069575,0.225,0.775,0.14500000000000002,0.50309,9,31,['moderate_general_error'],moderate_general_error,Medium_Dice (25-75%)
20160321_185557_1921_721,0.9054770154380554,0.8272800372487837,0.8769667906670336,0.9359032670245231,24691,3464,1691,200554,26382,28155,0.12303320902148819,0.06409673262072625,1,1,26382.0,3311,0.1255022363732848,0.0627511181866424,1.0,1.9999818898054986,0.25,0.75,0.13125,0.50225,10,30,['high_quality'],high_quality,High_Dice (>75%)
20160321_185557_1_361,0.3618135562444807,0.22086225754318187,0.2223652745588279,0.9703049681355942,1209,4228,37,224926,1246,5437,0.7776347250321869,0.02969502407704655,1,4,1246.0,314,0.2520064205457464,0.1260032102728732,4.0,1.999969435305312,0.35,0.65,0.12,0.50394,14,26,"['false_crack_high_fp', 'thin_low_area_failure', 'over_segmentation', 'fragmented_prediction']",false_crack_high_fp,Low_Dice (<25%)
20160321_185557_1_721,0.8130213158449904,0.684950224210443,0.7053549888617211,0.9594771951441118,17545,7329,741,204785,18286,24874,0.29464501085470773,0.04052280433118233,1,1,18286.0,3861,0.21114513835721316,0.10557256917860658,1.0,1.9999759698431987,0.275,0.725,0.13125,0.50325,11,29,['boundary_margin_error'],boundary_margin_error,Medium_Dice (25-75%)
20160321_185557_641_721,0.8879605502082386,0.7984973468113175,0.8250170057920784,0.9613017526290089,20618,4373,830,204579,21448,24991,0.174982993877796,0.03869824692279,1,1,21448.0,3301,0.1539071242073853,0.07695356210369265,1.0,1.999983463617136,0.325,0.675,0.1175,0.50298,13,27,['high_quality'],high_quality,High_Dice (>75%)
20160324_170347_1281_1,0.8817784250132811,0.7885542943702851,0.8779390408157633,0.8856515360385776,6049,841,781,222729,6830,6890,0.12206095791001452,0.11434846266471449,2,1,3415.0,2141,0.31346998535871157,0.15673499267935578,0.5,1.9999667809143022,0.425,0.575,0.10875000000000001,0.5060399999999999,17,23,['high_quality'],high_quality,High_Dice (>75%)
20160324_170347_1281_1081,0.8238330817926198,0.7004389164832493,0.8514895496494893,0.7979166655584491,5745,1002,1455,222198,7200,6747,0.14851044908848376,0.20208333333333334,1,1,7200.0,2631,0.36541666666666667,0.18270833333333333,1.0,1.9999695803392108,0.525,0.475,0.125,0.5065299999999999,21,19,['boundary_margin_error'],boundary_margin_error,Medium_Dice (25-75%)
20160324_170347_1281_361,0.8041486598650829,0.6724486839429039,0.7203468558683319,0.9100156482654986,6978,2709,690,220023,7668,9687,0.2796531433880458,0.08998435054773082,5,1,1533.6,2600,0.33907146583202924,0.16953573291601462,0.2,1.9999743564019163,0.325,0.675,0.11375,0.5049600000000001,13,27,"['complex_topology', 'boundary_margin_error']",complex_topology,Medium_Dice (25-75%)
20160324_170347_1281_721,0.7520178932451532,0.6025870797143403,0.7482341550573448,0.7558400930936956,7733,2602,2498,217567,10231,10335,0.25176584421867443,0.24415990616753006,1,3,10231.0,4382,0.4283061284331932,0.2141530642165966,3.0,1.9999728306387312,0.4,0.6,0.11875,0.50651,16,24,['boundary_margin_error'],boundary_margin_error,Medium_Dice (25-75%)
20160324_170347_641_1,0.7266666656574075,0.570680627027311,0.5940054482424945,0.9356223142502778,2616,1788,180,225816,2796,4404,0.40599455040871935,0.06437768240343347,1,2,2796.0,2183,0.780758226037196,0.390379113018598,2.0,1.999950695954663,0.375,0.625,0.10375000000000001,0.5058699999999999,15,25,['moderate_general_error'],moderate_general_error,Medium_Dice (25-75%)
20160324_170347_641_361,0.7441680372237266,0.5925697539809315,0.6171135003738747,0.937103849495115,3844,2385,258,223913,4102,6229,0.382886498635415,0.0628961482203803,3,1,1367.3333333333333,2940,0.7167235494880546,0.3583617747440273,0.3333333333333333,1.9999671779090538,0.375,0.625,0.115,0.50466,15,25,['boundary_margin_error'],boundary_margin_error,Medium_Dice (25-75%)
20160324_170347_641_721,0.7997455053288604,0.6663132767921726,0.7240783389283457,0.8930728209837555,2514,958,301,226627,2815,3472,0.2759216589861751,0.10692717584369449,1,1,2815.0,1498,0.5321492007104796,0.2660746003552398,1.0,1.9999722306036367,0.45,0.55,0.11124999999999999,0.50807,18,22,['boundary_margin_error'],boundary_margin_error,Medium_Dice (25-75%)
20160326_141808_1281_1,0.39091077000654834,0.24293915012291717,0.3344925698158511,0.47022222117728396,2116,4210,2384,221690,4500,6326,0.6655074296553904,0.5297777777777778,4,8,1125.0,1265,0.2811111111111111,0.14055555555555554,2.0,1.9999693188784768,0.35,0.65,0.11249999999999999,0.50346,14,26,"['false_crack_high_fp', 'thin_low_area_failure']",false_crack_high_fp,Low_Dice (<25%)
20160326_141808_641_1,0.7649802627736625,0.6194073177256983,0.6259541947976853,0.9833948248764315,1066,637,18,228679,1084,1703,0.37404580152671757,0.016605166051660517,1,9,1084.0,178,0.16420664206642066,0.08210332103321033,9.0,1.9999591110442665,0.425,0.575,0.11499999999999999,0.50431,17,23,['boundary_margin_error'],boundary_margin_error,Medium_Dice (25-75%)
20160326_141808_641_361,0.7656302557712383,0.6202600633650549,0.6877320204716119,0.863429437607382,7966,3617,1260,217557,9226,11583,0.3122679789346456,0.13657056145675264,1,3,9226.0,1956,0.21200953826143507,0.10600476913071753,3.0,1.999969106061447,0.35,0.65,0.11625000000000002,0.50572,14,26,['boundary_margin_error'],boundary_margin_error,Medium_Dice (25-75%)
20160326_141808_641_721,0.5467345711902827,0.37621109010903825,0.5704016243625541,0.5249532568316507,3650,2749,3303,220698,6953,6399,0.42959837474605406,0.47504674241334677,4,4,1738.25,1926,0.27700273263339564,0.13850136631669782,1.0,1.9999558559146198,0.35,0.65,0.11250000000000002,0.50673,14,26,['thin_low_area_failure'],thin_low_area_failure,Low_Dice (<25%)
20160326_142521_1281_1,0.5710044022878036,0.3995844376301609,0.8963355819731026,0.41894531218528747,5577,645,7735,216443,13312,6222,0.10366441658630665,0.5810546875,1,2,13312.0,1582,0.11884014423076923,0.059420072115384616,2.0,1.9999630871238345,0.475,0.525,0.11,0.50396,19,21,['moderate_general_error'],moderate_general_error,Low_Dice (<25%)
20160326_142521_1281_1081,0.4170134066620228,0.26343457892633454,0.4224164832269232,0.41174680337265124,1353,1850,1933,225264,3286,3203,0.5775835154542617,0.5882531953743153,2,1,1643.0,933,0.2839318320146074,0.1419659160073037,0.5,1.99997121639949,0.475,0.525,0.10999999999999999,0.5043599999999999,19,21,['thin_low_area_failure'],thin_low_area_failure,Low_Dice (<25%)
20160326_142521_1281_361,0.6878879932057271,0.5242601162429433,0.8849617657009996,0.5626012741032719,5208,677,4049,220466,9257,5885,0.11503823279524214,0.4373987252889705,1,3,9257.0,1801,0.19455547153505456,0.09727773576752728,3.0,1.9999640778808505,0.425,0.575,0.11124999999999999,0.50385,17,23,['moderate_general_error'],moderate_general_error,Low_Dice (<25%)
20160326_142521_1281_721,0.8475713471708697,0.7354653540504589,0.892171490209717,0.8072180714542183,8969,1084,2142,218205,11111,10053,0.10782850890281508,0.1927819278192782,1,4,11111.0,1846,0.16614166141661416,0.08307083070830708,4.0,1.999970851462562,0.45,0.55,0.11249999999999999,0.5040899999999999,18,22,['boundary_margin_error'],boundary_margin_error,Medium_Dice (25-75%)
20160326_142521_641_1,0.0,0.0,0.0,0.0,0,758,1355,228287,1355,758,1.0,1.0,1,2,1355.0,291,0.21476014760147602,0.10738007380073801,2.0,1.9999734687342197,0.375,0.625,0.11375,0.50383,15,25,"['missed_crack_high_fn', 'false_crack_high_fp', 'thin_low_area_failure']",missed_crack_high_fn,Low_Dice (<25%)
20160326_142521_641_1081,0.0,0.0,0.0,0.0,0,1189,2487,226724,2487,1189,1.0,1.0,2,5,1243.5,797,0.32046642541214315,0.16023321270607158,2.5,1.9999705189092396,0.45,0.55,0.10750000000000001,0.50432,18,22,"['missed_crack_high_fn', 'false_crack_high_fp', 'thin_low_area_failure']",missed_crack_high_fn,Low_Dice (<25%)
20160326_142745_1281_1081,0.7980234702927443,0.6639260006907997,0.9004739311389073,0.716503991312103,3230,357,1278,225535,4508,3587,0.0995260663507109,0.2834960070984916,2,1,2254.0,1217,0.2699645075421473,0.13498225377107365,0.5,1.9999615751118085,0.45,0.55,0.10875,0.50525,18,22,['boundary_margin_error'],boundary_margin_error,Medium_Dice (25-75%)
20160326_142745_1281_361,0.2770550391157577,0.16080318605973848,0.8710112320403989,0.16472588171294017,1938,287,9827,218348,11765,2225,0.12898876404494383,0.8352741181470463,1,2,11765.0,1303,0.11075223119422015,0.05537611559711007,2.0,1.9999774226662246,0.4,0.6,0.11249999999999999,0.50542,16,24,['missed_crack_high_fn'],missed_crack_high_fn,Low_Dice (<25%)
20160326_142745_1281_721,0.7076400902743112,0.5475565165314606,0.9018659873605887,0.58224728913468,10633,1157,7629,210981,18262,11790,0.09813401187446989,0.41775271054649,1,2,18262.0,3193,0.17484393823239514,0.08742196911619757,2.0,1.9999830719189293,0.35,0.65,0.115,0.5042800000000001,14,26,['moderate_general_error'],moderate_general_error,Low_Dice (<25%)
20160326_142745_1921_1081,0.6214945126097418,0.4508466003906412,0.6843114678091456,0.5692405862009563,3568,1646,2700,222486,6268,5214,0.3156885308784043,0.43075941289087427,2,1,3134.0,2013,0.3211550733886407,0.16057753669432034,0.5,1.9999763862110478,0.45,0.55,0.11750000000000002,0.50648,18,22,['moderate_general_error'],moderate_general_error,Low_Dice (<25%)
20160326_142745_1_1,0.5434440596289639,0.3731020859319207,0.9172989363925661,0.38608928888925764,6045,545,9612,214198,15657,6590,0.082701062215478,0.6139107108641502,1,1,15657.0,3472,0.2217538481190522,0.1108769240595261,1.0,1.9999794075804984,0.375,0.625,0.12125,0.5045600000000001,15,25,['moderate_general_error'],moderate_general_error,Low_Dice (<25%)
20160326_142745_641_361,0.7933672772637658,0.6575051897023625,0.9072736325150869,0.7048720302361643,14569,1489,6100,208242,20669,16058,0.0927263669199153,0.2951279694228071,1,2,20669.0,4010,0.19401035366974698,0.09700517683487349,2.0,1.999979343457063,0.375,0.625,0.11249999999999999,0.50461,15,25,['boundary_margin_error'],boundary_margin_error,Medium_Dice (25-75%)
20160328_151020_1281_361,0.5911823645649125,0.41963015630645245,0.43228721438014933,0.9347768674106356,10620,13947,741,205092,11361,24567,0.5677127854438881,0.06522313176656984,6,1,1893.5,3906,0.3438077634011091,0.17190388170055454,0.16666666666666666,1.9999847217268776,0.3,0.7,0.12625,0.50339,12,28,"['over_segmentation', 'complex_topology']",over_segmentation,Low_Dice (<25%)
20160328_151020_1921_361,0.5160443487262143,0.3477491718052736,0.3570352048703346,0.9304128892946497,9239,16638,691,203832,9930,25877,0.6429647949916915,0.06958710976837865,1,1,9930.0,4010,0.4038267875125881,0.20191339375629405,1.0,1.9999838918403001,0.275,0.725,0.13124999999999998,0.50335,11,29,['over_segmentation'],over_segmentation,Low_Dice (<25%)
20160328_151020_1_1,0.6531478636407849,0.4849440009104205,0.4893084312866056,0.9819391628313829,14462,15094,266,200578,14728,29556,0.5106915685478414,0.01806083650190114,1,1,14728.0,4702,0.3192558392178164,0.1596279196089082,1.0,1.9999838381441546,0.25,0.75,0.12624999999999997,0.5022800000000001,10,30,['over_segmentation'],over_segmentation,Low_Dice (<25%)
20160328_151020_1_361,0.30251446356112904,0.17821327903374629,0.17858784881537745,0.988367862637703,2719,12506,32,215143,2751,15225,0.8214121510673235,0.011632133769538349,1,2,2751.0,1264,0.45946928389676484,0.22973464194838242,2.0,1.9999733969054607,0.4,0.6,0.11375000000000002,0.50606,16,24,"['false_crack_high_fp', 'thin_low_area_failure', 'over_segmentation']",false_crack_high_fp,Low_Dice (<25%)
20160328_151020_641_361,0.5455516011808045,0.3750917541135969,0.3909218408830028,0.902561081980334,6132,9554,662,214052,6794,15686,0.6090781588677802,0.09743891669119811,5,2,1358.8,2741,0.4034442154842508,0.2017221077421254,0.4,1.9999833917073424,0.325,0.675,0.12500000000000003,0.50341,13,27,"['thin_low_area_failure', 'over_segmentation', 'complex_topology']",thin_low_area_failure,Low_Dice (<25%)
20160328_151020_641_721,0.7131696078957981,0.5542063758143262,0.573057875757562,0.94396835782468,11456,8535,680,209729,12136,19991,0.42694212395578013,0.05603164139749506,1,1,12136.0,3877,0.3194627554383652,0.1597313777191826,1.0,1.9999803737660495,0.275,0.725,0.11875,0.50331,11,29,['moderate_general_error'],moderate_general_error,Medium_Dice (25-75%)
20160328_151057_1281_1,0.8207347558946578,0.6959712922916795,0.7656558392864601,0.8843523297733631,4267,1306,558,224269,4825,5573,0.23434415933967342,0.11564766839378238,3,1,1608.3333333333333,1961,0.40642487046632125,0.20321243523316063,0.3333333333333333,1.9999775664695325,0.35,0.65,0.11875,0.50535,14,26,['boundary_margin_error'],boundary_margin_error,Medium_Dice (25-75%)
20160328_151057_1281_1081,0.5335486181076887,0.36383655448515223,0.3805015348253563,0.8925570201303811,2974,4842,358,222226,3332,7816,0.6194984646878199,0.10744297719087635,4,5,833.0,2058,0.6176470588235294,0.3088235294117647,1.25,1.9999811014456406,0.35,0.65,0.11749999999999998,0.50393,14,26,"['thin_low_area_failure', 'over_segmentation']",thin_low_area_failure,Low_Dice (<25%)
20160328_151057_1281_361,0.8201293130636992,0.6951010158522369,0.7541547267132453,0.8987536266027768,5264,1716,593,222827,5857,6980,0.24584527220630373,0.10124637186272836,2,1,2928.5,2153,0.3675943315690627,0.18379716578453134,0.5,1.9999809761194793,0.375,0.625,0.10750000000000001,0.50603,15,25,['boundary_margin_error'],boundary_margin_error,Medium_Dice (25-75%)
20160328_151057_1281_721,0.825328296208752,0.7026033687071959,0.8248337023881862,0.8258234830348452,13764,2923,2903,210810,16667,16687,0.17516629711751663,0.1741765164696706,2,5,8333.5,5496,0.32975340493190136,0.16487670246595068,2.5,1.9999853065566922,0.25,0.75,0.12,0.50314,10,30,['boundary_margin_error'],boundary_margin_error,Medium_Dice (25-75%)
20160328_151057_1921_721,0.8414106935875264,0.7262372343077477,0.8673421513581554,0.8169847995608123,9245,1414,2071,217670,11316,10659,0.13265784782812648,0.18301519971721456,1,1,11316.0,3174,0.2804878048780488,0.1402439024390244,1.0,1.999980112102108,0.475,0.525,0.11624999999999999,0.5050699999999999,19,21,['boundary_margin_error'],boundary_margin_error,Medium_Dice (25-75%)
20160328_151057_641_1081,0.7318456185002327,0.5770950518143733,0.6238889745456278,0.8849811968923221,4001,2412,520,223467,4521,6413,0.3761110244815219,0.115018801150188,2,1,2260.5,2225,0.49214775492147755,0.24607387746073878,0.5,1.999979374701616,0.4,0.6,0.1175,0.50552,16,24,['boundary_margin_error'],boundary_margin_error,Medium_Dice (25-75%)
20160328_151057_641_721,0.7860549245304597,0.6475209961426158,0.7288807552167113,0.8529621683565985,4780,1778,824,223018,5604,6558,0.2711192436718512,0.1470378301213419,2,1,2802.0,1913,0.3413633119200571,0.17068165596002854,0.5,1.9999845436205326,0.425,0.575,0.11000000000000001,0.50663,17,23,['boundary_margin_error'],boundary_margin_error,Medium_Dice (25-75%)
20160328_151244_1281_1081,0.8443904413032826,0.7306883496667993,0.7528256235320024,0.961313228680171,20848,6845,839,201868,21687,27693,0.24717437619615065,0.038686770876562,1,3,21687.0,1886,0.08696454096924425,0.043482270484622124,3.0,1.999951559908375,0.25,0.75,0.13,0.5021700000000001,10,30,['boundary_margin_error'],boundary_margin_error,Medium_Dice (25-75%)
20160328_151244_1281_361,0.8950319845279072,0.810007142284122,0.8911820659727099,0.8989153104301564,21547,2631,2423,203799,23970,24178,0.10881793365869799,0.10108468919482687,1,1,23970.0,3379,0.14096787651230705,0.07048393825615352,1.0,1.9999731488550296,0.275,0.725,0.12375,0.50334,11,29,['high_quality'],high_quality,High_Dice (>75%)
20160328_151244_1281_721,0.8512207554637113,0.7409785296106315,0.8363706117534431,0.8666077736602014,39240,7677,6040,177443,45280,46917,0.1636293880682908,0.1333922261484099,6,3,7546.666666666667,6598,0.1457155477031802,0.0728577738515901,0.5,1.999962076400188,0.225,0.775,0.13,0.5005200000000001,9,31,"['complex_topology', 'high_quality']",complex_topology,Medium_Dice (25-75%)
20160328_151244_1921_1081,0.7273334440412978,0.5715035416275209,0.7683894853265312,0.6904422242979201,4356,1313,1953,222778,6309,5669,0.23161051331804552,0.3095577746077033,3,2,2103.0,1675,0.26549373910286894,0.13274686955143447,0.6666666666666666,1.9999677950027877,0.3,0.7,0.125,0.5052399999999999,12,28,['boundary_margin_error'],boundary_margin_error,Medium_Dice (25-75%)
20160328_151244_1921_361,0.876750518530091,0.780548340323074,0.9134693323042863,0.8428696083137405,27046,2562,5042,195750,32088,29608,0.08653066738719264,0.15713039142358515,2,1,16044.0,3054,0.09517576664173523,0.047587883320867615,0.5,1.9999765040278317,0.275,0.725,0.12875,0.50256,11,29,['high_quality'],high_quality,High_Dice (>75%)
20160328_151244_1921_721,0.882368992557891,0.7894993845753658,0.8385196247534396,0.9310575171190524,40420,7784,2993,179203,43413,48204,0.1614803750726081,0.0689424826664824,4,2,10853.25,5681,0.1308594199894041,0.06542970999470205,0.5,1.9999644513375856,0.225,0.775,0.14,0.50199,9,31,['high_quality'],high_quality,High_Dice (>75%)
20160328_151244_1_1,0.8539702797239547,0.7451554393530546,0.8907569414641472,0.8201015581088771,23418,2872,5137,198973,28555,26290,0.10924305819703309,0.17989844160392227,1,1,28555.0,4036,0.1413412712309578,0.0706706356154789,1.0,1.9999604306175687,0.25,0.75,0.1225,0.50302,10,30,['high_quality'],high_quality,Medium_Dice (25-75%)
20160328_151244_1_1081,0.8394771416837422,0.7233611433571381,0.8557529598762649,0.8238088763081188,6069,1023,1298,222010,7367,7092,0.14424703891708968,0.1761911225736392,1,1,7367.0,1519,0.20618976516899687,0.10309488258449843,1.0,1.9999531574051381,0.425,0.575,0.12375000000000001,0.5069000000000001,17,23,['boundary_margin_error'],boundary_margin_error,Medium_Dice (25-75%)
20160328_151244_1_721,0.8849861412139158,0.7936996784752081,0.8585161562563575,0.9131403113417998,18040,2973,1716,207671,19756,21013,0.1414838433350783,0.08685968819599109,1,1,19756.0,2941,0.14886616724033205,0.07443308362016603,1.0,1.999964212087026,0.3,0.7,0.12625000000000003,0.50383,12,28,['high_quality'],high_quality,High_Dice (>75%)
20160328_151244_641_1,0.8943229459729579,0.8088464373170261,0.8860696960274521,0.9027313899882274,19731,2537,2126,206006,21857,22268,0.11393030357463625,0.09726860959875555,1,2,21857.0,3341,0.15285720821704718,0.07642860410852359,2.0,1.9999714818352263,0.3,0.7,0.12875,0.5036100000000001,12,28,['high_quality'],high_quality,High_Dice (>75%)
20160328_151244_641_361,0.8966991073738125,0.8127421208183739,0.8780611951371183,0.9161454025043401,15525,2156,1421,211298,16946,17681,0.12193880436626887,0.08385459695503364,1,1,16946.0,2183,0.12882096069868995,0.06441048034934498,1.0,1.999967752949526,0.325,0.675,0.12375,0.5059700000000001,13,27,['high_quality'],high_quality,High_Dice (>75%)
20160328_151244_641_721,0.88484279312671,0.7934691070218322,0.8900198560156497,0.8797256095884669,46168,5705,6312,172215,52480,51873,0.1099801438127735,0.12027439024390243,1,1,52480.0,5253,0.1000952743902439,0.05004763719512195,1.0,1.9999709707228568,0.3,0.7,0.13375,0.50217,12,28,['high_quality'],high_quality,High_Dice (>75%)
20160328_151752_1281_361,0.7688379547625325,0.6244815276239599,0.7981261167489823,0.7416232311463296,12948,3275,4511,209666,17459,16223,0.2018738827590458,0.25837676842889057,2,1,8729.5,2428,0.13906867518185462,0.06953433759092731,0.5,1.999973898892795,0.325,0.675,0.12000000000000001,0.5038800000000001,13,27,['boundary_margin_error'],boundary_margin_error,Medium_Dice (25-75%)
20160328_151752_1281_721,0.8078353953322942,0.6776206843999227,0.8797750936335785,0.7467714756502366,5320,727,1804,222549,7124,6047,0.12022490491152638,0.253228523301516,1,2,7124.0,1432,0.20101066816395283,0.10050533408197641,2.0,1.999976672806752,0.425,0.575,0.10875000000000001,0.50685,17,23,['boundary_margin_error'],boundary_margin_error,Medium_Dice (25-75%)
20160328_151752_1921_721,0.776417584241281,0.6345445752093783,0.8842645377400931,0.6920175222308682,17061,2233,7593,203513,24654,19294,0.11573546180159636,0.30798247748844,4,1,6163.5,4532,0.18382412590249048,0.09191206295124524,0.25,1.9999793612739598,0.375,0.625,0.1275,0.50413,15,25,['boundary_margin_error'],boundary_margin_error,Medium_Dice (25-75%)
20160328_151752_1_361,0.7442776565268203,0.5927087786526409,0.6383741165975355,0.8923076916691896,12470,7064,1505,209361,13975,19534,0.36162588307566296,0.1076923076923077,1,1,13975.0,2708,0.19377459749552772,0.09688729874776386,1.0,1.9999792923326503,0.3,0.7,0.13,0.50356,12,28,['boundary_margin_error'],boundary_margin_error,Medium_Dice (25-75%)
20160328_151752_1_721,0.46945898675946995,0.3067274791712443,0.3067274791712443,0.9999999907063198,1076,2432,0,226892,1076,3508,0.69327251995439,0.0,5,2,215.2,573,0.5325278810408922,0.2662639405204461,0.4,1.9999668495515137,0.425,0.575,0.11000000000000001,0.5058,17,23,"['false_crack_high_fp', 'thin_low_area_failure', 'over_segmentation', 'complex_topology']",false_crack_high_fp,Low_Dice (<25%)
20160328_151752_641_361,0.792329126187199,0.6560803471940125,0.7769206039505347,0.8083612036271566,16919,4858,4011,204612,20930,21777,0.2230793956927033,0.19163879598662206,5,2,4186.0,3827,0.18284758719541327,0.09142379359770664,0.4,1.99997751855754,0.325,0.675,0.13375,0.50447,13,27,"['complex_topology', 'boundary_margin_error']",complex_topology,Medium_Dice (25-75%)
20160328_152022_1281_721,0.9003522113112314,0.8187641721035248,0.8536556531551345,0.9524531782667987,28886,4952,1442,195120,30328,33838,0.14634434659258821,0.04754682141915062,1,1,30328.0,3008,0.09918227380638354,0.04959113690319177,1.0,1.9999818450104638,0.35,0.65,0.11624999999999999,0.5037499999999999,14,26,['high_quality'],high_quality,High_Dice (>75%)
20160328_152022_1921_1,0.8249961357864117,0.7021220618185531,0.7543099380552898,0.9103001353907456,8007,2608,789,218996,8796,10615,0.2456900612341027,0.08969986357435197,1,2,8796.0,850,0.09663483401546158,0.04831741700773079,2.0,1.9999710022451727,0.4,0.6,0.1325,0.5052000000000001,16,24,['boundary_margin_error'],boundary_margin_error,Medium_Dice (25-75%)
20160328_152022_1921_361,0.759721415977174,0.6125409450456111,0.6627129061357853,0.890000485216842,18326,9327,2265,200482,20591,27653,0.33728709362456155,0.10999951435093001,3,4,6863.666666666667,3230,0.15686464960419602,0.07843232480209801,1.3333333333333333,1.9999740659270635,0.25,0.75,0.125,0.50186,10,30,['boundary_margin_error'],boundary_margin_error,Medium_Dice (25-75%)
20160328_152022_1921_721,0.8690055862037964,0.7683553301443489,0.800494029806098,0.9503421300583166,9722,2423,508,217747,10230,12145,0.19950596953478797,0.049657869012707724,1,1,10230.0,1710,0.16715542521994134,0.08357771260997067,1.0,1.9999764420955284,0.425,0.575,0.12,0.50564,17,23,['high_quality'],high_quality,Medium_Dice (25-75%)
20160328_152022_1_1081,0.6859643214473413,0.5220286881425434,0.5583124604271192,0.8892906110344214,7133,5643,888,216736,8021,12776,0.44168753913587977,0.1107093878568757,1,7,8021.0,2299,0.28662261563396085,0.14331130781698043,7.0,1.9999753984010116,0.325,0.675,0.14375000000000002,0.50362,13,27,['fragmented_prediction'],fragmented_prediction,Low_Dice (<25%)
20160328_152022_1_361,0.664007975126039,0.49701492431340105,0.5181151355454209,0.9242664515294747,2331,2168,191,225710,2522,4499,0.4818848633029562,0.07573354480570975,2,1,1261.0,818,0.32434575733544807,0.16217287866772404,0.5,1.9999694272937862,0.425,0.575,0.10750000000000001,0.50507,17,23,['moderate_general_error'],moderate_general_error,Low_Dice (<25%)
20160328_152022_1_721,0.7209232429398791,0.5636278190191468,0.6502222697059283,0.8088751000689572,5997,3226,1417,219760,7414,9223,0.3497777295890708,0.19112489884003236,2,3,3707.0,1733,0.23374696520097113,0.11687348260048556,1.5,1.9999713256851066,0.475,0.525,0.12749999999999997,0.50477,19,21,['boundary_margin_error'],boundary_margin_error,Medium_Dice (25-75%)
20160328_152022_641_361,0.8311819506029907,0.7111303175304282,0.8003674876781413,0.8644641601304786,14810,3694,2322,209574,17132,18504,0.19963251188932124,0.13553583936493113,1,2,17132.0,2760,0.16110203128648143,0.08055101564324071,2.0,1.99997874372064,0.275,0.725,0.125,0.5037699999999999,11,29,['boundary_margin_error'],boundary_margin_error,Medium_Dice (25-75%)
20160328_152022_641_721,0.8076385391691442,0.6773437130435006,0.722438975228872,0.9156206409816022,14443,5549,1331,209077,15774,19992,0.2775610244097639,0.08437935843793584,3,2,5258.0,2652,0.1681247622670217,0.08406238113351085,0.6666666666666666,1.9999807014835453,0.3,0.7,0.1125,0.50402,12,28,['boundary_margin_error'],boundary_margin_error,Medium_Dice (25-75%)
20160328_152305_1281_361,0.8843944187816876,0.7927482917536793,0.8385303758331775,0.9355658908926723,15086,2905,1039,211370,16125,17991,0.16146962370073925,0.06443410852713179,2,2,8062.5,1636,0.10145736434108527,0.05072868217054263,1.0,1.9999789961075405,0.4,0.6,0.11875,0.5048999999999999,16,24,['high_quality'],high_quality,High_Dice (>75%)
20160328_152305_1281_721,0.8186571181537257,0.692988573202624,0.7073704957247998,0.9714973294942488,12918,5344,379,211759,13297,18262,0.2926295038878546,0.028502669775137247,2,2,6648.5,1594,0.11987666390915244,0.05993833195457622,1.0,1.9999847297726958,0.4,0.6,0.1175,0.5039499999999999,16,24,['boundary_margin_error'],boundary_margin_error,Medium_Dice (25-75%)
20160328_152305_1921_361,0.8089217917978507,0.6791508619898796,0.7032941640139642,0.9518852747713165,21307,8989,1077,199027,22384,30296,0.2967058357538949,0.04811472480343102,3,2,7461.333333333333,2186,0.0976590421729807,0.04882952108649035,0.6666666666666666,1.9999844909409443,0.3,0.7,0.1325,0.5029800000000001,12,28,['boundary_margin_error'],boundary_margin_error,Medium_Dice (25-75%)
20160328_152305_1921_721,0.9262746824154333,0.8626737837375058,0.9205633797054377,0.9320572943769443,14706,1269,1072,213353,15778,15975,0.07943661971830986,0.06794270503232348,1,1,15778.0,1312,0.08315375839776905,0.041576879198884524,1.0,1.9999827202327425,0.325,0.675,0.115,0.50341,13,27,['high_quality'],high_quality,High_Dice (>75%)
20160328_152305_1_361,0.7757985043669509,0.6337179844448534,0.6943382257960169,0.8789132634250033,11258,4956,1551,212635,12809,16214,0.3056617737757494,0.12108673588882816,1,1,12809.0,3367,0.26286205012100866,0.13143102506050433,1.0,1.9999744355781215,0.45,0.55,0.1125,0.50563,18,22,['boundary_margin_error'],boundary_margin_error,Medium_Dice (25-75%)
20160328_152305_641_361,0.7699399967913289,0.6259369419238924,0.680815269698599,0.8859139505886049,10522,4933,1355,213590,11877,15455,0.3191847298608864,0.11408604866548792,2,2,5938.5,2578,0.2170581796750021,0.10852908983750105,1.0,1.9999850694729537,0.45,0.55,0.11124999999999999,0.5059199999999999,18,22,['boundary_margin_error'],boundary_margin_error,Medium_Dice (25-75%)
20160328_152305_641_721,0.7884495818756879,0.6507773593907411,0.7149120972502142,0.8788501022182494,17120,6827,2360,204093,19480,23947,0.2850879024512465,0.12114989733059549,2,2,9740.0,2953,0.15159137577002055,0.07579568788501027,1.0,1.999983100057873,0.4,0.6,0.12625000000000003,0.50353,16,24,['boundary_margin_error'],boundary_margin_error,Medium_Dice (25-75%)
20160328_152511_1281_361,0.6845154841735687,0.5203523689851516,0.560811916384996,0.8782363485282795,6852,5366,950,217232,7802,12218,0.43918808315599933,0.12176365034606511,3,2,2600.6666666666665,2301,0.2949243783645219,0.14746218918226095,0.6666666666666666,1.9999802290857396,0.35,0.65,0.12125000000000002,0.50405,14,26,['moderate_general_error'],moderate_general_error,Low_Dice (<25%)
20160328_152511_1281_721,0.8222406632180576,0.6981397960849214,0.735342139327086,0.9324298871966311,4954,1783,359,223304,5313,6737,0.2646578595814161,0.06757011104837192,1,1,5313.0,1252,0.23564840956145303,0.11782420478072651,1.0,1.9999829720476658,0.45,0.55,0.11000000000000001,0.50575,18,22,['boundary_margin_error'],boundary_margin_error,Medium_Dice (25-75%)
20160328_152511_1921_361,0.7435700106348698,0.5918117339833581,0.6613112387166346,0.8491997401709689,9179,4701,1630,214890,10809,13880,0.3386887608069164,0.15080025904338976,2,2,5404.5,1974,0.1826255897862892,0.0913127948931446,1.0,1.9999829306687875,0.35,0.65,0.125,0.50388,14,26,['boundary_margin_error'],boundary_margin_error,Medium_Dice (25-75%)
20160328_152511_1921_721,0.4323979587897249,0.27583401107074973,0.7542911609844527,0.3030651337125605,2373,773,5457,221797,7830,3146,0.24570883661792753,0.6969348659003831,1,2,7830.0,1447,0.18480204342273307,0.09240102171136653,2.0,1.9999825419692296,0.475,0.525,0.11375000000000002,0.5058,19,21,"['missed_crack_high_fn', 'thin_low_area_failure']",missed_crack_high_fn,Low_Dice (<25%)
20160328_152511_1_361,0.6588296178851689,0.4912348398615023,0.5457496321988304,0.8310174383745058,8911,7417,1812,212260,10723,16328,0.454250367466928,0.16898256085050825,1,1,10723.0,3459,0.3225776368553576,0.1612888184276788,1.0,1.9999814879216398,0.3,0.7,0.13,0.50359,12,28,['moderate_general_error'],moderate_general_error,Low_Dice (<25%)
20160328_152511_641_361,0.7787778012695554,0.6377036071561389,0.643685696669515,0.9856359556833455,12763,7065,186,210386,12949,19828,0.3563143030058503,0.01436404355548691,1,1,12949.0,2798,0.21607846165727082,0.10803923082863541,1.0,1.9999869486057187,0.35,0.65,0.115,0.50374,14,26,['boundary_margin_error'],boundary_margin_error,Medium_Dice (25-75%)
20160328_152511_641_721,0.6741138546205933,0.5084251441723099,0.545359747843727,0.8824521885126424,1569,1308,209,227314,1778,2877,0.4546402502606882,0.11754780652418448,1,2,1778.0,514,0.2890888638920135,0.14454443194600675,2.0,1.9999793247186084,0.425,0.575,0.11374999999999999,0.50645,17,23,['moderate_general_error'],moderate_general_error,Low_Dice (<25%)
20160328_152747_1281_361,0.801517874654876,0.6687774958880299,0.7609981790344371,0.8465952233173613,10033,3151,1818,215398,11851,13184,0.23900182038834952,0.15340477596827273,2,2,5925.5,3166,0.26715045143869715,0.13357522571934857,1.0,1.999987147182041,0.325,0.675,0.12875,0.5039800000000001,13,27,['boundary_margin_error'],boundary_margin_error,Medium_Dice (25-75%)
20160328_152747_1281_721,0.7265556513440937,0.5705437007207718,0.5983399473174307,0.9247071894885266,1658,1113,135,227494,1793,2771,0.4016600505232768,0.07529280535415504,1,1,1793.0,390,0.21751254880089235,0.10875627440044618,1.0,1.999981453657626,0.45,0.55,0.1175,0.5061899999999999,18,22,['moderate_general_error'],moderate_general_error,Medium_Dice (25-75%)
20160328_152747_1921_361,0.8128750679608133,0.6847426467275819,0.8279714548268768,0.7983193272808531,14155,2941,3576,209728,17731,17096,0.1720285446888161,0.20168067226890757,1,1,17731.0,3321,0.18729908070610796,0.09364954035305398,1.0,1.999986201245831,0.225,0.775,0.13124999999999998,0.5032800000000001,9,31,['boundary_margin_error'],boundary_margin_error,Medium_Dice (25-75%)
20160328_152747_1_361,0.7702328607839795,0.6263241521276985,0.6817035377374767,0.8851876102880251,9460,4417,1227,215296,10687,13877,0.31829646177127624,0.11481238888369047,1,1,10687.0,2884,0.26986057827266774,0.13493028913633387,1.0,1.9999778652146945,0.325,0.675,0.1225,0.5045200000000001,13,27,['boundary_margin_error'],boundary_margin_error,Medium_Dice (25-75%)
20160328_152747_641_361,0.7535126321911939,0.6045088395206042,0.6640045959988483,0.8709118305418901,11557,5848,1713,211282,13270,17405,0.3359954036196495,0.1290881688018086,1,1,13270.0,3624,0.27309721175584023,0.13654860587792012,1.0,1.9999792911026397,0.35,0.65,0.1225,0.5047499999999999,14,26,['boundary_margin_error'],boundary_margin_error,Medium_Dice (25-75%)
20160328_153548_1281_1081,0.7675585252192368,0.6227951111072245,0.8131089387678571,0.7268408493520123,918,211,345,228926,1263,1129,0.18689105403011513,0.27315914489311166,1,3,1263.0,218,0.1726049089469517,0.08630245447347586,3.0,1.9999663494903746,0.475,0.525,0.11750000000000001,0.50483,19,21,['boundary_margin_error'],boundary_margin_error,Medium_Dice (25-75%)
20160328_153548_1281_361,0.8822950168172422,0.7893809458600013,0.9447490497051187,0.8275862058773569,6720,393,1400,221887,8120,7113,0.05525094896668072,0.1724137931034483,1,2,8120.0,1052,0.12955665024630542,0.06477832512315271,2.0,1.9999718754114606,0.45,0.55,0.11375,0.50645,18,22,['high_quality'],high_quality,High_Dice (>75%)
20160328_153548_1281_721,0.8221753644663196,0.6980456509926761,0.8209924197006624,0.8233617228044761,23395,5101,5019,196885,28414,28496,0.17900758001122966,0.17663827690575068,3,3,9471.333333333334,4591,0.161575279791652,0.080787639895826,1.0,1.9999831262653642,0.275,0.725,0.12,0.50226,11,29,['boundary_margin_error'],boundary_margin_error,Medium_Dice (25-75%)
20160328_153548_1921_361,0.910601528410841,0.8358755332954542,0.9092249827378328,0.911982247846167,12330,1231,1190,215649,13520,13561,0.09077501659169677,0.08801775147928995,1,1,13520.0,1494,0.11050295857988165,0.05525147928994083,1.0,1.999985937402116,0.375,0.625,0.11499999999999999,0.50517,15,25,['high_quality'],high_quality,High_Dice (>75%)
20160328_153548_1921_721,0.904421469174983,0.825519525737617,0.8880609099367888,0.921396156131214,16446,2073,1403,210478,17849,18519,0.11193908958367083,0.07860384335256877,2,1,8924.5,2779,0.15569499691859487,0.07784749845929743,0.5,1.9999849302084123,0.375,0.625,0.12000000000000002,0.50435,15,25,['high_quality'],high_quality,High_Dice (>75%)
20160328_153548_1_1,0.7905550908792391,0.6536511790801244,0.8367927053704518,0.7491597038561607,15602,3043,5224,206531,20826,18645,0.1632072941807455,0.250840295784116,1,1,20826.0,3686,0.1769903005858062,0.0884951502929031,1.0,1.9999758902017786,0.375,0.625,0.12125,0.5050399999999999,15,25,['boundary_margin_error'],boundary_margin_error,Medium_Dice (25-75%)
20160328_153548_1_1081,0.7455053181974984,0.5942674201905188,0.7308070863893925,0.7608069161828989,23760,8752,7470,190418,31230,32512,0.2691929133858268,0.23919308357348704,1,1,31230.0,4278,0.13698366954851104,0.06849183477425552,1.0,1.9999853930284672,0.275,0.725,0.1275,0.50343,11,29,['boundary_margin_error'],boundary_margin_error,Medium_Dice (25-75%)
20160328_153548_641_1,0.8051245030628613,0.6738145565179484,0.7561430253242789,0.8608913739901768,4462,1439,721,223778,5183,5901,0.24385697339433995,0.13910862434883273,1,2,5183.0,1078,0.20798765193903146,0.10399382596951573,2.0,1.9999674307559492,0.45,0.55,0.10625,0.5067600000000001,18,22,['boundary_margin_error'],boundary_margin_error,Medium_Dice (25-75%)
20160328_153548_641_1081,0.7196947768136575,0.5621275019268661,0.665725550958611,0.783186347048914,13676,6867,3786,206071,17462,20543,0.33427444871732465,0.21681365250257703,1,1,17462.0,3550,0.2032985912266636,0.1016492956133318,1.0,1.999985124614329,0.325,0.675,0.11875000000000001,0.50419,13,27,['boundary_margin_error'],boundary_margin_error,Medium_Dice (25-75%)
20160328_153548_641_361,0.6620557717150646,0.4948306197813126,0.5817170926018657,0.7681406850467122,4499,3235,1358,221308,5857,7734,0.4182829066459788,0.23185931364179613,10,3,585.7,2268,0.38722895680382446,0.19361447840191223,0.3,1.9999846127008645,0.325,0.675,0.115,0.50457,13,27,['complex_topology'],complex_topology,Low_Dice (<25%)
20160328_153548_641_721,0.7855111414240363,0.646783324422654,0.7852902575858962,0.7857321490648167,12567,3436,3427,210970,15994,16003,0.21470974192338937,0.21426785044391647,2,1,7997.0,3223,0.2015130674002751,0.10075653370013755,0.5,1.9999875811917593,0.4,0.6,0.1125,0.50434,16,24,['boundary_margin_error'],boundary_margin_error,Medium_Dice (25-75%)
20160328_153604_1281_1,0.6441896494303132,0.47513256493405326,0.5013505686847862,0.900849365746491,5197,5169,572,219462,5769,10366,0.4986494308315647,0.09915063269197434,1,1,5769.0,1772,0.3071589530247877,0.15357947651239384,1.0,1.9999668709127207,0.325,0.675,0.11875,0.5051,13,27,['moderate_general_error'],moderate_general_error,Low_Dice (<25%)
20160328_153604_1281_361,0.773228471776914,0.6302954168629059,0.7024378466316978,0.8598865377261041,14551,6164,2371,207314,16922,20715,0.2975621530292059,0.14011346176574874,1,1,16922.0,3158,0.18662096678879564,0.09331048339439782,1.0,1.9999790493748304,0.25,0.75,0.1375,0.50329,10,30,['boundary_margin_error'],boundary_margin_error,Medium_Dice (25-75%)
20160328_153604_1281_721,0.7489872785342239,0.5987047658929133,0.6419174073322467,0.8989252807071603,10539,5879,1185,212797,11724,16418,0.3580825922767694,0.10107471852610031,1,2,11724.0,2934,0.2502558853633572,0.1251279426816786,2.0,1.9999793091438747,0.35,0.65,0.12125,0.5052999999999999,14,26,['boundary_margin_error'],boundary_margin_error,Medium_Dice (25-75%)
20160328_153604_1921_361,0.7344274521691804,0.5803124075565503,0.6718302165471337,0.809888120426219,9845,4809,2311,213435,12156,14654,0.32816978299440425,0.19011187890753536,2,2,6078.0,3155,0.25954261270154655,0.12977130635077327,1.0,1.9999783164720941,0.4,0.6,0.12250000000000003,0.5059000000000001,16,24,['boundary_margin_error'],boundary_margin_error,Medium_Dice (25-75%)
20160328_153604_1921_721,0.8050753245658469,0.6737456687580228,0.7046705135520933,0.9388466688074684,10501,4401,684,214814,11185,14902,0.2953294859750369,0.06115333035315154,1,1,11185.0,2448,0.218864550737595,0.1094322753687975,1.0,1.9999842482176788,0.325,0.675,0.11875,0.50388,13,27,['boundary_margin_error'],boundary_margin_error,Medium_Dice (25-75%)
20160328_153604_1_1,0.8226444355088622,0.6987221705317336,0.7594501712775987,0.8973100990548891,10608,3360,1214,215218,11822,13968,0.24054982817869416,0.10268990018609372,1,1,11822.0,2152,0.18203349687024192,0.09101674843512096,1.0,1.9999759481945532,0.25,0.75,0.125,0.50419,10,30,['boundary_margin_error'],boundary_margin_error,Medium_Dice (25-75%)
20160328_153604_1_361,0.758038752427933,0.6103562038749896,0.6608743033053558,0.8886989082489017,10915,5601,1367,212517,12282,16516,0.3391256962945023,0.11130109102751995,1,1,12282.0,2675,0.21779840416870216,0.10889920208435108,1.0,1.9999758708055642,0.375,0.625,0.11499999999999998,0.50485,15,25,['boundary_margin_error'],boundary_margin_error,Medium_Dice (25-75%)
20160328_153604_641_1,0.7737498332636332,0.6309885651823791,0.6667431362952182,0.9216701893005601,8719,4358,741,216582,9460,13077,0.33325686319492237,0.07832980972515856,1,2,9460.0,1886,0.19936575052854122,0.09968287526427061,2.0,1.999974187267752,0.3,0.7,0.13375,0.5040899999999999,12,28,['boundary_margin_error'],boundary_margin_error,Medium_Dice (25-75%)
20160328_153604_641_1081,0.855702808971063,0.7477977012262229,0.8510865688579131,0.860369398127093,16723,2926,2714,208037,19437,19649,0.14891343070894192,0.13963060143026187,1,1,19437.0,2413,0.1241446725317693,0.06207233626588465,1.0,1.9999830400067502,0.325,0.675,0.11624999999999999,0.5048,13,27,['high_quality'],high_quality,Medium_Dice (25-75%)
20160328_153604_641_361,0.7613943833868194,0.614718981711678,0.6640091634987357,0.8922546478929598,14492,7333,1750,206825,16242,21825,0.33599083619702175,0.10774535155768994,3,1,5414.0,4470,0.27521241226449944,0.13760620613224972,0.3333333333333333,1.9999716627934507,0.2,0.8,0.1325,0.5017699999999999,8,32,['boundary_margin_error'],boundary_margin_error,Medium_Dice (25-75%)
20160328_153604_641_721,0.7854960651796031,0.6467628820780755,0.7196901149515437,0.8645472448444078,12727,4957,1994,210722,14721,17684,0.2803098846414838,0.13545275456830377,2,2,7360.5,3390,0.23028326879967392,0.11514163439983696,1.0,1.9999785939139603,0.35,0.65,0.125,0.5045999999999999,14,26,['boundary_margin_error'],boundary_margin_error,Medium_Dice (25-75%)
20160328_153620_1281_1081,0.8727144851042291,0.7741734224136824,0.9022173722202204,0.8450800107419815,2482,269,455,227194,2937,2751,0.09778262450018176,0.15491998638066054,1,1,2937.0,555,0.18896833503575078,0.09448416751787539,1.0,1.9999659738987385,0.475,0.525,0.1175,0.5041800000000001,19,21,['high_quality'],high_quality,High_Dice (>75%)
20160328_153620_1281_361,0.7932271552689226,0.657312731830396,0.8213998389045951,0.7669229407991067,34714,7548,10550,177588,45264,42262,0.17860016090104586,0.2330770590314599,2,1,22632.0,7174,0.1584924001413927,0.07924620007069635,0.5,1.9999624351794458,0.25,0.75,0.12125,0.49969,10,30,['boundary_margin_error'],boundary_margin_error,Medium_Dice (25-75%)
20160328_153620_1281_721,0.8435846028781907,0.7294823339241072,0.7526562441410023,0.9595019834179314,21039,6914,888,201559,21927,27953,0.24734375558973992,0.04049801614447941,12,2,1827.25,5996,0.2734528207233092,0.1367264103616546,0.16666666666666666,1.9999808325490094,0.35,0.65,0.11375,0.50394,14,26,"['complex_topology', 'boundary_margin_error']",complex_topology,Medium_Dice (25-75%)
20160328_153620_1921_1081,0.9016135937447696,0.8208528334019303,0.89189189105199,0.911549566013908,9471,1148,919,218862,10390,10619,0.10810810810810811,0.08845043310875843,1,1,10390.0,1998,0.1923002887391723,0.09615014436958615,1.0,1.9999699545952652,0.525,0.475,0.12750000000000003,0.50728,21,19,['high_quality'],high_quality,High_Dice (>75%)
20160328_153620_1921_361,0.8987981684950404,0.8161974878544254,0.8595275013349364,0.9418290851434853,28269,4620,1746,195765,30015,32889,0.1404724984037216,0.05817091454272864,2,2,15007.5,4710,0.15692153923038482,0.07846076961519241,1.0,1.9999815651899429,0.325,0.675,0.12,0.50363,13,27,['high_quality'],high_quality,High_Dice (>75%)
20160328_153620_1_361,0.91590560819554,0.8448578049288014,0.8822956334300782,0.9521776528651423,29886,3987,1501,195026,31387,33873,0.11770436630945,0.047822346831490746,2,2,15693.5,3918,0.1248287507566827,0.06241437537834135,1.0,1.9999817803223394,0.325,0.675,0.1375,0.50214,13,27,['high_quality'],high_quality,High_Dice (>75%)
20160328_153620_1_721,0.9244485428295685,0.8595112178654978,0.8703328496811392,0.9857400410002622,6014,896,87,223403,6101,6910,0.1296671490593343,0.014259957384035404,1,4,6101.0,709,0.11621045730208163,0.05810522865104081,4.0,1.9999682259027274,0.425,0.575,0.1225,0.50693,17,23,['high_quality'],high_quality,High_Dice (>75%)
20160328_153620_641_361,0.8545477162781214,0.7460351936280304,0.7696100394782497,0.9605594392160008,6868,2056,282,221194,7150,8924,0.23038995965934558,0.03944055944055944,4,2,1787.5,1854,0.2593006993006993,0.12965034965034966,0.5,1.99998003489056,0.425,0.575,0.11249999999999999,0.50524,17,23,['high_quality'],high_quality,Medium_Dice (25-75%)
20160328_153620_641_721,0.8780890948520369,0.7826727513057111,0.8420381179027258,0.9173651179468969,43562,8172,3924,174742,47486,51734,0.15796188193451116,0.0826348818599166,3,1,15828.666666666666,8363,0.17611506549298742,0.08805753274649371,0.3333333333333333,1.9999642185596602,0.3,0.7,0.1175,0.49940999999999997,12,28,['high_quality'],high_quality,High_Dice (>75%)
20160328_153629_1281_361,0.9632760602935302,0.9291538696080125,0.9339010101821171,0.9945590557758343,8774,621,48,220957,8822,9395,0.06609898882384246,0.005440943096803446,1,1,8822.0,698,0.07912038086601678,0.03956019043300839,1.0,1.9999665285499628,0.425,0.575,0.11374999999999999,0.50765,17,23,['high_quality'],high_quality,High_Dice (>75%)
20160328_153629_1281_721,0.9059040206721635,0.8279931905322515,0.8905525262875122,0.9217940615195646,21888,2690,1857,203965,23745,24578,0.10944747335015054,0.07820593809222995,1,1,23745.0,3705,0.1560328490208465,0.07801642451042325,1.0,1.9999842091226132,0.325,0.675,0.1325,0.5029899999999999,13,27,['high_quality'],high_quality,High_Dice (>75%)
20160328_153629_1921_361,0.9229261195992274,0.8568828344958215,0.9137240167437628,0.9323154563093508,29188,2756,2119,196337,31307,31944,0.08627598297019784,0.06768454339285145,1,1,31307.0,3988,0.1273836522183537,0.06369182610917686,1.0,1.9999820016610783,0.275,0.725,0.13375,0.50321,11,29,['high_quality'],high_quality,High_Dice (>75%)
20160328_153629_1_361,0.9128047257241583,0.8395959284611116,0.8583611514556746,0.9746224456693448,32913,5431,857,191199,33770,38344,0.14163884832046736,0.025377554042049156,3,1,11256.666666666666,4891,0.14483269173822919,0.07241634586911459,0.3333333333333333,1.9999813640618087,0.325,0.675,0.1375,0.5032599999999999,13,27,['high_quality'],high_quality,High_Dice (>75%)
20160328_153629_641_361,0.8427163490199737,0.7281847871144931,0.7763037884285683,0.9215551172031938,9363,2698,797,217542,10160,12061,0.22369621092778377,0.07844488188976378,2,1,5080.0,1951,0.19202755905511812,0.09601377952755906,0.5,1.9999736855329644,0.425,0.575,0.1175,0.50607,17,23,['boundary_margin_error'],boundary_margin_error,Medium_Dice (25-75%)
20160328_153629_641_721,0.9387013418456778,0.8844836791541316,0.9025453609980941,0.9778750300517957,28154,3040,637,198569,28791,31194,0.09745463871257293,0.02212496960855823,6,1,4798.5,3676,0.12767878851029835,0.06383939425514917,0.16666666666666666,1.9999836881798063,0.25,0.75,0.1225,0.50309,10,30,"['complex_topology', 'high_quality']",complex_topology,High_Dice (>75%)
20160328_153829_1281_361,0.8728603964295191,0.7744030940484459,0.7970703820759785,0.964577992969773,31234,7952,1147,190067,32381,39186,0.2029296177206145,0.03542200673234304,7,1,4625.857142857143,7820,0.24149964485346345,0.12074982242673173,0.14285714285714285,1.9999706287948658,0.25,0.75,0.12625,0.5015099999999999,10,30,"['complex_topology', 'high_quality']",complex_topology,High_Dice (>75%)
20160328_153829_1281_721,0.798247690269657,0.6642364518931302,0.7347428057220079,0.8737687898554464,3371,1217,487,225325,3858,4588,0.2652571926765475,0.12623120787973044,3,1,1286.0,1468,0.3805080352514256,0.1902540176257128,0.3333333333333333,1.9999723587573193,0.475,0.525,0.11875,0.50399,19,21,['boundary_margin_error'],boundary_margin_error,Medium_Dice (25-75%)
20160328_153829_1921_1,0.8183720577269277,0.6925801501889359,0.7150343056944001,0.9566248040769533,18967,7559,860,203014,19827,26526,0.2849656940360401,0.04337519544056085,14,1,1416.2142857142858,6747,0.3402935391133303,0.17014676955666516,0.07142857142857142,1.999971641650605,0.25,0.75,0.13375,0.50171,10,30,"['complex_topology', 'boundary_margin_error']",complex_topology,Medium_Dice (25-75%)
20160328_153829_1921_361,0.8220042036650267,0.6977989278251062,0.721402212543251,0.9552117237914991,3519,1359,165,225357,3684,4878,0.2785977859778598,0.04478827361563518,2,2,1842.0,976,0.26492942453854507,0.13246471226927253,1.0,1.9999666981069844,0.45,0.55,0.125,0.5036400000000001,18,22,['boundary_margin_error'],boundary_margin_error,Medium_Dice (25-75%)
20160328_153829_1_1,0.8220056739060057,0.6978010468281461,0.7134292562892133,0.9695629395509731,16660,6692,523,206525,17183,23352,0.2865707434052758,0.03043705988476983,4,1,4295.75,5674,0.33021009136937673,0.16510504568468837,0.25,1.9999786619187514,0.25,0.75,0.13499999999999998,0.50275,10,30,['boundary_margin_error'],boundary_margin_error,Medium_Dice (25-75%)
20160328_153829_1_721,0.8628151671876017,0.7587290493962651,0.8586670167825777,0.8670035897499621,6519,1073,1000,221808,7519,7592,0.14133298208640674,0.13299640909695437,1,1,7519.0,1642,0.2183801037371991,0.10919005186859955,1.0,1.999972268531789,0.425,0.575,0.11875,0.5061699999999999,17,23,['high_quality'],high_quality,Medium_Dice (25-75%)
20160328_153829_641_1,0.8641600790875477,0.7608115044885406,0.8361840243656878,0.894072911097252,14813,2902,1755,210930,16568,17715,0.16381597516229185,0.10592708836310961,5,2,3313.6,3613,0.21807098020280058,0.10903549010140029,0.4,1.999977931566147,0.35,0.65,0.12625,0.50401,14,26,"['complex_topology', 'high_quality']",complex_topology,Medium_Dice (25-75%)
20160328_153829_641_1081,0.7005861377118943,0.5391555054509343,0.5518849956665223,0.9589743573879663,5797,4707,248,219648,6045,10504,0.4481150038080731,0.041025641025641026,2,2,3022.5,1958,0.323904052936311,0.1619520264681555,1.0,1.999983967888209,0.3,0.7,0.13875,0.50458,12,28,['moderate_general_error'],moderate_general_error,Low_Dice (<25%)
20160328_153829_641_361,0.8495235807218052,0.7384102502985621,0.7487851249220525,0.98158149704808,7088,2378,133,220801,7221,9466,0.25121487428692163,0.018418501592577206,2,1,3610.5,2066,0.2861099570696579,0.14305497853482896,0.5,1.9999767491555107,0.475,0.525,0.11500000000000002,0.50716,19,21,['boundary_margin_error'],boundary_margin_error,Medium_Dice (25-75%)
20160328_153829_641_721,0.7919714223643963,0.6555899728088145,0.6585572824368959,0.9931740571963563,2328,1207,16,226849,2344,3535,0.34144271570014145,0.006825938566552901,2,3,1172.0,1120,0.4778156996587031,0.23890784982935154,1.5,1.999972064102478,0.45,0.55,0.11875000000000001,0.50403,18,22,['boundary_margin_error'],boundary_margin_error,Medium_Dice (25-75%)
20160329_103807_1081_1,0.210542780837568,0.11765734245164801,0.1471038248150736,0.37018701666563797,673,3902,1145,224680,1818,4575,0.852896174863388,0.6298129812981298,1,4,1818.0,702,0.38613861386138615,0.19306930693069307,4.0,1.9999723534869154,0.45,0.55,0.11875,0.5031399999999999,18,22,"['false_crack_high_fp', 'thin_low_area_failure', 'over_segmentation', 'fragmented_prediction']",false_crack_high_fp,Low_Dice (<25%)
20160329_103807_361_1,0.7714773371962171,0.6279715959293102,0.8566013893153288,0.7017422801872769,16272,2724,6916,204488,23188,18996,0.14339861023373343,0.29825771951009145,2,1,11594.0,1985,0.08560462308090391,0.04280231154045196,0.5,1.9999818670273133,0.35,0.65,0.11625,0.5032300000000001,14,26,['boundary_margin_error'],boundary_margin_error,Medium_Dice (25-75%)
20160329_103807_361_1281,0.7240262408174765,0.567430353176963,0.7936988570009377,0.6655985487709798,22018,5723,11062,191597,33080,27741,0.20630114271295194,0.3344014510278114,4,1,8270.0,5043,0.1524486094316808,0.0762243047158404,0.25,1.9999786160808497,0.3,0.7,0.12375,0.50313,12,28,['boundary_margin_error'],boundary_margin_error,Medium_Dice (25-75%)
20160329_103807_361_1921,0.7013748026730856,0.5400902462980027,0.8405568249156216,0.6017372677886311,20228,3837,13388,192947,33616,24065,0.15944317473509245,0.39826273203236556,6,2,5602.666666666667,5092,0.15147548786292242,0.07573774393146121,0.3333333333333333,1.9999822727066188,0.3,0.7,0.12375,0.5029,12,28,"['complex_topology', 'boundary_margin_error']",complex_topology,Low_Dice (<25%)
20160329_103807_361_641,0.8072591171223146,0.6768101342972901,0.8967278324402084,0.7340237803592236,34941,4024,12661,178774,47602,38965,0.10327216732965482,0.2659762194865762,3,2,15867.333333333334,4507,0.09468089576068232,0.04734044788034116,0.6666666666666666,1.9999766654438045,0.3,0.7,0.11625,0.50169,12,28,['boundary_margin_error'],boundary_margin_error,Medium_Dice (25-75%)
20160329_103807_721_1,0.6904080002135292,0.5271932024066278,0.6869890209357679,0.6938611802510918,14705,6700,6488,202507,21193,21405,0.31301097874328426,0.3061388194215071,1,3,21193.0,3008,0.14193365733968763,0.07096682866984381,3.0,1.9999790767010832,0.35,0.65,0.115,0.50339,14,26,['boundary_margin_error'],boundary_margin_error,Low_Dice (<25%)
20160329_103807_721_1281,0.6006691584320623,0.42925456981925575,0.5098563297365307,0.730842908377189,1526,1467,562,226845,2088,2993,0.49014366855997327,0.26915708812260536,2,3,1044.0,664,0.31800766283524906,0.15900383141762453,1.5,1.9999756748370061,0.45,0.55,0.10750000000000001,0.50323,18,22,['moderate_general_error'],moderate_general_error,Low_Dice (<25%)
20160330_165956_1281_721,0.6475644695827034,0.4788135589597355,0.5095008047427529,0.8882650184050183,6328,6092,796,217184,7124,12420,0.4904991948470209,0.11173498034811903,5,1,1424.8,3495,0.49059517125210556,0.24529758562605278,0.2,1.9999762145731583,0.375,0.625,0.12125,0.50503,15,25,['complex_topology'],complex_topology,Low_Dice (<25%)
20160330_165956_1921_721,0.7161816627808464,0.557852806754692,0.583879292650507,0.9260075552172425,5882,4192,470,219856,6352,10074,0.4161207067699027,0.07399244332493703,2,1,3176.0,3591,0.5653337531486146,0.2826668765743073,0.5,1.9999749206432653,0.425,0.575,0.1175,0.50503,17,23,['moderate_general_error'],moderate_general_error,Medium_Dice (25-75%)
20160330_165956_1_1081,0.825438309471067,0.7027628400679002,0.7947158725155002,0.8586316256698782,7580,1958,1248,219614,8828,9538,0.2052841266512896,0.14136837335749886,1,1,8828.0,3489,0.3952197553239692,0.1976098776619846,1.0,1.9999735138792523,0.325,0.675,0.1175,0.50478,13,27,['boundary_margin_error'],boundary_margin_error,Medium_Dice (25-75%)
20160330_165956_1_721,0.6942990906814245,0.5317443571696432,0.5494170202142127,0.9429586666486653,5042,4135,305,220918,5347,9177,0.45058297918709816,0.05704133158780625,5,4,1069.4,4121,0.7707125490929493,0.38535627454647464,0.8,1.9999604069347487,0.375,0.625,0.10500000000000001,0.5053600000000001,15,25,['complex_topology'],complex_topology,Low_Dice (<25%)
20160330_165956_641_721,0.8106029101815994,0.6815242084587273,0.7036001076390868,0.9559887201716456,7798,3285,359,218958,8157,11083,0.29639989172606696,0.044011278656368766,2,1,4078.5,4056,0.49724163295329166,0.24862081647664583,0.5,1.99997206427538,0.45,0.55,0.1125,0.5057100000000001,18,22,['boundary_margin_error'],boundary_margin_error,Medium_Dice (25-75%)
20160330_170359_1281_721,0.8061916516548634,0.6753107839900856,0.9245964589545052,0.7146702216846933,28411,2317,11343,188329,39754,30728,0.07540354074459776,0.2853297781355335,1,1,39754.0,3228,0.08119937616340495,0.04059968808170247,1.0,1.9999766753503505,0.325,0.675,0.11625,0.5023000000000001,13,27,['boundary_margin_error'],boundary_margin_error,Medium_Dice (25-75%)
20160330_170359_1921_361,0.8638148702290885,0.760276514447306,0.8436470341620433,0.8849705671086188,16387,3037,2130,208846,18517,19424,0.1563529654036244,0.11502943241345791,1,1,18517.0,1564,0.08446292595992871,0.04223146297996436,1.0,1.9999690037109032,0.25,0.75,0.13875,0.50182,10,30,['high_quality'],high_quality,Medium_Dice (25-75%)
20160330_170359_1921_721,0.8921652355616115,0.8053233787205537,0.9456381909830682,0.8444160813254984,19848,1141,3657,205754,23505,20989,0.05436180856639192,0.15558391831525206,2,2,11752.5,1744,0.07419697936609232,0.03709848968304616,1.0,1.9999784577602504,0.325,0.675,0.12,0.50283,13,27,['high_quality'],high_quality,High_Dice (>75%)
20160330_170359_1_721,0.8537728714991445,0.7448548810878256,0.8365120411517396,0.8717610395913193,31053,6069,4568,188710,35621,37122,0.163487958622919,0.12823896016394823,1,1,35621.0,3446,0.09674068667359143,0.04837034333679571,1.0,1.9999827237427479,0.325,0.675,0.1125,0.50279,13,27,['high_quality'],high_quality,Medium_Dice (25-75%)
20160330_170359_641_721,0.8632801433822301,0.7594484589640754,0.8555520895647062,0.8711490818550629,27429,4631,4057,194283,31486,32060,0.1444479101684342,0.12885091786825892,1,1,31486.0,3540,0.11243092167947659,0.056215460839738295,1.0,1.9999761564127774,0.325,0.675,0.1275,0.50279,13,27,['high_quality'],high_quality,Medium_Dice (25-75%)
20160330_172309_1281_361,0.8696437163759968,0.7693536356411952,0.8073527759444041,0.9423503313651359,7225,1724,442,221009,7667,8949,0.19264722315342497,0.057649667405764965,1,1,7667.0,2848,0.37146211034302856,0.18573105517151428,1.0,1.9999746304960913,0.275,0.725,0.13374999999999998,0.5035000000000001,11,29,['high_quality'],high_quality,High_Dice (>75%)
20160330_172309_1281_721,0.8550020668225502,0.7467280438226289,0.7779519165037921,0.9489924670404953,24819,7084,1334,197163,26153,31903,0.22204808325235872,0.051007532596642834,4,2,6538.25,4491,0.1717202615378733,0.08586013076893664,0.5,1.9999803185450786,0.3,0.7,0.1325,0.50358,12,28,['high_quality'],high_quality,Medium_Dice (25-75%)
20160330_172309_1921_361,0.8966875773868267,0.812723177051737,0.8239487603319695,0.9835128300867486,14794,3161,248,212197,15042,17955,0.17605123920913396,0.016487169259406995,1,1,15042.0,1696,0.1127509639675575,0.05637548198377875,1.0,1.999979869037632,0.325,0.675,0.13125,0.5039800000000001,13,27,['high_quality'],high_quality,High_Dice (>75%)
20160330_172309_1921_721,0.868515971438224,0.7675901289938583,0.8345800913452124,0.9053286443574095,16735,3317,1750,208598,18485,20052,0.1654199082385797,0.09467135515282661,1,1,18485.0,2827,0.15293481200973763,0.07646740600486882,1.0,1.9999792767667663,0.35,0.65,0.1225,0.50336,14,26,['high_quality'],high_quality,Medium_Dice (25-75%)
20160330_172309_1_721,0.8915457326876458,0.8043144033802659,0.9205432745405568,0.8643192726189688,16741,1445,2628,209586,19369,18186,0.07945672495326075,0.13568072693479272,1,1,19369.0,3466,0.17894573803500438,0.08947286901750219,1.0,1.9999693940287908,0.35,0.65,0.12,0.50424,14,26,['high_quality'],high_quality,High_Dice (>75%)
20160330_172309_641_361,0.8006843438821978,0.6676176866347443,0.6716899868256548,0.9910005241344599,1872,915,17,227596,1889,2787,0.32831001076426264,0.008999470619375331,1,1,1889.0,624,0.33033350979354154,0.16516675489677077,1.0,1.9999543778902216,0.475,0.525,0.1275,0.50716,19,21,['boundary_margin_error'],boundary_margin_error,Medium_Dice (25-75%)
20160330_172309_641_721,0.8547837308709031,0.7463950294043071,0.8753219462941162,0.8351872208383926,25829,3679,5097,195795,30926,29508,0.12467805340924495,0.16481277889154758,3,2,10308.666666666666,6929,0.2240509603569812,0.1120254801784906,0.6666666666666666,1.9999680334612335,0.225,0.775,0.12625,0.5007400000000001,9,31,['high_quality'],high_quality,Medium_Dice (25-75%)
20160402_150314_1281_1081,0.8372184890612041,0.7200135891266952,0.7477064193800055,0.9510771950131184,2119,715,109,227457,2228,2834,0.25229357798165136,0.048922800718132854,1,1,2228.0,838,0.3761220825852783,0.18806104129263915,1.0,1.999978617109535,0.425,0.575,0.11374999999999999,0.50717,17,23,['boundary_margin_error'],boundary_margin_error,Medium_Dice (25-75%)
20160402_150314_1281_361,0.8289841559265423,0.7079188211859414,0.7228768783382408,0.971600216691061,5337,2046,156,222861,5493,7383,0.2771231206826493,0.028399781540142,1,1,5493.0,1826,0.3324230839249954,0.1662115419624977,1.0,1.9999801306178724,0.45,0.55,0.1225,0.5062300000000001,18,22,['boundary_margin_error'],boundary_margin_error,Medium_Dice (25-75%)
20160402_150314_1281_721,0.8454923929631173,0.7323402529439604,0.8106998949330698,0.8834051541723675,10865,2537,1434,215564,12299,13402,0.18930010446202059,0.11659484510935848,3,2,4099.666666666667,3719,0.30238230750467515,0.15119115375233758,0.6666666666666666,1.9999860414899708,0.4,0.6,0.11374999999999999,0.50548,16,24,['boundary_margin_error'],boundary_margin_error,Medium_Dice (25-75%)
20160402_150314_1921_1,0.848761407688228,0.7372593425519662,0.7897746960227255,0.9172705304777873,9114,2426,822,218038,9936,11540,0.2102253032928943,0.08272946859903382,2,1,4968.0,2878,0.2896537842190016,0.1448268921095008,0.5,1.9999840695620752,0.325,0.675,0.12,0.50437,13,27,['boundary_margin_error'],boundary_margin_error,Medium_Dice (25-75%)
20160402_150314_1921_361,0.8673046238161011,0.7656998007161369,0.7860653345300221,0.9672714302124815,2719,740,92,226849,2811,3459,0.2139346631974559,0.03272856634649591,1,1,2811.0,1008,0.35859124866595515,0.17929562433297758,1.0,1.9999822679823815,0.425,0.575,0.11875000000000002,0.5055999999999999,17,23,['high_quality'],high_quality,Medium_Dice (25-75%)
20160402_150314_1_361,0.9006551854857784,0.8192654148132402,0.8974980892123806,0.9038345710687832,27012,3085,2874,197429,29886,30097,0.10250191048941755,0.09616542862878939,1,1,29886.0,5157,0.172555711704477,0.0862778558522385,1.0,1.9999762635141576,0.25,0.75,0.12875,0.5029899999999999,10,30,['high_quality'],high_quality,High_Dice (>75%)
20160402_150314_1_721,0.7800927051573102,0.6394688419810665,0.708813618807578,0.8673104037460015,7994,3284,1223,217899,9217,11278,0.29118638056392976,0.13268959531300858,2,2,4608.5,3065,0.3325377020722578,0.1662688510361289,1.0,1.9999753909034403,0.4,0.6,0.1075,0.5048900000000001,16,24,['boundary_margin_error'],boundary_margin_error,Medium_Dice (25-75%)
20160402_150314_641_361,0.8674834348871837,0.7659785839872187,0.903162825845161,0.8345159340534986,6939,744,1376,221341,8315,7683,0.09683717297930496,0.16548406494287432,1,2,8315.0,1802,0.21671677690920024,0.10835838845460012,2.0,1.9999722523342605,0.425,0.575,0.11624999999999999,0.50617,17,23,['high_quality'],high_quality,Medium_Dice (25-75%)
20160402_150314_641_721,0.8603328005805828,0.7548982729509666,0.8536132695922309,0.8671589611268475,22077,3786,3382,201155,25459,25863,0.14638673007771721,0.13284103853254253,1,1,25459.0,7162,0.28131505557955927,0.14065752778977963,1.0,1.9999824259722552,0.2,0.8,0.1325,0.50218,8,32,['high_quality'],high_quality,Medium_Dice (25-75%)
20160402_151049_1281_721,0.9412779945289668,0.8890700199531464,0.9123957722363386,0.9720485469850203,34359,3299,988,191754,35347,37658,0.0876042275213766,0.027951452739977935,2,1,17673.5,3596,0.10173423487141765,0.05086711743570883,0.5,1.9999756256436432,0.275,0.725,0.135,0.50318,11,29,['high_quality'],high_quality,High_Dice (>75%)
20160402_151049_1921_1081,0.9308748271380947,0.8706883447952751,0.9140213745339387,0.9483614691888108,17190,1617,936,210657,18126,18807,0.08597862498006062,0.05163853028798411,1,1,18126.0,1926,0.10625620655412116,0.05312810327706058,1.0,1.9999844513266787,0.35,0.65,0.1175,0.50496,14,26,['high_quality'],high_quality,High_Dice (>75%)
20160402_151049_1921_721,0.9301930258046046,0.8694961317710658,0.9157528511402859,0.9450958999431434,20794,1913,1208,206485,22002,22707,0.08424714845642313,0.05490409962730661,1,1,22002.0,2377,0.10803563312426143,0.05401781656213071,1.0,1.999983706471903,0.3,0.7,0.13124999999999998,0.50288,12,28,['high_quality'],high_quality,High_Dice (>75%)
20160402_151049_1_361,0.8931201384460289,0.806880827330402,0.8324614679519498,0.9633135609964599,23711,4772,903,201014,24614,28483,0.16753853175578415,0.03668643861217193,2,1,12307.0,4093,0.16628747867067523,0.08314373933533761,0.5,1.9999818962545148,0.325,0.675,0.135,0.5039499999999999,13,27,['high_quality'],high_quality,High_Dice (>75%)
20160402_151049_1_721,0.8487631088241349,0.7372619096294025,0.7576029019762607,0.9648622434744953,16915,5412,616,207457,17531,22327,0.24239709768441797,0.03513775597512977,1,1,17531.0,4794,0.2734584450402145,0.13672922252010725,1.0,1.9999783975385372,0.35,0.65,0.13875,0.50382,14,26,['boundary_margin_error'],boundary_margin_error,Medium_Dice (25-75%)
20160402_151049_641_361,0.79212086289516,0.6557948047631577,0.6570431451235941,0.9971112133023051,2071,1081,6,227242,2077,3152,0.34295685279187815,0.002888781896966779,1,1,2077.0,517,0.24891670678863745,0.12445835339431872,1.0,1.9999692888181158,0.4,0.6,0.11875,0.5035499999999999,16,24,['boundary_margin_error'],boundary_margin_error,Medium_Dice (25-75%)
20160402_151049_641_721,0.9358733879324884,0.8794755974706454,0.9044457534432053,0.9695637385907588,39915,4217,1253,185015,41168,44132,0.09555424635185353,0.030436261173727167,1,1,41168.0,4241,0.10301690633501749,0.051508453167508746,1.0,1.9999788367351319,0.25,0.75,0.13,0.50197,10,30,['high_quality'],high_quality,High_Dice (>75%)
20160402_151054_1281_1081,0.9313485627321005,0.8715176251605243,0.9211661802208944,0.9417585687381469,15798,1352,977,212273,16775,17150,0.0788338192419825,0.05824143070044709,1,1,16775.0,2057,0.12262295081967213,0.061311475409836065,1.0,1.9999844112204415,0.3,0.7,0.13874999999999998,0.50348,12,28,['high_quality'],high_quality,High_Dice (>75%)
20160402_151054_1281_361,0.9150988135058508,0.8434858629503267,0.8486803506617591,0.9927958816590122,5788,1032,42,223538,5830,6820,0.15131964809384163,0.007204116638078902,1,1,5830.0,732,0.12555746140651802,0.06277873070325901,1.0,1.9999568083409518,0.4,0.6,0.12125,0.50722,16,24,['high_quality'],high_quality,High_Dice (>75%)
20160402_151054_1281_721,0.951581084556987,0.9076344107688032,0.9307395452752726,0.9733773894327643,41242,3069,1128,184961,42370,44311,0.06926045451468033,0.02662261033750295,1,1,42370.0,4055,0.09570450790653764,0.04785225395326882,1.0,1.9999713668659624,0.3,0.7,0.125,0.5005599999999999,12,28,['high_quality'],high_quality,High_Dice (>75%)
20160402_151054_1921_361,0.8560584671572227,0.748341101865456,0.7740215537299935,0.9575468381464131,13646,3984,605,212165,14251,17630,0.22597844583096993,0.04245316118167146,3,1,4750.333333333333,3394,0.23815872570345942,0.11907936285172971,0.3333333333333333,1.9999801035211313,0.325,0.675,0.13124999999999998,0.50419,13,27,['high_quality'],high_quality,Medium_Dice (25-75%)
20160402_151054_1_361,0.8878347287075864,0.7982938791784611,0.9345850392931546,0.8455387394254139,56148,3930,10257,160065,66405,60078,0.06541496055128333,0.15446126044725547,1,1,66405.0,5533,0.08332203900308711,0.04166101950154356,1.0,1.9999625897565658,0.275,0.725,0.12,0.50024,11,29,['high_quality'],high_quality,High_Dice (>75%)
20160402_151054_1_721,0.1732283459515067,0.09482758590412647,0.548983353992914,0.10283933482396351,297,244,2591,227268,2888,541,0.4510166358595194,0.8971606648199446,1,3,2888.0,396,0.1371191135734072,0.0685595567867036,3.0,1.9999592486790956,0.425,0.575,0.12375000000000001,0.5035700000000001,17,23,"['missed_crack_high_fn', 'thin_low_area_failure']",missed_crack_high_fn,Low_Dice (<25%)
20160402_151054_641_361,0.9122791515405128,0.8387070569002623,0.9198361085598681,0.9048453509989964,10327,900,1086,218087,11413,11227,0.0801638906208248,0.09515464820818365,1,2,11413.0,1572,0.13773766757206693,0.06886883378603346,2.0,1.9999651083467782,0.475,0.525,0.11875000000000002,0.50678,19,21,['high_quality'],high_quality,High_Dice (>75%)
20160402_151054_641_721,0.942227799692265,0.890766272188043,0.9151010797650144,0.9710119069834492,21773,2020,650,205957,22423,23793,0.08489891985037616,0.028988092583508006,1,1,22423.0,2562,0.11425768184453464,0.05712884092226732,1.0,1.999981452154944,0.35,0.65,0.11374999999999999,0.50406,14,26,['high_quality'],high_quality,High_Dice (>75%)
20160405_171348_1281_361,0.7204389554994816,0.5630360181687992,0.5630360181687992,0.9999999923838538,1313,1019,0,228068,1313,2332,0.4369639794168096,0.0,1,4,1313.0,228,0.17364813404417365,0.08682406702208682,4.0,1.9999707109118163,0.425,0.575,0.12625,0.50247,17,23,['moderate_general_error'],moderate_general_error,Medium_Dice (25-75%)
20160405_171348_1281_721,0.8850437041761112,0.7937922835998829,0.8420822925485336,0.9326243989009843,34730,6513,2509,186648,37239,41243,0.15791770724729046,0.06737560084857273,2,1,18619.5,4149,0.11141545154273745,0.055707725771368725,0.5,1.9999764912331113,0.3,0.7,0.12,0.50185,12,28,['high_quality'],high_quality,High_Dice (>75%)
20160405_171348_1921_721,0.8349570128233416,0.7166748540727749,0.8516027509830707,0.8189495263060261,33554,5847,7418,183581,40972,39401,0.14839724880079186,0.18105047349409353,4,1,10243.0,5734,0.13994923362296202,0.06997461681148101,0.25,1.9999816986943688,0.35,0.65,0.11875000000000001,0.5023199999999999,14,26,['boundary_margin_error'],boundary_margin_error,Medium_Dice (25-75%)
20160405_171348_1_721,0.7530365345319483,0.6038962290280844,0.790072675686365,0.7193171895604197,31309,8319,12217,178555,43526,39628,0.20992732411426265,0.2806828102743188,5,5,8705.2,8064,0.18526857510453523,0.09263428755226762,1.0,1.9999679798193195,0.25,0.75,0.13125000000000003,0.50115,10,30,"['complex_topology', 'boundary_margin_error']",complex_topology,Medium_Dice (25-75%)
20160405_171348_641_721,0.8373875508172458,0.7202637055932769,0.8048440042378979,0.8726737665715599,31137,7550,4543,187170,35680,38687,0.1951559955540621,0.1273262331838565,3,2,11893.333333333334,4812,0.13486547085201794,0.06743273542600897,0.6666666666666666,1.9999728635275662,0.3,0.7,0.13,0.5014,12,28,['boundary_margin_error'],boundary_margin_error,Medium_Dice (25-75%)
20160407_163130_1281_721,0.8938664840631508,0.808099990809955,0.9533659853306763,0.8413574282239585,18297,895,3450,207758,21747,19192,0.0466340141725719,0.15864257138915713,2,1,10873.5,4406,0.2026026578378627,0.10130132891893134,0.5,1.9999881239215866,0.375,0.625,0.11250000000000002,0.50532,15,25,['high_quality'],high_quality,High_Dice (>75%)
20160407_163130_1921_721,0.8940334809288786,0.8083730072405438,0.9650932899017093,0.8327202938148514,15621,565,3138,211076,18759,16186,0.0349067095020388,0.1672797057412442,1,1,18759.0,3963,0.2112585958739805,0.10562929793699025,1.0,1.9999821751354965,0.325,0.675,0.11750000000000001,0.50469,13,27,['high_quality'],high_quality,High_Dice (>75%)
20160407_163130_1_361,0.7341502384405075,0.5799663283390395,0.6674200817971583,0.8157063898354128,2067,1030,467,226836,2534,3097,0.3325799160477882,0.18429360694554064,2,6,1267.0,693,0.27348066298342544,0.13674033149171272,3.0,1.9999578788135732,0.4,0.6,0.10874999999999999,0.5071,16,24,['boundary_margin_error'],boundary_margin_error,Medium_Dice (25-75%)
20160407_163130_1_721,0.8559862897837175,0.7482307966587991,0.9138224711918349,0.8050352910548351,14485,1366,3508,211041,17993,15851,0.08617752823165731,0.19496470849774913,4,2,4498.25,3803,0.21135997332295892,0.10567998666147946,0.5,1.9999814955702937,0.35,0.65,0.11000000000000001,0.50457,14,26,['high_quality'],high_quality,Medium_Dice (25-75%)
20160407_163130_641_721,0.8777090559466714,0.7820690887664908,0.9541901268495107,0.8125785574169831,17455,838,4026,208081,21481,18293,0.04580987262887443,0.18742144220473908,1,1,21481.0,3919,0.1824402960756017,0.09122014803780085,1.0,1.9999803027812266,0.35,0.65,0.11374999999999999,0.5055099999999999,14,26,['high_quality'],high_quality,High_Dice (>75%)
20160407_163257_1281_1,0.8816156532624982,0.7882939848311594,0.7996436202425918,0.9823132816895953,11219,2811,202,216168,11421,14030,0.20035637918745544,0.01768671745031083,2,1,5710.5,2159,0.18903773750109448,0.09451886875054724,0.5,1.9999745715140533,0.425,0.575,0.12125,0.50517,17,23,['high_quality'],high_quality,High_Dice (>75%)
20160407_163257_1281_361,0.8957878950055248,0.8112462188684364,0.8379877576906479,0.9621522686953498,13143,2541,517,214199,13660,15684,0.16201224177505738,0.037847730600292825,1,1,13660.0,3222,0.23587115666178624,0.11793557833089312,1.0,1.9999775397083632,0.425,0.575,0.11,0.50605,17,23,['high_quality'],high_quality,High_Dice (>75%)
20160407_163257_1281_721,0.8746343780187509,0.7772001924840424,0.8376547220356291,0.9150298876814263,6429,1246,597,222128,7026,7675,0.16234527687296416,0.08497011101622545,1,1,7026.0,1974,0.28095644748078563,0.14047822374039282,1.0,1.99997696075125,0.425,0.575,0.10750000000000001,0.5067699999999999,17,23,['high_quality'],high_quality,High_Dice (>75%)
20160407_163257_1921_1081,0.7788873033225411,0.6378504665800506,0.6622386500378438,0.9454155657232594,5733,2924,331,221412,6064,8657,0.3377613491971815,0.0545844327176781,3,1,2021.3333333333333,2190,0.3611477572559367,0.18057387862796834,0.3333333333333333,1.9999817643160696,0.4,0.6,0.10375000000000001,0.5067599999999999,16,24,['boundary_margin_error'],boundary_margin_error,Medium_Dice (25-75%)
20160407_163257_1921_721,0.8702520278091104,0.7703063419724084,0.8241534056519062,0.9218132021268434,6060,1293,514,222533,6574,7353,0.17584659322725418,0.07818679647094615,1,1,6574.0,2038,0.31000912686340126,0.15500456343170063,1.0,1.9999704794360844,0.4,0.6,0.10875000000000001,0.50621,16,24,['high_quality'],high_quality,High_Dice (>75%)
20160407_163257_1_1,0.8806368187810584,0.7867301994175654,0.8101858730035792,0.9645069915343362,10897,2553,401,216549,11298,13450,0.18981412639405204,0.03549300761196672,1,1,11298.0,3246,0.2873074880509825,0.14365374402549125,1.0,1.9999664015091922,0.4,0.6,0.11124999999999999,0.5052899999999999,16,24,['high_quality'],high_quality,High_Dice (>75%)
20160407_163257_641_361,0.8578663838768514,0.7511086021518112,0.795423496588607,0.9309483352343876,9316,2396,691,217997,10007,11712,0.20457650273224043,0.06905166383531527,2,1,5003.5,3413,0.341061257120016,0.170530628560008,0.5,1.9999758587878034,0.35,0.65,0.10999999999999999,0.50587,14,26,['high_quality'],high_quality,Medium_Dice (25-75%)
20160407_165001_1281_1081,0.47916391025323196,0.31506610967722154,0.31934403075353196,0.9592160991546184,3622,7720,154,218904,3776,11342,0.6806559689649092,0.04078389830508475,2,2,1888.0,1841,0.4875529661016949,0.24377648305084745,1.0,1.9999775600636078,0.35,0.65,0.12124999999999998,0.5042,14,26,"['false_crack_high_fp', 'thin_low_area_failure', 'over_segmentation']",false_crack_high_fp,Low_Dice (<25%)
20160407_165001_1281_361,0.7856628239244731,0.6469890236446224,0.7104234523059131,0.8787268324909534,10905,4445,1505,213545,12410,15350,0.28957654723127035,0.12127316680096696,2,2,6205.0,2498,0.20128928283642225,0.10064464141821113,1.0,1.999978101523638,0.35,0.65,0.10875000000000001,0.50547,14,26,['boundary_margin_error'],boundary_margin_error,Medium_Dice (25-75%)
20160407_165001_1281_721,0.7816045372957815,0.6415031582282954,0.8499669512007778,0.7234202124068626,3858,681,1475,224386,5333,4539,0.15003304692663583,0.2765797862366398,1,4,5333.0,1172,0.21976373523345208,0.10988186761672604,4.0,1.999978840973467,0.425,0.575,0.11,0.50595,17,23,['boundary_margin_error'],boundary_margin_error,Medium_Dice (25-75%)
20160407_165001_1921_361,0.6563581307781595,0.4884918710952972,0.5617249665709328,0.7893367989874205,3035,2368,810,224187,3845,5403,0.4382750323894133,0.2106631989596879,1,1,3845.0,1108,0.2881664499349805,0.14408322496749024,1.0,1.9999737798203516,0.4,0.6,0.11,0.50612,16,24,['moderate_general_error'],moderate_general_error,Low_Dice (<25%)
20160407_165001_1921_721,0.6621635553974613,0.49495105180378396,0.5010143566627541,0.9761325616051497,6421,6395,157,217427,6578,12816,0.4989856429463171,0.023867436910915172,2,2,3289.0,2875,0.4370629370629371,0.21853146853146854,1.0,1.999984743894025,0.35,0.65,0.11875,0.5041300000000001,14,26,['moderate_general_error'],moderate_general_error,Low_Dice (<25%)
20160407_165001_1_1081,0.6141200103990136,0.443126399837714,0.5209172598064499,0.7479421562893389,3362,3092,1133,222813,4495,6454,0.47908273938642704,0.25205784204671855,2,2,2247.5,2332,0.5187986651835372,0.2593993325917686,1.0,1.9999699670183255,0.375,0.625,0.11624999999999999,0.5053,15,25,['moderate_general_error'],moderate_general_error,Low_Dice (<25%)
20160407_165001_1_721,0.8723020533852166,0.7735245559360686,0.9014067567022924,0.8450180337888762,14994,1640,2750,211016,17744,16634,0.09859324275580138,0.1549819657348963,1,1,17744.0,3895,0.2195108205590622,0.1097554102795311,1.0,1.999977153310858,0.375,0.625,0.12125,0.5046100000000001,15,25,['high_quality'],high_quality,High_Dice (>75%)
20160407_165001_641_1081,0.391908458937568,0.24371029193937702,0.2508173136513439,0.8958430598045629,1918,5729,223,222530,2141,7647,0.7491826860206617,0.10415693601120972,2,3,1070.5,1225,0.572162540868753,0.2860812704343765,1.5,1.9999782866661497,0.4,0.6,0.11500000000000002,0.5044699999999999,16,24,"['false_crack_high_fp', 'thin_low_area_failure', 'over_segmentation']",false_crack_high_fp,Low_Dice (<25%)
20160407_165001_641_361,0.8710519919609292,0.7715607678637969,0.8265706047109104,0.9205931435867293,14341,3009,1237,211813,15578,17350,0.1734293948126801,0.07940685582231352,1,1,15578.0,3166,0.2032353318782899,0.10161766593914495,1.0,1.9999798595930929,0.275,0.725,0.11625,0.5035400000000001,11,29,['high_quality'],high_quality,High_Dice (>75%)
20160407_165001_641_721,0.5053616679560116,0.3381163570620497,0.3483870958376691,0.9198012709737312,1296,2424,113,226567,1409,3720,0.6516129032258065,0.0801987224982257,2,4,704.5,474,0.33640880056777855,0.16820440028388928,2.0,1.9999774264069567,0.45,0.55,0.11375000000000002,0.50426,18,22,"['false_crack_high_fp', 'thin_low_area_failure', 'over_segmentation']",false_crack_high_fp,Low_Dice (<25%)
IMG_2931_1297_485,0.7955536783515497,0.6605140171483318,0.7197046824854768,0.8892733536040472,2827,1101,352,309352,3179,3928,0.28029531568228105,0.11072664359861592,8,6,397.375,1061,0.33375275243787356,0.16687637621893678,0.75,1.9999544444708797,0.475,0.525,0.11374999999999999,0.50627,19,21,"['complex_topology', 'boundary_margin_error']",complex_topology,Medium_Dice (25-75%)
IMG_2931_1297_969,0.9086926641003725,0.832664304736195,0.8696974672232017,0.9513489200077798,10579,1585,541,300927,11120,12164,0.13030253206182177,0.048651079136690645,1,1,11120.0,2558,0.23003597122302158,0.11501798561151079,1.0,1.9999480310571656,0.525,0.475,0.12250000000000001,0.50808,21,19,['high_quality'],high_quality,High_Dice (>75%)
IMG_2931_1945_485,0.8876945284071117,0.798067213618827,0.8265610982573034,0.9585932069324442,5533,1161,239,306699,5772,6694,0.17343890050791755,0.041406791406791404,2,1,2886.0,1530,0.26507276507276506,0.13253638253638253,0.5,1.9999515347063301,0.4,0.6,0.10750000000000001,0.5086700000000001,16,24,['high_quality'],high_quality,High_Dice (>75%)
IMG_2931_1945_969,0.8743250534055581,0.7767118350201321,0.8280490912451431,0.9260794953873613,6477,1345,517,305293,6994,7822,0.17195090769624138,0.07392050328853303,1,1,6994.0,1920,0.2745210180154418,0.1372605090077209,1.0,1.9999300133828366,0.5,0.5,0.11875000000000001,0.50936,20,20,['high_quality'],high_quality,High_Dice (>75%)
IMG_2931_1_485,0.8996215147663463,0.8175564379335547,0.8961818273611695,0.9030877075490514,16876,1955,1811,292990,18687,18831,0.10381817216292284,0.09691229196767806,1,1,18687.0,3905,0.20896880184085193,0.10448440092042596,1.0,1.9999696469635218,0.375,0.625,0.11125,0.5063600000000001,15,25,['high_quality'],high_quality,High_Dice (>75%)
IMG_2931_649_485,0.8966714688770655,0.8126967114359495,0.8792291524456791,0.9148198395033772,12136,1667,1130,298699,13266,13803,0.1207708469173368,0.08518015980702548,2,2,6633.0,3277,0.2470224634403739,0.12351123172018695,1.0,1.9999633798853256,0.425,0.575,0.10875000000000001,0.50711,17,23,['high_quality'],high_quality,High_Dice (>75%)
IMG_2931_649_969,0.6216272733285353,0.4509863415751552,0.45624807965536357,0.975065610399832,1486,1771,38,310337,1524,3257,0.5437519189438134,0.024934383202099737,1,4,1524.0,436,0.28608923884514437,0.14304461942257218,4.0,1.9999605895697556,0.475,0.525,0.11375,0.5055400000000001,19,21,"['over_segmentation', 'fragmented_prediction']",over_segmentation,Low_Dice (<25%)
IMG_2941_1297_485,0.8867964358878535,0.7966165977874249,0.8164360124269663,0.9704278708340931,10501,2361,320,300450,10821,12862,0.18356398693826775,0.02957212826910637,1,1,10821.0,2685,0.24812863875797062,0.12406431937898531,1.0,1.9999516119197256,0.475,0.525,0.11500000000000002,0.50839,19,21,['high_quality'],high_quality,High_Dice (>75%)
IMG_2941_1297_969,0.8074268807037243,0.6770460172540012,0.6960339933483938,0.9612676037533889,4914,2146,198,306374,5112,7060,0.3039660056657224,0.03873239436619718,2,2,2556.0,2222,0.43466353677621283,0.21733176838810642,1.0,1.9999533980116921,0.5,0.5,0.1125,0.5070000000000001,20,20,['boundary_margin_error'],boundary_margin_error,Medium_Dice (25-75%)
IMG_2941_1945_485,0.89556900224622,0.8108872388294526,0.8289069552370328,0.9738908929640622,13764,2841,369,296658,14133,16605,0.17109304426377597,0.026109106346847804,1,1,14133.0,3879,0.2744640203778391,0.13723201018891956,1.0,1.999970006074364,0.375,0.625,0.1125,0.50724,15,25,['high_quality'],high_quality,High_Dice (>75%)
IMG_2941_1_485,0.758471384828246,0.6109173607112701,0.7110836556458108,0.8126260572556958,4029,1637,929,307037,4958,5666,0.2889163430991881,0.18737394110528438,3,4,1652.6666666666667,1490,0.30052440500201694,0.15026220250100847,1.3333333333333333,1.9999503150211306,0.475,0.525,0.1075,0.50571,19,21,['boundary_margin_error'],boundary_margin_error,Medium_Dice (25-75%)
IMG_2941_1_969,0.898444311459573,0.8156140636430478,0.8541139509169235,0.9476282662656067,9789,1672,541,301630,10330,11461,0.14588604833784138,0.052371732817037754,3,3,3443.3333333333335,2424,0.2346563407550823,0.11732817037754115,1.0,1.9999367807004678,0.45,0.55,0.11375,0.50837,18,22,['high_quality'],high_quality,High_Dice (>75%)
IMG_2941_649_969,0.9014990911184513,0.8206630361701958,0.8635143949064368,0.9429793292603316,11907,1882,720,299123,12627,13789,0.13648560446732902,0.05702066999287242,1,1,12627.0,3828,0.30315989546210503,0.15157994773105252,1.0,1.9999550045330263,0.525,0.475,0.12000000000000002,0.50678,21,19,['high_quality'],high_quality,High_Dice (>75%)
IMG_2942_1297_485,0.5710853019816544,0.399663676756667,0.4234385821801063,0.8768190184939147,4278,5825,601,302928,4879,10103,0.576561417400772,0.12318097970895675,3,1,1626.3333333333333,2380,0.4878048780487805,0.24390243902439024,0.3333333333333333,1.9999538544349171,0.375,0.625,0.10625000000000001,0.50443,15,25,['over_segmentation'],over_segmentation,Low_Dice (<25%)
IMG_2942_1945_485,0.5329612831069399,0.3632905368957554,0.3666026867003327,0.9757343519293283,3056,5280,76,305220,3132,8336,0.6333973128598849,0.024265644955300127,3,2,1044.0,1994,0.6366538952745849,0.31832694763729247,0.6666666666666666,1.9999543772926587,0.4,0.6,0.10375000000000001,0.5049199999999999,16,24,"['thin_low_area_failure', 'over_segmentation']",thin_low_area_failure,Low_Dice (<25%)
IMG_2942_1_485,0.6636552127786913,0.49661974897858835,0.5379997592291995,0.8658937181335388,4481,3848,694,304609,5175,8329,0.4620002401248649,0.13410628019323673,5,2,1035.0,3132,0.6052173913043478,0.3026086956521739,0.4,1.9999509272063587,0.375,0.625,0.10125,0.5044199999999999,15,25,['complex_topology'],complex_topology,Low_Dice (<25%)
IMG_2942_649_485,0.3335962142479525,0.2001893041171895,0.20395371243591734,0.9155844116208466,2115,8255,195,303067,2310,10370,0.796046287367406,0.08441558441558442,3,3,770.0,1534,0.664069264069264,0.332034632034632,1.0,1.9999593627259966,0.35,0.65,0.10375000000000001,0.5038800000000001,14,26,"['false_crack_high_fp', 'thin_low_area_failure', 'over_segmentation']",false_crack_high_fp,Low_Dice (<25%)
