case_name,dice,iou,precision,recall,tp,fp,fn,tn,gt_area,pred_area,fp_area_ratio,fn_area_ratio,num_gt_cc,num_pred_cc,mean_component_size,perimeter,boundary_to_area_ratio,thinness_score,fragmentation_ratio,mean_routing_entropy,cnn_expert_fraction,vit_expert_fraction,expert_hhi_concentration,mean_gs,cnn_expert_selections,vit_expert_selections,error_taxonomy,primary_error_category,performance_tier
20160222_080850_1281_361,0.8647088417592064,0.761662623268491,0.9461088248559374,0.7962059881028938,16327,930,4179,208964,20506,17257,0.05389117459581619,0.20379401150882667,1,1,20506.0,3739,0.18233687701160636,0.09116843850580318,1.0,0.999969529458242,0.5,0.5,0.15625,0.5021249999999999,8,8,['high_quality'],high_quality,Medium_Dice (25-75%)
20160222_080850_1281_721,0.6980421673606134,0.5361480609133948,0.5554224069639832,0.9392097216858677,1854,1484,120,226942,1974,3338,0.4445775913720791,0.060790273556231005,2,1,987.0,936,0.47416413373860183,0.23708206686930092,0.5,0.9999601284570532,0.4375,0.5625,0.1484375,0.5015499999999999,7,9,['moderate_general_error'],moderate_general_error,Low_Dice (<25%)
20160222_080850_1921_1,0.6018878367468748,0.4305003937212042,0.7445054842787708,0.50512581076304,542,186,531,229141,1073,728,0.2554945054945055,0.49487418452935694,1,4,1073.0,330,0.30754892823858343,0.15377446411929171,4.0,0.9999794002701266,0.4375,0.5625,0.171875,0.5018624999999999,7,9,['fragmented_prediction'],fragmented_prediction,Low_Dice (<25%)
20160222_080850_1921_361,0.8861553598357355,0.7955825506374475,0.9160732445854062,0.8581298386788982,14408,1320,2382,212290,16790,15728,0.0839267548321465,0.14187016081000595,1,1,16790.0,2880,0.17153067301965455,0.08576533650982728,1.0,0.9999795197178277,0.4375,0.5625,0.1796875,0.5023875,7,9,['high_quality'],high_quality,High_Dice (>75%)
20160222_080850_1_361,0.8272919250152848,0.7054542751622714,0.8613654905878296,0.7958115179912831,19000,3058,4875,203467,23875,22058,0.13863450902167015,0.20418848167539266,1,1,23875.0,3950,0.16544502617801046,0.08272251308900523,1.0,0.999970911010388,0.5625,0.4375,0.1484375,0.5017,9,7,['boundary_margin_error'],boundary_margin_error,Medium_Dice (25-75%)
20160222_080850_641_361,0.7856533361437927,0.6469761555970506,0.7327179156810877,0.8468330364542075,13811,5038,2498,209053,16309,18849,0.267282083930182,0.15316696302654975,4,2,4077.25,4122,0.25274388374517137,0.12637194187258569,0.5,0.9999706675229083,0.4375,0.5625,0.1484375,0.501725,7,9,['boundary_margin_error'],boundary_margin_error,Medium_Dice (25-75%)
20160222_080850_641_721,0.736842104565655,0.5833333324590328,0.6076502722753314,0.935801873200765,3892,2513,267,223728,4159,6405,0.3923497267759563,0.06419812454917047,1,2,4159.0,1886,0.45347439288290453,0.22673719644145227,2.0,0.9999688072172603,0.4375,0.5625,0.140625,0.5013624999999999,7,9,['boundary_margin_error'],boundary_margin_error,Medium_Dice (25-75%)
20160222_115224_1281_1,0.5222389485957035,0.3533987772241167,0.3677363396282776,0.9006372412068983,3816,6561,421,219602,4237,10377,0.632263660017346,0.09936275666745338,10,3,423.7,4075,0.9617654000472032,0.4808827000236016,0.3,0.9999833260122691,0.4375,0.5625,0.1640625,0.5009125,7,9,"['thin_low_area_failure', 'over_segmentation', 'complex_topology']",thin_low_area_failure,Low_Dice (<25%)
20160222_115224_1281_1081,0.8479152419276186,0.7359833866271382,0.7858726626767935,0.9205936903142975,4962,1352,428,223658,5390,6314,0.21412733607855558,0.07940630797773655,1,1,5390.0,2275,0.42207792207792205,0.21103896103896103,1.0,0.9999869058979823,0.4375,0.5625,0.1953125,0.5010875,7,9,['boundary_margin_error'],boundary_margin_error,Medium_Dice (25-75%)
20160222_115224_1281_361,0.43779663391658763,0.2802430486462106,0.29778908178871244,0.8262757827020859,1522,3589,320,224969,1842,5111,0.7022109176286441,0.1737242128121607,6,8,307.0,1801,0.9777415852334419,0.48887079261672095,1.3333333333333333,0.9999398412807895,0.3125,0.6875,0.1640625,0.5012,5,11,"['false_crack_high_fp', 'thin_low_area_failure', 'over_segmentation', 'complex_topology']",false_crack_high_fp,Low_Dice (<25%)
20160222_115224_1281_721,0.7575165944884681,0.6096794461223388,0.667216947768308,0.8760838134463804,4850,2419,686,222445,5536,7269,0.3327830513137983,0.12391618497109827,4,3,1384.0,2724,0.4920520231213873,0.24602601156069365,0.75,0.9999795734873487,0.375,0.625,0.1875,0.5010375,6,10,['boundary_margin_error'],boundary_margin_error,Medium_Dice (25-75%)
20160222_115224_1921_1081,0.8331134537166442,0.713962686749787,0.7275345580211143,0.9745370295174612,1263,473,33,228631,1296,1736,0.27246543778801846,0.02546296296296296,1,1,1296.0,552,0.42592592592592593,0.21296296296296297,1.0,0.9999720817615508,0.625,0.375,0.1484375,0.5007125000000001,10,6,['boundary_margin_error'],boundary_margin_error,Medium_Dice (25-75%)
20160222_115224_641_1,0.7082327109175451,0.5482664849181964,0.6217596601891109,0.8226443952280449,6452,3925,1391,218632,7843,10377,0.37824033921171824,0.17735560372306516,4,3,1960.75,4660,0.5941603978069616,0.2970801989034808,0.75,0.9999819296583964,0.4375,0.5625,0.1796875,0.5008625,7,9,['boundary_margin_error'],boundary_margin_error,Medium_Dice (25-75%)
20160222_115224_641_1081,0.03156190985761814,0.01603398654784982,0.020515518112369773,0.06838106330577988,117,5586,1594,223103,1711,5703,0.979484481851657,0.9316189362945646,1,15,1711.0,1669,0.9754529514903565,0.48772647574517825,15.0,0.9999718346366631,0.4375,0.5625,0.1328125,0.501325,7,9,"['missed_crack_high_fn', 'false_crack_high_fp', 'thin_low_area_failure', 'over_segmentation', 'fragmented_prediction']",missed_crack_high_fn,Low_Dice (<25%)
20160222_115224_641_361,0.7779802176236593,0.636634716428893,0.6506312567465581,0.9673139127271394,2989,1605,101,225705,3090,4594,0.3493687418371789,0.03268608414239482,2,3,1545.0,1649,0.5336569579288026,0.2668284789644013,1.5,0.9999750984050872,0.5625,0.4375,0.140625,0.500825,9,7,['boundary_margin_error'],boundary_margin_error,Medium_Dice (25-75%)
20160222_115224_641_721,0.32464962875131936,0.1937801395593149,0.24606348382146528,0.4769864329530368,1969,6033,2159,220239,4128,8002,0.7539365158710323,0.5230135658914729,5,2,825.6,2219,0.5375484496124031,0.26877422480620156,0.4,0.999980793578992,0.375,0.625,0.140625,0.5010375,6,10,"['false_crack_high_fp', 'thin_low_area_failure', 'complex_topology']",false_crack_high_fp,Low_Dice (<25%)
20160222_115837_1281_1,0.7817202591622682,0.6416590812096489,0.6644674826114616,0.9492210022134623,4935,2492,264,222709,5199,7427,0.3355325164938737,0.050778995960761686,1,3,5199.0,2135,0.41065589536449315,0.20532794768224658,3.0,0.9999792950635664,0.3125,0.6875,0.203125,0.501375,5,11,['boundary_margin_error'],boundary_margin_error,Medium_Dice (25-75%)
20160222_115837_1281_1081,0.6459595951439905,0.47706079731991646,0.47750606593708034,0.9980491572452237,2558,2799,5,225038,2563,5357,0.5224939331715512,0.0019508388607101053,4,2,640.75,1867,0.7284432305891534,0.3642216152945767,0.5,0.9999793580480973,0.3125,0.6875,0.1953125,0.5012749999999999,5,11,['over_segmentation'],over_segmentation,Low_Dice (<25%)
20160222_115837_1281_361,0.7435982698773991,0.5918475373357199,0.59914254984076,0.9798422407833998,3354,2244,69,224733,3423,5598,0.4008574490889603,0.020157756354075372,4,4,855.75,2052,0.5994741454864154,0.2997370727432077,1.0,0.9999856402248168,0.375,0.625,0.203125,0.5014375,6,10,['moderate_general_error'],moderate_general_error,Medium_Dice (25-75%)
20160222_115837_1281_721,0.7118689213908767,0.5526370205736566,0.5547020955891591,0.9933085464932767,2672,2145,18,225565,2690,4817,0.44529790325929003,0.006691449814126394,1,1,2690.0,2008,0.7464684014869889,0.37323420074349445,1.0,0.9999827102708666,0.4375,0.5625,0.171875,0.50105,7,9,['moderate_general_error'],moderate_general_error,Medium_Dice (25-75%)
20160222_164851_1281_1081,0.8773096243700738,0.7814350629645571,0.8536181723279402,0.9023536881323893,5674,973,614,223139,6288,6647,0.14638182638784414,0.09764631043256998,2,1,3144.0,1152,0.183206106870229,0.0916030534351145,0.5,0.9999834519135985,0.5,0.5,0.140625,0.5008625,8,8,['high_quality'],high_quality,High_Dice (>75%)
20160222_164851_641_1,0.8470300057779017,0.7346505199811271,0.8120547938848887,0.885153582862497,10374,2401,1346,216279,11720,12775,0.18794520547945207,0.11484641638225256,2,2,5860.0,2308,0.1969283276450512,0.0984641638225256,1.0,0.9999787327013347,0.625,0.375,0.1484375,0.501,10,6,['boundary_margin_error'],boundary_margin_error,Medium_Dice (25-75%)
20160222_164851_641_1081,0.7150689879405501,0.5565037976587229,0.578926828703486,0.9349298866631008,5934,4316,413,219737,6347,10250,0.4210731707317073,0.0650701118638727,3,3,2115.6666666666665,2372,0.3737198676540098,0.1868599338270049,1.0,0.9999813809504414,0.5,0.5,0.171875,0.5011874999999999,8,8,['moderate_general_error'],moderate_general_error,Medium_Dice (25-75%)
20160222_164851_641_361,0.8192644348701061,0.6938593695871083,0.7283901130738877,0.9360460117297227,10904,4066,745,214685,11649,14970,0.27160988643954576,0.06395398746673535,7,3,1664.142857142857,3669,0.31496265773886173,0.15748132886943086,0.42857142857142855,0.9999825339658098,0.5,0.5,0.15625,0.5011749999999999,8,8,"['complex_topology', 'boundary_margin_error']",complex_topology,Medium_Dice (25-75%)
20160222_164851_641_721,0.8466989627070108,0.734152606586022,0.7548004848634446,0.9640773149488719,10574,3435,394,215997,10968,14009,0.24519951459775857,0.03592268417213713,3,4,3656.0,2773,0.25282640408460977,0.12641320204230488,1.3333333333333333,0.9999796853903851,0.625,0.375,0.1796875,0.5013375,10,6,['boundary_margin_error'],boundary_margin_error,Medium_Dice (25-75%)
20160222_165225_1281_361,0.7935679227349024,0.6577808545458016,0.6656739943368013,0.9822928771070275,7600,3817,137,218846,7737,11417,0.33432600508014365,0.01770712162336823,1,1,7737.0,3094,0.39989660074964456,0.19994830037482228,1.0,0.9999892162043957,0.5625,0.4375,0.2109375,0.5013624999999999,9,7,['boundary_margin_error'],boundary_margin_error,Medium_Dice (25-75%)
20160222_165225_1281_721,0.7590187568282286,0.6116279041319632,0.6442920105620186,0.9234550496948382,1315,726,109,228250,1424,2041,0.3557079862812347,0.07654494382022473,1,1,1424.0,650,0.45646067415730335,0.22823033707865167,1.0,0.999965653031361,0.5625,0.4375,0.1484375,0.500325,9,7,['boundary_margin_error'],boundary_margin_error,Medium_Dice (25-75%)
20160222_165225_1921_721,0.6242299791534883,0.4537313429532353,0.4623831425564749,0.9603945123125374,6232,7246,257,216665,6489,13478,0.53761685710046,0.03960548620742795,2,1,3244.5,3365,0.5185698875019263,0.25928494375096317,0.5,0.9999822744202609,0.5,0.5,0.1875,0.5005,8,8,['over_segmentation'],over_segmentation,Low_Dice (<25%)
20160222_165225_1_361,0.7614684021000903,0.6148154826176888,0.6586120233340306,0.9023970323104265,6814,3532,737,219317,7551,10346,0.3413879760293833,0.09760296649450403,1,2,7551.0,3404,0.4508012183816713,0.22540060919083565,2.0,0.9999831864179072,0.625,0.375,0.171875,0.50095,10,6,['boundary_margin_error'],boundary_margin_error,Medium_Dice (25-75%)
20160222_165225_641_361,0.7836858953421417,0.6443121002552114,0.692229227844743,0.9029877816584156,7465,3319,802,218814,8267,10784,0.30777077151335314,0.09701221724930446,4,3,2066.75,4037,0.4883270835853393,0.24416354179266966,0.75,0.9999919429022609,0.6875,0.3125,0.171875,0.5009,11,5,['boundary_margin_error'],boundary_margin_error,Medium_Dice (25-75%)
20160222_165402_1281_1,0.9113353365654061,0.837112994639013,0.8501051358264693,0.9820705598819311,8490,1497,155,220258,8645,9987,0.14989486332231902,0.017929438982070563,1,1,8645.0,2045,0.23655292076344708,0.11827646038172354,1.0,0.9999806133124394,0.625,0.375,0.1796875,0.501725,10,6,['high_quality'],high_quality,High_Dice (>75%)
20160222_165402_1281_361,0.8531193062912407,0.7438605523408376,0.7513443185157465,0.9867866488361013,8663,2867,116,218754,8779,11530,0.24865568083261058,0.013213350039867866,2,1,4389.5,2052,0.2337396058776626,0.1168698029388313,0.5,0.9999888137344795,0.625,0.375,0.1796875,0.501475,10,6,['high_quality'],high_quality,Medium_Dice (25-75%)
20160222_165402_641_1081,0.9234578848640064,0.8578000543409777,0.903718170642565,0.9440791952360922,12493,1331,740,215836,13233,13824,0.0962818287037037,0.05592080405047986,1,1,13233.0,1717,0.12975137912793774,0.06487568956396887,1.0,0.9999631375664493,0.5625,0.4375,0.15625,0.5005499999999999,9,7,['high_quality'],high_quality,High_Dice (>75%)
20160222_165402_641_721,0.88704417388722,0.7970165150088647,0.8026468740028196,0.9912755372818602,8976,2207,79,219138,9055,11183,0.19735312527944202,0.008724461623412479,1,1,9055.0,1678,0.1853119823302043,0.09265599116510215,1.0,0.99996703150707,0.625,0.375,0.1484375,0.500525,10,6,['high_quality'],high_quality,High_Dice (>75%)
20160222_165926_1281_361,0.48395425952793386,0.3192214104155197,0.3192214104155197,0.9999999923780488,1312,2798,0,226290,1312,4110,0.6807785888077859,0.0,2,2,656.0,1592,1.2134146341463414,0.6067073170731707,1.0,0.9999766918596743,0.5625,0.4375,0.15625,0.50065,9,7,"['false_crack_high_fp', 'thin_low_area_failure', 'over_segmentation']",false_crack_high_fp,Low_Dice (<25%)
20160222_165926_1281_721,0.6553299131084745,0.48735367842040794,0.4889378206050773,0.9933958223404435,4663,4874,31,220832,4694,9537,0.5110621788822481,0.006604175543246698,1,1,4694.0,3164,0.674051981252663,0.3370259906263315,1.0,0.9999830713649598,0.5,0.5,0.1875,0.5006625,8,8,['over_segmentation'],over_segmentation,Low_Dice (<25%)
20160222_165926_1921_721,0.6774404886966292,0.5122192860939903,0.5256439216836377,0.9525076746110386,4653,4199,232,221316,4885,8852,0.47435607772254856,0.04749232343909928,4,1,1221.25,3742,0.7660184237461617,0.38300921187308085,0.25,0.9999807730380652,0.4375,0.5625,0.1796875,0.500675,7,9,['moderate_general_error'],moderate_general_error,Low_Dice (<25%)
20160222_165926_1_1081,0.5271349569380812,0.3578976630759242,0.3626373616155611,0.9647676089597631,1287,2262,47,226804,1334,3549,0.6373626373626373,0.03523238380809595,4,3,333.5,1166,0.8740629685157422,0.4370314842578711,0.75,0.9999766051824486,0.625,0.375,0.1875,0.5004374999999999,10,6,"['thin_low_area_failure', 'over_segmentation']",thin_low_area_failure,Low_Dice (<25%)
20160222_165926_1_721,0.5827945199092663,0.4112279610095454,0.41841069957763855,0.9599277943684916,2659,3696,111,223934,2770,6355,0.5815892997639653,0.04007220216606498,5,4,554.0,2358,0.8512635379061372,0.4256317689530686,0.8,0.9999691883934836,0.6875,0.3125,0.1640625,0.500475,11,5,"['over_segmentation', 'complex_topology']",over_segmentation,Low_Dice (<25%)
20160222_165926_641_1,0.7098715418240117,0.5502332247035644,0.555615941022435,0.9826978501034993,3067,2453,54,224826,3121,5520,0.4443840579710145,0.01730214674783723,1,1,3121.0,1933,0.619352771547581,0.3096763857737905,1.0,0.9999583638674341,0.6875,0.3125,0.1640625,0.5006250000000001,11,5,['moderate_general_error'],moderate_general_error,Medium_Dice (25-75%)
20160222_165926_641_361,0.6416475008972952,0.4723718632101403,0.47441644694015084,0.9909589893737197,3069,3400,28,223903,3097,6469,0.5255835523264801,0.009041007426541814,2,4,1548.5,2230,0.7200516628995802,0.3600258314497901,2.0,0.9999751439654869,0.6875,0.3125,0.1796875,0.5006375000000001,11,5,['over_segmentation'],over_segmentation,Low_Dice (<25%)
20160222_165926_641_721,0.7072888541539473,0.5471360376420684,0.5553648929490614,0.9736329835893949,5502,4405,149,220344,5651,9907,0.44463510649036037,0.0263670146876659,2,2,2825.5,4142,0.7329676163510883,0.36648380817554416,1.0,0.9999794477934921,0.5625,0.4375,0.1796875,0.5010625,9,7,['moderate_general_error'],moderate_general_error,Medium_Dice (25-75%)
20160302_155857_1281_1,0.6265646099715763,0.4562024646522391,0.6210282031041982,0.6322006166959829,3479,2123,2024,222774,5503,5602,0.37897179578721885,0.3677993821551881,2,5,2751.5,1899,0.3450844993639833,0.17254224968199164,2.5,0.9999899252671864,0.5,0.5,0.1640625,0.5019625000000001,8,8,['moderate_general_error'],moderate_general_error,Low_Dice (<25%)
20160302_155857_1281_361,0.7907360476217007,0.6538986348402548,0.7415717909344847,0.8468820994106513,6709,2338,1213,220140,7922,9047,0.25842820824582735,0.15311789952032315,1,3,7922.0,2828,0.35698056046452914,0.17849028023226457,3.0,0.9999907439900608,0.375,0.625,0.171875,0.5018,6,10,['boundary_margin_error'],boundary_margin_error,Medium_Dice (25-75%)
20160302_155857_1281_721,0.38017820794094387,0.2347037246965765,0.23474903429585128,0.9991782991028899,1216,3964,1,225219,1217,5180,0.7652509652509653,0.0008216926869350862,1,1,1217.0,430,0.3533278553820871,0.17666392769104355,1.0,0.9999848707262831,0.5,0.5,0.1328125,0.5019750000000001,8,8,"['false_crack_high_fp', 'thin_low_area_failure', 'over_segmentation']",false_crack_high_fp,Low_Dice (<25%)
20160302_155857_1_721,0.8841683364370959,0.7923850570917697,0.8762313309626992,0.8922504444306475,16545,2337,1998,209520,18543,18882,0.12376866857324435,0.10774955508817344,1,1,18543.0,3212,0.17321900447608263,0.08660950223804131,1.0,0.9999912285813252,0.4375,0.5625,0.1484375,0.502175,7,9,['high_quality'],high_quality,High_Dice (>75%)
20160302_155857_641_721,0.7418539420541383,0.5896405567294322,0.6165534703484785,0.9310734455184064,10712,6662,793,212233,11505,17374,0.3834465292966502,0.06892655367231638,3,2,3835.0,3366,0.2925684485006519,0.14628422425032594,0.6666666666666666,0.9999878746073276,0.4375,0.5625,0.1875,0.5021625000000001,7,9,['boundary_margin_error'],boundary_margin_error,Medium_Dice (25-75%)
20160307_144202_1281_361,0.6438481821787363,0.4747611393635232,0.5044017243043463,0.8898573678449171,5615,5517,695,218573,6310,11132,0.495598275242544,0.11014263074484945,10,2,631.0,3310,0.5245641838351822,0.2622820919175911,0.2,0.9999870336511563,0.3125,0.6875,0.15625,0.5017375,5,11,['complex_topology'],complex_topology,Low_Dice (<25%)
20160307_144202_1281_721,0.5459242756829182,0.37544418530150203,0.379348767637305,0.9733163882677369,3064,5013,84,222239,3148,8077,0.6206512318930296,0.026683608640406607,5,1,629.6,1470,0.4669631512071156,0.2334815756035578,0.2,0.9999919086867859,0.375,0.625,0.1875,0.5017750000000001,6,10,"['thin_low_area_failure', 'over_segmentation', 'complex_topology']",thin_low_area_failure,Low_Dice (<25%)
20160307_144202_1921_361,0.6336040323064676,0.4637045536485205,0.4738230857455926,0.9559743104985852,11313,12563,521,206003,11834,23876,0.5261769140559558,0.044025688693594724,5,1,2366.8,4983,0.42107486902146357,0.21053743451073179,0.2,0.9999905341284956,0.5,0.5,0.1796875,0.501725,8,8,"['over_segmentation', 'complex_topology']",over_segmentation,Low_Dice (<25%)
20160307_144202_1_361,0.791547435397439,0.6550091071698502,0.6893510971487822,0.9293190328664434,14384,6482,1094,208440,15478,20866,0.3106489025208473,0.07068096653314382,7,1,2211.1428571428573,4184,0.2703191626825171,0.13515958134125855,0.14285714285714285,0.9999756457367928,0.4375,0.5625,0.1484375,0.501275,7,9,"['complex_topology', 'boundary_margin_error']",complex_topology,Medium_Dice (25-75%)
20160307_144202_641_361,0.7111379412043003,0.5517564399938817,0.5637262718329737,0.9629427784169458,10602,8205,408,211185,11010,18807,0.43627372786728347,0.037057220708446865,10,2,1101.0,4281,0.3888283378746594,0.1944141689373297,0.2,0.9999862821974039,0.4375,0.5625,0.171875,0.5015625,7,9,['complex_topology'],complex_topology,Medium_Dice (25-75%)
20160307_145059_1281_361,0.8994126777494725,0.8172115556540444,0.8622184824862682,0.9399604903767741,13323,2129,851,214097,14174,15452,0.13778151695573387,0.06003950896006773,4,2,3543.5,3270,0.23070410610977846,0.11535205305488923,0.5,0.9999544645353621,0.375,0.625,0.203125,0.501,6,10,['high_quality'],high_quality,High_Dice (>75%)
20160307_145059_1281_721,0.7994394614352918,0.6658885043739953,0.6842913341480747,0.9611807508273612,7131,3290,288,219691,7419,10421,0.31570866519527874,0.03881924787707238,3,2,2473.0,3748,0.5051893786224558,0.2525946893112279,0.6666666666666666,0.9999665202972754,0.375,0.625,0.15625,0.50135,6,10,['boundary_margin_error'],boundary_margin_error,Medium_Dice (25-75%)
20160307_145059_1921_1081,0.786779286972619,0.6485046607960956,0.6538085929518939,0.9876452130045267,5356,2836,67,222141,5423,8192,0.34619140625,0.01235478517425779,3,1,1807.6666666666667,2182,0.4023603171676194,0.2011801585838097,0.3333333333333333,0.9999618437941229,0.5,0.5,0.15625,0.5012000000000001,8,8,['boundary_margin_error'],boundary_margin_error,Medium_Dice (25-75%)
20160307_145059_1921_361,0.8618908078108071,0.7573006296108811,0.8639560942537249,0.8598353712902259,11177,1760,1822,215641,12999,12937,0.13604390507845715,0.1401646280483114,1,1,12999.0,3074,0.23647972920993923,0.11823986460496962,1.0,0.9999395226049919,0.4375,0.5625,0.1640625,0.50095,7,9,['high_quality'],high_quality,Medium_Dice (25-75%)
20160307_145059_1921_721,0.821797856710016,0.6975015801747287,0.7506807339164726,0.9077999569709818,4411,1465,448,224076,4859,5876,0.24931926480599048,0.09220004116073266,3,3,1619.6666666666667,1757,0.3615970364272484,0.1807985182136242,1.0,0.9999524341731469,0.4375,0.5625,0.15625,0.5010125000000001,7,9,['boundary_margin_error'],boundary_margin_error,Medium_Dice (25-75%)
20160307_145059_1_361,0.9035495839283028,0.8240678927967313,0.8373219641145995,0.9811534957071373,8642,1679,166,219913,8808,10321,0.16267803507412074,0.018846503178928248,1,1,8808.0,2411,0.27372842870118075,0.13686421435059037,1.0,0.9999657389206078,0.5,0.5,0.15625,0.500575,8,8,['high_quality'],high_quality,High_Dice (>75%)
20160307_145059_1_721,0.8090428084868805,0.6793214854842817,0.7046923620963702,0.9496692999682702,5887,2467,312,221734,6199,8354,0.295307637060091,0.05033069849975803,1,1,6199.0,1626,0.2623003710275851,0.13115018551379254,1.0,0.9999606898422829,0.375,0.625,0.1796875,0.50105,6,10,['boundary_margin_error'],boundary_margin_error,Medium_Dice (25-75%)
20160307_145059_641_361,0.7447760094253421,0.5933411208021716,0.6092119460127001,0.9579403980423606,5079,3258,223,221840,5302,8337,0.3907880532565671,0.04205960015088646,2,3,2651.0,2106,0.3972086005281026,0.1986043002640513,1.5,0.9999420113815232,0.375,0.625,0.1875,0.5007125000000001,6,10,['boundary_margin_error'],boundary_margin_error,Medium_Dice (25-75%)
20160307_145059_641_721,0.8753609236143083,0.7783483092437967,0.798975109224762,0.9678964163108403,10914,2746,362,216378,11276,13660,0.20102489019033676,0.03210358283079106,2,1,5638.0,3040,0.2695991486342675,0.13479957431713374,0.5,0.9999771277449074,0.3125,0.6875,0.171875,0.501625,5,11,['high_quality'],high_quality,High_Dice (>75%)
20160307_162438_1281_361,0.8346478861483833,0.7162194809856914,0.9999999966250421,0.7162194809856914,2963,0,1174,226263,4137,2963,0.0,0.28378051728305537,1,1,4137.0,396,0.09572153734590283,0.047860768672951415,1.0,0.9999794513993403,0.5,0.5,0.1640625,0.501075,8,8,['boundary_margin_error'],boundary_margin_error,Medium_Dice (25-75%)
20160307_162438_1281_721,0.9255947575897229,0.8614950123598439,0.9423247556796724,0.9094484440009362,28674,1755,2855,197116,31529,30429,0.05767524401064774,0.09055155571061563,1,1,31529.0,3073,0.09746582511338768,0.04873291255669384,1.0,0.9999887724299619,0.625,0.375,0.21875,0.501775,10,6,['high_quality'],high_quality,High_Dice (>75%)
20160307_162438_1921_1081,0.7454681431869126,0.5942201779400328,0.5956405437393202,0.9960030443509679,10466,7105,42,212787,10508,17571,0.40435945592168915,0.003996954701180053,2,1,5254.0,2256,0.21469356680624285,0.10734678340312143,0.5,0.9999911580917313,0.625,0.375,0.203125,0.5012249999999999,10,6,['moderate_general_error'],moderate_general_error,Medium_Dice (25-75%)
20160307_162438_1921_721,0.8999523580709531,0.8181030746021091,0.8763443123966327,0.9248675831553533,20779,2932,1688,205001,22467,23711,0.12365568723377335,0.07513241643299061,1,1,22467.0,2708,0.12053233631548493,0.06026616815774247,1.0,0.9999932391162114,0.625,0.375,0.1796875,0.501275,10,6,['high_quality'],high_quality,High_Dice (>75%)
20160307_162438_1_361,0.8871641308848861,0.7972102225553949,0.9134245815253906,0.8623714298380484,33034,3131,5272,188963,38306,36165,0.08657541822203788,0.1376285699368245,1,1,38306.0,3094,0.08077063645381924,0.04038531822690962,1.0,0.9999773407465611,0.625,0.375,0.171875,0.5017375,10,6,['high_quality'],high_quality,High_Dice (>75%)
20160307_162438_641_361,0.8585484281330291,0.7521549308734823,0.807733920734228,0.9161856275095743,20157,4798,1844,203601,22001,24955,0.19226607894209577,0.08381437207399664,1,1,22001.0,2516,0.11435843825280669,0.05717921912640334,1.0,0.9999871183672707,0.625,0.375,0.171875,0.50155,10,6,['high_quality'],high_quality,Medium_Dice (25-75%)
20160307_162438_641_721,0.713292270538915,0.5543545392687312,0.5923440759076625,0.8963049252724619,5385,3706,623,220686,6008,9091,0.40765592344076557,0.10369507323568575,1,1,6008.0,705,0.11734354194407456,0.05867177097203728,1.0,0.9999948161157094,0.625,0.375,0.1875,0.501375,10,6,['moderate_general_error'],moderate_general_error,Medium_Dice (25-75%)
20160310_114505_1281_1,0.40409375987224194,0.25320645393296587,0.25320645393296587,0.999999994553377,1836,5415,0,223149,1836,7251,0.7467935457178321,0.0,4,1,459.0,1931,1.051742919389978,0.525871459694989,0.25,0.9999856301630268,0.625,0.375,0.1953125,0.5017624999999999,10,6,"['false_crack_high_fp', 'thin_low_area_failure', 'over_segmentation']",false_crack_high_fp,Low_Dice (<25%)
20160310_114505_641_1,0.534735160676913,0.36494096242966306,0.373177300665759,0.9429711313237008,4018,6749,243,219390,4261,10767,0.6268226989876474,0.05702886646327153,4,1,1065.25,2348,0.551044355785027,0.2755221778925135,0.25,0.999987083131726,0.625,0.375,0.171875,0.5021375,10,6,"['thin_low_area_failure', 'over_segmentation']",thin_low_area_failure,Low_Dice (<25%)
20160310_114505_641_1081,0.5556878303203123,0.3847421921561112,0.38481267712300754,0.9995241470389623,4201,6716,2,219481,4203,10917,0.615187322524503,0.0004758505829169641,3,4,1401.0,1842,0.4382583868665239,0.21912919343326195,1.3333333333333333,0.9999926077015281,0.5,0.5,0.1640625,0.5023124999999999,8,8,['over_segmentation'],over_segmentation,Low_Dice (<25%)
20160310_114505_641_361,0.5345545375427179,0.36477272695387,0.3670507517221825,0.9832704972118981,4173,7196,71,218960,4244,11369,0.6329492479549652,0.016729500471253534,5,4,848.8,2457,0.5789349670122526,0.2894674835061263,0.8,0.9999880047389045,0.625,0.375,0.15625,0.502,10,6,"['thin_low_area_failure', 'over_segmentation', 'complex_topology']",thin_low_area_failure,Low_Dice (<25%)
20160310_114505_641_721,0.5798493028073286,0.4083012485601453,0.40864661615728703,0.9979343562131413,4348,6292,9,219751,4357,10640,0.5913533834586466,0.0020656414964425065,4,1,1089.25,1798,0.41266926784484737,0.20633463392242368,0.25,0.9999900450503101,0.5,0.5,0.1484375,0.5023500000000001,8,8,['over_segmentation'],over_segmentation,Low_Dice (<25%)
20160316_142539_1281_361,0.8504492046645133,0.7398100267646868,0.8675972915008499,0.8339658432719357,6153,939,1225,222083,7378,7092,0.13240270727580372,0.16603415559772297,1,3,7378.0,1653,0.22404445649227434,0.11202222824613717,3.0,0.9999906621766076,0.5625,0.4375,0.140625,0.50195,9,7,['high_quality'],high_quality,Medium_Dice (25-75%)
20160316_142539_1281_721,0.7685080623476633,0.6240463610445669,0.6547875610723618,0.9300317033671895,8507,4485,640,216768,9147,12992,0.3452124384236453,0.06996829561604898,2,1,4573.5,2578,0.2818410407783973,0.14092052038919864,0.5,0.9999900625554063,0.375,0.625,0.1640625,0.5018750000000001,6,10,['boundary_margin_error'],boundary_margin_error,Medium_Dice (25-75%)
20160316_142539_1921_361,0.6980339077154745,0.5361383156228384,0.5893780821668603,0.8558078595145783,9799,6827,1651,212123,11450,16626,0.4106219174786479,0.14419213973799128,7,2,1635.7142857142858,4030,0.3519650655021834,0.1759825327510917,0.2857142857142857,0.9999903653933593,0.5625,0.4375,0.171875,0.501625,9,7,['complex_topology'],complex_topology,Low_Dice (<25%)
20160316_142539_1_721,0.692108741682824,0.5291791173628146,0.5490106681184413,0.9361007455409665,12042,9892,822,207644,12864,21934,0.45098933163125743,0.06389925373134328,7,3,1837.7142857142858,4023,0.3127332089552239,0.15636660447761194,0.42857142857142855,0.9999877336815912,0.4375,0.5625,0.171875,0.5018,7,9,['complex_topology'],complex_topology,Low_Dice (<25%)
20160316_142539_641_721,0.5723631720194768,0.4009165081774463,0.4334219427930474,0.8424142783447517,10761,14067,2013,203559,12774,24828,0.5665780570323828,0.15758572099577267,4,2,3193.5,4538,0.35525285736652573,0.17762642868326287,0.5,0.9999905245604244,0.4375,0.5625,0.15625,0.501975,7,9,['moderate_general_error'],moderate_general_error,Low_Dice (<25%)
20160316_143445_1281_1,0.872722565330338,0.774186139533682,0.8119467689456574,0.9433328662772262,13484,3123,810,212983,14294,16607,0.18805323056542422,0.05666713306282356,1,1,14294.0,2297,0.16069679585840213,0.08034839792920107,1.0,0.9999890292703794,0.5,0.5,0.2109375,0.5030375,8,8,['high_quality'],high_quality,High_Dice (>75%)
20160316_143445_1281_1081,0.7729414395636736,0.6299140599197037,0.6732460412873832,0.9072952306892409,3445,1672,352,224931,3797,5117,0.32675395739691226,0.09270476692125362,4,1,949.25,1205,0.3173558072162233,0.15867790360811165,0.25,0.9999821080361313,0.625,0.375,0.15625,0.5019625,10,6,['boundary_margin_error'],boundary_margin_error,Medium_Dice (25-75%)
20160316_143445_1281_361,0.8640269222168027,0.7606051050988938,0.7764622606161365,0.9738519885611718,12067,3474,324,214535,12391,15541,0.2235377388842417,0.02614801065289323,2,2,6195.5,2403,0.19393107900895812,0.09696553950447906,1.0,0.9999918593536158,0.5625,0.4375,0.1875,0.5026875,9,7,['high_quality'],high_quality,Medium_Dice (25-75%)
20160316_143445_1281_721,0.8433478674775742,0.7291283556780396,0.804422803406156,0.8862315596299556,15860,3856,2036,208648,17896,19716,0.1955771961858389,0.11376843987483236,2,3,8948.0,4941,0.2760952168082253,0.13804760840411265,1.5,0.9999836613687161,0.5,0.5,0.15625,0.5028125,8,8,['boundary_margin_error'],boundary_margin_error,Medium_Dice (25-75%)
20160316_143445_1921_1081,0.6925751294506001,0.5297246098428351,0.5926801429795565,0.8329705569561571,7271,4997,1458,216674,8729,12268,0.4073198565373329,0.16702944208958645,2,2,4364.5,2735,0.31332340474281134,0.15666170237140567,1.0,0.9999832584095882,0.625,0.375,0.1640625,0.50225,10,6,['moderate_general_error'],moderate_general_error,Low_Dice (<25%)
20160316_143445_1_1081,0.8450408886322914,0.7316630349204221,0.8720112508146585,0.8196888021766615,8060,1183,1773,219384,9833,9243,0.1279887482419128,0.18031119698972847,1,1,9833.0,2466,0.2507881623105868,0.1253940811552934,1.0,0.9999930813098199,0.6875,0.3125,0.15625,0.50195,11,5,['boundary_margin_error'],boundary_margin_error,Medium_Dice (25-75%)
20160316_143445_1_721,0.5700735115247225,0.398673299725071,0.42826603274552727,0.8522807826700999,3606,4814,625,221355,4231,8420,0.5717339667458432,0.14771921531552826,2,4,2115.5,1268,0.2996927440321437,0.14984637201607184,2.0,0.9999797243973676,0.6875,0.3125,0.15625,0.5017375,11,5,['moderate_general_error'],moderate_general_error,Low_Dice (<25%)
20160316_143445_641_361,0.8667811234435613,0.7648841202482318,0.7912572002785012,0.9582435611385621,9340,2464,407,218189,9747,11804,0.2087427990511691,0.041756437878321534,1,1,9747.0,2796,0.2868574946137273,0.14342874730686364,1.0,0.9999870697735571,0.4375,0.5625,0.1953125,0.502525,7,9,['high_quality'],high_quality,Medium_Dice (25-75%)
20160316_143445_641_721,0.8602047340263357,0.7547010938771624,0.8154250471895027,0.9101884227573187,8067,1826,796,219711,8863,9893,0.1845749519862529,0.08981157621572831,1,3,8863.0,2133,0.2406634322464177,0.12033171612320885,3.0,0.9999937051248713,0.5625,0.4375,0.1328125,0.502275,9,7,['high_quality'],high_quality,Medium_Dice (25-75%)
20160316_143527_1281_1081,0.7910404015947078,0.6543150016246606,0.7835282402060809,0.7986980040592678,9447,2610,2381,215962,11828,12057,0.2164717591440657,0.20130199526547177,4,3,2957.0,4261,0.360246871829557,0.1801234359147785,0.75,0.9999892666699026,0.5625,0.4375,0.1875,0.502525,9,7,['boundary_margin_error'],boundary_margin_error,Medium_Dice (25-75%)
20160316_143527_1281_361,0.6352906452710377,0.46551351250699785,0.5934399101614115,0.6834920613222474,2153,1475,997,225775,3150,3628,0.4065600882028666,0.3165079365079365,4,2,787.5,1101,0.3495238095238095,0.17476190476190476,0.5,0.9999862369274,0.5625,0.4375,0.1484375,0.5022249999999999,9,7,['moderate_general_error'],moderate_general_error,Low_Dice (<25%)
20160316_143527_1281_721,0.7517323773755332,0.6022205204642139,0.6947321927669107,0.8189218605618241,17303,7603,3826,201668,21129,24906,0.30526780695414757,0.18107813905059397,7,2,3018.4285714285716,7452,0.35269061479483177,0.17634530739741588,0.2857142857142857,0.9999830403020852,0.375,0.625,0.2109375,0.502625,6,10,"['complex_topology', 'boundary_margin_error']",complex_topology,Medium_Dice (25-75%)
20160316_143527_1921_361,0.6817330606563955,0.5171434102685198,0.5413315305567208,0.9204689105614655,8009,6786,692,214913,8701,14795,0.458668469077391,0.0795310883806459,2,2,4350.5,4261,0.48971382599701185,0.24485691299850593,1.0,0.9999872265336689,0.5625,0.4375,0.1875,0.5025,9,7,['moderate_general_error'],moderate_general_error,Low_Dice (<25%)
20160316_143527_1_1,0.651234567542309,0.4828375282095149,0.6396016015593791,0.6632985285019665,5908,3329,2999,218164,8907,9237,0.36039839774818666,0.33670147075334006,2,2,4453.5,3323,0.37307735488941285,0.18653867744470642,1.0,0.9999932429247265,0.5,0.5,0.1796875,0.50215,8,8,['boundary_margin_error'],boundary_margin_error,Low_Dice (<25%)
20160316_143527_1_361,0.6054522634818612,0.4341567144869022,0.4345832643940015,0.9977443571513369,2654,3453,6,224287,2660,6107,0.5654167348943835,0.002255639097744361,2,4,1330.0,1788,0.6721804511278195,0.3360902255639098,2.0,0.9999875619947654,0.5625,0.4375,0.140625,0.5022125,9,7,['over_segmentation'],over_segmentation,Low_Dice (<25%)
20160316_143527_641_1,0.8242424238295806,0.7010309272377687,0.7601626009237227,0.900120335958735,8228,2596,913,218663,9141,10824,0.23983739837398374,0.09987966305655836,1,1,9141.0,2978,0.3257849250629034,0.1628924625314517,1.0,0.9999922497916157,0.5,0.5,0.1875,0.5024375,8,8,['boundary_margin_error'],boundary_margin_error,Medium_Dice (25-75%)
20160316_143527_641_361,0.7619527220919625,0.6154471930825252,0.7105524857952749,0.8213692675811922,12861,5239,2797,209503,15658,18100,0.2894475138121547,0.17863073189423936,8,2,1957.25,5907,0.37725124536977905,0.18862562268488953,0.25,0.9999854611769377,0.4375,0.5625,0.1796875,0.5023375,7,9,"['complex_topology', 'boundary_margin_error']",complex_topology,Medium_Dice (25-75%)
20160316_143527_641_721,0.6914777164257406,0.5284416819688794,0.7024622705282569,0.6808314077277423,4422,1873,2073,222032,6495,6295,0.29753772835583797,0.31916859122401847,3,1,2165.0,2013,0.3099307159353349,0.15496535796766744,0.3333333333333333,0.999985045110426,0.5625,0.4375,0.140625,0.5023124999999999,9,7,['boundary_margin_error'],boundary_margin_error,Low_Dice (<25%)
20160316_143547_1281_1081,0.8767318941912129,0.7805188179539195,0.8223472646775261,0.9388192078959339,3069,663,200,226468,3269,3732,0.17765273311897106,0.06118078923218109,3,2,1089.6666666666667,774,0.23676965432854083,0.11838482716427041,0.6666666666666666,0.9999784518488981,0.625,0.375,0.1640625,0.502,10,6,['high_quality'],high_quality,High_Dice (>75%)
20160316_143547_1281_361,0.3023044264670946,0.17806751173768975,0.17864182014219349,0.9822660001747192,997,4584,18,224801,1015,5581,0.8213581795377173,0.017733990147783252,1,2,1015.0,210,0.20689655172413793,0.10344827586206896,2.0,0.9999695822479535,0.5625,0.4375,0.1484375,0.5020375,9,7,"['false_crack_high_fp', 'thin_low_area_failure', 'over_segmentation']",false_crack_high_fp,Low_Dice (<25%)
20160316_143547_1281_721,0.8917828934440045,0.8047005304000378,0.8425146845362301,0.9471711578854314,21228,3968,1184,204020,22412,25196,0.15748531512938563,0.05282884169195074,1,1,22412.0,4400,0.19632339817954667,0.09816169908977333,1.0,0.9999831520014077,0.625,0.375,0.15625,0.5026875,10,6,['high_quality'],high_quality,High_Dice (>75%)
20160316_143547_1921_1081,0.8425829821025738,0.7279856517344262,0.7848422805638299,0.9094943100437176,20701,5675,2060,201964,22761,26376,0.21515771913861087,0.09050568955669785,3,4,7587.0,5059,0.2222661570229779,0.11113307851148894,1.3333333333333333,0.9999889163024399,0.5625,0.4375,0.1640625,0.50225,9,7,['boundary_margin_error'],boundary_margin_error,Medium_Dice (25-75%)
20160316_143547_1_1,0.7643632425870187,0.6185986601655854,0.8157483519153826,0.7190681514438447,12007,2712,4691,210990,16698,14719,0.18425164753040288,0.280931848125524,1,1,16698.0,4621,0.2767397293088993,0.13836986465444964,1.0,0.9999838894486089,0.5,0.5,0.1875,0.50235,8,8,['boundary_margin_error'],boundary_margin_error,Medium_Dice (25-75%)
20160316_143547_641_1,0.8513737144939632,0.7412103703676636,0.7650208163889303,0.959701485375362,1286,395,54,228665,1340,1681,0.23497917906008328,0.04029850746268657,1,1,1340.0,445,0.332089552238806,0.166044776119403,1.0,0.9999776679239774,0.625,0.375,0.15625,0.5019374999999999,10,6,['high_quality'],high_quality,Medium_Dice (25-75%)
20160316_143547_641_361,0.8881570363609765,0.7988151793073992,0.8156066589917316,0.9748747308698105,13619,3079,351,213351,13970,16698,0.18439334051982273,0.025125268432355047,2,1,6985.0,3890,0.278453829634932,0.139226914817466,0.5,0.9999858970127165,0.4375,0.5625,0.1875,0.5026125,7,9,['high_quality'],high_quality,High_Dice (>75%)
20160316_143547_641_721,0.7242757206579634,0.5677368788744176,0.7846320261403461,0.6725417377315238,725,199,353,229123,1078,924,0.21536796536796537,0.3274582560296846,2,1,539.0,561,0.5204081632653061,0.2602040816326531,0.5,0.9999760877082658,0.5625,0.4375,0.1484375,0.5023625,9,7,['boundary_margin_error'],boundary_margin_error,Medium_Dice (25-75%)
20160318_181632_1281_1081,0.8547004552482306,0.746268047660385,0.8061062645140072,0.9095292534127707,18297,4401,1820,205882,20117,22698,0.19389373513084854,0.09047074613510961,1,1,20117.0,3066,0.1524084107968385,0.07620420539841925,1.0,0.9999925595848187,0.5,0.5,0.15625,0.5025375000000001,8,8,['high_quality'],high_quality,Medium_Dice (25-75%)
20160318_181632_1281_361,0.8604417531328092,0.7550660578327497,0.8916459881658692,0.831347728743924,31262,3799,6342,188997,37604,35061,0.10835401157981803,0.16865227103499628,8,1,4700.5,5071,0.13485267524731412,0.06742633762365706,0.125,0.9999908722007724,0.5625,0.4375,0.1796875,0.5023124999999999,9,7,"['complex_topology', 'high_quality']",complex_topology,Medium_Dice (25-75%)
20160318_181632_1281_721,0.8927623931915274,0.8062970293836448,0.8548813769242573,0.9341561893483729,20359,3456,1435,205150,21794,23815,0.14511862271677514,0.06584381022299715,1,2,21794.0,2539,0.1164999541158117,0.05824997705790585,2.0,0.9999935254451098,0.5,0.5,0.15625,0.502475,8,8,['high_quality'],high_quality,High_Dice (>75%)
20160318_181632_1921_1,0.7657701704002248,0.6204437391118166,0.7667450043737858,0.7647978105786329,3915,1191,1204,224090,5119,5106,0.23325499412455933,0.23520218792732955,5,1,1023.8,1148,0.22426255127954678,0.11213127563977339,0.2,0.9999891653438253,0.625,0.375,0.15625,0.5020249999999999,10,6,"['complex_topology', 'boundary_margin_error']",complex_topology,Medium_Dice (25-75%)
20160318_181632_1921_361,0.8880914728767604,0.7987091124972799,0.9063935440072859,0.8705138901989135,21903,2262,3258,202977,25161,24165,0.0936064556176288,0.1294861094551091,1,2,25161.0,3071,0.12205397241763045,0.06102698620881523,2.0,0.9999888652853937,0.5,0.5,0.1875,0.5024625,8,8,['high_quality'],high_quality,High_Dice (>75%)
20160318_181632_1_1,0.9432500422972774,0.892595296949731,0.933581815674697,0.9531206135326032,30558,2174,1503,196165,32061,32732,0.0664181840400831,0.046879386170113224,1,1,32061.0,3190,0.0994978322572596,0.0497489161286298,1.0,0.9999873718912349,0.625,0.375,0.1640625,0.502275,10,6,['high_quality'],high_quality,High_Dice (>75%)
20160318_181632_1_361,0.8853309269530603,0.7942544997081641,0.8691609456073479,0.9021139685153632,3926,591,426,225457,4352,4517,0.1308390524684525,0.0978860294117647,2,4,2176.0,534,0.12270220588235294,0.06135110294117647,2.0,0.9999859191016347,0.625,0.375,0.1484375,0.5023,10,6,['high_quality'],high_quality,High_Dice (>75%)
20160318_181632_641_1,0.8134069061651198,0.6854977585756191,0.8674803798278972,0.7656791044029276,1990,304,609,227497,2599,2294,0.13251961639058413,0.23432089265101963,2,2,1299.5,488,0.1877645248172374,0.0938822624086187,1.0,0.9999814770286499,0.625,0.375,0.1484375,0.502125,10,6,['boundary_margin_error'],boundary_margin_error,Medium_Dice (25-75%)
20160318_181632_641_361,0.9134868766583895,0.8407508911157258,0.951524800046245,0.8783732418906947,34665,1766,4800,189169,39465,36431,0.04847519969256951,0.12162675788673508,1,1,39465.0,3248,0.08230077283669074,0.04115038641834537,1.0,0.9999911985657102,0.4375,0.5625,0.1640625,0.5020500000000001,7,9,['high_quality'],high_quality,High_Dice (>75%)
20160318_181632_641_721,0.09632808762955641,0.05060120234143136,0.05597118307568415,0.34529914234787057,404,6814,766,222416,1170,7218,0.944028816846772,0.6547008547008547,1,6,1170.0,668,0.5709401709401709,0.28547008547008546,6.0,0.9999870659234553,0.5,0.5,0.1484375,0.50255,8,8,"['missed_crack_high_fn', 'false_crack_high_fp', 'thin_low_area_failure', 'over_segmentation', 'fragmented_prediction']",missed_crack_high_fn,Low_Dice (<25%)
20160321_183947_1281_361,0.7457947443851923,0.5946353206912739,0.6350176999194795,0.9033882742518851,1973,1134,211,227082,2184,3107,0.36498229803669135,0.09661172161172162,1,2,2184.0,385,0.1762820512820513,0.08814102564102565,2.0,0.999969428592719,0.6875,0.3125,0.203125,0.501375,11,5,['boundary_margin_error'],boundary_margin_error,Medium_Dice (25-75%)
20160321_183947_1281_721,0.9276511087910273,0.8650646411777306,0.9070269281785219,0.9492350262574398,29843,3059,1596,195902,31439,32902,0.09297307154580269,0.050764973440631064,1,2,31439.0,3118,0.09917618244855116,0.04958809122427558,2.0,0.9999776235931063,0.5625,0.4375,0.1640625,0.5018125,9,7,['high_quality'],high_quality,High_Dice (>75%)
20160321_183947_1921_721,0.9022987588768581,0.8219893765936233,0.8656579548018775,0.9421784546735716,28320,4395,1738,195947,30058,32715,0.13434204493351673,0.057821545012974915,1,1,30058.0,3092,0.10286778894138,0.05143389447069,1.0,0.9999733782211822,0.5625,0.4375,0.1796875,0.5017750000000001,9,7,['high_quality'],high_quality,High_Dice (>75%)
20160321_183947_1_721,0.8952850983267381,0.8104218536119048,0.8370722986727452,0.9621996727405342,45895,8933,1803,173769,47698,54828,0.16292770117458233,0.03780032705773827,1,1,47698.0,3492,0.07321061679735,0.036605308398675,1.0,0.9999864060643971,0.5625,0.4375,0.171875,0.5012625,9,7,['high_quality'],high_quality,High_Dice (>75%)
20160321_183947_641_721,0.8995603466999387,0.8174554088470782,0.8217038840150932,0.9937148524964018,33044,7170,209,189977,33253,40214,0.17829611578057392,0.00628514720476348,1,1,33253.0,3297,0.0991489489670105,0.04957447448350525,1.0,0.9999871900922457,0.5,0.5,0.15625,0.5019,8,8,['high_quality'],high_quality,High_Dice (>75%)
20160321_185557_1281_721,0.8774383787846971,0.7816393881654073,0.8565523855568689,0.8993683880732481,23210,3887,2597,200706,25807,27097,0.14344761412702514,0.10063161157825397,3,1,8602.333333333334,3922,0.1519742705467509,0.07598713527337544,0.3333333333333333,0.9999843500407245,0.5,0.5,0.140625,0.5019750000000001,8,8,['high_quality'],high_quality,High_Dice (>75%)
20160321_185557_1921_1,0.8586134080333392,0.7522546822228824,0.7975645629310522,0.9297827735043991,9759,2477,737,217427,10496,12236,0.20243543641712977,0.0702172256097561,1,1,10496.0,2096,0.19969512195121952,0.09984756097560976,1.0,0.9999854965520083,0.5625,0.4375,0.1484375,0.5013875,9,7,['high_quality'],high_quality,Medium_Dice (25-75%)
20160321_185557_1921_1081,0.7988181103681159,0.665026768437978,0.7267552176417179,0.8867451274486349,9192,3456,1174,216578,10366,12648,0.2732447817836812,0.113254871695929,1,1,10366.0,1930,0.18618560679143353,0.09309280339571677,1.0,0.9999742397177448,0.5625,0.4375,0.171875,0.501325,9,7,['boundary_margin_error'],boundary_margin_error,Medium_Dice (25-75%)
20160321_185557_1921_361,0.6849417947108742,0.5208452309989462,0.5310043665030543,0.9645690100850671,9120,8055,335,212890,9455,17175,0.46899563318777293,0.035430988894764676,2,3,4727.5,2665,0.28186144896879956,0.14093072448439978,1.5,0.9999810559472136,0.5625,0.4375,0.1640625,0.5015125,9,7,['moderate_general_error'],moderate_general_error,Low_Dice (<25%)
20160321_185557_1921_721,0.8837874969689742,0.791773514961612,0.8899008527822992,0.8777575616413624,23157,2865,3225,201153,26382,26022,0.11009914687572055,0.12224243802592677,1,2,26382.0,3311,0.1255022363732848,0.0627511181866424,2.0,0.9999838626968731,0.5,0.5,0.140625,0.5015000000000001,8,8,['high_quality'],high_quality,High_Dice (>75%)
20160321_185557_1_361,0.312326594910389,0.18506340976191732,0.18693658044134656,0.9486356264154444,1182,5141,64,224013,1246,6323,0.8130634192630081,0.051364365971107544,1,3,1246.0,314,0.2520064205457464,0.1260032102728732,3.0,0.9999707694762453,0.75,0.25,0.1640625,0.501625,12,4,"['false_crack_high_fp', 'thin_low_area_failure', 'over_segmentation']",false_crack_high_fp,Low_Dice (<25%)
20160321_185557_1_721,0.8388994717178511,0.7225037378623925,0.7502695705196163,0.9512741983204231,17395,5790,891,206324,18286,23185,0.2497304291567824,0.04872580115935689,1,1,18286.0,3861,0.21114513835721316,0.10557256917860658,1.0,0.9999852299336567,0.5625,0.4375,0.1640625,0.5018750000000001,9,7,['boundary_margin_error'],boundary_margin_error,Medium_Dice (25-75%)
20160321_185557_641_721,0.8975293458026764,0.8141072439303532,0.862267473960447,0.9357982091869647,20071,3206,1377,205746,21448,23277,0.13773252566911542,0.0642017903767251,1,1,21448.0,3301,0.1539071242073853,0.07695356210369265,1.0,0.9999812645878171,0.5625,0.4375,0.1484375,0.5022249999999999,9,7,['high_quality'],high_quality,High_Dice (>75%)
20160324_170347_1281_1,0.8766748300845161,0.7804283688849194,0.8628757786969998,0.8909223998668779,6085,967,745,222603,6830,7052,0.1371242200794101,0.10907759882869693,2,1,3415.0,2141,0.31346998535871157,0.15673499267935578,0.5,0.9999747572643976,0.625,0.375,0.1875,0.5014875,10,6,['high_quality'],high_quality,High_Dice (>75%)
20160324_170347_1281_1081,0.8229458695831027,0.699157199585737,0.8529280273388049,0.7949999988958334,5724,987,1476,222213,7200,6711,0.1470719713902548,0.205,1,1,7200.0,2631,0.36541666666666667,0.18270833333333333,1.0,0.9999812886092612,0.5,0.5,0.1796875,0.501025,8,8,['boundary_margin_error'],boundary_margin_error,Medium_Dice (25-75%)
20160324_170347_1281_361,0.8025085514238834,0.6701580644923272,0.7129254449828551,0.9178403743898795,7038,2834,630,219898,7668,9872,0.2870745542949757,0.08215962441314555,5,1,1533.6,2600,0.33907146583202924,0.16953573291601462,0.2,0.9999859969069853,0.5625,0.4375,0.1953125,0.5015499999999999,9,7,"['complex_topology', 'boundary_margin_error']",complex_topology,Medium_Dice (25-75%)
20160324_170347_1281_721,0.7354018307551364,0.5815300453853028,0.7666772714320954,0.7065780464210947,7229,2200,3002,217969,10231,9429,0.23332272775479904,0.2934219528882807,1,2,10231.0,4382,0.4283061284331932,0.2141530642165966,2.0,0.9999804173370909,0.5,0.5,0.2109375,0.5016625,8,8,['boundary_margin_error'],boundary_margin_error,Medium_Dice (25-75%)
20160324_170347_641_1,0.7120053645714214,0.5528014985361352,0.5696501382922299,0.9492131582646167,2654,2005,142,225599,2796,4659,0.4303498604850826,0.05078683834048641,1,1,2796.0,2183,0.780758226037196,0.390379113018598,1.0,0.9999836590273763,0.5625,0.4375,0.15625,0.5017874999999999,9,7,['moderate_general_error'],moderate_general_error,Medium_Dice (25-75%)
20160324_170347_641_361,0.7330927044708466,0.5786474725166479,0.6005290995945703,0.9407606022897109,3859,2567,243,223731,4102,6426,0.3994708994708995,0.05923939541686982,3,1,1367.3333333333333,2940,0.7167235494880546,0.3583617747440273,0.3333333333333333,0.9999806568075932,0.5,0.5,0.1640625,0.5017375,8,8,['boundary_margin_error'],boundary_margin_error,Medium_Dice (25-75%)
20160324_170347_641_721,0.7979515816294979,0.6638264893781913,0.7084596288000561,0.9133214887626234,2571,1058,244,226527,2815,3629,0.29154036924772664,0.0866785079928952,1,1,2815.0,1498,0.5321492007104796,0.2660746003552398,1.0,0.9999815269297789,0.5625,0.4375,0.1640625,0.5011125,9,7,['boundary_margin_error'],boundary_margin_error,Medium_Dice (25-75%)
20160326_141808_1281_1,0.03550483430733106,0.01807326122628165,0.06191265858533633,0.024888888833580248,112,1697,4388,224203,4500,1809,0.9380873410724156,0.9751111111111112,4,9,1125.0,1265,0.2811111111111111,0.14055555555555554,2.25,0.9999644765005153,0.6875,0.3125,0.1640625,0.5024375,11,5,"['missed_crack_high_fn', 'false_crack_high_fp', 'thin_low_area_failure']",missed_crack_high_fn,Low_Dice (<25%)
20160326_141808_641_1,0.6703910593718464,0.5042016783183861,0.5051449929600327,0.9963099539085798,1080,1058,4,228258,1084,2138,0.49485500467726845,0.0036900369003690036,1,4,1084.0,178,0.16420664206642066,0.08210332103321033,4.0,0.9999650676494531,0.5625,0.4375,0.171875,0.5025999999999999,9,7,['fragmented_prediction'],fragmented_prediction,Low_Dice (<25%)
20160326_141808_641_361,0.7475970092317566,0.5969300734208316,0.7042253514379369,0.7966616076342277,7350,3087,1876,218087,9226,10437,0.29577464788732394,0.20333839150227617,1,1,9226.0,1956,0.21200953826143507,0.10600476913071753,1.0,0.9999686820178225,0.5625,0.4375,0.171875,0.5027375,9,7,['boundary_margin_error'],boundary_margin_error,Medium_Dice (25-75%)
20160326_141808_641_721,0.32698272006315604,0.19544491499543842,0.7113252977767455,0.2122824676941141,1476,599,5477,222848,6953,2075,0.2886746987951807,0.7877175320005753,4,10,1738.25,1926,0.27700273263339564,0.13850136631669782,2.5,0.9999684545847057,0.5,0.5,0.15625,0.50275,8,8,"['missed_crack_high_fn', 'thin_low_area_failure']",missed_crack_high_fn,Low_Dice (<25%)
20160326_142521_1281_1,0.4018478449202691,0.2514452980230916,0.9068355742759684,0.2581129805753358,3436,353,9876,216735,13312,3789,0.09316442333069412,0.7418870192307693,1,3,13312.0,1582,0.11884014423076923,0.059420072115384616,3.0,0.9999630513433424,0.5625,0.4375,0.1640625,0.5018374999999999,9,7,['missed_crack_high_fn'],missed_crack_high_fn,Low_Dice (<25%)
20160326_142521_1281_1081,0.37175685624211113,0.2283177777639022,0.47535544798409735,0.3052343265208937,1003,1107,2283,226007,3286,2110,0.5246445497630332,0.694765672550213,2,1,1643.0,933,0.2839318320146074,0.1419659160073037,0.5,0.9999571520394326,0.4375,0.5625,0.171875,0.50125,7,9,"['missed_crack_high_fn', 'thin_low_area_failure']",missed_crack_high_fn,Low_Dice (<25%)
20160326_142521_1281_361,0.2544843046949885,0.14579319187990453,0.9412577682013976,0.14713190002470358,1362,85,7895,221058,9257,1447,0.05874222529371113,0.8528680998163551,1,6,9257.0,1801,0.19455547153505456,0.09727773576752728,6.0,0.9999618809021416,0.5,0.5,0.1484375,0.501625,8,8,"['missed_crack_high_fn', 'fragmented_prediction']",missed_crack_high_fn,Low_Dice (<25%)
20160326_142521_1281_721,0.6909333774748521,0.5278061220001649,0.9053383884111167,0.5586355858530865,6207,649,4904,218640,11111,6856,0.09466161026837806,0.4413644136441364,1,2,11111.0,1846,0.16614166141661416,0.08307083070830708,2.0,0.9999648534689621,0.5625,0.4375,0.140625,0.5019,9,7,['moderate_general_error'],moderate_general_error,Low_Dice (<25%)
20160326_142521_641_1,0.0,0.0,0.0,0.0,0,337,1355,228708,1355,337,1.0,1.0,1,7,1355.0,291,0.21476014760147602,0.10738007380073801,7.0,0.9999786478708297,0.5,0.5,0.15625,0.5019125,8,8,"['missed_crack_high_fn', 'thin_low_area_failure', 'fragmented_prediction']",missed_crack_high_fn,Low_Dice (<25%)
20160326_142521_641_1081,0.0,0.0,0.0,0.0,0,1404,2487,226509,2487,1404,1.0,1.0,2,4,1243.5,797,0.32046642541214315,0.16023321270607158,2.0,0.9999740741090981,0.5,0.5,0.15625,0.5017875,8,8,"['missed_crack_high_fn', 'false_crack_high_fp', 'thin_low_area_failure']",missed_crack_high_fn,Low_Dice (<25%)
20160326_142745_1281_1081,0.7906033856539431,0.6537172142502126,0.8548220710293396,0.7353593595045268,3315,563,1193,225329,4508,3878,0.14517792676637442,0.26464063886424133,2,1,2254.0,1217,0.2699645075421473,0.13498225377107365,0.5,0.9999711583964996,0.5625,0.4375,0.140625,0.5015875000000001,9,7,['boundary_margin_error'],boundary_margin_error,Medium_Dice (25-75%)
20160326_142745_1281_361,0.09812479785149952,0.05159371011339251,0.9999999835255358,0.05159371011339251,607,0,11158,218635,11765,607,0.0,0.9484062898427539,1,3,11765.0,1303,0.11075223119422015,0.05537611559711007,3.0,0.9999763048664905,0.5625,0.4375,0.1328125,0.5016375,9,7,['missed_crack_high_fn'],missed_crack_high_fn,Low_Dice (<25%)
20160326_142745_1281_721,0.7505128202722715,0.6006566793552962,0.9049312096885677,0.6411126926727014,11708,1230,6554,210908,18262,12938,0.09506878961199568,0.35888730697623483,1,2,18262.0,3193,0.17484393823239514,0.08742196911619757,2.0,0.9999823904875688,0.375,0.625,0.1640625,0.501925,6,10,['boundary_margin_error'],boundary_margin_error,Medium_Dice (25-75%)
20160326_142745_1921_1081,0.6387443629563437,0.469231748669599,0.6996580533821086,0.5875877463503706,3683,1581,2585,222551,6268,5264,0.3003419452887538,0.4124122527121889,2,2,3134.0,2013,0.3211550733886407,0.16057753669432034,1.0,0.9999770231194147,0.625,0.375,0.140625,0.501775,10,6,['moderate_general_error'],moderate_general_error,Low_Dice (<25%)
20160326_142745_1_1,0.5587711484600306,0.3877046645735529,0.9223871807696793,0.4007792039338448,6275,528,9382,214215,15657,6803,0.07761281787446715,0.5992207958101807,1,1,15657.0,3472,0.2217538481190522,0.1108769240595261,1.0,0.9999854047952921,0.625,0.375,0.15625,0.5014375,10,6,['moderate_general_error'],moderate_general_error,Low_Dice (<25%)
20160326_142745_641_361,0.7540758252676226,0.6052341230393071,0.8732806922610286,0.6635057329026534,13714,1990,6955,207741,20669,15704,0.12671930718288335,0.3364942667763317,1,3,20669.0,4010,0.19401035366974698,0.09700517683487349,3.0,0.9999836309567902,0.5,0.5,0.15625,0.5014375,8,8,['boundary_margin_error'],boundary_margin_error,Medium_Dice (25-75%)
20160328_151020_1281_361,0.660094786521297,0.492642897334162,0.5148602688575779,0.9194613142157722,10446,9843,915,209196,11361,20289,0.48513973088865886,0.08053868497491418,6,1,1893.5,3906,0.3438077634011091,0.17190388170055454,0.16666666666666666,0.9999712079829066,0.5,0.5,0.140625,0.5020875,8,8,['complex_topology'],complex_topology,Low_Dice (<25%)
20160328_151020_1921_361,0.5383407939833902,0.36830801035386684,0.37839163109742086,0.9325276929178976,9260,15212,670,205258,9930,24472,0.6216083687479569,0.06747230614300101,1,1,9930.0,4010,0.4038267875125881,0.20191339375629405,1.0,0.9999898652543858,0.5625,0.4375,0.15625,0.502375,9,7,['over_segmentation'],over_segmentation,Low_Dice (<25%)
20160328_151020_1_1,0.6705970835648889,0.5044347919464048,0.5217259992745192,0.9383487228827073,13820,12669,908,203003,14728,26489,0.47827400052852126,0.061651276480173815,1,2,14728.0,4702,0.3192558392178164,0.1596279196089082,2.0,0.9999877815197193,0.625,0.375,0.171875,0.501475,10,6,['moderate_general_error'],moderate_general_error,Low_Dice (<25%)
20160328_151020_1_361,0.40374672131603845,0.25293399657033705,0.25429488365650854,0.9792802581632851,2694,7900,57,219749,2751,10594,0.7457051161034548,0.020719738276990186,1,2,2751.0,1264,0.45946928389676484,0.22973464194838242,2.0,0.9999922831028931,0.5625,0.4375,0.15625,0.5019625,9,7,"['false_crack_high_fp', 'thin_low_area_failure', 'over_segmentation']",false_crack_high_fp,Low_Dice (<25%)
20160328_151020_641_361,0.6013496622837542,0.4299499639528592,0.45530239917091636,0.8853400045844274,6015,7196,779,216410,6794,13211,0.5446976004844448,0.11465999411245216,5,2,1358.8,2741,0.4034442154842508,0.2017221077421254,0.4,0.9999889766922263,0.5625,0.4375,0.1796875,0.5021500000000001,9,7,['complex_topology'],complex_topology,Low_Dice (<25%)
20160328_151020_641_721,0.7200337348560868,0.5625411813295952,0.6277188893893029,0.8441825965357758,10245,6076,1891,212188,12136,16321,0.37228111022608906,0.15581740276862227,1,5,12136.0,3877,0.3194627554383652,0.1597313777191826,5.0,0.9999855261345203,0.4375,0.5625,0.1875,0.5023125,7,9,['boundary_margin_error'],boundary_margin_error,Medium_Dice (25-75%)
20160328_151057_1281_1,0.815121997477942,0.6879374887059458,0.7622655108905745,0.8758549204645494,4226,1318,599,224257,4825,5544,0.23773448773448774,0.12414507772020725,3,1,1608.3333333333333,1961,0.40642487046632125,0.20321243523316063,0.3333333333333333,0.9999893592105269,0.5,0.5,0.15625,0.5020625000000001,8,8,['boundary_margin_error'],boundary_margin_error,Medium_Dice (25-75%)
20160328_151057_1281_1081,0.45718654384317764,0.296333002553684,0.3593749993829413,0.6281512586189938,2093,3731,1239,223337,3332,5824,0.640625,0.37184873949579833,4,6,833.0,2058,0.6176470588235294,0.3088235294117647,1.5,0.9999887032971815,0.5625,0.4375,0.1484375,0.5016625,9,7,['thin_low_area_failure'],thin_low_area_failure,Low_Dice (<25%)
20160328_151057_1281_361,0.8151346253119283,0.687955478086716,0.7544318501098055,0.8864606438680884,5192,1690,665,222853,5857,6882,0.24556814879395525,0.11353935461840532,2,1,2928.5,2153,0.3675943315690627,0.18379716578453134,0.5,0.9999804898147335,0.5,0.5,0.171875,0.5018374999999999,8,8,['boundary_margin_error'],boundary_margin_error,Medium_Dice (25-75%)
20160328_151057_1281_721,0.8170326012166477,0.6906636666884837,0.8237087622271426,0.8104637902379169,13508,2891,3159,210842,16667,16399,0.17629123727056528,0.1895362092758145,2,3,8333.5,5496,0.32975340493190136,0.16487670246595068,1.5,0.9999856855988123,0.4375,0.5625,0.140625,0.502,7,9,['boundary_margin_error'],boundary_margin_error,Medium_Dice (25-75%)
20160328_151057_1921_721,0.8433890784240095,0.7291899658658013,0.8836398829780834,0.8066454570460893,9128,1202,2188,217882,11316,10330,0.11636011616650532,0.1933545422410746,1,1,11316.0,3174,0.2804878048780488,0.1402439024390244,1.0,0.9999826669386587,0.4375,0.5625,0.203125,0.50185,7,9,['boundary_margin_error'],boundary_margin_error,Medium_Dice (25-75%)
20160328_151057_641_1081,0.7379787718154326,0.5847593965412324,0.6331960712176179,0.8843176268871542,3998,2316,523,223563,4521,6314,0.3668039277795375,0.11568237115682371,2,2,2260.5,2225,0.49214775492147755,0.24607387746073878,1.0,0.9999891340090997,0.4375,0.5625,0.1796875,0.5014875,7,9,['boundary_margin_error'],boundary_margin_error,Medium_Dice (25-75%)
20160328_151057_641_721,0.7912605035367559,0.6546162393567627,0.747776364758932,0.840114202640767,4708,1588,896,223208,5604,6296,0.25222363405336723,0.15988579586009993,2,1,2802.0,1913,0.3413633119200571,0.17068165596002854,0.5,0.9999827229112708,0.5625,0.4375,0.15625,0.5013875,9,7,['boundary_margin_error'],boundary_margin_error,Medium_Dice (25-75%)
20160328_151244_1281_1081,0.8813802713911726,0.7879176889605748,0.8130600791657991,0.9622354401428342,20868,4798,819,203915,21687,25666,0.18693992051741604,0.03776455941347351,1,4,21687.0,1886,0.08696454096924425,0.043482270484622124,4.0,0.999977799502792,0.4375,0.5625,0.171875,0.5014375,7,9,['high_quality'],high_quality,High_Dice (>75%)
20160328_151244_1281_361,0.8778498305644907,0.7822926507297039,0.8586245409052878,0.8979557776812868,21524,3544,2446,202886,23970,25068,0.14137545875219404,0.10204422194409679,1,3,23970.0,3379,0.14096787651230705,0.07048393825615352,3.0,0.999978771298629,0.625,0.375,0.203125,0.5018625,10,6,['high_quality'],high_quality,High_Dice (>75%)
20160328_151244_1281_721,0.8511741383641382,0.7409078841175418,0.8397232010573963,0.8629416959224951,39074,7458,6206,177662,45280,46532,0.16027679876214218,0.1370583038869258,6,3,7546.666666666667,6598,0.1457155477031802,0.0728577738515901,0.5,0.9999771644721056,0.625,0.375,0.1953125,0.501625,10,6,"['complex_topology', 'high_quality']",complex_topology,Medium_Dice (25-75%)
20160328_151244_1921_1081,0.7290985515108995,0.5736861440969176,0.7163836611344904,0.74227294223764,4683,1854,1626,222237,6309,6537,0.2836163377696191,0.2577270565858298,3,3,2103.0,1675,0.26549373910286894,0.13274686955143447,1.0,0.9999767431337647,0.625,0.375,0.1875,0.5012875,10,6,['boundary_margin_error'],boundary_margin_error,Medium_Dice (25-75%)
20160328_151244_1921_361,0.8735526916868004,0.7754936118538055,0.9190640051895856,0.8323360755321815,26708,2352,5380,195960,32088,29060,0.08093599449415004,0.16766392420842682,2,1,16044.0,3054,0.09517576664173523,0.047587883320867615,0.5,0.9999793564278521,0.625,0.375,0.1953125,0.5016875,10,6,['high_quality'],high_quality,High_Dice (>75%)
20160328_151244_1921_721,0.8909996472925115,0.8034259368062823,0.8540526836532134,0.9312878628679685,40430,6909,2983,180078,43413,47339,0.14594731616637444,0.06871213691751318,4,2,10853.25,5681,0.1308594199894041,0.06542970999470205,0.5,0.9999775051994391,0.625,0.375,0.1875,0.5014375,10,6,['high_quality'],high_quality,High_Dice (>75%)
20160328_151244_1_1,0.8586161972825836,0.7522589642838657,0.8882192187742974,0.830922780307854,23727,2986,4828,198859,28555,26713,0.11178078089319807,0.16907721940115567,1,1,28555.0,4036,0.1413412712309578,0.0706706356154789,1.0,0.9999689820293975,0.6875,0.3125,0.1875,0.5017875,11,5,['high_quality'],high_quality,Medium_Dice (25-75%)
20160328_151244_1_1081,0.8423063795003027,0.7275727917864284,0.8468715685416143,0.8377901441050766,6172,1116,1195,221917,7367,7288,0.1531284302963776,0.16220985475770328,1,1,7367.0,1519,0.20618976516899687,0.10309488258449843,1.0,0.9999839791319596,0.5625,0.4375,0.171875,0.50195,9,7,['boundary_margin_error'],boundary_margin_error,Medium_Dice (25-75%)
20160328_151244_1_721,0.8899289387674763,0.8016864594050213,0.8624964373218883,0.9191637978744869,18159,2895,1597,207749,19756,21054,0.13750356226845256,0.08083620166025511,1,1,19756.0,2941,0.14886616724033205,0.07443308362016603,1.0,0.9999802355522357,0.6875,0.3125,0.1796875,0.501725,11,5,['high_quality'],high_quality,High_Dice (>75%)
20160328_151244_641_1,0.8944203669319006,0.8090058284176153,0.8872332759128327,0.9017248474622662,19709,2505,2148,206038,21857,22214,0.11276672368776447,0.09827515212517729,1,2,21857.0,3341,0.15285720821704718,0.07642860410852359,2.0,0.9999762025403803,0.75,0.25,0.2109375,0.502075,12,4,['high_quality'],high_quality,High_Dice (>75%)
20160328_151244_641_361,0.9030536783623658,0.8232432713883343,0.8878371438171654,0.9188008964246425,15570,1967,1376,211487,16946,17537,0.11216285567656954,0.08119910303316417,1,1,16946.0,2183,0.12882096069868995,0.06441048034934498,1.0,0.9999786085257748,0.625,0.375,0.171875,0.5018,10,6,['high_quality'],high_quality,High_Dice (>75%)
20160328_151244_641_721,0.8891469252106611,0.8004181159414606,0.8882423410941407,0.890053353488938,46710,5877,5770,172043,52480,52587,0.11175765873695019,0.10994664634146341,1,1,52480.0,5253,0.1000952743902439,0.05004763719512195,1.0,0.9999706190266013,0.625,0.375,0.1875,0.50185,10,6,['high_quality'],high_quality,High_Dice (>75%)
20160328_151752_1281_361,0.7686584787527578,0.6242447489094444,0.7931517694552174,0.7456326245800833,13018,3395,4441,209546,17459,16413,0.20684823006153658,0.25436737499284034,2,1,8729.5,2428,0.13906867518185462,0.06953433759092731,0.5,0.9999855093042246,0.5,0.5,0.1953125,0.50215,8,8,['boundary_margin_error'],boundary_margin_error,Medium_Dice (25-75%)
20160328_151752_1281_721,0.8193800155957736,0.6940251955918358,0.8617004787645959,0.7810218967138941,5564,893,1560,222383,7124,6457,0.13829951990088277,0.21897810218978103,1,2,7124.0,1432,0.20101066816395283,0.10050533408197641,2.0,0.9999882912261773,0.5625,0.4375,0.171875,0.5020249999999999,9,7,['boundary_margin_error'],boundary_margin_error,Medium_Dice (25-75%)
20160328_151752_1921_721,0.8002755737492998,0.6670494958998779,0.885071031369478,0.7303074548834642,18005,2338,6649,203408,24654,20343,0.11492896819544807,0.26969254482031313,4,1,6163.5,4532,0.18382412590249048,0.09191206295124524,0.25,0.9999793095992604,0.6875,0.3125,0.1796875,0.5017375,11,5,['boundary_margin_error'],boundary_margin_error,Medium_Dice (25-75%)
20160328_151752_1_361,0.7469929734586778,0.5961602430280092,0.6396267778312208,0.8976744179623082,12545,7068,1430,209357,13975,19613,0.36037322184265536,0.10232558139534884,1,1,13975.0,2708,0.19377459749552772,0.09688729874776386,1.0,0.9999848138565988,0.625,0.375,0.21875,0.5018625,10,6,['boundary_margin_error'],boundary_margin_error,Medium_Dice (25-75%)
20160328_151752_1_721,0.44638041807429907,0.28731642112866107,0.28731642112866107,0.9999999907063198,1076,2669,0,226655,1076,3745,0.7126835781041388,0.0,5,2,215.2,573,0.5325278810408922,0.2662639405204461,0.4,0.9999732330103343,0.75,0.25,0.203125,0.5013375,12,4,"['false_crack_high_fp', 'thin_low_area_failure', 'over_segmentation', 'complex_topology']",false_crack_high_fp,Low_Dice (<25%)
20160328_151752_641_361,0.7976706264156369,0.663437693481309,0.778272726918967,0.818060200278041,17122,4878,3808,204592,20930,22000,0.22172727272727272,0.18193979933110369,5,1,4186.0,3827,0.18284758719541327,0.09142379359770664,0.2,0.9999848287390056,0.5625,0.4375,0.171875,0.502025,9,7,"['complex_topology', 'boundary_margin_error']",complex_topology,Medium_Dice (25-75%)
20160328_152022_1281_721,0.9046059268664163,0.8258269321091162,0.8547038631656241,0.9606963858610207,29136,4953,1192,195119,30328,34089,0.14529613658364868,0.039303613822210495,1,1,30328.0,3008,0.09918227380638354,0.04959113690319177,1.0,0.9999851641286902,0.5625,0.4375,0.1640625,0.50235,9,7,['high_quality'],high_quality,High_Dice (>75%)
20160328_152022_1921_1,0.8183071968032348,0.6924872476074287,0.7429737494267937,0.9106411995104124,8010,2771,786,218833,8796,10781,0.25702624988405526,0.08935879945429741,1,2,8796.0,850,0.09663483401546158,0.04831741700773079,2.0,0.9999790214747952,0.75,0.25,0.1875,0.501925,12,4,['boundary_margin_error'],boundary_margin_error,Medium_Dice (25-75%)
20160328_152022_1921_361,0.7847822736847795,0.6457956106881309,0.7174525262643013,0.8660579860783556,17833,7023,2758,202786,20591,24856,0.28254747344705505,0.13394201350104415,3,2,6863.666666666667,3230,0.15686464960419602,0.07843232480209801,0.6666666666666666,0.9999773279941748,0.625,0.375,0.171875,0.5019250000000001,10,6,['boundary_margin_error'],boundary_margin_error,Medium_Dice (25-75%)
20160328_152022_1921_721,0.8632418065264651,0.7593891220512785,0.7891497969318625,0.9526881711117418,9746,2604,484,217566,10230,12350,0.21085020242914979,0.047311827956989246,1,2,10230.0,1710,0.16715542521994134,0.08357771260997067,2.0,0.9999800232562681,0.625,0.375,0.1796875,0.501825,10,6,['high_quality'],high_quality,Medium_Dice (25-75%)
20160328_152022_1_1081,0.7061965280123651,0.5458298291064675,0.5852459011596345,0.8901633201718447,7140,5060,881,217319,8021,12200,0.41475409836065574,0.10983667871836429,1,2,8021.0,2299,0.28662261563396085,0.14331130781698043,2.0,0.9999839124152867,0.6875,0.3125,0.171875,0.5020249999999999,11,5,['moderate_general_error'],moderate_general_error,Low_Dice (<25%)
20160328_152022_1_361,0.6812743250954674,0.5166156525653353,0.5352208368398169,0.936954794064414,2363,2052,159,225826,2522,4415,0.46477916194790486,0.06304520222045995,2,3,1261.0,818,0.32434575733544807,0.16217287866772404,1.5,0.99998840552491,0.625,0.375,0.1484375,0.5017375,10,6,['moderate_general_error'],moderate_general_error,Low_Dice (<25%)
20160328_152022_1_721,0.7463763603444004,0.5953751482777142,0.6926451902867508,0.8091448599822703,5999,2662,1415,220324,7414,8661,0.3073548089135204,0.19085513892635556,2,3,3707.0,1733,0.23374696520097113,0.11687348260048556,1.5,0.99996978992462,0.6875,0.3125,0.1875,0.5016499999999999,11,5,['boundary_margin_error'],boundary_margin_error,Medium_Dice (25-75%)
20160328_152022_641_361,0.8367415164549112,0.7193083293963173,0.8003944138149481,0.876546812469912,15017,3745,2115,209523,17132,18762,0.19960558575844792,0.12345318701844502,1,1,17132.0,2760,0.16110203128648143,0.08055101564324071,1.0,0.999987219387037,0.5,0.5,0.1875,0.5019,8,8,['boundary_margin_error'],boundary_margin_error,Medium_Dice (25-75%)
20160328_152022_641_721,0.8042934206094506,0.6726511624778366,0.7163661577588835,0.9168251547376537,14462,5726,1312,208900,15774,20188,0.28363384188626906,0.08317484468112084,3,2,5258.0,2652,0.1681247622670217,0.08406238113351085,0.6666666666666666,0.9999867430576411,0.5625,0.4375,0.21875,0.5022125,9,7,['boundary_margin_error'],boundary_margin_error,Medium_Dice (25-75%)
20160328_152305_1281_361,0.8931703891670065,0.8069628607919263,0.8449029255794552,0.9472868211179617,15275,2804,850,211471,16125,18079,0.15509707395320538,0.05271317829457364,2,2,8062.5,1636,0.10145736434108527,0.05072868217054263,1.0,0.9999888420179016,0.5625,0.4375,0.171875,0.5023500000000001,9,7,['high_quality'],high_quality,High_Dice (>75%)
20160328_152305_1281_721,0.8090052220070675,0.6792684879529071,0.7015518856234871,0.9553282688160275,12703,5404,594,211699,13297,18107,0.298448113989065,0.04467173046551854,2,3,6648.5,1594,0.11987666390915244,0.05993833195457622,1.5,0.9999853701209995,0.5,0.5,0.140625,0.502575,8,8,['boundary_margin_error'],boundary_margin_error,Medium_Dice (25-75%)
20160328_152305_1921_361,0.8151772122602354,0.6880161494997188,0.7940777765000094,0.8374285199975748,18745,4861,3639,203155,22384,23606,0.20592222316360248,0.16257147962830593,3,2,7461.333333333333,2186,0.0976590421729807,0.04882952108649035,0.6666666666666666,0.9999826375538718,0.6875,0.3125,0.1875,0.5020125,11,5,['boundary_margin_error'],boundary_margin_error,Medium_Dice (25-75%)
20160328_152305_1921_721,0.9209209828415869,0.853432388359,0.9033221573280572,0.9392191653319691,14819,1586,959,213036,15778,16405,0.09667784212130448,0.06078083407275954,1,3,15778.0,1312,0.08315375839776905,0.041576879198884524,3.0,0.9999831068352102,0.625,0.375,0.1640625,0.5021500000000001,10,6,['high_quality'],high_quality,High_Dice (>75%)
20160328_152305_1_361,0.7787688354690288,0.637691583778182,0.6864613731094995,0.8997579819659942,11525,5264,1284,212327,12809,16789,0.3135386264816249,0.10024201733156374,1,1,12809.0,3367,0.26286205012100866,0.13143102506050433,1.0,0.9999889449840638,0.5625,0.4375,0.1953125,0.5027,9,7,['boundary_margin_error'],boundary_margin_error,Medium_Dice (25-75%)
20160328_152305_641_361,0.762606921454992,0.616301266491409,0.6632221111409226,0.8970278682352212,10654,5410,1223,213113,11877,16064,0.33677788844621515,0.10297213100951419,2,2,5938.5,2578,0.2170581796750021,0.10852908983750105,1.0,0.9999905552483329,0.5,0.5,0.15625,0.5024375,8,8,['boundary_margin_error'],boundary_margin_error,Medium_Dice (25-75%)
20160328_152305_641_721,0.796002545361208,0.6611330798867965,0.7358696122648409,0.8668377818958738,16886,6061,2594,204859,19480,22947,0.26413038741447686,0.13316221765913758,2,3,9740.0,2953,0.15159137577002055,0.07579568788501027,1.5,0.9999837730667076,0.5625,0.4375,0.1640625,0.5028125,9,7,['boundary_margin_error'],boundary_margin_error,Medium_Dice (25-75%)
20160328_152511_1281_361,0.7216107378675916,0.5644687101516432,0.6208999347492378,0.8613176097650377,6720,4103,1082,218495,7802,10823,0.3791000646770766,0.13868238913099204,3,2,2600.6666666666665,2301,0.2949243783645219,0.14746218918226095,0.6666666666666666,0.9999934435802318,0.375,0.625,0.1875,0.5019625000000001,6,10,['boundary_margin_error'],boundary_margin_error,Medium_Dice (25-75%)
20160328_152511_1281_721,0.8229542351342837,0.6991692759101603,0.7166387483017327,0.9663090514468116,5134,2030,179,223057,5313,7164,0.2833612506979341,0.03369094673442499,1,3,5313.0,1252,0.23564840956145303,0.11782420478072651,3.0,0.9999942046026442,0.625,0.375,0.1640625,0.5021625,10,6,['boundary_margin_error'],boundary_margin_error,Medium_Dice (25-75%)
20160328_152511_1921_361,0.7418978216748268,0.5896959996225946,0.6567355661748143,0.8524377825400705,9214,4816,1595,214775,10809,14030,0.34326443335709195,0.14756221667129243,2,2,5404.5,1974,0.1826255897862892,0.0913127948931446,1.0,0.9999924693424412,0.625,0.375,0.1640625,0.501825,10,6,['boundary_margin_error'],boundary_margin_error,Medium_Dice (25-75%)
20160328_152511_1921_721,0.5345731187366246,0.36479003188187586,0.7904999980237499,0.40383141710877213,3162,838,4668,221732,7830,4000,0.2095,0.5961685823754789,1,1,7830.0,1447,0.18480204342273307,0.09240102171136653,1.0,0.9999930264859437,0.625,0.375,0.15625,0.5018125,10,6,['thin_low_area_failure'],thin_low_area_failure,Low_Dice (<25%)
20160328_152511_1_361,0.6643596010290165,0.49740903430358846,0.5567393767767372,0.8235568396684166,8831,7031,1892,212646,10723,15862,0.44326062287227336,0.17644315956355497,1,2,10723.0,3459,0.3225776368553576,0.1612888184276788,2.0,0.9999966593611882,0.5,0.5,0.1953125,0.5019374999999999,8,8,['moderate_general_error'],moderate_general_error,Low_Dice (<25%)
20160328_152511_641_361,0.7866067273952545,0.6482702229811078,0.6571014189075409,0.9796895505601285,12686,6620,263,210831,12949,19306,0.3428985807520978,0.02031044868329601,1,1,12949.0,2798,0.21607846165727082,0.10803923082863541,1.0,0.999986799323654,0.375,0.625,0.1640625,0.5021125000000001,6,10,['boundary_margin_error'],boundary_margin_error,Medium_Dice (25-75%)
20160328_152511_641_721,0.6637242524932235,0.496697072989314,0.5298657700340075,0.8880764854438893,1579,1401,199,227221,1778,2980,0.47013422818791945,0.11192350956130484,1,2,1778.0,514,0.2890888638920135,0.14454443194600675,2.0,0.9999907417985829,0.625,0.375,0.1640625,0.5018374999999999,10,6,['moderate_general_error'],moderate_general_error,Low_Dice (<25%)
20160328_152747_1281_361,0.7932159687414028,0.6572973690363885,0.7589423367569054,0.8307315831316078,9845,3127,2006,215422,11851,12972,0.2410576626580327,0.16926841616741203,2,2,5925.5,3166,0.26715045143869715,0.13357522571934857,1.0,0.999992539477975,0.5625,0.4375,0.1875,0.5021374999999999,9,7,['boundary_margin_error'],boundary_margin_error,Medium_Dice (25-75%)
20160328_152747_1281_721,0.6854150490973332,0.5213927396831137,0.5254237272511931,0.9854991579169038,1767,1596,26,227011,1793,3363,0.4745762711864407,0.014500836586726157,1,1,1793.0,390,0.21751254880089235,0.10875627440044618,1.0,0.9999932280850756,0.6875,0.3125,0.1796875,0.5021,11,5,['moderate_general_error'],moderate_general_error,Low_Dice (<25%)
20160328_152747_1921_361,0.799650247508117,0.6661810408575267,0.8274322933666493,0.7736732272439946,13718,2861,4013,209808,17731,16579,0.17256770613426625,0.2263267723196661,1,1,17731.0,3321,0.18729908070610796,0.09364954035305398,1.0,0.9999831723579911,0.5,0.5,0.171875,0.5017625,8,8,['boundary_margin_error'],boundary_margin_error,Medium_Dice (25-75%)
20160328_152747_1_361,0.7671509278582926,0.6222585920639878,0.674448307191905,0.8893983335927779,9505,4588,1182,215125,10687,14093,0.3255516923295253,0.11060166557499766,1,1,10687.0,2884,0.26986057827266774,0.13493028913633387,1.0,0.9999930298347369,0.625,0.375,0.1953125,0.5018625,10,6,['boundary_margin_error'],boundary_margin_error,Medium_Dice (25-75%)
20160328_152747_641_361,0.7519412044250068,0.6024886063789807,0.6527600551163606,0.8866616421351458,11766,6259,1504,210871,13270,18025,0.3472399445214979,0.11333835719668425,1,1,13270.0,3624,0.27309721175584023,0.13654860587792012,1.0,0.9999855572219604,0.625,0.375,0.171875,0.5019875,10,6,['boundary_margin_error'],boundary_margin_error,Medium_Dice (25-75%)
20160328_153548_1281_1081,0.6773440084172705,0.512108978243648,0.5853517843982019,0.803642115568946,1015,719,248,228418,1263,1734,0.4146482122260669,0.19635787806809185,1,2,1263.0,218,0.1726049089469517,0.08630245447347586,2.0,0.9999648173402862,0.625,0.375,0.1484375,0.5015124999999999,10,6,['moderate_general_error'],moderate_general_error,Low_Dice (<25%)
20160328_153548_1281_361,0.8860659508417916,0.7954384296910442,0.9516471073778494,0.8289408856786442,6731,342,1389,221938,8120,7073,0.04835289127668599,0.17105911330049262,1,2,8120.0,1052,0.12955665024630542,0.06477832512315271,2.0,0.9999823995353693,0.6875,0.3125,0.1875,0.502275,11,5,['high_quality'],high_quality,High_Dice (>75%)
20160328_153548_1281_721,0.8270491657742183,0.70510130658641,0.8261633008512157,0.8279369322066809,23525,4950,4889,197036,28414,28475,0.17383669885864794,0.17206306750193567,3,3,9471.333333333334,4591,0.161575279791652,0.080787639895826,1.0,0.9999811562426235,0.5,0.5,0.1875,0.5025000000000001,8,8,['boundary_margin_error'],boundary_margin_error,Medium_Dice (25-75%)
20160328_153548_1921_361,0.9062697671046438,0.8286044765403794,0.9118682134692114,0.9007396443041866,12178,1177,1342,215703,13520,13355,0.08813178584799701,0.0992603550295858,1,1,13520.0,1494,0.11050295857988165,0.05525147928994083,1.0,0.9999868227464439,0.6875,0.3125,0.2265625,0.5019625,11,5,['high_quality'],high_quality,High_Dice (>75%)
20160328_153548_1921_721,0.9034639251706088,0.823925401005323,0.8822618534374936,0.9257101232978262,16523,2205,1326,210346,17849,18728,0.11773814609141392,0.07428987618353969,2,1,8924.5,2779,0.15569499691859487,0.07784749845929743,0.5,0.9999832814573133,0.625,0.375,0.1875,0.5022249999999999,10,6,['high_quality'],high_quality,High_Dice (>75%)
20160328_153548_1_1,0.7946274478390666,0.6592380475351768,0.8292873918928283,0.7627484871013404,15885,3270,4941,206304,20826,19155,0.1707126076742365,0.23725151253241142,1,1,20826.0,3686,0.1769903005858062,0.0884951502929031,1.0,0.9999805433463081,0.6875,0.3125,0.171875,0.5022875,11,5,['boundary_margin_error'],boundary_margin_error,Medium_Dice (25-75%)
20160328_153548_1_1081,0.7551171082242704,0.60657682197492,0.741157605618071,0.7696125517868676,24035,8394,7195,190776,31230,32429,0.25884239415338123,0.2303874479666987,1,1,31230.0,4278,0.13698366954851104,0.06849183477425552,1.0,0.9999816516054376,0.5,0.5,0.15625,0.5019125,8,8,['boundary_margin_error'],boundary_margin_error,Medium_Dice (25-75%)
20160328_153548_641_1,0.8105541853277146,0.6814553259418862,0.7693240887879998,0.8564537895881656,4439,1331,744,223886,5183,5770,0.23067590987868283,0.14354620875940574,1,3,5183.0,1078,0.20798765193903146,0.10399382596951573,3.0,0.9999801479341341,0.5625,0.4375,0.1796875,0.501675,9,7,['boundary_margin_error'],boundary_margin_error,Medium_Dice (25-75%)
20160328_153548_641_1081,0.722765991026198,0.5658837659724603,0.6716322513905446,0.7823273389174623,13661,6679,3801,206259,17462,20340,0.3283677482792527,0.21767266063452068,1,1,17462.0,3550,0.2032985912266636,0.1016492956133318,1.0,0.9999906937224452,0.4375,0.5625,0.171875,0.501875,7,9,['boundary_margin_error'],boundary_margin_error,Medium_Dice (25-75%)
20160328_153548_641_361,0.6641872670719848,0.4972158527162181,0.5796843169810536,0.7775311579690436,4554,3302,1303,221241,5857,7856,0.4203156822810591,0.22246884070343179,10,3,585.7,2268,0.38722895680382446,0.19361447840191223,0.3,0.9999904708768448,0.5625,0.4375,0.171875,0.50205,9,7,['complex_topology'],complex_topology,Low_Dice (<25%)
20160328_153548_641_721,0.7998378999345872,0.666441558095355,0.7975753802937051,0.8021132919831729,12829,3256,3165,211150,15994,16085,0.20242461921044452,0.19788670751531826,2,1,7997.0,3223,0.2015130674002751,0.10075653370013755,0.5,0.9999892234215899,0.5625,0.4375,0.2109375,0.502275,9,7,['boundary_margin_error'],boundary_margin_error,Medium_Dice (25-75%)
20160328_153604_1281_1,0.6834561281423602,0.5191290186008048,0.5569260991628359,0.8843820404153544,5102,4059,667,220572,5769,9161,0.4430739002292326,0.1156179580516554,1,4,5769.0,1772,0.3071589530247877,0.15357947651239384,4.0,0.9999611873378049,0.5625,0.4375,0.1875,0.5020249999999999,9,7,['fragmented_prediction'],fragmented_prediction,Low_Dice (<25%)
20160328_153604_1281_361,0.7829855169395068,0.6433658167900272,0.7564173180806338,0.8114880033025127,13732,4422,3190,209056,16922,18154,0.24358268150269913,0.18851199621794115,1,1,16922.0,3158,0.18662096678879564,0.09331048339439782,1.0,0.999972762087618,0.5,0.5,0.15625,0.50195,8,8,['boundary_margin_error'],boundary_margin_error,Medium_Dice (25-75%)
20160328_153604_1281_721,0.6881671732263158,0.5245845043524267,0.5542991138330906,0.9072842025696997,10637,8553,1087,210123,11724,19190,0.4457008858780615,0.09271579665643125,1,1,11724.0,2934,0.2502558853633572,0.1251279426816786,1.0,0.9999759609040471,0.5625,0.4375,0.1796875,0.5019250000000001,9,7,['moderate_general_error'],moderate_general_error,Low_Dice (<25%)
20160328_153604_1921_361,0.7343184556942406,0.580176316070898,0.6777066513514426,0.8012504106603732,9740,4632,2416,213612,12156,14372,0.32229334817701083,0.198749588680487,2,2,6078.0,3155,0.25954261270154655,0.12977130635077327,1.0,0.9999733210290871,0.6875,0.3125,0.1640625,0.5015875,11,5,['boundary_margin_error'],boundary_margin_error,Medium_Dice (25-75%)
20160328_153604_1921_721,0.7363745084843779,0.5827474306498462,0.70499713690603,0.7706750104866562,8620,3607,2565,215608,11185,12227,0.29500286251737956,0.2293249888243183,1,2,11185.0,2448,0.218864550737595,0.1094322753687975,2.0,0.9999743109130725,0.5,0.5,0.15625,0.501375,8,8,['boundary_margin_error'],boundary_margin_error,Medium_Dice (25-75%)
20160328_153604_1_1,0.8217579079328594,0.6974440256935183,0.7608617330060798,0.8932498723623331,10560,3319,1262,215259,11822,13879,0.23913826644570935,0.10675012688208425,1,1,11822.0,2152,0.18203349687024192,0.09101674843512096,1.0,0.9999835601986071,0.625,0.375,0.1875,0.5019374999999999,10,6,['boundary_margin_error'],boundary_margin_error,Medium_Dice (25-75%)
20160328_153604_1_361,0.7871427529680959,0.6489986805078555,0.7111695133303748,0.8812896915149897,10824,4396,1458,213722,12282,15220,0.2888304862023653,0.11871030776746458,1,2,12282.0,2675,0.21779840416870216,0.10889920208435108,2.0,0.9999834976043098,0.75,0.25,0.1640625,0.50215,12,4,['boundary_margin_error'],boundary_margin_error,Medium_Dice (25-75%)
20160328_153604_641_1,0.7744688493129996,0.631945462078914,0.6733578062381022,0.9113107812776842,8621,4182,839,216758,9460,12803,0.32664219323596033,0.0886892177589852,1,2,9460.0,1886,0.19936575052854122,0.09968287526427061,2.0,0.9999817073179262,0.625,0.375,0.171875,0.5023375,10,6,['boundary_margin_error'],boundary_margin_error,Medium_Dice (25-75%)
20160328_153604_641_1081,0.8506281989424982,0.7400809713269991,0.8548713947233716,0.8464269172987463,16452,2793,2985,208170,19437,19245,0.145128604832424,0.15357308226578176,1,1,19437.0,2413,0.1241446725317693,0.06207233626588465,1.0,0.9999839320896406,0.5,0.5,0.1875,0.5024375000000001,8,8,['high_quality'],high_quality,Medium_Dice (25-75%)
20160328_153604_641_361,0.7710048537716203,0.627345727229054,0.6829952008918159,0.8850511015361094,14375,6672,1867,207486,16242,21047,0.31700479878367466,0.1149488979189755,3,1,5414.0,4470,0.27521241226449944,0.13760620613224972,0.3333333333333333,0.9999806192754791,0.5625,0.4375,0.1953125,0.5023124999999999,9,7,['boundary_margin_error'],boundary_margin_error,Medium_Dice (25-75%)
20160328_153604_641_721,0.7866459624886193,0.6483235215519204,0.7245837858432498,0.860335574444443,12665,4814,2056,210865,14721,17479,0.27541621374220493,0.13966442497112969,2,2,7360.5,3390,0.23028326879967392,0.11514163439983696,1.0,0.999980286848663,0.5625,0.4375,0.203125,0.5023249999999999,9,7,['boundary_margin_error'],boundary_margin_error,Medium_Dice (25-75%)
20160328_153620_1281_1081,0.8736713697967043,0.7756806906693048,0.8947180553364809,0.8535920978767718,2507,295,430,227168,2937,2802,0.1052819414703783,0.146407899216888,1,1,2937.0,555,0.18896833503575078,0.09448416751787539,1.0,0.9999768393579429,0.5625,0.4375,0.1484375,0.50145,9,7,['high_quality'],high_quality,High_Dice (>75%)
20160328_153620_1281_361,0.7944233379203405,0.6589571305651637,0.82138391468578,0.7691763872461168,34816,7571,10448,177565,45264,42387,0.17861608512043786,0.23082361258395193,2,1,22632.0,7174,0.1584924001413927,0.07924620007069635,0.5,0.9999793093680651,0.5625,0.4375,0.1640625,0.5024249999999999,9,7,['boundary_margin_error'],boundary_margin_error,Medium_Dice (25-75%)
20160328_153620_1281_721,0.8448144431605186,0.7313235853397272,0.7541095151831431,0.9603228891502154,21057,6866,870,201607,21927,27923,0.24589048454678938,0.039677110411821044,12,2,1827.25,5996,0.2734528207233092,0.1367264103616546,0.16666666666666666,0.9999880768117917,0.5625,0.4375,0.1796875,0.502625,9,7,"['complex_topology', 'boundary_margin_error']",complex_topology,Medium_Dice (25-75%)
20160328_153620_1921_1081,0.8838421440413988,0.7918612401668936,0.8556496658356013,0.9139557257806009,9496,1602,894,218408,10390,11098,0.14435033339340422,0.08604427333974976,1,2,10390.0,1998,0.1923002887391723,0.09615014436958615,2.0,0.9999817129806067,0.6875,0.3125,0.1640625,0.5013375,11,5,['high_quality'],high_quality,High_Dice (>75%)
20160328_153620_1921_361,0.8951614174922785,0.8102191864629442,0.8506450642512315,0.9445943691672183,28352,4978,1663,195407,30015,33330,0.14935493549354936,0.055405630518074296,2,1,15007.5,4710,0.15692153923038482,0.07846076961519241,0.5,0.9999710361984462,0.5625,0.4375,0.1640625,0.501775,9,7,['high_quality'],high_quality,High_Dice (>75%)
20160328_153620_1_361,0.912452253489312,0.8389997187864568,0.876610985269468,0.9513492844326157,29860,4203,1527,194810,31387,34063,0.12338901447318204,0.04865071526428139,2,1,15693.5,3918,0.1248287507566827,0.06241437537834135,0.5,0.9999881515094096,0.5625,0.4375,0.1640625,0.50235,9,7,['high_quality'],high_quality,High_Dice (>75%)
20160328_153620_1_721,0.948742286862251,0.9024830686192881,0.9168322872392107,0.9829536125504776,5997,544,104,223755,6101,6541,0.0831677113591194,0.01704638583838715,1,4,6101.0,709,0.11621045730208163,0.05810522865104081,4.0,0.9999878865783275,0.625,0.375,0.1796875,0.501875,10,6,['high_quality'],high_quality,High_Dice (>75%)
20160328_153620_641_361,0.8602996249311489,0.7548471894458898,0.7768883869482657,0.9637762224282851,6891,1979,259,221271,7150,8870,0.22311161217587372,0.036223776223776226,4,2,1787.5,1854,0.2593006993006993,0.12965034965034966,0.5,0.9999877305274218,0.6875,0.3125,0.171875,0.5021625,11,5,['high_quality'],high_quality,Medium_Dice (25-75%)
20160328_153620_641_721,0.8743527230083664,0.776755508479647,0.8381296351904106,0.9138482919357603,43395,8381,4091,174533,47486,51776,0.16187036464771323,0.0861517078717938,3,1,15828.666666666666,8363,0.17611506549298742,0.08805753274649371,0.3333333333333333,0.9999842216448206,0.5,0.5,0.1484375,0.5026375,8,8,['high_quality'],high_quality,High_Dice (>75%)
20160328_153629_1281_361,0.9628615244506674,0.9283828024417632,0.931630272491382,0.996259350491658,8789,645,33,220933,8822,9434,0.06836972652109391,0.003740648379052369,1,1,8822.0,698,0.07912038086601678,0.03956019043300839,1.0,0.9999816685725285,0.5,0.5,0.1953125,0.501975,8,8,['high_quality'],high_quality,High_Dice (>75%)
20160328_153629_1281_721,0.9088097003817516,0.8328608682644061,0.890410958544304,0.9279848385226427,22035,2712,1710,203943,23745,24747,0.1095890410958904,0.07201516108654453,1,1,23745.0,3705,0.1560328490208465,0.07801642451042325,1.0,0.9999847310617658,0.625,0.375,0.2109375,0.5024249999999999,10,6,['high_quality'],high_quality,High_Dice (>75%)
20160328_153629_1921_361,0.9211171917781472,0.8537694592578363,0.9072209656122112,0.9354457466587518,29286,2995,2021,196098,31307,32281,0.0927790341067501,0.06455425304245058,1,1,31307.0,3988,0.1273836522183537,0.06369182610917686,1.0,0.999971914638811,0.5625,0.4375,0.1875,0.5016375,9,7,['high_quality'],high_quality,High_Dice (>75%)
20160328_153629_1_361,0.9168867830954834,0.8465290320396054,0.8681946905041434,0.9713651166800813,32803,4980,967,191650,33770,37783,0.13180530926607203,0.02863488303227717,3,1,11256.666666666666,4891,0.14483269173822919,0.07241634586911459,0.3333333333333333,0.9999835131861041,0.6875,0.3125,0.203125,0.5019125,11,5,['high_quality'],high_quality,High_Dice (>75%)
20160328_153629_641_361,0.8521356146019472,0.7423661065208904,0.7980579180217772,0.9140748022499264,9287,2350,873,217890,10160,11637,0.20194208129242933,0.0859251968503937,2,1,5080.0,1951,0.19202755905511812,0.09601377952755906,0.5,0.9999855070600243,0.5,0.5,0.1796875,0.5020875,8,8,['high_quality'],high_quality,Medium_Dice (25-75%)
20160328_153629_641_721,0.9387938792314574,0.8846480065075085,0.9025093738094063,0.9781181615858713,28161,3042,630,198567,28791,31203,0.09749062590135564,0.02188183807439825,6,1,4798.5,3676,0.12767878851029835,0.06383939425514917,0.16666666666666666,0.9999829461415177,0.5,0.5,0.1875,0.5024375,8,8,"['complex_topology', 'high_quality']",complex_topology,High_Dice (>75%)
20160328_153829_1281_361,0.8742983214351525,0.7766696435504937,0.797950704560459,0.9668015191109597,31306,7927,1075,190092,32381,39233,0.20204929523615323,0.03319848059046972,7,1,4625.857142857143,7820,0.24149964485346345,0.12074982242673173,0.14285714285714285,0.9999733295672472,0.4375,0.5625,0.1640625,0.5021749999999999,7,9,"['complex_topology', 'high_quality']",complex_topology,High_Dice (>75%)
20160328_153829_1281_721,0.7973583584783243,0.6630057790693531,0.7209302310477054,0.8919129059307597,3441,1332,417,225210,3858,4773,0.27906976744186046,0.10808709175738725,3,1,1286.0,1468,0.3805080352514256,0.1902540176257128,0.3333333333333333,0.9999705644680921,0.625,0.375,0.1484375,0.5014125,10,6,['boundary_margin_error'],boundary_margin_error,Medium_Dice (25-75%)
20160328_153829_1921_1,0.8201485586287224,0.6951286660933415,0.7186337758183553,0.9550612795909309,18936,7414,891,203159,19827,26350,0.2813662239089184,0.044938719927371765,14,1,1416.2142857142858,6747,0.3402935391133303,0.17014676955666516,0.07142857142857142,0.9999812492131556,0.625,0.375,0.171875,0.5023124999999999,10,6,"['complex_topology', 'boundary_margin_error']",complex_topology,Medium_Dice (25-75%)
20160328_153829_1921_361,0.8165000565132713,0.689902911281742,0.7079099408091055,0.9644408225720933,3553,1466,131,225250,3684,5019,0.29209005778043434,0.035559174809989144,2,2,1842.0,976,0.26492942453854507,0.13246471226927253,1.0,0.9999613174955413,0.75,0.25,0.1875,0.5009874999999999,12,4,['boundary_margin_error'],boundary_margin_error,Medium_Dice (25-75%)
20160328_153829_1_1,0.8305563186454107,0.7102148926773124,0.7275910360961174,0.9674678455639482,16624,6224,559,206993,17183,22848,0.27240896358543415,0.03253215387301402,4,1,4295.75,5674,0.33021009136937673,0.16510504568468837,0.25,0.9999810797338684,0.5625,0.4375,0.203125,0.50215,9,7,['boundary_margin_error'],boundary_margin_error,Medium_Dice (25-75%)
20160328_153829_1_721,0.8702491897215618,0.770301894722324,0.8650459909789147,0.8755153599208467,6583,1027,936,221854,7519,7610,0.13495400788436268,0.1244846389147493,1,1,7519.0,1642,0.2183801037371991,0.10919005186859955,1.0,0.9999805333358798,0.625,0.375,0.171875,0.5020875,10,6,['high_quality'],high_quality,Medium_Dice (25-75%)
20160328_153829_641_1,0.8605834954883551,0.7552843864212783,0.8305541514622682,0.8928657647918483,14793,3018,1775,210814,16568,17811,0.16944584807141655,0.1071342346692419,5,2,3313.6,3613,0.21807098020280058,0.10903549010140029,0.4,0.9999834678043825,0.625,0.375,0.1875,0.5021,10,6,"['complex_topology', 'high_quality']",complex_topology,Medium_Dice (25-75%)
20160328_153829_641_1081,0.7015250540416818,0.540268455872233,0.5531062118970262,0.9588089314163625,5796,4683,249,219672,6045,10479,0.4468937875751503,0.04119106699751861,2,2,3022.5,1958,0.323904052936311,0.1619520264681555,1.0,0.9999867181377766,0.5625,0.4375,0.1796875,0.5017375,9,7,['moderate_general_error'],moderate_general_error,Low_Dice (<25%)
20160328_153829_641_361,0.841923785243491,0.7270020526416817,0.737604165898329,0.9806121022287605,7081,2519,140,220660,7221,9600,0.26239583333333333,0.019387896413239163,2,1,3610.5,2066,0.2861099570696579,0.14305497853482896,0.5,0.9999751135781588,0.625,0.375,0.140625,0.5018750000000001,10,6,['boundary_margin_error'],boundary_margin_error,Medium_Dice (25-75%)
20160328_153829_641_721,0.8063623775823611,0.6755504036050104,0.6779069747735262,0.9948805418307143,2332,1108,12,226948,2344,3440,0.32209302325581396,0.005119453924914676,2,1,1172.0,1120,0.4778156996587031,0.23890784982935154,0.5,0.9999592180892533,0.5,0.5,0.15625,0.5015375,8,8,['boundary_margin_error'],boundary_margin_error,Medium_Dice (25-75%)
20160329_103807_1081_1,0.2138255263558671,0.11971144449266632,0.15643312062055256,0.3377337715196162,614,3311,1204,225271,1818,3925,0.8435668789808917,0.6622662266226622,1,8,1818.0,702,0.38613861386138615,0.19306930693069307,8.0,0.9999922558281525,0.625,0.375,0.1640625,0.502375,10,6,"['missed_crack_high_fn', 'false_crack_high_fp', 'thin_low_area_failure', 'over_segmentation', 'fragmented_prediction']",missed_crack_high_fn,Low_Dice (<25%)
20160329_103807_361_1,0.7847154013412105,0.6457050490125827,0.8571574533272927,0.723563912056424,16778,2796,6410,204416,23188,19574,0.14284254623480128,0.27643608763153354,2,1,11594.0,1985,0.08560462308090391,0.04280231154045196,0.5,0.9999953631012924,0.5625,0.4375,0.1640625,0.50265,9,7,['boundary_margin_error'],boundary_margin_error,Medium_Dice (25-75%)
20160329_103807_361_1281,0.7212497055151503,0.5640270102973537,0.750285807365577,0.6943772670210467,22970,7645,10110,189675,33080,30615,0.24971419238935164,0.3056227327690447,4,1,8270.0,5043,0.1524486094316808,0.0762243047158404,0.25,0.9999903090337764,0.625,0.375,0.1484375,0.5029125000000001,10,6,['boundary_margin_error'],boundary_margin_error,Medium_Dice (25-75%)
20160329_103807_361_1921,0.6811207232936165,0.51643902161733,0.8479744699725315,0.569133745666012,19132,3430,14484,193354,33616,22562,0.15202552965162663,0.4308662541646835,6,4,5602.666666666667,5092,0.15147548786292242,0.07573774393146121,0.6666666666666666,0.9999967299507752,0.5,0.5,0.1640625,0.5029625,8,8,['complex_topology'],complex_topology,Low_Dice (<25%)
20160329_103807_361_641,0.8111234389165596,0.6822604343190778,0.9256465514747718,0.7218184108394986,34360,2760,13242,180038,47602,37120,0.07435344827586207,0.2781815890088652,3,1,15867.333333333334,4507,0.09468089576068232,0.04734044788034116,0.3333333333333333,0.9999892939151876,0.375,0.625,0.1640625,0.5026125,6,10,['boundary_margin_error'],boundary_margin_error,Medium_Dice (25-75%)
20160329_103807_721_1,0.6777538827532248,0.5125777069131929,0.6865469329106129,0.6691832205590604,14182,6475,7011,202732,21193,20657,0.3134530667570315,0.33081677912518287,1,3,21193.0,3008,0.14193365733968763,0.07096682866984381,3.0,0.9999952575801696,0.5625,0.4375,0.1640625,0.502475,9,7,['boundary_margin_error'],boundary_margin_error,Low_Dice (<25%)
20160329_103807_721_1281,0.7036864192634475,0.5428365711200986,0.6860782498358586,0.7222222187633035,1508,690,580,227622,2088,2198,0.31392174704276615,0.2777777777777778,2,2,1044.0,664,0.31800766283524906,0.15900383141762453,1.0,0.9999902711203356,0.5625,0.4375,0.1484375,0.5025,9,7,['boundary_margin_error'],boundary_margin_error,Low_Dice (<25%)
20160330_165956_1281_721,0.6544904133932945,0.4864256783512632,0.5108695648150051,0.9104435697495178,6486,6210,638,217066,7124,12696,0.4891304347826087,0.08955642897248736,5,1,1424.8,3495,0.49059517125210556,0.24529758562605278,0.2,0.9999748095297456,0.5,0.5,0.1875,0.501525,8,8,['complex_topology'],complex_topology,Low_Dice (<25%)
20160330_165956_1921_721,0.7135708324117891,0.5546911173893757,0.5739888819494069,0.9428526433519323,5989,4445,363,219603,6352,10434,0.4260111175004792,0.05714735516372796,2,1,3176.0,3591,0.5653337531486146,0.2826668765743073,0.5,0.9999812851102854,0.625,0.375,0.1953125,0.5015499999999999,10,6,['moderate_general_error'],moderate_general_error,Medium_Dice (25-75%)
20160330_165956_1_1081,0.8320887322468214,0.7124588615773777,0.8074381918079303,0.8582917978496921,7577,1807,1251,219765,8828,9384,0.1925618073316283,0.1417082011780698,1,1,8828.0,3489,0.3952197553239692,0.1976098776619846,1.0,0.9999713014891998,0.625,0.375,0.1796875,0.5011625,10,6,['boundary_margin_error'],boundary_margin_error,Medium_Dice (25-75%)
20160330_165956_1_721,0.6730882637618189,0.5072592587582625,0.5180552748456171,0.9605386179903898,5136,4778,211,220275,5347,9914,0.48194472463183374,0.03946138021320367,5,3,1069.4,4121,0.7707125490929493,0.38535627454647464,0.6,0.9999536724143014,0.5625,0.4375,0.171875,0.5009125,9,7,['complex_topology'],complex_topology,Low_Dice (<25%)
20160330_165956_641_721,0.7902849605565941,0.6532819174672798,0.6738434927160887,0.955375749717573,7793,3772,364,218471,8157,11565,0.3261565067012538,0.04462424911119284,2,1,4078.5,4056,0.49724163295329166,0.24862081647664583,0.5,0.9999760656892648,0.4375,0.5625,0.203125,0.5013375,7,9,['boundary_margin_error'],boundary_margin_error,Medium_Dice (25-75%)
20160330_170359_1281_721,0.8338024242951368,0.7149752680553955,0.9345639677240867,0.7526538208098169,29921,2095,9833,188551,39754,32016,0.06543603198400799,0.24734617900085526,1,1,39754.0,3228,0.08119937616340495,0.04059968808170247,1.0,0.9999857246934833,0.4375,0.5625,0.15625,0.5029,7,9,['boundary_margin_error'],boundary_margin_error,Medium_Dice (25-75%)
20160330_170359_1921_361,0.8721820387328593,0.7733358296164518,0.8530854630244846,0.8921531560770356,16520,2845,1997,209038,18517,19365,0.1469145365349858,0.10784684344116217,1,1,18517.0,1564,0.08446292595992871,0.04223146297996436,1.0,0.9999910593660044,0.5,0.5,0.140625,0.50325,8,8,['high_quality'],high_quality,Medium_Dice (25-75%)
20160330_170359_1921_721,0.8933456103278132,0.8072489646857501,0.9461040809884388,0.8461603910460922,19889,1133,3616,205762,23505,21022,0.053895918561506995,0.15383960859391618,2,2,11752.5,1744,0.07419697936609232,0.03709848968304616,1.0,0.9999919914273369,0.5,0.5,0.15625,0.5031749999999999,8,8,['high_quality'],high_quality,High_Dice (>75%)
20160330_170359_1_721,0.854356948784339,0.7457444514482643,0.835161004682639,0.8744560790335879,31149,6148,4472,188631,35621,37297,0.16483899509343916,0.12554392072092305,1,1,35621.0,3446,0.09674068667359143,0.04837034333679571,1.0,0.9999886863012316,0.4375,0.5625,0.1640625,0.502775,7,9,['high_quality'],high_quality,Medium_Dice (25-75%)
20160330_170359_641_721,0.8701765347804754,0.7701880528843505,0.8562907388831968,0.8845201038923585,27850,4674,3636,194240,31486,32524,0.14370926085352356,0.11547989582671664,1,1,31486.0,3540,0.11243092167947659,0.056215460839738295,1.0,0.9999816110695516,0.5,0.5,0.171875,0.5030625,8,8,['high_quality'],high_quality,Medium_Dice (25-75%)
20160330_172309_1281_361,0.864822796417132,0.7618394676069619,0.799269668253547,0.9420894731419206,7223,1814,444,220919,7667,9037,0.20073033086201172,0.05791052562932046,1,1,7667.0,2848,0.37146211034302856,0.18573105517151428,1.0,0.9999810586398683,0.5625,0.4375,0.15625,0.5021375,9,7,['high_quality'],high_quality,Medium_Dice (25-75%)
20160330_172309_1281_721,0.8591044057362126,0.7530087854275457,0.7794145123701606,0.9569456655232877,25027,7083,1126,197164,26153,32110,0.22058548738710682,0.043054334110809465,4,2,6538.25,4491,0.1717202615378733,0.08586013076893664,0.5,0.9999691595949689,0.625,0.375,0.1640625,0.5022875,10,6,['high_quality'],high_quality,Medium_Dice (25-75%)
20160330_172309_1921_361,0.8950062078995166,0.8099649195297276,0.8219033312075736,0.982382661226976,14777,3202,265,212156,15042,17979,0.17809666833528004,0.01761733811993086,1,1,15042.0,1696,0.1127509639675575,0.05637548198377875,1.0,0.999983260589165,0.75,0.25,0.2109375,0.5019875,12,4,['high_quality'],high_quality,High_Dice (>75%)
20160330_172309_1921_721,0.8688263679872609,0.7680751596386897,0.8266816468044152,0.9154990527911826,16923,3548,1562,208367,18485,20471,0.1733183527917542,0.08450094671355153,1,1,18485.0,2827,0.15293481200973763,0.07646740600486882,1.0,0.9999843058228459,0.5625,0.4375,0.1484375,0.5020875,9,7,['high_quality'],high_quality,Medium_Dice (25-75%)
20160330_172309_1_721,0.893031673977238,0.8067364286617134,0.8944887595076718,0.8915793273315198,17269,2037,2100,208994,19369,19306,0.10551124002900653,0.10842067220816769,1,1,19369.0,3466,0.17894573803500438,0.08947286901750219,1.0,0.9999793428900424,0.625,0.375,0.1484375,0.50235,10,6,['high_quality'],high_quality,High_Dice (>75%)
20160330_172309_641_361,0.7657841124933115,0.6204620441568909,0.6223104911542188,0.9952355691093935,1880,1141,9,227370,1889,3021,0.3776895067858325,0.004764425622022234,1,1,1889.0,624,0.33033350979354154,0.16516675489677077,1.0,0.9999691468378067,0.625,0.375,0.15625,0.502,10,6,['boundary_margin_error'],boundary_margin_error,Medium_Dice (25-75%)
20160330_172309_641_721,0.8629046409701966,0.7588674372098811,0.8516675587025895,0.8744422166221166,27043,4710,3883,194764,30926,31753,0.1483324410291941,0.1255577830951303,3,2,10308.666666666666,6929,0.2240509603569812,0.1120254801784906,0.6666666666666666,0.9999888960300503,0.5,0.5,0.1328125,0.5024625,8,8,['high_quality'],high_quality,Medium_Dice (25-75%)
20160402_150314_1281_1081,0.7914847147170948,0.6549232139267593,0.6655446736060444,0.9762118448105392,2175,1093,53,227079,2228,3268,0.33445532435740516,0.02378815080789946,1,1,2228.0,838,0.3761220825852783,0.18806104129263915,1.0,0.9999876246653439,0.5,0.5,0.140625,0.5011625,8,8,['boundary_margin_error'],boundary_margin_error,Medium_Dice (25-75%)
20160402_150314_1281_361,0.8456502872106236,0.7325772058860656,0.7460339538741526,0.9759694138431287,5361,1825,132,223082,5493,7186,0.25396604508767046,0.02403058438012015,1,1,5493.0,1826,0.3324230839249954,0.1662115419624977,1.0,0.999982625737599,0.5625,0.4375,0.1875,0.5015125,9,7,['boundary_margin_error'],boundary_margin_error,Medium_Dice (25-75%)
20160402_150314_1281_721,0.8539439803175689,0.7451153919632955,0.8207724028340665,0.8899097480364991,10945,2390,1354,215711,12299,13335,0.1792275965504312,0.11009025123993821,3,2,4099.666666666667,3719,0.30238230750467515,0.15119115375233758,0.6666666666666666,0.9999879657189346,0.4375,0.5625,0.1875,0.5017,7,9,['high_quality'],high_quality,Medium_Dice (25-75%)
20160402_150314_1921_1,0.8462077008885845,0.7334142388888234,0.7890155794333575,0.9123389684859713,9065,2424,871,218040,9936,11489,0.21098441987988512,0.0876610305958132,2,1,4968.0,2878,0.2896537842190016,0.1448268921095008,0.5,0.9999818288815261,0.5625,0.4375,0.1875,0.5012875,9,7,['boundary_margin_error'],boundary_margin_error,Medium_Dice (25-75%)
20160402_150314_1921_361,0.815032294751861,0.6878097108825328,0.6938265416300261,0.9875489114637178,2776,1225,35,226364,2811,4001,0.30617345663584106,0.012451085023123443,1,1,2811.0,1008,0.35859124866595515,0.17929562433297758,1.0,0.9999759579597118,0.5625,0.4375,0.15625,0.5011375,9,7,['boundary_margin_error'],boundary_margin_error,Medium_Dice (25-75%)
20160402_150314_1_361,0.9000747817365891,0.8183054327617376,0.8940869619683427,0.9061433444066976,27081,3208,2805,197306,29886,30289,0.10591303773647198,0.09385665529010238,1,1,29886.0,5157,0.172555711704477,0.0862778558522385,1.0,0.9999844529711753,0.5625,0.4375,0.1640625,0.5024249999999999,9,7,['high_quality'],high_quality,High_Dice (>75%)
20160402_150314_1_721,0.7900566080285225,0.6529698936916437,0.7231032611974201,0.8706737540732628,8025,3073,1192,218110,9217,11098,0.27689673815101823,0.1293262449820983,2,4,4608.5,3065,0.3325377020722578,0.1662688510361289,2.0,0.9999808501511016,0.625,0.375,0.1640625,0.5013500000000001,10,6,['boundary_margin_error'],boundary_margin_error,Medium_Dice (25-75%)
20160402_150314_641_361,0.8726959935655592,0.7741443200630649,0.8920989814192953,0.8541190609090571,7102,859,1213,221226,8315,7961,0.10790101746011807,0.14588093806374022,1,2,8315.0,1802,0.21671677690920024,0.10835838845460012,2.0,0.9999824039034386,0.5,0.5,0.15625,0.50135,8,8,['high_quality'],high_quality,Medium_Dice (25-75%)
20160402_150314_641_721,0.8422160025323614,0.7274379369333981,0.8513242372185698,0.8333006006389486,21215,3705,4244,201236,25459,24920,0.14867576243980737,0.16669939903374054,1,1,25459.0,7162,0.28131505557955927,0.14065752778977963,1.0,0.9999801293496129,0.4375,0.5625,0.1875,0.5020875,7,9,['boundary_margin_error'],boundary_margin_error,Medium_Dice (25-75%)
20160402_151049_1281_721,0.9371580980136137,0.8817474134790158,0.9028553446857925,0.9741703677895802,34434,3705,913,191348,35347,38139,0.09714465507747974,0.025829631934817666,2,1,17673.5,3596,0.10173423487141765,0.05086711743570883,0.5,0.999969430526032,0.625,0.375,0.171875,0.5022875,10,6,['high_quality'],high_quality,High_Dice (>75%)
20160402_151049_1921_1081,0.931307545451022,0.8714457947998363,0.9069378360919444,0.9570230602686621,17347,1780,779,210494,18126,19127,0.09306216343388926,0.0429769392033543,1,1,18126.0,1926,0.10625620655412116,0.05312810327706058,1.0,0.9999842367342677,0.6875,0.3125,0.21875,0.5022125,11,5,['high_quality'],high_quality,High_Dice (>75%)
20160402_151049_1921_721,0.925093384407512,0.8606267474664309,0.9004345764380042,0.9511408049490315,20927,2314,1075,206084,22002,23241,0.0995654231745622,0.04885919461867103,1,1,22002.0,2377,0.10803563312426143,0.05401781656213071,1.0,0.9999828092924558,0.625,0.375,0.2109375,0.5020875,10,6,['high_quality'],high_quality,High_Dice (>75%)
20160402_151049_1_361,0.9023978768074309,0.822153909635896,0.8458476952326329,0.9670512712411428,23803,4338,811,201448,24614,28141,0.15415230446679223,0.032948728365970584,2,1,12307.0,4093,0.16628747867067523,0.08314373933533761,0.5,0.9999572165907075,0.6875,0.3125,0.203125,0.50205,11,5,['high_quality'],high_quality,High_Dice (>75%)
20160402_151049_1_721,0.8440806043213902,0.7302244494529421,0.755785104986339,0.9557355536160314,16755,5414,776,207455,17531,22169,0.2442148946727412,0.04426444583879984,1,1,17531.0,4794,0.2734584450402145,0.13672922252010725,1.0,0.9999837164370473,0.5,0.5,0.1875,0.5023500000000001,8,8,['boundary_margin_error'],boundary_margin_error,Medium_Dice (25-75%)
20160402_151049_641_361,0.8034321357187362,0.6714471946823755,0.6751884605860752,0.9918151131833648,2060,991,17,227332,2077,3051,0.3248115372009177,0.008184882041405874,1,1,2077.0,517,0.24891670678863745,0.12445835339431872,1.0,0.9999694583194545,0.5625,0.4375,0.1796875,0.5015624999999999,9,7,['boundary_margin_error'],boundary_margin_error,Medium_Dice (25-75%)
20160402_151049_641_721,0.9236331711208824,0.8581025969396645,0.880575317530324,0.9711183441092308,39979,5422,1189,183810,41168,45401,0.1194246822757208,0.028881655654877575,1,1,41168.0,4241,0.10301690633501749,0.051508453167508746,1.0,0.999985527796412,0.5625,0.4375,0.140625,0.5026625,9,7,['high_quality'],high_quality,High_Dice (>75%)
20160402_151054_1281_1081,0.9341029620164367,0.8763538397513037,0.9185202253552379,0.9502235463784062,15940,1414,835,212211,16775,17354,0.0814797741154777,0.04977645305514158,1,1,16775.0,2057,0.12262295081967213,0.061311475409836065,1.0,0.9999875223784623,0.5625,0.4375,0.203125,0.5021875,9,7,['high_quality'],high_quality,High_Dice (>75%)
20160402_151054_1281_361,0.9190389335349782,0.8502053978136658,0.8545937164804694,0.9939965677632993,5795,986,35,223584,5830,6781,0.1454062822592538,0.006003430531732418,1,1,5830.0,732,0.12555746140651802,0.06277873070325901,1.0,0.9999800527565138,0.5625,0.4375,0.1484375,0.5015375,9,7,['high_quality'],high_quality,High_Dice (>75%)
20160402_151054_1281_721,0.9505556003195648,0.9057703300994479,0.9299212063012391,0.9721265043728754,41189,3104,1181,184926,42370,44293,0.07007879348881313,0.02787349539768704,1,1,42370.0,4055,0.09570450790653764,0.04785225395326882,1.0,0.9999757474289594,0.5,0.5,0.1484375,0.5023375,8,8,['high_quality'],high_quality,High_Dice (>75%)
20160402_151054_1921_361,0.8559143831855398,0.7481209191045587,0.7742448326287504,0.9568451330034067,13636,3976,615,212173,14251,17612,0.22575516693163752,0.04315486632517016,3,1,4750.333333333333,3394,0.23815872570345942,0.11907936285172971,0.3333333333333333,0.9999802263237609,0.5625,0.4375,0.15625,0.501625,9,7,['high_quality'],high_quality,Medium_Dice (25-75%)
20160402_151054_1_361,0.8803219147789377,0.7862276902607525,0.938972984804858,0.8285671258446552,55021,3576,11384,160419,66405,58597,0.0610270150348994,0.17143287403056998,1,1,66405.0,5533,0.08332203900308711,0.04166101950154356,1.0,0.9999691298376516,0.5625,0.4375,0.15625,0.5017125,9,7,['high_quality'],high_quality,High_Dice (>75%)
20160402_151054_1_721,0.23942208400561896,0.13599062093789382,0.4696356227769674,0.1606648193882797,464,524,2424,226988,2888,988,0.5303643724696356,0.8393351800554016,1,7,2888.0,396,0.1371191135734072,0.0685595567867036,7.0,0.999966618789355,0.75,0.25,0.203125,0.5011375,12,4,"['missed_crack_high_fn', 'thin_low_area_failure', 'fragmented_prediction']",missed_crack_high_fn,Low_Dice (<25%)
20160402_151054_641_361,0.9143288348214095,0.8421784276374369,0.9265856941731123,0.9023920083217454,10299,816,1114,218171,11413,11115,0.07341430499325236,0.09760799088758433,1,1,11413.0,1572,0.13773766757206693,0.06886883378603346,1.0,0.999968182131294,0.5,0.5,0.15625,0.501675,8,8,['high_quality'],high_quality,High_Dice (>75%)
20160402_151054_641_721,0.9414453257715062,0.8893686350756136,0.9112307495884017,0.9737323279785344,21834,2127,589,205850,22423,23961,0.08876925003130086,0.02626767158720956,1,1,22423.0,2562,0.11425768184453464,0.05712884092226732,1.0,0.9999725204598664,0.5625,0.4375,0.1953125,0.502375,9,7,['high_quality'],high_quality,High_Dice (>75%)
20160405_171348_1281_361,0.6981333314716444,0.5362556307404521,0.537135820528782,0.996953533915053,1309,1128,4,227959,1313,2437,0.4628641772671317,0.0030464584920030465,1,5,1313.0,228,0.17364813404417365,0.08682406702208682,5.0,0.9999859718063284,0.625,0.375,0.15625,0.502675,10,6,['fragmented_prediction'],fragmented_prediction,Low_Dice (<25%)
20160405_171348_1281_721,0.8828161065808134,0.7902155695056783,0.8448737142326221,0.924326646546812,34421,6320,2818,186841,37239,40741,0.155126285560001,0.07567335320497329,2,1,18619.5,4149,0.11141545154273745,0.055707725771368725,0.5,0.9999849937829641,0.4375,0.5625,0.171875,0.503,7,9,['high_quality'],high_quality,High_Dice (>75%)
20160405_171348_1921_721,0.829598696166531,0.7088155946591211,0.8671351003760419,0.7951771939873139,32580,4992,8392,184436,40972,37572,0.13286489939316512,0.20482280581860782,4,1,10243.0,5734,0.13994923362296202,0.06997461681148101,0.25,0.9999895938355771,0.4375,0.5625,0.1953125,0.5029625,7,9,['boundary_margin_error'],boundary_margin_error,Medium_Dice (25-75%)
20160405_171348_1_721,0.748261244258474,0.59777748418056,0.7697577802362047,0.7279327296953699,31684,9477,11842,177397,43526,41161,0.23024221957678384,0.27206727013738913,5,4,8705.2,8064,0.18526857510453523,0.09263428755226762,0.8,0.9999941359671242,0.4375,0.5625,0.1796875,0.5025375,7,9,"['complex_topology', 'boundary_margin_error']",complex_topology,Medium_Dice (25-75%)
20160405_171348_641_721,0.8240392705716635,0.7007370654054488,0.8247332956696425,0.8233464123252953,29377,6243,6303,188477,35680,35620,0.1752667040988209,0.1766535874439462,3,1,11893.333333333334,4812,0.13486547085201794,0.06743273542600897,0.3333333333333333,0.9999885171634479,0.5625,0.4375,0.15625,0.502675,9,7,['boundary_margin_error'],boundary_margin_error,Medium_Dice (25-75%)
20160407_163130_1281_721,0.9019936737031549,0.8214831300155021,0.9417563167666969,0.8654527057224203,18821,1164,2926,207489,21747,19985,0.05824368276207156,0.1345472938796156,2,1,10873.5,4406,0.2026026578378627,0.10130132891893134,0.5,0.9999849851727556,0.5,0.5,0.15625,0.5018125,8,8,['high_quality'],high_quality,High_Dice (>75%)
20160407_163130_1921_721,0.9078700722077413,0.8312839426010432,0.9553108802665385,0.8649181721494119,16225,759,2534,210882,18759,16984,0.044689119170984455,0.1350818273895197,1,1,18759.0,3963,0.2112585958739805,0.10562929793699025,1.0,0.999976742503333,0.5625,0.4375,0.203125,0.501625,9,7,['high_quality'],high_quality,High_Dice (>75%)
20160407_163130_1_361,0.7295730087338377,0.5742738573325757,0.6575863140399546,0.8192580867432593,2076,1081,458,226785,2534,3157,0.34241368387709853,0.18074191002367798,2,2,1267.0,693,0.27348066298342544,0.13674033149171272,1.0,0.9999872627743187,0.625,0.375,0.171875,0.5013500000000001,10,6,['boundary_margin_error'],boundary_margin_error,Medium_Dice (25-75%)
20160407_163130_1_721,0.8657526251850196,0.7632837813058568,0.9110947375753087,0.8247096088341525,14839,1448,3154,210959,17993,16287,0.08890526186529134,0.17529039070749736,4,2,4498.25,3803,0.21135997332295892,0.10567998666147946,0.5,0.9999807334589297,0.5,0.5,0.203125,0.5019875,8,8,['high_quality'],high_quality,Medium_Dice (25-75%)
20160407_163130_641_721,0.8965752421453268,0.8125386309878416,0.9402748679608263,0.8567571338127847,18404,1169,3077,207750,21481,19573,0.059725131558779954,0.14324286578837112,1,1,21481.0,3919,0.1824402960756017,0.09122014803780085,1.0,0.9999865415495682,0.375,0.625,0.203125,0.5017625000000001,6,10,['high_quality'],high_quality,High_Dice (>75%)
20160407_163257_1281_1,0.8844272236372638,0.792801009828234,0.799646142392324,0.9893179222578427,11299,2831,122,216148,11421,14130,0.20035385704175512,0.010682076875930304,2,2,5710.5,2159,0.18903773750109448,0.09451886875054724,1.0,0.9999775629981531,0.6875,0.3125,0.1640625,0.5021125,11,5,['high_quality'],high_quality,High_Dice (>75%)
20160407_163257_1281_361,0.8940363359585191,0.8083776755300225,0.8392753897094652,0.9564421662105109,13065,2502,595,214238,13660,15567,0.16072460975139718,0.04355783308931186,1,1,13660.0,3222,0.23587115666178624,0.11793557833089312,1.0,0.9999786951742711,0.5625,0.4375,0.140625,0.5015499999999999,9,7,['high_quality'],high_quality,High_Dice (>75%)
20160407_163257_1281_721,0.8695885985012177,0.7692673634999199,0.8239490435363707,0.9205806989459426,6468,1382,558,221992,7026,7850,0.17605095541401275,0.07941929974380871,1,1,7026.0,1974,0.28095644748078563,0.14047822374039282,1.0,0.999978207727765,0.4375,0.5625,0.1953125,0.501575,7,9,['high_quality'],high_quality,Medium_Dice (25-75%)
20160407_163257_1921_1081,0.769385160387111,0.6252038701476527,0.647303838064501,0.9482189957977919,5750,3133,314,221203,6064,8883,0.35269616120679953,0.05178100263852243,3,1,2021.3333333333333,2190,0.3611477572559367,0.18057387862796834,0.3333333333333333,0.9999811931655956,0.5625,0.4375,0.1953125,0.50135,9,7,['boundary_margin_error'],boundary_margin_error,Medium_Dice (25-75%)
20160407_163257_1921_721,0.8601688844567276,0.7546459056320368,0.8121621610646458,0.914207482637348,6010,1390,564,222436,6574,7400,0.18783783783783783,0.08579251597201096,1,1,6574.0,2038,0.31000912686340126,0.15500456343170063,1.0,0.9999762189568132,0.5625,0.4375,0.1875,0.5013875,9,7,['high_quality'],high_quality,Medium_Dice (25-75%)
20160407_163257_1_1,0.8869721616780558,0.7969002491575582,0.8240789967154736,0.960258451973572,10849,2316,449,216786,11298,13165,0.17592100265856436,0.039741547176491414,1,1,11298.0,3246,0.2873074880509825,0.14365374402549125,1.0,0.9999811344821572,0.6875,0.3125,0.1953125,0.5015499999999999,11,5,['high_quality'],high_quality,High_Dice (>75%)
20160407_163257_641_361,0.847662141392357,0.7356020936573044,0.7810815357302211,0.9266513431331554,9273,2599,734,217794,10007,11872,0.21891846361185985,0.07334865594084142,2,1,5003.5,3413,0.341061257120016,0.170530628560008,0.5,0.9999801552727453,0.5,0.5,0.1953125,0.5019125,8,8,['boundary_margin_error'],boundary_margin_error,Medium_Dice (25-75%)
20160407_165001_1281_1081,0.43549939805324944,0.27836320261644243,0.28176580482578184,0.9584216076312987,3619,9225,157,217399,3776,12844,0.7182341949548428,0.041578389830508475,2,1,1888.0,1841,0.4875529661016949,0.24377648305084745,0.5,0.9999839805447217,0.625,0.375,0.171875,0.5013,10,6,"['false_crack_high_fp', 'thin_low_area_failure', 'over_segmentation']",false_crack_high_fp,Low_Dice (<25%)
20160407_165001_1281_361,0.7768613135850871,0.6351375540758265,0.7100066706404226,0.8576148260615514,10643,4347,1767,213643,12410,14990,0.28999332888592394,0.14238517324738115,2,2,6205.0,2498,0.20128928283642225,0.10064464141821113,1.0,0.999986508979217,0.5,0.5,0.1875,0.5015499999999999,8,8,['boundary_margin_error'],boundary_margin_error,Medium_Dice (25-75%)
20160407_165001_1281_721,0.8111285258511672,0.6822676323627759,0.8492307674887575,0.7762985172017655,4140,735,1193,224332,5333,4875,0.15076923076923077,0.2237014813425839,1,1,5333.0,1172,0.21976373523345208,0.10988186761672604,1.0,0.9999862329274448,0.5,0.5,0.1875,0.5018625,8,8,['boundary_margin_error'],boundary_margin_error,Medium_Dice (25-75%)
20160407_165001_1921_361,0.6365650378346186,0.4668833171357423,0.5354987565930089,0.7846553945782694,3017,2617,828,223938,3845,5634,0.46450124245651403,0.2153446033810143,1,1,3845.0,1108,0.2881664499349805,0.14408322496749024,1.0,0.9999749203860503,0.5625,0.4375,0.1796875,0.5015,9,7,['moderate_general_error'],moderate_general_error,Low_Dice (<25%)
20160407_165001_1921_721,0.6566369866663407,0.4888008528959311,0.4949089783285182,0.9753724521505436,6416,6548,162,217274,6578,12964,0.5050910212897254,0.0246275463666768,2,2,3289.0,2875,0.4370629370629371,0.21853146853146854,1.0,0.9999808914509412,0.625,0.375,0.203125,0.5017874999999999,10,6,['moderate_general_error'],moderate_general_error,Low_Dice (<25%)
20160407_165001_1_1081,0.5874786285211442,0.4159077805003945,0.46327683556333227,0.8026696311397784,3608,4180,887,221725,4495,7788,0.536723163841808,0.19733036707452725,2,2,2247.5,2332,0.5187986651835372,0.2593993325917686,1.0,0.9999781837335423,0.6875,0.3125,0.1640625,0.5014000000000001,11,5,['moderate_general_error'],moderate_general_error,Low_Dice (<25%)
20160407_165001_1_721,0.8710072990157642,0.7714906378548202,0.9036713916735301,0.8406221816723275,14916,1590,2828,211066,17744,16506,0.09632860777898945,0.15937781785392247,1,1,17744.0,3895,0.2195108205590622,0.1097554102795311,1.0,0.9999801101051167,0.5625,0.4375,0.1640625,0.5018,9,7,['high_quality'],high_quality,Medium_Dice (25-75%)
20160407_165001_641_1081,0.38952469286573393,0.24186939789773446,0.24993384460183404,0.8822979874717515,1889,5669,252,222590,2141,7558,0.7500661550674782,0.11770200840728631,2,4,1070.5,1225,0.572162540868753,0.2860812704343765,2.0,0.9999832769182435,0.5625,0.4375,0.171875,0.5015875000000001,9,7,"['false_crack_high_fp', 'thin_low_area_failure', 'over_segmentation']",false_crack_high_fp,Low_Dice (<25%)
20160407_165001_641_361,0.8767310013083642,0.7805174026253421,0.8472546549025479,0.9083322628653664,14150,2551,1428,212271,15578,16701,0.1527453445901443,0.09166773655154706,1,1,15578.0,3166,0.2032353318782899,0.10161766593914495,1.0,0.9999854234908537,0.4375,0.5625,0.2109375,0.5021375,7,9,['high_quality'],high_quality,High_Dice (>75%)
20160407_165001_641_721,0.5338915459850647,0.3641555606087692,0.3712226216489531,0.95031936869894,1339,2268,70,226723,1409,3607,0.6287773773218741,0.049680624556423,2,4,704.5,474,0.33640880056777855,0.16820440028388928,2.0,0.9999798464769913,0.5,0.5,0.15625,0.5014375,8,8,"['thin_low_area_failure', 'over_segmentation']",thin_low_area_failure,Low_Dice (<25%)
IMG_2931_1297_485,0.8085851937383776,0.6786764689248126,0.7544959107506923,0.8710286226139394,2769,901,410,309552,3179,3670,0.24550408719346048,0.12897137464611513,8,5,397.375,1061,0.33375275243787356,0.16687637621893678,0.625,0.9999729229788776,0.4375,0.5625,0.1484375,0.501375,7,9,"['complex_topology', 'boundary_margin_error']",complex_topology,Medium_Dice (25-75%)
IMG_2931_1297_969,0.9096351564315496,0.8342484277598087,0.8787193019204431,0.9428057545478365,10484,1447,636,301065,11120,11931,0.12128069734305591,0.057194244604316546,1,1,11120.0,2558,0.23003597122302158,0.11501798561151079,1.0,0.999970214379625,0.5,0.5,0.171875,0.5019125,8,8,['high_quality'],high_quality,High_Dice (>75%)
IMG_2931_1945_485,0.8841626748241231,0.7923759627638935,0.8318313718774533,0.9435204418857928,5446,1101,326,306759,5772,6547,0.16816862685199327,0.05647955647955648,2,1,2886.0,1530,0.26507276507276506,0.13253638253638253,0.5,0.999965257054642,0.5,0.5,0.1484375,0.501125,8,8,['high_quality'],high_quality,High_Dice (>75%)
IMG_2931_1945_969,0.8734306068045941,0.7753012038851793,0.8312879462197547,0.9200743481268597,6435,1306,559,305332,6994,7741,0.1687120527063687,0.07992565055762081,1,1,6994.0,1920,0.2745210180154418,0.1372605090077209,1.0,0.9999724217844508,0.4375,0.5625,0.203125,0.50195,7,9,['high_quality'],high_quality,High_Dice (>75%)
IMG_2931_1_485,0.9028363867040125,0.822882180709405,0.9011996796047989,0.9044790491226633,16902,1853,1785,293092,18687,18755,0.09880031991468942,0.09552095039332156,1,1,18687.0,3905,0.20896880184085193,0.10448440092042596,1.0,0.9999596483617131,0.6875,0.3125,0.1796875,0.5016,11,5,['high_quality'],high_quality,High_Dice (>75%)
IMG_2931_649_485,0.911916334912389,0.8380939482617478,0.891432684743389,0.9333634848987159,12382,1508,884,298858,13266,13890,0.10856731461483081,0.06663651439770843,2,2,6633.0,3277,0.2470224634403739,0.12351123172018695,1.0,0.999949938211917,0.4375,0.5625,0.1640625,0.5014624999999999,7,9,['high_quality'],high_quality,High_Dice (>75%)
IMG_2931_649_969,0.5771889389838922,0.4056680150994115,0.4079804549186198,0.986220465969682,1503,2181,21,309927,1524,3684,0.5920195439739414,0.013779527559055118,1,3,1524.0,436,0.28608923884514437,0.14304461942257218,3.0,0.9999731470191691,0.5,0.5,0.140625,0.5014624999999999,8,8,['over_segmentation'],over_segmentation,Low_Dice (<25%)
IMG_2941_1297_485,0.8884251763527702,0.7992490990734433,0.8238685721318469,0.9639589677812042,10431,2230,390,300581,10821,12661,0.17613142721743938,0.036041031327973386,1,1,10821.0,2685,0.24812863875797062,0.12406431937898531,1.0,0.9999578582578336,0.4375,0.5625,0.1640625,0.5009375,7,9,['high_quality'],high_quality,High_Dice (>75%)
IMG_2941_1297_969,0.8007777681270536,0.6677476007732096,0.6834462720461261,0.9667449120368841,4942,2289,170,306231,5112,7231,0.3165537270087125,0.03325508607198748,2,1,2556.0,2222,0.43466353677621283,0.21733176838810642,0.5,0.9999621540500807,0.4375,0.5625,0.1484375,0.5011,7,9,['boundary_margin_error'],boundary_margin_error,Medium_Dice (25-75%)
IMG_2941_1945_485,0.8994281203906435,0.817237053803239,0.8398085062052363,0.9681596257212485,13683,2610,450,296889,14133,16293,0.16019149327932242,0.03184037359371683,1,1,14133.0,3879,0.2744640203778391,0.13723201018891956,1.0,0.999953182376805,0.4375,0.5625,0.2265625,0.501525,7,9,['high_quality'],high_quality,High_Dice (>75%)
IMG_2941_1_485,0.7693620241071552,0.6251733159371848,0.7258093351353795,0.8184751899587027,4058,1533,900,307141,4958,5591,0.27419066356644606,0.18152480839048002,3,5,1652.6666666666667,1490,0.30052440500201694,0.15026220250100847,1.6666666666666667,0.9999638069266001,0.5,0.5,0.15625,0.5009625,8,8,['boundary_margin_error'],boundary_margin_error,Medium_Dice (25-75%)
IMG_2941_1_969,0.8866711616602961,0.7964144385072968,0.8276961805894283,0.9546950619993272,9862,2053,468,301249,10330,11915,0.17230381871590433,0.04530493707647628,3,3,3443.3333333333335,2424,0.2346563407550823,0.11732817037754115,1.0,0.9999671192920914,0.5625,0.4375,0.1953125,0.5015624999999999,9,7,['high_quality'],high_quality,High_Dice (>75%)
IMG_2941_649_969,0.9004973260664483,0.819004216556248,0.8530036831588242,0.9535915095006007,12041,2075,586,298930,12627,14116,0.1469963162368943,0.046408489744198936,1,1,12627.0,3828,0.30315989546210503,0.15157994773105252,1.0,0.9999569737702448,0.375,0.625,0.25,0.5014125,6,10,['high_quality'],high_quality,High_Dice (>75%)
IMG_2942_1297_485,0.5702903358663063,0.3988854172094187,0.4041752221045729,0.9682311929325043,4724,6964,155,301789,4879,11688,0.5958247775496236,0.03176880508300881,3,1,1626.3333333333333,2380,0.4878048780487805,0.24390243902439024,0.3333333333333333,0.9999720270870007,0.5625,0.4375,0.1875,0.5002,9,7,['over_segmentation'],over_segmentation,Low_Dice (<25%)
IMG_2942_1945_485,0.4954789145431072,0.32932666702550084,0.3305926317879417,0.9885057439702881,3096,6269,36,304231,3132,9365,0.6694073678590496,0.011494252873563218,3,2,1044.0,1994,0.6366538952745849,0.31832694763729247,0.6666666666666666,0.9999745565206948,0.625,0.375,0.1796875,0.5001500000000001,10,6,"['false_crack_high_fp', 'thin_low_area_failure', 'over_segmentation']",false_crack_high_fp,Low_Dice (<25%)
IMG_2942_1_485,0.682955462115375,0.5185515314556529,0.5505086343145155,0.8993236697597611,4654,3800,521,304657,5175,8454,0.4494913650343033,0.10067632850241547,5,2,1035.0,3132,0.6052173913043478,0.3026086956521739,0.4,0.9999395447842755,0.6875,0.3125,0.171875,0.500375,11,5,['complex_topology'],complex_topology,Low_Dice (<25%)
IMG_2942_649_485,0.3386561262145011,0.20384468956619273,0.207156672913775,0.9272727232585596,2142,8198,168,303124,2310,10340,0.7928433268858801,0.07272727272727272,3,2,770.0,1534,0.664069264069264,0.332034632034632,0.6666666666666666,0.99995624199226,0.5625,0.4375,0.1796875,0.500175,9,7,"['false_crack_high_fp', 'thin_low_area_failure', 'over_segmentation']",false_crack_high_fp,Low_Dice (<25%)
