case_name,dice,iou,precision,recall,tp,fp,fn,tn,gt_area,pred_area,fp_area_ratio,fn_area_ratio,num_gt_cc,num_pred_cc,mean_component_size,perimeter,boundary_to_area_ratio,thinness_score,fragmentation_ratio,mean_routing_entropy,cnn_expert_fraction,vit_expert_fraction,expert_hhi_concentration,mean_gs,cnn_expert_selections,vit_expert_selections,error_taxonomy,primary_error_category,performance_tier
20160222_080850_1281_361,0.8686368067728265,0.7677789165962443,0.9453721231735972,0.8034233878848028,16475,952,4031,208942,20506,17427,0.05462787628392724,0.19657661172339802,1,1,20506.0,3739,0.18233687701160636,0.09116843850580318,1.0,0.9999815597127607,0.625,0.375,0.1796875,0.5024625,10,6,['high_quality'],high_quality,Medium_Dice (25-75%)
20160222_080850_1281_721,0.6857873571688211,0.5218237405565089,0.5362857127534694,0.9508611907251207,1877,1623,97,226803,1974,3500,0.4637142857142857,0.04913880445795339,2,1,987.0,936,0.47416413373860183,0.23708206686930092,0.5,0.9999762694888926,0.625,0.375,0.1953125,0.5036875,10,6,['moderate_general_error'],moderate_general_error,Low_Dice (<25%)
20160222_080850_1921_1,0.28104123409112824,0.163495041105615,0.18665850616077567,0.5684995287185506,610,2658,463,226669,1073,3268,0.8133414932680538,0.4315004659832246,1,3,1073.0,330,0.30754892823858343,0.15377446411929171,3.0,0.9999796182529747,0.5625,0.4375,0.1875,0.503275,9,7,"['false_crack_high_fp', 'thin_low_area_failure', 'over_segmentation']",false_crack_high_fp,Low_Dice (<25%)
20160222_080850_1921_361,0.8651813403173678,0.7623961175958525,0.923082117150809,0.8141155444823612,13669,1139,3121,212471,16790,14808,0.07691788222582388,0.1858844550327576,1,1,16790.0,2880,0.17153067301965455,0.08576533650982728,1.0,0.9999811690698831,0.5,0.5,0.15625,0.5022,8,8,['high_quality'],high_quality,Medium_Dice (25-75%)
20160222_080850_1_361,0.8418339317891751,0.7268680674522519,0.8493711358561624,0.8344293190222286,19922,3533,3953,202992,23875,23455,0.15062886378170964,0.16557068062827224,1,1,23875.0,3950,0.16544502617801046,0.08272251308900523,1.0,0.9999809051655897,0.625,0.375,0.1875,0.5023375000000001,10,6,['boundary_margin_error'],boundary_margin_error,Medium_Dice (25-75%)
20160222_080850_641_361,0.7692782923984054,0.6250627478551258,0.7096523492515142,0.8398430309400681,13697,5604,2612,208487,16309,19301,0.2903476503808093,0.16015696854497516,4,2,4077.25,4122,0.25274388374517137,0.12637194187258569,0.5,0.9999814711444078,0.5625,0.4375,0.171875,0.5025375000000001,9,7,['boundary_margin_error'],boundary_margin_error,Medium_Dice (25-75%)
20160222_080850_641_721,0.7724964444723782,0.6293231828076731,0.6687181278904201,0.9144024984024947,3803,1884,356,224357,4159,5687,0.3312818709337085,0.08559749939889397,1,3,4159.0,1886,0.45347439288290453,0.22673719644145227,3.0,0.9999825538952213,0.625,0.375,0.171875,0.5033375,10,6,['boundary_margin_error'],boundary_margin_error,Medium_Dice (25-75%)
20160222_115224_1281_1,0.5282005367893392,0.35888077825296577,0.37290937342190844,0.9051215461290499,3835,6449,402,219714,4237,10284,0.6270906262154804,0.09487845173471796,10,6,423.7,4075,0.9617654000472032,0.4808827000236016,0.6,0.9999834368492766,0.3125,0.6875,0.1796875,0.5018374999999999,5,11,"['thin_low_area_failure', 'over_segmentation', 'complex_topology']",thin_low_area_failure,Low_Dice (<25%)
20160222_115224_1281_1081,0.848917152931491,0.7374943993765949,0.7907460762235894,0.9163265289121957,4939,1307,451,223703,5390,6246,0.20925392251040667,0.0836734693877551,1,1,5390.0,2275,0.42207792207792205,0.21103896103896103,1.0,0.9999813236668093,0.4375,0.5625,0.15625,0.5025125,7,9,['boundary_margin_error'],boundary_margin_error,Medium_Dice (25-75%)
20160222_115224_1281_361,0.39211697343659635,0.2438715795605384,0.25601859495929175,0.8371335459439004,1542,4481,300,224077,1842,6023,0.74398140461564,0.16286644951140064,6,3,307.0,1801,0.9777415852334419,0.48887079261672095,0.5,0.9999694510502789,0.4375,0.5625,0.1640625,0.5022625000000001,7,9,"['false_crack_high_fp', 'thin_low_area_failure', 'over_segmentation', 'complex_topology']",false_crack_high_fp,Low_Dice (<25%)
20160222_115224_1281_721,0.7763232776841017,0.6344186038080816,0.7058997475884966,0.8623554897717567,4774,1989,762,222875,5536,6763,0.2941002513677362,0.13764450867052022,4,2,1384.0,2724,0.4920520231213873,0.24602601156069365,0.5,0.9999810609177973,0.4375,0.5625,0.15625,0.50215,7,9,['boundary_margin_error'],boundary_margin_error,Medium_Dice (25-75%)
20160222_115224_1921_1081,0.7960012471227702,0.6611312887331018,0.6687664006888903,0.9830246837729577,1274,631,22,228473,1296,1905,0.3312335958005249,0.016975308641975308,1,1,1296.0,552,0.42592592592592593,0.21296296296296297,1.0,0.9999793955998757,0.3125,0.6875,0.1796875,0.5029250000000001,5,11,['boundary_margin_error'],boundary_margin_error,Medium_Dice (25-75%)
20160222_115224_641_1,0.7106932483514424,0.5512212260136872,0.6393559557328483,0.7999489980875316,6274,3539,1569,219018,7843,9813,0.3606440436156119,0.20005100089251562,4,5,1960.75,4660,0.5941603978069616,0.2970801989034808,1.25,0.999981750440334,0.375,0.625,0.1796875,0.5020749999999999,6,10,['boundary_margin_error'],boundary_margin_error,Low_Dice (<25%)
20160222_115224_641_1081,0.025303110140612664,0.012813667895336802,0.01633486469910692,0.05610753912269118,96,5781,1615,222908,1711,5877,0.9836651352730985,0.9438924605493864,1,4,1711.0,1669,0.9754529514903565,0.48772647574517825,4.0,0.9999836114290721,0.4375,0.5625,0.1640625,0.5027625,7,9,"['missed_crack_high_fn', 'false_crack_high_fp', 'thin_low_area_failure', 'over_segmentation', 'fragmented_prediction']",missed_crack_high_fn,Low_Dice (<25%)
20160222_115224_641_361,0.7962889320128709,0.6615282962749873,0.6742985394516307,0.9721682816434682,3004,1451,86,225859,3090,4455,0.32570145903479236,0.027831715210355986,2,1,1545.0,1649,0.5336569579288026,0.2668284789644013,0.5,0.9999816593046891,0.4375,0.5625,0.1953125,0.5029375,7,9,['boundary_margin_error'],boundary_margin_error,Medium_Dice (25-75%)
20160222_115224_641_721,0.5069615062695039,0.33955019137035986,0.5806754203230912,0.44985465007302655,1857,1341,2271,224931,4128,3198,0.41932457786116323,0.5501453488372093,5,4,825.6,2219,0.5375484496124031,0.26877422480620156,0.8,0.9999845593504033,0.4375,0.5625,0.1953125,0.5028125,7,9,"['thin_low_area_failure', 'complex_topology']",thin_low_area_failure,Low_Dice (<25%)
20160222_115837_1281_1,0.734644841016185,0.5805839062656256,0.6025372575409075,0.94095018091758,4892,3227,307,221974,5199,8119,0.3974627417169602,0.059049817272552416,1,3,5199.0,2135,0.41065589536449315,0.20532794768224658,3.0,0.9999933384853776,0.375,0.625,0.15625,0.5012875,6,10,['boundary_margin_error'],boundary_margin_error,Medium_Dice (25-75%)
20160222_115837_1281_1081,0.6426418876913086,0.47345050791221,0.47380114705832044,0.9984393250158433,2559,2842,4,224995,2563,5401,0.5261988520644325,0.0015606710885680843,4,2,640.75,1867,0.7284432305891534,0.3642216152945767,0.5,0.9999910352495709,0.3125,0.6875,0.1640625,0.5016125,5,11,['over_segmentation'],over_segmentation,Low_Dice (<25%)
20160222_115837_1281_361,0.7509210664832856,0.6011798344633896,0.6076978666286631,0.9824715133436415,3363,2171,60,224806,3423,5534,0.3923021322732201,0.017528483786152498,4,3,855.75,2052,0.5994741454864154,0.2997370727432077,0.75,0.9999920828081643,0.4375,0.5625,0.171875,0.5012249999999999,7,9,['boundary_margin_error'],boundary_margin_error,Medium_Dice (25-75%)
20160222_115837_1281_721,0.7204533179702465,0.5630535627097142,0.5654383723730657,0.9925650520722488,2670,2052,20,225658,2690,4722,0.43456162642947904,0.007434944237918215,1,1,2690.0,2008,0.7464684014869889,0.37323420074349445,1.0,0.9999924271539128,0.3125,0.6875,0.1953125,0.5016625,5,11,['moderate_general_error'],moderate_general_error,Medium_Dice (25-75%)
20160222_164851_1281_1081,0.8844402568029203,0.7928219552528896,0.8733333319793282,0.895833331908662,5633,817,655,223295,6288,6450,0.12666666666666668,0.10416666666666667,2,1,3144.0,1152,0.183206106870229,0.0916030534351145,0.5,0.999990475277263,0.4375,0.5625,0.1875,0.5018,7,9,['high_quality'],high_quality,High_Dice (>75%)
20160222_164851_641_1,0.8530364369016047,0.7437345564816558,0.8116332813469698,0.8988907842159635,10535,2445,1185,216235,11720,12980,0.18836671802773497,0.10110921501706485,2,2,5860.0,2308,0.1969283276450512,0.0984641638225256,1.0,0.999978128083101,0.3125,0.6875,0.171875,0.501425,5,11,['high_quality'],high_quality,Medium_Dice (25-75%)
20160222_164851_641_1081,0.7336702222636033,0.579367424791243,0.6073125381044077,0.9264219301616167,5880,3802,467,220251,6347,9682,0.392687461268333,0.07357806837876162,3,3,2115.6666666666665,2372,0.3737198676540098,0.1868599338270049,1.0,0.9999917598356329,0.375,0.625,0.171875,0.5015875000000001,6,10,['boundary_margin_error'],boundary_margin_error,Medium_Dice (25-75%)
20160222_164851_641_361,0.8139534880725812,0.6862745093780873,0.7123075927659512,0.9494377191609257,11060,4467,589,214284,11649,15527,0.2876924067752947,0.0505622800240364,7,3,1664.142857142857,3669,0.31496265773886173,0.15748132886943086,0.42857142857142855,0.9999849218059695,0.3125,0.6875,0.15625,0.5010125,5,11,"['complex_topology', 'boundary_margin_error']",complex_topology,Medium_Dice (25-75%)
20160222_164851_641_721,0.8384047029322298,0.7217700562740099,0.7428551311116042,0.9621626541191077,10553,3653,415,215779,10968,14206,0.2571448683654794,0.03783734500364697,3,2,3656.0,2773,0.25282640408460977,0.12641320204230488,0.6666666666666666,0.999989616350202,0.375,0.625,0.171875,0.501575,6,10,['boundary_margin_error'],boundary_margin_error,Medium_Dice (25-75%)
20160222_165225_1281_361,0.8014347658860567,0.6686617825007488,0.6840614141070541,0.9674292348876448,7485,3457,252,219206,7737,10942,0.3159385852677755,0.032570763861962,1,1,7737.0,3094,0.39989660074964456,0.19994830037482228,1.0,0.9999895830702918,0.3125,0.6875,0.203125,0.500525,5,11,['boundary_margin_error'],boundary_margin_error,Medium_Dice (25-75%)
20160222_165225_1281_721,0.7529790635974909,0.6038223109306698,0.6954193890813838,0.8209269605271984,1169,512,255,228464,1424,1681,0.3045806067816776,0.17907303370786518,1,1,1424.0,650,0.45646067415730335,0.22823033707865167,1.0,0.9999732407298039,0.375,0.625,0.21875,0.50215,6,10,['boundary_margin_error'],boundary_margin_error,Medium_Dice (25-75%)
20160222_165225_1921_721,0.6866367499932183,0.522807951257714,0.5521087155088016,0.9078440423673231,5891,4779,598,219132,6489,10670,0.4478912839737582,0.09215595623362614,2,2,3244.5,3365,0.5185698875019263,0.25928494375096317,1.0,0.9999857193423326,0.4375,0.5625,0.1640625,0.5012624999999999,7,9,['moderate_general_error'],moderate_general_error,Low_Dice (<25%)
20160222_165225_1_361,0.790470087498998,0.6535349637319062,0.7055948411963449,0.8985564813951047,6785,2831,766,220018,7551,9616,0.29440515806988354,0.10144351741491194,1,2,7551.0,3404,0.4508012183816713,0.22540060919083565,2.0,0.9999862991899302,0.375,0.625,0.2109375,0.500775,6,10,['boundary_margin_error'],boundary_margin_error,Medium_Dice (25-75%)
20160222_165225_641_361,0.7937430163163447,0.6580214888310286,0.737464963420051,0.8593201876626102,7104,2529,1163,219604,8267,9633,0.26253503581438803,0.14067981129793153,4,3,2066.75,4037,0.4883270835853393,0.24416354179266966,0.75,0.9999901141062233,0.375,0.625,0.203125,0.5007,6,10,['boundary_margin_error'],boundary_margin_error,Medium_Dice (25-75%)
20160222_165402_1281_1,0.9107976179205076,0.8362060466500483,0.8491698331174536,0.9820705598819311,8490,1508,155,220247,8645,9998,0.15083016603320665,0.017929438982070563,1,1,8645.0,2045,0.23655292076344708,0.11827646038172354,1.0,0.9999894007692383,0.375,0.625,0.171875,0.5009625,6,10,['high_quality'],high_quality,High_Dice (>75%)
20160222_165402_1281_361,0.8617676261858155,0.7571104512675707,0.7638412104886532,0.988495271684138,8678,2683,101,218938,8779,11361,0.23615878883901065,0.011504727189884953,2,1,4389.5,2052,0.2337396058776626,0.1168698029388313,0.5,0.9999858597392319,0.375,0.625,0.1796875,0.5014,6,10,['high_quality'],high_quality,Medium_Dice (25-75%)
20160222_165402_641_1081,0.9252474512759464,0.8608934701986987,0.904861662280675,0.9465729608202427,12526,1317,707,215850,13233,13843,0.09513833706566496,0.05342703846444495,1,1,13233.0,1717,0.12975137912793774,0.06487568956396887,1.0,0.9999777090413955,0.375,0.625,0.234375,0.5020125,6,10,['high_quality'],high_quality,High_Dice (>75%)
20160222_165402_641_721,0.8740532137919726,0.7762828798824641,0.7799150846721125,0.9940364428558405,9001,2540,54,218805,9055,11541,0.22008491465210986,0.005963556046383213,1,1,9055.0,1678,0.1853119823302043,0.09265599116510215,1.0,0.9999783411420402,0.375,0.625,0.21875,0.5020249999999999,6,10,['high_quality'],high_quality,High_Dice (>75%)
20160222_165926_1281_361,0.48261909052304747,0.31806060528955005,0.31806060528955005,0.9999999923780488,1312,2813,0,226275,1312,4125,0.681939393939394,0.0,2,2,656.0,1592,1.2134146341463414,0.6067073170731707,1.0,0.9999892402696366,0.4375,0.5625,0.1640625,0.5013875,7,9,"['false_crack_high_fp', 'thin_low_area_failure', 'over_segmentation']",false_crack_high_fp,Low_Dice (<25%)
20160222_165926_1281_721,0.6865043577648751,0.5226544616445601,0.5302995118060141,0.9731572199123195,4568,4046,126,221660,4694,8614,0.4697004875783608,0.02684277801448658,1,1,4694.0,3164,0.674051981252663,0.3370259906263315,1.0,0.9999896555151726,0.3125,0.6875,0.15625,0.501275,5,11,['moderate_general_error'],moderate_general_error,Low_Dice (<25%)
20160222_165926_1921_721,0.7162943284515745,0.5579895332140812,0.5791335094364867,0.9385875108729018,4585,3332,300,222183,4885,7917,0.4208664898320071,0.06141248720573183,4,1,1221.25,3742,0.7660184237461617,0.38300921187308085,0.25,0.9999864012774657,0.4375,0.5625,0.1640625,0.501425,7,9,['moderate_general_error'],moderate_general_error,Medium_Dice (25-75%)
20160222_165926_1_1081,0.5891616475471013,0.417596846954705,0.4262734570165098,0.9535232312329593,1272,1712,62,227354,1334,2984,0.5737265415549598,0.046476761619190406,4,3,333.5,1166,0.8740629685157422,0.4370314842578711,0.75,0.999990705535849,0.4375,0.5625,0.15625,0.5019250000000001,7,9,['over_segmentation'],over_segmentation,Low_Dice (<25%)
20160222_165926_1_721,0.6322269153503598,0.46223084987251883,0.4748866718497069,0.9454873612076268,2619,2896,151,224734,2770,5515,0.5251133272892112,0.05451263537906137,5,4,554.0,2358,0.8512635379061372,0.4256317689530686,0.8,0.9999851860054781,0.4375,0.5625,0.1640625,0.5016875000000001,7,9,['complex_topology'],complex_topology,Low_Dice (<25%)
20160222_165926_641_1,0.7141853924225359,0.5554341879566099,0.5626037238380902,0.9775712881205662,3051,2372,70,224907,3121,5423,0.4373962751244698,0.02242870874719641,1,1,3121.0,1933,0.619352771547581,0.3096763857737905,1.0,0.9999903572195554,0.375,0.625,0.1796875,0.501725,6,10,['moderate_general_error'],moderate_general_error,Medium_Dice (25-75%)
20160222_165926_641_361,0.6257506354954192,0.45533994896261304,0.4568965510450408,0.9925734549803892,3074,3654,23,223649,3097,6728,0.5431034482758621,0.007426541814659348,2,3,1548.5,2230,0.7200516628995802,0.3600258314497901,1.5,0.9999899811283084,0.3125,0.6875,0.171875,0.501725,5,11,['over_segmentation'],over_segmentation,Low_Dice (<25%)
20160222_165926_641_721,0.728084793861686,0.5724318652280589,0.5840641704983272,0.9663776305673728,5461,3889,190,220860,5651,9350,0.41593582887700536,0.03362236772252698,2,4,2825.5,4142,0.7329676163510883,0.36648380817554416,2.0,0.9999920119948269,0.4375,0.5625,0.1875,0.501475,7,9,['moderate_general_error'],moderate_general_error,Medium_Dice (25-75%)
20160302_155857_1281_1,0.5621097596433539,0.3909267507817087,0.5129704595696949,0.6216609111000165,3421,3248,2082,221649,5503,6669,0.4870295396611186,0.3783390877703071,2,7,2751.5,1899,0.3450844993639833,0.17254224968199164,3.5,0.9999839902735368,0.375,0.625,0.1796875,0.5028250000000001,6,10,['fragmented_prediction'],fragmented_prediction,Low_Dice (<25%)
20160302_155857_1281_361,0.7790891745475148,0.6381212765959171,0.7380844807566247,0.824917948971323,6535,2319,1387,220159,7922,8854,0.2619155184097583,0.17508204998737692,1,3,7922.0,2828,0.35698056046452914,0.17849028023226457,3.0,0.9999832852266695,0.5,0.5,0.1640625,0.502375,8,8,['boundary_margin_error'],boundary_margin_error,Medium_Dice (25-75%)
20160302_155857_1281_721,0.42741367084669896,0.27179027499038705,0.2720340877505403,0.9967132210623401,1213,3246,4,225937,1217,4459,0.7279659116393811,0.003286770747740345,1,3,1217.0,430,0.3533278553820871,0.17666392769104355,3.0,0.9999853422158316,0.4375,0.5625,0.1953125,0.5030749999999999,7,9,"['false_crack_high_fp', 'thin_low_area_failure', 'over_segmentation']",false_crack_high_fp,Low_Dice (<25%)
20160302_155857_1_721,0.8772820029570122,0.7813912356153512,0.8976804555010551,0.8577900011552662,15906,1813,2637,210044,18543,17719,0.10231954399232462,0.14220999838213882,1,1,18543.0,3212,0.17321900447608263,0.08660950223804131,1.0,0.9999852979694854,0.375,0.625,0.203125,0.502225,6,10,['high_quality'],high_quality,High_Dice (>75%)
20160302_155857_641_721,0.7440130031627188,0.592373173477296,0.6365265756263742,0.8951760096521721,10299,5881,1206,213014,11505,16180,0.3634734239802225,0.10482398956975228,3,2,3835.0,3366,0.2925684485006519,0.14628422425032594,0.6666666666666666,0.9999880243398065,0.375,0.625,0.171875,0.502075,6,10,['boundary_margin_error'],boundary_margin_error,Medium_Dice (25-75%)
20160307_144202_1281_361,0.6166299556075826,0.4457447651892805,0.472489451078068,0.8873217101627232,5599,6251,711,217839,6310,11850,0.5275105485232068,0.11267828843106181,10,2,631.0,3310,0.5245641838351822,0.2622820919175911,0.2,0.9999892504279839,0.3125,0.6875,0.15625,0.5017499999999999,5,11,['complex_topology'],complex_topology,Low_Dice (<25%)
20160307_144202_1281_721,0.5468251148041636,0.3762968383055086,0.37930610189553876,0.979351966393418,3083,5045,65,222207,3148,8128,0.6206938976377953,0.020648030495552732,5,2,629.6,1470,0.4669631512071156,0.2334815756035578,0.4,0.9999906893898074,0.3125,0.6875,0.1875,0.5022375,5,11,"['thin_low_area_failure', 'over_segmentation', 'complex_topology']",thin_low_area_failure,Low_Dice (<25%)
20160307_144202_1921_361,0.632782719011993,0.4628252786233937,0.47004267873028455,0.9678891321887028,11454,12914,380,205652,11834,24368,0.529957321076822,0.03211086699340882,5,1,2366.8,4983,0.42107486902146357,0.21053743451073179,0.2,0.9999862560898961,0.3125,0.6875,0.1796875,0.5010875,5,11,"['over_segmentation', 'complex_topology']",over_segmentation,Low_Dice (<25%)
20160307_144202_1_361,0.8095811061897805,0.680080860946791,0.7140530131230303,0.9346168749614828,14466,5793,1012,209129,15478,20259,0.2859469865245076,0.06538312443468149,7,2,2211.1428571428573,4184,0.2703191626825171,0.13515958134125855,0.2857142857142857,0.9999855573781478,0.3125,0.6875,0.171875,0.50195,5,11,"['complex_topology', 'boundary_margin_error']",complex_topology,Medium_Dice (25-75%)
20160307_144202_641_361,0.7025700544843078,0.5415090478777687,0.5533037343675614,0.9621253397255901,10593,8552,417,210838,11010,19145,0.4466962653434317,0.037874659400544956,10,2,1101.0,4281,0.3888283378746594,0.1944141689373297,0.2,0.9999904843325786,0.375,0.625,0.1796875,0.5018125,6,10,['complex_topology'],complex_topology,Low_Dice (<25%)
20160307_145059_1281_361,0.891009412239205,0.8034418164344171,0.8250781432886042,0.9683928312625986,13726,2910,448,213316,14174,16636,0.1749218562154364,0.03160716805418372,4,2,3543.5,3270,0.23070410610977846,0.11535205305488923,0.5,0.9999779311089948,0.375,0.625,0.21875,0.5006125,6,10,['high_quality'],high_quality,High_Dice (>75%)
20160307_145059_1281_721,0.7484630609833994,0.5980351339621721,0.6100212309044406,0.9681897816846075,7183,4592,236,218389,7419,11775,0.3899787685774947,0.031810217010378755,3,3,2473.0,3748,0.5051893786224558,0.2525946893112279,1.0,0.9999705807774302,0.5625,0.4375,0.171875,0.5018750000000001,9,7,['boundary_margin_error'],boundary_margin_error,Medium_Dice (25-75%)
20160307_145059_1921_1081,0.7226643478080222,0.565759161711247,0.5669464841899827,0.9963120025883976,5403,4127,20,220850,5423,9530,0.43305351521511015,0.0036879955744053105,3,3,1807.6666666666667,2182,0.4023603171676194,0.2011801585838097,1.0,0.9999777654657449,0.4375,0.5625,0.1484375,0.5019750000000001,7,9,['moderate_general_error'],moderate_general_error,Medium_Dice (25-75%)
20160307_145059_1921_361,0.8624538060375263,0.7581703588082839,0.8298840759335153,0.8976844365738254,11669,2392,1330,215009,12999,14061,0.1701159234762819,0.10231556273559504,1,1,12999.0,3074,0.23647972920993923,0.11823986460496962,1.0,0.9999682254514439,0.375,0.625,0.203125,0.501175,6,10,['high_quality'],high_quality,Medium_Dice (25-75%)
20160307_145059_1921_721,0.7806468209825455,0.64021387274488,0.669314503281385,0.9364066661115319,4550,2248,309,223293,4859,6798,0.33068549573403944,0.06359333196130891,3,2,1619.6666666666667,1757,0.3615970364272484,0.1807985182136242,0.6666666666666666,0.9999738072981863,0.5625,0.4375,0.1953125,0.5029375,9,7,['boundary_margin_error'],boundary_margin_error,Medium_Dice (25-75%)
20160307_145059_1_361,0.9001202106830501,0.8183805352419877,0.8339951565772444,0.9776339680090441,8611,1714,197,219878,8808,10325,0.1660048426150121,0.022366030881017258,1,1,8808.0,2411,0.27372842870118075,0.13686421435059037,1.0,0.9999812106679123,0.3125,0.6875,0.1796875,0.5009375,5,11,['high_quality'],high_quality,High_Dice (>75%)
20160307_145059_1_721,0.8051359511088053,0.6738305934101476,0.7008965921089102,0.9457977077822267,5863,2502,336,221699,6199,8365,0.2991034070531978,0.05420229069204711,1,1,6199.0,1626,0.2623003710275851,0.13115018551379254,1.0,0.9999651543613021,0.375,0.625,0.171875,0.5014875,6,10,['boundary_margin_error'],boundary_margin_error,Medium_Dice (25-75%)
20160307_145059_641_361,0.665080691400321,0.49821789760310387,0.5045361423231527,0.9754809487448493,5172,5079,130,220019,5302,10251,0.4954638571846649,0.024519049415314974,2,3,2651.0,2106,0.3972086005281026,0.1986043002640513,1.5,0.9999714732366081,0.5625,0.4375,0.1953125,0.50145,9,7,['moderate_general_error'],moderate_general_error,Low_Dice (<25%)
20160307_145059_641_721,0.8596129129406859,0.7537904652685491,0.7662986872413395,0.9788045397491978,11037,3366,239,215758,11276,14403,0.23370131222661947,0.021195459382759844,2,1,5638.0,3040,0.2695991486342675,0.13479957431713374,0.5,0.9999733280093882,0.5,0.5,0.1953125,0.5013375,8,8,['high_quality'],high_quality,Medium_Dice (25-75%)
20160307_162438_1281_361,0.8152920950525601,0.6881798388006289,0.9999999964875307,0.6881798388006289,2847,0,1290,226263,4137,2847,0.0,0.3118201595358956,1,1,4137.0,396,0.09572153734590283,0.047860768672951415,1.0,0.999984829601132,0.375,0.625,0.25,0.501675,6,10,['boundary_margin_error'],boundary_margin_error,Medium_Dice (25-75%)
20160307_162438_1281_721,0.8852532110776262,0.7941294111583861,0.9637069670063076,0.8186114368300259,25810,972,5719,197899,31529,26782,0.03629303263385856,0.1813885629103365,1,1,31529.0,3073,0.09746582511338768,0.04873291255669384,1.0,0.999991840853961,0.3125,0.6875,0.2421875,0.5004124999999999,5,11,['high_quality'],high_quality,High_Dice (>75%)
20160307_162438_1921_1081,0.7031581783332238,0.5422081294613743,0.5443870358831027,0.9926722487698209,10431,8730,77,211162,10508,19161,0.4556129638327853,0.007327750285496764,2,1,5254.0,2256,0.21469356680624285,0.10734678340312143,0.5,0.99998740162207,0.3125,0.6875,0.1953125,0.5016125,5,11,['moderate_general_error'],moderate_general_error,Low_Dice (<25%)
20160307_162438_1921_721,0.8953271025996519,0.8104906934049396,0.9175816470038866,0.8741264962504445,19639,1764,2828,206169,22467,21403,0.08241835256739709,0.12587350336048428,1,2,22467.0,2708,0.12053233631548493,0.06026616815774247,2.0,0.9999881409519412,0.375,0.625,0.1796875,0.5003625,6,10,['high_quality'],high_quality,High_Dice (>75%)
20160307_162438_1_361,0.8585753658732461,0.7521962819122952,0.9144416577918744,0.8091421707280472,30995,2900,7311,189194,38306,33895,0.08555834193833899,0.19085782906072155,1,1,38306.0,3094,0.08077063645381924,0.04038531822690962,1.0,0.9999913383763317,0.375,0.625,0.21875,0.50025,6,10,['high_quality'],high_quality,Medium_Dice (25-75%)
20160307_162438_641_361,0.8457693103168077,0.7327558675024924,0.8574831834559589,0.8343711645678055,18357,3051,3644,205348,22001,21408,0.14251681614349776,0.16562883505295214,1,1,22001.0,2516,0.11435843825280669,0.05717921912640334,1.0,0.999992425098929,0.3125,0.6875,0.2421875,0.5001,5,11,['boundary_margin_error'],boundary_margin_error,Medium_Dice (25-75%)
20160307_162438_641_721,0.7384344046001666,0.5853317554733501,0.6231967018282611,0.9059587201964735,5443,3291,565,221101,6008,8734,0.3768032974582093,0.09404127829560587,1,1,6008.0,705,0.11734354194407456,0.05867177097203728,1.0,0.9999911941374295,0.375,0.625,0.1953125,0.5010625,6,10,['boundary_margin_error'],boundary_margin_error,Medium_Dice (25-75%)
20160310_114505_1281_1,0.4067346030053892,0.25528364814337645,0.25528364814337645,0.999999994553377,1836,5356,0,223208,1836,7192,0.7447163515016685,0.0,4,1,459.0,1931,1.051742919389978,0.525871459694989,0.25,0.9999939027899609,0.1875,0.8125,0.203125,0.501575,3,13,"['false_crack_high_fp', 'thin_low_area_failure', 'over_segmentation']",false_crack_high_fp,Low_Dice (<25%)
20160310_114505_641_1,0.5287603616219956,0.35939784915320616,0.3619823251065826,0.980521002157895,4178,7364,83,218775,4261,11542,0.6380176745797955,0.019478995540952827,4,1,1065.25,2348,0.551044355785027,0.2755221778925135,0.25,0.9999943153912257,0.3125,0.6875,0.1640625,0.5017750000000001,5,11,"['thin_low_area_failure', 'over_segmentation']",thin_low_area_failure,Low_Dice (<25%)
20160310_114505_641_1081,0.563011675907253,0.39179975680227913,0.39209271857921985,0.998096595293608,4195,6504,8,219693,4203,10699,0.6079072810543041,0.0019034023316678564,3,5,1401.0,1842,0.4382583868665239,0.21912919343326195,1.6666666666666667,0.9999913020753728,0.1875,0.8125,0.1875,0.5015499999999999,3,13,['over_segmentation'],over_segmentation,Low_Dice (<25%)
20160310_114505_641_361,0.4688530082860199,0.306210318684806,0.3072867079404711,0.9886899128447458,4196,9459,48,216697,4244,13655,0.6927132918344928,0.011310084825636193,5,3,848.8,2457,0.5789349670122526,0.2894674835061263,0.6,0.9999903675706692,0.125,0.875,0.203125,0.5016875000000001,2,14,"['false_crack_high_fp', 'thin_low_area_failure', 'over_segmentation', 'complex_topology']",false_crack_high_fp,Low_Dice (<25%)
20160310_114505_641_721,0.5598867872379475,0.38877970306523163,0.3889534360631393,0.998852419098342,4352,6837,5,219206,4357,11189,0.6110465635892395,0.0011475786091347257,4,1,1089.25,1798,0.41266926784484737,0.20633463392242368,0.25,0.9999897102069752,0.125,0.875,0.203125,0.501325,2,14,['over_segmentation'],over_segmentation,Low_Dice (<25%)
20160316_142539_1281_361,0.8224364833398293,0.69842218419983,0.855365245417413,0.7919490366061954,5843,988,1535,222034,7378,6831,0.1446347533304055,0.20805096232041204,1,1,7378.0,1653,0.22404445649227434,0.11202222824613717,1.0,0.9999909951840733,0.375,0.625,0.2109375,0.50145,6,10,['boundary_margin_error'],boundary_margin_error,Medium_Dice (25-75%)
20160316_142539_1281_721,0.7030103715730625,0.5420323772563342,0.5721638867804791,0.9114463748644951,8337,6234,810,215019,9147,14571,0.42783611282684786,0.08855362413906198,2,3,4573.5,2578,0.2818410407783973,0.14092052038919864,1.5,0.9999815204866008,0.3125,0.6875,0.1875,0.5012,5,11,['moderate_general_error'],moderate_general_error,Low_Dice (<25%)
20160316_142539_1921_361,0.7171019853686208,0.5589703758132861,0.6050924810202424,0.8799999992314411,10076,6576,1374,212374,11450,16652,0.3949075186163824,0.12,7,2,1635.7142857142858,4030,0.3519650655021834,0.1759825327510917,0.2857142857142857,0.999984926190099,0.25,0.75,0.1875,0.5011625000000001,4,12,"['complex_topology', 'boundary_margin_error']",complex_topology,Medium_Dice (25-75%)
20160316_142539_1_721,0.7037296778120083,0.5428880579663151,0.5964552033954095,0.8580534819200455,11038,7468,1826,210068,12864,18506,0.40354479628228684,0.14194651741293532,7,2,1837.7142857142858,4023,0.3127332089552239,0.15636660447761194,0.2857142857142857,0.9999844008915169,0.3125,0.6875,0.21875,0.501375,5,11,['complex_topology'],complex_topology,Low_Dice (<25%)
20160316_142539_641_721,0.5736160186848348,0.4021469858038823,0.44690613509574106,0.8006106146856031,10227,12657,2547,204969,12774,22884,0.5530938647089669,0.19938938468764678,4,2,3193.5,4538,0.35525285736652573,0.17762642868326287,0.5,0.9999820982524338,0.3125,0.6875,0.171875,0.501475,5,11,['moderate_general_error'],moderate_general_error,Low_Dice (<25%)
20160316_143445_1281_1,0.8761777922836098,0.7796409309832074,0.8359062316016097,0.9205260942209835,13158,2583,1136,213523,14294,15741,0.16409376786735277,0.07947390513502169,1,1,14294.0,2297,0.16069679585840213,0.08034839792920107,1.0,0.9999910536272683,0.375,0.625,0.15625,0.5013749999999999,6,10,['high_quality'],high_quality,High_Dice (>75%)
20160316_143445_1281_1081,0.766185842819875,0.620989667172395,0.6657598121535955,0.9022912802151928,3426,1720,371,224883,3797,5146,0.33424018655266224,0.09770871740848038,4,3,949.25,1205,0.3173558072162233,0.15867790360811165,0.75,0.9999844497112433,0.3125,0.6875,0.171875,0.5023625,5,11,['boundary_margin_error'],boundary_margin_error,Medium_Dice (25-75%)
20160316_143445_1281_361,0.8431011092333828,0.7287595449890207,0.7408312953906899,0.9781292865966191,12120,4240,271,213769,12391,16360,0.2591687041564792,0.021870712613994026,2,2,6195.5,2403,0.19393107900895812,0.09696553950447906,1.0,0.9999869023744072,0.3125,0.6875,0.1640625,0.5015624999999999,5,11,['boundary_margin_error'],boundary_margin_error,Medium_Dice (25-75%)
20160316_143445_1281_721,0.8484186985282667,0.7367423363369817,0.8101993081095183,0.890422440271333,15935,3733,1961,208771,17896,19668,0.18980069147854384,0.10957755923111309,2,3,8948.0,4941,0.2760952168082253,0.13804760840411265,1.5,0.9999824116372033,0.1875,0.8125,0.1875,0.5013,3,13,['boundary_margin_error'],boundary_margin_error,Medium_Dice (25-75%)
20160316_143445_1921_1081,0.7029544595864912,0.5419659045760131,0.5963917932494677,0.8558826889037889,7471,5056,1258,216615,8729,12527,0.4036082062744472,0.14411731011570628,2,1,4364.5,2735,0.31332340474281134,0.15666170237140567,0.5,0.9999810039759871,0.375,0.625,0.15625,0.5022,6,10,['moderate_general_error'],moderate_general_error,Low_Dice (<25%)
20160316_143445_1_1081,0.8730755725023441,0.7747419003428784,0.8611990494052245,0.885284246023305,8705,1403,1128,219164,9833,10108,0.13880094974277798,0.11471575307637547,1,1,9833.0,2466,0.2507881623105868,0.1253940811552934,1.0,0.9999837095881912,0.3125,0.6875,0.1875,0.502025,5,11,['high_quality'],high_quality,High_Dice (>75%)
20160316_143445_1_721,0.5583413688859359,0.38729096946790303,0.422987945424342,0.8210824844691976,3474,4739,757,221430,4231,8213,0.5770120540606356,0.1789175135901678,2,4,2115.5,1268,0.2996927440321437,0.14984637201607184,2.0,0.9999822735795211,0.375,0.625,0.171875,0.5024500000000001,6,10,['moderate_general_error'],moderate_general_error,Low_Dice (<25%)
20160316_143445_641_361,0.8650857004625097,0.7622475995016157,0.797627294078951,0.9450087196624514,9211,2337,536,218316,9747,11548,0.20237270523034293,0.05499127936801067,1,1,9747.0,2796,0.2868574946137273,0.14342874730686364,1.0,0.999984372999863,0.3125,0.6875,0.1875,0.5015625,5,11,['high_quality'],high_quality,Medium_Dice (25-75%)
20160316_143445_641_721,0.8622888105077628,0.7579153817522039,0.8148408466564506,0.9156041961913526,8115,1844,748,219693,8863,9959,0.18515915252535395,0.0843958027755839,1,1,8863.0,2133,0.2406634322464177,0.12033171612320885,1.0,0.9999829815913253,0.375,0.625,0.203125,0.5020625,6,10,['high_quality'],high_quality,Medium_Dice (25-75%)
20160316_143527_1281_1081,0.782073155182026,0.6421347542420837,0.7700565428418777,0.794470746707414,9397,2806,2431,215766,11828,12203,0.2299434565270835,0.20552925262089955,4,4,2957.0,4261,0.360246871829557,0.1801234359147785,1.0,0.9999840112958013,0.1875,0.8125,0.1875,0.5016125,3,13,['boundary_margin_error'],boundary_margin_error,Medium_Dice (25-75%)
20160316_143527_1281_361,0.621800401751797,0.45116861341575837,0.568349104709913,0.68634920417032,2162,1642,988,225608,3150,3804,0.4316508937960042,0.3136507936507936,4,2,787.5,1101,0.3495238095238095,0.17476190476190476,0.5,0.9999883020661855,0.4375,0.5625,0.1484375,0.5022125,7,9,['moderate_general_error'],moderate_general_error,Low_Dice (<25%)
20160316_143527_1281_721,0.7656828192146072,0.6203290622005321,0.71612212075476,0.8226134692495558,17381,6890,3748,202381,21129,24271,0.28387787895018746,0.17738653036111507,7,2,3018.4285714285716,7452,0.35269061479483177,0.17634530739741588,0.2857142857142857,0.9999803189753286,0.3125,0.6875,0.1640625,0.501575,5,11,"['complex_topology', 'boundary_margin_error']",complex_topology,Medium_Dice (25-75%)
20160316_143527_1921_361,0.6910898053078152,0.5279887100813193,0.559734985709386,0.9029996541742332,7857,6180,844,215519,8701,14037,0.44026501389185724,0.09700034478795541,2,3,4350.5,4261,0.48971382599701185,0.24485691299850593,1.5,0.9999875992733844,0.3125,0.6875,0.15625,0.5014375,5,11,['moderate_general_error'],moderate_general_error,Low_Dice (<25%)
20160316_143527_1_1,0.6469523913564671,0.4781445879831637,0.6516687542411792,0.6423038052741621,5721,3058,3186,218435,8907,8779,0.3483312450165167,0.3576961940047154,2,1,4453.5,3323,0.37307735488941285,0.18653867744470642,0.5,0.9999871422674167,0.25,0.75,0.1875,0.501375,4,12,['moderate_general_error'],moderate_general_error,Low_Dice (<25%)
20160316_143527_1_361,0.6614746882785144,0.4941816807541635,0.49669873515054,0.9898496203389111,2633,2668,27,225072,2660,5301,0.5033012639124693,0.010150375939849625,2,2,1330.0,1788,0.6721804511278195,0.3360902255639098,1.0,0.9999850202337905,0.375,0.625,0.1484375,0.5020875,6,10,['moderate_general_error'],moderate_general_error,Low_Dice (<25%)
20160316_143527_641_1,0.819629443755819,0.6943831658795324,0.7557484525295517,0.8953068582263354,8184,2645,957,218614,9141,10829,0.24425154677255517,0.10469314079422383,1,1,9141.0,2978,0.3257849250629034,0.1628924625314517,1.0,0.9999883966197414,0.375,0.625,0.171875,0.5013624999999999,6,10,['boundary_margin_error'],boundary_margin_error,Medium_Dice (25-75%)
20160316_143527_641_361,0.7647794350621478,0.6191440272050737,0.7020447382937138,0.839826286345749,13150,5581,2508,209161,15658,18731,0.2979552613314826,0.160173713117895,8,3,1957.25,5907,0.37725124536977905,0.18862562268488953,0.375,0.9999851782419902,0.375,0.625,0.171875,0.5013625,6,10,"['complex_topology', 'boundary_margin_error']",complex_topology,Medium_Dice (25-75%)
20160316_143527_641_721,0.7118773356382048,0.5526471626760072,0.7054732375181838,0.7183987671772152,4666,1948,1829,221957,6495,6614,0.2945267614151799,0.28160123171670515,3,2,2165.0,2013,0.3099307159353349,0.15496535796766744,0.6666666666666666,0.9999801908717645,0.375,0.625,0.15625,0.5022,6,10,['boundary_margin_error'],boundary_margin_error,Low_Dice (<25%)
20160316_143547_1281_1081,0.887101490366918,0.7971090649221838,0.8498178737746767,0.927806665867829,3033,536,236,226595,3269,3569,0.15018212384421406,0.07219333129397369,3,1,1089.6666666666667,774,0.23676965432854083,0.11838482716427041,0.3333333333333333,0.999983006523743,0.375,0.625,0.1953125,0.5020625,6,10,['high_quality'],high_quality,High_Dice (>75%)
20160316_143547_1281_361,0.2818810898434104,0.1640637840472402,0.16452357374790047,0.9832512218398894,998,5068,17,224317,1015,6066,0.835476425980877,0.016748768472906402,1,2,1015.0,210,0.20689655172413793,0.10344827586206896,2.0,0.9999902844676829,0.4375,0.5625,0.15625,0.5020625000000001,7,9,"['false_crack_high_fp', 'thin_low_area_failure', 'over_segmentation']",false_crack_high_fp,Low_Dice (<25%)
20160316_143547_1281_721,0.8942886194190558,0.8087902820980226,0.851363342670473,0.9417722644379029,21107,3685,1305,204303,22412,24792,0.14863665698612455,0.058227735141888275,1,1,22412.0,4400,0.19632339817954667,0.09816169908977333,1.0,0.9999801301157715,0.375,0.625,0.1484375,0.5009,6,10,['high_quality'],high_quality,High_Dice (>75%)
20160316_143547_1921_1081,0.8483344703909321,0.7366153180593145,0.8012655258178012,0.9012785023060154,20514,5088,2247,202551,22761,25602,0.19873447386922896,0.09872149729800975,3,3,7587.0,5059,0.2222661570229779,0.11113307851148894,1.0,0.9999813693405569,0.3125,0.6875,0.171875,0.5010749999999999,5,11,['boundary_margin_error'],boundary_margin_error,Medium_Dice (25-75%)
20160316_143547_1_1,0.775171281288425,0.632881373081981,0.8197662765811243,0.7351778651723693,12276,2699,4422,211003,16698,14975,0.18023372287145242,0.2648221343873518,1,1,16698.0,4621,0.2767397293088993,0.13836986465444964,1.0,0.9999873689190779,0.25,0.75,0.171875,0.5013375,4,12,['boundary_margin_error'],boundary_margin_error,Medium_Dice (25-75%)
20160316_143547_641_1,0.8522613036775165,0.7425569133534331,0.7732522749346367,0.9492537242593005,1272,373,68,228687,1340,1645,0.22674772036474164,0.050746268656716415,1,1,1340.0,445,0.332089552238806,0.166044776119403,1.0,0.9999888359577331,0.375,0.625,0.171875,0.5019875,6,10,['high_quality'],high_quality,Medium_Dice (25-75%)
20160316_143547_641_361,0.8916051657579055,0.8044111522475411,0.8259675248284901,0.9685755182758944,13531,2851,439,213579,13970,16382,0.17403247466731778,0.031424481030780244,2,1,6985.0,3890,0.278453829634932,0.139226914817466,0.5,0.9999851465643896,0.375,0.625,0.15625,0.501075,6,10,['high_quality'],high_quality,High_Dice (>75%)
20160316_143547_641_721,0.6756282836024063,0.5101500396279784,0.913112149871846,0.5361781026328563,578,55,500,229267,1078,633,0.08688783570300158,0.46382189239332094,2,1,539.0,561,0.5204081632653061,0.2602040816326531,0.5,0.9999824266340582,0.3125,0.6875,0.203125,0.5020375,5,11,['moderate_general_error'],moderate_general_error,Low_Dice (<25%)
20160318_181632_1281_1081,0.8649282979639663,0.7620032253579243,0.819297465175946,0.9159417403609178,18426,4064,1691,206219,20117,22490,0.1807025344597599,0.08405825918377492,1,1,20117.0,3066,0.1524084107968385,0.07620420539841925,1.0,0.9999885141147726,0.25,0.75,0.1796875,0.50085,4,12,['high_quality'],high_quality,Medium_Dice (25-75%)
20160318_181632_1281_361,0.8621881531899389,0.7577598665430902,0.9058454867610127,0.8225454736670179,30931,3215,6673,189581,37604,34146,0.09415451297370117,0.17745452611424317,8,1,4700.5,5071,0.13485267524731412,0.06742633762365706,0.125,0.9999879982508593,0.3125,0.6875,0.1640625,0.5011125000000001,5,11,"['complex_topology', 'high_quality']",complex_topology,Medium_Dice (25-75%)
20160318_181632_1281_721,0.9055064886207852,0.8273292433499406,0.8895528991192772,0.9220427636404319,20095,2495,1699,206111,21794,22590,0.11044710048694112,0.07795723593649628,1,1,21794.0,2539,0.1164999541158117,0.05824997705790585,1.0,0.999983754109824,0.375,0.625,0.1484375,0.5016875000000001,6,10,['high_quality'],high_quality,High_Dice (>75%)
20160318_181632_1921_1,0.7682235677465081,0.623671266660842,0.7685239476666199,0.7679234210433221,3931,1184,1188,224097,5119,5115,0.23147605083088954,0.23207657745653448,5,1,1023.8,1148,0.22426255127954678,0.11213127563977339,0.2,0.9999856240161888,0.375,0.625,0.1484375,0.502,6,10,"['complex_topology', 'boundary_margin_error']",complex_topology,Medium_Dice (25-75%)
20160318_181632_1921_361,0.8855515487449697,0.7946096993070524,0.913900282947562,0.8589086280915271,21611,2036,3550,203203,25161,23647,0.08609971666596186,0.14109137156710783,1,2,25161.0,3071,0.12205397241763045,0.06102698620881523,2.0,0.999981717337,0.3125,0.6875,0.171875,0.50115,5,11,['high_quality'],high_quality,High_Dice (>75%)
20160318_181632_1_1,0.9434154157636429,0.8928915203182651,0.9323241857483859,0.9547737123125375,30611,2222,1450,196117,32061,32833,0.0676758139676545,0.04522628738966345,1,1,32061.0,3190,0.0994978322572596,0.0497489161286298,1.0,0.9999873100903836,0.375,0.625,0.171875,0.500975,6,10,['high_quality'],high_quality,High_Dice (>75%)
20160318_181632_1_361,0.918900342590034,0.8499682118034155,0.9161717658378901,0.9216452184704844,4011,367,341,225681,4352,4378,0.0838282320694381,0.0783547794117647,2,1,2176.0,534,0.12270220588235294,0.06135110294117647,0.5,0.9999849498386921,0.4375,0.5625,0.1328125,0.5021874999999999,7,9,['high_quality'],high_quality,High_Dice (>75%)
20160318_181632_641_1,0.8617043316157904,0.7570127476975855,0.9343525137843861,0.799538280879037,2078,146,521,227655,2599,2224,0.06564748201438848,0.20046171604463256,2,1,1299.5,488,0.1877645248172374,0.0938822624086187,0.5,0.9999887203118725,0.4375,0.5625,0.1328125,0.5024,7,9,['high_quality'],high_quality,Medium_Dice (25-75%)
20160318_181632_641_361,0.9197255797556713,0.8513814291258088,0.9495682674178174,0.8917015074390722,35191,1869,4274,189066,39465,37060,0.050431732325957906,0.10829849233498036,1,1,39465.0,3248,0.08230077283669074,0.04115038641834537,1.0,0.999980748766773,0.3125,0.6875,0.1640625,0.5008874999999999,5,11,['high_quality'],high_quality,High_Dice (>75%)
20160318_181632_641_721,0.23766816119275566,0.13486005073460555,0.13492247149395686,0.9965811880634087,1166,7476,4,221754,1170,8642,0.865077528349919,0.003418803418803419,1,2,1170.0,668,0.5709401709401709,0.28547008547008546,2.0,0.9999796117189261,0.4375,0.5625,0.1484375,0.502025,7,9,"['false_crack_high_fp', 'thin_low_area_failure', 'over_segmentation']",false_crack_high_fp,Low_Dice (<25%)
20160321_183947_1281_361,0.7492469865413273,0.5990367230612982,0.6361892562781672,0.9111721570001274,1990,1138,194,227078,2184,3128,0.36381074168797956,0.08882783882783883,1,2,2184.0,385,0.1762820512820513,0.08814102564102565,2.0,0.9999904917740291,0.5,0.5,0.140625,0.5019750000000001,8,8,['boundary_margin_error'],boundary_margin_error,Medium_Dice (25-75%)
20160321_183947_1281_721,0.9297588782174318,0.8687377631956875,0.9016016252609808,0.9597315433188932,30173,3293,1266,195668,31439,33466,0.09839837446961094,0.040268456375838924,1,2,31439.0,3118,0.09917618244855116,0.04958809122427558,2.0,0.9999895824121102,0.5,0.5,0.1875,0.50065,8,8,['high_quality'],high_quality,High_Dice (>75%)
20160321_183947_1921_721,0.9065140450679918,0.8290129754106974,0.8703012119290128,0.9458713151421015,28431,4237,1627,196105,30058,32668,0.1296987878045794,0.05412868454321645,1,1,30058.0,3092,0.10286778894138,0.05143389447069,1.0,0.9999898566282118,0.5,0.5,0.1875,0.5006625,8,8,['high_quality'],high_quality,High_Dice (>75%)
20160321_183947_1_721,0.8867117400270914,0.7964799162156522,0.825122307723878,0.9582372424507867,45706,9687,1992,173015,47698,55393,0.17487769212716409,0.04176275734831649,1,1,47698.0,3492,0.07321061679735,0.036605308398675,1.0,0.9999900014456148,0.375,0.625,0.203125,0.5004625,6,10,['high_quality'],high_quality,High_Dice (>75%)
20160321_183947_641_721,0.8964701080192518,0.812365949063835,0.8184392228854902,0.9909481848281513,32952,7310,301,189837,33253,40262,0.18156077691123143,0.00905181487384597,1,1,33253.0,3297,0.0991489489670105,0.04957447448350525,1.0,0.9999852006809093,0.375,0.625,0.171875,0.5004,6,10,['high_quality'],high_quality,High_Dice (>75%)
20160321_185557_1281_721,0.8815540655012025,0.788195511566009,0.8692835075456629,0.8941759984135406,23076,3470,2731,201123,25807,26546,0.1307164921268741,0.10582400123997365,3,1,8602.333333333334,3922,0.1519742705467509,0.07598713527337544,0.3333333333333333,0.999986745924351,0.25,0.75,0.1796875,0.50085,4,12,['high_quality'],high_quality,High_Dice (>75%)
20160321_185557_1921_1,0.8596915900754476,0.7539114704348522,0.8118015570506252,0.9135861271783668,9589,2223,907,217681,10496,11812,0.18819844226210633,0.08641387195121951,1,1,10496.0,2096,0.19969512195121952,0.09984756097560976,1.0,0.9999879875345143,0.3125,0.6875,0.1640625,0.502,5,11,['high_quality'],high_quality,Medium_Dice (25-75%)
20160321_185557_1921_1081,0.814546480610394,0.6871180246947234,0.7949494942195138,0.835134091418933,8657,2233,1709,217801,10366,10890,0.20505050505050504,0.16486590777541965,1,1,10366.0,1930,0.18618560679143353,0.09309280339571677,1.0,0.9999869749313726,0.3125,0.6875,0.1640625,0.5017,5,11,['boundary_margin_error'],boundary_margin_error,Medium_Dice (25-75%)
20160321_185557_1921_361,0.7514374894235923,0.6018421048672091,0.6142483041601771,0.9675304061686617,9148,5745,307,215200,9455,14893,0.38575169542738197,0.03246959280803807,2,1,4727.5,2665,0.28186144896879956,0.14093072448439978,0.5,0.9999882749354043,0.375,0.625,0.1640625,0.501175,6,10,['boundary_margin_error'],boundary_margin_error,Medium_Dice (25-75%)
20160321_185557_1921_721,0.8986217810873988,0.815906621046687,0.9155522337493894,0.8823061174731612,23277,2147,3105,201871,26382,25424,0.08444776589049717,0.11769388219240391,1,2,26382.0,3311,0.1255022363732848,0.0627511181866424,2.0,0.9999871736201447,0.3125,0.6875,0.1640625,0.5007125,5,11,['high_quality'],high_quality,High_Dice (>75%)
20160321_185557_1_361,0.32541918132069864,0.19432874047688445,0.19536157159709847,0.9735152409830238,1213,4996,33,224158,1246,6209,0.804638428088259,0.026484751203852328,1,3,1246.0,314,0.2520064205457464,0.1260032102728732,3.0,0.9999878619751545,0.375,0.625,0.1875,0.502025,6,10,"['false_crack_high_fp', 'thin_low_area_failure', 'over_segmentation']",false_crack_high_fp,Low_Dice (<25%)
20160321_185557_1_721,0.8340592540960945,0.715353037473172,0.7415319145780715,0.9529694843306522,17426,6074,860,206040,18286,23500,0.25846808510638297,0.04703051514820081,1,1,18286.0,3861,0.21114513835721316,0.10557256917860658,1.0,0.9999896539803717,0.25,0.75,0.203125,0.501075,4,12,['boundary_margin_error'],boundary_margin_error,Medium_Dice (25-75%)
20160321_185557_641_721,0.9078655790309401,0.831276408471206,0.8900335942261888,0.9264267060208753,19870,2455,1578,206497,21448,22325,0.10996640537513998,0.0735732935471839,1,2,21448.0,3301,0.1539071242073853,0.07695356210369265,2.0,0.999985376729216,0.3125,0.6875,0.1796875,0.5005999999999999,5,11,['high_quality'],high_quality,High_Dice (>75%)
20160324_170347_1281_1,0.8782469881887629,0.7829236729845749,0.8705408503012934,0.8860907746909359,6052,900,778,222670,6830,6952,0.12945914844649023,0.11390922401171304,2,1,3415.0,2141,0.31346998535871157,0.15673499267935578,0.5,0.9999911919641098,0.375,0.625,0.15625,0.5012,6,10,['high_quality'],high_quality,High_Dice (>75%)
20160324_170347_1281_1081,0.8274221447322505,0.7056436730534321,0.8601618692143858,0.7970833322262731,5739,933,1461,222267,7200,6672,0.13983812949640287,0.20291666666666666,1,1,7200.0,2631,0.36541666666666667,0.18270833333333333,1.0,0.9999848664170703,0.375,0.625,0.2109375,0.50205,6,10,['boundary_margin_error'],boundary_margin_error,Medium_Dice (25-75%)
20160324_170347_1281_361,0.8061154370097827,0.6752038362827781,0.7185585946115164,0.9179707864919526,7039,2757,629,219975,7668,9796,0.2814414046549612,0.08202921231090245,5,1,1533.6,2600,0.33907146583202924,0.16953573291601462,0.2,0.9999922636303149,0.3125,0.6875,0.171875,0.5008125,5,11,"['complex_topology', 'boundary_margin_error']",complex_topology,Medium_Dice (25-75%)
20160324_170347_1281_721,0.7646853317539126,0.6190206846969775,0.7812563728520738,0.7488026578547525,7661,2145,2570,218024,10231,9806,0.21874362635121355,0.2511973414133516,1,2,10231.0,4382,0.4283061284331932,0.2141530642165966,2.0,0.9999920198926584,0.375,0.625,0.15625,0.500975,6,10,['boundary_margin_error'],boundary_margin_error,Medium_Dice (25-75%)
20160324_170347_641_1,0.7203065124243206,0.5628742502932544,0.5833333320404847,0.9413447748878941,2632,1880,164,225724,2796,4512,0.4166666666666667,0.058655221745350504,1,1,2796.0,2183,0.780758226037196,0.390379113018598,1.0,0.9999894707203013,0.4375,0.5625,0.1484375,0.500975,7,9,['moderate_general_error'],moderate_general_error,Medium_Dice (25-75%)
20160324_170347_641_361,0.7429522310660217,0.5910294337470341,0.6207065740583798,0.9251584570327683,3795,2319,307,223979,4102,6114,0.37929342492639845,0.07484154071184788,3,2,1367.3333333333333,2940,0.7167235494880546,0.3583617747440273,0.6666666666666666,0.9999916324086509,0.375,0.625,0.15625,0.500775,6,10,['boundary_margin_error'],boundary_margin_error,Medium_Dice (25-75%)
20160324_170347_641_721,0.8084431029861243,0.6784762901479054,0.7306368309505541,0.9047957339083632,2547,939,268,226646,2815,3486,0.2693631669535284,0.09520426287744227,1,1,2815.0,1498,0.5321492007104796,0.2660746003552398,1.0,0.9999878317216497,0.4375,0.5625,0.1875,0.502,7,9,['boundary_margin_error'],boundary_margin_error,Medium_Dice (25-75%)
20160326_141808_1281_1,0.13092852353917364,0.07005003563967115,0.1641541033026663,0.10888888864691358,490,2495,4010,223405,4500,2985,0.8358458961474037,0.8911111111111111,4,7,1125.0,1265,0.2811111111111111,0.14055555555555554,1.75,0.9999875132105646,0.375,0.625,0.1875,0.5018125,6,10,"['missed_crack_high_fn', 'false_crack_high_fp', 'thin_low_area_failure']",missed_crack_high_fn,Low_Dice (<25%)
20160326_141808_641_1,0.7811704801477078,0.6409185759156676,0.7229199315312408,0.8496309884720389,921,353,163,228963,1084,1274,0.2770800627943485,0.1503690036900369,1,4,1084.0,178,0.16420664206642066,0.08210332103321033,4.0,0.9999848157018874,0.5,0.5,0.140625,0.502,8,8,['boundary_margin_error'],boundary_margin_error,Medium_Dice (25-75%)
20160326_141808_641_361,0.59425837279955,0.42273655506881597,0.8044041435891855,0.4711684365151003,4347,1057,4879,220117,9226,5404,0.1955958549222798,0.5288315629742033,1,2,9226.0,1956,0.21200953826143507,0.10600476913071753,2.0,0.9999827631622151,0.5,0.5,0.1484375,0.5017375,8,8,['moderate_general_error'],moderate_general_error,Low_Dice (<25%)
20160326_141808_641_721,0.1394196742870728,0.07493343467106196,0.38754098106530505,0.08499928076370016,591,934,6362,222513,6953,1525,0.6124590163934426,0.9150007191140515,4,5,1738.25,1926,0.27700273263339564,0.13850136631669782,1.25,0.9999760937064076,0.4375,0.5625,0.15625,0.501825,7,9,"['missed_crack_high_fn', 'thin_low_area_failure']",missed_crack_high_fn,Low_Dice (<25%)
20160326_142521_1281_1,0.4150241290685365,0.2618488626105291,0.91818883221459,0.2681039661447536,3569,318,9743,216770,13312,3887,0.08181116542320556,0.7318960336538461,1,1,13312.0,1582,0.11884014423076923,0.059420072115384616,1.0,0.9999840360022556,0.4375,0.5625,0.1796875,0.5019375,7,9,['missed_crack_high_fn'],missed_crack_high_fn,Low_Dice (<25%)
20160326_142521_1281_1081,0.4303499319812417,0.27416934560735406,0.4811888619970321,0.38922702255256536,1279,1379,2007,225735,3286,2658,0.5188111361926261,0.6107729762629337,2,2,1643.0,933,0.2839318320146074,0.1419659160073037,1.0,0.9999819285379768,0.375,0.625,0.1796875,0.5020125,6,10,['thin_low_area_failure'],thin_low_area_failure,Low_Dice (<25%)
20160326_142521_1281_361,0.6330403766188764,0.4631010059046767,0.7711404177329086,0.5368910008243589,4970,1475,4287,219668,9257,6445,0.22885958107059737,0.46310899859565735,1,4,9257.0,1801,0.19455547153505456,0.09727773576752728,4.0,0.9999813792852101,0.4375,0.5625,0.1796875,0.5019,7,9,['fragmented_prediction'],fragmented_prediction,Low_Dice (<25%)
20160326_142521_1281_721,0.7089464070943259,0.5491223687304531,0.8788443604329059,0.5940959404247179,6601,910,4510,218379,11111,7511,0.1211556383970177,0.4059040590405904,1,1,11111.0,1846,0.16614166141661416,0.08307083070830708,1.0,0.9999744901395275,0.4375,0.5625,0.1640625,0.5017375000000001,7,9,['moderate_general_error'],moderate_general_error,Low_Dice (<25%)
20160326_142521_641_1,0.0,0.0,0.0,0.0,0,1422,1355,227623,1355,1422,1.0,1.0,1,1,1355.0,291,0.21476014760147602,0.10738007380073801,1.0,0.9999781400143017,0.375,0.625,0.15625,0.5015499999999999,6,10,"['missed_crack_high_fn', 'false_crack_high_fp', 'thin_low_area_failure']",missed_crack_high_fn,Low_Dice (<25%)
20160326_142521_641_1081,0.0,0.0,0.0,0.0,0,1111,2487,226802,2487,1111,1.0,1.0,2,3,1243.5,797,0.32046642541214315,0.16023321270607158,1.5,0.9999818567219038,0.4375,0.5625,0.1796875,0.501875,7,9,"['missed_crack_high_fn', 'false_crack_high_fp', 'thin_low_area_failure']",missed_crack_high_fn,Low_Dice (<25%)
20160326_142745_1281_1081,0.7825767762356824,0.6428140690596702,0.872578442366771,0.7094054997573082,3198,467,1310,225425,4508,3665,0.12742155525238744,0.2905944986690328,2,1,2254.0,1217,0.2699645075421473,0.13498225377107365,0.5,0.9999882918040816,0.375,0.625,0.1484375,0.5024625,6,10,['boundary_margin_error'],boundary_margin_error,Medium_Dice (25-75%)
20160326_142745_1281_361,0.2124547646166656,0.11885280462348984,0.9399599670449635,0.1197620058480561,1409,90,10356,218545,11765,1499,0.06004002668445631,0.8802379940501488,1,1,11765.0,1303,0.11075223119422015,0.05537611559711007,1.0,0.9999896608944048,0.375,0.625,0.1484375,0.5021125,6,10,['missed_crack_high_fn'],missed_crack_high_fn,Low_Dice (<25%)
20160326_142745_1281_721,0.7044232606443833,0.5437140381161393,0.8857735372162808,0.5847114223060391,10678,1377,7584,210761,18262,12055,0.11422646204894235,0.4152885773737816,1,2,18262.0,3193,0.17484393823239514,0.08742196911619757,2.0,0.9999906047298023,0.25,0.75,0.1796875,0.5013124999999999,4,12,['moderate_general_error'],moderate_general_error,Low_Dice (<25%)
20160326_142745_1921_1081,0.6469699823985559,0.47816380566741484,0.7921867757924486,0.5467453724525441,3427,899,2841,223233,6268,4326,0.20781322237632918,0.4532546266751755,2,1,3134.0,2013,0.3211550733886407,0.16057753669432034,0.5,0.9999897594374485,0.3125,0.6875,0.1640625,0.5020875,5,11,['moderate_general_error'],moderate_general_error,Low_Dice (<25%)
20160326_142745_1_1,0.5312144253307161,0.36166914660114763,0.9252855315271487,0.3725490193698991,5833,471,9824,214272,15657,6304,0.07471446700507614,0.6274509803921569,1,1,15657.0,3472,0.2217538481190522,0.1108769240595261,1.0,0.9999926775663148,0.25,0.75,0.171875,0.5012375,4,12,['moderate_general_error'],moderate_general_error,Low_Dice (<25%)
20160326_142745_641_361,0.7036893894509946,0.5428401061632694,0.9126310912148126,0.5725966420375458,11835,1133,8834,208598,20669,12968,0.08736890808143122,0.4274033576854226,1,4,20669.0,4010,0.19401035366974698,0.09700517683487349,4.0,0.9999905539684268,0.3125,0.6875,0.171875,0.5014375,5,11,['moderate_general_error'],moderate_general_error,Low_Dice (<25%)
20160328_151020_1281_361,0.5951202668330301,0.4236094042665645,0.4420602690993545,0.910307190467118,10342,13053,1019,205986,11361,23395,0.5579397307116906,0.08969280873162573,6,1,1893.5,3906,0.3438077634011091,0.17190388170055454,0.16666666666666666,0.9999902877791665,0.375,0.625,0.1953125,0.5012375,6,10,"['over_segmentation', 'complex_topology']",over_segmentation,Low_Dice (<25%)
20160328_151020_1921_361,0.537386196611634,0.3674149631069375,0.37931177430376795,0.9213494451950157,9149,14971,781,205499,9930,24120,0.6206882255389718,0.07865055387713998,1,1,9930.0,4010,0.4038267875125881,0.20191339375629405,1.0,0.999988964067804,0.3125,0.6875,0.1953125,0.5011375,5,11,['over_segmentation'],over_segmentation,Low_Dice (<25%)
20160328_151020_1_1,0.6822230399503807,0.5177075185201998,0.534137626105914,0.9439163491689867,13902,12125,826,203547,14728,26027,0.4658623736888616,0.05608365019011407,1,2,14728.0,4702,0.3192558392178164,0.1596279196089082,2.0,0.9999894297005758,0.3125,0.6875,0.2109375,0.501125,5,11,['moderate_general_error'],moderate_general_error,Low_Dice (<25%)
20160328_151020_1_361,0.3731196398333195,0.22934669873025693,0.23128540284855303,0.9647400910042162,2654,8821,97,218828,2751,11475,0.7687145969498911,0.03525990548891312,1,2,2751.0,1264,0.45946928389676484,0.22973464194838242,2.0,0.999983490618801,0.375,0.625,0.2421875,0.5015125,6,10,"['false_crack_high_fp', 'thin_low_area_failure', 'over_segmentation']",false_crack_high_fp,Low_Dice (<25%)
20160328_151020_641_361,0.5615791194342209,0.39041363137980384,0.4115872468895528,0.8835737402361293,6003,8582,791,215024,6794,14585,0.5884127528282482,0.11642625846335002,5,4,1358.8,2741,0.4034442154842508,0.2017221077421254,0.8,0.9999872003783553,0.3125,0.6875,0.1796875,0.5013749999999999,5,11,"['over_segmentation', 'complex_topology']",over_segmentation,Low_Dice (<25%)
20160328_151020_641_721,0.716743008835407,0.5585342715997532,0.5862809827667134,0.9218852991744518,11188,7895,948,210369,12136,19083,0.41371901692605983,0.07811470006591958,1,1,12136.0,3877,0.3194627554383652,0.1597313777191826,1.0,0.999982598614266,0.375,0.625,0.1640625,0.501225,6,10,['moderate_general_error'],moderate_general_error,Medium_Dice (25-75%)
20160328_151057_1281_1,0.8208868136708608,0.6961900037997856,0.7732185367773978,0.8748186510366454,4221,1238,604,224337,4825,5459,0.2267814618061916,0.12518134715025905,3,1,1608.3333333333333,1961,0.40642487046632125,0.20321243523316063,0.3333333333333333,0.9999950106711966,0.375,0.625,0.171875,0.501625,6,10,['boundary_margin_error'],boundary_margin_error,Medium_Dice (25-75%)
20160328_151057_1281_1081,0.5362049095664231,0.36631145511466284,0.3804552881644381,0.9078631425334239,3025,4926,307,222142,3332,7951,0.619544711357062,0.09213685474189676,4,4,833.0,2058,0.6176470588235294,0.3088235294117647,1.0,0.9999924278453838,0.3125,0.6875,0.1875,0.5020125,5,11,"['thin_low_area_failure', 'over_segmentation']",thin_low_area_failure,Low_Dice (<25%)
20160328_151057_1281_361,0.8165009316217364,0.689904160837726,0.7491090509634939,0.8972170037609408,5255,1760,602,222783,5857,7015,0.25089094796863864,0.10278299470718798,2,1,2928.5,2153,0.3675943315690627,0.18379716578453134,0.5,0.9999934741332905,0.25,0.75,0.171875,0.501675,4,12,['boundary_margin_error'],boundary_margin_error,Medium_Dice (25-75%)
20160328_151057_1281_721,0.8260178503405007,0.7036034155886256,0.841921614529303,0.810703785437869,13512,2537,3155,211196,16667,16049,0.15807838494610257,0.18929621407571848,2,3,8333.5,5496,0.32975340493190136,0.16487670246595068,1.5,0.9999919187697268,0.5,0.5,0.140625,0.5010625,8,8,['boundary_margin_error'],boundary_margin_error,Medium_Dice (25-75%)
20160328_151057_1921_721,0.8326898921658263,0.7133407708691897,0.8790140421496474,0.7910038876007389,8951,1232,2365,217852,11316,10183,0.12098595698713542,0.20899611170024743,1,1,11316.0,3174,0.2804878048780488,0.1402439024390244,1.0,0.9999908646877401,0.3125,0.6875,0.1875,0.5010125,5,11,['boundary_margin_error'],boundary_margin_error,Medium_Dice (25-75%)
20160328_151057_641_1081,0.7402075341308708,0.5875630742244538,0.6410297917081772,0.8756912168199709,3959,2217,562,223662,4521,6176,0.358970207253886,0.12430878124308781,2,1,2260.5,2225,0.49214775492147755,0.24607387746073878,0.5,0.999992863681721,0.4375,0.5625,0.15625,0.502,7,9,['boundary_margin_error'],boundary_margin_error,Medium_Dice (25-75%)
20160328_151057_641_721,0.7871526885995814,0.6490121890864339,0.7513381982946664,0.8265524610518337,4632,1533,972,223263,5604,6165,0.248661800486618,0.1734475374732334,2,1,2802.0,1913,0.3413633119200571,0.17068165596002854,0.5,0.9999932372178784,0.3125,0.6875,0.15625,0.501975,5,11,['boundary_margin_error'],boundary_margin_error,Medium_Dice (25-75%)
20160328_151244_1281_1081,0.821628801777338,0.6972580482420152,0.7127847069167622,0.9697053529904065,21030,8474,657,200239,21687,29504,0.2872152928416486,0.03029464656245677,1,3,21687.0,1886,0.08696454096924425,0.043482270484622124,3.0,0.9999878311475384,0.25,0.75,0.21875,0.5006125,4,12,['boundary_margin_error'],boundary_margin_error,Medium_Dice (25-75%)
20160328_151244_1281_361,0.8822148834024518,0.7892526661008389,0.8784381846885726,0.8860241965431689,21238,2939,2732,203491,23970,24177,0.12156181494809117,0.11397580308719232,1,1,23970.0,3379,0.14096787651230705,0.07048393825615352,1.0,0.9999951249634151,0.25,0.75,0.2421875,0.5005000000000001,4,12,['high_quality'],high_quality,High_Dice (>75%)
20160328_151244_1281_721,0.839946443283112,0.7240583319793239,0.809445786914872,0.8728356888531723,39522,9304,5758,175816,45280,48826,0.19055421291934624,0.1271643109540636,6,3,7546.666666666667,6598,0.1457155477031802,0.0728577738515901,0.5,0.9999917878364114,0.3125,0.6875,0.21875,0.50025,5,11,"['complex_topology', 'boundary_margin_error']",complex_topology,Medium_Dice (25-75%)
20160328_151244_1921_1081,0.7306414084989686,0.5755988996261305,0.7677667177095047,0.6969408770059584,4397,1330,1912,222761,6309,5727,0.2322332809498865,0.3030591218893644,3,2,2103.0,1675,0.26549373910286894,0.13274686955143447,0.6666666666666666,0.999993529991934,0.3125,0.6875,0.1953125,0.5019625,5,11,['boundary_margin_error'],boundary_margin_error,Medium_Dice (25-75%)
20160328_151244_1921_361,0.8761307597929312,0.7795664552857655,0.9202167795430415,0.8360757913126167,26828,2326,5260,195986,32088,29154,0.07978322014131851,0.16392420842682623,2,1,16044.0,3054,0.09517576664173523,0.047587883320867615,0.5,0.9999930910393733,0.375,0.625,0.2109375,0.5004249999999999,6,10,['high_quality'],high_quality,High_Dice (>75%)
20160328_151244_1921_721,0.8883904146089955,0.7991928337830115,0.8461346059890916,0.9350885677250849,40595,7382,2818,179605,43413,47977,0.15386539383454573,0.06491143205952134,4,2,10853.25,5681,0.1308594199894041,0.06542970999470205,0.5,0.9999942401681592,0.3125,0.6875,0.1953125,0.5006875000000001,5,11,['high_quality'],high_quality,High_Dice (>75%)
20160328_151244_1_1,0.8535092020759961,0.7444536001697345,0.8868458805078736,0.8225879878050821,23489,2997,5066,198848,28555,26486,0.11315411915729065,0.17741201190684644,1,1,28555.0,4036,0.1413412712309578,0.0706706356154789,1.0,0.9999929955135487,0.375,0.625,0.234375,0.50005,6,10,['high_quality'],high_quality,Medium_Dice (25-75%)
20160328_151244_1_1081,0.8414897314016779,0.726355004535086,0.863675334576057,0.8204153647069156,6044,954,1323,222079,7367,6998,0.13632466418976852,0.1795846341794489,1,1,7367.0,1519,0.20618976516899687,0.10309488258449843,1.0,0.9999899847599982,0.4375,0.5625,0.171875,0.5012375,7,9,['boundary_margin_error'],boundary_margin_error,Medium_Dice (25-75%)
20160328_151244_1_721,0.8896087957371008,0.8011670052156454,0.8634587894885857,0.9173921841884024,18124,2866,1632,207778,19756,20990,0.13654121010004763,0.08260781534723628,1,1,19756.0,2941,0.14886616724033205,0.07443308362016603,1.0,0.9999937899445871,0.375,0.625,0.1875,0.500675,6,10,['high_quality'],high_quality,High_Dice (>75%)
20160328_151244_641_1,0.8938906750358542,0.8081395345481148,0.8974772859394561,0.890332616145705,19460,2223,2397,206320,21857,21683,0.10252271364663561,0.10966738344695064,1,2,21857.0,3341,0.15285720821704718,0.07642860410852359,2.0,0.9999948227945417,0.3125,0.6875,0.21875,0.5005875,5,11,['high_quality'],high_quality,High_Dice (>75%)
20160328_151244_641_361,0.8965756390993856,0.8125392830439245,0.8784755643703066,0.9154372707922593,15513,2146,1433,211308,16946,17659,0.12152443513222719,0.08456272866753216,1,1,16946.0,2183,0.12882096069868995,0.06441048034934498,1.0,0.9999943570061987,0.375,0.625,0.1953125,0.5012624999999999,6,10,['high_quality'],high_quality,High_Dice (>75%)
20160328_151244_641_721,0.8817120695521925,0.7884481675476185,0.8775267536988228,0.8859374998311856,46494,6489,5986,171431,52480,52983,0.12247324613555291,0.1140625,1,1,52480.0,5253,0.1000952743902439,0.05004763719512195,1.0,0.9999947772569753,0.3125,0.6875,0.2265625,0.5003875,5,11,['high_quality'],high_quality,High_Dice (>75%)
20160328_151752_1281_361,0.7574760853503496,0.6096269668692311,0.8004464280609398,0.7188842426720407,12551,3129,4908,209812,17459,15680,0.19955357142857144,0.28111575691620366,2,1,8729.5,2428,0.13906867518185462,0.06953433759092731,0.5,0.9999953594921855,0.3125,0.6875,0.21875,0.5006124999999999,5,11,['boundary_margin_error'],boundary_margin_error,Medium_Dice (25-75%)
20160328_151752_1281_721,0.8024803381711432,0.6701187160013656,0.8698360641478098,0.7448062875564202,5306,794,1818,222482,7124,6100,0.1301639344262295,0.25519371139809094,1,2,7124.0,1432,0.20101066816395283,0.10050533408197641,2.0,0.9999920480349276,0.4375,0.5625,0.1796875,0.501525,7,9,['boundary_margin_error'],boundary_margin_error,Medium_Dice (25-75%)
20160328_151752_1921_721,0.7765707708224232,0.6347492378815045,0.897584591988942,0.6843108620571465,16871,1925,7783,203821,24654,18796,0.10241540753351777,0.31568913766528756,4,1,6163.5,4532,0.18382412590249048,0.09191206295124524,0.25,0.999993091642619,0.375,0.625,0.2265625,0.5008625,6,10,['boundary_margin_error'],boundary_margin_error,Medium_Dice (25-75%)
20160328_151752_1_361,0.7489994958204134,0.5987203788631658,0.6393865772652159,0.9039713768129006,12633,7125,1342,209300,13975,19758,0.3606134224111752,0.09602862254025045,1,1,13975.0,2708,0.19377459749552772,0.09688729874776386,1.0,0.9999920734840794,0.375,0.625,0.203125,0.5005625,6,10,['boundary_margin_error'],boundary_margin_error,Medium_Dice (25-75%)
20160328_151752_1_721,0.44847726231022683,0.28905619712542024,0.28913394220243693,0.9990706226852173,1075,2643,1,226681,1076,3718,0.7108660570199031,0.0009293680297397769,5,2,215.2,573,0.5325278810408922,0.2662639405204461,0.4,0.9999909053194834,0.4375,0.5625,0.15625,0.501775,7,9,"['false_crack_high_fp', 'thin_low_area_failure', 'over_segmentation', 'complex_topology']",false_crack_high_fp,Low_Dice (<25%)
20160328_151752_641_361,0.7864839756650059,0.648103494221264,0.7651604153795027,0.8090300999479073,16933,5197,3997,204273,20930,22130,0.23483958427474017,0.19096989966555183,5,2,4186.0,3827,0.18284758719541327,0.09142379359770664,0.4,0.9999943514020205,0.3125,0.6875,0.2265625,0.5007,5,11,"['complex_topology', 'boundary_margin_error']",complex_topology,Medium_Dice (25-75%)
20160328_152022_1281_721,0.90063162454791,0.8192264255168755,0.8507138875807809,0.956772619046171,29017,5092,1311,194980,30328,34109,0.14928611216980855,0.043227380638354,1,1,30328.0,3008,0.09918227380638354,0.04959113690319177,1.0,0.9999922803792329,0.375,0.625,0.203125,0.5005625,6,10,['high_quality'],high_quality,High_Dice (>75%)
20160328_152022_1921_1,0.8204737985996684,0.6955960771584414,0.7407712734810192,0.9193951785818609,8087,2830,709,218774,8796,10917,0.25922872584043233,0.08060482037289678,1,3,8796.0,850,0.09663483401546158,0.04831741700773079,3.0,0.9999903936702526,0.375,0.625,0.1640625,0.5014375,6,10,['boundary_margin_error'],boundary_margin_error,Medium_Dice (25-75%)
20160328_152022_1921_361,0.7601407195439026,0.6130862844888944,0.6743372811903225,0.870963041682792,17934,8661,2657,201148,20591,26595,0.32566271855611956,0.12903695789422565,3,2,6863.666666666667,3230,0.15686464960419602,0.07843232480209801,0.6666666666666666,0.9999921490027006,0.375,0.625,0.171875,0.5003125,6,10,['boundary_margin_error'],boundary_margin_error,Medium_Dice (25-75%)
20160328_152022_1921_721,0.8695926456067085,0.7692736978639292,0.8066376853313513,0.9432062551874817,9649,2313,581,217857,10230,11962,0.19336231399431533,0.056793743890518084,1,1,10230.0,1710,0.16715542521994134,0.08357771260997067,1.0,0.9999930302259985,0.3125,0.6875,0.1796875,0.501325,5,11,['high_quality'],high_quality,Medium_Dice (25-75%)
20160328_152022_1_1081,0.7099209741229572,0.5502926253996936,0.5953064320485342,0.8791921195870938,7052,4794,969,217585,8021,11846,0.4046935674489279,0.12080787931679342,1,1,8021.0,2299,0.28662261563396085,0.14331130781698043,1.0,0.9999946386173111,0.4375,0.5625,0.15625,0.5009875,7,9,['moderate_general_error'],moderate_general_error,Low_Dice (<25%)
20160328_152022_1_361,0.6820437946247536,0.5175011065186064,0.5397412187159399,0.926249005050559,2336,1992,186,225886,2522,4328,0.4602587800369686,0.07375099127676447,2,2,1261.0,818,0.32434575733544807,0.16217287866772404,1.0,0.9999914816029574,0.375,0.625,0.1953125,0.5015499999999999,6,10,['moderate_general_error'],moderate_general_error,Low_Dice (<25%)
20160328_152022_1_721,0.7475381580825098,0.5968550362684472,0.6874575495953616,0.8191259767748503,6073,2761,1341,220225,7414,8834,0.3125424496264433,0.18087402212031292,2,3,3707.0,1733,0.23374696520097113,0.11687348260048556,1.5,0.9999923288027442,0.375,0.625,0.1953125,0.5016250000000001,6,10,['boundary_margin_error'],boundary_margin_error,Medium_Dice (25-75%)
20160328_152022_641_361,0.8322974470498619,0.7127649459591461,0.7932092231895446,0.875437776747935,14998,3910,2134,209358,17132,18908,0.20679077639094562,0.12456222274106935,1,1,17132.0,2760,0.16110203128648143,0.08055101564324071,1.0,0.9999943103537949,0.25,0.75,0.2265625,0.5006875000000001,4,12,['boundary_margin_error'],boundary_margin_error,Medium_Dice (25-75%)
20160328_152022_641_721,0.8118549430906731,0.6832961500530231,0.7311560337610951,0.9125776588610514,14395,5293,1379,209333,15774,19688,0.2688439658675335,0.08742234056041587,3,2,5258.0,2652,0.1681247622670217,0.08406238113351085,0.6666666666666666,0.9999928210554974,0.375,0.625,0.171875,0.5005875,6,10,['boundary_margin_error'],boundary_margin_error,Medium_Dice (25-75%)
20160328_152305_1281_361,0.8904955031768366,0.8026064839994668,0.8463214340839498,0.9395348831382729,15150,2751,975,211524,16125,17901,0.15367856544327133,0.06046511627906977,2,2,8062.5,1636,0.10145736434108527,0.05072868217054263,1.0,0.9999919958719347,0.3125,0.6875,0.15625,0.5015499999999999,5,11,['high_quality'],high_quality,High_Dice (>75%)
20160328_152305_1281_721,0.8197290946817255,0.6945262235881986,0.7163180382836718,0.9580356464179622,12739,5045,558,212058,13297,17784,0.2836819613135403,0.04196435286154772,2,3,6648.5,1594,0.11987666390915244,0.05993833195457622,1.5,0.9999924265087381,0.3125,0.6875,0.1640625,0.5013875,5,11,['boundary_margin_error'],boundary_margin_error,Medium_Dice (25-75%)
20160328_152305_1921_361,0.8054947241080042,0.6743333331085556,0.7264957262348288,0.9037705499893806,20230,7616,2154,200400,22384,27846,0.27350427350427353,0.09622944960686204,3,4,7461.333333333333,2186,0.0976590421729807,0.04882952108649035,1.3333333333333333,0.9999881880789464,0.25,0.75,0.1875,0.5015625,4,12,['boundary_margin_error'],boundary_margin_error,Medium_Dice (25-75%)
20160328_152305_1921_721,0.927839559875097,0.8653924591425952,0.9148084261951408,0.9412473057794097,14851,1383,927,213239,15778,16234,0.08519157324134533,0.058752693624033465,1,1,15778.0,1312,0.08315375839776905,0.041576879198884524,1.0,0.9999891275944206,0.25,0.75,0.203125,0.5010875,4,12,['high_quality'],high_quality,High_Dice (>75%)
20160328_152305_1_361,0.7786232647154854,0.6374963942096935,0.7094434097005563,0.8627527512977182,11051,4526,1758,213065,12809,15577,0.2905565898440008,0.1372472480287298,1,1,12809.0,3367,0.26286205012100866,0.13143102506050433,1.0,0.9999915266354045,0.375,0.625,0.1875,0.5012875,6,10,['boundary_margin_error'],boundary_margin_error,Medium_Dice (25-75%)
20160328_152305_641_361,0.7599710456894785,0.6128655649916143,0.6664762263273813,0.8839774346350279,10499,5254,1378,213269,11877,15753,0.33352377324953975,0.11602256462069546,2,2,5938.5,2578,0.2170581796750021,0.10852908983750105,1.0,0.9999923217686606,0.3125,0.6875,0.171875,0.5016499999999999,5,11,['boundary_margin_error'],boundary_margin_error,Medium_Dice (25-75%)
20160328_152305_641_721,0.793554314605613,0.6577621555720515,0.7333130140056111,0.8645790549976494,16842,6125,2638,204795,19480,22967,0.2666869856750991,0.13542094455852155,2,2,9740.0,2953,0.15159137577002055,0.07579568788501027,1.0,0.9999925132895433,0.3125,0.6875,0.1875,0.5008875,5,11,['boundary_margin_error'],boundary_margin_error,Medium_Dice (25-75%)
20160328_152511_1281_361,0.7168250895672493,0.5586339662186038,0.6168777145606085,0.8554216856505746,6674,4145,1128,218453,7802,10819,0.38312228486921157,0.14457831325301204,3,2,2600.6666666666665,2301,0.2949243783645219,0.14746218918226095,0.6666666666666666,0.9999929168732451,0.25,0.75,0.171875,0.5018625,4,12,['boundary_margin_error'],boundary_margin_error,Medium_Dice (25-75%)
20160328_152511_1281_721,0.8351521157116798,0.716962383652289,0.7446557559418314,0.950686992375895,5051,1732,262,223355,5313,6783,0.255344242960342,0.04931300583474497,1,1,5313.0,1252,0.23564840956145303,0.11782420478072651,1.0,0.9999900208713755,0.3125,0.6875,0.15625,0.5020875,5,11,['boundary_margin_error'],boundary_margin_error,Medium_Dice (25-75%)
20160328_152511_1921_361,0.7452503232931437,0.5939434272253289,0.6791476402746213,0.825608288624657,8924,4216,1885,215375,10809,13140,0.3208523592085236,0.17439171061152742,2,2,5404.5,1974,0.1826255897862892,0.0913127948931446,1.0,0.9999885975257589,0.25,0.75,0.1640625,0.5017125,4,12,['boundary_margin_error'],boundary_margin_error,Medium_Dice (25-75%)
20160328_152511_1921_721,0.541900846789782,0.3716488316975621,0.7895380083364996,0.4125159637132619,3230,861,4600,221709,7830,4091,0.21046198973356148,0.5874840357598978,1,1,7830.0,1447,0.18480204342273307,0.09240102171136653,1.0,0.9999894650973971,0.25,0.75,0.1796875,0.5021,4,12,['thin_low_area_failure'],thin_low_area_failure,Low_Dice (<25%)
20160328_152511_1_361,0.6509879145785583,0.4825664066420759,0.5529917868902413,0.791196492780755,8484,6858,2239,212819,10723,15342,0.4470082127493156,0.20880350648139515,1,2,10723.0,3459,0.3225776368553576,0.1612888184276788,2.0,0.9999921463920132,0.4375,0.5625,0.1875,0.501325,7,9,['moderate_general_error'],moderate_general_error,Low_Dice (<25%)
20160328_152511_641_361,0.7816461564585845,0.6415592322395903,0.6517815703337382,0.9761371526943107,12640,6753,309,210698,12949,19393,0.34821842933017066,0.023862846551857286,1,1,12949.0,2798,0.21607846165727082,0.10803923082863541,1.0,0.9999922796410439,0.3125,0.6875,0.1640625,0.5013249999999999,5,11,['boundary_margin_error'],boundary_margin_error,Medium_Dice (25-75%)
20160328_152511_641_721,0.6652569239474373,0.49841571451706046,0.5330396457707908,0.8847019072851411,1573,1378,205,227244,1778,2951,0.4669603524229075,0.11529808773903262,1,2,1778.0,514,0.2890888638920135,0.14454443194600675,2.0,0.9999917323801344,0.3125,0.6875,0.15625,0.502375,5,11,['moderate_general_error'],moderate_general_error,Low_Dice (<25%)
20160328_152747_1281_361,0.7980953152911582,0.6640254634538633,0.7708333327273323,0.8273563405388943,9805,2915,2046,215634,11851,12720,0.22916666666666666,0.17264365876297358,2,2,5925.5,3166,0.26715045143869715,0.13357522571934857,1.0,0.9999935650174137,0.25,0.75,0.171875,0.5016,4,12,['boundary_margin_error'],boundary_margin_error,Medium_Dice (25-75%)
20160328_152747_1281_721,0.7221869024747046,0.5651741274786928,0.582365001427324,0.9503625156142638,1704,1222,89,227385,1793,2926,0.417634996582365,0.049637479085331844,1,1,1793.0,390,0.21751254880089235,0.10875627440044618,1.0,0.9999917788491198,0.3125,0.6875,0.171875,0.50205,5,11,['moderate_general_error'],moderate_general_error,Medium_Dice (25-75%)
20160328_152747_1921_361,0.7791314656057117,0.6381780213479444,0.8211697070600039,0.7411877498498743,13142,2862,4589,209807,17731,16004,0.17883029242689327,0.2588122497321076,1,1,17731.0,3321,0.18729908070610796,0.09364954035305398,1.0,0.9999911706326416,0.25,0.75,0.234375,0.5014500000000001,4,12,['boundary_margin_error'],boundary_margin_error,Medium_Dice (25-75%)
20160328_152747_1_361,0.7637981708181751,0.6178587935949681,0.6774567306267965,0.875362589243602,9355,4454,1332,215259,10687,13809,0.3225432688826128,0.12463740993730701,1,1,10687.0,2884,0.26986057827266774,0.13493028913633387,1.0,0.9999933159357565,0.375,0.625,0.1875,0.5015000000000001,6,10,['boundary_margin_error'],boundary_margin_error,Medium_Dice (25-75%)
20160328_152747_641_361,0.7619047616531587,0.6153846150563402,0.6781095693168884,0.8693293135875438,11536,5476,1734,211654,13270,17012,0.32189043028450504,0.1306706857573474,1,1,13270.0,3624,0.27309721175584023,0.13654860587792012,1.0,0.9999927030261322,0.375,0.625,0.1796875,0.5015125,6,10,['boundary_margin_error'],boundary_margin_error,Medium_Dice (25-75%)
20160328_153548_1281_1081,0.8119540192553838,0.6834365272179835,0.9682017437697178,0.6991290522634279,883,29,380,229108,1263,912,0.03179824561403509,0.3008709422011085,1,1,1263.0,218,0.1726049089469517,0.08630245447347586,1.0,0.9999872564921706,0.375,0.625,0.1640625,0.502275,6,10,['boundary_margin_error'],boundary_margin_error,Medium_Dice (25-75%)
20160328_153548_1281_361,0.8748260546850268,0.7775029437249671,0.9469229652174395,0.812931033481612,6601,370,1519,221910,8120,6971,0.05307703342418591,0.1870689655172414,1,2,8120.0,1052,0.12955665024630542,0.06477832512315271,2.0,0.9999937198827336,0.375,0.625,0.1640625,0.5014,6,10,['high_quality'],high_quality,High_Dice (>75%)
20160328_153548_1281_721,0.8211363434088298,0.6965490358598779,0.8246778599181152,0.8176251140924807,23232,4939,5182,197047,28414,28171,0.17532213978914488,0.1823748856197649,3,3,9471.333333333334,4591,0.161575279791652,0.080787639895826,1.0,0.9999855821818157,0.25,0.75,0.1875,0.5001125,4,12,['boundary_margin_error'],boundary_margin_error,Medium_Dice (25-75%)
20160328_153548_1921_361,0.9072065375530436,0.8301720029708533,0.9112686560363666,0.9031804727047482,12211,1189,1309,215691,13520,13400,0.08873134328358209,0.09681952662721893,1,1,13520.0,1494,0.11050295857988165,0.05525147928994083,1.0,0.9999905807539313,0.3125,0.6875,0.1796875,0.50125,5,11,['high_quality'],high_quality,High_Dice (>75%)
20160328_153548_1921_721,0.906881035747673,0.8296270263392265,0.8885961606061636,0.9259342254882995,16527,2072,1322,210479,17849,18599,0.11140383891607075,0.07406577399294079,2,1,8924.5,2779,0.15569499691859487,0.07784749845929743,0.5,0.9999901383265182,0.25,0.75,0.234375,0.5009,4,12,['high_quality'],high_quality,High_Dice (>75%)
20160328_153548_1_1,0.7918653005396425,0.6554445467821994,0.8390112838049375,0.7497359066792779,15614,2996,5212,206578,20826,18610,0.16098871574422355,0.25026409296072216,1,1,20826.0,3686,0.1769903005858062,0.0884951502929031,1.0,0.9999951294572342,0.375,0.625,0.203125,0.500725,6,10,['boundary_margin_error'],boundary_margin_error,Medium_Dice (25-75%)
20160328_153548_1_1081,0.7517656865726384,0.6022632758015315,0.7388306586467456,0.7651617032452253,23896,8447,7334,190723,31230,32343,0.2611693411248184,0.23483829650976626,1,1,31230.0,4278,0.13698366954851104,0.06849183477425552,1.0,0.9999913329514829,0.25,0.75,0.21875,0.50075,4,12,['boundary_margin_error'],boundary_margin_error,Medium_Dice (25-75%)
20160328_153548_641_1,0.7887857200137153,0.6512354857826206,0.7402707263277991,0.8441057286434387,4375,1535,808,223682,5183,5910,0.25972927241962773,0.15589426972795678,1,2,5183.0,1078,0.20798765193903146,0.10399382596951573,2.0,0.9999938659023668,0.375,0.625,0.171875,0.5017,6,10,['boundary_margin_error'],boundary_margin_error,Medium_Dice (25-75%)
20160328_153548_641_1081,0.7191023212987813,0.5614049687621603,0.672583137721203,0.7725346462189127,13490,6567,3972,206371,17462,20057,0.32741686194346115,0.22746535333867826,1,1,17462.0,3550,0.2032985912266636,0.1016492956133318,1.0,0.9999920387106713,0.3125,0.6875,0.171875,0.50105,5,11,['boundary_margin_error'],boundary_margin_error,Medium_Dice (25-75%)
20160328_153548_641_361,0.6566526872614162,0.48881825350344166,0.5932763838615647,0.7351886618828946,4306,2952,1551,221591,5857,7258,0.4067236153210251,0.2648113368618747,10,3,585.7,2268,0.38722895680382446,0.19361447840191223,0.3,0.9999920967145934,0.3125,0.6875,0.1796875,0.5011125000000001,5,11,['complex_topology'],complex_topology,Low_Dice (<25%)
20160328_153548_641_721,0.7799655655720877,0.6392979932060872,0.7810168636568134,0.7789170934232106,12458,3493,3536,210913,15994,15951,0.2189831358535515,0.22108290608978368,2,1,7997.0,3223,0.2015130674002751,0.10075653370013755,0.5,0.9999893248333253,0.25,0.75,0.1875,0.500875,4,12,['boundary_margin_error'],boundary_margin_error,Medium_Dice (25-75%)
20160328_153604_1281_1,0.648886652000952,0.4802607071878392,0.5092309206148377,0.8940890953473928,5158,4971,611,219660,5769,10129,0.49076907888241683,0.10591090310279078,1,2,5769.0,1772,0.3071589530247877,0.15357947651239384,2.0,0.9999936322356132,0.375,0.625,0.1640625,0.50135,6,10,['moderate_general_error'],moderate_general_error,Low_Dice (<25%)
20160328_153604_1281_361,0.7880976372220082,0.650297962465793,0.748696946735083,0.8318756643234395,14077,4725,2845,208753,16922,18802,0.2513030528667163,0.1681243351849663,1,1,16922.0,3158,0.18662096678879564,0.09331048339439782,1.0,0.9999952696894481,0.25,0.75,0.1875,0.500875,4,12,['boundary_margin_error'],boundary_margin_error,Medium_Dice (25-75%)
20160328_153604_1281_721,0.7265821017819271,0.5705763228227375,0.6142469946887539,0.8892016369078799,10425,6547,1299,212129,11724,16972,0.3857530049493283,0.11079836233367452,1,3,11724.0,2934,0.2502558853633572,0.1251279426816786,3.0,0.9999947013976433,0.4375,0.5625,0.1796875,0.5013125,7,9,['boundary_margin_error'],boundary_margin_error,Medium_Dice (25-75%)
20160328_153604_1921_361,0.7414619416802665,0.5891454269330463,0.6849334165203003,0.8081605784730499,9824,4519,2332,213725,12156,14343,0.31506658300216134,0.1918394208621257,2,2,6078.0,3155,0.25954261270154655,0.12977130635077327,1.0,0.9999929712581921,0.25,0.75,0.1953125,0.5018125,4,12,['boundary_margin_error'],boundary_margin_error,Medium_Dice (25-75%)
20160328_153604_1921_721,0.8014376252892883,0.668665763417382,0.7058062754708282,0.9270451489253061,10369,4322,816,214893,11185,14691,0.29419372404873734,0.072954850245865,1,1,11185.0,2448,0.218864550737595,0.1094322753687975,1.0,0.9999940203970152,0.375,0.625,0.1796875,0.501275,6,10,['boundary_margin_error'],boundary_margin_error,Medium_Dice (25-75%)
20160328_153604_1_1,0.827956570483731,0.7064214086550094,0.7667027021501241,0.8998477407377367,10638,3237,1184,215341,11822,13875,0.23329729729729728,0.10015225850109964,1,1,11822.0,2152,0.18203349687024192,0.09101674843512096,1.0,0.999993259517084,0.1875,0.8125,0.1875,0.500975,3,13,['boundary_margin_error'],boundary_margin_error,Medium_Dice (25-75%)
20160328_153604_1_361,0.7609635137226485,0.6141574700588042,0.6735013790610099,0.874531834493949,10741,5207,1541,212911,12282,15948,0.3264986205166792,0.1254681647940075,1,1,12282.0,2675,0.21779840416870216,0.10889920208435108,1.0,0.9999912494025516,0.25,0.75,0.171875,0.501275,4,12,['boundary_margin_error'],boundary_margin_error,Medium_Dice (25-75%)
20160328_153604_641_1,0.7772321425101643,0.6356334423982232,0.6727202467753322,0.9201902738687207,8705,4235,755,216705,9460,12940,0.32727975270479137,0.07980972515856237,1,2,9460.0,1886,0.19936575052854122,0.09968287526427061,2.0,0.9999939604508674,0.3125,0.6875,0.1796875,0.5009125,5,11,['boundary_margin_error'],boundary_margin_error,Medium_Dice (25-75%)
20160328_153604_641_1081,0.8560450817479393,0.74832064453725,0.8524205474404833,0.8597005706334823,16710,2893,2727,208070,19437,19603,0.1475794521246748,0.1402994289242167,1,1,19437.0,2413,0.1241446725317693,0.06207233626588465,1.0,0.9999928234532198,0.25,0.75,0.203125,0.5007875,4,12,['high_quality'],high_quality,Medium_Dice (25-75%)
20160328_153604_641_361,0.7712662378907769,0.627691906639592,0.6804254715110719,0.8900997408631328,14457,6790,1785,207368,16242,21247,0.31957452816868265,0.10990025858884374,3,1,5414.0,4470,0.27521241226449944,0.13760620613224972,0.3333333333333333,0.9999965583294994,0.375,0.625,0.1875,0.4999875,6,10,['boundary_margin_error'],boundary_margin_error,Medium_Dice (25-75%)
20160328_153604_641_721,0.7852813850385648,0.6464718457150638,0.7206992447240483,0.8625772699799081,12698,4921,2023,210758,14721,17619,0.27930075486690503,0.13742272943414172,2,2,7360.5,3390,0.23028326879967392,0.11514163439983696,1.0,0.9999945361863605,0.375,0.625,0.1640625,0.5008374999999999,6,10,['boundary_margin_error'],boundary_margin_error,Medium_Dice (25-75%)
20160328_153620_1281_1081,0.8685387213941358,0.7676256694036494,0.9148455127549151,0.8266939025308344,2428,226,509,227237,2937,2654,0.08515448379804069,0.17330609465440927,1,1,2937.0,555,0.18896833503575078,0.09448416751787539,1.0,0.9999889663578632,0.375,0.625,0.1484375,0.5022125,6,10,['high_quality'],high_quality,Medium_Dice (25-75%)
20160328_153620_1281_361,0.7989782419378075,0.665248765540211,0.8256811537603278,0.7739483914868441,35032,7396,10232,177740,45264,42428,0.1743188460450646,0.2260516083421704,2,1,22632.0,7174,0.1584924001413927,0.07924620007069635,0.5,0.9999935694326009,0.375,0.625,0.1875,0.4996875,6,10,['boundary_margin_error'],boundary_margin_error,Medium_Dice (25-75%)
20160328_153620_1281_721,0.8424458102469982,0.7277808829207026,0.7567292670432165,0.9500615674966655,20832,6697,1095,201776,21927,27529,0.24327073268189908,0.04993843207005062,12,2,1827.25,5996,0.2734528207233092,0.1367264103616546,0.16666666666666666,0.999992331452173,0.3125,0.6875,0.1796875,0.5005625,5,11,"['complex_topology', 'boundary_margin_error']",complex_topology,Medium_Dice (25-75%)
20160328_153620_1921_1081,0.898077760665241,0.8150101056199929,0.9036344140079564,0.8925890270523686,9274,989,1116,219021,10390,10263,0.09636558511156582,0.10741097208854668,1,2,10390.0,1998,0.1923002887391723,0.09615014436958615,2.0,0.9999900459626028,0.3125,0.6875,0.1640625,0.5021625,5,11,['high_quality'],high_quality,High_Dice (>75%)
20160328_153620_1921_361,0.9031458530500245,0.8233964885499169,0.8632346238836037,0.9469265364161498,28422,4503,1593,195882,30015,32925,0.1367653758542141,0.05307346326836582,2,1,15007.5,4710,0.15692153923038482,0.07846076961519241,0.5,0.9999928861147265,0.4375,0.5625,0.15625,0.5007250000000001,7,9,['high_quality'],high_quality,High_Dice (>75%)
20160328_153620_1_361,0.9261673417005014,0.8624875901680648,0.887148066845471,0.9687768818400049,30407,3868,980,195145,31387,34275,0.11285193289569657,0.031223117851339726,2,1,15693.5,3918,0.1248287507566827,0.06241437537834135,0.5,0.9999914872760615,0.4375,0.5625,0.15625,0.5001875,7,9,['high_quality'],high_quality,High_Dice (>75%)
20160328_153620_1_721,0.956479999234816,0.9165900016611622,0.9342084686135201,0.9798393689889537,5978,421,123,223878,6101,6399,0.06579152992655102,0.020160629405015573,1,2,6101.0,709,0.11621045730208163,0.05810522865104081,2.0,0.999989511821914,0.3125,0.6875,0.1953125,0.5015375,5,11,['high_quality'],high_quality,High_Dice (>75%)
20160328_153620_641_361,0.8647204726421672,0.7616806714154839,0.7929546240604752,0.9507692294394836,6798,1775,352,221475,7150,8573,0.20704537501458067,0.04923076923076923,4,2,1787.5,1854,0.2593006993006993,0.12965034965034966,0.5,0.9999932783872912,0.375,0.625,0.1484375,0.5013624999999999,6,10,['high_quality'],high_quality,Medium_Dice (25-75%)
20160328_153620_641_721,0.8779013759414805,0.782374523164638,0.8466096886728971,0.9115949962280261,43288,7843,4198,175071,47486,51131,0.15339031116152627,0.08840500358000253,3,1,15828.666666666666,8363,0.17611506549298742,0.08805753274649371,0.3333333333333333,0.9999880762758022,0.375,0.625,0.1875,0.49984999999999996,6,10,['high_quality'],high_quality,High_Dice (>75%)
20160328_153629_1281_361,0.9635285065563394,0.9296237404031545,0.9346760433347442,0.9942189968326695,8771,613,51,220965,8822,9384,0.0653239556692242,0.005781002040353661,1,1,8822.0,698,0.07912038086601678,0.03956019043300839,1.0,0.9999948551061724,0.4375,0.5625,0.21875,0.5017375000000001,7,9,['high_quality'],high_quality,High_Dice (>75%)
20160328_153629_1281_721,0.906698216803309,0.8293210810945774,0.893950556281127,0.9198146974437504,21841,2591,1904,204064,23745,24432,0.1060494433529797,0.08018530216887766,1,1,23745.0,3705,0.1560328490208465,0.07801642451042325,1.0,0.9999905355220498,0.375,0.625,0.1875,0.5006,6,10,['high_quality'],high_quality,High_Dice (>75%)
20160328_153629_1921_361,0.921317157567147,0.8541131102903384,0.9090569906696959,0.9339125432223105,29238,2925,2069,196168,31307,32163,0.09094300904766346,0.0660874564793816,1,1,31307.0,3988,0.1273836522183537,0.06369182610917686,1.0,0.999993503117734,0.4375,0.5625,0.1875,0.500675,7,9,['high_quality'],high_quality,High_Dice (>75%)
20160328_153629_1_361,0.9156378313152428,0.84440222810967,0.863873932800033,0.9740005919532126,32892,5183,878,191447,33770,38075,0.13612606697307944,0.025999407758365414,3,1,11256.666666666666,4891,0.14483269173822919,0.07241634586911459,0.3333333333333333,0.9999919719433117,0.375,0.625,0.171875,0.5003875,6,10,['high_quality'],high_quality,High_Dice (>75%)
20160328_153629_641_361,0.8532999393101898,0.7441352525933221,0.8068590467442689,0.9054133849356167,9199,2202,961,218038,10160,11401,0.1931409525480221,0.09458661417322835,2,1,5080.0,1951,0.19202755905511812,0.09601377952755906,0.5,0.9999931453214636,0.375,0.625,0.1953125,0.5014375,6,10,['high_quality'],high_quality,Medium_Dice (25-75%)
20160328_153629_641_721,0.9362394921526664,0.8801224385057089,0.8973028051787082,0.9787086238829118,28178,3225,613,198384,28791,31403,0.10269719453555393,0.021291375777152583,6,1,4798.5,3676,0.12767878851029835,0.06383939425514917,0.16666666666666666,0.9999866566555554,0.25,0.75,0.1875,0.5002375,4,12,"['complex_topology', 'high_quality']",complex_topology,High_Dice (>75%)
20160328_153829_1281_361,0.8755969468698834,0.7787216020379828,0.8010711355060806,0.965411815272718,31261,7763,1120,190256,32381,39024,0.1989288642886429,0.034588184429140544,7,1,4625.857142857143,7820,0.24149964485346345,0.12074982242673173,0.14285714285714285,0.9999954077990436,0.4375,0.5625,0.171875,0.5000249999999999,7,9,"['complex_topology', 'high_quality']",complex_topology,High_Dice (>75%)
20160328_153829_1281_721,0.8006164049305163,0.6675232246145024,0.7376583644874217,0.875323999804759,3377,1201,481,225341,3858,4578,0.2623416339012669,0.12467599792638673,3,1,1286.0,1468,0.3805080352514256,0.1902540176257128,0.3333333333333333,0.9999896043114436,0.375,0.625,0.15625,0.5020125,6,10,['boundary_margin_error'],boundary_margin_error,Medium_Dice (25-75%)
20160328_153829_1921_1,0.8188082338420783,0.6932051655807143,0.7177753292870207,0.9529429560937394,18894,7429,933,203144,19827,26323,0.28222467044029936,0.04705704342563172,14,1,1416.2142857142858,6747,0.3402935391133303,0.17014676955666516,0.07142857142857142,0.9999936428298293,0.375,0.625,0.1875,0.500125,6,10,"['complex_topology', 'boundary_margin_error']",complex_topology,Medium_Dice (25-75%)
20160328_153829_1921_361,0.8272886287728413,0.7054494814927417,0.7252095671126364,0.9628121580814002,3547,1344,137,225372,3684,4891,0.2747904314046207,0.03718783930510315,2,2,1842.0,976,0.26492942453854507,0.13246471226927253,1.0,0.9999920886910467,0.375,0.625,0.1953125,0.5022,6,10,['boundary_margin_error'],boundary_margin_error,Medium_Dice (25-75%)
20160328_153829_1_1,0.8189015336915136,0.6933389188549062,0.7122261906820044,0.9631612634795081,16550,6687,633,206530,17183,23237,0.2877738090114903,0.03683873595996043,4,1,4295.75,5674,0.33021009136937673,0.16510504568468837,0.25,0.9999947632440485,0.375,0.625,0.1875,0.5003,6,10,['boundary_margin_error'],boundary_margin_error,Medium_Dice (25-75%)
20160328_153829_1_721,0.8654178285735235,0.762763465148989,0.8644990034976788,0.8663386077053616,6514,1021,1005,221860,7519,7535,0.13550099535500995,0.13366139114243916,1,1,7519.0,1642,0.2183801037371991,0.10919005186859955,1.0,0.999991053839005,0.4375,0.5625,0.15625,0.5013624999999999,7,9,['high_quality'],high_quality,Medium_Dice (25-75%)
20160328_153829_641_1,0.8622600026785109,0.7578708709445711,0.8382059606552653,0.8877353929938826,14708,2839,1860,210993,16568,17547,0.1617940388670428,0.1122646064703042,5,2,3313.6,3613,0.21807098020280058,0.10903549010140029,0.4,0.9999956140501236,0.375,0.625,0.171875,0.5007,6,10,"['complex_topology', 'high_quality']",complex_topology,Medium_Dice (25-75%)
20160328_153829_641_1081,0.7335109077032529,0.5791687525496557,0.5947752745091276,0.9566583937855114,5783,3940,262,220415,6045,9723,0.4052247248791525,0.04334160463192721,2,2,3022.5,1958,0.323904052936311,0.1619520264681555,1.0,0.9999931594218624,0.25,0.75,0.203125,0.5012875,4,12,['moderate_general_error'],moderate_general_error,Medium_Dice (25-75%)
20160328_153829_641_361,0.8506798214109735,0.7401591282033511,0.7520476537048744,0.9790887675126869,7070,2331,151,220848,7221,9401,0.2479523454951601,0.02091123113142224,2,1,3610.5,2066,0.2861099570696579,0.14305497853482896,0.5,0.9999946264627978,0.3125,0.6875,0.1796875,0.5017874999999999,5,11,['high_quality'],high_quality,Medium_Dice (25-75%)
20160328_153829_641_721,0.8120380133543857,0.6835555535302057,0.6911324125490341,0.9842150128659768,2307,1031,37,227025,2344,3338,0.3088675853804673,0.015784982935153583,2,2,1172.0,1120,0.4778156996587031,0.23890784982935154,1.0,0.9999905559070699,0.3125,0.6875,0.1875,0.5021749999999999,5,11,['boundary_margin_error'],boundary_margin_error,Medium_Dice (25-75%)
20160329_103807_1081_1,0.19425306638505618,0.10757491139479823,0.13984998756387615,0.3179317914305182,578,3555,1240,225027,1818,4133,0.8601500120977498,0.682068206820682,1,2,1818.0,702,0.38613861386138615,0.19306930693069307,2.0,0.9999819598724062,0.375,0.625,0.171875,0.5025,6,10,"['missed_crack_high_fn', 'false_crack_high_fp', 'thin_low_area_failure', 'over_segmentation']",missed_crack_high_fn,Low_Dice (<25%)
20160329_103807_361_1,0.7690320154161012,0.6247376252243111,0.8444673712435041,0.7059686041461236,16370,3015,6818,204197,23188,19385,0.15553262832086664,0.2940313955494221,2,1,11594.0,1985,0.08560462308090391,0.04280231154045196,0.5,0.9999850165052846,0.1875,0.8125,0.1953125,0.5016125,3,13,['boundary_margin_error'],boundary_margin_error,Medium_Dice (25-75%)
20160329_103807_361_1281,0.736928336131681,0.5834414287109755,0.7694509324046942,0.7070435306206034,23389,7008,9691,190312,33080,30397,0.23054906734217193,0.292956469165659,4,1,8270.0,5043,0.1524486094316808,0.0762243047158404,0.25,0.9999865769251732,0.25,0.75,0.1875,0.5015624999999999,4,12,['boundary_margin_error'],boundary_margin_error,Medium_Dice (25-75%)
20160329_103807_361_1921,0.6460831005554492,0.4771955360188701,0.8356384230183439,0.5266242264021227,17703,3482,15913,193302,33616,21185,0.16436157658720793,0.47337577344121845,6,1,5602.666666666667,5092,0.15147548786292242,0.07573774393146121,0.16666666666666666,0.9999890621384668,0.3125,0.6875,0.1875,0.50125,5,11,['complex_topology'],complex_topology,Low_Dice (<25%)
20160329_103807_361_641,0.8268227070072399,0.7047721703665316,0.9130865323702299,0.7554514514609781,35961,3423,11641,179375,47602,39384,0.08691346739792809,0.24454854838032014,3,3,15867.333333333334,4507,0.09468089576068232,0.04734044788034116,1.0,0.9999859415315229,0.25,0.75,0.1875,0.5013124999999999,4,12,['boundary_margin_error'],boundary_margin_error,Medium_Dice (25-75%)
20160329_103807_721_1,0.6514218987881816,0.4830435094584589,0.6723410662486988,0.6317652051942787,13389,6525,7804,202682,21193,19914,0.3276589334136788,0.3682347945076204,1,3,21193.0,3008,0.14193365733968763,0.07096682866984381,3.0,0.9999808344712209,0.25,0.75,0.171875,0.501725,4,12,['boundary_margin_error'],boundary_margin_error,Low_Dice (<25%)
20160329_103807_721_1281,0.6741071413524394,0.5084175067056649,0.631270900370941,0.7231800731648463,1510,882,578,227430,2088,2392,0.36872909698996653,0.2768199233716475,2,1,1044.0,664,0.31800766283524906,0.15900383141762453,0.5,0.9999813170123751,0.375,0.625,0.1640625,0.5023875,6,10,['boundary_margin_error'],boundary_margin_error,Low_Dice (<25%)
20160330_165956_1281_721,0.6541070866015515,0.48600232610624094,0.5206014283763072,0.8797024131391039,6267,5771,857,217505,7124,12038,0.47939857119122775,0.12029758562605278,5,1,1424.8,3495,0.49059517125210556,0.24529758562605278,0.2,0.9999952506662817,0.375,0.625,0.265625,0.5007874999999999,6,10,['complex_topology'],complex_topology,Low_Dice (<25%)
20160330_165956_1921_721,0.7404126055306843,0.5878215428177035,0.6190476183925422,0.9209697718498587,5850,3600,502,220448,6352,9450,0.38095238095238093,0.0790302267002519,2,1,3176.0,3591,0.5653337531486146,0.2826668765743073,0.5,0.9999931600590641,0.3125,0.6875,0.21875,0.5010625,5,11,['boundary_margin_error'],boundary_margin_error,Medium_Dice (25-75%)
20160330_165956_1_1081,0.8420467181078717,0.7271853979565942,0.8271416074878261,0.8574988662692582,7570,1582,1258,219990,8828,9152,0.17285839160839161,0.1425011327594019,1,1,8828.0,3489,0.3952197553239692,0.1976098776619846,1.0,0.9999944040483693,0.375,0.625,0.203125,0.5009874999999999,6,10,['boundary_margin_error'],boundary_margin_error,Medium_Dice (25-75%)
20160330_165956_1_721,0.6991780060101002,0.5374893792082738,0.5543263958879229,0.9465120610688011,5061,4069,286,220984,5347,9130,0.4456736035049288,0.05348793716102487,5,3,1069.4,4121,0.7707125490929493,0.38535627454647464,0.6,0.9999938831471997,0.375,0.625,0.1953125,0.501425,6,10,['complex_topology'],complex_topology,Low_Dice (<25%)
20160330_165956_641_721,0.8269706415598609,0.7049871647369021,0.7365194897648506,0.9427485583636772,7690,2751,467,219492,8157,10441,0.2634805095297385,0.057251440480568835,2,1,4078.5,4056,0.49724163295329166,0.24862081647664583,0.5,0.9999935443585577,0.4375,0.5625,0.15625,0.501125,7,9,['boundary_margin_error'],boundary_margin_error,Medium_Dice (25-75%)
20160330_170359_1281_721,0.8117724075923245,0.6831792265886122,0.9347142104959641,0.7174120841380962,28520,1992,11234,188654,39754,30512,0.0652857891976927,0.28258791568144087,1,2,39754.0,3228,0.08119937616340495,0.04059968808170247,2.0,0.999979796661879,0.3125,0.6875,0.1796875,0.5015375,5,11,['boundary_margin_error'],boundary_margin_error,Medium_Dice (25-75%)
20160330_170359_1921_361,0.8722065174483421,0.773374319804505,0.8615457558286994,0.8831344165452641,16353,2628,2164,209255,18517,18981,0.13845424371740161,0.11686558297780418,1,1,18517.0,1564,0.08446292595992871,0.04223146297996436,1.0,0.9999807887595762,0.3125,0.6875,0.171875,0.5016624999999999,5,11,['high_quality'],high_quality,High_Dice (>75%)
20160330_170359_1921_721,0.8845402928828929,0.7929827381833249,0.9359802427165748,0.8384599017917636,19708,1348,3797,205547,23505,21056,0.06401975683890578,0.16154009785152096,2,3,11752.5,1744,0.07419697936609232,0.03709848968304616,1.5,0.9999833568688159,0.3125,0.6875,0.1796875,0.5016499999999999,5,11,['high_quality'],high_quality,High_Dice (>75%)
20160330_170359_1_721,0.8481131151624057,0.736281597026762,0.8442089450255315,0.8520535636697303,30351,5601,5270,189178,35621,35952,0.15579105473965288,0.1479464360910699,1,1,35621.0,3446,0.09674068667359143,0.04837034333679571,1.0,0.9999826908822276,0.3125,0.6875,0.1875,0.5012125000000001,5,11,['boundary_margin_error'],boundary_margin_error,Medium_Dice (25-75%)
20160330_170359_641_721,0.8621893413940895,0.7577617021539218,0.8694851750954443,0.8550149269977085,26921,4041,4565,194873,31486,30962,0.13051482462373232,0.14498507273073746,1,1,31486.0,3540,0.11243092167947659,0.056215460839738295,1.0,0.9999810864994114,0.3125,0.6875,0.1875,0.5015375,5,11,['high_quality'],high_quality,Medium_Dice (25-75%)
20160330_172309_1281_361,0.8729530645443763,0.7745489891168316,0.8184931497505786,0.9351767302267162,7170,1590,497,221143,7667,8760,0.1815068493150685,0.06482326855354115,1,1,7667.0,2848,0.37146211034302856,0.18573105517151428,1.0,0.9999945736084453,0.3125,0.6875,0.203125,0.500525,5,11,['high_quality'],high_quality,High_Dice (>75%)
20160330_172309_1281_721,0.8504917129409099,0.7398743641220836,0.772671893795048,0.9457423618912774,24734,7277,1419,196970,26153,32011,0.22732810596357503,0.054257637747103585,4,2,6538.25,4491,0.1717202615378733,0.08586013076893664,0.5,0.9999933303296087,0.375,0.625,0.1796875,0.5004,6,10,['high_quality'],high_quality,Medium_Dice (25-75%)
20160330_172309_1921_361,0.8921223073076902,0.8052534257095642,0.8156778489419502,0.9843770768618687,14807,3346,235,212012,15042,18153,0.18432215060871482,0.015622922483712273,1,1,15042.0,1696,0.1127509639675575,0.05637548198377875,1.0,0.9999933462830158,0.375,0.625,0.15625,0.50085,6,10,['high_quality'],high_quality,High_Dice (>75%)
20160330_172309_1921_721,0.8626613802829466,0.7584912402759693,0.8134975790569441,0.9181498507340277,16972,3891,1513,208024,18485,20863,0.18650242055313235,0.08185014876927238,1,1,18485.0,2827,0.15293481200973763,0.07646740600486882,1.0,0.9999925770150353,0.25,0.75,0.21875,0.500425,4,12,['high_quality'],high_quality,Medium_Dice (25-75%)
20160330_172309_1_721,0.889455240286329,0.8009179571615423,0.9154598606943222,0.8648871904254803,16752,1547,2617,209484,19369,18299,0.0845401388053992,0.135112809127988,1,1,19369.0,3466,0.17894573803500438,0.08947286901750219,1.0,0.9999930392224543,0.375,0.625,0.1875,0.5003625,6,10,['high_quality'],high_quality,High_Dice (>75%)
20160330_172309_641_361,0.834481224540144,0.7159740727564846,0.7189892774923841,0.9941768078656601,1878,734,11,227777,1889,2612,0.28101071975497705,0.005823186871360508,1,1,1889.0,624,0.33033350979354154,0.16516675489677077,1.0,0.999984267356069,0.4375,0.5625,0.171875,0.5017125,7,9,['boundary_margin_error'],boundary_margin_error,Medium_Dice (25-75%)
20160330_172309_641_721,0.8566405676335779,0.7492312070759591,0.8625233550127763,0.8508374827488723,26313,4194,4613,195280,30926,30507,0.13747664470449406,0.14916251697600724,3,1,10308.666666666666,6929,0.2240509603569812,0.1120254801784906,0.3333333333333333,0.9999912188582296,0.25,0.75,0.21875,0.49941250000000004,4,12,['high_quality'],high_quality,Medium_Dice (25-75%)
20160402_150314_1281_1081,0.8213250901654915,0.6968207122359202,0.720922344113522,0.954219026237796,2126,823,102,227349,2228,2949,0.2790776534418447,0.04578096947935368,1,1,2228.0,838,0.3761220825852783,0.18806104129263915,1.0,0.9999951539375147,0.4375,0.5625,0.15625,0.5021375,7,9,['boundary_margin_error'],boundary_margin_error,Medium_Dice (25-75%)
20160402_150314_1281_361,0.843267107502943,0.7290076325940463,0.7437074110086116,0.9736027653857587,5348,1843,145,223064,5493,7191,0.2562925879571687,0.02639723284179865,1,1,5493.0,1826,0.3324230839249954,0.1662115419624977,1.0,0.9999944001223628,0.375,0.625,0.1875,0.5016625,6,10,['boundary_margin_error'],boundary_margin_error,Medium_Dice (25-75%)
20160402_150314_1281_721,0.8537421665338185,0.7448081414215321,0.8284381208287914,0.8806407017801117,10831,2243,1468,215858,12299,13074,0.17156187853755545,0.11935929750386211,3,2,4099.666666666667,3719,0.30238230750467515,0.15119115375233758,0.6666666666666666,0.9999929358307496,0.4375,0.5625,0.1875,0.501325,7,9,['high_quality'],high_quality,Medium_Dice (25-75%)
20160402_150314_1921_1,0.8538548963563862,0.7449797531237256,0.8063506253968241,0.9073067623718732,9015,2165,921,218299,9936,11180,0.193649373881932,0.09269323671497584,2,1,4968.0,2878,0.2896537842190016,0.1448268921095008,0.5,0.9999897965977017,0.375,0.625,0.203125,0.5014125,6,10,['high_quality'],high_quality,Medium_Dice (25-75%)
20160402_150314_1921_361,0.8660475352336731,0.7637423632322533,0.7766798397044612,0.9786552793359826,2751,791,60,226798,2811,3542,0.22332015810276679,0.021344717182497332,1,1,2811.0,1008,0.35859124866595515,0.17929562433297758,1.0,0.9999919412057411,0.4375,0.5625,0.1953125,0.5021249999999999,7,9,['high_quality'],high_quality,Medium_Dice (25-75%)
20160402_150314_1_361,0.9002963482344172,0.8186717819741567,0.9009751680905549,0.8996185501908524,26886,2955,3000,197559,29886,29841,0.09902483160751986,0.1003814495081309,1,1,29886.0,5157,0.172555711704477,0.0862778558522385,1.0,0.9999931936851356,0.3125,0.6875,0.1796875,0.500425,5,11,['high_quality'],high_quality,High_Dice (>75%)
20160402_150314_1_721,0.8042778523495598,0.672629384619113,0.7711299146131111,0.8404036011279119,7746,2299,1471,218884,9217,10045,0.22887008461921354,0.15959639796029076,2,1,4608.5,3065,0.3325377020722578,0.1662688510361289,0.5,0.9999933624752564,0.4375,0.5625,0.1953125,0.5015375,7,9,['boundary_margin_error'],boundary_margin_error,Medium_Dice (25-75%)
20160402_150314_641_361,0.8756635228404025,0.778826926484307,0.9107560393469005,0.8431749839528864,7011,687,1304,221398,8315,7698,0.08924395946999221,0.15682501503307275,1,1,8315.0,1802,0.21671677690920024,0.10835838845460012,1.0,0.9999940837202499,0.4375,0.5625,0.2265625,0.5017125,7,9,['high_quality'],high_quality,High_Dice (>75%)
20160402_150314_641_721,0.8578766785887899,0.7511243860503573,0.8564158769058108,0.8593424718726806,21878,3668,3581,201273,25459,25546,0.14358412275894464,0.14065752778977963,1,1,25459.0,7162,0.28131505557955927,0.14065752778977963,1.0,0.9999935241861929,0.4375,0.5625,0.1640625,0.5003124999999999,7,9,['high_quality'],high_quality,Medium_Dice (25-75%)
20160402_151049_1281_721,0.9402899184856972,0.8873086468537161,0.9116607771429471,0.9707754545022843,34314,3325,1033,191728,35347,37639,0.08833922261484099,0.029224545223074095,2,1,17673.5,3596,0.10173423487141765,0.05086711743570883,0.5,0.9999907659558451,0.4375,0.5625,0.1875,0.5003625,7,9,['high_quality'],high_quality,High_Dice (>75%)
20160402_151049_1921_1081,0.9356927993995574,0.8791566935483237,0.9195206386580449,0.9524440025640274,17264,1511,862,210763,18126,18775,0.08047936085219708,0.047555996910515284,1,1,18126.0,1926,0.10625620655412116,0.05312810327706058,1.0,0.9999917013910398,0.4375,0.5625,0.1875,0.50105,7,9,['high_quality'],high_quality,High_Dice (>75%)
20160402_151049_1921_721,0.9299247452567674,0.8690274269354125,0.9063335918084677,0.95477683803528,21007,2171,995,206227,22002,23178,0.09366640780050048,0.04522316153076993,1,1,22002.0,2377,0.10803563312426143,0.05401781656213071,1.0,0.9999912963873113,0.375,0.625,0.1953125,0.5006124999999999,6,10,['high_quality'],high_quality,High_Dice (>75%)
20160402_151049_1_361,0.8902007082157004,0.8021276593035706,0.8262079518467291,0.9649386524071916,23751,4996,863,200790,24614,28747,0.17379204786586427,0.035061347200780045,2,1,12307.0,4093,0.16628747867067523,0.08314373933533761,0.5,0.9999935022015367,0.4375,0.5625,0.1796875,0.5005375,7,9,['high_quality'],high_quality,High_Dice (>75%)
20160402_151049_1_721,0.858486967359571,0.7520605922245219,0.7745250982956203,0.9628657800679563,16880,4914,651,207955,17531,21794,0.22547490134899514,0.0371342193828076,1,1,17531.0,4794,0.2734584450402145,0.13672922252010725,1.0,0.9999936943625153,0.4375,0.5625,0.1875,0.500725,7,9,['high_quality'],high_quality,Medium_Dice (25-75%)
20160402_151049_641_361,0.8101960768427529,0.6809492396804573,0.6834270569519448,0.9947038950664231,2066,957,11,227366,2077,3023,0.31657294078729736,0.005296100144439095,1,1,2077.0,517,0.24891670678863745,0.12445835339431872,1.0,0.9999912989822843,0.4375,0.5625,0.203125,0.5019625,7,9,['boundary_margin_error'],boundary_margin_error,Medium_Dice (25-75%)
20160402_151049_641_721,0.9380501811257766,0.8833281615135138,0.9098255864967068,0.9680820052059652,39854,3950,1314,185282,41168,43804,0.09017441329558945,0.03191799455888068,1,1,41168.0,4241,0.10301690633501749,0.051508453167508746,1.0,0.9999901775741936,0.375,0.625,0.1796875,0.499875,6,10,['high_quality'],high_quality,High_Dice (>75%)
20160402_151054_1281_1081,0.9338551165380288,0.8759176459259714,0.922026610352666,0.9459910575582766,15869,1342,906,212283,16775,17211,0.07797338911161467,0.054008941877794335,1,1,16775.0,2057,0.12262295081967213,0.061311475409836065,1.0,0.9999912137062328,0.375,0.625,0.15625,0.5007875,6,10,['high_quality'],high_quality,High_Dice (>75%)
20160402_151054_1281_361,0.9292635651410985,0.8678733018584114,0.8779371362863334,0.986963977723904,5754,800,76,223770,5830,6554,0.12206286237412267,0.013036020583190394,1,1,5830.0,732,0.12555746140651802,0.06277873070325901,1.0,0.9999945817832608,0.4375,0.5625,0.1875,0.5021875,7,9,['high_quality'],high_quality,High_Dice (>75%)
20160402_151054_1281_721,0.9497556206141388,0.9043186893030706,0.9261635076985166,0.974581071282846,41293,3292,1077,184738,42370,44585,0.07383649209375351,0.025418928487137126,1,1,42370.0,4055,0.09570450790653764,0.04785225395326882,1.0,0.9999907078650944,0.4375,0.5625,0.1640625,0.4998,7,9,['high_quality'],high_quality,High_Dice (>75%)
20160402_151054_1921_361,0.8517425429036916,0.7417696594434159,0.7707256089716884,0.9517928559737613,13564,4035,687,212114,14251,17599,0.22927439059037447,0.048207143358360814,3,1,4750.333333333333,3394,0.23815872570345942,0.11907936285172971,0.3333333333333333,0.9999953869135795,0.4375,0.5625,0.2265625,0.50135,7,9,['high_quality'],high_quality,Medium_Dice (25-75%)
20160402_151054_1_361,0.8766090751543194,0.7803241558807666,0.9285786475543949,0.8301483320788874,55126,4240,11279,159755,66405,59366,0.0714213522891891,0.1698516677960997,1,2,66405.0,5533,0.08332203900308711,0.04166101950154356,2.0,0.9999929875734245,0.4375,0.5625,0.1875,0.4997,7,9,['high_quality'],high_quality,High_Dice (>75%)
20160402_151054_1_721,0.06369426730239937,0.03289473672820382,0.9999998947368531,0.03289473672820382,95,0,2793,227512,2888,95,0.0,0.9671052631578947,1,1,2888.0,396,0.1371191135734072,0.0685595567867036,1.0,0.999985919950032,0.5,0.5,0.171875,0.5021375000000001,8,8,"['missed_crack_high_fn', 'thin_low_area_failure']",missed_crack_high_fn,Low_Dice (<25%)
20160402_151054_641_361,0.9043124854801028,0.8253379485448913,0.9330040990188184,0.8773328652612522,10013,719,1400,218268,11413,10732,0.06699590011181514,0.12266713397003418,1,2,11413.0,1572,0.13773766757206693,0.06886883378603346,2.0,0.9999959290282266,0.4375,0.5625,0.1640625,0.5016,7,9,['high_quality'],high_quality,High_Dice (>75%)
20160402_151054_641_721,0.946206176846659,0.8979044629577162,0.9228779780705173,0.97074432459049,21767,1819,656,206158,22423,23586,0.07712202153820062,0.02925567497658654,1,1,22423.0,2562,0.11425768184453464,0.05712884092226732,1.0,0.9999944280323894,0.375,0.625,0.2109375,0.5003875,6,10,['high_quality'],high_quality,High_Dice (>75%)
20160405_171348_1281_361,0.7101135729850904,0.5505241067063978,0.5505241067063978,0.9999999923838538,1313,1072,0,228015,1313,2385,0.4494758909853249,0.0,1,4,1313.0,228,0.17364813404417365,0.08682406702208682,4.0,0.9999827271062878,0.375,0.625,0.1484375,0.5025,6,10,['moderate_general_error'],moderate_general_error,Low_Dice (<25%)
20160405_171348_1281_721,0.8834803146450648,0.7912805535212857,0.8462938367895593,0.9240849644394089,34412,6250,2827,186911,37239,40662,0.15370616300231174,0.07591503531244126,2,1,18619.5,4149,0.11141545154273745,0.055707725771368725,0.5,0.9999825496473566,0.3125,0.6875,0.1640625,0.5014000000000001,5,11,['high_quality'],high_quality,High_Dice (>75%)
20160405_171348_1921_721,0.8351983850583236,0.7170305864489579,0.864413861315537,0.8078931951557421,33101,5192,7871,184236,40972,38293,0.13558613845872614,0.19210680464707605,4,2,10243.0,5734,0.13994923362296202,0.06997461681148101,0.5,0.9999805148541958,0.25,0.75,0.1875,0.5015499999999999,4,12,['boundary_margin_error'],boundary_margin_error,Medium_Dice (25-75%)
20160405_171348_1_721,0.747001234167715,0.5961707661152651,0.7806887912884937,0.7161007212433715,31169,8756,12357,178118,43526,39925,0.21931120851596744,0.28389927859210584,5,4,8705.2,8064,0.18526857510453523,0.09263428755226762,0.8,0.999980775662766,0.3125,0.6875,0.171875,0.5016375000000001,5,11,"['complex_topology', 'boundary_margin_error']",complex_topology,Medium_Dice (25-75%)
20160405_171348_641_721,0.8280138407158458,0.7065047945801632,0.8179382004873015,0.8383408069399269,29912,6658,5768,188062,35680,36570,0.18206179928903474,0.1616591928251121,3,2,11893.333333333334,4812,0.13486547085201794,0.06743273542600897,0.6666666666666666,0.9999831390577676,0.25,0.75,0.1796875,0.5017,4,12,['boundary_margin_error'],boundary_margin_error,Medium_Dice (25-75%)
20160407_163130_1281_721,0.9005825145871011,0.8191451623573889,0.9581474945762123,0.8495424652367948,18475,807,3272,207846,21747,19282,0.041852504926874805,0.15045753437255713,2,1,10873.5,4406,0.2026026578378627,0.10130132891893134,0.5,0.9999871339815853,0.5,0.5,0.171875,0.5012000000000001,8,8,['high_quality'],high_quality,High_Dice (>75%)
20160407_163130_1921_721,0.8955854233668391,0.8109141642235987,0.9636452954042954,0.8365051437515298,15692,592,3067,211049,18759,16284,0.03635470400393024,0.1634948558025481,1,1,18759.0,3963,0.2112585958739805,0.10562929793699025,1.0,0.9999888690186504,0.4375,0.5625,0.1875,0.5008625,7,9,['high_quality'],high_quality,High_Dice (>75%)
20160407_163130_1_361,0.7897455504309441,0.6525450501026081,0.7664314861996602,0.8145224908661306,2064,629,470,227237,2534,2693,0.23356851095432604,0.18547750591949486,2,4,1267.0,693,0.27348066298342544,0.13674033149171272,2.0,0.9999907846261622,0.5625,0.4375,0.171875,0.5020749999999999,9,7,['boundary_margin_error'],boundary_margin_error,Medium_Dice (25-75%)
20160407_163130_1_721,0.8570159329334194,0.7498056688864561,0.9173270773363805,0.804146056352945,14469,1304,3524,211103,17993,15773,0.08267292208203893,0.19585394320013338,4,2,4498.25,3803,0.21135997332295892,0.10567998666147946,0.5,0.9999888710585032,0.5,0.5,0.1640625,0.5011,8,8,['high_quality'],high_quality,Medium_Dice (25-75%)
20160407_163130_641_721,0.8843764809328768,0.7927194665745184,0.9527034284893564,0.8251943574204207,17726,880,3755,208039,21481,18606,0.0472965709986026,0.17480564219542852,1,1,21481.0,3919,0.1824402960756017,0.09122014803780085,1.0,0.9999850582748282,0.4375,0.5625,0.171875,0.501425,7,9,['high_quality'],high_quality,High_Dice (>75%)
20160407_163257_1281_1,0.8822448896383926,0.7893006987487408,0.7967669061155112,0.9882672261726055,11287,2879,134,216100,11421,14166,0.20323309332203868,0.011732772962087383,2,1,5710.5,2159,0.18903773750109448,0.09451886875054724,0.5,0.9999948917977053,0.4375,0.5625,0.140625,0.500975,7,9,['high_quality'],high_quality,High_Dice (>75%)
20160407_163257_1281_361,0.8936228788609895,0.8077018783080118,0.8432162104025355,0.9504392379572187,12983,2414,677,214326,13660,15397,0.1567837890498149,0.049560761346998536,1,1,13660.0,3222,0.23587115666178624,0.11793557833089312,1.0,0.99999498779791,0.4375,0.5625,0.1484375,0.5008875,7,9,['high_quality'],high_quality,High_Dice (>75%)
20160407_163257_1281_721,0.8830936483292551,0.7906604228799157,0.8548021834890074,0.9133219457538828,6417,1090,609,222284,7026,7507,0.14519781537231916,0.08667805294619983,1,1,7026.0,1974,0.28095644748078563,0.14047822374039282,1.0,0.9999862043537826,0.375,0.625,0.171875,0.5013125,6,10,['high_quality'],high_quality,High_Dice (>75%)
20160407_163257_1921_1081,0.7898357428121328,0.6526682126999209,0.6876069412275643,0.9277704470188483,5626,2556,438,221780,6064,8182,0.31239305793204597,0.07222955145118734,3,1,2021.3333333333333,2190,0.3611477572559367,0.18057387862796834,0.3333333333333333,0.9999907610053087,0.375,0.625,0.15625,0.5015125,6,10,['boundary_margin_error'],boundary_margin_error,Medium_Dice (25-75%)
20160407_163257_1921_721,0.8639540866279494,0.7604922269941811,0.8366823416892086,0.8930635824565507,5871,1146,703,222680,6574,7017,0.1633176571184267,0.1069364161849711,1,1,6574.0,2038,0.31000912686340126,0.15500456343170063,1.0,0.9999928221130363,0.375,0.625,0.15625,0.501375,6,10,['high_quality'],high_quality,Medium_Dice (25-75%)
20160407_163257_1_1,0.8889343420376624,0.8000736371133479,0.8264242786746602,0.9616746318271601,10865,2282,433,216820,11298,13147,0.1735757206967369,0.03832536732164985,1,1,11298.0,3246,0.2873074880509825,0.14365374402549125,1.0,0.9999940503389132,0.4375,0.5625,0.1953125,0.5010125,7,9,['high_quality'],high_quality,High_Dice (>75%)
20160407_163257_641_361,0.8600682589835578,0.7544910173451801,0.8081180804708152,0.9191565894682157,9198,2184,809,218209,10007,11382,0.1918819188191882,0.08084340961327072,2,1,5003.5,3413,0.341061257120016,0.170530628560008,0.5,0.9999941176551728,0.4375,0.5625,0.203125,0.5006625,7,9,['high_quality'],high_quality,Medium_Dice (25-75%)
20160407_165001_1281_1081,0.5360048203253956,0.36612471664321394,0.37452631539523545,0.942266946657132,3558,5942,218,220682,3776,9500,0.6254736842105263,0.057733050847457626,2,3,1888.0,1841,0.4875529661016949,0.24377648305084745,1.5,0.9999944325816017,0.3125,0.6875,0.171875,0.5015000000000001,5,11,"['thin_low_area_failure', 'over_segmentation']",thin_low_area_failure,Low_Dice (<25%)
20160407_165001_1281_361,0.7794939685276941,0.6386645771732767,0.7169530505229651,0.8539887180870357,10598,4184,1812,213806,12410,14782,0.2830469489920173,0.14601128122481868,2,2,6205.0,2498,0.20128928283642225,0.10064464141821113,1.0,0.9999954075114892,0.4375,0.5625,0.1953125,0.5012125000000001,7,9,['boundary_margin_error'],boundary_margin_error,Medium_Dice (25-75%)
20160407_165001_1281_721,0.803969714749366,0.6721984590723722,0.8847106487621917,0.7367335444651537,3929,512,1404,224555,5333,4441,0.11528934924566539,0.26326645415338457,1,2,5333.0,1172,0.21976373523345208,0.10988186761672604,2.0,0.9999937339789281,0.4375,0.5625,0.1953125,0.501375,7,9,['boundary_margin_error'],boundary_margin_error,Medium_Dice (25-75%)
20160407_165001_1921_361,0.6640181604267672,0.4970263373032688,0.5891238658829329,0.7607282164870527,2925,2040,920,224515,3845,4965,0.4108761329305136,0.23927178153446033,1,1,3845.0,1108,0.2881664499349805,0.14408322496749024,1.0,0.9999935592642282,0.4375,0.5625,0.1953125,0.5017499999999999,7,9,['moderate_general_error'],moderate_general_error,Low_Dice (<25%)
20160407_165001_1921_721,0.7135775735208378,0.5546992642796534,0.5706734707275372,0.9519610809486758,6262,4711,316,219111,6578,10973,0.42932652875239224,0.04803891760413499,2,1,3289.0,2875,0.4370629370629371,0.21853146853146854,0.5,0.9999930475216435,0.375,0.625,0.203125,0.501275,6,10,['moderate_general_error'],moderate_general_error,Medium_Dice (25-75%)
20160407_165001_1_1081,0.6029489199552844,0.4315868822319552,0.49789824540093025,0.7641824232165019,3435,3464,1060,222441,4495,6899,0.5021017538773735,0.23581757508342602,2,2,2247.5,2332,0.5187986651835372,0.2593993325917686,1.0,0.9999939038735939,0.375,0.625,0.1875,0.5015,6,10,['moderate_general_error'],moderate_general_error,Low_Dice (<25%)
20160407_165001_1_721,0.8709583282155484,0.7714138016172584,0.9031106264202914,0.8410166812212485,14923,1601,2821,211055,17744,16524,0.09688937303316389,0.15898331830477908,1,1,17744.0,3895,0.2195108205590622,0.1097554102795311,1.0,0.999993725414084,0.4375,0.5625,0.1875,0.5009250000000001,7,9,['high_quality'],high_quality,High_Dice (>75%)
20160407_165001_641_1081,0.4801665028401488,0.31593362281950443,0.3253691715192149,0.915927132573904,1961,4066,180,224193,2141,6027,0.6746308279409324,0.08407286314806166,2,3,1070.5,1225,0.572162540868753,0.2860812704343765,1.5,0.9999937024013041,0.375,0.625,0.1796875,0.5016750000000001,6,10,"['false_crack_high_fp', 'thin_low_area_failure', 'over_segmentation']",false_crack_high_fp,Low_Dice (<25%)
20160407_165001_641_361,0.8824911865661169,0.789695057396815,0.8513723145278208,0.9159712409064249,14269,2491,1309,212331,15578,16760,0.14862768496420048,0.0840287585055848,1,1,15578.0,3166,0.2032353318782899,0.10161766593914495,1.0,0.9999926849384326,0.375,0.625,0.203125,0.5006375,6,10,['high_quality'],high_quality,High_Dice (>75%)
20160407_165001_641_721,0.5601374558416292,0.38902147855303854,0.40160147705081156,0.9254790565970259,1304,1943,105,227048,1409,3247,0.5983985217123499,0.0745209368346345,2,4,704.5,474,0.33640880056777855,0.16820440028388928,2.0,0.9999929194019872,0.375,0.625,0.1875,0.50195,6,10,['over_segmentation'],over_segmentation,Low_Dice (<25%)
IMG_2931_1297_485,0.8155010022919547,0.6884775790185673,0.8007883541516423,0.830764388704736,2641,657,538,309796,3179,3298,0.19921164342025469,0.16923560868197546,8,3,397.375,1061,0.33375275243787356,0.16687637621893678,0.375,0.999966673080352,0.5,0.5,0.1640625,0.503175,8,8,"['complex_topology', 'boundary_margin_error']",complex_topology,Medium_Dice (25-75%)
IMG_2931_1297_969,0.9115381205563012,0.8374552547693986,0.8977847541446148,0.9257194236279502,10294,1172,826,301340,11120,11466,0.10221524507238793,0.07428057553956835,1,1,11120.0,2558,0.23003597122302158,0.11501798561151079,1.0,0.9999743164994019,0.5,0.5,0.171875,0.5027125,8,8,['high_quality'],high_quality,High_Dice (>75%)
IMG_2931_1945_485,0.8791990725805071,0.7844382093836731,0.8414634133014517,0.9204781688834405,5313,1001,459,306859,5772,6314,0.15853658536585366,0.07952182952182953,2,1,2886.0,1530,0.26507276507276506,0.13253638253638253,0.5,0.9999598452095716,0.5,0.5,0.171875,0.5027375000000001,8,8,['high_quality'],high_quality,High_Dice (>75%)
IMG_2931_1945_969,0.8656292184568826,0.7630919559470158,0.8604322632286591,0.8708893324694176,6091,988,903,305650,6994,7079,0.13956773555586946,0.12911066628538748,1,1,6994.0,1920,0.2745210180154418,0.1372605090077209,1.0,0.9999690944331209,0.4375,0.5625,0.1640625,0.5023500000000001,7,9,['high_quality'],high_quality,Medium_Dice (25-75%)
IMG_2931_1_485,0.8874883940895567,0.7977340545254494,0.9356905547367759,0.8440092038079899,15772,1084,2915,293861,18687,16856,0.06430944470811581,0.15599079574035427,1,1,18687.0,3905,0.20896880184085193,0.10448440092042596,1.0,0.9999637187868222,0.4375,0.5625,0.171875,0.5022,7,9,['high_quality'],high_quality,High_Dice (>75%)
IMG_2931_649_485,0.8981204446113845,0.8150804143876068,0.9143236481456392,0.8824815310700426,11707,1097,1559,299269,13266,12804,0.08567635114026867,0.11751846826473693,2,2,6633.0,3277,0.2470224634403739,0.12351123172018695,1.0,0.9999656347880197,0.4375,0.5625,0.1640625,0.5024375,7,9,['high_quality'],high_quality,High_Dice (>75%)
IMG_2931_649_969,0.6779428555932735,0.5127939124730501,0.5201683601537412,0.9730971064757408,1483,1368,41,310740,1524,2851,0.4798316380217468,0.02690288713910761,1,2,1524.0,436,0.28608923884514437,0.14304461942257218,2.0,0.9999655646098775,0.5,0.5,0.1640625,0.5029874999999999,8,8,['moderate_general_error'],moderate_general_error,Low_Dice (<25%)
IMG_2941_1297_485,0.8889660255612591,0.8001249700850387,0.8378864707689462,0.9466777553399153,10244,1982,577,300829,10821,12226,0.16211352854572222,0.05332224378523242,1,1,10821.0,2685,0.24812863875797062,0.12406431937898531,1.0,0.9999788427745049,0.4375,0.5625,0.140625,0.50275,7,9,['high_quality'],high_quality,High_Dice (>75%)
IMG_2941_1297_969,0.8065816529768971,0.6758582646134589,0.6960102219281411,0.9589201859176053,4902,2141,210,306379,5112,7043,0.3039897770836291,0.04107981220657277,2,2,2556.0,2222,0.43466353677621283,0.21733176838810642,1.0,0.9999751610094572,0.5,0.5,0.140625,0.5031125,8,8,['boundary_margin_error'],boundary_margin_error,Medium_Dice (25-75%)
IMG_2941_1945_485,0.9039664578384246,0.824761672946286,0.8532571136043363,0.9610839871498734,13583,2336,550,297163,14133,15919,0.14674288585966455,0.03891601217009835,1,1,14133.0,3879,0.2744640203778391,0.13723201018891956,1.0,0.9999791622579468,0.5,0.5,0.171875,0.5022,8,8,['high_quality'],high_quality,High_Dice (>75%)
IMG_2941_1_485,0.782556390192926,0.6427865602062145,0.7779549516086208,0.7872125841322861,3903,1114,1055,307560,4958,5017,0.22204504684074147,0.2127874142799516,3,3,1652.6666666666667,1490,0.30052440500201694,0.15026220250100847,1.0,0.9999713163095456,0.5625,0.4375,0.1640625,0.503325,9,7,['boundary_margin_error'],boundary_margin_error,Medium_Dice (25-75%)
IMG_2941_1_969,0.8962120859316923,0.8119422893737451,0.8542598922047382,0.9424975789520836,9736,1661,594,301641,10330,11397,0.14574010704571377,0.05750242013552759,3,3,3443.3333333333335,2424,0.2346563407550823,0.11732817037754115,1.0,0.9999801930779264,0.5,0.5,0.1484375,0.50305,8,8,['high_quality'],high_quality,High_Dice (>75%)
IMG_2941_649_969,0.902819134188167,0.8228535169724704,0.882179564024955,0.9244476115273244,11673,1559,954,299446,12627,13232,0.11782043530834341,0.07555238774055595,1,1,12627.0,3828,0.30315989546210503,0.15157994773105252,1.0,0.9999754792535906,0.4375,0.5625,0.1796875,0.5024375,7,9,['high_quality'],high_quality,High_Dice (>75%)
IMG_2942_1297_485,0.6047138042613439,0.4333976829328639,0.47619608711266076,0.8282434908213907,4041,4445,838,304308,4879,8486,0.5238039123261843,0.1717565074810412,3,1,1626.3333333333333,2380,0.4878048780487805,0.24390243902439024,0.3333333333333333,0.9999771236628783,0.375,0.625,0.1953125,0.5010874999999999,6,10,['moderate_general_error'],moderate_general_error,Low_Dice (<25%)
IMG_2942_1945_485,0.5800832279298527,0.408533260075609,0.4161921949504344,0.9568965486689126,2997,4204,135,306296,3132,7201,0.5838078044716012,0.04310344827586207,3,3,1044.0,1994,0.6366538952745849,0.31832694763729247,1.0,0.9999724220627481,0.375,0.625,0.1953125,0.5012125000000001,6,10,['over_segmentation'],over_segmentation,Low_Dice (<25%)
IMG_2942_1_485,0.7013347194476212,0.540042711505549,0.6358635853593217,0.7818357472814769,4046,2317,1129,306140,5175,6363,0.3641364136413641,0.21816425120772948,5,3,1035.0,3132,0.6052173913043478,0.3026086956521739,0.6,0.9999662226682802,0.375,0.625,0.2265625,0.501025,6,10,"['complex_topology', 'boundary_margin_error']",complex_topology,Low_Dice (<25%)
IMG_2942_649_485,0.41622394726581124,0.26280479904166587,0.2723990368114482,0.881818178000787,2037,5441,273,305881,2310,7478,0.7276009628242845,0.11818181818181818,3,4,770.0,1534,0.664069264069264,0.332034632034632,1.3333333333333333,0.9999686298605609,0.375,0.625,0.1953125,0.501125,6,10,"['false_crack_high_fp', 'thin_low_area_failure', 'over_segmentation']",false_crack_high_fp,Low_Dice (<25%)
