case_name,dice,iou,precision,recall,tp,fp,fn,tn,gt_area,pred_area,fp_area_ratio,fn_area_ratio,num_gt_cc,num_pred_cc,mean_component_size,perimeter,boundary_to_area_ratio,thinness_score,fragmentation_ratio,mean_routing_entropy,cnn_expert_fraction,vit_expert_fraction,expert_hhi_concentration,mean_gs,cnn_expert_selections,vit_expert_selections,error_taxonomy,primary_error_category,performance_tier
20160222_080850_1281_361,0.8605450329362675,0.7552251364122012,0.9482768737460947,0.7876719005229338,16152,881,4354,209013,20506,17033,0.05172312569717607,0.21232809909294842,1,1,20506.0,3739,0.18233687701160636,0.09116843850580318,1.0,0.9999887856072619,0.4375,0.5625,0.1484375,0.502875,7,9,['high_quality'],high_quality,Medium_Dice (25-75%)
20160222_080850_1281_721,0.7572815517270928,0.6093749978360262,0.6708365884642823,0.86930090745035,1716,842,258,227584,1974,2558,0.32916340891321344,0.13069908814589665,2,4,987.0,936,0.47416413373860183,0.23708206686930092,2.0,0.9999846656509939,0.4375,0.5625,0.140625,0.5032875,7,9,['boundary_margin_error'],boundary_margin_error,Medium_Dice (25-75%)
20160222_080850_1921_1,0.12175282067545455,0.06482257607821312,0.06718146711662021,0.6486486426034609,696,9664,377,219663,1073,10360,0.9328185328185328,0.35135135135135137,1,70,1073.0,330,0.30754892823858343,0.15377446411929171,70.0,0.999986115120851,0.5625,0.4375,0.15625,0.503275,9,7,"['false_crack_high_fp', 'thin_low_area_failure', 'over_segmentation', 'fragmented_prediction']",false_crack_high_fp,Low_Dice (<25%)
20160222_080850_1921_361,0.855321614559487,0.7472156593839488,0.9307735419487293,0.7911852288319325,13284,988,3506,212622,16790,14272,0.06922645739910314,0.20881477069684337,1,3,16790.0,2880,0.17153067301965455,0.08576533650982728,3.0,0.9999872340738709,0.375,0.625,0.1484375,0.502375,6,10,['high_quality'],high_quality,Medium_Dice (25-75%)
20160222_080850_1_361,0.8342733457857034,0.7156680708720745,0.8291139237076554,0.8394973818473309,20043,4131,3832,202394,23875,24174,0.17088607594936708,0.16050261780104713,1,1,23875.0,3950,0.16544502617801046,0.08272251308900523,1.0,0.9999918018861906,0.375,0.625,0.1484375,0.5029625,6,10,['boundary_margin_error'],boundary_margin_error,Medium_Dice (25-75%)
20160222_080850_641_361,0.7738687682956393,0.6311467714756256,0.7288934644364943,0.8247593348306093,13451,5003,2858,209088,16309,18454,0.2711065351685272,0.17524066466368263,4,2,4077.25,4122,0.25274388374517137,0.12637194187258569,0.5,0.9999891896168869,0.4375,0.5625,0.1484375,0.502725,7,9,['boundary_margin_error'],boundary_margin_error,Medium_Dice (25-75%)
20160222_080850_641_721,0.7857061299398264,0.6470477610999479,0.7480434766346882,0.8273623447286311,3441,1159,718,225082,4159,4600,0.2519565217391304,0.17263765328203895,1,3,4159.0,1886,0.45347439288290453,0.22673719644145227,3.0,0.9999873691835371,0.4375,0.5625,0.140625,0.50315,7,9,['boundary_margin_error'],boundary_margin_error,Medium_Dice (25-75%)
20160222_115224_1281_1,0.6263208447393652,0.45594405530637194,0.52810626838149,0.7694123182218261,3260,2913,977,223250,4237,6173,0.4718937307630002,0.23058767996223742,10,10,423.7,4075,0.9617654000472032,0.4808827000236016,1.0,0.999994584698773,0.375,0.625,0.1875,0.5022125,6,10,['complex_topology'],complex_topology,Low_Dice (<25%)
20160222_115224_1281_1081,0.8410462768601645,0.7256944432445529,0.8696255183879027,0.8142857127749802,4389,658,1001,224352,5390,5047,0.130374479889043,0.18571428571428572,1,1,5390.0,2275,0.42207792207792205,0.21103896103896103,1.0,0.9999915976647421,0.4375,0.5625,0.171875,0.50285,7,9,['boundary_margin_error'],boundary_margin_error,Medium_Dice (25-75%)
20160222_115224_1281_361,0.5402250926631408,0.37007424223279767,0.43843030974820596,0.7035830580695817,1296,1660,546,226898,1842,2956,0.5615696887686062,0.2964169381107492,6,3,307.0,1801,0.9777415852334419,0.48887079261672095,0.5,0.9999929899235225,0.4375,0.5625,0.1484375,0.502725,7,9,"['thin_low_area_failure', 'complex_topology']",thin_low_area_failure,Low_Dice (<25%)
20160222_115224_1281_721,0.7812865490548985,0.6410748551671581,0.7267640647703387,0.8446531776650051,4676,1758,860,223106,5536,6434,0.2732359341000933,0.15534682080924855,4,8,1384.0,2724,0.4920520231213873,0.24602601156069365,2.0,0.9999957302159224,0.4375,0.5625,0.1640625,0.5022375,7,9,['boundary_margin_error'],boundary_margin_error,Medium_Dice (25-75%)
20160222_115224_1921_1081,0.8522772243474168,0.7425810852823942,0.8755085364075791,0.8302469071740208,1076,153,220,228951,1296,1229,0.12449145646867373,0.1697530864197531,1,3,1296.0,552,0.42592592592592593,0.21296296296296297,3.0,0.9999877611765693,0.8125,0.1875,0.234375,0.5032,13,3,['high_quality'],high_quality,Medium_Dice (25-75%)
20160222_115224_641_1,0.7398577191951178,0.5871223674223147,0.743814432031167,0.735942878062039,5772,1988,2071,220569,7843,7760,0.25618556701030926,0.2640571209996175,4,6,1960.75,4660,0.5941603978069616,0.2970801989034808,1.5,0.9999928708749835,0.5,0.5,0.21875,0.502425,8,8,['boundary_margin_error'],boundary_margin_error,Medium_Dice (25-75%)
20160222_115224_641_1081,0.011272141688772719,0.005668016185153011,0.007779506539721035,0.02045587363848116,35,4464,1676,224225,1711,4499,0.9922204934429874,0.9795441262419637,1,13,1711.0,1669,0.9754529514903565,0.48772647574517825,13.0,0.9999918733096447,0.4375,0.5625,0.1484375,0.5024375,7,9,"['missed_crack_high_fn', 'false_crack_high_fp', 'thin_low_area_failure', 'over_segmentation', 'fragmented_prediction']",missed_crack_high_fn,Low_Dice (<25%)
20160222_115224_641_361,0.8325540607356019,0.7131414249983944,0.758923812576122,0.9220064695080696,2849,905,241,226405,3090,3754,0.2410761854022376,0.07799352750809062,2,1,1545.0,1649,0.5336569579288026,0.2668284789644013,0.5,0.9999848121445903,0.625,0.375,0.171875,0.5027874999999999,10,6,['boundary_margin_error'],boundary_margin_error,Medium_Dice (25-75%)
20160222_115224_641_721,0.20497271062077693,0.1141891891190484,0.13268146446885914,0.4503391461958839,1859,12152,2269,214120,4128,14011,0.8673185354364428,0.5496608527131783,5,3,825.6,2219,0.5375484496124031,0.26877422480620156,0.6,0.9999956886665388,0.5,0.5,0.15625,0.50255,8,8,"['false_crack_high_fp', 'thin_low_area_failure', 'over_segmentation', 'complex_topology']",false_crack_high_fp,Low_Dice (<25%)
20160222_115837_1281_1,0.7602397596068601,0.6132151482497782,0.6701893429176731,0.8782458148139146,4566,2247,633,222954,5199,6813,0.32981065609863497,0.12175418349682632,1,3,5199.0,2135,0.41065589536449315,0.20532794768224658,3.0,0.999989971583403,0.5625,0.4375,0.1484375,0.5011,9,7,['boundary_margin_error'],boundary_margin_error,Medium_Dice (25-75%)
20160222_115837_1281_1081,0.74057649557934,0.5880281676337368,0.5961446915846152,0.9773702654023789,2505,1697,58,226140,2563,4202,0.4038553069966683,0.02262973078423722,4,2,640.75,1867,0.7284432305891534,0.3642216152945767,0.5,0.9999868762503029,0.625,0.375,0.15625,0.5012,10,6,['moderate_general_error'],moderate_general_error,Medium_Dice (25-75%)
20160222_115837_1281_361,0.8125822574196074,0.6843271986603254,0.7394011958337696,0.9018404881628965,3087,1088,336,225889,3423,4175,0.2605988023952096,0.09815950920245399,4,16,855.75,2052,0.5994741454864154,0.2997370727432077,4.0,0.999992001335517,0.5,0.5,0.1484375,0.5010749999999999,8,8,['boundary_margin_error'],boundary_margin_error,Medium_Dice (25-75%)
20160222_115837_1281_721,0.8279797801598243,0.7064552011506533,0.7374382784274229,0.9438661674949212,2539,904,151,226806,2690,3443,0.26256171943072903,0.056133828996282525,1,2,2690.0,2008,0.7464684014869889,0.37323420074349445,2.0,0.999989280220053,0.5625,0.4375,0.140625,0.50105,9,7,['boundary_margin_error'],boundary_margin_error,Medium_Dice (25-75%)
20160222_164851_1281_1081,0.8754241388952786,0.7784482747436088,0.8896551709529472,0.8616412200037513,5418,672,870,223440,6288,6090,0.1103448275862069,0.1383587786259542,2,2,3144.0,1152,0.183206106870229,0.0916030534351145,1.0,0.999975068186168,0.5625,0.4375,0.1796875,0.5027625,9,7,['high_quality'],high_quality,High_Dice (>75%)
20160222_164851_641_1,0.8518849076238323,0.741985636527737,0.848674738886718,0.8551194531952906,10022,1787,1698,216893,11720,11809,0.15132526039461427,0.14488054607508533,2,2,5860.0,2308,0.1969283276450512,0.0984641638225256,1.0,0.999985637530508,0.625,0.375,0.1875,0.50355,10,6,['high_quality'],high_quality,Medium_Dice (25-75%)
20160222_164851_641_1081,0.7737146743113962,0.6309418029420905,0.6813384496505895,0.895068534906147,5681,2657,666,221396,6347,8338,0.31866154953226195,0.10493146368363006,3,3,2115.6666666666665,2372,0.3737198676540098,0.1868599338270049,1.0,0.9999897855796189,0.5625,0.4375,0.1796875,0.5024875,9,7,['boundary_margin_error'],boundary_margin_error,Medium_Dice (25-75%)
20160222_164851_641_361,0.8305681637069307,0.7102322152779013,0.7631408637641901,0.911065326713825,10613,3294,1036,215457,11649,13907,0.23685913568706407,0.0889346725040776,7,7,1664.142857142857,3669,0.31496265773886173,0.15748132886943086,1.0,0.9999840731028927,0.4375,0.5625,0.1953125,0.502575,7,9,"['complex_topology', 'boundary_margin_error']",complex_topology,Medium_Dice (25-75%)
20160222_164851_641_721,0.8694572843393865,0.7690618605519332,0.8193772177965657,0.9260576213292692,10157,2239,811,217193,10968,12396,0.18062278154243305,0.07394237782640409,3,3,3656.0,2773,0.25282640408460977,0.12641320204230488,1.0,0.9999885374309898,0.5,0.5,0.171875,0.502425,8,8,['high_quality'],high_quality,Medium_Dice (25-75%)
20160222_165225_1281_361,0.8306410178488264,0.7103387672455933,0.7438151699613421,0.9404161807672016,7276,2506,461,220157,7737,9782,0.2561848292782662,0.05958381801731937,1,1,7737.0,3094,0.39989660074964456,0.19994830037482228,1.0,0.9999876091774921,0.375,0.625,0.15625,0.502775,6,10,['boundary_margin_error'],boundary_margin_error,Medium_Dice (25-75%)
20160222_165225_1281_721,0.7535448995491394,0.6045503759233457,0.7256176805876614,0.7837078596649729,1116,422,308,228554,1424,1538,0.2743823146944083,0.21629213483146068,1,5,1424.0,650,0.45646067415730335,0.22823033707865167,5.0,0.9999815553324167,0.625,0.375,0.1875,0.5040749999999999,10,6,['boundary_margin_error'],boundary_margin_error,Medium_Dice (25-75%)
20160222_165225_1921_721,0.7074982826325166,0.547386725391376,0.5946683453036646,0.8731699786204808,5666,3862,823,220049,6489,9528,0.4053316540722082,0.12683002003390353,2,4,3244.5,3365,0.5185698875019263,0.25928494375096317,2.0,0.9999863442099779,0.4375,0.5625,0.1875,0.503325,7,9,['moderate_general_error'],moderate_general_error,Low_Dice (<25%)
20160222_165225_1_361,0.7727299231511461,0.6296331489929357,0.6903918292096792,0.8773672349657433,6625,2971,926,219878,7551,9596,0.3096081700708629,0.1226327638723348,1,2,7551.0,3404,0.4508012183816713,0.22540060919083565,2.0,0.9999826177203383,0.375,0.625,0.1484375,0.5030999999999999,6,10,['boundary_margin_error'],boundary_margin_error,Medium_Dice (25-75%)
20160222_165225_641_361,0.8018012604012001,0.6691721781226978,0.7960181201764209,0.8076690446260203,6677,1711,1590,220422,8267,8388,0.20398187887458274,0.19233095439700013,4,3,2066.75,4037,0.4883270835853393,0.24416354179266966,0.75,0.999990419504917,0.4375,0.5625,0.140625,0.5029875,7,9,['boundary_margin_error'],boundary_margin_error,Medium_Dice (25-75%)
20160222_165402_1281_1,0.923568664316958,0.8579912472827764,0.8962777526161539,0.952573740945548,8235,953,410,220802,8645,9188,0.10372224640835873,0.04742625795257374,1,1,8645.0,2045,0.23655292076344708,0.11827646038172354,1.0,0.9999898283906381,0.4375,0.5625,0.15625,0.5026999999999999,7,9,['high_quality'],high_quality,High_Dice (>75%)
20160222_165402_1281_361,0.8940560351432019,0.8084098865343216,0.827452500167262,0.9723203087227243,8536,1780,243,219841,8779,10316,0.17254749903063202,0.027679690169723204,2,1,4389.5,2052,0.2337396058776626,0.1168698029388313,0.5,0.9999904628596512,0.5625,0.4375,0.15625,0.50325,9,7,['high_quality'],high_quality,High_Dice (>75%)
20160222_165402_641_1081,0.9287918701811095,0.8670508039722783,0.9251705773973378,0.932441622510057,12339,998,894,216169,13233,13337,0.07482942190897503,0.06755837678530946,1,3,13233.0,1717,0.12975137912793774,0.06487568956396887,3.0,0.9999824587386354,0.5625,0.4375,0.1953125,0.5039875,9,7,['high_quality'],high_quality,High_Dice (>75%)
20160222_165402_641_721,0.8965448067315858,0.8124886376908848,0.8211464258486622,0.9871893970323695,8939,1947,116,219398,9055,10886,0.1788535733970237,0.012810601877415792,1,1,9055.0,1678,0.1853119823302043,0.09265599116510215,1.0,0.9999815736328876,0.5625,0.4375,0.1953125,0.504,9,7,['high_quality'],high_quality,High_Dice (>75%)
20160222_165926_1281_361,0.5707381358287826,0.3993236999713381,0.4009259246885002,0.9900914558682054,1299,1941,13,227147,1312,3240,0.5990740740740741,0.009908536585365854,2,1,656.0,1592,1.2134146341463414,0.6067073170731707,0.5,0.9999860134145732,0.5625,0.4375,0.171875,0.5025375,9,7,['over_segmentation'],over_segmentation,Low_Dice (<25%)
20160222_165926_1281_721,0.7624541157468501,0.6161016940450541,0.646413751264947,0.9292714083313349,4362,2386,332,223320,4694,6748,0.35358624777711917,0.07072858968896463,1,1,4694.0,3164,0.674051981252663,0.3370259906263315,1.0,0.9999931207443294,0.5,0.5,0.1640625,0.5024875000000001,8,8,['boundary_margin_error'],boundary_margin_error,Medium_Dice (25-75%)
20160222_165926_1921_721,0.7608103500503828,0.6139579604149499,0.65117295548423,0.9148413492019625,4469,2394,416,223121,4885,6863,0.3488270435669532,0.08515864892528148,4,2,1221.25,3742,0.7660184237461617,0.38300921187308085,0.5,0.9999855419074707,0.5625,0.4375,0.1875,0.5027874999999999,9,7,['boundary_margin_error'],boundary_margin_error,Medium_Dice (25-75%)
20160222_165926_1_1081,0.6531073427878323,0.4848993268250867,0.5240253829373283,0.8665667101456769,1156,1050,178,228016,1334,2206,0.4759746146872167,0.13343328335832083,4,3,333.5,1166,0.8740629685157422,0.4370314842578711,0.75,0.9999891552963511,0.5625,0.4375,0.1796875,0.5027125,9,7,['moderate_general_error'],moderate_general_error,Low_Dice (<25%)
20160222_165926_1_721,0.6734300749024913,0.5076476272843221,0.522623080481118,0.9465703936946916,2622,2395,148,225235,2770,5017,0.4773769184771776,0.053429602888086646,5,4,554.0,2358,0.8512635379061372,0.4256317689530686,0.8,0.999991136096839,0.5,0.5,0.15625,0.5028374999999999,8,8,['complex_topology'],complex_topology,Low_Dice (<25%)
20160222_165926_641_1,0.7345143853065531,0.5804209678704906,0.604175277792114,0.9365587922571009,2923,1915,198,225364,3121,4838,0.395824720959074,0.06344120474206985,1,4,3121.0,1933,0.619352771547581,0.3096763857737905,4.0,0.9999949908398695,0.5625,0.4375,0.203125,0.5024875,9,7,['boundary_margin_error'],boundary_margin_error,Medium_Dice (25-75%)
20160222_165926_641_361,0.6626781239392167,0.4955262721725618,0.49967191519082693,0.9835324475830401,3046,3050,51,224253,3097,6096,0.5003280839895013,0.01646754924120116,2,3,1548.5,2230,0.7200516628995802,0.3600258314497901,1.5,0.9999937155188016,0.5625,0.4375,0.203125,0.5024625,9,7,['moderate_general_error'],moderate_general_error,Low_Dice (<25%)
20160222_165926_641_721,0.7756728305700851,0.6335502878133977,0.6742909414791649,0.9129357619661375,5159,2492,492,222257,5651,7651,0.32570905763952424,0.08706423641833304,2,3,2825.5,4142,0.7329676163510883,0.36648380817554416,1.5,0.9999919670101014,0.4375,0.5625,0.1640625,0.5021749999999999,7,9,['boundary_margin_error'],boundary_margin_error,Medium_Dice (25-75%)
20160302_155857_1281_1,0.6151950713632894,0.44424673731406084,0.5613009583913355,0.6805378871878287,3745,2927,1758,221970,5503,6672,0.4386990407673861,0.31946211157550425,2,4,2751.5,1899,0.3450844993639833,0.17254224968199164,2.0,0.9999816033047264,0.5625,0.4375,0.1875,0.5032125000000001,9,7,['moderate_general_error'],moderate_general_error,Low_Dice (<25%)
20160302_155857_1281_361,0.7073310122578422,0.5471864947369883,0.6010596021182697,0.8592527128764799,6807,4518,1115,217960,7922,11325,0.3989403973509934,0.14074728603887907,1,11,7922.0,2828,0.35698056046452914,0.17849028023226457,11.0,0.999988473976348,0.4375,0.5625,0.1640625,0.50295,7,9,['boundary_margin_error'],boundary_margin_error,Low_Dice (<25%)
20160302_155857_1281_721,0.5152164583900205,0.34699768952945237,0.3485068125586929,0.9876746015803237,1202,2247,15,226936,1217,3449,0.6514931864308495,0.012325390304026294,1,3,1217.0,430,0.3533278553820871,0.17666392769104355,3.0,0.9999874909316628,0.5625,0.4375,0.1796875,0.5030125000000001,9,7,"['false_crack_high_fp', 'thin_low_area_failure', 'over_segmentation']",false_crack_high_fp,Low_Dice (<25%)
20160302_155857_1_721,0.8661609980517736,0.7639188602292626,0.8733552626790816,0.8590842901045762,15930,2310,2613,209547,18543,18240,0.12664473684210525,0.14091570943213072,1,1,18543.0,3212,0.17321900447608263,0.08660950223804131,1.0,0.9999929106963954,0.625,0.375,0.1640625,0.5027375,10,6,['high_quality'],high_quality,Medium_Dice (25-75%)
20160302_155857_641_721,0.7139750936568574,0.5551798337149402,0.5748846089580961,0.9418513681513678,10836,8013,669,210882,11505,18849,0.4251153907369091,0.058148631029986964,3,2,3835.0,3366,0.2925684485006519,0.14628422425032594,0.6666666666666666,0.9999865736219236,0.5625,0.4375,0.1640625,0.5024249999999999,9,7,['moderate_general_error'],moderate_general_error,Low_Dice (<25%)
20160307_144202_1281_361,0.6171926723586445,0.44633309357087775,0.4734213640820879,0.8863708385319005,5593,6221,717,217869,6310,11814,0.526578635517183,0.11362916006339144,10,4,631.0,3310,0.5245641838351822,0.2622820919175911,0.4,0.999992527089515,0.4375,0.5625,0.171875,0.502175,7,9,['complex_topology'],complex_topology,Low_Dice (<25%)
20160307_144202_1281_721,0.6127852972900056,0.4417378911086355,0.4447153299229667,0.9850698825124844,3101,3872,47,223380,3148,6973,0.5552846694392657,0.014930114358322744,5,4,629.6,1470,0.4669631512071156,0.2334815756035578,0.8,0.9999950031496696,0.25,0.75,0.1796875,0.5018374999999999,4,12,"['over_segmentation', 'complex_topology']",over_segmentation,Low_Dice (<25%)
20160307_144202_1921_361,0.6410452624093628,0.4717193624461002,0.4822806940670047,0.9556363013726245,11309,12140,525,206426,11834,23449,0.5177193057273232,0.04436369781984113,5,1,2366.8,4983,0.42107486902146357,0.21053743451073179,0.2,0.9999924052854167,0.5,0.5,0.1640625,0.501625,8,8,['complex_topology'],complex_topology,Low_Dice (<25%)
20160307_144202_1_361,0.8107722995694578,0.6817637188201467,0.7253212315290021,0.9190463878285009,14225,5387,1253,209535,15478,19612,0.27467876810116254,0.08095361157772323,7,3,2211.1428571428573,4184,0.2703191626825171,0.13515958134125855,0.42857142857142855,0.9999948563677907,0.4375,0.5625,0.1640625,0.5026999999999999,7,9,"['complex_topology', 'boundary_margin_error']",complex_topology,Medium_Dice (25-75%)
20160307_144202_641_361,0.7151649679766034,0.5566200719561174,0.5678577148064639,0.9656675740547979,10632,8091,378,211299,11010,18723,0.4321422848902419,0.03433242506811989,10,3,1101.0,4281,0.3888283378746594,0.1944141689373297,0.3,0.9999941379740309,0.375,0.625,0.1640625,0.502225,6,10,['complex_topology'],complex_topology,Low_Dice (<25%)
20160307_145059_1281_361,0.8419490474765183,0.7270397262243488,0.749367088195175,0.9606321426833413,13616,4554,558,211672,14174,18170,0.25063291139240507,0.03936785663891632,4,1,3543.5,3270,0.23070410610977846,0.11535205305488923,0.25,0.9999945097016001,0.3125,0.6875,0.15625,0.50195,5,11,['boundary_margin_error'],boundary_margin_error,Medium_Dice (25-75%)
20160307_145059_1281_721,0.8340233799110914,0.7153002603495558,0.7605774561237341,0.9231702373322952,6849,2156,570,220825,7419,9005,0.2394225430316491,0.07682976142337242,3,2,2473.0,3748,0.5051893786224558,0.2525946893112279,0.6666666666666666,0.9999899357420814,0.375,0.625,0.1484375,0.5018750000000001,6,10,['boundary_margin_error'],boundary_margin_error,Medium_Dice (25-75%)
20160307_145059_1921_1081,0.8472769021921942,0.7350220567311484,0.7630373751469385,0.9524248553339022,5165,1604,258,223373,5423,6769,0.23696262372580884,0.047575142909828505,3,4,1807.6666666666667,2182,0.4023603171676194,0.2011801585838097,1.3333333333333333,0.9999911377020647,0.4375,0.5625,0.171875,0.5015999999999999,7,9,['boundary_margin_error'],boundary_margin_error,Medium_Dice (25-75%)
20160307_145059_1921_361,0.856973011192893,0.7497399620347133,0.8837665515091004,0.8317562883054418,10812,1422,2187,215979,12999,12234,0.11623344776851398,0.16824371105469652,1,4,12999.0,3074,0.23647972920993923,0.11823986460496962,4.0,0.9999935736792235,0.4375,0.5625,0.1328125,0.502125,7,9,['high_quality'],high_quality,Medium_Dice (25-75%)
20160307_145059_1921_721,0.8389705149009264,0.7226091375528977,0.8053767497058373,0.8754887818985619,4254,1028,605,224513,4859,5282,0.19462324876940554,0.12451121629965013,3,3,1619.6666666666667,1757,0.3615970364272484,0.1807985182136242,1.0,0.9999833654355241,0.5,0.5,0.1328125,0.5023375,8,8,['boundary_margin_error'],boundary_margin_error,Medium_Dice (25-75%)
20160307_145059_1_361,0.9045744676039498,0.8257744966244785,0.85098078377604,0.9653723876414937,8503,1489,305,220103,8808,9992,0.14901921537229784,0.034627611262488645,1,2,8808.0,2411,0.27372842870118075,0.13686421435059037,2.0,0.9999925195649426,0.4375,0.5625,0.15625,0.50275,7,9,['high_quality'],high_quality,High_Dice (>75%)
20160307_145059_1_721,0.832033811242415,0.7123783370197425,0.7587719288160927,0.9209549912551138,5709,1815,490,222386,6199,7524,0.2412280701754386,0.07904500725923536,1,1,6199.0,1626,0.2623003710275851,0.13115018551379254,1.0,0.9999939614176513,0.3125,0.6875,0.15625,0.5017125,5,11,['boundary_margin_error'],boundary_margin_error,Medium_Dice (25-75%)
20160307_145059_641_361,0.7695579517168784,0.6254320979932937,0.6442014233924194,0.9554884931054537,5066,2798,236,222300,5302,7864,0.35579857578840285,0.044511505092417955,2,2,2651.0,2106,0.3972086005281026,0.1986043002640513,1.0,0.9999962512879408,0.375,0.625,0.1484375,0.5025124999999999,6,10,['boundary_margin_error'],boundary_margin_error,Medium_Dice (25-75%)
20160307_145059_641_721,0.8811200258387424,0.7875018287812807,0.8182785881856155,0.9544164588910815,10762,2390,514,216734,11276,13152,0.1817214111922141,0.045583540262504434,2,1,5638.0,3040,0.2695991486342675,0.13479957431713374,0.5,0.999989252172363,0.375,0.625,0.1484375,0.5013,6,10,['high_quality'],high_quality,High_Dice (>75%)
20160307_162438_1281_361,0.7848435882143581,0.6458786544697156,0.9999999962574849,0.6458786544697156,2672,0,1465,226263,4137,2672,0.0,0.3541213439690597,1,1,4137.0,396,0.09572153734590283,0.047860768672951415,1.0,0.9999865922924076,0.5625,0.4375,0.1640625,0.503425,9,7,['boundary_margin_error'],boundary_margin_error,Medium_Dice (25-75%)
20160307_162438_1281_721,0.8715478259353829,0.7723391792459577,0.9648068996323566,0.7947286622491266,25057,914,6472,197957,31529,25971,0.03519309999614955,0.20527133749881063,1,4,31529.0,3073,0.09746582511338768,0.04873291255669384,4.0,0.9999837208025131,0.375,0.625,0.1484375,0.5023124999999999,6,10,['high_quality'],high_quality,Medium_Dice (25-75%)
20160307_162438_1921_1081,0.7471741718438575,0.5963910984685858,0.6020485359936865,0.9844880081990027,10345,6838,163,213054,10508,17183,0.39795146365593903,0.01551199086410354,2,3,5254.0,2256,0.21469356680624285,0.10734678340312143,1.5,0.9999851552733134,0.4375,0.5625,0.15625,0.503025,7,9,['boundary_margin_error'],boundary_margin_error,Medium_Dice (25-75%)
20160307_162438_1921_721,0.8814539444487002,0.7880354501936503,0.9097626825305468,0.8548537851716501,19206,1905,3261,206028,22467,21111,0.09023731703851073,0.14514621444785686,1,1,22467.0,2708,0.12053233631548493,0.06026616815774247,1.0,0.9999818132666007,0.375,0.625,0.1796875,0.502475,6,10,['high_quality'],high_quality,High_Dice (>75%)
20160307_162438_1_361,0.8437320800509472,0.7297029222155741,0.9087156927940482,0.7874223357209256,30163,3030,8143,189064,38306,33193,0.09128430693218449,0.21257766407351328,1,1,38306.0,3094,0.08077063645381924,0.04038531822690962,1.0,0.9999848462236363,0.375,0.625,0.1640625,0.50225,6,10,['boundary_margin_error'],boundary_margin_error,Medium_Dice (25-75%)
20160307_162438_641_361,0.8679193272228788,0.7666585501312156,0.8773510421783537,0.8586882410532757,18892,2641,3109,205758,22001,21533,0.12264895741420145,0.14131175855642925,1,1,22001.0,2516,0.11435843825280669,0.05717921912640334,1.0,0.9999826951753599,0.375,0.625,0.171875,0.5024500000000001,6,10,['high_quality'],high_quality,Medium_Dice (25-75%)
20160307_162438_641_721,0.7833949203684292,0.6439188307562119,0.742363283054145,0.8292276950245877,4982,1729,1026,222663,6008,6711,0.25763671583966624,0.1707723035952064,1,1,6008.0,705,0.11734354194407456,0.05867177097203728,1.0,0.9999837076189804,0.5625,0.4375,0.140625,0.502625,9,7,['boundary_margin_error'],boundary_margin_error,Medium_Dice (25-75%)
20160310_114505_1281_1,0.4577561456910569,0.29681178136136627,0.29690788360545917,0.9989106699405738,1834,4343,2,224221,1836,6177,0.703092115913874,0.0010893246187363835,4,2,459.0,1931,1.051742919389978,0.525871459694989,0.5,0.9999928196164348,0.3125,0.6875,0.15625,0.5009125,5,11,"['false_crack_high_fp', 'thin_low_area_failure', 'over_segmentation']",false_crack_high_fp,Low_Dice (<25%)
20160310_114505_641_1,0.5689215959744399,0.39754746796128615,0.40725357065418544,0.9434405047091282,4020,5851,241,220288,4261,9871,0.5927464289332388,0.05655949307674255,4,3,1065.25,2348,0.551044355785027,0.2755221778925135,0.75,0.9999930141167799,0.3125,0.6875,0.1796875,0.5009750000000001,5,11,['over_segmentation'],over_segmentation,Low_Dice (<25%)
20160310_114505_641_1081,0.585441042117676,0.4138682511997343,0.41489572947875303,0.9940518653484373,4178,5892,25,220305,4203,10070,0.5851042701092354,0.005948132286462051,3,4,1401.0,1842,0.4382583868665239,0.21912919343326195,1.3333333333333333,0.9999891000758034,0.4375,0.5625,0.140625,0.5010125,7,9,['over_segmentation'],over_segmentation,Low_Dice (<25%)
20160310_114505_641_361,0.4802119935018077,0.3159730116625176,0.31780404093190695,0.9820923633786702,4168,8947,76,217209,4244,13115,0.682195958825772,0.017907634307257305,5,1,848.8,2457,0.5789349670122526,0.2894674835061263,0.2,0.9999882654428669,0.375,0.625,0.1484375,0.50115,6,10,"['false_crack_high_fp', 'thin_low_area_failure', 'over_segmentation', 'complex_topology']",false_crack_high_fp,Low_Dice (<25%)
20160310_114505_641_721,0.5618807068441936,0.3907052144549174,0.3913749545368324,0.9956391990001396,4338,6746,19,219297,4357,11084,0.6086250451100685,0.004360798714711958,4,1,1089.25,1798,0.41266926784484737,0.20633463392242368,0.25,0.9999898968196381,0.5,0.5,0.15625,0.501275,8,8,['over_segmentation'],over_segmentation,Low_Dice (<25%)
20160316_142539_1281_361,0.8513513507458383,0.7411764696703698,0.895689911859189,0.8111954448208248,5985,697,1393,222325,7378,6682,0.10431008680035918,0.1888045540796964,1,1,7378.0,1653,0.22404445649227434,0.11202222824613717,1.0,0.9999885616300884,0.375,0.625,0.1796875,0.501425,6,10,['high_quality'],high_quality,Medium_Dice (25-75%)
20160316_142539_1281_721,0.7875913464707006,0.6496088131489631,0.7065821459651076,0.8895812825083839,8137,3379,1010,217874,9147,11516,0.29341785342132687,0.1104187165190773,2,1,4573.5,2578,0.2818410407783973,0.14092052038919864,0.5,0.9999915258083898,0.4375,0.5625,0.1640625,0.5017625,7,9,['boundary_margin_error'],boundary_margin_error,Medium_Dice (25-75%)
20160316_142539_1921_361,0.676877436035435,0.5115757636293796,0.5593819484808815,0.8568558944481608,9811,7728,1639,211222,11450,17539,0.44061805120018244,0.14314410480349346,7,6,1635.7142857142858,4030,0.3519650655021834,0.1759825327510917,0.8571428571428571,0.9999891033810976,0.5,0.5,0.1640625,0.5016375,8,8,['complex_topology'],complex_topology,Low_Dice (<25%)
20160316_142539_1_721,0.6785339579357439,0.5134705973040435,0.6167196436003054,0.7541200242893967,9701,6029,3163,211507,12864,15730,0.3832803560076287,0.24587997512437812,7,5,1837.7142857142858,4023,0.3127332089552239,0.15636660447761194,0.7142857142857143,0.9999922879076599,0.4375,0.5625,0.171875,0.5015625,7,9,"['complex_topology', 'boundary_margin_error']",complex_topology,Low_Dice (<25%)
20160316_142539_641_721,0.5956880860297886,0.4241850262066668,0.5386757814035474,0.6661969620587154,8510,7288,4264,210338,12774,15798,0.46132421825547537,0.33380303741975886,4,10,3193.5,4538,0.35525285736652573,0.17762642868326287,2.5,0.999991405940329,0.4375,0.5625,0.15625,0.5016375,7,9,['moderate_general_error'],moderate_general_error,Low_Dice (<25%)
20160316_143445_1281_1,0.8607153629242348,0.7554875532539943,0.8262856401967654,0.8981390787056533,12838,2699,1456,213407,14294,15537,0.17371435927141662,0.10186092066601371,1,7,14294.0,2297,0.16069679585840213,0.08034839792920107,7.0,0.9999897252252992,0.5,0.5,0.1328125,0.501575,8,8,['high_quality'],high_quality,Medium_Dice (25-75%)
20160316_143445_1281_1081,0.7851641180410427,0.6463129132924056,0.7137009894146898,0.872530943185328,3313,1329,484,225274,3797,4642,0.28629900904782424,0.12746905451672372,4,4,949.25,1205,0.3173558072162233,0.15867790360811165,1.0,0.9999877315671429,0.75,0.25,0.171875,0.5021125,12,4,['boundary_margin_error'],boundary_margin_error,Medium_Dice (25-75%)
20160316_143445_1281_361,0.872405062975622,0.7736865733698848,0.7904187687329322,0.9733677661420647,12061,3198,330,214811,12391,15259,0.20958123074906612,0.02663223307239125,2,2,6195.5,2403,0.19393107900895812,0.09696553950447906,1.0,0.9999915818387377,0.5625,0.4375,0.140625,0.5017750000000001,9,7,['high_quality'],high_quality,High_Dice (>75%)
20160316_143445_1281_721,0.8116758121034056,0.683042405742932,0.835314291978408,0.7893383992013084,14126,2785,3770,209719,17896,16911,0.16468570752764472,0.21066160035762183,2,4,8948.0,4941,0.2760952168082253,0.13804760840411265,2.0,0.9999901792132159,0.4375,0.5625,0.1640625,0.5012000000000001,7,9,['boundary_margin_error'],boundary_margin_error,Medium_Dice (25-75%)
20160316_143445_1921_1081,0.6827670492873298,0.5183343226556307,0.5955142413478474,0.7999770869515671,6983,4743,1746,216928,8729,11726,0.4044857581442947,0.20002291213197387,2,6,4364.5,2735,0.31332340474281134,0.15666170237140567,3.0,0.9999877772878762,0.6875,0.3125,0.1640625,0.502075,11,5,['moderate_general_error'],moderate_general_error,Low_Dice (<25%)
20160316_143445_1_1081,0.8392518293091614,0.72302662239792,0.8987459348597934,0.7871453261597221,7740,872,2093,219695,9833,8612,0.10125406409660938,0.21285467303976405,1,9,9833.0,2466,0.2507881623105868,0.1253940811552934,9.0,0.9999939962492341,0.6875,0.3125,0.171875,0.5024,11,5,['boundary_margin_error'],boundary_margin_error,Medium_Dice (25-75%)
20160316_143445_1_721,0.6071650808008133,0.4359203466480465,0.4866058699250415,0.8071377905763703,3415,3603,816,222566,4231,7018,0.5133941293815902,0.19286220751595368,2,3,2115.5,1268,0.2996927440321437,0.14984637201607184,1.5,0.9999784906700449,0.8125,0.1875,0.203125,0.5030749999999999,13,3,['moderate_general_error'],moderate_general_error,Low_Dice (<25%)
20160316_143445_641_361,0.8730822868883363,0.7747524745862475,0.8217454274653763,0.9312608998345533,9077,1969,670,218684,9747,11046,0.17825457179069346,0.06873909921001334,1,2,9747.0,2796,0.2868574946137273,0.14342874730686364,2.0,0.9999894749288136,0.5,0.5,0.15625,0.5016375,8,8,['high_quality'],high_quality,High_Dice (>75%)
20160316_143445_641_721,0.8610703608470142,0.7560347287892045,0.8304338704355126,0.8940539310684261,7924,1618,939,219919,8863,9542,0.1695661286941941,0.10594606792282522,1,3,8863.0,2133,0.2406634322464177,0.12033171612320885,3.0,0.9999938882620127,0.5625,0.4375,0.140625,0.5017625,9,7,['high_quality'],high_quality,Medium_Dice (25-75%)
20160316_143527_1281_1081,0.7924222380029773,0.6562080413707808,0.7998966312344762,0.7850862353862984,9286,2323,2542,216249,11828,11609,0.20010336807649237,0.21491376394994927,4,4,2957.0,4261,0.360246871829557,0.1801234359147785,1.0,0.9999913275027592,0.3125,0.6875,0.1640625,0.5012875,5,11,['boundary_margin_error'],boundary_margin_error,Medium_Dice (25-75%)
20160316_143527_1281_361,0.6576548244928406,0.4899297412413824,0.6513075944853437,0.6641269820186445,2092,1120,1058,226130,3150,3212,0.34869240348692404,0.3358730158730159,4,3,787.5,1101,0.3495238095238095,0.17476190476190476,0.75,0.9999783554514634,0.625,0.375,0.15625,0.501825,10,6,['boundary_margin_error'],boundary_margin_error,Low_Dice (<25%)
20160316_143527_1281_721,0.7574571080996043,0.6096023831749733,0.7595659619457615,0.755359931489725,15960,5052,5169,204219,21129,21012,0.240434037692747,0.2446400681527758,7,3,3018.4285714285716,7452,0.35269061479483177,0.17634530739741588,0.42857142857142855,0.9999926928066727,0.5,0.5,0.1484375,0.5014125,8,8,"['complex_topology', 'boundary_margin_error']",complex_topology,Medium_Dice (25-75%)
20160316_143527_1921_361,0.7636441766417897,0.6176572813541387,0.71689359483924,0.8169175947397799,7108,2807,1593,218892,8701,9915,0.2831064044377206,0.18308240432134237,2,4,4350.5,4261,0.48971382599701185,0.24485691299850593,2.0,0.9999914068711286,0.5,0.5,0.140625,0.5013624999999999,8,8,['boundary_margin_error'],boundary_margin_error,Medium_Dice (25-75%)
20160316_143527_1_1,0.6726969765099399,0.5068149206359264,0.7157148275095419,0.634557089216844,5652,2245,3255,219248,8907,7897,0.2842851715841459,0.3654429100707309,2,1,4453.5,3323,0.37307735488941285,0.18653867744470642,0.5,0.9999919248135538,0.5,0.5,0.1328125,0.5015375,8,8,['boundary_margin_error'],boundary_margin_error,Low_Dice (<25%)
20160316_143527_1_361,0.688428873821087,0.5248887079625887,0.5319934361525975,0.9751879662586918,2594,2282,66,225458,2660,4876,0.46800656275635766,0.02481203007518797,2,22,1330.0,1788,0.6721804511278195,0.3360902255639098,11.0,0.9999796397033951,0.6875,0.3125,0.1484375,0.5021875,11,5,['fragmented_prediction'],fragmented_prediction,Low_Dice (<25%)
20160316_143527_641_1,0.8316154812622973,0.7117652347540145,0.8007088599486493,0.8650038279564557,7907,1968,1234,219291,9141,9875,0.19929113924050632,0.13499617109725412,1,1,9141.0,2978,0.3257849250629034,0.1628924625314517,1.0,0.9999881835668778,0.375,0.625,0.15625,0.5013625,6,10,['boundary_margin_error'],boundary_margin_error,Medium_Dice (25-75%)
20160316_143527_641_361,0.781114560359907,0.6408432941741851,0.7529481477019566,0.8114701744721738,12706,4169,2952,210573,15658,16875,0.24705185185185186,0.18852982500957977,8,4,1957.25,5907,0.37725124536977905,0.18862562268488953,0.5,0.9999895822546263,0.4375,0.5625,0.1328125,0.5013624999999999,7,9,"['complex_topology', 'boundary_margin_error']",complex_topology,Medium_Dice (25-75%)
20160316_143527_641_721,0.6962696777068192,0.5340595871714666,0.7835547837790203,0.6264819081963328,4069,1124,2426,222781,6495,5193,0.21644521471211245,0.37351809083910703,3,1,2165.0,2013,0.3099307159353349,0.15496535796766744,0.3333333333333333,0.9999838613242563,0.5,0.5,0.140625,0.5018,8,8,['boundary_margin_error'],boundary_margin_error,Low_Dice (<25%)
20160316_143547_1281_1081,0.857783088052311,0.7509809030840154,0.8382481727350418,0.8782502267413574,2871,554,398,226577,3269,3425,0.16175182481751824,0.12174977057204038,3,1,1089.6666666666667,774,0.23676965432854083,0.11838482716427041,0.3333333333333333,0.9999877514453562,0.75,0.25,0.171875,0.50165,12,4,['high_quality'],high_quality,Medium_Dice (25-75%)
20160316_143547_1281_361,0.2955422950236183,0.17339373934638852,0.1797992735857372,0.8295566420733336,842,3841,173,225544,1015,4683,0.8202007260303225,0.17044334975369457,1,2,1015.0,210,0.20689655172413793,0.10344827586206896,2.0,0.9999831801327361,0.5625,0.4375,0.15625,0.5015624999999999,9,7,"['false_crack_high_fp', 'thin_low_area_failure', 'over_segmentation']",false_crack_high_fp,Low_Dice (<25%)
20160316_143547_1281_721,0.8982329698914094,0.8152657915375081,0.8746512214109025,0.9231215416191676,20689,2965,1723,205023,22412,23654,0.12534877821932866,0.07687845796894521,1,2,22412.0,4400,0.19632339817954667,0.09816169908977333,2.0,0.9999924651652137,0.5625,0.4375,0.15625,0.5015499999999999,9,7,['high_quality'],high_quality,High_Dice (>75%)
20160316_143547_1921_1081,0.8471983168978138,0.7349037820781156,0.8203703700327694,0.8758402526796537,19935,4365,2826,203274,22761,24300,0.17962962962962964,0.12415974693554764,3,5,7587.0,5059,0.2222661570229779,0.11113307851148894,1.6666666666666667,0.9999960822143881,0.5625,0.4375,0.15625,0.5016375,9,7,['boundary_margin_error'],boundary_margin_error,Medium_Dice (25-75%)
20160316_143547_1_1,0.7711322440203014,0.6275144255905115,0.8631407159237885,0.6968499217290395,11636,1845,5062,211857,16698,13481,0.1368592834359469,0.3031500778536352,1,2,16698.0,4621,0.2767397293088993,0.13836986465444964,2.0,0.9999937079584877,0.4375,0.5625,0.1484375,0.5013375,7,9,['boundary_margin_error'],boundary_margin_error,Medium_Dice (25-75%)
20160316_143547_641_1,0.8427197773258249,0.7281899066576267,0.780534346179807,0.9156716349576743,1227,345,113,228715,1340,1572,0.21946564885496184,0.08432835820895522,1,1,1340.0,445,0.332089552238806,0.166044776119403,1.0,0.9999836022942148,0.6875,0.3125,0.171875,0.5016625,11,5,['boundary_margin_error'],boundary_margin_error,Medium_Dice (25-75%)
20160316_143547_641_361,0.9001431392201816,0.8184184427253233,0.8590944568962435,0.9453113808551815,13206,2166,764,214264,13970,15372,0.1409055425448868,0.05468861846814603,2,1,6985.0,3890,0.278453829634932,0.139226914817466,0.5,0.9999898728142,0.5,0.5,0.125,0.50125,8,8,['high_quality'],high_quality,High_Dice (>75%)
20160316_143547_641_721,0.6657032723232019,0.49891696390673673,0.6923847626013551,0.6410018493413557,691,307,387,229015,1078,998,0.3076152304609218,0.3589981447124304,2,4,539.0,561,0.5204081632653061,0.2602040816326531,2.0,0.9999892366570274,0.6875,0.3125,0.1640625,0.5016,11,5,['boundary_margin_error'],boundary_margin_error,Low_Dice (<25%)
20160318_181632_1281_1081,0.8783898303016973,0.7831507363543002,0.8342798368580782,0.9274245658262045,18657,3706,1460,206577,20117,22363,0.16572016276885929,0.07257543371278023,1,2,20117.0,3066,0.1524084107968385,0.07620420539841925,2.0,0.9999871959137803,0.4375,0.5625,0.1953125,0.50115,7,9,['high_quality'],high_quality,High_Dice (>75%)
20160318_181632_1281_361,0.8548172850161352,0.7464461992234831,0.9120680293974825,0.8043293264534811,30246,2916,7358,189880,37604,33162,0.08793197032748326,0.1956706733326242,8,2,4700.5,5071,0.13485267524731412,0.06742633762365706,0.25,0.9999895867606192,0.4375,0.5625,0.140625,0.5015625,7,9,"['complex_topology', 'high_quality']",complex_topology,Medium_Dice (25-75%)
20160318_181632_1281_721,0.8874728908964444,0.7977090028948115,0.8654340902344072,0.9106634849450934,19847,3086,1947,205520,21794,22933,0.13456590938821786,0.08933651463705607,1,10,21794.0,2539,0.1164999541158117,0.05824997705790585,10.0,0.999992111101096,0.5625,0.4375,0.1484375,0.5018750000000001,9,7,['high_quality'],high_quality,High_Dice (>75%)
20160318_181632_1921_1,0.7599481392640389,0.6128357718950688,0.7762836170002372,0.7442859919041103,3810,1098,1309,224183,5119,4908,0.2237163814180929,0.25571400664192223,5,1,1023.8,1148,0.22426255127954678,0.11213127563977339,0.2,0.9999866555887806,0.625,0.375,0.1640625,0.5022,10,6,"['complex_topology', 'boundary_margin_error']",complex_topology,Medium_Dice (25-75%)
20160318_181632_1921_361,0.882157233039892,0.7891603892011169,0.9127108916269131,0.8535829256175895,21477,2054,3684,203185,25161,23531,0.087289107985211,0.14641707404316204,1,2,25161.0,3071,0.12205397241763045,0.06102698620881523,2.0,0.9999934300102657,0.5,0.5,0.1328125,0.501725,8,8,['high_quality'],high_quality,High_Dice (>75%)
20160318_181632_1_1,0.9348922653918775,0.87774432108114,0.9332939601090131,0.9364960541042089,30025,2146,2036,196193,32061,32171,0.06670603960088278,0.06350394560369296,1,1,32061.0,3190,0.0994978322572596,0.0497489161286298,1.0,0.9999905112582559,0.5,0.5,0.140625,0.5019,8,8,['high_quality'],high_quality,High_Dice (>75%)
20160318_181632_1_361,0.9369723592726121,0.8814186229734147,0.9431897533336677,0.9308363949199532,4051,244,301,225804,4352,4295,0.05681024447031432,0.06916360294117647,2,3,2176.0,534,0.12270220588235294,0.06135110294117647,1.5,0.9999863586273313,0.5625,0.4375,0.1484375,0.5020625,9,7,['high_quality'],high_quality,High_Dice (>75%)
20160318_181632_641_1,0.7884115868363405,0.6507255915213536,0.8200332467995293,0.7591381271291338,1973,433,626,227368,2599,2406,0.17996674979218621,0.24086186994998077,2,5,1299.5,488,0.1877645248172374,0.0938822624086187,2.5,0.9999755547364543,0.625,0.375,0.171875,0.5018374999999999,10,6,['boundary_margin_error'],boundary_margin_error,Medium_Dice (25-75%)
20160318_181632_641_361,0.9207320273957974,0.853107894209194,0.9553218729519377,0.8885594828611276,35067,1640,4398,189295,39465,36707,0.04467812678780614,0.11144051691372102,1,3,39465.0,3248,0.08230077283669074,0.04115038641834537,3.0,0.9999875423551359,0.4375,0.5625,0.1328125,0.5014,7,9,['high_quality'],high_quality,High_Dice (>75%)
20160318_181632_641_721,0.18825329981202737,0.10390707475415613,0.12127187547135351,0.42051281691869385,492,3565,678,225665,1170,4057,0.8787281242297263,0.5794871794871795,1,3,1170.0,668,0.5709401709401709,0.28547008547008546,3.0,0.9999818034195458,0.6875,0.3125,0.1640625,0.501575,11,5,"['false_crack_high_fp', 'thin_low_area_failure', 'over_segmentation']",false_crack_high_fp,Low_Dice (<25%)
20160321_183947_1281_361,0.7528335638241528,0.6036352021567755,0.6653778535487597,0.8667582377895684,1893,952,291,227264,2184,2845,0.33462214411247804,0.13324175824175824,1,6,2184.0,385,0.1762820512820513,0.08814102564102565,6.0,0.9999837728662211,0.5625,0.4375,0.1640625,0.5020875,9,7,['boundary_margin_error'],boundary_margin_error,Medium_Dice (25-75%)
20160321_183947_1281_721,0.9342566010072467,0.8766243374251473,0.9266560277459696,0.9419828871967992,29615,2344,1824,196617,31439,31959,0.07334397196407898,0.058017112503578355,1,2,31439.0,3118,0.09917618244855116,0.04958809122427558,2.0,0.9999905662402595,0.375,0.625,0.1640625,0.5014375,6,10,['high_quality'],high_quality,High_Dice (>75%)
20160321_183947_1921_721,0.9079809408861126,0.8314698661238463,0.9030803656608042,0.9129349920444025,27441,2945,2617,197397,30058,30386,0.09691963404199302,0.08706500765187304,1,1,30058.0,3092,0.10286778894138,0.05143389447069,1.0,0.9999931367040171,0.3125,0.6875,0.171875,0.500875,5,11,['high_quality'],high_quality,High_Dice (>75%)
20160321_183947_1_721,0.9109886219053361,0.8365281026716207,0.8800242294624491,0.9442114971394583,45037,6140,2661,176562,47698,51177,0.11997577036559393,0.055788502662585435,1,7,47698.0,3492,0.07321061679735,0.036605308398675,7.0,0.9999929117182963,0.4375,0.5625,0.1796875,0.50185,7,9,['high_quality'],high_quality,High_Dice (>75%)
20160321_183947_641_721,0.9144798466432983,0.8424347017561087,0.8544965248329162,0.9835202835883918,32705,5569,548,191578,33253,38274,0.1455034749438261,0.016479716115839173,1,2,33253.0,3297,0.0991489489670105,0.04957447448350525,2.0,0.9999893641885241,0.375,0.625,0.171875,0.5014500000000001,6,10,['high_quality'],high_quality,High_Dice (>75%)
20160321_185557_1281_721,0.8772932677615207,0.7814091094050472,0.8744562075555511,0.8801487964970168,22714,3261,3093,201332,25807,25975,0.12554379210779595,0.1198512031619328,3,1,8602.333333333334,3922,0.1519742705467509,0.07598713527337544,0.3333333333333333,0.9999876366714472,0.4375,0.5625,0.15625,0.5009,7,9,['high_quality'],high_quality,High_Dice (>75%)
20160321_185557_1921_1,0.87157644001485,0.7723841214608458,0.839213264385947,0.9065358223070352,9515,1823,981,218081,10496,11338,0.16078673487387546,0.09346417682926829,1,1,10496.0,2096,0.19969512195121952,0.09984756097560976,1.0,0.9999860918587438,0.4375,0.5625,0.140625,0.5014625,7,9,['high_quality'],high_quality,High_Dice (>75%)
20160321_185557_1921_1081,0.8225225642695027,0.6985463494331986,0.7982209305634738,0.8483503754115856,8794,2223,1572,217811,10366,11017,0.20177906871199056,0.15164962377001737,1,1,10366.0,1930,0.18618560679143353,0.09309280339571677,1.0,0.9999874948008882,0.4375,0.5625,0.1640625,0.5009625,7,9,['boundary_margin_error'],boundary_margin_error,Medium_Dice (25-75%)
20160321_185557_1921_361,0.7408766731697557,0.5884067568145699,0.6116237428648783,0.9393971433745139,8882,5640,573,215305,9455,14522,0.38837625671395126,0.060602855631940775,2,1,4727.5,2665,0.28186144896879956,0.14093072448439978,0.5,0.9999916866921764,0.4375,0.5625,0.15625,0.5010875,7,9,['boundary_margin_error'],boundary_margin_error,Medium_Dice (25-75%)
20160321_185557_1921_721,0.8802456903348036,0.7861060973259348,0.9221604114404848,0.8419755890978791,22213,1875,4169,202143,26382,24088,0.07783958817668549,0.15802441058297323,1,2,26382.0,3311,0.1255022363732848,0.0627511181866424,2.0,0.9999902603043318,0.4375,0.5625,0.1484375,0.5008,7,9,['high_quality'],high_quality,High_Dice (>75%)
20160321_185557_1_361,0.5356824252103425,0.3658239404026075,0.37090796673592347,0.963884422440735,1201,2037,45,227117,1246,3238,0.6290920321185918,0.036115569823434994,1,17,1246.0,314,0.2520064205457464,0.1260032102728732,17.0,0.9999722921112413,0.5625,0.4375,0.15625,0.5015375,9,7,"['thin_low_area_failure', 'over_segmentation', 'fragmented_prediction']",thin_low_area_failure,Low_Dice (<25%)
20160321_185557_1_721,0.8365618031120728,0.7190427522061648,0.76462597320928,0.9234386957653732,16886,5198,1400,206916,18286,22084,0.23537402644448469,0.07656130372962923,1,1,18286.0,3861,0.21114513835721316,0.10557256917860658,1.0,0.999990797513777,0.375,0.625,0.15625,0.5007125,6,10,['boundary_margin_error'],boundary_margin_error,Medium_Dice (25-75%)
20160321_185557_641_721,0.8945130218848095,0.8091574478877329,0.8822035815542038,0.907170831356224,19457,2598,1991,206354,21448,22055,0.1177964180457946,0.09282916822081314,1,1,21448.0,3301,0.1539071242073853,0.07695356210369265,1.0,0.9999871639558058,0.4375,0.5625,0.1484375,0.500575,7,9,['high_quality'],high_quality,High_Dice (>75%)
20160324_170347_1281_1,0.8755299811663159,0.7786156736081125,0.9065537771926093,0.8465592959786834,5782,596,1048,222974,6830,6378,0.09344622138601442,0.1534407027818448,2,1,3415.0,2141,0.31346998535871157,0.15673499267935578,0.5,0.999991724082658,0.5,0.5,0.140625,0.5018375,8,8,['high_quality'],high_quality,High_Dice (>75%)
20160324_170347_1281_1081,0.8044520012332261,0.6728730273172059,0.9069362131283789,0.7227777767739197,5204,534,1996,222666,7200,5738,0.09306378529104217,0.2772222222222222,1,1,7200.0,2631,0.36541666666666667,0.18270833333333333,1.0,0.9999857255827189,0.625,0.375,0.171875,0.5029874999999999,10,6,['boundary_margin_error'],boundary_margin_error,Medium_Dice (25-75%)
20160324_170347_1281_361,0.795906223494046,0.6610001970142318,0.7318888151325358,0.8721961386643243,6688,2450,980,220282,7668,9138,0.26811118406653534,0.1278038601982264,5,1,1533.6,2600,0.33907146583202924,0.16953573291601462,0.2,0.999992141744256,0.4375,0.5625,0.1484375,0.5018374999999999,7,9,"['complex_topology', 'boundary_margin_error']",complex_topology,Medium_Dice (25-75%)
20160324_170347_1281_721,0.7251683263451292,0.5688345695601619,0.841860464028604,0.6368878891243399,6516,1224,3715,218945,10231,7740,0.15813953488372093,0.3631121102531522,1,4,10231.0,4382,0.4283061284331932,0.2141530642165966,4.0,0.9999925934088152,0.4375,0.5625,0.1484375,0.50195,7,9,['boundary_margin_error'],boundary_margin_error,Medium_Dice (25-75%)
20160324_170347_641_1,0.7832807558623333,0.6437645822043957,0.7006207655174357,0.8880543602000917,2483,1061,313,226543,2796,3544,0.29937923250564336,0.11194563662374821,1,2,2796.0,2183,0.780758226037196,0.390379113018598,2.0,0.9999906221246351,0.5625,0.4375,0.1953125,0.5020625,9,7,['boundary_margin_error'],boundary_margin_error,Medium_Dice (25-75%)
20160324_170347_641_361,0.7932218398568813,0.6573054319799827,0.7268114456529097,0.8729887838298666,3581,1346,521,224952,4102,4927,0.27318855287193017,0.12701121404193078,3,2,1367.3333333333333,2940,0.7167235494880546,0.3583617747440273,0.6666666666666666,0.9999910887440919,0.4375,0.5625,0.1875,0.5020125,7,9,['boundary_margin_error'],boundary_margin_error,Medium_Dice (25-75%)
20160324_170347_641_721,0.8211569063839432,0.6965786293620089,0.8178294544826304,0.8245115423640798,2321,517,494,227068,2815,2838,0.1821705426356589,0.17548845470692717,1,1,2815.0,1498,0.5321492007104796,0.2660746003552398,1.0,0.9999828274125547,0.625,0.375,0.1640625,0.50295,10,6,['boundary_margin_error'],boundary_margin_error,Medium_Dice (25-75%)
20160326_141808_1281_1,0.07811228625282285,0.0406435223525751,0.4615384504437873,0.042666666571851856,192,224,4308,225676,4500,416,0.5384615384615384,0.9573333333333334,4,12,1125.0,1265,0.2811111111111111,0.14055555555555554,3.0,0.9999874898886001,0.5,0.5,0.15625,0.5009375,8,8,"['missed_crack_high_fn', 'thin_low_area_failure']",missed_crack_high_fn,Low_Dice (<25%)
20160326_141808_641_1,0.8384037896546669,0.7217687025730021,0.7332411835988861,0.9787822787935214,1061,386,23,228930,1084,1447,0.26675881133379403,0.021217712177121772,1,9,1084.0,178,0.16420664206642066,0.08210332103321033,9.0,0.9999776137416676,0.5,0.5,0.140625,0.500925,8,8,['boundary_margin_error'],boundary_margin_error,Medium_Dice (25-75%)
20160326_141808_641_361,0.7313947753510789,0.5765345760368346,0.7391256217607907,0.7238239749362411,6678,2357,2548,218817,9226,9035,0.26087437742114,0.27617602427921095,1,5,9226.0,1956,0.21200953826143507,0.10600476913071753,5.0,0.9999869908645862,0.5,0.5,0.1875,0.500975,8,8,['boundary_margin_error'],boundary_margin_error,Medium_Dice (25-75%)
20160326_141808_641_721,0.11959287516591238,0.06359945864194931,0.5181918355215894,0.06759672074270572,470,437,6483,223010,6953,907,0.48180815876515987,0.9324032791600748,4,18,1738.25,1926,0.27700273263339564,0.13850136631669782,4.5,0.9999829639764077,0.5625,0.4375,0.1640625,0.5011,9,7,"['missed_crack_high_fn', 'thin_low_area_failure', 'fragmented_prediction']",missed_crack_high_fn,Low_Dice (<25%)
20160326_142521_1281_1,0.40844824552950004,0.25663522683583007,0.9058064492753382,0.26367187480192916,3510,365,9802,216723,13312,3875,0.09419354838709677,0.736328125,1,10,13312.0,1582,0.11884014423076923,0.059420072115384616,10.0,0.9999868150036741,0.6875,0.3125,0.171875,0.5014875,11,5,"['missed_crack_high_fn', 'fragmented_prediction']",missed_crack_high_fn,Low_Dice (<25%)
20160326_142521_1281_1081,0.3614049928874207,0.22055785067004685,0.5930555514371142,0.2598904435182883,854,586,2432,226528,3286,1440,0.40694444444444444,0.7401095556908095,2,9,1643.0,933,0.2839318320146074,0.1419659160073037,4.5,0.9999739503675155,0.625,0.375,0.1640625,0.5013625,10,6,"['missed_crack_high_fn', 'thin_low_area_failure', 'fragmented_prediction']",missed_crack_high_fn,Low_Dice (<25%)
20160326_142521_1281_361,0.4489048184397413,0.2894115227591542,0.8544572442254177,0.3044182777309946,2818,480,6439,220663,9257,3298,0.14554275318374774,0.6955817219401534,1,4,9257.0,1801,0.19455547153505456,0.09727773576752728,4.0,0.9999857279408766,0.6875,0.3125,0.171875,0.5013375,11,5,"['missed_crack_high_fn', 'fragmented_prediction']",missed_crack_high_fn,Low_Dice (<25%)
20160326_142521_1281_721,0.6583936569812745,0.4907502565170005,0.9102462257184334,0.5157051565874312,5730,565,5381,218724,11111,6295,0.08975377283558379,0.4842948429484295,1,5,11111.0,1846,0.16614166141661416,0.08307083070830708,5.0,0.9999836255798046,0.6875,0.3125,0.171875,0.5014624999999999,11,5,['fragmented_prediction'],fragmented_prediction,Low_Dice (<25%)
20160326_142521_641_1,0.0,0.0,0.0,0.0,0,120,1355,228925,1355,120,1.0,1.0,1,7,1355.0,291,0.21476014760147602,0.10738007380073801,7.0,0.9999942500708576,0.625,0.375,0.1640625,0.5014875000000001,10,6,"['missed_crack_high_fn', 'thin_low_area_failure', 'fragmented_prediction']",missed_crack_high_fn,Low_Dice (<25%)
20160326_142521_641_1081,0.0,0.0,0.0,0.0,0,976,2487,226937,2487,976,1.0,1.0,2,7,1243.5,797,0.32046642541214315,0.16023321270607158,3.5,0.999978069869097,0.6875,0.3125,0.1640625,0.501425,11,5,"['missed_crack_high_fn', 'false_crack_high_fp', 'thin_low_area_failure', 'fragmented_prediction']",missed_crack_high_fn,Low_Dice (<25%)
20160326_142745_1281_1081,0.6943064025354162,0.5317529349026687,0.9644970376153962,0.5423691203585423,2445,90,2063,225802,4508,2535,0.03550295857988166,0.45763087843833183,2,1,2254.0,1217,0.2699645075421473,0.13498225377107365,0.5,0.9999745495786075,0.625,0.375,0.140625,0.5017,10,6,['moderate_general_error'],moderate_general_error,Low_Dice (<25%)
20160326_142745_1281_361,0.40139390784628687,0.251089940052406,0.8335566849810863,0.26434339119052835,3110,621,8655,218014,11765,3731,0.1664433127847762,0.7356566085847854,1,17,11765.0,1303,0.11075223119422015,0.05537611559711007,17.0,0.9999842273391512,0.6875,0.3125,0.171875,0.5015499999999999,11,5,"['missed_crack_high_fn', 'fragmented_prediction']",missed_crack_high_fn,Low_Dice (<25%)
20160326_142745_1281_721,0.6811750388732226,0.5165014758980907,0.932781109270893,0.5364691706623211,9797,706,8465,211432,18262,10503,0.06721888984099782,0.46353082904391635,1,6,18262.0,3193,0.17484393823239514,0.08742196911619757,6.0,0.9999930390130252,0.375,0.625,0.15625,0.5012624999999999,6,10,['fragmented_prediction'],fragmented_prediction,Low_Dice (<25%)
20160326_142745_1921_1081,0.5735281832371373,0.4020606481652492,0.6017171883621567,0.5478621561138128,3434,2273,2834,221859,6268,5707,0.39828281058349396,0.45213784301212506,2,2,3134.0,2013,0.3211550733886407,0.16057753669432034,1.0,0.9999853192821075,0.625,0.375,0.15625,0.5015375,10,6,['moderate_general_error'],moderate_general_error,Low_Dice (<25%)
20160326_142745_1_1,0.4929436918541489,0.327090427338195,0.9626948757188292,0.33128951885336305,5187,201,10470,214542,15657,5388,0.037305122494432075,0.668710480935045,1,1,15657.0,3472,0.2217538481190522,0.1108769240595261,1.0,0.9999927123740173,0.375,0.625,0.1640625,0.500925,6,10,['missed_crack_high_fn'],missed_crack_high_fn,Low_Dice (<25%)
20160326_142745_641_361,0.6079269662773066,0.43670622988190727,0.9057471255692078,0.45749673401833824,9456,984,11213,208747,20669,10440,0.09425287356321839,0.5425032657603174,1,4,20669.0,4010,0.19401035366974698,0.09700517683487349,4.0,0.9999919646477914,0.5,0.5,0.1640625,0.5012125000000001,8,8,['fragmented_prediction'],fragmented_prediction,Low_Dice (<25%)
20160328_151020_1281_361,0.6085491035365255,0.43734860143697485,0.466766945347952,0.8740427771551423,9930,11344,1431,207695,11361,21274,0.5332330544326408,0.1259572220755215,6,5,1893.5,3906,0.3438077634011091,0.17190388170055454,0.8333333333333334,0.9999929810514137,0.3125,0.6875,0.15625,0.5013,5,11,['complex_topology'],complex_topology,Low_Dice (<25%)
20160328_151020_1921_361,0.5675876593459337,0.3962459993096419,0.4098595327861414,0.9226586093427406,9162,13192,768,207278,9930,22354,0.590140467030509,0.07734138972809668,1,2,9930.0,4010,0.4038267875125881,0.20191339375629405,2.0,0.9999903085158609,0.625,0.375,0.1640625,0.501475,10,6,['over_segmentation'],over_segmentation,Low_Dice (<25%)
20160328_151020_1_1,0.7095470527713359,0.5498434129621982,0.5782787233389175,0.9179114605391693,13519,9859,1209,205813,14728,23378,0.4217212764137223,0.08208853883758827,1,7,14728.0,4702,0.3192558392178164,0.1596279196089082,7.0,0.999994325162439,0.3125,0.6875,0.1640625,0.5021875,5,11,['moderate_general_error'],moderate_general_error,Low_Dice (<25%)
20160328_151020_1_361,0.43248979556531447,0.27590875921684327,0.2788714598601206,0.9629225701093327,2649,6850,102,220799,2751,9499,0.7211285398462997,0.03707742639040349,1,6,2751.0,1264,0.45946928389676484,0.22973464194838242,6.0,0.9999814486777412,0.75,0.25,0.1796875,0.5021625000000001,12,4,"['false_crack_high_fp', 'thin_low_area_failure', 'over_segmentation', 'fragmented_prediction']",false_crack_high_fp,Low_Dice (<25%)
20160328_151020_641_361,0.6181069086107612,0.44728996219915146,0.4820398743763059,0.8612010584910199,5851,6287,943,217319,6794,12138,0.5179601252265612,0.13879894024138947,5,5,1358.8,2741,0.4034442154842508,0.2017221077421254,1.0,0.9999901763762993,0.4375,0.5625,0.1640625,0.5013624999999999,7,9,['complex_topology'],complex_topology,Low_Dice (<25%)
20160328_151020_641_721,0.6815697960160909,0.5169555384551925,0.7540721487418086,0.6217864200545596,7546,2461,4590,215803,12136,10007,0.24592785050464674,0.37821357943309164,1,6,12136.0,3877,0.3194627554383652,0.1597313777191826,6.0,0.9999935138045144,0.375,0.625,0.1484375,0.50125,6,10,"['fragmented_prediction', 'boundary_margin_error']",fragmented_prediction,Low_Dice (<25%)
20160328_151057_1281_1,0.8148695735401104,0.6875779706156159,0.8307493522163021,0.7995854905708073,3858,786,967,224789,4825,4644,0.16925064599483206,0.20041450777202072,3,1,1608.3333333333333,1961,0.40642487046632125,0.20321243523316063,0.3333333333333333,0.9999928679363304,0.3125,0.6875,0.1640625,0.5009874999999999,5,11,['boundary_margin_error'],boundary_margin_error,Medium_Dice (25-75%)
20160328_151057_1281_1081,0.5853139404217643,0.41374122297936944,0.4829268283259965,0.7427971166182559,2475,2650,857,224418,3332,5125,0.5170731707317073,0.257202881152461,4,6,833.0,2058,0.6176470588235294,0.3088235294117647,1.5,0.999992341359164,0.4375,0.5625,0.1484375,0.5014625,7,9,['moderate_general_error'],moderate_general_error,Low_Dice (<25%)
20160328_151057_1281_361,0.8021252885404703,0.669623693418767,0.805230556081847,0.7990438777547484,4680,1132,1177,223411,5857,5812,0.194769442532691,0.2009561208809971,2,1,2928.5,2153,0.3675943315690627,0.18379716578453134,0.5,0.9999908587543929,0.3125,0.6875,0.1640625,0.501075,5,11,['boundary_margin_error'],boundary_margin_error,Medium_Dice (25-75%)
20160328_151057_1281_721,0.8048505173654819,0.6734308377821626,0.8701534164085402,0.748665026250276,12478,1862,4189,211871,16667,14340,0.1298465829846583,0.251334973300534,2,3,8333.5,5496,0.32975340493190136,0.16487670246595068,1.5,0.9999910084774822,0.375,0.625,0.15625,0.50075,6,10,['boundary_margin_error'],boundary_margin_error,Medium_Dice (25-75%)
20160328_151057_1921_721,0.7945670624215685,0.6591549290313546,0.9134328347721782,0.7030752910011707,7956,754,3360,218330,11316,8710,0.08656716417910448,0.29692470837751855,1,2,11316.0,3174,0.2804878048780488,0.1402439024390244,2.0,0.9999902515929427,0.4375,0.5625,0.140625,0.5011625,7,9,['boundary_margin_error'],boundary_margin_error,Medium_Dice (25-75%)
20160328_151057_641_1081,0.7127582261883544,0.5537096765262748,0.6715571191870948,0.759345275913857,3433,1679,1088,224200,4521,5112,0.3284428794992175,0.24065472240654723,2,6,2260.5,2225,0.49214775492147755,0.24607387746073878,3.0,0.9999913754128333,0.375,0.625,0.140625,0.5015625,6,10,['boundary_margin_error'],boundary_margin_error,Low_Dice (<25%)
20160328_151057_641_721,0.7792855157580675,0.6383847540254314,0.8072289141188967,0.7532119900906282,4221,1008,1383,223788,5604,5229,0.1927710843373494,0.2467880085653105,2,1,2802.0,1913,0.3413633119200571,0.17068165596002854,0.5,0.9999902788939521,0.5,0.5,0.1484375,0.5019750000000001,8,8,['boundary_margin_error'],boundary_margin_error,Medium_Dice (25-75%)
20160328_151244_1281_1081,0.8761024421480447,0.7795216174528328,0.810878693610581,0.9527366620774027,20662,4819,1025,203894,21687,25481,0.1891213060711903,0.047263337483284915,1,5,21687.0,1886,0.08696454096924425,0.043482270484622124,5.0,0.9999878178729436,0.3125,0.6875,0.1640625,0.5006625,5,11,['high_quality'],high_quality,High_Dice (>75%)
20160328_151244_1281_361,0.8891536546290516,0.8004290227305325,0.8909974442247927,0.8873174798133845,21269,2602,2701,203828,23970,23871,0.10900255540195215,0.11268251981643722,1,1,23970.0,3379,0.14096787651230705,0.07048393825615352,1.0,0.9999956012443854,0.25,0.75,0.1796875,0.50115,4,12,['high_quality'],high_quality,High_Dice (>75%)
20160328_151244_1281_721,0.8487543493992691,0.7372486914121075,0.8545206274809122,0.8430653708385456,38174,6499,7106,178621,45280,44673,0.14547937232780428,0.15693462897526503,6,4,7546.666666666667,6598,0.1457155477031802,0.0728577738515901,0.6666666666666666,0.9999934636812912,0.3125,0.6875,0.1796875,0.50085,5,11,"['complex_topology', 'boundary_margin_error']",complex_topology,Medium_Dice (25-75%)
20160328_151244_1921_1081,0.6967167494929357,0.5345858233211133,0.8397048941656498,0.5953399895461404,3756,717,2553,223374,6309,4473,0.1602951039570758,0.4046600095102235,3,2,2103.0,1675,0.26549373910286894,0.13274686955143447,0.6666666666666666,0.9999957811325935,0.375,0.625,0.140625,0.50055,6,10,['moderate_general_error'],moderate_general_error,Low_Dice (<25%)
20160328_151244_1921_361,0.8752464746441241,0.7781673539251127,0.9344726317324867,0.8230802789756045,26411,1852,5677,196460,32088,28263,0.0655273679368786,0.1769197207678883,2,1,16044.0,3054,0.09517576664173523,0.047587883320867615,0.5,0.9999936495234453,0.25,0.75,0.171875,0.501,4,12,['high_quality'],high_quality,High_Dice (>75%)
20160328_151244_1921_721,0.8869060153976627,0.7967934672780733,0.8547773692729729,0.9215442376888157,40007,6797,3406,180190,43413,46804,0.1452226305443979,0.07845576209891046,4,3,10853.25,5681,0.1308594199894041,0.06542970999470205,0.75,0.999991359193318,0.25,0.75,0.171875,0.50085,4,12,['high_quality'],high_quality,High_Dice (>75%)
20160328_151244_1_1,0.8415235470960825,0.7264053964900722,0.8977687784271206,0.7919103481730309,22613,2575,5942,199270,28555,25188,0.10223122121645228,0.20808965154964104,1,1,28555.0,4036,0.1413412712309578,0.0706706356154789,1.0,0.9999921519293069,0.25,0.75,0.171875,0.50095,4,12,['boundary_margin_error'],boundary_margin_error,Medium_Dice (25-75%)
20160328_151244_1_1081,0.8343207931798695,0.7157379048184471,0.8798554638966344,0.793267271897289,5844,798,1523,222235,7367,6642,0.12014453477868112,0.20673272702592643,1,1,7367.0,1519,0.20618976516899687,0.10309488258449843,1.0,0.9999857536617549,0.625,0.375,0.171875,0.50105,10,6,['boundary_margin_error'],boundary_margin_error,Medium_Dice (25-75%)
20160328_151244_1_721,0.8873242950871784,0.7974689221390886,0.8754988417620837,0.8994735771920057,17770,2527,1986,208117,19756,20297,0.1245011578065724,0.10052642235270298,1,1,19756.0,2941,0.14886616724033205,0.07443308362016603,1.0,0.9999898240755087,0.25,0.75,0.171875,0.5011,4,12,['high_quality'],high_quality,High_Dice (>75%)
20160328_151244_641_1,0.8876020853394541,0.7979177897059531,0.8952021960560277,0.880129935087098,19237,2252,2620,206291,21857,21489,0.1047978035273861,0.11987006451022555,1,6,21857.0,3341,0.15285720821704718,0.07642860410852359,6.0,0.9999971303226911,0.25,0.75,0.1640625,0.5008375,4,12,['high_quality'],high_quality,High_Dice (>75%)
20160328_151244_641_361,0.889247118965536,0.800580519887884,0.899830835609092,0.8789094766440992,14894,1658,2052,211796,16946,16552,0.10016916384726922,0.12109052283724772,1,2,16946.0,2183,0.12882096069868995,0.06441048034934498,2.0,0.9999889664542416,0.375,0.625,0.171875,0.5011875,6,10,['high_quality'],high_quality,High_Dice (>75%)
20160328_151244_641_721,0.8796344495652694,0.785131646741502,0.8901549145646867,0.8693597559319055,45624,5630,6856,172290,52480,51254,0.10984508526163812,0.13064024390243903,1,3,52480.0,5253,0.1000952743902439,0.05004763719512195,3.0,0.9999930130420476,0.25,0.75,0.171875,0.501125,4,12,['high_quality'],high_quality,High_Dice (>75%)
20160328_151752_1281_361,0.7175855989685342,0.5595582819339592,0.7963260454031389,0.6530156362603725,11401,2916,6058,210025,17459,14317,0.20367395404065097,0.3469843633655994,2,1,8729.5,2428,0.13906867518185462,0.06953433759092731,0.5,0.9999907976760509,0.375,0.625,0.15625,0.5013875,6,10,['boundary_margin_error'],boundary_margin_error,Medium_Dice (25-75%)
20160328_151752_1281_721,0.784307419580105,0.645152756718486,0.9177798665704989,0.6847276801168899,4878,437,2246,222839,7124,5315,0.08222013170272813,0.31527231892195395,1,1,7124.0,1432,0.20101066816395283,0.10050533408197641,1.0,0.9999946613498588,0.5,0.5,0.15625,0.5016375,8,8,['boundary_margin_error'],boundary_margin_error,Medium_Dice (25-75%)
20160328_151752_1921_721,0.7323998442404707,0.5777845962803834,0.9139667510532904,0.6110164676681202,15064,1418,9590,204328,24654,16482,0.08603324839218542,0.3889835320840432,4,1,6163.5,4532,0.18382412590249048,0.09191206295124524,0.25,0.999994456536115,0.375,0.625,0.1640625,0.5011625,6,10,['boundary_margin_error'],boundary_margin_error,Medium_Dice (25-75%)
20160328_151752_1_361,0.7577780497434535,0.6100182415766808,0.662330709992864,0.8853667256634228,12373,6308,1602,210117,13975,18681,0.3376692896525882,0.11463327370304115,1,1,13975.0,2708,0.19377459749552772,0.09688729874776386,1.0,0.9999913051388547,0.3125,0.6875,0.1640625,0.5014875,5,11,['boundary_margin_error'],boundary_margin_error,Medium_Dice (25-75%)
20160328_151752_1_721,0.5543732142372872,0.38348294296774527,0.384587683166771,0.9925650465374996,1068,1709,8,227615,1076,2777,0.6154123154483255,0.007434944237918215,5,2,215.2,573,0.5325278810408922,0.2662639405204461,0.4,0.9999849839953685,0.5,0.5,0.171875,0.50235,8,8,"['over_segmentation', 'complex_topology']",over_segmentation,Low_Dice (<25%)
20160328_151752_641_361,0.7973074406650748,0.6629353731979322,0.8082871025537399,0.7866220732027606,16464,3905,4466,205565,20930,20369,0.19171289704943786,0.21337792642140468,5,1,4186.0,3827,0.18284758719541327,0.09142379359770664,0.2,0.9999952060386856,0.3125,0.6875,0.171875,0.501275,5,11,"['complex_topology', 'boundary_margin_error']",complex_topology,Medium_Dice (25-75%)
20160328_152022_1281_721,0.9062123229731879,0.828508440903722,0.8732420200338626,0.9417699812246868,28562,4146,1766,195926,30328,32708,0.12675797969915617,0.05823001846478502,1,1,30328.0,3008,0.09918227380638354,0.04959113690319177,1.0,0.9999945096369942,0.3125,0.6875,0.171875,0.5016,5,11,['high_quality'],high_quality,High_Dice (>75%)
20160328_152022_1921_1,0.815046368232236,0.6878297566937832,0.7522600492861512,0.8892678480112917,7822,2576,974,219028,8796,10398,0.24773994999038276,0.11073215097771714,1,2,8796.0,850,0.09663483401546158,0.04831741700773079,2.0,0.9999843346183546,0.625,0.375,0.1796875,0.501675,10,6,['boundary_margin_error'],boundary_margin_error,Medium_Dice (25-75%)
20160328_152022_1921_361,0.7726882204900094,0.6295777759083422,0.7228732176814276,0.8298771303822655,17088,6551,3503,203258,20591,23639,0.2771267820127755,0.17012286921470546,3,3,6863.666666666667,3230,0.15686464960419602,0.07843232480209801,1.0,0.9999924971887053,0.375,0.625,0.15625,0.5013625,6,10,['boundary_margin_error'],boundary_margin_error,Medium_Dice (25-75%)
20160328_152022_1921_721,0.8758041953958955,0.7790495141585391,0.8371657746549325,0.9181818172842797,9393,1827,837,218343,10230,11220,0.1628342245989305,0.08181818181818182,1,4,10230.0,1710,0.16715542521994134,0.08357771260997067,4.0,0.9999900416483904,0.5625,0.4375,0.15625,0.5012875,9,7,['high_quality'],high_quality,High_Dice (>75%)
20160328_152022_1_1081,0.7075107068277914,0.5474015998162114,0.608808988216801,0.8444084268240762,6773,4352,1248,218027,8021,11125,0.39119101123595507,0.15559157212317667,1,3,8021.0,2299,0.28662261563396085,0.14331130781698043,3.0,0.9999921203426625,0.25,0.75,0.1640625,0.50135,4,12,['boundary_margin_error'],boundary_margin_error,Low_Dice (<25%)
20160328_152022_1_361,0.700167503121414,0.5386597925523435,0.5683559936505413,0.9115781089945356,2299,1746,223,226132,2522,4045,0.43164400494437577,0.08842188739095956,2,2,1261.0,818,0.32434575733544807,0.16217287866772404,1.0,0.9999778380483545,0.5625,0.4375,0.1953125,0.5015750000000001,9,7,['moderate_general_error'],moderate_general_error,Low_Dice (<25%)
20160328_152022_1_721,0.7586827882951616,0.6111917092112004,0.7251044987397289,0.795521984359965,5898,2236,1516,220750,7414,8134,0.2748955003688222,0.20447801456703535,2,3,3707.0,1733,0.23374696520097113,0.11687348260048556,1.5,0.999989142595019,0.5625,0.4375,0.15625,0.5019125,9,7,['boundary_margin_error'],boundary_margin_error,Medium_Dice (25-75%)
20160328_152022_641_361,0.8318291300293597,0.7120783024235712,0.827148380661887,0.8365631561775839,14332,2995,2800,210273,17132,17327,0.17285161886073758,0.1634368433341116,1,1,17132.0,2760,0.16110203128648143,0.08055101564324071,1.0,0.9999933664751149,0.25,0.75,0.171875,0.5014375,4,12,['boundary_margin_error'],boundary_margin_error,Medium_Dice (25-75%)
20160328_152022_641_721,0.8086794211360594,0.6788092436942768,0.7488387162423903,0.8789146691524568,13864,4650,1910,209976,15774,18514,0.25116128335313814,0.1210853302903512,3,1,5258.0,2652,0.1681247622670217,0.08406238113351085,0.3333333333333333,0.999993085635829,0.1875,0.8125,0.203125,0.5014,3,13,['boundary_margin_error'],boundary_margin_error,Medium_Dice (25-75%)
20160328_152305_1281_361,0.8896795004402931,0.8012817027093457,0.865743456832682,0.9149767436186191,14754,2288,1371,211987,16125,17042,0.13425654265931228,0.0850232558139535,2,3,8062.5,1636,0.10145736434108527,0.05072868217054263,1.5,0.9999898605934908,0.5,0.5,0.140625,0.5022125,8,8,['high_quality'],high_quality,High_Dice (>75%)
20160328_152305_1281_721,0.8087291396634374,0.6788793099790521,0.7053686386915028,0.9475821606771586,12600,5263,697,211840,13297,17863,0.29463136091362035,0.05241783861021283,2,4,6648.5,1594,0.11987666390915244,0.05993833195457622,2.0,0.9999838659109288,0.4375,0.5625,0.140625,0.5018625,7,9,['boundary_margin_error'],boundary_margin_error,Medium_Dice (25-75%)
20160328_152305_1921_361,0.8463778042373741,0.7336698334569218,0.8125616570155534,0.8831308073252633,19768,4560,2616,203456,22384,24328,0.18743834265044393,0.11686919228020014,3,2,7461.333333333333,2186,0.0976590421729807,0.04882952108649035,0.6666666666666666,0.9999945426008252,0.375,0.625,0.1796875,0.502125,6,10,['boundary_margin_error'],boundary_margin_error,Medium_Dice (25-75%)
20160328_152305_1921_721,0.92495548177151,0.8603880733196947,0.9281429477165648,0.921789833361776,14544,1126,1234,213496,15778,15670,0.07185705169112955,0.07821016605399923,1,1,15778.0,1312,0.08315375839776905,0.041576879198884524,1.0,0.9999889525589708,0.5,0.5,0.15625,0.5021249999999999,8,8,['high_quality'],high_quality,High_Dice (>75%)
20160328_152305_1_361,0.7825772895179943,0.6428147616928831,0.7281403315221854,0.8458115381014821,10834,4045,1975,213546,12809,14879,0.2718596679884401,0.1541884612381919,1,1,12809.0,3367,0.26286205012100866,0.13143102506050433,1.0,0.9999916175224163,0.4375,0.5625,0.15625,0.5021,7,9,['boundary_margin_error'],boundary_margin_error,Medium_Dice (25-75%)
20160328_152305_641_361,0.7727019288656648,0.6295959775700551,0.691734326705887,0.8751368183252195,10394,4632,1483,213891,11877,15026,0.30826567283375483,0.1248631809379473,2,2,5938.5,2578,0.2170581796750021,0.10852908983750105,1.0,0.9999903734786268,0.375,0.625,0.15625,0.5020249999999999,6,10,['boundary_margin_error'],boundary_margin_error,Medium_Dice (25-75%)
20160328_152305_641_721,0.7966048862788968,0.6619645345040986,0.7473793131113604,0.8527720734842033,16612,5615,2868,205305,19480,22227,0.2526206865523912,0.14722792607802876,2,3,9740.0,2953,0.15159137577002055,0.07579568788501027,1.5,0.9999845483943499,0.375,0.625,0.1484375,0.501725,6,10,['boundary_margin_error'],boundary_margin_error,Medium_Dice (25-75%)
20160328_152511_1281_361,0.710609910678415,0.5511209653025204,0.6053581087810228,0.8601640593948167,6711,4375,1091,218223,7802,11086,0.3946418906729208,0.13983593950269163,3,2,2600.6666666666665,2301,0.2949243783645219,0.14746218918226095,0.6666666666666666,0.9999905717664276,0.5,0.5,0.15625,0.5015875,8,8,['boundary_margin_error'],boundary_margin_error,Low_Dice (<25%)
20160328_152511_1281_721,0.7719101116367884,0.6285452872391808,0.7680268292006208,0.7758328613291308,4122,1245,1191,223842,5313,5367,0.2319731693683622,0.22416713721061546,1,3,5313.0,1252,0.23564840956145303,0.11782420478072651,3.0,0.9999926168877272,0.5625,0.4375,0.15625,0.5017,9,7,['boundary_margin_error'],boundary_margin_error,Medium_Dice (25-75%)
20160328_152511_1921_361,0.7510419321463631,0.6013347857522917,0.6950019671822102,0.8169118319762126,8830,3875,1979,215716,10809,12705,0.30499803227075956,0.18308816726801738,2,2,5404.5,1974,0.1826255897862892,0.0913127948931446,1.0,0.9999959736025078,0.6875,0.3125,0.171875,0.5017625,11,5,['boundary_margin_error'],boundary_margin_error,Medium_Dice (25-75%)
20160328_152511_1921_721,0.33381966702283855,0.20035026246310536,0.7001223961643313,0.21915708784271126,1716,735,6114,221835,7830,2451,0.2998776009791922,0.7808429118773946,1,3,7830.0,1447,0.18480204342273307,0.09240102171136653,3.0,0.9999893040657236,0.6875,0.3125,0.15625,0.501925,11,5,"['missed_crack_high_fn', 'thin_low_area_failure']",missed_crack_high_fn,Low_Dice (<25%)
20160328_152511_1_361,0.6495746504918541,0.4810148526376843,0.5584781583852391,0.7761820378847505,8323,6580,2400,213097,10723,14903,0.4415218412400188,0.22381796139140167,1,2,10723.0,3459,0.3225776368553576,0.1612888184276788,2.0,0.9999894021004538,0.5,0.5,0.140625,0.501675,8,8,['moderate_general_error'],moderate_general_error,Low_Dice (<25%)
20160328_152511_641_361,0.7920210102576223,0.6556579352646972,0.6654058310137085,0.9781450297489034,12666,6369,283,211082,12949,19035,0.3345941686367218,0.021854969495713954,1,1,12949.0,2798,0.21607846165727082,0.10803923082863541,1.0,0.9999910658757447,0.5,0.5,0.15625,0.501625,8,8,['boundary_margin_error'],boundary_margin_error,Medium_Dice (25-75%)
20160328_152511_641_721,0.854983200294,0.7466992628523264,0.8511705638173325,0.8588301414014053,1527,267,251,228355,1778,1794,0.1488294314381271,0.14116985376827895,1,1,1778.0,514,0.2890888638920135,0.14454443194600675,1.0,0.9999827057914445,0.6875,0.3125,0.1640625,0.5022,11,5,['high_quality'],high_quality,Medium_Dice (25-75%)
20160328_152747_1281_361,0.7801478708336246,0.6395429840883775,0.785757082268461,0.7746181750277461,9180,2503,2671,216046,11851,11683,0.21424291705897458,0.22538182431862291,2,2,5925.5,3166,0.26715045143869715,0.13357522571934857,1.0,0.999992491188818,0.3125,0.6875,0.1640625,0.501475,5,11,['boundary_margin_error'],boundary_margin_error,Medium_Dice (25-75%)
20160328_152747_1281_721,0.7357892150871208,0.5820146639057713,0.6539462243974578,0.8410485173393837,1508,798,285,227809,1793,2306,0.3460537727666956,0.15895147796988288,1,1,1793.0,390,0.21751254880089235,0.10875627440044618,1.0,0.9999883438057724,0.5625,0.4375,0.1484375,0.5018250000000001,9,7,['boundary_margin_error'],boundary_margin_error,Medium_Dice (25-75%)
20160328_152747_1921_361,0.758054994327154,0.610377263779457,0.8439878228559653,0.6880040602966533,12199,2255,5532,210414,17731,14454,0.15601217656012176,0.31199593931532343,1,1,17731.0,3321,0.18729908070610796,0.09364954035305398,1.0,0.9999909404627041,0.5,0.5,0.140625,0.5013375,8,8,['boundary_margin_error'],boundary_margin_error,Medium_Dice (25-75%)
20160328_152747_1_361,0.7628032341800862,0.6165577337850233,0.6935743274155056,0.8473846721742447,9056,4001,1631,215712,10687,13057,0.30642567205330473,0.15261532703284364,1,1,10687.0,2884,0.26986057827266774,0.13493028913633387,1.0,0.9999927012162422,0.4375,0.5625,0.171875,0.5022625000000001,7,9,['boundary_margin_error'],boundary_margin_error,Medium_Dice (25-75%)
20160328_152747_641_361,0.7583422314607774,0.6107497981130073,0.6805006583539941,0.856292388201739,11363,5335,1907,211795,13270,16698,0.3194993412384717,0.14370761115297664,1,4,13270.0,3624,0.27309721175584023,0.13654860587792012,4.0,0.999990204395286,0.375,0.625,0.15625,0.5020625,6,10,['boundary_margin_error'],boundary_margin_error,Medium_Dice (25-75%)
20160328_153548_1281_1081,0.7030360497958441,0.5420629075196569,0.8769230665452892,0.5866983326468858,741,104,522,229033,1263,845,0.12307692307692308,0.41330166270783847,1,3,1263.0,218,0.1726049089469517,0.08630245447347586,3.0,0.9999721418434253,0.5625,0.4375,0.1796875,0.5020125,9,7,['moderate_general_error'],moderate_general_error,Low_Dice (<25%)
20160328_153548_1281_361,0.8687442223235546,0.7679467716027235,0.93637916177572,0.8102216738790373,6579,447,1541,221833,8120,7026,0.06362083689154568,0.1897783251231527,1,4,8120.0,1052,0.12955665024630542,0.06477832512315271,4.0,0.9999949528048975,0.5625,0.4375,0.171875,0.5017875,9,7,['high_quality'],high_quality,Medium_Dice (25-75%)
20160328_153548_1281_721,0.8190139946461238,0.6935001692934631,0.848012059224416,0.7919335536031767,22502,4033,5912,197953,28414,26535,0.1519879404560015,0.2080664461181108,3,4,9471.333333333334,4591,0.161575279791652,0.080787639895826,1.3333333333333333,0.9999876516901282,0.4375,0.5625,0.1484375,0.5010875,7,9,['boundary_margin_error'],boundary_margin_error,Medium_Dice (25-75%)
20160328_153548_1921_361,0.9121134790933227,0.8384270432297848,0.9257312607208019,0.8988905318795188,12153,975,1367,215905,13520,13128,0.07426873857404022,0.1011094674556213,1,1,13520.0,1494,0.11050295857988165,0.05525147928994083,1.0,0.9999914268001223,0.5,0.5,0.15625,0.50165,8,8,['high_quality'],high_quality,High_Dice (>75%)
20160328_153548_1921_721,0.8986537544015634,0.8159593388483053,0.8978747198557748,0.8994341414648248,16054,1826,1795,210725,17849,17880,0.10212527964205817,0.10056585803126225,2,1,8924.5,2779,0.15569499691859487,0.07784749845929743,0.5,0.9999923294173085,0.375,0.625,0.1484375,0.501225,6,10,['high_quality'],high_quality,High_Dice (>75%)
20160328_153548_1_1,0.7849310493349089,0.6459971254349492,0.8436654701387439,0.7338423121416295,15283,2832,5543,206742,20826,18115,0.15633452939552855,0.2661576875060021,1,1,20826.0,3686,0.1769903005858062,0.0884951502929031,1.0,0.9999960817302453,0.375,0.625,0.140625,0.5012375,6,10,['boundary_margin_error'],boundary_margin_error,Medium_Dice (25-75%)
20160328_153548_1_1081,0.7533315373792435,0.6042757637388083,0.7456632890788095,0.7611591416070576,23771,8108,7459,191062,31230,31879,0.2543367106872863,0.2388408581492155,1,2,31230.0,4278,0.13698366954851104,0.06849183477425552,2.0,0.9999919262758743,0.375,0.625,0.15625,0.501375,6,10,['boundary_margin_error'],boundary_margin_error,Medium_Dice (25-75%)
20160328_153548_641_1,0.7863046037723145,0.6478599212094285,0.7427934098442117,0.8352305598394163,4329,1499,854,223718,5183,5828,0.25720658888126285,0.16476943854910284,1,4,5183.0,1078,0.20798765193903146,0.10399382596951573,4.0,0.9999905586590593,0.5625,0.4375,0.1484375,0.50095,9,7,['boundary_margin_error'],boundary_margin_error,Medium_Dice (25-75%)
20160328_153548_641_1081,0.7048068738285318,0.5441712587773755,0.6768784599647358,0.7351391588963812,12837,6128,4625,206810,17462,18965,0.3231215396783549,0.2648608406826251,1,1,17462.0,3550,0.2032985912266636,0.1016492956133318,1.0,0.9999915612261562,0.375,0.625,0.1484375,0.5013624999999999,6,10,['boundary_margin_error'],boundary_margin_error,Low_Dice (<25%)
20160328_153548_641_361,0.6504414215776335,0.48196605318014374,0.6088445494210176,0.6981389778075141,4089,2627,1768,221916,5857,6716,0.39115544967242405,0.3018610210005122,10,3,585.7,2268,0.38722895680382446,0.19361447840191223,0.3,0.9999930768946306,0.375,0.625,0.15625,0.501125,6,10,"['complex_topology', 'boundary_margin_error']",complex_topology,Low_Dice (<25%)
20160328_153548_641_721,0.7927483584521118,0.6566554404810603,0.8487832720696615,0.7436538697363675,11894,2119,4100,212287,15994,14013,0.15121672732462713,0.2563461297986745,2,1,7997.0,3223,0.2015130674002751,0.10075653370013755,0.5,0.9999908091540097,0.3125,0.6875,0.1484375,0.5011375,5,11,['boundary_margin_error'],boundary_margin_error,Medium_Dice (25-75%)
20160328_153604_1281_1,0.6856285378312336,0.5216398541550183,0.5652271698546704,0.8712081801504452,5026,3866,743,220765,5769,8892,0.4347728295096716,0.12879181833940023,1,3,5769.0,1772,0.3071589530247877,0.15357947651239384,3.0,0.9999967926069082,0.3125,0.6875,0.1640625,0.5006375,5,11,['moderate_general_error'],moderate_general_error,Low_Dice (<25%)
20160328_153604_1281_361,0.786815258154021,0.6485535393041664,0.7410443860360082,0.8386124566607892,14191,4959,2731,208519,16922,19150,0.2589556135770235,0.16138754284363552,1,1,16922.0,3158,0.18662096678879564,0.09331048339439782,1.0,0.9999968569035256,0.125,0.875,0.2265625,0.5008,2,14,['boundary_margin_error'],boundary_margin_error,Medium_Dice (25-75%)
20160328_153604_1281_721,0.7203322371620238,0.5629056682372859,0.6060800182831052,0.8876663247290462,10407,6764,1317,211912,11724,17171,0.39391998136392753,0.11233367451381782,1,4,11724.0,2934,0.2502558853633572,0.1251279426816786,4.0,0.999994523685972,0.375,0.625,0.15625,0.5013125,6,10,['boundary_margin_error'],boundary_margin_error,Medium_Dice (25-75%)
20160328_153604_1921_361,0.7353213127079206,0.5814293544254985,0.6915217386293321,0.7850444218615956,9543,4257,2613,213987,12156,13800,0.3084782608695652,0.21495557749259625,2,2,6078.0,3155,0.25954261270154655,0.12977130635077327,1.0,0.999994914279951,0.4375,0.5625,0.171875,0.5010125000000001,7,9,['boundary_margin_error'],boundary_margin_error,Medium_Dice (25-75%)
20160328_153604_1921_721,0.6753138072174273,0.5097915347021889,0.7034382559772995,0.6493518098798822,7263,3062,3922,216153,11185,10325,0.29656174334140434,0.3506481895395619,1,1,11185.0,2448,0.218864550737595,0.1094322753687975,1.0,0.9999938967127773,0.25,0.75,0.1875,0.5013624999999999,4,12,['boundary_margin_error'],boundary_margin_error,Low_Dice (<25%)
20160328_153604_1_1,0.8334302886044482,0.714428191014343,0.769533767263816,0.9088986627398928,10745,3218,1077,215360,11822,13963,0.23046623218506052,0.09110133649128743,1,3,11822.0,2152,0.18203349687024192,0.09101674843512096,3.0,0.9999932517872826,0.375,0.625,0.171875,0.5010875,6,10,['boundary_margin_error'],boundary_margin_error,Medium_Dice (25-75%)
20160328_153604_1_361,0.7903249519223919,0.6533365742960152,0.7204128128130192,0.8752646141709294,10750,4172,1532,213946,12282,14922,0.27958718670419513,0.12473538511643055,1,2,12282.0,2675,0.21779840416870216,0.10889920208435108,2.0,0.9999944794912732,0.4375,0.5625,0.1484375,0.5011874999999999,7,9,['boundary_margin_error'],boundary_margin_error,Medium_Dice (25-75%)
20160328_153604_641_1,0.7873965332293427,0.6493437919374387,0.6938824851342932,0.9100422823361075,8609,3798,851,217142,9460,12407,0.3061175143064399,0.08995771670190275,1,2,9460.0,1886,0.19936575052854122,0.09968287526427061,2.0,0.9999947308363799,0.25,0.75,0.1875,0.500875,4,12,['boundary_margin_error'],boundary_margin_error,Medium_Dice (25-75%)
20160328_153604_641_1081,0.8490304344466463,0.7376654082407961,0.8639752871410443,0.8345938154887103,16222,2554,3215,208409,19437,18776,0.13602471239880698,0.16540618408190563,1,5,19437.0,2413,0.1241446725317693,0.06207233626588465,5.0,0.9999922792804583,0.4375,0.5625,0.171875,0.5013375,7,9,['boundary_margin_error'],boundary_margin_error,Medium_Dice (25-75%)
20160328_153604_641_361,0.7676204898664952,0.6228767060427175,0.6844973950007248,0.8737224474364472,14191,6541,2051,207617,16242,20732,0.31550260466911056,0.1262775520256126,3,1,5414.0,4470,0.27521241226449944,0.13760620613224972,0.3333333333333333,0.9999941367217751,0.25,0.75,0.171875,0.5005125,4,12,['boundary_margin_error'],boundary_margin_error,Medium_Dice (25-75%)
20160328_153604_641_721,0.782559133408518,0.642790261837916,0.7329181490314839,0.8394130827801012,12357,4503,2364,211176,14721,16860,0.26708185053380784,0.16058691664968414,2,3,7360.5,3390,0.23028326879967392,0.11514163439983696,1.5,0.9999938983054213,0.3125,0.6875,0.203125,0.5009625,5,11,['boundary_margin_error'],boundary_margin_error,Medium_Dice (25-75%)
20160328_153620_1281_1081,0.8589603764831691,0.7527875095483035,0.921247559761218,0.8045624759803797,2363,202,574,227261,2937,2565,0.07875243664717349,0.1954375212802179,1,1,2937.0,555,0.18896833503575078,0.09448416751787539,1.0,0.9999764142370493,0.5625,0.4375,0.1640625,0.5012749999999999,9,7,['high_quality'],high_quality,Medium_Dice (25-75%)
20160328_153620_1281_361,0.7969933439526057,0.6625011922803584,0.8292339285439788,0.7671659595335882,34725,7151,10539,177985,45264,41876,0.1707660712579998,0.2328340402969247,2,3,22632.0,7174,0.1584924001413927,0.07924620007069635,1.5,0.9999937627593856,0.375,0.625,0.15625,0.5008874999999999,6,10,['boundary_margin_error'],boundary_margin_error,Medium_Dice (25-75%)
20160328_153620_1281_721,0.84406086005712,0.730194895986331,0.7593686203122745,0.9500159616226498,20831,6601,1096,201872,21927,27432,0.24063137941090698,0.0499840379440872,12,2,1827.25,5996,0.2734528207233092,0.1367264103616546,0.16666666666666666,0.9999905242421412,0.3125,0.6875,0.1796875,0.50085,5,11,"['complex_topology', 'boundary_margin_error']",complex_topology,Medium_Dice (25-75%)
20160328_153620_1921_1081,0.8953033736084842,0.8104518038884455,0.898034278204673,0.8925890270523686,9274,1053,1116,218957,10390,10327,0.10196572092572867,0.10741097208854668,1,6,10390.0,1998,0.1923002887391723,0.09615014436958615,6.0,0.9999867434430747,0.5625,0.4375,0.15625,0.501225,9,7,['high_quality'],high_quality,High_Dice (>75%)
20160328_153620_1921_361,0.9087890191168618,0.8328261308196891,0.864912861311467,0.9573546556863719,28735,4488,1280,195897,30015,33223,0.13508713842819733,0.042645343994669335,2,3,15007.5,4710,0.15692153923038482,0.07846076961519241,1.5,0.9999928061836969,0.375,0.625,0.1484375,0.500775,6,10,['high_quality'],high_quality,High_Dice (>75%)
20160328_153620_1_361,0.9161601242260147,0.8452910293338044,0.89458983517682,0.9387963166474029,29466,3472,1921,195541,31387,32938,0.10541016455158175,0.06120368305349348,2,1,15693.5,3918,0.1248287507566827,0.06241437537834135,0.5,0.9999889822489673,0.375,0.625,0.140625,0.5011125,6,10,['high_quality'],high_quality,High_Dice (>75%)
20160328_153620_1_721,0.9175621730752517,0.8476811787722576,0.8628554917527711,0.979675461433084,5977,950,124,223349,6101,6927,0.13714450700158798,0.02032453696115391,1,6,6101.0,709,0.11621045730208163,0.05810522865104081,6.0,0.9999896595816068,0.5625,0.4375,0.15625,0.50135,9,7,['high_quality'],high_quality,High_Dice (>75%)
20160328_153620_641_361,0.8704112071147936,0.7705558098638542,0.811562650203722,0.9384615371490049,6710,1558,440,221692,7150,8268,0.1884373488147073,0.06153846153846154,4,2,1787.5,1854,0.2593006993006993,0.12965034965034966,0.5,0.999995172647782,0.4375,0.5625,0.15625,0.501125,7,9,['high_quality'],high_quality,Medium_Dice (25-75%)
20160328_153620_641_721,0.877639219721546,0.7819582037638616,0.8600828867158429,0.8959272204658367,42544,6921,4942,175993,47486,49465,0.13991711311028,0.1040727793454913,3,2,15828.666666666666,8363,0.17611506549298742,0.08805753274649371,0.6666666666666666,0.9999895763463611,0.5,0.5,0.1875,0.5009874999999999,8,8,['high_quality'],high_quality,High_Dice (>75%)
20160328_153629_1281_361,0.9676921375191906,0.937406536063441,0.9420352072326801,0.9947857617379441,8776,540,46,221038,8822,9316,0.0579647917561185,0.0052142371344366355,1,1,8822.0,698,0.07912038086601678,0.03956019043300839,1.0,0.9999900055104871,0.5,0.5,0.15625,0.501375,8,8,['high_quality'],high_quality,High_Dice (>75%)
20160328_153629_1281_721,0.9042411982166653,0.825219196729265,0.9047558812274408,0.9037271000616016,21459,2259,2286,204396,23745,23718,0.09524411839109537,0.09627289955780165,1,1,23745.0,3705,0.1560328490208465,0.07801642451042325,1.0,0.9999933678641462,0.25,0.75,0.171875,0.5012125000000001,4,12,['high_quality'],high_quality,High_Dice (>75%)
20160328_153629_1921_361,0.923828777770447,0.8584403287206555,0.9208238128583321,0.9268534190670287,29017,2495,2290,196598,31307,31512,0.07917618684945417,0.07314658063691826,1,1,31307.0,3988,0.1273836522183537,0.06369182610917686,1.0,0.9999938800184414,0.5,0.5,0.140625,0.50085,8,8,['high_quality'],high_quality,High_Dice (>75%)
20160328_153629_1_361,0.9198521391760233,0.8515983529091342,0.8815593015496486,0.9616227417940115,32474,4363,1296,192267,33770,36837,0.11844069821103781,0.03837725792123186,3,1,11256.666666666666,4891,0.14483269173822919,0.07241634586911459,0.3333333333333333,0.9999926858290645,0.3125,0.6875,0.1640625,0.5014500000000001,5,11,['high_quality'],high_quality,High_Dice (>75%)
20160328_153629_641_361,0.8711983979067602,0.7717905398886904,0.8447032715430733,0.8994094479336522,9138,1680,1022,218560,10160,10818,0.1552967276760954,0.10059055118110236,2,8,5080.0,1951,0.19202755905511812,0.09601377952755906,4.0,0.9999955083433545,0.4375,0.5625,0.140625,0.5015,7,9,['high_quality'],high_quality,Medium_Dice (25-75%)
20160328_153629_641_721,0.9402927385113864,0.8873136692396721,0.9108282325462859,0.9717272755473143,27977,2739,814,198870,28791,30716,0.08917176715718192,0.028272724115174883,6,2,4798.5,3676,0.12767878851029835,0.06383939425514917,0.3333333333333333,0.9999899544382005,0.375,0.625,0.140625,0.5011875,6,10,"['complex_topology', 'high_quality']",complex_topology,High_Dice (>75%)
20160328_153829_1281_361,0.8814860255829418,0.788086734492835,0.8191822229478196,0.954047126106653,30893,6819,1488,191200,32381,37712,0.1808177768349597,0.0459528735987153,7,1,4625.857142857143,7820,0.24149964485346345,0.12074982242673173,0.14285714285714285,0.9999933169847157,0.3125,0.6875,0.15625,0.5005375,5,11,"['complex_topology', 'high_quality']",complex_topology,High_Dice (>75%)
20160328_153829_1281_721,0.8097597215633395,0.680332985056539,0.7753795048022308,0.8473302207171326,3269,947,589,225595,3858,4216,0.22462049335863377,0.15266977708657337,3,1,1286.0,1468,0.3805080352514256,0.1902540176257128,0.3333333333333333,0.9999735134180081,0.5,0.5,0.1796875,0.5015875000000001,8,8,['boundary_margin_error'],boundary_margin_error,Medium_Dice (25-75%)
20160328_153829_1921_1,0.8281470378992976,0.7066987622873213,0.7354103875942658,0.9476471473507605,18789,6760,1038,203813,19827,25549,0.2645896121178911,0.052352852171281584,14,1,1416.2142857142858,6747,0.3402935391133303,0.17014676955666516,0.07142857142857142,0.9999912084985181,0.3125,0.6875,0.15625,0.500625,5,11,"['complex_topology', 'boundary_margin_error']",complex_topology,Medium_Dice (25-75%)
20160328_153829_1921_361,0.8464988775897099,0.7338518022599875,0.7823583584008329,0.9220955458140728,3397,945,287,225771,3684,4342,0.21764163979732842,0.07790445168295332,2,2,1842.0,976,0.26492942453854507,0.13246471226927253,1.0,0.9999707918735563,0.4375,0.5625,0.140625,0.5014500000000001,7,9,['boundary_margin_error'],boundary_margin_error,Medium_Dice (25-75%)
20160328_153829_1_1,0.829510450133777,0.7086867629263184,0.7372612902809027,0.9481464232391629,16292,5806,891,207411,17183,22098,0.26273870938546473,0.05185357620904382,4,1,4295.75,5674,0.33021009136937673,0.16510504568468837,0.25,0.9999922568415736,0.375,0.625,0.1484375,0.5005375,6,10,['boundary_margin_error'],boundary_margin_error,Medium_Dice (25-75%)
20160328_153829_1_721,0.8641843729673054,0.7608491663607212,0.8656258328454419,0.8627477046645197,6487,1007,1032,221874,7519,7494,0.13437416599946625,0.13725229418805693,1,2,7519.0,1642,0.2183801037371991,0.10919005186859955,2.0,0.9999917016844561,0.5,0.5,0.1953125,0.5014375,8,8,['high_quality'],high_quality,Medium_Dice (25-75%)
20160328_153829_641_1,0.8627954163097411,0.7586985039314099,0.8532223790998451,0.8725857068610661,14457,2487,2111,211345,16568,16944,0.14677762039660056,0.1274142926122646,5,2,3313.6,3613,0.21807098020280058,0.10903549010140029,0.4,0.9999940938329571,0.25,0.75,0.1640625,0.5007,4,12,"['complex_topology', 'high_quality']",complex_topology,Medium_Dice (25-75%)
20160328_153829_641_1081,0.7085162961787889,0.5486064547949369,0.565784274431268,0.9475599653472954,5728,4396,317,219959,6045,10124,0.43421572500987754,0.052440033085194376,2,2,3022.5,1958,0.323904052936311,0.1619520264681555,1.0,0.9999955540414562,0.3125,0.6875,0.171875,0.5009750000000001,5,11,['moderate_general_error'],moderate_general_error,Low_Dice (<25%)
20160328_153829_641_361,0.8838505377556362,0.7918747153973279,0.814330726089006,0.9663481498873451,6978,1591,243,221588,7221,8569,0.18566927296067218,0.03365184877440797,2,1,3610.5,2066,0.2861099570696579,0.14305497853482896,0.5,0.9999917637330962,0.5,0.5,0.1484375,0.5009875,8,8,['high_quality'],high_quality,High_Dice (>75%)
20160328_153829_641_721,0.8204022973771511,0.695493298734795,0.7084367223683724,0.9744027262184183,2284,940,60,227116,2344,3224,0.29156327543424315,0.025597269624573378,2,2,1172.0,1120,0.4778156996587031,0.23890784982935154,1.0,0.9999690387011733,0.4375,0.5625,0.1953125,0.50145,7,9,['boundary_margin_error'],boundary_margin_error,Medium_Dice (25-75%)
20160329_103807_1081_1,0.1805273829094133,0.09921962068221955,0.1674506106893198,0.19581958088108042,356,1770,1462,226812,1818,2126,0.8325493885230479,0.8041804180418042,1,19,1818.0,702,0.38613861386138615,0.19306930693069307,19.0,0.9999924397610108,0.75,0.25,0.171875,0.502425,12,4,"['missed_crack_high_fn', 'false_crack_high_fp', 'thin_low_area_failure', 'fragmented_prediction']",missed_crack_high_fn,Low_Dice (<25%)
20160329_103807_361_1,0.7403883874214425,0.5877910143316238,0.8580359167662901,0.651112644190481,15098,2498,8090,204714,23188,17596,0.14196408274607866,0.34888735552872174,2,1,11594.0,1985,0.08560462308090391,0.04280231154045196,0.5,0.99999481651523,0.625,0.375,0.15625,0.502375,10,6,['boundary_margin_error'],boundary_margin_error,Medium_Dice (25-75%)
20160329_103807_361_1281,0.7310911930382219,0.5761573952573598,0.8016952206305878,0.6719165656977277,22227,5498,10853,191822,33080,27725,0.19830477908025249,0.3280834340991536,4,5,8270.0,5043,0.1524486094316808,0.0762243047158404,1.25,0.9999920091010582,0.5,0.5,0.171875,0.50185,8,8,['boundary_margin_error'],boundary_margin_error,Medium_Dice (25-75%)
20160329_103807_361_1921,0.6182936377908792,0.4474855546024479,0.863667893461572,0.48149690609189166,16186,2555,17430,194229,33616,18741,0.13633210607758392,0.5185030937648739,6,1,5602.666666666667,5092,0.15147548786292242,0.07573774393146121,0.16666666666666666,0.999987783052829,0.4375,0.5625,0.1484375,0.5017125,7,9,['complex_topology'],complex_topology,Low_Dice (<25%)
20160329_103807_361_641,0.7989689496116968,0.6652358815813992,0.919281652930439,0.7065039282579505,33631,2953,13971,179845,47602,36584,0.08071834681828122,0.2934960715936305,3,1,15867.333333333334,4507,0.09468089576068232,0.04734044788034116,0.3333333333333333,0.9999873569592549,0.4375,0.5625,0.1640625,0.501825,7,9,['boundary_margin_error'],boundary_margin_error,Medium_Dice (25-75%)
20160329_103807_721_1,0.661547797920381,0.49426329673372105,0.7503890813178564,0.5915160663466635,12536,4170,8657,205037,21193,16706,0.24961091823297019,0.40848393337422734,1,3,21193.0,3008,0.14193365733968763,0.07096682866984381,3.0,0.9999959809635377,0.625,0.375,0.1640625,0.5020875,10,6,['moderate_general_error'],moderate_general_error,Low_Dice (<25%)
20160329_103807_721_1281,0.6516647516609305,0.4833106250568439,0.6259373593915423,0.679597697894647,1419,848,669,227464,2088,2267,0.37406263784737537,0.3204022988505747,2,12,1044.0,664,0.31800766283524906,0.15900383141762453,6.0,0.9999890020416893,0.625,0.375,0.1484375,0.5020374999999999,10,6,"['fragmented_prediction', 'boundary_margin_error']",fragmented_prediction,Low_Dice (<25%)
20160330_165956_1281_721,0.6661691252849365,0.49944047473578335,0.5635745502053672,0.8144300943087731,5802,4493,1322,218783,7124,10295,0.4364254492472074,0.18556990454800673,5,1,1424.8,3495,0.49059517125210556,0.24529758562605278,0.2,0.9999968718343991,0.4375,0.5625,0.15625,0.50085,7,9,['complex_topology'],complex_topology,Low_Dice (<25%)
20160330_165956_1921_721,0.7608950080820001,0.6140682291209376,0.676128715678296,0.8699622152550973,5526,2647,826,221401,6352,8173,0.3238712834944329,0.13003778337531485,2,2,3176.0,3591,0.5653337531486146,0.2826668765743073,1.0,0.9999951539493249,0.375,0.625,0.1796875,0.5009,6,10,['boundary_margin_error'],boundary_margin_error,Medium_Dice (25-75%)
20160330_165956_1_1081,0.8185209302987028,0.6927934241828271,0.857461852304352,0.7829632977084693,6912,1149,1916,220423,8828,8061,0.1425381466319315,0.21703670140462167,1,1,8828.0,3489,0.3952197553239692,0.1976098776619846,1.0,0.9999971563034936,0.375,0.625,0.171875,0.5008125,6,10,['boundary_margin_error'],boundary_margin_error,Medium_Dice (25-75%)
20160330_165956_1_721,0.7554697548620739,0.6070320571263805,0.6628087499466355,0.8782494840504032,4696,2389,651,222664,5347,7085,0.33719124911785464,0.12175051430708808,5,6,1069.4,4121,0.7707125490929493,0.38535627454647464,1.2,0.9999927091286709,0.4375,0.5625,0.1640625,0.50125,7,9,"['complex_topology', 'boundary_margin_error']",complex_topology,Medium_Dice (25-75%)
20160330_165956_641_721,0.825907638207431,0.7034434982154725,0.784831087674066,0.8715213916004396,7109,1949,1048,220294,8157,9058,0.21516891145948333,0.12847860733112665,2,3,4078.5,4056,0.49724163295329166,0.24862081647664583,1.5,0.9999947022146116,0.4375,0.5625,0.171875,0.5012125000000001,7,9,['boundary_margin_error'],boundary_margin_error,Medium_Dice (25-75%)
20160330_170359_1281_721,0.7710599241975238,0.6274186507377385,0.9456219847443276,0.6509030536170188,25876,1488,13878,189158,39754,27364,0.054378014910100865,0.34909694621924836,1,2,39754.0,3228,0.08119937616340495,0.04059968808170247,2.0,0.9999971487449955,0.5625,0.4375,0.15625,0.5015375,9,7,['boundary_margin_error'],boundary_margin_error,Medium_Dice (25-75%)
20160330_170359_1921_361,0.8553568514281249,0.7472694459363333,0.8609728068824354,0.8498136842632102,15736,2541,2781,209342,18517,18277,0.1390271926464956,0.15018631527785278,1,6,18517.0,1564,0.08446292595992871,0.04223146297996436,6.0,0.9999883833651253,0.5625,0.4375,0.1640625,0.5018375,9,7,['high_quality'],high_quality,Medium_Dice (25-75%)
20160330_170359_1921_721,0.8783017337133824,0.7830106902286661,0.9633353641258707,0.8070623268210754,18970,722,4535,206173,23505,19692,0.03666463538492789,0.1929376728355669,2,2,11752.5,1744,0.07419697936609232,0.03709848968304616,1.0,0.9999933875160119,0.5625,0.4375,0.15625,0.50145,9,7,['high_quality'],high_quality,High_Dice (>75%)
20160330_170359_1_721,0.8400401547626501,0.7241976161603784,0.8586590047029642,0.8222116165121103,29288,4821,6333,189958,35621,34109,0.14134099504529596,0.17778838325706747,1,2,35621.0,3446,0.09674068667359143,0.04837034333679571,2.0,0.9999958777485825,0.5,0.5,0.15625,0.5019,8,8,['boundary_margin_error'],boundary_margin_error,Medium_Dice (25-75%)
20160330_170359_641_721,0.852714457710461,0.7432451872519652,0.8877203832396053,0.8203646062312251,25830,3267,5656,195647,31486,29097,0.11227961645530467,0.17963539350822588,1,1,31486.0,3540,0.11243092167947659,0.056215460839738295,1.0,0.9999966774904948,0.5,0.5,0.171875,0.5018125,8,8,['high_quality'],high_quality,Medium_Dice (25-75%)
20160330_172309_1281_361,0.8725590950201959,0.7739288961099261,0.859638019415722,0.8858745260390316,6792,1109,875,221624,7667,7901,0.1403619794962663,0.11412547280553019,1,1,7667.0,2848,0.37146211034302856,0.18573105517151428,1.0,0.9999954991523333,0.5,0.5,0.1484375,0.5007125,8,8,['high_quality'],high_quality,High_Dice (>75%)
20160330_172309_1281_721,0.8664544054544316,0.7643754337043567,0.8140355591657865,0.9260887848713001,24220,5533,1933,198714,26153,29753,0.18596444056061573,0.07391121477459565,4,3,6538.25,4491,0.1717202615378733,0.08586013076893664,0.75,0.9999928313352983,0.5,0.5,0.1640625,0.5012624999999999,8,8,['high_quality'],high_quality,Medium_Dice (25-75%)
20160330_172309_1921_361,0.8983061246783153,0.8153863289981693,0.8342072262429002,0.9730753882641435,14637,2909,405,212449,15042,17546,0.16579277328165964,0.026924611088950938,1,1,15042.0,1696,0.1127509639675575,0.05637548198377875,1.0,0.9999926659717986,0.5625,0.4375,0.1796875,0.5015125,9,7,['high_quality'],high_quality,High_Dice (>75%)
20160330_172309_1921_721,0.8751646034039597,0.7780379298627779,0.8527072102372557,0.8988368942932989,16615,2870,1870,209045,18485,19485,0.14729278932512188,0.10116310522044901,1,2,18485.0,2827,0.15293481200973763,0.07646740600486882,2.0,0.9999908203114497,0.375,0.625,0.1640625,0.501,6,10,['high_quality'],high_quality,High_Dice (>75%)
20160330_172309_1_721,0.8756367992819797,0.778784647810242,0.9269235200559905,0.8297279153132697,16071,1267,3298,209764,19369,17338,0.07307647940938979,0.17027208425835097,1,2,19369.0,3466,0.17894573803500438,0.08947286901750219,2.0,0.9999963847169377,0.4375,0.5625,0.1640625,0.5011875,7,9,['high_quality'],high_quality,High_Dice (>75%)
20160330_172309_641_361,0.8213973781192198,0.6969247843759734,0.6989966529208597,0.9957649497312602,1881,810,8,227701,1889,2691,0.3010033444816054,0.004235044997353097,1,1,1889.0,624,0.33033350979354154,0.16516675489677077,1.0,0.9999789435027526,0.5625,0.4375,0.1796875,0.5014000000000001,9,7,['boundary_margin_error'],boundary_margin_error,Medium_Dice (25-75%)
20160330_172309_641_721,0.8552531931715633,0.7471112285004523,0.8917353918611212,0.821638750300188,25410,3085,5516,196389,30926,28495,0.10826460782593438,0.1783612494341331,3,1,10308.666666666666,6929,0.2240509603569812,0.1120254801784906,0.3333333333333333,0.9999891989044498,0.4375,0.5625,0.1484375,0.5006625,7,9,['high_quality'],high_quality,Medium_Dice (25-75%)
20160402_150314_1281_1081,0.8615455361969975,0.7567676737100295,0.8834905618703275,0.8406642691173057,1873,247,355,227925,2228,2120,0.11650943396226415,0.15933572710951527,1,3,2228.0,838,0.3761220825852783,0.18806104129263915,3.0,0.9999877656954461,0.5,0.5,0.1484375,0.5018375,8,8,['high_quality'],high_quality,Medium_Dice (25-75%)
20160402_150314_1281_361,0.8504460658147234,0.739805276224347,0.7668568074201305,0.9544875278454624,5243,1594,250,223313,5493,6837,0.23314319145824192,0.04551247041689423,1,1,5493.0,1826,0.3324230839249954,0.1662115419624977,1.0,0.999994983339755,0.5625,0.4375,0.1484375,0.5014624999999999,9,7,['high_quality'],high_quality,Medium_Dice (25-75%)
20160402_150314_1281_721,0.848702757569478,0.7371708419780177,0.8529894868158759,0.8444588984108798,10386,1790,1913,216311,12299,12176,0.14701051248357425,0.15554110090251239,3,2,4099.666666666667,3719,0.30238230750467515,0.15119115375233758,0.6666666666666666,0.9999917992360761,0.375,0.625,0.1640625,0.5016,6,10,['boundary_margin_error'],boundary_margin_error,Medium_Dice (25-75%)
20160402_150314_1921_1,0.8355909415595125,0.7176094479019541,0.8591324677236525,0.8133051521605222,8081,1325,1855,219139,9936,9406,0.14086753136295982,0.18669484702093397,2,2,4968.0,2878,0.2896537842190016,0.1448268921095008,1.0,0.9999897937145125,0.5,0.5,0.140625,0.5018374999999999,8,8,['boundary_margin_error'],boundary_margin_error,Medium_Dice (25-75%)
20160402_150314_1921_361,0.8804830387489202,0.7864847690784112,0.8790780110670992,0.8818925617862234,2479,341,332,227248,2811,2820,0.12092198581560283,0.11810743507648523,1,1,2811.0,1008,0.35859124866595515,0.17929562433297758,1.0,0.9999725206758745,0.5625,0.4375,0.1796875,0.5024375,9,7,['high_quality'],high_quality,High_Dice (>75%)
20160402_150314_1_361,0.894748504168343,0.8095429027174317,0.9118924361908445,0.8782373014527748,26247,2536,3639,197978,29886,28783,0.08810756349233922,0.12176269825336278,1,1,29886.0,5157,0.172555711704477,0.0862778558522385,1.0,0.9999952205939684,0.3125,0.6875,0.1953125,0.5010625,5,11,['high_quality'],high_quality,High_Dice (>75%)
20160402_150314_1_721,0.7912950405569658,0.6546635176557817,0.8754111289627534,0.72192687347084,6654,947,2563,220236,9217,7601,0.12458886988554138,0.2780731257459043,2,2,4608.5,3065,0.3325377020722578,0.1662688510361289,1.0,0.9999873918042672,0.375,0.625,0.171875,0.50135,6,10,['boundary_margin_error'],boundary_margin_error,Medium_Dice (25-75%)
20160402_150314_641_361,0.8576705082737881,0.7508083390001022,0.9114780713163535,0.8098616947566306,6734,654,1581,221431,8315,7388,0.08852192744991878,0.19013830426939266,1,2,8315.0,1802,0.21671677690920024,0.10835838845460012,2.0,0.9999922108943212,0.5,0.5,0.15625,0.501625,8,8,['high_quality'],high_quality,Medium_Dice (25-75%)
20160402_150314_641_721,0.848517035532209,0.7368906546736356,0.8839426305979731,0.8158215166283744,20770,2727,4689,202214,25459,23497,0.11605736902583308,0.18417848305118034,1,3,25459.0,7162,0.28131505557955927,0.14065752778977963,3.0,0.999991905241824,0.3125,0.6875,0.1875,0.5006125,5,11,['boundary_margin_error'],boundary_margin_error,Medium_Dice (25-75%)
20160402_151049_1281_721,0.9413719109930958,0.8892376092875015,0.9217089565924665,0.9618920980671931,34000,2888,1347,192165,35347,36888,0.07829104315766645,0.038107901660678414,2,2,17673.5,3596,0.10173423487141765,0.05086711743570883,1.0,0.9999938415536683,0.4375,0.5625,0.171875,0.5013125,7,9,['high_quality'],high_quality,High_Dice (>75%)
20160402_151049_1921_1081,0.9279090304349996,0.8655133349472179,0.9284215172161595,0.9273971086133747,16810,1296,1316,210978,18126,18106,0.07157848227107036,0.07260289087498621,1,1,18126.0,1926,0.10625620655412116,0.05312810327706058,1.0,0.9999860588898575,0.375,0.625,0.15625,0.5013,6,10,['high_quality'],high_quality,High_Dice (>75%)
20160402_151049_1921_721,0.9301595133982097,0.8694375704108386,0.9184351597543595,0.9421870734741447,20730,1841,1272,206557,22002,22571,0.08156483983873111,0.05781292609762749,1,2,22002.0,2377,0.10803563312426143,0.05401781656213071,2.0,0.9999910114929222,0.4375,0.5625,0.1640625,0.5011875,7,9,['high_quality'],high_quality,High_Dice (>75%)
20160402_151049_1_361,0.8999343703625189,0.8180733459139943,0.8572741979783487,0.9470626468891433,23311,3881,1303,201905,24614,27192,0.14272580170638424,0.05293735272609084,2,1,12307.0,4093,0.16628747867067523,0.08314373933533761,0.5,0.9999961204317914,0.375,0.625,0.1640625,0.50115,6,10,['high_quality'],high_quality,High_Dice (>75%)
20160402_151049_1_721,0.8661997786145542,0.7639791934033163,0.8043616445140278,0.9383378010733342,16450,4001,1081,208868,17531,20451,0.1956383550926605,0.06166219839142091,1,1,17531.0,4794,0.2734584450402145,0.13672922252010725,1.0,0.9999962719780187,0.25,0.75,0.1953125,0.5007,4,12,['high_quality'],high_quality,Medium_Dice (25-75%)
20160402_151049_641_361,0.8077449622379328,0.6774934360974625,0.6801712757570115,0.9942224314192467,2065,971,12,227352,2077,3036,0.31982872200263507,0.005777563793933558,1,2,2077.0,517,0.24891670678863745,0.12445835339431872,2.0,0.9999788581275544,0.5,0.5,0.1640625,0.50155,8,8,['boundary_margin_error'],boundary_margin_error,Medium_Dice (25-75%)
20160402_151049_641_721,0.9384584412781438,0.8840524740341679,0.9155710619664107,0.9625194323351828,39625,3654,1543,185578,41168,43279,0.0844289378220384,0.03748056743101438,1,2,41168.0,4241,0.10301690633501749,0.051508453167508746,2.0,0.9999915592031442,0.4375,0.5625,0.171875,0.5010625,7,9,['high_quality'],high_quality,High_Dice (>75%)
20160402_151054_1281_1081,0.9264259295449574,0.8629362007153217,0.934603251070976,0.9183904614495437,15406,1078,1369,212547,16775,16484,0.06539674836204805,0.08160953800298062,1,1,16775.0,2057,0.12262295081967213,0.061311475409836065,1.0,0.9999935230020396,0.3125,0.6875,0.21875,0.5011375,5,11,['high_quality'],high_quality,High_Dice (>75%)
20160402_151054_1281_361,0.9230032706271417,0.8570158529307811,0.8628972089170562,0.9921097753137054,5784,919,46,223651,5830,6703,0.1371027897956139,0.007890222984562607,1,1,5830.0,732,0.12555746140651802,0.06277873070325901,1.0,0.9999899142178139,0.5,0.5,0.15625,0.5007625,8,8,['high_quality'],high_quality,High_Dice (>75%)
20160402_151054_1281_721,0.9534772628186886,0.9110908238714143,0.9415310980598883,0.9657304694440098,40918,2541,1452,185489,42370,43459,0.058468901723463494,0.034269530328062306,1,1,42370.0,4055,0.09570450790653764,0.04785225395326882,1.0,0.999990953584466,0.4375,0.5625,0.1875,0.5010249999999999,7,9,['high_quality'],high_quality,High_Dice (>75%)
20160402_151054_1921_361,0.8730857007663527,0.7747578510274389,0.8258040290165161,0.9261104477397303,13198,2784,1053,213365,14251,15982,0.17419597046677512,0.0738895516104133,3,1,4750.333333333333,3394,0.23815872570345942,0.11907936285172971,0.3333333333333333,0.9999956890692862,0.3125,0.6875,0.171875,0.50065,5,11,['high_quality'],high_quality,High_Dice (>75%)
20160402_151054_1_361,0.8836828334658425,0.7916055221200464,0.9362383309850304,0.8367141027276991,55562,3784,10843,160211,66405,59346,0.06376166885721025,0.16328589714629924,1,3,66405.0,5533,0.08332203900308711,0.04166101950154356,3.0,0.999991125398617,0.3125,0.6875,0.1796875,0.5011749999999999,5,11,['high_quality'],high_quality,High_Dice (>75%)
20160402_151054_1_721,0.277716793968944,0.16124920280035307,0.6693121604588339,0.1752077556260119,506,250,2382,227262,2888,756,0.3306878306878307,0.824792243767313,1,15,2888.0,396,0.1371191135734072,0.0685595567867036,15.0,0.9999823718793919,0.5,0.5,0.15625,0.501525,8,8,"['missed_crack_high_fn', 'thin_low_area_failure', 'fragmented_prediction']",missed_crack_high_fn,Low_Dice (<25%)
20160402_151054_641_361,0.9108955353853878,0.8363711333308279,0.9343960186728131,0.8885481460715429,10141,712,1272,218275,11413,10853,0.06560398046623053,0.11145185314991676,1,4,11413.0,1572,0.13773766757206693,0.06886883378603346,4.0,0.9999976032706231,0.4375,0.5625,0.140625,0.5010125,7,9,['high_quality'],high_quality,High_Dice (>75%)
20160402_151054_641_721,0.9384344764867117,0.8840099416387697,0.9255323758834487,0.9517013776248935,21340,1717,1083,206260,22423,23057,0.07446762371514073,0.04829862195067564,1,2,22423.0,2562,0.11425768184453464,0.05712884092226732,2.0,0.999995635728876,0.25,0.75,0.203125,0.5010000000000001,4,12,['high_quality'],high_quality,High_Dice (>75%)
20160405_171348_1281_361,0.7929782058323903,0.6569709094434759,0.6579608204020049,0.9977151485322533,1310,681,3,228406,1313,1991,0.3420391762933199,0.002284843869002285,1,4,1313.0,228,0.17364813404417365,0.08682406702208682,4.0,0.9999877091011729,0.625,0.375,0.1796875,0.5018625000000001,10,6,['boundary_margin_error'],boundary_margin_error,Medium_Dice (25-75%)
20160405_171348_1281_721,0.8804219783670032,0.7863873364384513,0.8587952912548079,0.9031660353652982,33633,5530,3606,187631,37239,39163,0.14120470852590455,0.0968339643921695,2,2,18619.5,4149,0.11141545154273745,0.055707725771368725,1.0,0.9999931286722046,0.5,0.5,0.1328125,0.5016375,8,8,['high_quality'],high_quality,High_Dice (>75%)
20160405_171348_1921_721,0.8290087853972647,0.7079547438607472,0.8707320346888563,0.791101239678048,32413,4812,8559,184616,40972,37225,0.12926796507723304,0.2088987601288685,4,1,10243.0,5734,0.13994923362296202,0.06997461681148101,0.25,0.9999904194116211,0.5625,0.4375,0.15625,0.501625,9,7,['boundary_margin_error'],boundary_margin_error,Medium_Dice (25-75%)
20160405_171348_1_721,0.7514970058980243,0.6019184651123417,0.7848851751676376,0.7208335246241709,31375,8599,12151,178275,43526,39974,0.21511482463601342,0.2791664752102192,5,5,8705.2,8064,0.18526857510453523,0.09263428755226762,1.0,0.9999955843345001,0.5,0.5,0.1796875,0.5018,8,8,"['complex_topology', 'boundary_margin_error']",complex_topology,Medium_Dice (25-75%)
20160405_171348_641_721,0.8343850124054698,0.7158324329094148,0.8330679180753029,0.8357062777926831,29818,5975,5862,188745,35680,35793,0.16693208169195095,0.16429372197309416,3,5,11893.333333333334,4812,0.13486547085201794,0.06743273542600897,1.6666666666666667,0.9999908889435262,0.5,0.5,0.140625,0.5018,8,8,['boundary_margin_error'],boundary_margin_error,Medium_Dice (25-75%)
20160407_163130_1281_721,0.8768241963763518,0.7806651403524684,0.9702141895525356,0.7998344595577163,17394,534,4353,208119,21747,17928,0.029785809906291833,0.20016554007449303,2,1,10873.5,4406,0.2026026578378627,0.10130132891893134,0.5,0.999992445565582,0.5,0.5,0.1640625,0.5020875,8,8,['high_quality'],high_quality,High_Dice (>75%)
20160407_163130_1921_721,0.8747979899289519,0.7774586092978228,0.9745973543442469,0.7935391008083912,14886,388,3873,211253,18759,15274,0.025402645017677097,0.20646089876859108,1,1,18759.0,3963,0.2112585958739805,0.10562929793699025,1.0,0.999993179630582,0.5,0.5,0.15625,0.5023,8,8,['high_quality'],high_quality,High_Dice (>75%)
20160407_163130_1_361,0.7571587936832302,0.6092160364775103,0.7158931057809665,0.8034727671528303,2036,808,498,227058,2534,2844,0.2841068917018284,0.19652722967640096,2,5,1267.0,693,0.27348066298342544,0.13674033149171272,2.5,0.9999864351361728,0.6875,0.3125,0.1875,0.502525,11,5,['boundary_margin_error'],boundary_margin_error,Medium_Dice (25-75%)
20160407_163130_1_721,0.8286715433612001,0.7074629995237415,0.9270339034956098,0.7491802363423663,13480,1061,4513,211346,17993,14541,0.07296609586685923,0.2508197632412605,4,3,4498.25,3803,0.21135997332295892,0.10567998666147946,0.75,0.9999926374152048,0.4375,0.5625,0.171875,0.5020875,7,9,['boundary_margin_error'],boundary_margin_error,Medium_Dice (25-75%)
20160407_163130_641_721,0.8583081646768609,0.7517861984481387,0.9633213576524966,0.7739397603584843,16625,633,4856,208286,21481,17258,0.0366786417893151,0.22606023928122526,1,2,21481.0,3919,0.1824402960756017,0.09122014803780085,2.0,0.9999907149282703,0.625,0.375,0.1484375,0.502275,10,6,['high_quality'],high_quality,Medium_Dice (25-75%)
20160407_163257_1281_1,0.8821364238068227,0.7891270836562091,0.7979032366664991,0.9862533920092345,11264,2853,157,216126,11421,14117,0.20209676276829355,0.013746607127221784,2,3,5710.5,2159,0.18903773750109448,0.09451886875054724,1.5,0.9999951230099116,0.375,0.625,0.171875,0.5011749999999999,6,10,['high_quality'],high_quality,High_Dice (>75%)
20160407_163257_1281_361,0.8966814079128456,0.8127130407696547,0.855084013511932,0.9425329422089803,12875,2182,785,214558,13660,15057,0.14491598592017002,0.05746705710102489,1,1,13660.0,3222,0.23587115666178624,0.11793557833089312,1.0,0.9999965581517929,0.4375,0.5625,0.1484375,0.5016125,7,9,['high_quality'],high_quality,High_Dice (>75%)
20160407_163257_1281_721,0.8692103938225998,0.7686756131062603,0.8744058751628895,0.8640762868430455,6071,872,955,222502,7026,6943,0.12559412357770416,0.13592371192712782,1,2,7026.0,1974,0.28095644748078563,0.14047822374039282,2.0,0.9999935414488278,0.4375,0.5625,0.171875,0.5019875,7,9,['high_quality'],high_quality,Medium_Dice (25-75%)
20160407_163257_1921_1081,0.8143016753710974,0.6867696938223776,0.742562150872759,0.9013852227879532,5466,1895,598,222441,6064,7361,0.25743784811846215,0.09861477572559367,3,3,2021.3333333333333,2190,0.3611477572559367,0.18057387862796834,1.0,0.9999941756186632,0.625,0.375,0.1640625,0.5021875,10,6,['boundary_margin_error'],boundary_margin_error,Medium_Dice (25-75%)
20160407_163257_1921_721,0.8700910849110862,0.7700541816174783,0.854398825726688,0.8863705493057947,5827,993,747,222833,6574,6820,0.14560117302052786,0.11362944934590813,1,2,6574.0,2038,0.31000912686340126,0.15500456343170063,2.0,0.9999929879262928,0.5,0.5,0.1484375,0.5020249999999999,8,8,['high_quality'],high_quality,Medium_Dice (25-75%)
20160407_163257_1_1,0.8795360535245678,0.7849748814241324,0.8485970535270329,0.9128164268783711,10313,1840,985,217262,11298,12153,0.15140294577470584,0.08718357231368384,1,1,11298.0,3246,0.2873074880509825,0.14365374402549125,1.0,0.9999947838651599,0.375,0.625,0.1484375,0.5019625000000001,6,10,['high_quality'],high_quality,High_Dice (>75%)
20160407_163257_641_361,0.858970630581094,0.7528032613380876,0.8339136154757565,0.8855800930492854,8862,1765,1145,218628,10007,10627,0.16608638373953138,0.11441990606575397,2,2,5003.5,3413,0.341061257120016,0.170530628560008,1.0,0.9999962639291042,0.375,0.625,0.1484375,0.5012624999999999,6,10,['high_quality'],high_quality,Medium_Dice (25-75%)
20160407_165001_1281_1081,0.5977663225105101,0.42629579656133343,0.44239572680265044,0.9213453365430473,3479,4385,297,222239,3776,7864,0.5576042726347915,0.07865466101694915,2,3,1888.0,1841,0.4875529661016949,0.24377648305084745,1.5,0.9999904376414558,0.375,0.625,0.1875,0.5017,6,10,['over_segmentation'],over_segmentation,Low_Dice (<25%)
20160407_165001_1281_361,0.770398196555072,0.6265428323191111,0.7216045033626992,0.826269137126294,10254,3956,2156,214034,12410,14210,0.2783954961294863,0.17373086220789685,2,2,6205.0,2498,0.20128928283642225,0.10064464141821113,1.0,0.9999937593184389,0.375,0.625,0.1484375,0.5016875,6,10,['boundary_margin_error'],boundary_margin_error,Medium_Dice (25-75%)
20160407_165001_1281_721,0.7737241887517662,0.6309544571087865,0.9008470331319206,0.6780423763771941,3616,398,1717,224669,5333,4014,0.09915296462381665,0.32195762235139697,1,2,5333.0,1172,0.21976373523345208,0.10988186761672604,2.0,0.9999942957103289,0.375,0.625,0.171875,0.5016875000000001,6,10,['boundary_margin_error'],boundary_margin_error,Medium_Dice (25-75%)
20160407_165001_1921_361,0.6453629725073949,0.4764102555958799,0.5815943226594442,0.7248374493502276,2787,2005,1058,224550,3845,4792,0.4184056761268781,0.27516254876462937,1,1,3845.0,1108,0.2881664499349805,0.14408322496749024,1.0,0.9999869192447254,0.5625,0.4375,0.15625,0.50195,9,7,['moderate_general_error'],moderate_general_error,Low_Dice (<25%)
20160407_165001_1921_721,0.7620325977871316,0.6155514243953414,0.6574390640151769,0.9062024917813888,5961,3106,617,220716,6578,9067,0.3425609352597331,0.0937975068409851,2,1,3289.0,2875,0.4370629370629371,0.21853146853146854,0.5,0.9999921986682561,0.4375,0.5625,0.1640625,0.50155,7,9,['boundary_margin_error'],boundary_margin_error,Medium_Dice (25-75%)
20160407_165001_1_1081,0.6827232613774613,0.5182838513427157,0.7356115089013064,0.6369299207187321,2863,1029,1632,224876,4495,3892,0.2643884892086331,0.3630700778642937,2,6,2247.5,2332,0.5187986651835372,0.2593993325917686,3.0,0.9999871627062671,0.625,0.375,0.1640625,0.501825,10,6,['boundary_margin_error'],boundary_margin_error,Low_Dice (<25%)
20160407_165001_1_721,0.855462592198538,0.7474308715184708,0.9256100754883166,0.7951983764679901,14110,1134,3634,211522,17744,15244,0.07438992390448701,0.20480162308385932,1,1,17744.0,3895,0.2195108205590622,0.1097554102795311,1.0,0.9999944663084122,0.375,0.625,0.15625,0.5014,6,10,['high_quality'],high_quality,Medium_Dice (25-75%)
20160407_165001_641_1081,0.4140956274103003,0.2611100861864096,0.30140485248743115,0.6613731870089995,1416,3282,725,224977,2141,4698,0.698595146871009,0.338626809901915,2,5,1070.5,1225,0.572162540868753,0.2860812704343765,2.5,0.9999836516772702,0.5,0.5,0.15625,0.50195,8,8,"['false_crack_high_fp', 'thin_low_area_failure', 'over_segmentation']",false_crack_high_fp,Low_Dice (<25%)
20160407_165001_641_361,0.8785881753758988,0.7834661237591308,0.8674299293872435,0.890037231422495,13865,2119,1713,212703,15578,15984,0.13257007007007007,0.10996276800616253,1,1,15578.0,3166,0.2032353318782899,0.10161766593914495,1.0,0.9999951751472413,0.375,0.625,0.15625,0.501275,6,10,['high_quality'],high_quality,High_Dice (>75%)
20160407_165001_641_721,0.5302406231731182,0.3607669605877081,0.381710360856085,0.8679914771611676,1223,1981,186,227010,1409,3204,0.6182896379525593,0.1320085166784954,2,4,704.5,474,0.33640880056777855,0.16820440028388928,2.0,0.9999790630616977,0.5625,0.4375,0.1796875,0.5022500000000001,9,7,"['thin_low_area_failure', 'over_segmentation']",thin_low_area_failure,Low_Dice (<25%)
IMG_2931_1297_485,0.8276063739909251,0.7059116969171572,0.773224041603213,0.8902170465862942,2830,830,349,309623,3179,3660,0.226775956284153,0.10978295061340045,8,6,397.375,1061,0.33375275243787356,0.16687637621893678,0.75,0.9999519696570722,0.5,0.5,0.15625,0.5036499999999999,8,8,"['complex_topology', 'boundary_margin_error']",complex_topology,Medium_Dice (25-75%)
IMG_2931_1297_969,0.9093058896828089,0.8336946913726052,0.8862142544718615,0.9336330926855818,10382,1333,738,301179,11120,11715,0.11378574477166026,0.06636690647482014,1,2,11120.0,2558,0.23003597122302158,0.11501798561151079,2.0,0.9999820684147426,0.625,0.375,0.171875,0.5033124999999999,10,6,['high_quality'],high_quality,High_Dice (>75%)
IMG_2931_1945_485,0.9044628645194148,0.8255885037823472,0.8752228149810034,0.935724184103042,5401,770,371,307090,5772,6171,0.12477718360071301,0.06427581427581427,2,6,2886.0,1530,0.26507276507276506,0.13253638253638253,3.0,0.9999707194837283,0.625,0.375,0.171875,0.503725,10,6,['high_quality'],high_quality,High_Dice (>75%)
IMG_2931_1945_969,0.8706118349243652,0.7708703365649848,0.8177364642410043,0.9307978253777555,6510,1451,484,305187,6994,7961,0.1822635347318176,0.06920217329139262,1,3,6994.0,1920,0.2745210180154418,0.1372605090077209,3.0,0.9999782202862508,0.5625,0.4375,0.1640625,0.5034375,9,7,['high_quality'],high_quality,Medium_Dice (25-75%)
IMG_2931_1_485,0.9042723202364499,0.8252710385408766,0.9001962131302985,0.9083855081562662,16975,1882,1712,293063,18687,18857,0.09980378639232115,0.0916144913576283,1,1,18687.0,3905,0.20896880184085193,0.10448440092042596,1.0,0.9999916787498241,0.5625,0.4375,0.1796875,0.50335,9,7,['high_quality'],high_quality,High_Dice (>75%)
IMG_2931_649_485,0.91523319056454,0.8437142274299951,0.8877081113087438,0.9445198244048547,12530,1585,736,298781,13266,14115,0.11229188806234502,0.055480174883159955,2,2,6633.0,3277,0.2470224634403739,0.12351123172018695,1.0,0.999986922857732,0.625,0.375,0.2265625,0.5033375,10,6,['high_quality'],high_quality,High_Dice (>75%)
IMG_2931_649_969,0.6924369731274023,0.5295629800603636,0.5460052989549212,0.9461942195131613,1442,1199,82,310909,1524,2641,0.45399469897766,0.05380577427821522,1,2,1524.0,436,0.28608923884514437,0.14304461942257218,2.0,0.9999495131804726,0.6875,0.3125,0.203125,0.5037750000000001,11,5,['moderate_general_error'],moderate_general_error,Low_Dice (<25%)
IMG_2941_1297_485,0.8952208259313471,0.8103165292611829,0.8400583367038905,0.9581369550336042,10368,1974,453,300837,10821,12342,0.15994166261545942,0.041863044080953704,1,2,10821.0,2685,0.24812863875797062,0.12406431937898531,2.0,0.9999952441151109,0.375,0.625,0.1484375,0.5029750000000001,6,10,['high_quality'],high_quality,High_Dice (>75%)
IMG_2941_1297_969,0.8320178441729429,0.7123549277033129,0.7409841064471514,0.9485524238095611,4849,1695,263,306825,5112,6544,0.2590158924205379,0.05144757433489828,2,21,2556.0,2222,0.43466353677621283,0.21733176838810642,10.5,0.9999802525927186,0.6875,0.3125,0.15625,0.5035375,11,5,['boundary_margin_error'],boundary_margin_error,Medium_Dice (25-75%)
IMG_2941_1945_485,0.8998514112927682,0.817936250184323,0.8436106978432326,0.9641265117355646,13626,2526,507,296973,14133,16152,0.1563893016344725,0.035873487582254296,1,1,14133.0,3879,0.2744640203778391,0.13723201018891956,1.0,0.9999969964539993,0.5,0.5,0.1796875,0.50255,8,8,['high_quality'],high_quality,High_Dice (>75%)
IMG_2941_1_485,0.7166480855475214,0.5584189944137556,0.6643127787386965,0.7779346494999302,3857,1949,1101,306725,4958,5806,0.3356872201171202,0.22206534893102056,3,20,1652.6666666666667,1490,0.30052440500201694,0.15026220250100847,6.666666666666667,0.9999737213390675,0.6875,0.3125,0.1796875,0.5039374999999999,11,5,['boundary_margin_error'],boundary_margin_error,Medium_Dice (25-75%)
IMG_2941_1_969,0.8921752662917563,0.8053397249087951,0.8464077831236141,0.9431752168991527,9743,1768,587,301534,10330,11511,0.15359221614108245,0.056824782187802514,3,4,3443.3333333333335,2424,0.2346563407550823,0.11732817037754115,1.3333333333333333,0.999990754178421,0.6875,0.3125,0.2109375,0.503625,11,5,['high_quality'],high_quality,High_Dice (>75%)
IMG_2941_649_969,0.9037182584251368,0.8243485448611964,0.864204668017486,0.947018293381628,11958,1879,669,299126,12627,13837,0.13579533135795332,0.052981705868377284,1,1,12627.0,3828,0.30315989546210503,0.15157994773105252,1.0,0.9999902749245646,0.625,0.375,0.1796875,0.5031875,10,6,['high_quality'],high_quality,High_Dice (>75%)
IMG_2942_1297_485,0.6109296104759953,0.4398118447297286,0.4789847473757309,0.8432055731846576,4114,4475,765,304278,4879,8589,0.5210152520665968,0.156794425087108,3,2,1626.3333333333333,2380,0.4878048780487805,0.24390243902439024,0.6666666666666666,0.9999854049691648,0.5625,0.4375,0.1640625,0.50395,9,7,['moderate_general_error'],moderate_general_error,Low_Dice (<25%)
IMG_2942_1945_485,0.5552153104734782,0.38428930933330335,0.39641978628529684,0.9262452077706091,2901,4417,231,306083,3132,7318,0.603580213172998,0.07375478927203065,3,5,1044.0,1994,0.6366538952745849,0.31832694763729247,1.6666666666666667,0.999988731033504,0.5625,0.4375,0.171875,0.504025,9,7,['over_segmentation'],over_segmentation,Low_Dice (<25%)
IMG_2942_1_485,0.7142500617966475,0.5555124216414177,0.6270815065336233,0.8295652157882798,4293,2553,882,305904,5175,6846,0.3729184925503944,0.17043478260869566,5,5,1035.0,3132,0.6052173913043478,0.3026086956521739,1.0,0.9999845727088326,0.5625,0.4375,0.1875,0.5041875,9,7,"['complex_topology', 'boundary_margin_error']",complex_topology,Low_Dice (<25%)
IMG_2942_649_485,0.3896967965120266,0.24200212461102336,0.2496650831206125,0.8874458836041303,2050,6161,260,305161,2310,8211,0.7503349165753258,0.11255411255411256,3,3,770.0,1534,0.664069264069264,0.332034632034632,1.0,0.9999839392006681,0.5625,0.4375,0.1875,0.5041375,9,7,"['false_crack_high_fp', 'thin_low_area_failure', 'over_segmentation']",false_crack_high_fp,Low_Dice (<25%)
