case_name,candidate_b_category,thinness_score,gt_area,is_thin_66,is_thin_low_area_5,is_bm_127,gt_cc,Base_dice,Base_precision,Base_recall,Base_pred_area,Base_pred_cc,Base_signed_cc_error,Base_abs_cc_error,Base_bridge_events,Base_merged_gt_components,Base_false_bridge_rate,Base_fragmented_gt_components,Base_extra_pred_fragments,Base_breakage_rate,Base_spurious_island_count,Base_spurious_island_rate,Base_spurious_area,Base_cldice,Base_tprec,Base_tsens,Base_phenotype,A1_dice,A1_precision,A1_recall,A1_pred_area,A1_pred_cc,A1_signed_cc_error,A1_abs_cc_error,A1_bridge_events,A1_merged_gt_components,A1_false_bridge_rate,A1_fragmented_gt_components,A1_extra_pred_fragments,A1_breakage_rate,A1_spurious_island_count,A1_spurious_island_rate,A1_spurious_area,A1_cldice,A1_tprec,A1_tsens,A1_phenotype,A2_dice,A2_precision,A2_recall,A2_pred_area,A2_pred_cc,A2_signed_cc_error,A2_abs_cc_error,A2_bridge_events,A2_merged_gt_components,A2_false_bridge_rate,A2_fragmented_gt_components,A2_extra_pred_fragments,A2_breakage_rate,A2_spurious_island_count,A2_spurious_island_rate,A2_spurious_area,A2_cldice,A2_tprec,A2_tsens,A2_phenotype,B1_dice,B1_precision,B1_recall,B1_pred_area,B1_pred_cc,B1_signed_cc_error,B1_abs_cc_error,B1_bridge_events,B1_merged_gt_components,B1_false_bridge_rate,B1_fragmented_gt_components,B1_extra_pred_fragments,B1_breakage_rate,B1_spurious_island_count,B1_spurious_island_rate,B1_spurious_area,B1_cldice,B1_tprec,B1_tsens,B1_phenotype,C1_dice,C1_precision,C1_recall,C1_pred_area,C1_pred_cc,C1_bridge_events,C1_merged_gt_components,C1_false_bridge_rate,C1_fragmented_gt_components,C1_extra_pred_fragments,C1_breakage_rate,C1_spurious_island_count,C1_spurious_island_rate,C1_spurious_area,C1_cldice,C1_tprec,C1_tsens,C1_has_merge,C1_has_fragment,C1_has_island,C1_phenotype,D1_dice,D1_precision,D1_recall,D1_pred_area,D1_pred_cc,D1_bridge_events,D1_merged_gt_components,D1_false_bridge_rate,D1_fragmented_gt_components,D1_extra_pred_fragments,D1_breakage_rate,D1_spurious_island_count,D1_spurious_island_rate,D1_spurious_area,D1_cldice,D1_tprec,D1_tsens,D1_has_merge,D1_has_fragment,D1_has_island,D1_phenotype,D2_dice,D2_precision,D2_recall,D2_pred_area,D2_pred_cc,D2_bridge_events,D2_merged_gt_components,D2_false_bridge_rate,D2_fragmented_gt_components,D2_extra_pred_fragments,D2_breakage_rate,D2_spurious_island_count,D2_spurious_island_rate,D2_spurious_area,D2_cldice,D2_tprec,D2_tsens,D2_has_merge,D2_has_fragment,D2_has_island,D2_phenotype
20160222_080850_1281_361,high_quality,0.0911684385058031,20506,False,False,False,1,0.8921220723915412,0.928850416974069,0.8581878474588617,18946,1,0,0,0,0,0.0,0,0,0.0,0,0.0,0,0.9707788362646608,0.9865269461077844,0.9555256064690026,clean,0.8712153292396594,0.952598680402273,0.8026431288399479,17278,1,0,0,0,0,0.0,0,0,0.0,0,0.0,0,0.975879145615527,0.9927536231884058,0.9595687331536388,clean,0.8605450331652787,0.9482768743022671,0.7876719009066675,17033,1,0,0,0,0,0.0,0,0,0.0,0,0.0,0,0.9493712708685595,0.9726027397260274,0.9272237196765498,clean,0.8684699018825595,0.951813531736252,0.7985467667995715,17204,1,0,0,0,0,0.0,0,0,0.0,0,0.0,0,0.9680258140217072,0.993975903614458,0.9433962264150944,clean,0.8762918885058785,0.942616507579482,0.8186872134980889,17810,1,0,0,0.0,0,0,0.0,0,0.0,0,0.972255534912044,0.9910313901345292,0.954177897574124,False,False,False,clean,0.8754463348033829,0.9482425207593288,0.8130303325851882,17582,1,0,0,0.0,0,0,0.0,0,0.0,0,0.9571358949168012,0.967032967032967,0.9474393530997304,False,False,False,clean,0.8791711028588437,0.9402877298222849,0.825514483565383,18003,1,0,0,0.0,0,0,0.0,0,0.0,0,0.9667271306409522,0.9853587115666179,0.9487870619946092,False,False,False,clean
20160222_080850_1281_721,moderate_general_error,0.2370820668693009,1974,True,False,False,2,0.701192250371272,0.5545079552134516,0.95339412360206,3394,1,-1,1,1,2,1.0,0,0,0.0,0,0.0,0,0.8883610451306413,0.8461538461538461,0.935,merge,0.7576104371692433,0.6910229645065094,0.8383991894587721,2395,1,-1,1,1,2,1.0,0,0,0.0,0,0.0,0,0.8869401816473536,0.8888888888888888,0.885,merge,0.7572815533963873,0.670836591084164,0.8693009118496996,2558,4,2,2,1,2,1.0,0,0,0.0,3,0.75,5,0.9012651376767472,0.8975609756097561,0.905,mixed,0.7448869752405923,0.6476974915737638,0.876393110431224,2671,1,-1,1,1,2,1.0,0,0,0.0,0,0.0,0,0.8901294256425594,0.8757396449704142,0.905,merge,0.7037325038866569,0.5709779179792713,0.916919959468506,3170,1,1,2,1.0,0,0,0.0,0,0.0,0,0.8825966850828729,0.8658536585365854,0.9,True,False,False,merge,0.7498873366364356,0.6753246753219346,0.8429584599754664,2464,1,1,2,1.0,0,0,0.0,0,0.0,0,0.8965711573826898,0.8882978723404256,0.905,True,False,False,merge,0.701014832161005,0.5701587301569202,0.9098277608869817,3150,1,1,2,1.0,0,0,0.0,0,0.0,0,0.8634488448844885,0.8214285714285714,0.91,True,False,False,merge
20160222_080850_1921_1,missed_crack_high_fn,0.1537744641192917,1073,False,False,False,1,0.2156533422901725,0.1685924369739044,0.2991612301929249,1904,7,6,6,0,0,0.0,0,0,0.0,6,0.8571428571428571,1553,0.2180685358255452,0.1977401129943503,0.2430555555555555,island,0.5241824044195109,0.5182149362430035,0.5302889095943124,1098,8,7,7,0,0,0.0,0,0,0.0,7,0.875,506,0.4067796610169491,0.5217391304347826,0.3333333333333333,island,0.1217528207818404,0.0671814671814023,0.6486486486426035,10360,70,69,69,0,0,0.0,0,0,0.0,69,0.9857142857142858,9470,0.0739762219286658,0.0404040404040404,0.4375,island,0.2901864227923141,0.1788424019072646,0.768872320589293,4613,4,3,3,0,0,0.0,0,0,0.0,3,0.75,3537,0.3400651465798045,0.2436974789915966,0.5625,island,0.404995539694893,0.3883661248897488,0.4231127679364109,1169,9,0,0,0.0,1,2,1.0,6,0.6666666666666666,513,0.4095063985374771,0.4324324324324324,0.3888888888888889,False,True,True,mixed,0.0631607980141292,0.0332188965717164,0.6402609505998113,20681,71,0,0,0.0,1,3,1.0,67,0.943661971830986,19838,0.0918032786885245,0.0512820512820512,0.4375,False,True,True,mixed,0.4121863799270843,0.3032967032953701,0.6430568499474086,2275,7,0,0,0.0,0,0,0.0,6,0.8571428571428571,1214,0.3879040667361835,0.35294117647058826,0.4305555555555556,False,False,True,island
20160222_080850_1921_361,high_quality,0.0857653365098272,16790,False,False,False,1,0.8812726413605666,0.9353393513868704,0.8331149493741316,14955,1,0,0,0,0,0.0,0,0,0.0,0,0.0,0,0.991492652745553,1.0,0.9831288343558282,clean,0.869011598587724,0.9228812424682534,0.8210839785581768,14938,2,1,1,0,0,0.0,1,1,1.0,0,0.0,0,0.963797071017517,0.9955022488755624,0.9340490797546012,fragment,0.855321614834571,0.9307735426002446,0.7911852293026854,14272,3,2,2,0,0,0.0,1,1,1.0,1,0.3333333333333333,1,0.9344358603995776,0.973045822102426,0.8987730061349694,mixed,0.8858404877439076,0.9271389503835608,0.8480643240018773,15358,1,0,0,0,0,0.0,0,0,0.0,0,0.0,0,0.9867909867909868,1.0,0.9739263803680982,clean,0.8784864932698904,0.9281973082271908,0.833829660511713,15083,3,0,0,0.0,1,2,1.0,0,0.0,0,0.9796557120500784,1.0,0.9601226993865032,False,True,False,fragment,0.8600479243569522,0.9423786545551076,0.7909469922568249,14092,2,0,0,0.0,1,1,1.0,0,0.0,0,0.9724192277383766,1.0,0.946319018404908,False,True,False,fragment,0.8702772771820575,0.9274883752268162,0.819714115544479,14839,1,0,0,0.0,0,0,0.0,0,0.0,0,0.9675376088677752,1.0,0.9371165644171779,False,False,False,clean
20160222_080850_1_361,boundary_margin_error,0.0827225130890052,23875,False,False,True,1,0.8402661550392211,0.8194593733823721,0.8621570680624661,25119,1,0,0,0,0,0.0,0,0,0.0,0,0.0,0,0.9554820462973208,0.944743935309973,0.9664670658682636,clean,0.8416855535967344,0.8434201118724636,0.8399581151828942,23777,1,0,0,0,0,0.0,0,0,0.0,0,0.0,0,0.9472845265547384,0.9288486416558862,0.9664670658682636,clean,0.8342733459591596,0.8291139240502899,0.8394973821986013,24174,1,0,0,0,0,0.0,0,0,0.0,0,0.0,0,0.9008662086531404,0.8510427010923535,0.9568862275449102,clean,0.844559693845366,0.8433427998660026,0.8457801047116876,23944,1,0,0,0,0,0.0,0,0,0.0,0,0.0,0,0.9493452000258114,0.9339378238341968,0.9652694610778444,clean,0.8480563861595797,0.8652429723247482,0.8315392670153585,22945,1,0,0,0.0,0,0,0.0,0,0.0,0,0.9519741983056624,0.9390402075226978,0.9652694610778444,False,False,False,clean,0.843946845244147,0.8433291509824996,0.8445654450258242,23910,1,0,0,0.0,0,0,0.0,0,0.0,0,0.924164464282611,0.890495867768595,0.9604790419161676,False,False,False,clean,0.8460539069103863,0.8333197920048613,0.8591832460729385,24616,1,0,0,0.0,0,0,0.0,0,0.0,0,0.9484148022479059,0.9343832020997376,0.962874251497006,False,False,False,clean
20160222_080850_641_361,boundary_margin_error,0.1263719418725856,16309,False,False,True,4,0.7789790611740034,0.7035498862846319,0.8725243730450226,20226,2,-2,2,1,3,0.75,1,1,0.25,0,0.0,0,0.8615559060753816,0.8201342281879195,0.90738423028786,mixed,0.7625084899250729,0.7080464602928953,0.8260469679313103,19027,1,-3,3,1,3,0.75,0,0,0.0,0,0.0,0,0.8495333858770735,0.821236559139785,0.8798498122653317,merge,0.7738687685180297,0.7288934648310779,0.8247593353358116,18454,2,-2,2,1,3,0.75,1,1,0.25,0,0.0,0,0.8380694535658281,0.802158273381295,0.8773466833541927,mixed,0.7814476061425075,0.7240910279881119,0.8486725121093576,19115,1,-3,3,1,3,0.75,0,0,0.0,0,0.0,0,0.858581123203955,0.8394557823129252,0.8785982478097623,merge,0.7804850819166652,0.7162909836061904,0.8573180452505627,19520,1,1,3,0.75,0,0,0.0,0,0.0,0,0.8518414394152375,0.8233695652173914,0.8823529411764706,True,False,False,merge,0.7804057779245837,0.708919717533576,0.8679256852039561,19967,2,1,3,0.75,0,0,0.0,1,0.5,1,0.8333934591414035,0.7652259332023575,0.9148936170212766,True,False,True,mixed,0.7604624653963089,0.682183376344801,0.8590348887112275,20537,2,1,3,0.75,1,1,0.25,0,0.0,0,0.8453184619900205,0.8112676056338028,0.8823529411764706,True,True,False,mixed
20160222_080850_641_721,over_segmentation,0.2267371964414522,4159,True,False,False,1,0.6318772136948981,0.4696934238234616,0.9651358499616132,8546,3,2,2,0,0,0.0,0,0,0.0,2,0.6666666666666666,1401,0.7518093001481208,0.6224899598393574,0.948948948948949,island,0.7610313949716678,0.6902152641865162,0.84804039432352,5110,1,0,0,0,0,0.0,0,0,0.0,0,0.0,0,0.8845456526678445,0.8715846994535519,0.8978978978978979,clean,0.7857061308359564,0.7480434782592434,0.8273623467159718,4600,3,2,2,0,0,0.0,1,1,1.0,1,0.3333333333333333,1,0.8914665835152271,0.8765432098765432,0.9069069069069068,mixed,0.7865439403892323,0.7225689551022296,0.8629478239940781,4967,2,1,1,0,0,0.0,0,0,0.0,1,0.5,349,0.8863636363636364,0.8838526912181303,0.8888888888888888,island,0.7483760030562204,0.6208590901876354,0.941812935799611,6309,1,0,0,0.0,0,0,0.0,0,0.0,0,0.9165302782324056,0.8888888888888888,0.945945945945946,False,False,False,clean,0.8180645161280726,0.7986715529070118,0.8384226977618696,4366,2,0,0,0.0,1,1,1.0,0,0.0,0,0.9139520093679652,0.9507692307692308,0.8798798798798799,False,True,False,fragment,0.7475384762443862,0.620437956203395,0.9401298389013222,6302,1,0,0,0.0,0,0,0.0,0,0.0,0,0.903789613580843,0.8703170028818443,0.93993993993994,False,False,False,clean
20160222_115224_1281_1,thin_low_area_failure,0.4808827000236016,4237,True,True,False,10,0.5219905850702609,0.3649957678920671,0.9159782865213216,10633,4,-6,6,2,9,0.9,0,0,0.0,1,0.25,132,0.7018746652383502,0.5700365408038977,0.9130434782608696,mixed,0.582025238534486,0.4317844502792193,0.8926126976613344,8759,4,-6,6,2,9,0.9,0,0,0.0,1,0.25,39,0.6966041355394463,0.5673316708229427,0.9021739130434784,mixed,0.6263208453404165,0.5281062692361443,0.7694123200359466,6173,10,0,0,1,3,0.3,1,1,0.1,1,0.1,137,0.7299347125170677,0.6924265842349304,0.7717391304347826,mixed,0.5380075874662512,0.3830149044709582,0.9037054519686012,9997,5,-5,5,2,8,0.8,0,0,0.0,1,0.2,150,0.6994060037224392,0.5699745547073791,0.904891304347826,mixed,0.5136478115849746,0.3609144824943935,0.8904885532195174,10454,5,2,8,0.8,0,0,0.0,1,0.2,84,0.6814865556648142,0.556420233463035,0.8790760869565217,True,False,True,mixed,0.5749235474001607,0.4304837952085127,0.8652348359668038,8516,9,2,7,0.7,2,3,0.2,1,0.1111111111111111,1,0.7012215153614462,0.5906288532675709,0.8627717391304348,True,True,True,mixed,0.5223573184502542,0.3635102644716446,0.9277790889758608,10814,6,3,9,0.9,0,0,0.0,2,0.3333333333333333,550,0.6858330141578343,0.5457875457875457,0.9225543478260869,True,False,True,mixed
20160222_115224_1281_1081,high_quality,0.211038961038961,5390,True,False,False,1,0.8543991694775893,0.8004538823135022,0.916141001853588,6169,1,0,0,0,0,0.0,0,0,0.0,0,0.0,0,0.9943502824858756,1.0,0.9887640449438202,clean,0.8488038277503839,0.876482213437003,0.8228200371042248,5060,1,0,0,0,0,0.0,0,0,0.0,0,0.0,0,0.9900022664887052,0.9940828402366864,0.9859550561797752,clean,0.8410462776651901,0.869625520109234,0.8142857142842036,5047,1,0,0,0,0,0.0,0,0,0.0,0,0.0,0,0.9886363636363636,1.0,0.9775280898876404,clean,0.8633960864315464,0.8631559428873296,0.8636363636347614,5393,1,0,0,0,0,0.0,0,0,0.0,0,0.0,0,0.9871621109698708,0.9940828402366864,0.9803370786516854,clean,0.8488961429423169,0.7904335306338339,0.9166975881244588,6251,1,0,0,0.0,0,0,0.0,0,0.0,0,0.9928281216587436,0.9912790697674418,0.99438202247191,False,False,False,clean,0.8418577307457947,0.8920265780712375,0.797031539887204,4816,1,0,0,0.0,0,0,0.0,0,0.0,0,0.9871968669980418,0.9970588235294118,0.9775280898876404,False,False,False,clean,0.8495684340313109,0.8086854460080337,0.8948051948035347,5964,1,0,0,0.0,0,0,0.0,0,0.0,0,0.9900109222843895,0.9941002949852508,0.9859550561797753,False,False,False,clean
20160222_115224_1281_361,false_crack_high_fp,0.4888707926167209,1842,True,False,False,6,0.4602960969037531,0.3176470588228738,0.8355048859889496,4845,5,-1,1,1,2,0.3333333333333333,1,1,0.1666666666666666,2,0.4,567,0.6171025383480278,0.4946524064171123,0.8201219512195121,mixed,0.596157578108682,0.4639081848370163,0.8338762214938443,3311,4,-2,2,1,2,0.3333333333333333,1,1,0.1666666666666666,1,0.25,59,0.7265688304672729,0.6521739130434783,0.8201219512195121,mixed,0.5402250937879528,0.4384303112299106,0.7035830618854312,2956,3,-3,3,1,2,0.3333333333333333,1,1,0.1666666666666666,0,0.0,0,0.6569860790091219,0.6615969581749049,0.6524390243902439,mixed,0.5504252733889218,0.4389534883706752,0.7377850162826396,3096,4,-2,2,1,2,0.3333333333333333,1,1,0.1666666666666666,1,0.25,134,0.6325271142457916,0.5868055555555556,0.6859756097560976,mixed,0.5278036079588473,0.4014144271558659,0.770358306184743,3535,4,1,2,0.3333333333333333,1,1,0.1666666666666666,1,0.25,3,0.690786923375113,0.6470588235294118,0.7408536585365854,True,True,True,mixed,0.3105287569569683,0.1974343851368366,0.7269272529819385,6782,23,1,2,0.3333333333333333,1,1,0.1666666666666666,20,0.8695652173913043,24,0.3242198406391616,0.2131661442006269,0.676829268292683,True,True,True,mixed,0.41525548520038985,0.28490604162399497,0.7654723126994274,4949,4,1,2,0.3333333333333333,1,2,0.16666666666666666,0,0.0,0,0.5281904205808102,0.42038216560509556,0.7103658536585366,True,True,False,mixed
20160222_115224_1281_721,boundary_margin_error,0.2460260115606936,5536,True,False,True,4,0.7662914222286615,0.6828200056503493,0.8730130057787698,7078,2,-2,2,1,2,0.5,0,0,0.0,0,0.0,0,0.862052733612878,0.8618925831202046,0.8622129436325678,merge,0.7867060048587411,0.757014028054848,0.8188222543337811,5988,2,-2,2,1,2,0.5,0,0,0.0,0,0.0,0,0.8637210047970799,0.8673469387755102,0.860125260960334,merge,0.7812865497069496,0.7267640658987772,0.8446531791892257,6434,8,4,4,1,2,0.5,0,0,0.0,6,0.75,8,0.8479034170529266,0.8321167883211679,0.8643006263048016,mixed,0.7858648899377702,0.7370669197900063,0.8415823699406764,6321,2,-2,2,1,2,0.5,0,0,0.0,0,0.0,0,0.8749715851588897,0.8903394255874674,0.860125260960334,merge,0.7661290322574704,0.6711956521730011,0.8923410404608159,7360,3,1,2,0.5,0,0,0.0,1,0.3333333333333333,4,0.8514090677908979,0.835,0.8684759916492694,True,False,True,mixed,0.7789327789321041,0.7483355525952924,0.8121387283222324,6008,3,1,2,0.5,0,0,0.0,1,0.3333333333333333,1,0.8625739543738062,0.87146529562982,0.8538622129436325,True,False,True,mixed,0.7759607522479346,0.7088437406622217,0.8571170520215732,6694,3,1,2,0.5,0,0,0.0,1,0.3333333333333333,11,0.871172168734243,0.8825065274151436,0.860125260960334,True,False,True,mixed
20160222_115224_1921_1081,boundary_margin_error,0.2129629629629629,1296,True,False,True,1,0.8088094478110156,0.6897114861149173,0.97762345678258,1837,1,0,0,0,0,0.0,0,0,0.0,0,0.0,0,0.9787234042553192,0.9583333333333334,1.0,clean,0.8367729831113067,0.8144631117544598,0.8603395061662011,1369,1,0,0,0,0,0.0,0,0,0.0,0,0.0,0,0.9788802433744808,0.9888888888888888,0.9690721649484536,clean,0.852277227719397,0.8755085435242026,0.8302469135738407,1229,3,2,2,0,0,0.0,0,0,0.0,2,0.6666666666666666,2,0.9272811486799444,0.9166666666666666,0.9381443298969072,island,0.8214285714256377,0.7646276595693842,0.887345679005499,1504,1,0,0,0,0,0.0,0,0,0.0,0,0.0,0,1.0,1.0,1.0,clean,0.813469792007879,0.7109059434465614,0.9506172839432824,1733,1,0,0,0.0,0,0,0.0,0,0.0,0,0.97927292457949,0.9690721649484536,0.9896907216494846,False,False,False,clean,0.8149901380638462,0.8337368845776132,0.7970679012284178,1239,1,0,0,0.0,0,0,0.0,0,0.0,0,0.9842931937172774,1.0,0.9690721649484536,False,False,False,clean,0.8205128205100882,0.721734036316803,0.9506172839432824,1707,1,0,0,0.0,0,0,0.0,0,0.0,0,0.9895833333333333,1.0,0.979381443298969,False,False,False,clean
20160222_115224_641_1,boundary_margin_error,0.2970801989034808,7843,True,False,True,4,0.7138506654631661,0.6400040448977247,0.8069616218273531,9889,4,0,0,1,2,0.5,1,1,0.25,0,0.0,0,0.854667546481388,0.8885714285714286,0.8232558139534883,mixed,0.7311601388195765,0.7113228023625813,0.7521356623731326,8293,4,0,0,1,2,0.5,1,1,0.25,0,0.0,0,0.8588667428444905,0.9178885630498532,0.8069767441860465,mixed,0.7398577196688202,0.7438144329887322,0.7359428789994442,7760,6,2,2,1,2,0.5,2,3,0.5,0,0.0,0,0.849318662447727,0.9269005847953216,0.7837209302325582,mixed,0.7273696682460146,0.6793183578613706,0.782736197882465,9037,5,1,1,1,2,0.5,1,1,0.25,1,0.2,34,0.856708717622531,0.9100145137880988,0.8093023255813954,mixed,0.7126784214941434,0.6352025543797294,0.8116792043850418,10022,4,1,2,0.5,1,1,0.25,0,0.0,0,0.855604343091711,0.903179190751445,0.8127906976744186,True,True,False,mixed,0.730955925182363,0.7422450052566479,0.7200051000883335,7608,6,1,2,0.5,1,2,0.25,1,0.1666666666666666,51,0.822907271616872,0.8778735632183908,0.7744186046511627,True,True,True,mixed,0.7134626690178051,0.6619395658332475,0.7736835394609541,9167,4,1,2,0.5,1,1,0.25,0,0.0,0,0.8466663113574588,0.9174174174174174,0.786046511627907,True,True,False,mixed
20160222_115224_641_1081,missed_crack_high_fn,0.4877264757451782,1711,True,False,False,1,0.0237262357414087,0.0160361842104933,0.0455873758033571,4864,6,5,5,0,0,0.0,1,1,1.0,4,0.6666666666666666,4747,0.075416968817984,0.0677966101694915,0.0849673202614379,mixed,0.009110525053922,0.0077235772357409,0.011104617182869,2460,7,6,6,0,0,0.0,0,0,0.0,6,0.8571428571428571,2431,0.0229057591623036,0.0229357798165137,0.022875816993464,island,0.0112721417069061,0.0077795065569953,0.0204558737579166,4499,13,12,12,0,0,0.0,1,2,1.0,10,0.7692307692307693,4454,0.0474777448071216,0.0434782608695652,0.0522875816993464,mixed,0.0171513795674549,0.0125923898165546,0.0268848626532619,3653,8,7,7,0,0,0.0,0,0,0.0,7,0.875,3585,0.0233100233100233,0.0181159420289855,0.0326797385620915,island,0.0157216925907079,0.0110121836925702,0.0274693161892024,4268,5,0,0,0.0,0,0,0.0,4,0.8,4186,0.0138248847926267,0.0090361445783132,0.0294117647058823,False,False,True,island,0.0809963568583572,0.0473642489099808,0.2793687901795478,10092,8,0,0,0.0,1,1,1.0,6,0.75,9405,0.1756846534288034,0.1291793313069908,0.2745098039215686,False,True,True,mixed,0.004128440366967742,0.0025681266942465856,0.01052016364692858,7009,9,0,0,0.0,0,0,0.0,8,0.8888888888888888,6981,0.014356029532403607,0.010460251046025104,0.02287581699346405,False,False,True,island
20160222_115224_641_361,boundary_margin_error,0.2668284789644013,3090,True,False,True,2,0.7926045016066552,0.6762688614525005,0.9572815533949602,4374,1,-1,1,1,2,1.0,0,0,0.0,0,0.0,0,0.9135446357313876,0.8501628664495114,0.9871382636655948,merge,0.8159274479228908,0.7257373329953977,0.9317152103529718,3967,2,0,0,1,2,1.0,0,0,0.0,1,0.5,1,0.9257489742004384,0.8766233766233766,0.9807073954983924,mixed,0.8325540619508583,0.7589238145957408,0.9220064724889256,3754,1,-1,1,1,2,1.0,0,0,0.0,0,0.0,0,0.9325305242220984,0.8836477987421384,0.9871382636655948,merge,0.80410977423171,0.6905038309712317,0.9624595469224516,4307,1,-1,1,1,2,1.0,0,0,0.0,0,0.0,0,0.9362578589513812,0.8903654485049833,0.9871382636655948,merge,0.8007026077546268,0.6873115286460513,0.9588996763723012,4311,1,1,2,1.0,0,0,0.0,0,0.0,0,0.9323454054428364,0.8859060402684564,0.9839228295819936,True,False,False,merge,0.8283528222883957,0.7477195725807982,0.9284789643982896,3837,1,1,2,1.0,0,0,0.0,0,0.0,0,0.9379830844563152,0.893491124260355,0.9871382636655948,True,False,False,merge,0.7865998417293767,0.6638468388230993,0.9650485436861973,4492,1,1,2,1.0,0,0,0.0,0,0.0,0,0.9056200728998898,0.8365384615384616,0.9871382636655949,True,False,False,merge
20160222_115224_641_721,complex_topology,0.2687742248062015,4128,True,False,False,5,0.5623659209307963,0.7652210175114045,0.4445251937973727,2398,2,-3,3,0,0,0.0,0,0,0.0,1,0.5,20,0.5159917069799586,0.9384615384615383,0.3558139534883721,island,0.5772576308705089,0.8314350797228637,0.4421027131772236,2195,3,-2,2,0,0,0.0,0,0,0.0,2,0.6666666666666666,62,0.518190446061373,0.9064748201438848,0.3627906976744186,island,0.204972710733665,0.1326814645634625,0.4503391472857307,14011,3,-2,2,1,2,0.4,0,0,0.0,1,0.3333333333333333,1,0.3184099885335711,0.2605504587155963,0.4093023255813953,mixed,0.572990353696828,0.8518164435905745,0.4316860465105822,2092,1,-4,4,0,0,0.0,0,0,0.0,0,0.0,0,0.5197934595524957,1.0,0.3511627906976744,clean,0.5474893241046275,0.6980848666890797,0.4503391472857307,2663,1,0,0,0.0,0,0,0.0,0,0.0,0,0.5176746917204932,0.9666666666666668,0.3534883720930232,False,False,False,clean,0.1903651491863954,0.1218370531170735,0.435077519378791,14741,7,1,2,0.4,0,0,0.0,5,0.7142857142857143,16,0.2285186737906858,0.1549773755656108,0.4348837209302325,True,False,True,mixed,0.48153540701458436,0.5307849430973716,0.4406492248051341,3427,3,0,0,0.0,0,0,0.0,2,0.6666666666666666,1273,0.431007358538442,0.57,0.34651162790697676,False,False,True,island
20160222_115837_1281_1,boundary_margin_error,0.2053279476822465,5199,True,False,True,1,0.7643545432820225,0.6522152758893012,0.9230621273304038,7358,5,4,4,0,0,0.0,0,0,0.0,4,0.8,555,0.8190239238385063,0.7375886524822695,0.9206730769230768,island,0.7164643635226295,0.6015941460857159,0.8855549144049134,7653,3,2,2,0,0,0.0,0,0,0.0,2,0.6666666666666666,1579,0.724278023495507,0.5949367088607594,0.9254807692307692,island,0.7602397602391273,0.6701893439003813,0.8782458165014845,6813,3,2,2,0,0,0.0,0,0,0.0,2,0.6666666666666666,1149,0.7956928166272649,0.7121495327102804,0.9014423076923076,island,0.724940471617847,0.6034526854212232,0.9076745527968691,7820,4,3,3,0,0,0.0,0,0,0.0,3,0.75,1398,0.778018206708598,0.6736401673640168,0.9206730769230768,island,0.7024935511602877,0.5597807468304673,0.9428736295423296,8757,2,0,0,0.0,0,0,0.0,1,0.5,1739,0.819202105201143,0.7070938215102975,0.9735576923076924,False,False,True,island,0.7514950166106714,0.6613068264863889,0.8701673398713788,6841,4,0,0,0.0,0,0,0.0,3,0.75,1180,0.760655737704918,0.655367231638418,0.90625,False,False,True,island,0.6732352734177822,0.5308546059927515,0.9199846124236969,9010,4,0,0,0.0,0,0,0.0,3,0.75,2247,0.7769554836449873,0.6695095948827292,0.9254807692307693,False,False,True,island
20160222_115837_1281_1081,moderate_general_error,0.3642216152945767,2563,True,False,False,4,0.6744891232687218,0.5093588211857639,0.998049161135396,5022,1,-3,3,1,4,1.0,0,0,0.0,0,0.0,0,0.8657187993680885,0.7632311977715878,1.0,merge,0.7552698460147178,0.6122152205511096,0.9855637924269,4126,2,-2,2,1,4,1.0,0,0,0.0,1,0.5,173,0.8982558139534884,0.8153034300791556,1.0,mixed,0.740576496672963,0.5961446930019131,0.9773702692119496,4202,2,-2,2,1,4,1.0,0,0,0.0,1,0.5,447,0.8528610354223434,0.7434679334916865,1.0,mixed,0.7166408341542672,0.5608734009692085,0.9921966445532884,4534,1,-3,3,1,4,1.0,0,0,0.0,0,0.0,0,0.8748068006182381,0.7774725274725275,1.0,merge,0.6738643844625756,0.5085453100148877,0.9984393289075364,5032,1,1,4,1.0,0,0,0.0,0,0.0,0,0.8913385826771654,0.8039772727272727,1.0,True,False,False,merge,0.7427974324514961,0.6015473887799769,0.9707374170855608,4136,2,1,4,1.0,0,0,0.0,1,0.5,501,0.8548387096774194,0.7464788732394366,1.0,True,False,True,mixed,0.7212043743776151,0.5669941938352681,0.9906359734647264,4478,1,1,4,1.0,0,0,0.0,0,0.0,0,0.8854003139717426,0.7943661971830986,1.0,True,False,False,merge
20160222_115837_1281_361,boundary_margin_error,0.2997370727432077,3423,True,False,True,4,0.7639465191323606,0.6308775937547481,0.9681565877856612,5253,2,-2,2,1,2,0.5,0,0,0.0,0,0.0,0,0.9302931596091204,0.8936170212765957,0.970108695652174,merge,0.8374851720036411,0.7629682997099833,0.9281332164740632,4164,3,-1,1,1,2,0.5,0,0,0.0,1,0.3333333333333333,4,0.954057809261326,0.936,0.9728260869565216,mixed,0.8125822584880066,0.7394011976030194,0.9018404907949114,4175,16,12,12,0,0,0.0,0,0,0.0,13,0.8125,244,0.8629379225568531,0.7878787878787878,0.9538043478260868,island,0.7896378028294678,0.6697863682590646,0.9617294770640908,4915,2,-2,2,1,2,0.5,0,0,0.0,0,0.0,0,0.9265261110302732,0.8821989528795812,0.9755434782608696,merge,0.7389822807806236,0.6045344731451319,0.9503359626031248,5381,1,1,4,1.0,0,0,0.0,0,0.0,0,0.9208262281926836,0.8900523560209425,0.9538043478260868,True,False,False,merge,0.8447858870382063,0.8233499722661582,0.8673678060155788,3606,3,1,2,0.5,0,0,0.0,1,0.3333333333333333,1,0.922749218971883,0.916243654822335,0.9293478260869564,True,False,True,mixed,0.7876337693212988,0.6641267294953597,0.9675723049927912,4987,3,0,0,0.0,0,0,0.0,0,0.0,0,0.9420903494772498,0.9180790960451978,0.967391304347826,False,False,False,clean
20160222_115837_1281_721,moderate_general_error,0.3732342007434944,2690,True,False,False,1,0.7372940035995883,0.5875082763173968,0.9895910780632358,4531,1,0,0,0,0,0.0,0,0,0.0,0,0.0,0,0.9518698743311048,0.912568306010929,0.9947089947089948,clean,0.8199331316656266,0.7170704539105623,0.9572490706284118,3591,1,0,0,0,0,0.0,0,0,0.0,0,0.0,0,0.9505984766050054,0.9385474860335196,0.9629629629629628,clean,0.8279797815085146,0.7374382805671291,0.9438661710002088,3443,2,1,1,0,0,0.0,1,1,1.0,0,0.0,0,0.9253136810279669,0.902116402116402,0.9497354497354498,fragment,0.7728330424654264,0.634734830385488,0.9877323420037633,4186,1,0,0,0,0,0.0,0,0,0.0,0,0.0,0,0.9576905975305264,0.9256198347107438,0.992063492063492,clean,0.7189436809475628,0.5638207945888338,0.991821561334603,4732,1,0,0,0.0,0,0,0.0,0,0.0,0,0.96122679363802,0.9322493224932248,0.992063492063492,False,False,False,clean,0.8360086049961344,0.7533552042924148,0.93903345724558,3353,1,0,0,0.0,0,0,0.0,0,0.0,0,0.9369461585704676,0.917098445595855,0.9576719576719576,False,False,False,clean,0.7369447152196951,0.5891783567121149,0.9836431226729233,4491,1,0,0,0.0,0,0,0.0,0,0.0,0,0.9516307097842588,0.914364640883978,0.9920634920634921,False,False,False,clean
20160222_164851_1281_1081,high_quality,0.0916030534351145,6288,False,False,False,2,0.8832288401246996,0.8706736711976658,0.8961513994896689,6472,1,-1,1,1,2,1.0,0,0,0.0,0,0.0,0,0.8980928530148333,0.9,0.8961937716262975,merge,0.8852406758042036,0.8872204472829278,0.8832697201003765,6260,1,-1,1,1,2,1.0,0,0,0.0,0,0.0,0,0.913898451236518,0.9074733096085408,0.9204152249134948,merge,0.8754241396018133,0.8896551724123323,0.8616412213726755,6090,2,0,0,1,2,1.0,1,1,0.5,0,0.0,0,0.8954326708052309,0.8981481481481481,0.8927335640138409,mixed,0.8778607564435253,0.886618004864742,0.869274809158923,6165,1,-1,1,1,2,1.0,0,0,0.0,0,0.0,0,0.8989083107212721,0.9016393442622952,0.8961937716262975,merge,0.8712621970405482,0.8623052959488127,0.8804071246805337,6420,1,1,2,1.0,0,0,0.0,0,0.0,0,0.9032752346293814,0.9,0.9065743944636678,True,False,False,merge,0.872659176029252,0.8940607273925691,0.8522582697187464,5994,1,1,2,1.0,0,0,0.0,0,0.0,0,0.8886796033257663,0.8880866425992779,0.889273356401384,True,False,False,merge,0.8842942345917421,0.8843645617927718,0.8842239185736575,6287,1,1,2,1.0,0,0,0.0,0,0.0,0,0.8938924093299178,0.9057377049180327,0.8823529411764706,True,False,False,merge
20160222_164851_641_1,boundary_margin_error,0.0984641638225256,11720,False,False,True,2,0.8498811183074322,0.8178949029502778,0.8844709897603374,12674,2,0,0,0,0,0.0,0,0,0.0,0,0.0,0,0.9098628347485304,0.9476190476190476,0.875,clean,0.8479391756699288,0.7984174830438595,0.9040102389070784,13270,2,0,0,0,0,0.0,0,0,0.0,0,0.0,0,0.9318194776316676,0.952914798206278,0.9116379310344828,clean,0.8518849079855276,0.848674739604667,0.855119453924185,11809,2,0,0,0,0,0.0,0,0,0.0,0,0.0,0,0.9160504567203132,0.9364161849710982,0.896551724137931,clean,0.8550629805329399,0.8210807414382492,0.8919795221835392,12732,2,0,0,0,0,0.0,0,0,0.0,0,0.0,0,0.9062904593955088,0.9552941176470588,0.8620689655172413,clean,0.8458333333329878,0.8113636363630005,0.8833617747432735,12760,2,0,0,0.0,0,0,0.0,0,0.0,0,0.9093688905268796,0.9440389294403893,0.8771551724137931,False,False,False,clean,0.8443920100887496,0.8069356970680297,0.8854948805453194,12861,3,0,0,0.0,1,1,0.5,0,0.0,0,0.8891688384979591,0.9155963302752294,0.8642241379310345,False,True,False,fragment,0.8398726621564505,0.7869500372850209,0.9004266211596412,13410,2,0,0,0.0,0,0,0.0,0,0.0,0,0.9175358366547793,0.9618138424821002,0.8771551724137931,False,False,False,clean
20160222_164851_641_1081,boundary_margin_error,0.1868599338270049,6347,False,False,True,3,0.7272843206014619,0.6108611825186259,0.8985347408210201,9336,3,0,0,0,0,0.0,0,0,0.0,0,0.0,0,0.8324112215578884,0.7627811860940695,0.916030534351145,clean,0.7510690682903,0.6378342687348543,0.9131873325966392,9087,3,0,0,0,0,0.0,0,0,0.0,0,0.0,0,0.8465798812363148,0.7733598409542743,0.9351145038167938,clean,0.7737146748377435,0.6813384504669209,0.8950685363149598,8338,3,0,0,0,0,0.0,0,0,0.0,0,0.0,0,0.8710714656156,0.8095238095238095,0.9427480916030534,clean,0.7396386822524311,0.6393386152248944,0.8772648495338313,8709,3,0,0,0,0,0.0,0,0,0.0,0,0.0,0,0.814723595459877,0.7734204793028322,0.8606870229007634,clean,0.7349641346326191,0.6015656362900426,0.9443831731511828,9964,3,0,0,0.0,0,0,0.0,0,0.0,0,0.8521183053557153,0.78,0.9389312977099236,False,False,False,clean,0.764621383131018,0.6756528046413495,0.8805734992896163,8272,3,0,0,0.0,0,0,0.0,0,0.0,0,0.850323148926665,0.7863894139886578,0.9255725190839694,False,False,False,clean,0.7221814624598176,0.5900689379552502,0.930518355126941,10009,4,0,0,0.0,1,1,0.3333333333333333,0,0.0,0,0.8525866864453922,0.7916666666666666,0.9236641221374046,False,True,False,fragment
20160222_164851_641_361,complex_topology,0.1574813288694308,11649,False,False,False,7,0.8165886085508322,0.7290753355360294,0.9279766503554572,14827,5,-2,2,1,5,0.7142857142857143,1,1,0.1428571428571428,2,0.4,19,0.8648138591964615,0.8209606986899564,0.9136163982430454,mixed,0.8243981232209736,0.7467428412173436,0.9200789767354106,14353,4,-3,3,1,5,0.7142857142857143,1,1,0.1428571428571428,1,0.25,20,0.8367835116455443,0.7750342935528121,0.9092240117130308,mixed,0.8305681640316048,0.7631408643123871,0.9110653274951402,13907,7,0,0,1,5,0.7142857142857143,1,1,0.1428571428571428,4,0.5714285714285714,145,0.8314398141649423,0.7845161290322581,0.8843338213762811,mixed,0.8222999163940022,0.737742925331921,0.928749248861766,14665,4,-3,3,1,5,0.7142857142857143,1,1,0.1428571428571428,1,0.25,98,0.8571145250678527,0.8071942446043165,0.9136163982430454,mixed,0.8174452036888774,0.7233676975940236,0.9396514722285692,15132,4,1,5,0.7142857142857143,1,1,0.1428571428571428,1,0.25,19,0.8652038546339802,0.8169838945827232,0.9194729136163984,True,True,True,mixed,0.8343999367935394,0.7728503476028007,0.9066014250142445,13665,3,1,5,0.7142857142857143,1,1,0.1428571428571428,0,0.0,0,0.8580176571474614,0.8243243243243243,0.8945827232796486,True,True,False,mixed,0.810047211566535,0.7101468020431286,0.942656021975326,15463,3,1,5,0.7142857142857143,1,1,0.14285714285714285,0,0.0,0,0.8540671547839505,0.8098693759071117,0.9033674963396779,True,True,False,mixed
20160222_164851_641_721,high_quality,0.1264132020423048,10968,False,False,False,3,0.8613258086938774,0.7809417871703515,0.9601568198386576,13485,3,0,0,1,2,0.6666666666666666,0,0,0.0,1,0.3333333333333333,105,0.9445949874791384,0.902229845626072,0.9911347517730495,mixed,0.8673112185360613,0.7987411728578455,0.948760029174919,13028,5,2,2,0,0,0.0,0,0,0.0,2,0.4,163,0.9412704582387303,0.8961832061068702,0.9911347517730495,island,0.8694572847111498,0.8193772184569059,0.9260576221727516,12396,3,0,0,1,2,0.6666666666666666,0,0,0.0,1,0.3333333333333333,6,0.946719153524058,0.9076005961251864,0.9893617021276596,mixed,0.8619181247933055,0.7873190591067646,0.9521334792113856,13264,4,1,1,1,2,0.6666666666666666,0,0,0.0,2,0.5,240,0.9516233620517552,0.9151414309484192,0.9911347517730495,mixed,0.8414300985861973,0.7436489607385095,0.9688183807430992,14289,4,1,2,0.6666666666666666,0,0,0.0,2,0.5,121,0.92300988771577,0.8596491228070176,0.99645390070922,True,False,True,mixed,0.8485599768601096,0.7759389405268828,0.9361779722821516,13233,16,0,0,0.0,0,0,0.0,14,0.875,526,0.8883979865594647,0.8073136427566807,0.9875886524822696,False,False,True,island,0.8294248913593433,0.72679245282969,0.9658096280078721,14575,4,1,2,0.6666666666666666,0,0,0.0,2,0.5,366,0.9339877924552288,0.8830715532286213,0.9911347517730497,True,False,True,mixed
20160222_165225_1281_361,boundary_margin_error,0.1999483003748222,7737,False,False,True,1,0.8001498608430742,0.6828354800395698,0.9661367455073464,10947,1,0,0,0,0,0.0,0,0,0.0,0,0.0,0,0.978405315614618,0.9577235772357724,1.0,clean,0.8098172893368912,0.7005095300993578,0.959545043297196,10598,1,0,0,0,0,0.0,0,0,0.0,0,0.0,0,0.982716049382716,0.9660194174757282,1.0,clean,0.8306410183224895,0.7438151707209734,0.9404161819814651,9782,1,0,0,0,0,0.0,0,0,0.0,0,0.0,0,0.9760765550239237,0.9532710280373832,1.0,clean,0.8077770434011854,0.7038103464817124,0.9477833785692804,10419,1,0,0,0,0,0.0,0,0,0.0,0,0.0,0,0.9809444904722452,0.9626016260162602,1.0,clean,0.7865133623364478,0.6562094892397751,0.9813881349347532,11571,1,0,0,0.0,0,0,0.0,0,0.0,0,0.9949748743718592,0.99,1.0,False,False,False,clean,0.8289987721839329,0.72949612022323,0.9599327904860284,10181,1,0,0,0.0,0,0,0.0,0,0.0,0,0.9744,0.9500780031201248,1.0,False,False,False,clean,0.7933548588684546,0.6643698211943616,0.9844901124454123,11465,1,0,0,0.0,0,0,0.0,0,0.0,0,0.9840470193115028,0.968595041322314,1.0,False,False,False,clean
20160222_165225_1281_721,boundary_margin_error,0.2282303370786516,1424,True,False,True,1,0.7587443946165658,0.6605934409127507,0.8911516853870004,1921,1,0,0,0,0,0.0,0,0,0.0,0,0.0,0,0.9192390071815546,0.9661016949152542,0.8767123287671232,clean,0.7840301791864696,0.7097324985730806,0.8757022471848617,1757,1,0,0,0,0,0.0,0,0,0.0,0,0.0,0,0.9304029304029304,1.0,0.8698630136986302,clean,0.7535449020906363,0.7256176853008738,0.7837078651630358,1538,5,4,4,0,0,0.0,0,0,0.0,4,0.8,4,0.8256622959593256,0.8225806451612904,0.8287671232876712,island,0.7453013609826789,0.6919374247852471,0.8075842696572502,1662,1,0,0,0,0,0.0,0,0,0.0,0,0.0,0,0.864525527192009,0.9035087719298246,0.8287671232876712,clean,0.746727376207323,0.6277511961692452,0.9213483146002714,2090,1,0,0,0.0,0,0,0.0,0,0.0,0,0.9066954935477332,0.990990990990991,0.8356164383561644,False,False,False,clean,0.7710760795038688,0.7530120481877309,0.7900280898820926,1494,2,0,0,0.0,1,1,1.0,0,0.0,0,0.8604938271604937,0.8793103448275862,0.8424657534246576,False,True,False,fragment,0.7493229009908237,0.6556082148464687,0.874297752802849,1899,1,0,0,0.0,0,0,0.0,0,0.0,0,0.9027144046627811,0.9911504424778761,0.8287671232876712,False,False,False,clean
20160222_165225_1921_721,moderate_general_error,0.2592849437509631,6489,True,False,False,2,0.6667761537194575,0.5170657157407734,0.9385113268593952,11778,1,-1,1,1,2,1.0,0,0,0.0,0,0.0,0,0.8889662337114441,0.8220858895705522,0.9676923076923076,merge,0.6615367458455105,0.5183049366531076,0.9141624287241268,11445,1,-1,1,1,2,1.0,0,0,0.0,0,0.0,0,0.8669595908665274,0.8033282904689864,0.9415384615384615,merge,0.7074982830737919,0.5946683459271676,0.8731699799647509,9528,4,2,2,1,2,1.0,1,1,0.5,2,0.5,5,0.8556344912989639,0.7973760932944607,0.9230769230769232,mixed,0.6772173517017663,0.5369684932738674,0.9166281399276982,11077,2,0,0,1,2,1.0,0,0,0.0,1,0.5,36,0.8734222130799788,0.8044117647058824,0.9553846153846154,mixed,0.6233513955625072,0.4663810907974708,0.9395900755109576,13073,1,1,2,1.0,0,0,0.0,0,0.0,0,0.8317893972599055,0.728486646884273,0.9692307692307692,True,False,False,merge,0.7003211926545662,0.5771074710341818,0.8904299583897513,10012,1,1,2,1.0,0,0,0.0,0,0.0,0,0.8825593934838731,0.8390977443609022,0.9307692307692308,True,False,False,merge,0.6610681894520988,0.5191242416244446,0.9098474341178766,11373,2,1,2,1.0,1,1,0.5,0,0.0,0,0.8765768156462789,0.8247261345852895,0.9353846153846154,True,True,False,mixed
20160222_165225_1_361,boundary_margin_error,0.2254006091908356,7551,True,False,True,1,0.7850269759159102,0.6767357115451891,0.9345782015614692,10428,1,0,0,0,0,0.0,0,0,0.0,0,0.0,0,0.9415532425940752,0.8895612708018155,1.0,clean,0.7866408405231046,0.7064094454978848,0.8874321281937658,9486,2,1,1,0,0,0.0,1,1,1.0,0,0.0,0,0.9250188268979184,0.8885448916408669,0.9646153846153848,fragment,0.7727299236013455,0.6903918299284176,0.8773672361265032,9596,2,1,1,0,0,0.0,1,1,1.0,0,0.0,0,0.9087426467698192,0.8728682170542635,0.9476923076923076,fragment,0.7725438945390235,0.6765525477700273,0.9002781088585614,10048,2,1,1,0,0,0.0,1,1,1.0,0,0.0,0,0.9167679821246671,0.8759811616954474,0.9615384615384616,fragment,0.7634819532904652,0.6370803436968402,0.952456628259896,11289,1,0,0,0.0,0,0,0.0,0,0.0,0,0.9345189975747776,0.8770864946889226,1.0,False,False,False,clean,0.7702694970528292,0.6781180737450351,0.8914051119045273,9926,2,0,0,0.0,1,1,1.0,0,0.0,0,0.8892679582342184,0.8487518355359766,0.933846153846154,False,True,False,fragment,0.7607738194788645,0.6569420373573494,0.9035889286175294,10386,2,0,0,0.0,1,1,1.0,0,0.0,0,0.9127611136189261,0.9071310116086235,0.9184615384615384,False,True,False,fragment
20160222_165225_641_361,boundary_margin_error,0.2441635417926696,8267,True,False,True,4,0.7966542956844864,0.7348252605755826,0.8698439579038709,9786,2,-2,2,0,0,0.0,1,1,0.25,0,0.0,0,0.9292980544987198,0.9795640326975475,0.8839390386869871,fragment,0.8018223234619463,0.775242828099418,0.8302891012449131,8854,3,-1,1,0,0,0.0,1,2,0.25,0,0.0,0,0.9110032053893534,0.9648648648648648,0.8628370457209847,fragment,0.8018012608821363,0.7960181211244682,0.8076690456020228,8388,3,-1,1,0,0,0.0,1,1,0.25,1,0.3333333333333333,10,0.8992587088441872,0.9591280653950952,0.8464243845252052,mixed,0.8011718970078308,0.7498418055254694,0.8600459658874319,9482,4,0,0,0,0,0.0,1,3,0.25,0,0.0,0,0.9240477404158828,0.9722222222222222,0.88042203985932,fragment,0.7879969667420712,0.7134870034323555,0.879883875649111,10195,3,0,0,0.0,1,1,0.25,1,0.3333333333333333,4,0.9303839438246336,0.9863574351978172,0.88042203985932,False,True,True,mixed,0.8053346091736108,0.7964277265190484,0.8144429660084499,8454,2,0,0,0.0,1,1,0.25,0,0.0,0,0.9147294972195468,0.9902097902097902,0.8499413833528722,False,True,False,fragment,0.7891689185458616,0.7252179201290033,0.8654892947854536,9866,2,0,0,0.0,1,1,0.25,0,0.0,0,0.9159232224925655,0.9914163090128756,0.8511137162954279,False,True,False,fragment
20160222_165402_1281_1,high_quality,0.1182764603817235,8645,False,False,False,1,0.925141631372903,0.8819211409386724,0.972816657026058,9536,1,0,0,0,0,0.0,0,0,0.0,0,0.0,0,0.9974874371859296,1.0,0.9949874686716792,clean,0.9228718973841286,0.887441264415968,0.9612492770376388,9364,1,0,0,0,0,0.0,0,0,0.0,0,0.0,0,0.9948797771679024,0.997289972899729,0.9924812030075189,clean,0.9235686648343387,0.8962777535906657,0.9525737420463244,9188,1,0,0,0,0,0.0,0,0,0.0,0,0.0,0,0.9859443955390508,0.9770642201834864,0.9949874686716792,clean,0.93064425770256,0.9023356871255812,0.960786581838102,9205,1,0,0,0,0,0.0,0,0,0.0,0,0.0,0,0.9962264150943396,1.0,0.9924812030075189,clean,0.9149495835155004,0.8693116734344795,0.965644881433238,9603,1,0,0,0.0,0,0,0.0,0,0.0,0,0.9974874371859296,1.0,0.9949874686716792,False,False,False,clean,0.9234428086064984,0.904492512478198,0.9432041642557047,9015,1,0,0,0.0,0,0,0.0,0,0.0,0,0.9914201913324744,0.9903614457831326,0.9924812030075189,False,False,False,clean,0.9159577350306605,0.861569826706563,0.9776749566211941,9810,1,0,0,0.0,0,0,0.0,0,0.0,0,0.9974874371859296,1.0,0.9949874686716792,False,False,False,clean
20160222_165402_1281_361,high_quality,0.1168698029388313,8779,False,False,False,2,0.8715179652801415,0.7823683972086777,0.9835972206390436,11037,1,-1,1,1,2,1.0,0,0,0.0,0,0.0,0,0.908945944604388,0.834841628959276,0.9974874371859296,merge,0.8819390951569445,0.8029736300721871,0.9781296275191044,10694,1,-1,1,1,2,1.0,0,0,0.0,0,0.0,0,0.9083233693662917,0.8355555555555556,0.9949748743718592,merge,0.8940560356109484,0.8274525009685658,0.9723203098291692,10316,1,-1,1,1,2,1.0,0,0,0.0,0,0.0,0,0.9186348874095014,0.8531746031746031,0.9949748743718592,merge,0.892625460583895,0.8198284080068448,0.979610433989088,10490,1,-1,1,1,2,1.0,0,0,0.0,0,0.0,0,0.9175290193788614,0.849438202247191,0.9974874371859296,merge,0.880357960034128,0.7950955180007392,0.9861032008190156,10888,1,1,2,1.0,0,0,0.0,0,0.0,0,0.9289731858958924,0.8692660550458715,0.9974874371859296,True,False,False,merge,0.9019836639435124,0.8439702233242243,0.968561339559211,10075,1,1,2,1.0,0,0,0.0,0,0.0,0,0.8967599757009262,0.8178913738019169,0.992462311557789,True,False,False,merge,0.8720526871445015,0.780507559394546,0.9879257318589953,11112,1,1,2,1.0,0,0,0.0,0,0.0,0,0.9126691266912669,0.8393665158371041,1.0,True,False,False,merge
20160222_165402_641_1081,high_quality,0.0648756895639688,13233,False,False,False,1,0.9350977622478124,0.920184358767342,0.9505025315491948,13669,1,0,0,0,0,0.0,0,0,0.0,0,0.0,0,0.9987228607918264,0.9974489795918368,1.0,clean,0.9292015381131986,0.9271044910848364,0.9313080934021528,13293,1,0,0,0,0,0.0,0,0,0.0,0,0.0,0,0.9949238578680204,0.98989898989899,1.0,clean,0.928791870530324,0.9251705780903312,0.9324416232139858,13337,3,2,2,0,0,0.0,0,0,0.0,2,0.6666666666666666,2,0.9928741092636578,0.9858490566037736,1.0,island,0.9265048470726208,0.921381062700156,0.9316859366727638,13381,1,0,0,0,0,0.0,0,0,0.0,0,0.0,0,1.0,1.0,1.0,clean,0.9201993157813028,0.9058496229585578,0.9350109574541412,13659,1,0,0,0.0,0,0,0.0,0,0.0,0,0.9961587708066582,0.9923469387755102,1.0,False,False,False,clean,0.9327604402227752,0.930445898187134,0.9350865261082631,13299,1,0,0,0.0,0,0,0.0,0,0.0,0,0.9974683544303796,0.9949494949494948,1.0,False,False,False,clean,0.9223358093693748,0.8982880882451841,0.9477064913466728,13961,1,0,0,0.0,0,0,0.0,0,0.0,0,1.0,1.0,1.0,False,False,False,clean
20160222_165402_641_721,high_quality,0.0926559911651021,9055,False,False,False,1,0.8715372610218145,0.7804175037114329,0.9867476532291696,11449,1,0,0,0,0,0.0,0,0,0.0,0,0.0,0,0.9858356940509916,0.9720670391061452,1.0,clean,0.877604039017265,0.7890005288200344,0.9886250690215476,11346,1,0,0,0,0,0.0,0,0,0.0,0,0.0,0,0.97196261682243,0.9454545454545454,1.0,clean,0.8965448071807348,0.8211464266022219,0.987189398121494,10886,1,0,0,0,0,0.0,0,0,0.0,0,0.0,0,0.974472807991121,0.9502164502164502,1.0,clean,0.8892983417156071,0.809813168872837,0.9860850358906834,11026,1,0,0,0,0,0.0,0,0,0.0,0,0.0,0,0.974496644295302,0.950261780104712,1.0,clean,0.8679427221441262,0.7702378914934364,0.9940364439525188,11686,1,0,0,0.0,0,0,0.0,0,0.0,0,0.9570871261378412,0.917705735660848,1.0,False,False,False,clean,0.8959102168743259,0.8261234383732741,0.978575372721172,10726,1,0,0,0.0,0,0,0.0,0,0.0,0,0.9847953216374268,0.9700460829493088,1.0,False,False,False,clean,0.8689290012029511,0.7701365187706739,0.9967973495295451,11720,1,0,0,0.0,0,0,0.0,0,0.0,0,0.9718120805369127,0.9451697127937336,1.0,False,False,False,clean
20160222_165926_1281_361,false_crack_high_fp,0.6067073170731707,1312,True,False,False,2,0.4717763751118634,0.3090007087164919,0.9969512195045964,4233,3,1,1,1,2,1.0,0,0,0.0,2,0.6666666666666666,53,0.7818791946308724,0.6418732782369146,1.0,mixed,0.5045358038978874,0.3378133884716003,0.9961890243826512,3869,2,0,0,1,2,1.0,0,0,0.0,1,0.5,451,0.7584097859327217,0.6108374384236454,1.0,mixed,0.5707381370813472,0.4009259259246885,0.9900914634070878,3240,1,-1,1,1,2,1.0,0,0,0.0,0,0.0,0,0.8227642276422765,0.6988950276243094,1.0,merge,0.4880597014916267,0.3231225296434705,0.9969512195045964,4048,3,1,1,1,2,1.0,0,0,0.0,2,0.6666666666666666,258,0.7687296416938111,0.6243386243386243,1.0,mixed,0.4381365837361193,0.2805217019450919,0.999999999992378,4677,3,1,2,1.0,0,0,0.0,2,0.6666666666666666,117,0.7748344370860927,0.6324324324324324,1.0,True,False,True,mixed,0.5764966740563714,0.4065040650393793,0.9908536585290332,3198,1,1,2,1.0,0,0,0.0,0,0.0,0,0.8214285714285715,0.696969696969697,1.0,True,False,False,merge,0.4663230851244601,0.3040556199297704,0.9999999999923781,4315,2,1,2,1.0,0,0,0.0,1,0.5,54,0.7811447811447811,0.6408839779005525,1.0,True,False,True,mixed
20160222_165926_1281_721,moderate_general_error,0.3370259906263315,4694,True,False,False,1,0.7043947571312996,0.5519574673748767,0.9731572219834402,8276,1,0,0,0,0,0.0,0,0,0.0,0,0.0,0,0.8784226926164633,0.7853881278538812,0.9964601769911504,clean,0.7429524603830333,0.6104714912272334,0.948870899018004,7296,1,0,0,0,0,0.0,0,0,0.0,0,0.0,0,0.8856198693123196,0.796969696969697,0.9964601769911504,clean,0.762454116412548,0.6464137522219229,0.9292714103090556,6748,1,0,0,0,0,0.0,0,0,0.0,0,0.0,0,0.9034764552213812,0.8275862068965517,0.9946902654867256,clean,0.7203248149026985,0.5750603787967776,0.963783553470465,7867,1,0,0,0,0,0.0,0,0,0.0,0,0.0,0,0.8854451426082588,0.7966867469879518,0.9964601769911504,clean,0.6624884267497596,0.4975928105269095,0.9908393694056438,9347,1,0,0,0.0,0,0,0.0,0,0.0,0,0.8861585264296695,0.796711509715994,0.9982300884955752,False,False,False,clean,0.7606867554303077,0.6459387087166827,0.9250106518940668,6722,2,0,0,0.0,0,0,0.0,1,0.5,11,0.9007826835936038,0.823076923076923,0.9946902654867256,False,False,True,island,0.6990172926024993,0.5440531246287867,0.9774179803984291,8433,1,0,0,0.0,0,0,0.0,0,0.0,0,0.8907044641880769,0.8064024390243902,0.9946902654867257,False,False,False,clean
20160222_165926_1921_721,moderate_general_error,0.3830092118730808,4885,True,False,False,4,0.7147227233502904,0.5793489318405655,0.9326509723624716,7864,1,-3,3,1,4,1.0,0,0,0.0,0,0.0,0,0.9142003343269154,0.8810641627543035,0.9499263622974964,merge,0.7586089618223292,0.6487783595104003,0.9132036847473628,6876,1,-3,3,1,4,1.0,0,0,0.0,0,0.0,0,0.936338145186416,0.9245283018867924,0.9484536082474226,merge,0.7608103506973435,0.6511729564320979,0.9148413510728458,6863,2,-2,2,1,4,1.0,0,0,0.0,1,0.5,1,0.9313510611575458,0.9190031152647976,0.9440353460972016,mixed,0.7444721529503371,0.6267319804050011,0.916683725689014,7145,1,-3,3,1,4,1.0,0,0,0.0,0,0.0,0,0.928804290671995,0.909952606635071,0.9484536082474226,merge,0.686789667896172,0.5369878822844351,0.9525076765589509,8665,1,1,4,1.0,0,0,0.0,0,0.0,0,0.9310934004370176,0.9089481946624804,0.9543446244477172,True,False,False,merge,0.7604523646326589,0.6538971563273112,0.9084953940615998,6787,1,1,4,1.0,0,0,0.0,0,0.0,0,0.9226802978108678,0.9009287925696594,0.9455081001472754,True,False,False,merge,0.7225173024298064,0.5952791406967308,0.9189355168865528,7541,1,1,4,1.0,0,0,0.0,0,0.0,0,0.9231887019503666,0.9018987341772152,0.9455081001472754,True,False,False,merge
20160222_165926_1_1081,over_segmentation,0.4370314842578711,1334,True,False,False,4,0.5761709868108773,0.4135117493459089,0.9497751124366584,3064,3,-1,1,0,0,0.0,0,0,0.0,0,0.0,0,0.7379493060223813,0.6417910447761194,0.868,clean,0.6397019691308151,0.4958745874567002,0.9010494752556144,2424,4,0,0,0,0,0.0,0,0,0.0,1,0.25,3,0.7869087097196883,0.7370517928286853,0.844,island,0.6531073446309235,0.5240253853104079,0.8665667166351833,2206,3,-1,1,0,0,0.0,0,0,0.0,0,0.0,0,0.7763476881033191,0.7339055793991416,0.824,clean,0.6289951419058323,0.4772991850971001,0.9220389805028334,2577,3,-1,1,0,0,0.0,0,0,0.0,0,0.0,0,0.7827789050810633,0.7298387096774194,0.844,clean,0.5539473684198378,0.3915065096082099,0.9467766116870556,3226,3,0,0,0.0,0,0,0.0,0,0.0,0,0.760669007797155,0.6870229007633588,0.852,False,False,False,clean,0.6689132266198571,0.5348001796114289,0.892803598194207,2227,4,0,0,0.0,0,0,0.0,1,0.25,1,0.7899228135081865,0.74235807860262,0.844,False,False,True,island,0.6007659167051203,0.44127988748086755,0.9407796101878503,2844,3,0,0,0.0,0,0,0.0,0,0.0,0,0.7874913614374569,0.7350427350427351,0.848,False,False,False,clean
20160222_165926_1_721,over_segmentation,0.4256317689530686,2770,True,False,False,5,0.6073697585761726,0.4465772040080744,0.9490974729207614,5887,4,-1,1,1,2,0.4,0,0,0.0,0,0.0,0,0.827128263337117,0.7559912854030502,0.9130434782608696,merge,0.6771694892993604,0.5320817000195336,0.9310469314045812,4847,5,0,0,1,2,0.4,0,0,0.0,1,0.2,87,0.8197499725847132,0.7541666666666667,0.8978260869565218,mixed,0.6734300757664397,0.5226230815217807,0.9465703971084962,5017,4,-1,1,1,2,0.4,0,0,0.0,0,0.0,0,0.8380148251036964,0.772823779193206,0.915217391304348,merge,0.6338744850973662,0.477024070021012,0.9444043321265544,5484,4,-1,1,1,2,0.4,0,0,0.0,0,0.0,0,0.8147098496358035,0.7397849462365591,0.9065217391304348,merge,0.5871783496000585,0.4237912263842078,0.9555956678665865,6246,4,1,2,0.4,0,0,0.0,0,0.0,0,0.8053025897550261,0.7176220806794055,0.917391304347826,True,False,False,merge,0.6890004068890696,0.5518140343242411,0.9169675090219604,4603,5,1,2,0.4,0,0,0.0,1,0.2,1,0.8167269348320141,0.7521186440677966,0.8934782608695652,True,False,True,mixed,0.5987507098232836,0.4367854183919854,0.9516245487330267,6035,5,1,2,0.4,0,0,0.0,1,0.2,23,0.8228856311947296,0.7431818181818182,0.9217391304347826,True,False,True,mixed
20160222_165926_641_1,moderate_general_error,0.3096763857737905,3121,True,False,False,1,0.6986666666658565,0.5474200581385403,0.9653957065012324,5504,3,2,2,0,0,0.0,0,0,0.0,2,0.6666666666666666,392,0.8920758879969807,0.8087167070217918,0.9945945945945946,island,0.700796626053537,0.552354570636099,0.958346683752136,5415,5,4,4,0,0,0.0,0,0,0.0,4,0.8,624,0.8771929824561403,0.78125,1.0,island,0.734514386228503,0.6041752790396772,0.9365587952549294,4838,4,3,3,0,0,0.0,0,0,0.0,3,0.75,349,0.8870278056152585,0.7987152034261242,0.9972972972972972,island,0.738124238732353,0.5954018471200719,0.970842678625534,5089,1,0,0,0,0,0.0,0,0,0.0,0,0.0,0,0.98,0.9607843137254902,1.0,clean,0.7240143369166977,0.5772528100579591,0.970842678625534,5249,1,0,0,0.0,0,0,0.0,0,0.0,0,0.9730742539902846,0.95,0.9972972972972972,False,False,False,clean,0.7130688732042917,0.5748479497732493,0.9388016661296418,5097,9,0,0,0.0,0,0,0.0,8,0.8888888888888888,555,0.8418631610102605,0.7283464566929134,0.9972972972972972,False,False,True,island,0.724042731964081,0.5788867562368928,0.9663569368761091,5210,1,0,0,0.0,0,0,0.0,0,0.0,0,0.9815986398491806,0.9663865546218487,0.9972972972972973,False,False,False,clean
20160222_165926_641_361,over_segmentation,0.3600258314497901,3097,True,False,False,2,0.6513507764298538,0.4856463124496659,0.9886987407136304,6305,2,0,0,1,2,1.0,0,0,0.0,1,0.5,137,0.9146067415730336,0.8426501035196687,1.0,mixed,0.6614259198595245,0.4996700758817227,0.9780432676752404,6062,3,1,1,1,2,1.0,0,0,0.0,2,0.6666666666666666,510,0.8731781852374236,0.780439121756487,0.9909297052154196,mixed,0.6626781246593465,0.499671916009679,0.9835324507556232,6096,3,1,1,1,2,1.0,0,0,0.0,2,0.6666666666666666,548,0.8563087901394745,0.75,0.9977324263038548,mixed,0.6630024787146642,0.4975736007756429,0.9932192444268866,6182,1,-1,1,1,2,1.0,0,0,0.0,0,0.0,0,0.9298043728423476,0.8688172043010752,1.0,merge,0.6374287195431442,0.469456322540517,0.9925734581821356,6548,3,1,2,1.0,0,0,0.0,2,0.6666666666666666,137,0.9107551487414188,0.8361344537815126,1.0,True,False,True,mixed,0.6802267422466597,0.5186440677957311,0.9880529544688794,5900,3,1,2,1.0,0,0,0.0,2,0.6666666666666666,96,0.8605496360019017,0.7578397212543554,0.9954648526077098,True,False,True,mixed,0.5946940356307178,0.424699211726698,0.9916047788150094,7231,2,1,2,1.0,0,0,0.0,1,0.5,833,0.8526434195725534,0.7431372549019608,1.0,True,False,True,mixed
20160222_165926_641_721,moderate_general_error,0.3664838081755441,5651,True,False,False,2,0.7325715058484464,0.5927992996272786,0.95859139975056,9138,2,0,0,0,0,0.0,0,0,0.0,0,0.0,0,0.9183182219369332,0.859395532194481,0.9859154929577464,clean,0.7706556895025208,0.659122343768818,0.9276234294798662,7953,2,0,0,0,0,0.0,0,0,0.0,0,0.0,0,0.922599463764842,0.8669250645994832,0.9859154929577464,clean,0.7756728311526269,0.6742909423595944,0.9129357635800516,7651,3,1,1,0,0,0.0,1,1,0.5,0,0.0,0,0.9101444511818476,0.8681022880215343,0.9564660691421256,fragment,0.7455320318939059,0.6095313026856136,0.9596531587312694,8897,2,0,0,0,0,0.0,0,0,0.0,0,0.0,0,0.919796507460206,0.8562005277044855,0.9935979513444302,clean,0.7081561654421413,0.5567824941742915,0.9725712263299016,9871,2,0,0,0.0,0,0,0.0,0,0.0,0,0.924846123061712,0.8659658344283837,0.9923175416133164,False,False,False,clean,0.781525687596722,0.672492982902944,0.9327552645532956,7838,4,0,0,0.0,0,0,0.0,2,0.5,24,0.9185767471469496,0.8608247422680413,0.9846350832266324,False,False,True,island,0.7233366434950523,0.5778506452289212,0.9667315519359995,9454,3,0,0,0.0,0,0,0.0,1,0.3333333333333333,1,0.9273238518124296,0.8732970027247956,0.9884763124199744,False,False,True,island
20160302_155857_1281_1,boundary_margin_error,0.1725422496819916,5503,False,False,True,2,0.6762485948284276,0.6058121133641119,0.7652189714687166,6951,3,1,1,0,0,0.0,1,1,0.5,0,0.0,0,0.8517310055510826,0.872093023255814,0.8322981366459627,fragment,0.6081353827040769,0.53083073587135,0.7117935671439001,7379,4,2,2,1,2,1.0,1,2,0.5,1,0.25,9,0.7279170471084915,0.6545064377682404,0.8198757763975155,mixed,0.6151950718680779,0.5613009592317726,0.6805378884232591,6672,4,2,2,1,2,1.0,1,1,0.5,2,0.5,7,0.7274906237875587,0.694331983805668,0.7639751552795031,mixed,0.6230636833040514,0.6575176589290463,0.592040705068886,4955,4,2,2,0,0,0.0,1,2,0.5,0,0.0,0,0.7371611039925153,0.7961165048543689,0.6863354037267081,fragment,0.6548701037556061,0.5874458874450398,0.7397783027426136,6930,4,0,0,0.0,1,2,0.5,0,0.0,0,0.8009829143641628,0.7886904761904762,0.8136645962732919,False,True,False,fragment,0.657282079046595,0.5721788311330835,0.7721242958372304,7426,3,1,2,1.0,0,0,0.0,2,0.6666666666666666,2,0.7701590302866597,0.685374149659864,0.8788819875776398,True,False,True,mixed,0.6176750509853041,0.49342891278321555,0.825549700162047,9207,2,1,2,1.0,0,0,0.0,1,0.5,312,0.8247324451704013,0.7562642369020501,0.906832298136646,True,False,True,mixed
20160302_155857_1281_361,boundary_margin_error,0.1784902802322645,7922,False,False,True,1,0.7412061595505273,0.6260113092643531,0.9083564756363188,11495,2,1,1,0,0,0.0,0,0,0.0,1,0.5,312,0.889350055887961,0.8061041292639138,0.9917695473251028,island,0.7975969280312166,0.7829523346293981,0.8127997980297743,8224,4,3,3,0,0,0.0,1,1,1.0,2,0.5,111,0.9435284317808756,0.9325842696629212,0.9547325102880658,mixed,0.7073310126249767,0.6010596026484758,0.8592527139600363,11325,11,10,10,0,0,0.0,1,1,1.0,9,0.8181818181818182,164,0.7314549259747307,0.5912408759124088,0.9588477366255144,mixed,0.7846632883565634,0.7598439162814711,0.8111587982822379,8457,3,2,2,0,0,0.0,1,1,1.0,1,0.3333333333333333,245,0.9313454813178722,0.9166666666666666,0.9465020576131687,mixed,0.7744519862018613,0.6923995224823991,0.878566018681042,10052,2,0,0,0.0,1,1,1.0,0,0.0,0,0.9252044860443546,0.890295358649789,0.9629629629629628,False,True,False,fragment,0.7890830192983961,0.7203919933270221,0.8722544811905172,9592,2,0,0,0.0,0,0,0.0,1,0.5,488,0.922307839384596,0.8731218697829716,0.977366255144033,False,False,True,island,0.6948098886797287,0.5619300023380139,0.9099974753838551,12829,2,0,0,0.0,1,1,1.0,0,0.0,0,0.8246476463084534,0.7245762711864406,0.9567901234567902,False,True,False,fragment
20160302_155857_1281_721,false_crack_high_fp,0.1766639276910435,1217,False,False,False,1,0.347714285713789,0.210444406017274,0.9999999999917832,5783,1,0,0,0,0,0.0,0,0,0.0,0,0.0,0,0.368,0.2254901960784313,1.0,clean,0.4323264025099405,0.2839474362270447,0.9055053409950248,3881,4,3,3,0,0,0.0,0,0,0.0,3,0.75,1404,0.4091039632395175,0.2624113475177305,0.927710843373494,island,0.5152164594931092,0.34850681356814,0.987674609687858,3449,3,2,2,0,0,0.0,0,0,0.0,2,0.6666666666666666,643,0.6185567010309279,0.4477611940298507,1.0,island,0.5194264569830725,0.3614419053737964,0.9227608874205198,3107,5,4,4,0,0,0.0,0,0,0.0,4,0.8,626,0.4921135646687697,0.3333333333333333,0.9397590361445785,island,0.3612060002965079,0.2204496011598614,0.9991783073048548,5516,1,0,0,0.0,0,0,0.0,0,0.0,0,0.4074074074074074,0.2558139534883721,1.0,False,False,False,clean,0.6307053941891267,0.4753961634675755,0.9367296630983014,2398,1,0,0,0.0,0,0,0.0,0,0.0,0,0.7487030504253994,0.6027397260273972,0.9879518072289156,False,False,False,clean,0.36850870552555864,0.2258723088340277,0.9999999999917831,5388,1,0,0,0.0,0,0,0.0,0,0.0,0,0.4204851752021564,0.26621160409556316,1.0,False,False,False,clean
20160302_155857_1_721,high_quality,0.0866095022380413,18543,False,False,False,1,0.8793461338866427,0.8473771065655611,0.9138219274114684,19997,1,0,0,0,0,0.0,0,0,0.0,0,0.0,0,0.9724751666893456,0.9833564493758667,0.9618320610687024,clean,0.8703143061592805,0.8887077735928903,0.8526667745236193,17791,1,0,0,0,0,0.0,0,0,0.0,0,0.0,0,0.9390439158279964,0.971830985915493,0.9083969465648856,clean,0.8661609982870169,0.8733552631574159,0.859084290567406,18240,1,0,0,0,0,0.0,0,0,0.0,0,0.0,0,0.9296755492691746,0.9421182266009852,0.917557251908397,clean,0.8761250657728334,0.9004895821468174,0.8530442754673715,17566,1,0,0,0,0,0.0,0,0,0.0,0,0.0,0,0.953550984355625,0.9907038512616202,0.9190839694656489,clean,0.8824619560959301,0.8551193848639947,0.911610850455206,19768,1,0,0,0.0,0,0,0.0,0,0.0,0,0.975762314308053,1.0,0.9526717557251908,False,False,False,clean,0.8706324077444394,0.9061005482322956,0.8378363803047846,17146,1,0,0,0.0,0,0,0.0,0,0.0,0,0.9425981594526308,0.9794754846066136,0.9083969465648856,False,False,False,clean,0.885355431826781,0.8516341171777343,0.9218573046427644,20072,1,0,0,0.0,0,0,0.0,0,0.0,0,0.9852142685135744,0.9918918918918919,0.9786259541984733,False,False,False,clean
20160302_155857_641_721,moderate_general_error,0.1462842242503259,11505,False,False,False,3,0.7035745143842351,0.5567767423011767,0.9554976097340672,19744,1,-2,2,1,3,1.0,0,0,0.0,0,0.0,0,0.8119418600306393,0.6973684210526315,0.971563981042654,merge,0.7389291394236653,0.6226325193563891,0.9086484137323696,16790,1,-2,2,1,3,1.0,0,0,0.0,0,0.0,0,0.8477260139014319,0.7528373266078184,0.9699842022116903,merge,0.7139750938918383,0.5748846092627858,0.9418513689691944,18849,2,-1,1,1,3,1.0,0,0,0.0,1,0.5,434,0.8454096970631312,0.7482517482517482,0.971563981042654,mixed,0.7519233560746291,0.645442651547788,0.9004780530196431,16051,2,-1,1,1,3,1.0,0,0,0.0,1,0.5,542,0.8702129164773156,0.7890520694259012,0.9699842022116903,mixed,0.6959243643794889,0.5501186688882744,0.9468926553664084,19803,1,1,3,1.0,0,0,0.0,0,0.0,0,0.8172998824048395,0.7036553524804178,0.9747235387045814,True,False,False,merge,0.7389464776811442,0.6216408613628631,0.910821382007031,16857,2,1,3,1.0,0,0,0.0,1,0.5,404,0.8622740779107488,0.7771084337349398,0.9684044233807269,True,False,True,mixed,0.7118246653855108,0.5691594625556873,0.9499348109509343,19202,2,1,3,1.0,0,0,0.0,1,0.5,622,0.8424977078510534,0.7427785419532325,0.9731437598736177,True,False,True,mixed
20160307_144202_1281_361,over_segmentation,0.2622820919175911,6310,True,False,False,10,0.5991654782651459,0.4493385090703878,0.8988906497608575,12623,2,-8,8,1,5,0.5,0,0,0.0,0,0.0,0,0.744680071786983,0.6741379310344827,0.8317107093184979,merge,0.6288336691288176,0.4860702543688474,0.8903328050699044,11558,2,-8,8,1,5,0.5,0,0,0.0,0,0.0,0,0.7153727484350607,0.6324237560192616,0.8233657858136301,merge,0.6171926726988428,0.4734213644824162,0.8863708399352038,11814,4,-6,6,1,5,0.5,0,0,0.0,2,0.5,106,0.7088714633795512,0.6280120481927711,0.8136300417246175,mixed,0.6056012471103555,0.4582282599849847,0.8927099841507247,12293,2,-8,8,1,5,0.5,0,0,0.0,0,0.0,0,0.7303434335485838,0.6544502617801047,0.8261474269819193,merge,0.5936164600366164,0.4449189402922539,0.8916006339130086,12645,2,1,5,0.5,0,0,0.0,0,0.0,0,0.7147197748819136,0.6322241681260946,0.8219749652294854,True,False,False,merge,0.6293108298168049,0.4878325337980917,0.8863708399352038,11465,2,1,5,0.5,0,0,0.0,0,0.0,0,0.7150949328302932,0.6369958275382476,0.8150208623087621,True,False,False,merge,0.6143011917656477,0.46666666666628254,0.8985736925500815,12150,2,1,5,0.5,0,0,0.0,0,0.0,0,0.7695635051293475,0.718132854578097,0.8289290681502086,True,False,False,merge
20160307_144202_1281_721,thin_low_area_failure,0.2334815756035578,3148,True,True,False,5,0.5274374895112205,0.3583808437852241,0.998411689958709,8770,1,-4,4,1,5,1.0,0,0,0.0,0,0.0,0,0.6128048780487805,0.4417582417582417,1.0,merge,0.5496075491661084,0.3804175314364785,0.9898348157528912,8191,3,-2,2,1,4,0.8,0,0,0.0,1,0.3333333333333333,216,0.6074262832180561,0.4373673036093418,0.9938650306748468,mixed,0.6127852978948594,0.4447153305600965,0.985069885638548,6973,4,-1,1,1,4,0.8,0,0,0.0,2,0.5,6,0.7051745105748746,0.5502283105022832,0.98159509202454,mixed,0.6001956947156554,0.4336821266962193,0.9742693773793702,7072,2,-3,3,1,4,0.8,0,0,0.0,0,0.0,0,0.6989048271888786,0.5535248041775457,0.9478527607361964,merge,0.5082006948367874,0.3407736482822182,0.9990470139739548,9229,1,1,5,1.0,0,0,0.0,0,0.0,0,0.6216913563770631,0.4516806722689075,0.9969325153374232,True,False,False,merge,0.5847998452904807,0.4203502919093406,0.9606099110515864,7194,1,1,4,0.8,0,0,0.0,0,0.0,0,0.6503719447396388,0.4975609756097561,0.9386503067484664,True,False,False,merge,0.5720930232552818,0.40449881610049393,0.9768106734403532,7602,1,1,4,0.8,0,0,0.0,0,0.0,0,0.685462495945961,0.5378378378378378,0.9447852760736196,True,False,False,merge
20160307_144202_1921_361,over_segmentation,0.2105374345107317,11834,True,False,False,5,0.6319417421755985,0.4708416169646823,0.9606219367914816,24144,1,-4,4,1,3,0.6,0,0,0.0,0,0.0,0,0.7812660573917136,0.671251719394773,0.9344106463878328,merge,0.5952907506177715,0.4300590203374196,0.9667061010639116,26601,1,-4,4,1,3,0.6,0,0,0.0,0,0.0,0,0.7222625090645396,0.5838218053927315,0.946768060836502,merge,0.6410452625908679,0.4822806942724711,0.9556363021793512,23449,1,-4,4,1,3,0.6,0,0,0.0,0,0.0,0,0.708135846468506,0.5711519845111326,0.9315589353612168,merge,0.5823833676491281,0.4142969419832758,0.979972959269072,27992,1,-4,4,1,3,0.6,0,0,0.0,0,0.0,0,0.6842382157780355,0.5297941495124594,0.9657794676806084,merge,0.5738447598911272,0.4086314431140552,0.9633260098014506,27898,1,1,3,0.6,0,0,0.0,0,0.0,0,0.7181675296368895,0.5802781289506953,0.9420152091254752,True,False,False,merge,0.6277396229510965,0.4641686561726766,0.9693256717923192,24713,4,1,3,0.6,0,0,0.0,3,0.75,3,0.7159752513826729,0.5752988047808765,0.9477186311787072,True,False,True,mixed,0.591864634114733,0.42595136439560943,0.9694946763554423,26935,2,1,3,0.6,0,0,0.0,1,0.5,50,0.7395249003445103,0.6051660516605166,0.9505703422053232,True,False,True,mixed
20160307_144202_1_361,complex_topology,0.1351595813412585,15478,False,False,False,7,0.7902507871021631,0.6813629130390895,0.9405607959678636,21366,1,-6,6,1,6,0.8571428571428571,0,0,0.0,0,0.0,0,0.8422821525852126,0.787833827893175,0.90481522956327,merge,0.8040759352314897,0.707944154950001,0.9304173665842288,20342,1,-6,6,1,6,0.8571428571428571,0,0,0.0,0,0.0,0,0.8434215118370073,0.7889784946236559,0.9059350503919372,merge,0.810772299800282,0.7253212318984675,0.919046388421683,19612,3,-4,4,1,4,0.5714285714285714,0,0,0.0,1,0.3333333333333333,1,0.8549519323480353,0.8213866039952996,0.8913773796192609,mixed,0.7979105632632807,0.6972082689332026,0.9326140328201752,20704,1,-6,6,1,6,0.8571428571428571,0,0,0.0,0,0.0,0,0.8421581446168158,0.7893217893217893,0.9025755879059352,merge,0.7869188082536537,0.6748290519309393,0.943661971830376,21644,1,1,6,0.8571428571428571,0,0,0.0,0,0.0,0,0.8480079866663283,0.8014285714285714,0.9003359462486002,True,False,False,merge,0.8091645555522371,0.710903487746069,0.9389456002061384,20443,3,1,5,0.7142857142857143,0,0,0.0,1,0.3333333333333333,1,0.8405378313919326,0.7856315179606026,0.9036954087346024,True,False,True,mixed,0.8023579318511412,0.6993517406959426,0.9409484429506777,20825,2,1,5,0.7142857142857143,0,0,0.0,0,0.0,0,0.8480473377557755,0.8006134969325154,0.9014557670772676,True,False,False,merge
20160307_144202_641_361,complex_topology,0.1944141689373297,11010,False,False,False,10,0.7003672213581564,0.5508143830980118,0.961398728427828,19217,2,-8,8,1,10,1.0,0,0,0.0,1,0.5,495,0.8573338935114974,0.7689243027888446,0.9687150837988828,mixed,0.7037737727768251,0.5545269104029737,0.9629427792906784,19119,2,-8,8,1,10,1.0,0,0,0.0,1,0.5,506,0.839364732160295,0.7347188264058679,0.9787709497206704,mixed,0.7151649682168919,0.5678577151094547,0.965667574931003,18723,3,-7,7,1,10,1.0,0,0,0.0,2,0.6666666666666666,310,0.8232369755226316,0.7109458023379384,0.9776536312849162,mixed,0.6933966869526171,0.540295176750753,0.9675749318792302,19717,2,-8,8,1,10,1.0,0,0,0.0,1,0.5,631,0.8393991524981941,0.7347715736040609,0.9787709497206704,mixed,0.6940701685866386,0.5408297829171531,0.9684831970926716,19716,2,1,10,1.0,0,0,0.0,1,0.5,291,0.8481732553869363,0.7509578544061303,0.9743016759776536,True,False,True,mixed,0.7026740448654022,0.553132662110411,0.9630336058120226,19169,3,1,10,1.0,0,0,0.0,2,0.6666666666666666,253,0.8117422101561915,0.6962421711899791,0.9731843575418996,True,False,True,mixed,0.6932069099880851,0.5394723541895585,0.9694822888274572,19786,2,1,10,1.0,0,0,0.0,1,0.5,447,0.8552727309729381,0.7628458498023716,0.9731843575418995,True,False,True,mixed
20160307_145059_1281_361,boundary_margin_error,0.1153520530548892,14174,False,False,True,4,0.8437020205119315,0.7469551979117296,0.9692394525180124,18392,3,-1,1,1,2,0.5,0,0,0.0,1,0.3333333333333333,11,0.8574064743258364,0.7943786982248521,0.931297709923664,mixed,0.8500515770057672,0.763147555704797,0.9592916607866804,17817,2,-2,2,1,3,0.75,0,0,0.0,1,0.5,4,0.8696104561562201,0.8191330343796711,0.9267175572519084,mixed,0.8419490477365688,0.7493670886071825,0.960632143360406,18170,1,-3,3,1,3,0.75,0,0,0.0,0,0.0,0,0.8570543062777645,0.7937743190661478,0.931297709923664,merge,0.8575434660681568,0.7679129464281429,0.9708621419493644,17920,2,-2,2,1,2,0.5,0,0,0.0,0,0.0,0,0.8868515766290043,0.8541666666666666,0.9221374045801528,merge,0.8430759896857749,0.7395029535411954,0.9803866233942568,18791,1,1,3,0.75,0,0,0.0,0,0.0,0,0.8742467955708152,0.8237822349570201,0.931297709923664,True,False,False,merge,0.8605753828407572,0.78820422535165,0.9475800761951828,17040,1,1,3,0.75,0,0,0.0,0,0.0,0,0.8993156236044333,0.8860569715142429,0.9129770992366412,True,False,False,merge,0.8907763085928351,0.818735584599433,0.976717934245113,16909,2,1,2,0.5,0,0,0.0,0,0.0,0,0.9381301913531995,0.9546875,0.9221374045801527,True,False,False,merge
20160307_145059_1281_721,boundary_margin_error,0.2525946893112279,7419,True,False,True,3,0.7456438808120704,0.6037231822350749,0.9747944466896148,11979,2,-1,1,1,2,0.6666666666666666,0,0,0.0,0,0.0,0,0.9039801053661296,0.844062947067239,0.9730538922155688,merge,0.8248360607308886,0.7342238115263627,0.9409623938523508,9508,3,0,0,0,0,0.0,0,0,0.0,1,0.3333333333333333,1,0.9407731708443658,0.9199372056514914,0.9625748502994012,island,0.8340233804183913,0.7605774569675062,0.9231702385753832,9005,2,-1,1,0,0,0.0,0,0,0.0,0,0.0,0,0.9241385828541652,0.9100946372239748,0.938622754491018,clean,0.8100383010342365,0.7032956124670405,0.9549804555857192,10074,2,-1,1,0,0,0.0,0,0,0.0,0,0.0,0,0.9467830970550652,0.9329073482428116,0.9610778443113772,clean,0.7333028594643032,0.5883455582717291,0.9730421889729436,12270,3,0,0,0.0,0,0,0.0,1,0.3333333333333333,186,0.9181309477135832,0.8763693270735524,0.9640718562874252,False,False,True,island,0.8505556265162533,0.8082291540225655,0.8975603181009603,8239,3,0,0,0.0,1,1,0.3333333333333333,0,0.0,0,0.9305608948068198,0.9299847792998478,0.9311377245508982,False,True,False,fragment,0.782061799288607,0.6580158291913694,0.9637417441690743,10866,2,0,0,0.0,0,0,0.0,0,0.0,0,0.9431653744948483,0.9273021001615509,0.9595808383233533,False,False,False,clean
20160307_145059_1921_1081,boundary_margin_error,0.2011801585838097,5423,True,False,True,3,0.7508874504066604,0.603085867620077,0.9946524064152782,8944,2,-1,1,1,2,0.6666666666666666,0,0,0.0,0,0.0,0,0.929570643979,0.87468671679198,0.9918032786885246,merge,0.7700843000210605,0.6319772942282025,0.985432417479282,8456,1,-2,2,1,3,1.0,0,0,0.0,0,0.0,0,0.8560064252113053,0.7560975609756098,0.9863387978142076,merge,0.8472769028864441,0.7630373762730639,0.9524248570884152,6769,4,1,1,1,2,0.6666666666666666,1,1,0.3333333333333333,1,0.25,71,0.9149638599917111,0.8702830188679245,0.96448087431694,mixed,0.7788831602637579,0.6424293243883056,0.9889360132749604,8348,1,-2,2,1,3,1.0,0,0,0.0,0,0.0,0,0.901774200720352,0.8325123152709359,0.9836065573770492,merge,0.6981535471326866,0.5381542149415319,0.9935460077429586,10012,2,1,3,1.0,0,0,0.0,1,0.5,29,0.8666336865276133,0.7728395061728395,0.9863387978142076,True,False,True,mixed,0.8705679862298876,0.8162013877669579,0.9326940807653832,6197,4,1,2,0.6666666666666666,1,2,0.3333333333333333,0,0.0,0,0.926516338708806,0.9240837696335078,0.9289617486338798,True,True,False,mixed,0.7091052424118321,0.5507704867838037,0.9952056057514379,9799,1,1,3,1.0,0,0,0.0,0,0.0,0,0.8607343228463887,0.7651515151515151,0.9836065573770492,True,False,False,merge
20160307_145059_1921_361,high_quality,0.1182398646049696,12999,False,False,False,1,0.862267394065891,0.8383346654066421,0.8876067389792387,13763,1,0,0,0,0,0.0,0,0,0.0,0,0.0,0,0.9341581153810598,0.8967065868263473,0.9748743718592964,clean,0.8602633381532612,0.851193613976315,0.8695284252628128,13279,1,0,0,0,0,0.0,0,0,0.0,0,0.0,0,0.928937193848792,0.9074889867841408,0.95142378559464,clean,0.8569730115321773,0.8837665522307636,0.8317562889446636,12234,4,3,3,0,0,0.0,0,0,0.0,3,0.75,355,0.9225476445214,0.9013888888888888,0.9447236180904522,island,0.8765786238494666,0.8498266396988949,0.9050696207393606,13844,1,0,0,0,0,0.0,0,0,0.0,0,0.0,0,0.9389011446854651,0.904047976011994,0.9765494137353434,clean,0.8608152772674033,0.823554212633811,0.9016078159851514,14231,1,0,0,0.0,0,0,0.0,0,0.0,0,0.928527551516247,0.8850072780203785,0.9765494137353434,False,False,False,clean,0.8584171261754547,0.9075010715808765,0.8143703361790796,11665,2,0,0,0.0,0,0,0.0,1,0.5,260,0.9344551553903424,0.9359165424739196,0.932998324958124,False,False,True,island,0.872584875687734,0.8393745557918696,0.9085314254935698,14070,1,0,0,0.0,0,0,0.0,0,0.0,0,0.9375459664760317,0.9015384615384615,0.9765494137353434,False,False,False,clean
20160307_145059_1921_721,boundary_margin_error,0.1807985182136242,4859,False,False,True,3,0.7958788305734449,0.6955517931342227,0.9300267544743156,6497,2,-1,1,1,2,0.6666666666666666,0,0,0.0,0,0.0,0,0.8915416135544261,0.8646864686468647,0.9201183431952664,merge,0.8216939078744225,0.7486884413593693,0.9104754064603612,5909,3,0,0,1,2,0.6666666666666666,0,0,0.0,1,0.3333333333333333,20,0.9091495079819722,0.9041533546325878,0.9142011834319528,mixed,0.8389705157274046,0.8053767512290697,0.8754887836985481,5282,3,0,0,1,2,0.6666666666666666,0,0,0.0,1,0.3333333333333333,1,0.8955972739055902,0.8860759493670886,0.9053254437869822,mixed,0.8256812933017776,0.7490781092846982,0.9197365713090764,5966,2,-1,1,1,2,0.6666666666666666,0,0,0.0,0,0.0,0,0.9039038409095675,0.8910256410256411,0.9171597633136096,merge,0.7659251769457651,0.6484519902972629,0.93537764972024,7009,3,1,2,0.6666666666666666,0,0,0.0,1,0.3333333333333333,22,0.8833238657677839,0.8493589743589743,0.9201183431952664,True,False,True,mixed,0.8530805687195001,0.8541365793256569,0.8520271660818028,4847,3,1,2,0.6666666666666666,0,0,0.0,1,0.3333333333333333,1,0.9160872289377568,0.917981072555205,0.9142011834319528,True,False,True,mixed,0.7871170463465242,0.6833889057279731,0.9279687178412679,6598,3,1,2,0.6666666666666666,0,0,0.0,1,0.3333333333333333,6,0.9132613682070682,0.9093959731543624,0.9171597633136095,True,False,True,mixed
20160307_145059_1_361,high_quality,0.1368642143505903,8808,False,False,False,1,0.904940159223438,0.8447681858442319,0.974341507719148,10159,1,0,0,0,0,0.0,0,0,0.0,0,0.0,0,0.9581944936783646,0.923809523809524,0.9952380952380953,clean,0.9009706677977504,0.8454952712784016,0.9642370572196136,10045,1,0,0,0,0,0.0,0,0,0.0,0,0.0,0,0.9464239486343554,0.9002267573696145,0.9976190476190476,clean,0.9045744680846252,0.8509807846268505,0.9653723887364152,9992,2,1,1,0,0,0.0,0,0,0.0,1,0.5,1,0.95714471047814,0.9280742459396752,0.988095238095238,island,0.9067138187853472,0.8585489599179517,0.9606039963658484,9855,1,0,0,0,0,0.0,0,0,0.0,0,0.0,0,0.956543905081368,0.9207459207459208,0.9952380952380953,clean,0.8745800110321074,0.7832569837413246,0.9900090826510104,11133,1,0,0,0.0,0,0,0.0,0,0.0,0,0.9580838323353292,0.9195402298850576,1.0,False,False,False,clean,0.9112157117346148,0.8703875968983251,0.956062670298642,9675,1,0,0,0.0,0,0,0.0,0,0.0,0,0.9424699265739728,0.9048672566371682,0.9833333333333332,False,False,False,clean,0.8824815662339779,0.7992078843135311,0.9851271571287634,10857,1,0,0,0.0,0,0,0.0,0,0.0,0,0.9556854348706671,0.9232558139534883,0.9904761904761905,False,False,False,clean
20160307_145059_1_721,boundary_margin_error,0.1311501855137925,6199,False,False,True,1,0.8108404051459001,0.7041483418510588,0.9556380061284794,8413,1,0,0,0,0,0.0,0,0,0.0,0,0.0,0,0.8970380818053597,0.8132992327365729,1.0,clean,0.8209550962217954,0.7354105478218166,0.9290208098065348,7831,1,0,0,0,0,0.0,0,0,0.0,0,0.0,0,0.8956884561891515,0.8110831234256927,1.0,clean,0.8320338118481148,0.7587719298235529,0.920954992739279,7524,1,0,0,0,0,0.0,0,0,0.0,0,0.0,0,0.8773841961852862,0.7815533980582524,1.0,clean,0.817061881363799,0.7313870474238509,0.9254718502969425,7844,1,0,0,0,0,0.0,0,0,0.0,0,0.0,0,0.896969696969697,0.8131868131868132,1.0,clean,0.7964223735143529,0.6792667653413648,0.9624132924649744,8783,1,0,0,0.0,0,0,0.0,0,0.0,0,0.8917748917748918,0.8046875,1.0,False,False,False,clean,0.8403718070695745,0.7691586280804272,0.9261171156623228,7464,1,0,0,0.0,0,0,0.0,0,0.0,0,0.9044222539229672,0.8255208333333334,1.0,False,False,False,clean,0.8049599232713537,0.6995713265054779,0.9477335054025686,8398,1,0,0,0.0,0,0,0.0,0,0.0,0,0.891812865497076,0.8047493403693932,1.0,False,False,False,clean
20160307_145059_641_361,moderate_general_error,0.1986043002640513,5302,False,False,False,2,0.7030294703574205,0.5528903295509963,0.9651075065994624,9255,2,0,0,0,0,0.0,0,0,0.0,0,0.0,0,0.7963585082583302,0.7112860892388452,0.9045454545454544,clean,0.7532622474082817,0.6228881489695118,0.9526593738194028,8109,2,0,0,0,0,0.0,0,0,0.0,0,0.0,0,0.7684596729974498,0.6692111959287532,0.9022727272727272,clean,0.7695579523007978,0.644201424210778,0.95548849490578,7864,2,0,0,0,0,0.0,0,0,0.0,0,0.0,0,0.7832019405700424,0.6932367149758454,0.9,clean,0.7642653886470239,0.6337555886728344,0.9624669935855102,8052,2,0,0,0,0,0.0,0,0,0.0,0,0.0,0,0.8234785071433067,0.7557471264367817,0.9045454545454544,clean,0.7089470812870233,0.5552232428962238,0.980384760465899,9362,2,0,0,0.0,0,0,0.0,0,0.0,0,0.8152540504794444,0.736,0.9136363636363636,False,False,False,clean,0.7911392405057032,0.6813845734523285,0.9430403621257204,7338,2,0,0,0.0,0,0,0.0,0,0.0,0,0.785917815025464,0.7044854881266491,0.8886363636363637,False,False,False,clean,0.7119651620925471,0.5619203491537785,0.971331572989492,9165,2,0,0,0.0,0,0,0.0,0,0.0,0,0.8121512709237445,0.7338935574229691,0.9090909090909091,False,False,False,clean
20160307_145059_641_721,high_quality,0.1347995743171337,11276,False,False,False,2,0.8681931427212132,0.7834558561124948,0.9734835047880688,14011,1,-1,1,1,2,1.0,0,0,0.0,0,0.0,0,0.9822006472491908,0.9650238473767886,1.0,merge,0.8581995593323661,0.7712871287123257,0.9671869457245768,14140,1,-1,1,1,2,1.0,0,0,0.0,0,0.0,0,0.9476117103235748,0.9004392386530015,1.0,merge,0.8811200261990826,0.8182785888071636,0.9544164597366492,13152,1,-1,1,1,2,1.0,0,0,0.0,0,0.0,0,0.979876160990712,0.960546282245827,1.0,merge,0.8172331544421522,0.7048084340442885,0.9723306136919364,15556,1,-1,1,1,2,1.0,0,0,0.0,0,0.0,0,0.9659540775930324,0.9341500765696784,1.0,merge,0.8209871975132017,0.7043809523805051,0.98385952465326,15750,1,1,2,1.0,0,0,0.0,0,0.0,0,0.9812855980471928,0.963258785942492,1.0,True,False,False,merge,0.8817462618560735,0.8272324551171001,0.943951755940986,12867,1,1,2,1.0,0,0,0.0,0,0.0,0,0.9757903430382308,0.95565749235474,0.9967897271268058,True,False,False,merge,0.8516504854365624,0.7575652894840696,0.9724192976224082,14474,1,1,2,1.0,0,0,0.0,0,0.0,0,0.9828808745356794,0.9693548387096774,0.9967897271268058,True,False,False,merge
20160307_162438_1281_361,high_quality,0.0478607686729514,4137,False,False,False,1,0.8877591973232271,0.9940083882534632,0.8020304568508532,3338,1,0,0,0,0,0.0,0,0,0.0,0,0.0,0,0.9084249084249084,1.0,0.8322147651006712,clean,0.8029513888877272,0.9999999999963964,0.6707759245814098,2775,1,0,0,0,0,0.0,0,0,0.0,0,0.0,0,0.7478991596638656,1.0,0.5973154362416108,clean,0.7848435893658616,0.9999999999962575,0.6458786560293791,2672,1,0,0,0,0,0.0,0,0,0.0,0,0.0,0,0.7264957264957265,1.0,0.5704697986577181,clean,0.7749481788558262,0.9999999999961788,0.6325839980647024,2617,1,0,0,0,0,0.0,0,0,0.0,0,0.0,0,0.7264957264957265,1.0,0.5704697986577181,clean,0.8492350486775393,0.9999999999967246,0.7379743775665024,3053,1,0,0,0.0,0,0,0.0,0,0.0,0,0.8880597014925372,1.0,0.7986577181208053,False,False,False,clean,0.7507171976434385,0.9999999999959776,0.6009185400033819,2486,1,0,0,0.0,0,0,0.0,0,0.0,0,0.6986899563318777,1.0,0.5369127516778524,False,False,False,clean,0.8535472272149723,0.9974143503523032,0.7459511723453083,3094,1,0,0,0.0,0,0,0.0,0,0.0,0,0.7685950413223139,1.0,0.6241610738255033,False,False,False,clean
20160307_162438_1281_721,high_quality,0.0487329125566938,31529,False,False,False,1,0.8722036959842865,0.9639881752213444,0.7963779377713228,26047,1,0,0,0,0,0.0,0,0,0.0,0,0.0,0,0.9954885578377788,0.9955156950672646,0.9954614220877458,clean,0.903515559293372,0.9618924823606024,0.8518189603219728,27921,1,0,0,0,0,0.0,0,0,0.0,0,0.0,0,0.9922797953404912,0.9906166219839142,0.9939485627836612,clean,0.871547826086805,0.9648069000034788,0.7947286625009373,25971,4,3,3,0,0,0.0,1,2,1.0,1,0.25,1,0.9848256312278836,0.9788029925187032,0.9909228441754916,mixed,0.864517488411142,0.9683357589580426,0.7808049731990292,25423,1,0,0,0,0,0.0,0,0,0.0,0,0.0,0,0.991022154274684,0.9881129271916792,0.9939485627836612,clean,0.8857409449485307,0.952181208053344,0.8279679025656291,27416,1,0,0,0.0,0,0,0.0,0,0.0,0,0.9904874508412074,0.9870503597122302,0.9939485627836612,False,False,False,clean,0.8583525924878962,0.9671225252441094,0.7715753750512951,25154,3,0,0,0.0,0,0,0.0,2,0.6666666666666666,2,0.9940391613983572,0.9971751412429378,0.9909228441754916,False,False,True,island,0.9026398522878882,0.9490695396666612,0.8605410891557421,28588,1,0,0,0.0,0,0,0.0,0,0.0,0,0.992082516471241,0.9902234636871509,0.9939485627836612,False,False,False,clean
20160307_162438_1921_1081,boundary_margin_error,0.1073467834031214,10508,False,False,True,2,0.7870442810198768,0.6681721572790461,0.957365816519835,15056,2,0,0,0,0,0.0,0,0,0.0,0,0.0,0,0.8321095070520101,0.7319391634980988,0.9640449438202248,clean,0.7491542503416292,0.6023845352467864,0.9904834411867238,17278,1,-1,1,1,2,1.0,0,0,0.0,0,0.0,0,0.8077094374916494,0.6859504132231405,0.9820224719101124,merge,0.7471741721134133,0.6020485363437106,0.9844880091349596,17183,3,1,1,1,2,1.0,0,0,0.0,2,0.6666666666666666,2,0.7796308808363855,0.6483704974271012,0.9775280898876404,mixed,0.7205498281784465,0.5638984509463404,0.9977160258840904,18592,1,-1,1,1,2,1.0,0,0,0.0,0,0.0,0,0.8031944229963158,0.6721311475409836,0.997752808988764,merge,0.7023418103735146,0.542387812208238,0.9960982108859952,19298,1,1,2,1.0,0,0,0.0,0,0.0,0,0.7879835038024493,0.6549815498154982,0.9887640449438202,True,False,False,merge,0.6971814503993121,0.5373949796399478,0.9921964217729422,19401,1,1,2,1.0,0,0,0.0,0,0.0,0,0.7002076731654044,0.5440729483282675,0.9820224719101124,True,False,False,merge,0.7071007919851394,0.5486920895049119,0.9940997335354071,19038,1,1,2,1.0,0,0,0.0,0,0.0,0,0.7727754073921761,0.6370370370370371,0.9820224719101124,True,False,False,merge
20160307_162438_1921_721,high_quality,0.0602661681577424,22467,False,False,False,1,0.886468483470782,0.8964952207551677,0.8766635509855002,21970,1,0,0,0,0,0.0,0,0,0.0,0,0.0,0,0.9846543098140416,0.9715302491103204,0.9981378026070764,clean,0.8887410396186444,0.8581671985738557,0.9215738638888497,24127,1,0,0,0,0,0.0,0,0,0.0,0,0.0,0,0.987472036539477,0.9770318021201412,0.9981378026070764,clean,0.8814539446507684,0.9097626829610584,0.8548537855517626,21111,1,0,0,0,0,0.0,0,0,0.0,0,0.0,0,0.9871070447667196,0.9799072642967542,0.994413407821229,clean,0.8871980730700567,0.8975223173615879,0.8771086482392499,21956,1,0,0,0,0,0.0,0,0,0.0,0,0.0,0,0.9906802625189918,0.9833333333333332,0.9981378026070764,clean,0.8923624069722087,0.8804366660886845,0.9046156585209842,23084,1,0,0,0.0,0,0,0.0,0,0.0,0,0.9866355786467758,0.9753954305799648,0.9981378026070764,False,False,False,clean,0.8799982059157947,0.8868197432648315,0.8732808118570021,22124,2,0,0,0.0,0,0,0.0,1,0.5,1,0.9776732541819976,0.9614873837981408,0.994413407821229,False,False,True,island,0.8912049891074941,0.8566618764110627,0.9286509102234706,24355,1,0,0,0.0,0,0,0.0,0,0.0,0,0.9875666074600356,0.9754385964912281,1.0,False,False,False,clean
20160307_162438_1_361,high_quality,0.0403853182269096,38306,False,False,False,1,0.8539408564766311,0.8937244941637243,0.8175481647781503,35041,1,0,0,0,0,0.0,0,0,0.0,0,0.0,0,0.9929197765465452,0.996124031007752,0.9897360703812316,clean,0.8766916685742346,0.9053539146152398,0.8497885448752547,35955,1,0,0,0,0,0.0,0,0,0.0,0,0.0,0,0.9963154016212232,0.9926578560939796,1.0,clean,0.8437320801688354,0.908715693067542,0.7874223359262812,33193,1,0,0,0,0,0.0,0,0,0.0,0,0.0,0,0.9369005054863766,0.9226361031518624,0.9516129032258064,clean,0.8579465541489687,0.8994474189020244,0.8201065107291756,34927,1,0,0,0,0,0.0,0,0,0.0,0,0.0,0,0.9928660733985438,0.99601593625498,0.9897360703812316,clean,0.8772198240532106,0.9200527250842684,0.8381976713828544,34898,1,0,0,0.0,0,0,0.0,0,0.0,0,0.9955817378497792,1.0,0.9912023460410556,False,False,False,clean,0.8540913389329624,0.9138741741560285,0.8016498720824933,33602,2,0,0,0.0,1,1,1.0,0,0.0,0,0.9368605269428184,0.8917293233082707,0.9868035190615836,False,True,False,fragment,0.86447340081832,0.8923906397640786,0.838249882524712,35982,1,0,0,0.0,0,0,0.0,0,0.0,0,0.9984939759036144,0.9969924812030075,1.0,False,False,False,clean
20160307_162438_641_361,high_quality,0.0571792191264033,22001,False,False,False,1,0.8774116948647448,0.881537896861405,0.8733239398205203,21796,1,0,0,0,0,0.0,0,0,0.0,0,0.0,0,0.9782118707738542,1.0,0.9573529411764706,clean,0.8731550127316239,0.8658383982834886,0.8805963365297574,22376,1,0,0,0,0,0.0,0,0,0.0,0,0.0,0,0.9665653495440728,1.0,0.9352941176470588,clean,0.8679193274220454,0.8773510425853911,0.8586882414431805,21533,1,0,0,0,0,0.0,0,0,0.0,0,0.0,0,0.9196274986654012,0.9466357308584686,0.8941176470588236,clean,0.8697632686863898,0.880601882045616,0.8591882187169405,21466,1,0,0,0,0,0.0,0,0,0.0,0,0.0,0,0.9626239511823036,1.0,0.9279411764705884,clean,0.8821598777086409,0.8727038206641139,0.8918230989496423,22483,1,0,0,0.0,0,0,0.0,0,0.0,0,0.978253456577386,0.9984871406959152,0.9588235294117649,False,False,False,clean,0.8504225875357921,0.8692742203442021,0.8323712558516284,21067,5,0,0,0.0,1,3,1.0,1,0.2,1,0.9225788965943358,0.9702026221692492,0.8794117647058823,False,True,True,mixed,0.8878372401590253,0.864550583573425,0.9124130721326701,23219,1,0,0,0.0,0,0,0.0,0,0.0,0,0.9812014309187534,0.9785932721712538,0.9838235294117647,False,False,False,clean
20160307_162438_641_721,boundary_margin_error,0.0586717709720372,6008,False,False,True,1,0.7496497618375247,0.647194000966803,0.8906458055910609,8268,2,1,1,0,0,0.0,0,0,0.0,1,0.5,75,0.7336860670194003,0.5793871866295265,1.0,island,0.7434996486291331,0.6433957674523918,0.8804926764299592,8222,2,1,1,0,0,0.0,0,0,0.0,1,0.5,174,0.7219343696027634,0.5648648648648649,1.0,island,0.7833949209837382,0.7423632841592276,0.8292276964034134,6711,1,0,0,0,0,0.0,0,0,0.0,0,0.0,0,0.8117001828153564,0.683076923076923,1.0,clean,0.7649871785981253,0.6553853461576351,0.9186085219691768,8421,1,0,0,0,0,0.0,0,0,0.0,0,0.0,0,0.7703703703703704,0.6265060240963856,1.0,clean,0.7325417589047208,0.6135520845031873,0.908788282288767,8899,1,0,0,0.0,0,0,0.0,0,0.0,0,0.7212543554006968,0.5640326975476839,1.0,False,False,False,clean,0.7694770544284422,0.7098452883253026,0.8400466045258987,7110,1,0,0,0.0,0,0,0.0,0,0.0,0,0.7871198568872988,0.6489675516224189,1.0,False,False,False,clean,0.7342428376529779,0.6220527045762574,0.8958055925417846,8652,2,0,0,0.0,0,0,0.0,1,0.5,117,0.734982332155477,0.5810055865921788,1.0,False,False,True,island
20160310_114505_1281_1,false_crack_high_fp,0.525871459694989,1836,True,False,False,4,0.424999999999508,0.2698412698408732,0.9999999999945536,6804,1,-3,3,1,4,1.0,0,0,0.0,0,0.0,0,0.7184466019417475,0.5606060606060606,1.0,merge,0.4295931527723887,0.2737188106973349,0.9978213507570926,6693,1,-3,3,1,4,1.0,0,0,0.0,0,0.0,0,0.6169844020797227,0.4461152882205513,1.0,merge,0.4577561462617525,0.2969078840856453,0.998910675375823,6177,2,-2,2,1,4,1.0,0,0,0.0,1,0.5,1,0.6706766917293233,0.504524886877828,1.0,mixed,0.4236407710949744,0.2687857038226618,0.9994553376851882,6827,4,0,0,1,4,1.0,0,0,0.0,3,0.75,222,0.6222910216718266,0.451685393258427,1.0,mixed,0.4190824012777686,0.2650880739239603,0.9999999999945536,6926,1,1,4,1.0,0,0,0.0,0,0.0,0,0.6921797004991681,0.5292620865139949,1.0,True,False,False,merge,0.4360741444861738,0.2788753799387859,0.9994553376851882,6580,5,1,4,1.0,0,0,0.0,4,0.8,20,0.6142857142857142,0.4432989690721649,1.0,True,False,True,mixed,0.4043607532205656,0.2534161490679732,0.9999999999945535,7245,2,1,4,1.0,0,0,0.0,1,0.5,2,0.5888501742160279,0.41728395061728396,1.0,True,False,True,mixed
20160310_114505_641_1,over_segmentation,0.2755221778925135,4261,True,False,False,4,0.5535055350549722,0.3904367106908412,0.9504811077189615,10373,2,-2,2,1,4,1.0,1,1,0.25,0,0.0,0,0.7509229098805646,0.6303317535545023,0.9285714285714286,mixed,0.5429347826083267,0.3820632947696892,0.9378080262827088,10459,1,-3,3,1,4,1.0,0,0,0.0,0,0.0,0,0.7259272710764062,0.6089108910891089,0.8986175115207373,merge,0.5689215963766141,0.4072535710663486,0.9434405069210432,9871,3,-1,1,1,4,1.0,1,1,0.25,1,0.3333333333333333,1,0.7017905873180174,0.5692640692640693,0.9147465437788018,mixed,0.5449239956565248,0.3832935560855529,0.9422670734547236,10475,2,-2,2,1,4,1.0,0,0,0.0,1,0.5,13,0.7298001737619463,0.6122448979591837,0.9032258064516128,mixed,0.5398212245442974,0.378225654548523,0.9425017601479876,10618,1,1,4,1.0,0,0,0.0,0,0.0,0,0.7202947497697267,0.6,0.9009216589861752,True,False,False,merge,0.5595428889968925,0.3979187314168504,0.9422670734547236,10090,1,1,4,1.0,0,0,0.0,0,0.0,0,0.7048611329835148,0.5760649087221096,0.9078341013824884,True,False,False,merge,0.5105189340810209,0.3504595185992556,0.9396855198288203,11425,1,1,4,1.0,0,0,0.0,0,0.0,0,0.6683245259558594,0.5344418052256532,0.8917050691244239,True,False,False,merge
20160310_114505_641_1081,over_segmentation,0.2191291934332619,4203,True,False,False,3,0.5932071190522632,0.4225252525248257,0.9952414941684624,9900,2,-1,1,1,3,1.0,0,0,0.0,1,0.5,4,0.7216709725445548,0.5662337662337662,0.9947368421052633,mixed,0.5850109486468991,0.4160136628486879,0.98524863192723,9954,6,3,3,1,3,1.0,0,0,0.0,5,0.8333333333333334,167,0.6175461525894462,0.4477611940298507,0.9947368421052633,mixed,0.5854410425274396,0.4148957298903526,0.9940518677111728,10070,4,1,1,1,3,1.0,0,0,0.0,3,0.75,135,0.6306569343065693,0.4605543710021322,1.0,mixed,0.5735414954802974,0.4026535910004781,0.996431120625752,10401,3,0,0,1,3,1.0,0,0,0.0,2,0.6666666666666666,72,0.6701030927835051,0.5038759689922481,1.0,mixed,0.5758284064343628,0.4049115343706807,0.996431120625752,10343,4,1,3,1.0,0,0,0.0,3,0.75,81,0.6995108547213692,0.538647342995169,0.9973684210526316,True,False,True,mixed,0.5935179897197361,0.4239673635895726,0.9890554365905566,9805,4,1,3,1.0,0,0,0.0,3,0.75,19,0.6834733893557422,0.5191489361702127,1.0,True,False,True,mixed,0.568332083702155,0.398261367978221,0.9919105400880517,10468,5,1,3,1.0,0,0,0.0,4,0.8,78,0.6942301270672595,0.5331632653061225,0.9947368421052631,True,False,True,mixed
20160310_114505_641_361,false_crack_high_fp,0.2894674835061263,4244,True,False,False,5,0.5153253160650537,0.3490101077601295,0.9844486333624306,11971,2,-3,3,1,5,1.0,0,0,0.0,1,0.5,8,0.6761051443977201,0.5146067415730337,0.9853300733496332,mixed,0.4946493692828991,0.3314107185769995,0.9747879359072223,12483,4,-1,1,1,5,1.0,0,0,0.0,3,0.75,206,0.58618699624555,0.4185185185185185,0.9779951100244498,mixed,0.4802119937781668,0.3178040411739856,0.9820923656904288,13115,1,-4,4,1,5,1.0,0,0,0.0,0,0.0,0,0.5921176610745886,0.4236760124610592,0.982885085574572,merge,0.4995177236553535,0.3356286454955155,0.9762016965104237,12344,3,-2,2,1,5,1.0,0,0,0.0,2,0.6666666666666666,741,0.6217759311061773,0.4557692307692307,0.9779951100244498,mixed,0.492285866288058,0.3285725558270902,0.9811498586216278,12673,2,1,5,1.0,0,0,0.0,1,0.5,67,0.5904007021011205,0.4214711729622266,0.9853300733496332,True,False,True,mixed,0.5270304893668158,0.3618930330749807,0.969368520261618,11368,6,1,5,1.0,0,0,0.0,5,0.8333333333333334,80,0.6408897710038011,0.4777777777777778,0.9731051344743276,True,False,True,mixed,0.5020734419132747,0.336990722065077,0.9842130065952305,12395,3,1,5,1.0,0,0,0.0,2,0.6666666666666666,79,0.6633744855967079,0.5,0.9853300733496333,True,False,True,mixed
20160310_114505_641_721,over_segmentation,0.2063346339224236,4357,True,False,False,4,0.5926228949338019,0.4215324927251003,0.9974753270576142,10310,1,-3,3,1,4,1.0,0,0,0.0,0,0.0,0,0.7931021384890037,0.660759493670886,0.9917355371900828,merge,0.5889445874538755,0.4177799135027219,0.9977048427794408,10405,1,-3,3,1,4,1.0,0,0,0.0,0,0.0,0,0.7650912436490889,0.6216867469879518,0.9944903581267218,merge,0.5618807072077184,0.3913749548895783,0.9956392012830028,11084,1,-3,3,1,4,1.0,0,0,0.0,0,0.0,0,0.6816387785189643,0.5207956600361664,0.9862258953168044,merge,0.588322947710249,0.4173152685688312,0.996786779892135,10407,1,-3,3,1,4,1.0,0,0,0.0,0,0.0,0,0.7895035353726321,0.6557788944723618,0.9917355371900828,merge,0.6012890706212479,0.4306989674340441,0.9956392012830028,10072,1,1,4,1.0,0,0,0.0,0,0.0,0,0.7940137237765894,0.6608040201005025,0.9944903581267218,True,False,False,merge,0.5673314213295756,0.3998683715678827,0.9761303649277574,10636,2,1,3,0.75,0,0,0.0,0,0.0,0,0.7107014250549643,0.562753036437247,0.9641873278236914,True,False,False,merge,0.5646334272419808,0.3951036126898999,0.9889832453500368,10906,1,1,4,1.0,0,0,0.0,0,0.0,0,0.7766870683215161,0.6417525773195877,0.9834710743801653,True,False,False,merge
20160316_142539_1281_361,boundary_margin_error,0.1120222282461371,7378,False,False,True,1,0.8279036317865315,0.8818752872669191,0.7801572241789372,6527,1,0,0,0,0,0.0,0,0,0.0,0,0.0,0,0.8702290076335879,1.0,0.7702702702702703,clean,0.8566889978583765,0.8733981129406092,0.8406072106250466,7101,2,1,1,0,0,0.0,1,1,1.0,0,0.0,0,0.883934035408873,0.9128919860627178,0.8567567567567568,fragment,0.8513513513507458,0.8956899131983004,0.8111954459192041,6682,1,0,0,0,0,0.0,0,0,0.0,0,0.0,0,0.8819916435665969,0.9707446808510638,0.8081081081081081,clean,0.8244296645921301,0.8726722180153328,0.7812415288685535,6605,1,0,0,0,0,0.0,0,0,0.0,0,0.0,0,0.8306453361863935,0.9592760180995475,0.7324324324324324,clean,0.8658403704706715,0.8701067615646454,0.8616156139863627,7306,1,0,0,0.0,0,0,0.0,0,0.0,0,0.9244186046511628,1.0,0.8594594594594595,False,False,False,clean,0.8647051096802412,0.8388124362884317,0.8922472214680235,7848,1,0,0,0.0,0,0,0.0,0,0.0,0,0.852138012385727,0.8026666666666666,0.9081081081081082,False,False,False,clean,0.8194772645894597,0.8686807347793097,0.7755489292480678,6587,1,0,0,0.0,0,0,0.0,0,0.0,0,0.825576140985088,0.9950980392156863,0.7054054054054054,False,False,False,clean
20160316_142539_1281_721,boundary_margin_error,0.1409205203891986,9147,False,False,True,2,0.7282293663884032,0.6149096385537538,0.8927517218750488,13280,6,4,4,1,2,1.0,0,0,0.0,5,0.8333333333333334,377,0.7834480148695073,0.6678383128295254,0.947463768115942,mixed,0.7427491123711243,0.6422647527905564,0.8805072701422536,12540,2,0,0,1,2,1.0,0,0,0.0,1,0.5,69,0.8103236725195684,0.6990291262135923,0.9637681159420288,mixed,0.7875913468514796,0.7065821465780595,0.8895812834799501,11516,1,-1,1,1,2,1.0,0,0,0.0,0,0.0,0,0.823383436551041,0.7166947723440135,0.967391304347826,merge,0.7898781263761979,0.7150833037923474,0.882147152070753,11284,3,1,1,1,2,1.0,0,0,0.0,2,0.6666666666666666,59,0.8917756880417538,0.8525519848771267,0.9347826086956522,mixed,0.8051353503180707,0.7388802630370455,0.8844429867706521,10949,4,1,2,1.0,0,0,0.0,3,0.75,209,0.9261263112237328,0.9124513618677044,0.9402173913043478,True,False,True,mixed,0.8059479553899065,0.7836414334392402,0.8295616048968737,9683,2,1,2,1.0,0,0,0.0,1,0.5,6,0.9102088912694162,0.8868940754039497,0.9347826086956522,True,False,True,mixed,0.8140756302516733,0.7833821894260755,0.8472723297246667,9893,3,1,2,1.0,0,0,0.0,2,0.6666666666666666,67,0.9373344138640402,0.9274193548387096,0.947463768115942,True,False,True,mixed
20160316_142539_1921_361,complex_topology,0.1759825327510917,11450,False,False,False,7,0.6675262716779486,0.5290210504800076,0.904279475981743,19572,3,-4,4,2,7,1.0,0,0,0.0,1,0.3333333333333333,291,0.6930206469881875,0.5522174535050072,0.9302013422818792,mixed,0.6859123987365489,0.5650378916408975,0.8725764192132116,17682,2,-5,5,2,7,1.0,0,0,0.0,0,0.0,0,0.7297807612145301,0.6073232323232324,0.9140939597315436,merge,0.6768774362686961,0.5593819487994985,0.8568558951957581,17539,6,-1,1,2,7,1.0,0,0,0.0,4,0.6666666666666666,48,0.6733262433758165,0.537621359223301,0.9006711409395973,mixed,0.6608392696050452,0.5132144755276062,0.9276855895188404,20697,1,-6,6,1,7,1.0,0,0,0.0,0,0.0,0,0.7017079723653908,0.5503875968992248,0.9677852348993288,merge,0.690861580895445,0.5910332836558674,0.8312663755451255,16104,2,2,6,0.8571428571428571,0,0,0.0,0,0.0,0,0.7260043848409783,0.6521060842433697,0.8187919463087249,True,False,False,merge,0.6675293717007773,0.5470834496229153,0.8559825327503441,17915,4,2,6,0.8571428571428571,0,0,0.0,1,0.25,1,0.7062800263321303,0.5989847715736041,0.8604026845637583,True,False,True,mixed,0.6701495513456949,0.616660550458263,0.7337991266369137,13625,8,2,4,0.5714285714285714,1,2,0.14285714285714285,1,0.125,147,0.7441450183037092,0.7243066884176182,0.7651006711409396,True,True,True,mixed
20160316_142539_1_721,complex_topology,0.1563666044776119,12864,False,False,False,7,0.680213641107287,0.5620371309726275,0.8613184079595294,19714,3,-4,4,2,6,0.8571428571428571,0,0,0.0,1,0.3333333333333333,82,0.7306939165062283,0.6049562682215743,0.9224137931034484,mixed,0.6745122328892306,0.560588901471965,0.8465485074620285,19426,2,-5,5,2,6,0.8571428571428571,0,0,0.0,0,0.0,0,0.7111346391388742,0.5762081784386617,0.9285714285714286,merge,0.6785339581728059,0.6167196439919792,0.7541200248750356,15730,5,-2,2,1,4,0.5714285714285714,1,1,0.1428571428571428,1,0.2,49,0.7400536380982616,0.6518218623481782,0.8559113300492611,mixed,0.6771905878161844,0.5476316168351741,0.8870491293525442,20837,5,-2,2,2,6,0.8571428571428571,0,0,0.0,3,0.6,329,0.722129435889289,0.5849546044098574,0.9433497536945812,mixed,0.7041269646739471,0.5810872313524242,0.8932680348251762,19775,3,2,6,0.8571428571428571,0,0,0.0,1,0.3333333333333333,5,0.7958233385071256,0.6976744186046512,0.9261083743842364,True,False,True,mixed,0.6776418940104492,0.5679070745292926,0.8399409203973569,19026,4,2,6,0.8571428571428571,0,0,0.0,2,0.5,185,0.7129426207179574,0.5829741379310345,0.917487684729064,True,False,True,mixed,0.7015374759767131,0.5965896709519521,0.8512904228849103,18356,3,2,6,0.8571428571428571,0,0,0.0,1,0.3333333333333333,36,0.778313472209588,0.6764705882352942,0.916256157635468,True,False,True,mixed
20160316_142539_641_721,moderate_general_error,0.1776264286832628,12774,False,False,False,4,0.555135164774756,0.4271729957804104,0.792547361828094,23700,2,-2,2,2,4,1.0,1,1,0.25,0,0.0,0,0.5783125829994817,0.4599260172626387,0.7787709497206704,mixed,0.6076125369327943,0.4822512414932489,0.8210427430712219,21748,3,-1,1,2,4,1.0,0,0,0.0,1,0.3333333333333333,39,0.6430672116125842,0.5298245614035088,0.8178770949720671,mixed,0.5956880862380667,0.5386757817441836,0.6661969625797195,15798,10,6,6,1,2,0.5,2,3,0.5,4,0.4,39,0.6014662269567487,0.5250521920668059,0.7039106145251397,mixed,0.5703300224285565,0.43277413080459,0.8360732738368278,24678,2,-2,2,2,4,1.0,1,1,0.25,0,0.0,0,0.5847382696538026,0.4536585365853658,0.8223463687150838,mixed,0.6346330979426974,0.5220751667000798,0.8090652888673797,19796,3,2,4,1.0,0,0,0.0,1,0.3333333333333333,8,0.6730578317091671,0.5919689119170984,0.7798882681564245,True,False,True,mixed,0.6601919647935581,0.6404858299590427,0.6811492093309213,13585,7,1,2,0.5,1,1,0.25,3,0.4285714285714285,495,0.6851556086559067,0.67561260210035,0.6949720670391062,True,True,True,mixed,0.5519969300703864,0.44306496706608395,0.7319555346792453,21103,3,2,4,1.0,1,1,0.25,0,0.0,0,0.6278441783358211,0.5394736842105263,0.7508379888268156,True,True,False,mixed
20160316_143445_1281_1,high_quality,0.080348397929201,14294,False,False,False,1,0.8735023499037289,0.8288944723612883,0.9231845529586375,15920,1,0,0,0,0,0.0,0,0,0.0,0,0.0,0,0.9622201631945484,0.9443254817987152,0.980806142034549,clean,0.881585081584788,0.8411921708179707,0.926052889323544,15736,1,0,0,0,0,0.0,0,0,0.0,0,0.0,0,0.9625651067162716,0.9449901768172888,0.980806142034549,clean,0.8607153632124767,0.8262856407280516,0.8981390793333579,15537,7,6,6,0,0,0.0,0,0,0.0,6,0.8571428571428571,19,0.9224147514103884,0.8862876254180602,0.961612284069098,island,0.8824922202675949,0.8542894564499971,0.9126206800049582,15270,1,0,0,0,0,0.0,0,0,0.0,0,0.0,0,0.9687317358270016,0.9587852494577006,0.9788867562380038,clean,0.862118146538571,0.819678334909606,0.9091926682517776,15855,1,0,0,0.0,0,0,0.0,0,0.0,0,0.9602452922622068,0.9440860215053763,0.9769673704414588,False,False,False,clean,0.876178028478752,0.8617726657639636,0.8910731775563935,14780,4,0,0,0.0,0,0,0.0,3,0.75,3,0.9623669982419996,0.9463955637707948,0.9788867562380038,False,False,True,island,0.87483548302156,0.8258168716605628,0.9300405764649993,16098,1,0,0,0.0,0,0,0.0,0,0.0,0,0.9639216831605315,0.945823927765237,0.982725527831094,False,False,False,clean
20160316_143445_1281_1081,boundary_margin_error,0.1586779036081116,3797,False,False,True,4,0.7594403862810951,0.7165887850450547,0.8077429549623183,4280,1,-3,3,1,2,0.5,0,0,0.0,0,0.0,0,0.8713787664978833,0.8796296296296297,0.86328125,merge,0.7768953068582708,0.7152670064242959,0.8501448511960755,4513,2,-2,2,1,2,0.5,0,0,0.0,1,0.5,10,0.8869208297895944,0.8613445378151261,0.9140625,mixed,0.7851641189705116,0.7137009909506383,0.8725309454809783,4642,4,0,0,1,2,0.5,0,0,0.0,3,0.75,28,0.8549575858712278,0.8091603053435115,0.90625,mixed,0.754205100378997,0.6413805832398646,0.915196207529852,5418,2,-2,2,1,2,0.5,0,0,0.0,1,0.5,306,0.8303911876853551,0.7452471482889734,0.9375,mixed,0.762881844379524,0.6783517835164445,0.8714774822205124,4878,1,1,2,0.5,0,0,0.0,0,0.0,0,0.8999183738477772,0.8899082568807339,0.91015625,True,False,False,merge,0.7952746009792695,0.7605769230750948,0.8332894390286192,4160,1,1,2,0.5,0,0,0.0,0,0.0,0,0.908895573700043,0.9,0.91796875,True,False,False,merge,0.7650249031535528,0.6597938144317301,0.9101922570426384,5238,2,1,2,0.5,0,0,0.0,1,0.5,61,0.8831863979848866,0.8348214285714286,0.9375,True,False,True,mixed
20160316_143445_1281_361,high_quality,0.096965539504479,12391,False,False,False,2,0.897899693549257,0.8361522934496859,0.969493987570842,14367,2,0,0,1,2,1.0,0,0,0.0,1,0.5,182,0.9632678910702976,0.936,0.9921722113502937,mixed,0.8670226290360441,0.7883091149268241,0.9631990961173728,15140,2,0,0,1,2,1.0,0,0,0.0,1,0.5,1132,0.9129733416576749,0.8440677966101695,0.99412915851272,mixed,0.8724050632908237,0.7904187692504159,0.9733677669268233,15259,2,0,0,1,2,1.0,0,0,0.0,1,0.5,719,0.9353891388667854,0.8801369863013698,0.9980430528375732,mixed,0.8571633237819279,0.7705583102577303,0.965700911951444,15529,2,0,0,1,2,1.0,0,0,0.0,1,0.5,887,0.9308342995883366,0.8736059479553904,0.9960861056751468,mixed,0.8442068745793323,0.7519233194597351,0.9623113550149606,15858,2,1,2,1.0,0,0,0.0,1,0.5,1400,0.9045316186494942,0.8297491039426523,0.99412915851272,True,False,True,mixed,0.8478315367256928,0.7621040432650257,0.9552901299322448,15532,4,1,2,1.0,0,0,0.0,3,0.75,1748,0.8624205131217599,0.761528326745718,0.99412915851272,True,False,True,mixed,0.8301060554222272,0.7204703367179045,0.9790977322242118,16839,3,1,2,1.0,0,0,0.0,2,0.6666666666666666,1679,0.8965387472915014,0.8150807899461401,0.9960861056751468,True,False,True,mixed
20160316_143445_1281_721,boundary_margin_error,0.1380476084041126,17896,False,False,True,2,0.8286439244429579,0.8362353476722224,0.8211890925341857,17574,3,1,1,0,0,0.0,1,1,0.5,0,0.0,0,0.929532425267786,0.977979274611399,0.8856589147286822,fragment,0.8485961123107861,0.8209360635181671,0.8781850692887359,19144,3,1,1,0,0,0.0,0,0,0.0,1,0.3333333333333333,52,0.935430917969458,0.94875,0.9224806201550388,island,0.8116758123363659,0.8353142924718613,0.7893383996419371,16911,4,2,2,0,0,0.0,1,1,0.5,1,0.25,1,0.8978766007339394,0.9492924528301888,0.8517441860465116,mixed,0.846638937340441,0.8144457638490297,0.8814818953951266,19369,3,1,1,0,0,0.0,0,0,0.0,1,0.3333333333333333,18,0.9367332549941244,0.9545454545454546,0.9195736434108528,island,0.813896744856426,0.807760044028174,0.8201274027711107,18170,3,0,0,0.0,1,1,0.5,0,0.0,0,0.9033426055771396,0.9703903095558546,0.8449612403100775,False,True,False,fragment,0.8472601794338587,0.8372524414857127,0.8575100581130657,18329,5,0,0,0.0,1,3,0.5,0,0.0,0,0.9311029796131732,0.9429250891795482,0.9195736434108528,False,True,False,fragment,0.831620637978797,0.7979663105994258,0.8682387125609811,19472,3,0,0,0.0,1,1,0.5,0,0.0,0,0.9146781624776372,0.9535211267605633,0.8788759689922481,False,True,False,fragment
20160316_143445_1921_1081,moderate_general_error,0.1566617023714056,8729,False,False,False,2,0.6826444699575762,0.5860369609851449,0.8173903081672386,12175,1,-1,1,1,2,1.0,0,0,0.0,0,0.0,0,0.703751701322636,0.6117936117936118,0.8282442748091603,merge,0.6910527058156514,0.5860446570968213,0.8419062893792623,12540,1,-1,1,1,2,1.0,0,0,0.0,0,0.0,0,0.7307832542430498,0.650319829424307,0.833969465648855,merge,0.6827670496207857,0.5955142418551974,0.7999770878671096,11726,6,4,4,1,2,1.0,1,1,0.5,4,0.6666666666666666,4,0.7130644733871838,0.6165413533834586,0.8454198473282443,mixed,0.6891704518285015,0.5914163794513446,0.825638675677826,12186,1,-1,1,1,2,1.0,0,0,0.0,0,0.0,0,0.7311776787056053,0.6430317848410758,0.8473282442748091,merge,0.69204616194958,0.594536778014979,0.8278153282153421,12154,1,1,2,1.0,0,0,0.0,0,0.0,0,0.732254857659286,0.6713286713286714,0.8053435114503816,True,False,False,merge,0.6907236713077609,0.6037541784515267,0.806965288119135,11667,5,1,2,1.0,1,1,0.5,3,0.6,3,0.7166932513429334,0.6372881355932203,0.8187022900763359,True,True,True,mixed,0.690508052235388,0.5781177561423442,0.8571428571418751,12942,1,1,2,1.0,0,0,0.0,0,0.0,0,0.7569336170890758,0.6720183486238532,0.8664122137404581,True,False,False,merge
20160316_143445_1_1081,high_quality,0.1253940811552934,9833,False,False,False,1,0.87151632062497,0.8700587877550475,0.8729787450413169,9866,1,0,0,0,0,0.0,0,0,0.0,0,0.0,0,0.9636404668531694,0.9364035087719298,0.99250936329588,clean,0.8758260183445725,0.8501675442787456,0.9030814603875692,10445,1,0,0,0,0,0.0,0,0,0.0,0,0.0,0,0.9721463427990136,0.9474835886214442,0.99812734082397,clean,0.8392518297637087,0.898745935902347,0.7871453269594354,8612,9,8,8,0,0,0.0,0,0,0.0,8,0.8888888888888888,47,0.9199305262941534,0.9023569023569024,0.9382022471910112,island,0.8703126570820999,0.8604512473900601,0.8804027255152238,10061,1,0,0,0,0,0.0,0,0,0.0,0,0.0,0,0.946055252193884,0.9249329758713136,0.9681647940074908,clean,0.8678868884340591,0.8515365042074265,0.8848774534720991,10218,1,0,0,0.0,0,0,0.0,0,0.0,0,0.9624939113492452,0.9309462915601024,0.99625468164794,False,False,False,clean,0.8622693444791201,0.8643842616240527,0.8601647513466285,9785,8,0,0,0.0,0,0,0.0,7,0.875,7,0.9430489552689144,0.8952380952380953,0.99625468164794,False,False,True,island,0.8414736842100834,0.8720410166893509,0.8129767110741248,9167,1,0,0,0.0,0,0,0.0,0,0.0,0,0.9401028454749871,0.949685534591195,0.9307116104868914,False,False,False,clean
20160316_143445_1_721,thin_low_area_failure,0.1498463720160718,4231,False,True,False,2,0.5462900188319801,0.4009287925692161,0.8570077995725431,9044,3,1,1,0,0,0.0,0,0,0.0,1,0.3333333333333333,3499,0.6319016596409516,0.4968017057569296,0.8679245283018868,island,0.5106757649126783,0.3702915513935195,0.8225005908749173,9398,4,2,2,0,0,0.0,0,0,0.0,2,0.5,4455,0.613739368575341,0.4879032258064516,0.8270440251572327,island,0.6071650813400238,0.4866058706177164,0.8071377924821387,7018,3,1,1,0,0,0.0,0,0,0.0,1,0.3333333333333333,2716,0.7098134482284457,0.6252927400468384,0.8207547169811321,island,0.5106258672310592,0.3694779116461958,0.8262822027869858,9462,3,1,1,0,0,0.0,0,0,0.0,1,0.3333333333333333,4697,0.7015360684425432,0.6074074074074074,0.8301886792452831,island,0.6108013647327861,0.4713588492159371,0.8674072323307317,7786,3,0,0,0.0,0,0,0.0,1,0.3333333333333333,2418,0.7292011932383162,0.6303724928366762,0.8647798742138365,False,False,True,island,0.5771202824236554,0.4478215496993897,0.8113921058832159,7666,3,0,0,0.0,0,0,0.0,1,0.3333333333333333,3169,0.6632655985784299,0.5564853556485355,0.8207547169811321,False,False,True,island,0.5367077063379414,0.39554161532385396,0.834554478844636,8927,4,0,0,0.0,1,1,0.5,1,0.25,3864,0.7027601543593435,0.6144278606965174,0.8207547169811321,False,True,True,mixed
20160316_143445_641_361,high_quality,0.1434287473068636,9747,False,False,False,1,0.870609369828927,0.8072944064520363,0.944700933619632,11406,1,0,0,0,0,0.0,0,0,0.0,0,0.0,0,0.9904580152671756,1.0,0.9810964083175804,clean,0.8696230177566852,0.8093680954478043,0.9395711500965018,11315,1,0,0,0,0,0.0,0,0,0.0,0,0.0,0,0.9923809523809524,1.0,0.9848771266540642,clean,0.8730822873078088,0.8217454282085626,0.9312609007890312,11046,2,1,1,0,0,0.0,0,0,0.0,1,0.5,1,0.9705028808176708,0.9547657512116317,0.9867674858223062,island,0.8724172807393573,0.822167755990539,0.9292089873797792,11016,1,0,0,0,0,0.0,0,0,0.0,0,0.0,0,0.9904580152671756,1.0,0.9810964083175804,clean,0.8541685774553543,0.7722862592248343,0.955473479018205,12059,1,0,0,0.0,0,0,0.0,0,0.0,0,0.9913931615277186,0.997995991983968,0.9848771266540642,False,False,False,clean,0.8736514724458773,0.829932600867113,0.9222324817883224,10831,2,0,0,0.0,0,0,0.0,1,0.5,1,0.9685449989816556,0.9563106796116504,0.9810964083175804,False,False,True,island,0.8644398957941642,0.7907907055912922,0.9532163742680279,11749,1,0,0,0.0,0,0,0.0,0,0.0,0,0.9894740468930349,0.9979959919839679,0.9810964083175804,False,False,False,clean
20160316_143445_641_721,high_quality,0.1203317161232088,8863,False,False,False,1,0.8591715976326739,0.8210136732797152,0.9010493061030111,9727,1,0,0,0,0,0.0,0,0,0.0,0,0.0,0,0.9864679663153988,0.9789915966386554,0.994059405940594,clean,0.8663825253058783,0.8207328151803566,0.9174094550367624,9907,2,1,1,0,0,0.0,0,0,0.0,1,0.5,25,0.9828136276734972,0.9680638722554892,0.998019801980198,island,0.8610703613143922,0.8304338713049355,0.8940539320761659,9542,3,2,2,0,0,0.0,0,0,0.0,2,0.6666666666666666,2,0.9623600173269612,0.9343696027633852,0.992079207920792,island,0.852681750944583,0.828753993609341,0.8780322689824235,9390,1,0,0,0,0,0.0,0,0,0.0,0,0.0,0,0.9876916513235152,0.981404958677686,0.994059405940594,clean,0.8463389848634292,0.8045556233467515,0.8926999887161313,9834,1,0,0,0.0,0,0,0.0,0,0.0,0,0.9885696245141516,0.9812108559498957,0.996039603960396,False,False,False,clean,0.8537605990524976,0.8337455640382473,0.8747602391956733,9299,8,0,0,0.0,0,0,0.0,7,0.875,75,0.927568753040965,0.8771331058020477,0.984158415841584,False,False,True,island,0.8467864098675358,0.8134289574879809,0.8829967279692169,9621,2,0,0,0.0,0,0,0.0,1,0.5,118,0.9609139694682738,0.9351669941060904,0.9881188118811881,False,False,True,island
20160316_143527_1281_1081,boundary_margin_error,0.1801234359147785,11828,False,False,True,4,0.7857898971076827,0.7870896598517371,0.7844944200196275,11789,3,-1,1,0,0,0.0,0,0,0.0,1,0.3333333333333333,109,0.8285437629884653,0.9273084479371316,0.748792270531401,island,0.7818822936777844,0.7764715691172448,0.787368955021316,11994,4,0,0,0,0,0.0,0,0,0.0,2,0.5,217,0.8155696597297729,0.9042145593869731,0.7427536231884058,island,0.7924222383407464,0.7998966319228186,0.7850862360493869,11609,4,0,0,0,0,0.0,0,0,0.0,2,0.5,179,0.8155935050034648,0.8804159445407279,0.7596618357487923,island,0.7946508172359182,0.7980728233983132,0.7912580317883063,11727,3,-1,1,0,0,0.0,0,0,0.0,1,0.3333333333333333,150,0.8328192126206071,0.9215686274509804,0.7596618357487923,island,0.7914907985814656,0.7902899527977155,0.7926952992891505,11864,2,0,0,0.0,0,0,0.0,0,0.0,0,0.8577758433079434,0.9769874476987448,0.7644927536231884,False,False,False,clean,0.7986479548173889,0.808471933471233,0.7890598579634857,11544,4,0,0,0.0,0,0,0.0,2,0.5,146,0.8287166331518337,0.9081272084805654,0.7620772946859904,False,False,True,island,0.7859350204623795,0.7765307806562333,0.795569834290839,12118,3,0,0,0.0,0,0,0.0,1,0.3333333333333333,133,0.841760510699153,0.9513184584178499,0.7548309178743962,False,False,True,island
20160316_143527_1281_361,boundary_margin_error,0.1747619047619047,3150,False,False,True,4,0.6734122042330738,0.6606597434310915,0.6866666666644868,3274,2,-2,2,1,2,0.5,0,0,0.0,1,0.5,657,0.5572141338131851,0.6488095238095238,0.48828125,mixed,0.657253685026133,0.6427921092544984,0.6723809523788179,3295,2,-2,2,1,2,0.5,0,0,0.0,1,0.5,767,0.5057626103876666,0.529126213592233,0.484375,mixed,0.6576548255255302,0.6513075965110483,0.6641269841248758,3212,3,-1,1,1,2,0.5,0,0,0.0,2,0.6666666666666666,697,0.4869253316877507,0.4855769230769231,0.48828125,mixed,0.6335209505931308,0.6241528034484777,0.6431746031725614,3246,2,-2,2,1,2,0.5,0,0,0.0,1,0.5,825,0.5259397451673085,0.5698924731182796,0.48828125,mixed,0.7366980325051553,0.7988868274552917,0.6834920634898937,2695,4,1,2,0.5,0,0,0.0,3,0.75,84,0.5936911909669325,0.7571428571428571,0.48828125,True,False,True,mixed,0.6626283022031589,0.7049767275305945,0.6250793650773807,2793,10,1,2,0.5,0,0,0.0,9,0.9,453,0.467565114168005,0.4518828451882845,0.484375,True,False,True,mixed,0.5961732124865542,0.5451197053392657,0.6577777777756896,3801,2,1,2,0.5,0,0,0.0,1,0.5,1295,0.5177998987683483,0.5561797752808989,0.484375,True,False,True,mixed
20160316_143527_1281_721,complex_topology,0.1763453073974158,21129,False,False,False,7,0.7537760507018357,0.7371516467604338,0.771167589568474,22104,2,-5,5,1,4,0.5714285714285714,0,0,0.0,1,0.5,14,0.8126740516121047,0.8435251798561151,0.784,mixed,0.763469148630256,0.716354132093961,0.8172180415538751,24104,3,-4,4,1,5,0.7142857142857143,0,0,0.0,1,0.3333333333333333,55,0.8080045493764217,0.7963549920760697,0.82,mixed,0.7574571082791682,0.7595659623068914,0.7553599318468667,21012,3,-4,4,1,4,0.5714285714285714,0,0,0.0,1,0.3333333333333333,1,0.7922727831834632,0.8121632024634334,0.7733333333333333,mixed,0.7685974066000114,0.7185313246066031,0.8261630933783775,24294,2,-5,5,1,5,0.7142857142857143,0,0,0.0,0,0.0,0,0.8311326156296326,0.8377007607776839,0.8246666666666667,merge,0.7626162246131719,0.7371047518103087,0.7899569312315822,22644,1,1,5,0.7142857142857143,0,0,0.0,0,0.0,0,0.827211098849125,0.8656987295825771,0.792,True,False,False,merge,0.7522024243225471,0.7049913086662093,0.8061905438019754,24162,6,1,5,0.7142857142857143,0,0,0.0,4,0.6666666666666666,22,0.7789000611421721,0.7358238825883923,0.8273333333333334,True,False,True,mixed,0.7316701580649757,0.6616532721007801,0.8182592645175738,26130,3,1,5,0.7142857142857143,0,0,0.0,1,0.3333333333333333,90,0.805579561449856,0.7929042904290429,0.8186666666666667,True,False,True,mixed
20160316_143527_1921_361,moderate_general_error,0.2448569129985059,8701,True,False,False,2,0.7139816785413556,0.5975373654452121,0.8867946213068764,12913,3,1,1,1,2,1.0,0,0,0.0,2,0.6666666666666666,244,0.8414280485401356,0.7818181818181819,0.9108781127129753,mixed,0.7245080500891043,0.6135874332185522,0.8843811056190272,12541,3,1,1,1,2,1.0,0,0,0.0,2,0.6666666666666666,438,0.8145515071492212,0.733256351039261,0.9161205766710354,mixed,0.763644177051588,0.7168935955615563,0.8169175956777187,9915,4,2,2,0,0,0.0,1,1,0.5,1,0.25,106,0.8654572147651007,0.8725761772853186,0.8584534731323722,mixed,0.7049157880319937,0.5846456692908959,0.8874841972176905,13208,3,1,1,1,2,1.0,0,0,0.0,2,0.6666666666666666,583,0.798175151837443,0.717632552404439,0.8990825688073395,mixed,0.71343096981572,0.5833515881704393,0.918170325248916,13695,4,1,2,1.0,0,0,0.0,3,0.75,243,0.8459336811506192,0.7838179519595448,0.9187418086500656,True,False,True,mixed,0.7158101656834617,0.6037899723643081,0.8788644983325147,12665,5,1,2,1.0,0,0,0.0,4,0.8,178,0.7910991636798089,0.6976241900647948,0.9134993446920052,True,False,True,mixed,0.710383536014635,0.598943134316114,0.8727732444536572,12679,6,0,0,0.0,1,2,0.5,2,0.3333333333333333,62,0.8203764884974103,0.7697642163661581,0.8781127129750983,False,True,True,mixed
20160316_143527_1_1,boundary_margin_error,0.1865386774447064,8907,False,False,True,2,0.6546896873537945,0.6813160131107425,0.6300662400352194,8237,1,-1,1,0,0,0.0,0,0,0.0,0,0.0,0,0.831820323887527,0.9394572025052192,0.7463126843657817,clean,0.6570161102027451,0.6842553191481042,0.6318625799925542,8225,1,-1,1,0,0,0.0,0,0,0.0,0,0.0,0,0.8194234571452498,0.9040816326530612,0.7492625368731564,clean,0.6726969769098591,0.7157148284149478,0.6345570899285566,7897,1,-1,1,0,0,0.0,0,0,0.0,0,0.0,0,0.8409749034749034,0.9534883720930232,0.7522123893805309,clean,0.6578146934951697,0.6866528269621607,0.6313012237558872,8189,1,-1,1,0,0,0.0,0,0,0.0,0,0.0,0,0.8288505265677357,0.9319148936170212,0.7463126843657817,clean,0.6369737644901897,0.6294672220997265,0.6446615021885655,9122,1,0,0,0.0,0,0,0.0,0,0.0,0,0.8265108503136743,0.9106029106029108,0.7566371681415929,False,False,False,clean,0.6675888614899455,0.7189119170975143,0.6231054227005466,7720,1,0,0,0.0,0,0,0.0,0,0.0,0,0.8109066043241192,0.9005964214711729,0.7374631268436578,False,False,False,clean,0.6382506382502839,0.6311052573804948,0.645559672167233,9111,1,0,0,0.0,0,0,0.0,0,0.0,0,0.814908163642411,0.8809034907597536,0.7581120943952803,False,False,False,clean
20160316_143527_1_361,moderate_general_error,0.3360902255639098,2660,True,False,False,2,0.7141063206352531,0.567783447968565,0.9620300751843534,4507,2,0,0,1,2,1.0,0,0,0.0,1,0.5,206,0.9287300625883304,0.887459807073955,0.974025974025974,mixed,0.7079241221569919,0.5512256442477452,0.989097744357184,4773,4,2,2,1,2,1.0,0,0,0.0,3,0.75,526,0.856711915535445,0.7493403693931399,1.0,mixed,0.6884288747336937,0.5319934372425513,0.975187969921146,4876,22,20,20,1,2,1.0,0,0,0.0,21,0.9545454545454546,809,0.7707269189339448,0.6282608695652174,0.9967532467532468,mixed,0.7102073794765551,0.5532941670152051,0.9913533834549196,4766,3,1,1,1,2,1.0,0,0,0.0,2,0.6666666666666666,133,0.9380234505862648,0.8832807570977917,1.0,mixed,0.6855179704007855,0.5285248573746363,0.975187969921146,4908,2,1,2,1.0,0,0,0.0,1,0.5,279,0.9315791546854688,0.889967637540453,0.9772727272727272,True,False,True,mixed,0.6952766531704517,0.5423157894725426,0.9684210526279384,4750,3,1,2,1.0,0,0,0.0,2,0.6666666666666666,674,0.8003558290167443,0.6761229314420804,0.9805194805194806,True,False,True,mixed,0.619610653289598,0.4540521617355959,0.975187969921146,5713,6,1,2,1.0,0,0,0.0,5,0.8333333333333334,709,0.8439842361486747,0.7426900584795322,0.9772727272727273,True,False,True,mixed
20160316_143527_641_1,boundary_margin_error,0.1628924625314517,9141,False,False,True,1,0.8310796754728359,0.7921086547032892,0.8740837982705676,10087,1,0,0,0,0,0.0,0,0,0.0,0,0.0,0,0.9293312947614064,0.9479905437352246,0.9113924050632912,clean,0.8224213420217786,0.7691648414429395,0.8836013565245775,10501,1,0,0,0,0,0.0,0,0,0.0,0,0.0,0,0.9370481372502169,0.9410377358490566,0.9330922242314648,clean,0.831615481699184,0.8007088607586828,0.8650038289017995,9875,1,0,0,0,0,0.0,0,0,0.0,0,0.0,0,0.9324949048068796,0.9487179487179488,0.9168173598553344,clean,0.8205585888277926,0.7888361764401041,0.8549392845412372,9907,1,0,0,0,0,0.0,0,0,0.0,0,0.0,0,0.9164998101093724,0.917995444191344,0.91500904159132,clean,0.8229954614216727,0.7634016278409922,0.8926813258933456,10689,1,0,0,0.0,0,0,0.0,0,0.0,0,0.9385895037142696,0.9423076923076924,0.9349005424954792,False,False,False,clean,0.8136521647525473,0.7845606907051451,0.8449841374019855,9845,1,0,0,0.0,0,0,0.0,0,0.0,0,0.910691173725676,0.9028925619834712,0.918625678119349,False,False,False,clean,0.8177719236026051,0.7615587846756354,0.8829449731967148,10598,1,0,0,0.0,0,0,0.0,0,0.0,0,0.9324083139319727,0.9371980676328503,0.9276672694394213,False,False,False,clean
20160316_143527_641_361,complex_topology,0.1886256226848895,15658,False,False,False,8,0.7839765867932492,0.7499999999995625,0.8211776727546166,17144,2,-6,6,2,5,0.625,0,0,0.0,0,0.0,0,0.7901951672862453,0.811965811965812,0.7695614789337919,merge,0.770712441136026,0.7350060844870284,0.8100651424186932,17257,3,-5,5,1,3,0.375,1,1,0.125,0,0.0,0,0.7770454512734131,0.825065274151436,0.7343078245915735,mixed,0.781114560599766,0.752948148147702,0.8114701749899019,16875,4,-4,4,1,3,0.375,1,1,0.125,0,0.0,0,0.76625397748173,0.7844036697247706,0.7489251934651763,mixed,0.771056457115504,0.7199844866747631,0.8299271937662345,18049,2,-6,6,1,3,0.375,0,0,0.0,0,0.0,0,0.7843531764259328,0.794228356336261,0.7747205503009458,merge,0.7682359481520414,0.7088935687668292,0.8384212543103599,18519,2,1,3,0.375,0,0,0.0,0,0.0,0,0.7869366899353284,0.793233082706767,0.7807394668959587,True,False,False,merge,0.7779676533412335,0.7449158485269138,0.8140886447817,17112,2,2,5,0.625,0,0,0.0,0,0.0,0,0.7829396708836056,0.782560706401766,0.7833190025795357,True,False,False,merge,0.770909526949826,0.7264406779656912,0.8211776727546166,17700,4,1,2,0.25,1,1,0.125,0,0.0,0,0.785024921186182,0.8365650969529086,0.7394668959587274,True,True,False,mixed
20160316_143527_641_721,boundary_margin_error,0.1549653579676674,6495,False,False,True,3,0.7109549664638206,0.7384309172321473,0.6854503464192679,6029,1,-2,2,0,0,0.0,0,0,0.0,0,0.0,0,0.7470497691123652,0.9191919191919192,0.6292134831460674,clean,0.7187004754352466,0.7404081632640973,0.6982294072352606,6125,1,-2,2,0,0,0.0,0,0,0.0,0,0.0,0,0.7386587993982082,0.8987730061349694,0.6269662921348315,clean,0.6962696783019368,0.7835547852863787,0.6264819091599284,5193,1,-2,2,0,0,0.0,0,0,0.0,0,0.0,0,0.7026736018380748,0.8864265927977839,0.5820224719101124,clean,0.6953264663312374,0.777608530082297,0.6287913779820958,5252,1,-2,2,0,0,0.0,0,0,0.0,0,0.0,0,0.7312130730504269,0.9304635761589404,0.6022471910112359,clean,0.6866785908696735,0.6937460716519583,0.6797536566579219,6364,1,0,0,0.0,0,0,0.0,0,0.0,0,0.733677782996712,0.8627450980392157,0.6382022471910113,False,False,False,clean,0.6826072157924756,0.7629826897455526,0.617551963047548,5257,1,0,0,0.0,0,0,0.0,0,0.0,0,0.6776431023611013,0.8642659279778393,0.5573033707865168,False,False,False,clean,0.6445457615664939,0.7135913254800643,0.587682832947517,5349,2,0,0,0.0,0,0,0.0,1,0.5,13,0.657490099952636,0.9102167182662538,0.5146067415730337,False,False,True,island
20160316_143547_1281_1081,high_quality,0.1183848271642704,3269,False,False,False,3,0.8765982753480871,0.8527625108450889,0.9018048332795908,3457,1,-2,2,1,2,0.6666666666666666,0,0,0.0,0,0.0,0,0.8837085031060049,0.8766233766233766,0.8909090909090909,merge,0.890478319176143,0.8680999418917255,0.9140409911259896,3442,1,-2,2,1,2,0.6666666666666666,0,0,0.0,0,0.0,0,0.9052396878483836,0.9333333333333332,0.8787878787878788,merge,0.8577830893324503,0.8382481751800344,0.8782502294252731,3425,1,-2,2,1,2,0.6666666666666666,0,0,0.0,0,0.0,0,0.8426679866353174,0.8827586206896552,0.806060606060606,merge,0.8926689748594119,0.8787788974484921,0.9070052003643102,3374,1,-2,2,1,2,0.6666666666666666,0,0,0.0,0,0.0,0,0.8837744533947066,0.8951048951048951,0.8727272727272727,merge,0.884285714284451,0.829536317338972,0.9467727133651064,3731,1,0,0,0.0,0,0,0.0,0,0.0,0,0.8728086534875046,0.935251798561151,0.8181818181818182,False,False,False,clean,0.6808459792081719,0.5586274509792968,0.8715203426097538,5100,31,0,0,0.0,0,0,0.0,30,0.967741935483871,1966,0.3304773561811506,0.2070552147239263,0.8181818181818182,False,False,True,island,0.8936423054056839,0.868611030895557,0.9201590700491888,3463,1,0,0,0.0,0,0,0.0,0,0.0,0,0.9005949861833753,0.9925373134328358,0.8242424242424242,False,False,False,clean
20160316_143547_1281_361,false_crack_high_fp,0.1034482758620689,1015,False,False,False,1,0.2991193440627101,0.1768084724462811,0.9704433497441336,5571,2,1,1,0,0,0.0,0,0,0.0,1,0.5,4487,0.3166723960123754,0.1910569105691057,0.9245283018867924,island,0.2848599307518337,0.1695073983888939,0.8916256157547623,5339,2,1,1,0,0,0.0,0,0,0.0,1,0.5,4357,0.3207059565080365,0.1948529411764706,0.9056603773584906,island,0.2955422955417768,0.1797992739692936,0.8295566502381324,4683,2,1,1,0,0,0.0,0,0,0.0,1,0.5,3766,0.2878487963731562,0.1725352112676056,0.8679245283018868,island,0.2704650763681646,0.1637572734826189,0.7763546797953068,4812,2,1,1,0,0,0.0,0,0,0.0,1,0.5,3949,0.2782762170907486,0.1679389312977099,0.8113207547169812,island,0.2818658726778933,0.1646240476976405,0.9793103448179378,6038,2,0,0,0.0,0,0,0.0,1,0.5,4923,0.3174603174603175,0.1886792452830188,1.0,False,False,True,island,0.2580532212880636,0.1569086651050523,0.7261083743770826,4697,2,0,0,0.0,0,0,0.0,1,0.5,3885,0.2663089522733691,0.1608391608391608,0.7735849056603774,False,False,True,island,0.3017372752205094,0.17847485127063553,0.9753694581184693,5547,3,0,0,0.0,0,0,0.0,2,0.6666666666666666,4446,0.2929839068761529,0.17407407407407408,0.9245283018867925,False,False,True,island
20160316_143547_1281_721,high_quality,0.0981616990897733,22412,False,False,False,1,0.8985293799136042,0.8730586304133705,0.9255309655537544,23759,1,0,0,0,0,0.0,0,0,0.0,0,0.0,0,0.9896718505841208,0.9915458937198068,0.9878048780487804,clean,0.9000457606064588,0.8795945312828998,0.9214706407277702,23479,1,0,0,0,0,0.0,0,0,0.0,0,0.0,0,0.9937703103854996,0.9919816723940436,0.9955654101995566,clean,0.8982329700862028,0.8746512217803015,0.9231215420306428,23654,2,1,1,0,0,0.0,0,0,0.0,1,0.5,1,0.9839685061624436,0.9758342922899884,0.992239467849224,island,0.8928694158073684,0.8607752194795176,0.9274495805814174,24148,1,0,0,0,0,0.0,0,0,0.0,0,0.0,0,0.9918408561971154,0.9903381642512076,0.9933481152993348,clean,0.8929641666313062,0.8471610474890497,0.9440032125642762,24974,1,0,0,0.0,0,0,0.0,0,0.0,0,0.9900285015736652,0.9867310012062728,0.9933481152993348,False,False,False,clean,0.8961686494049825,0.8787956767880944,0.9142423701584356,23316,1,0,0,0.0,0,0,0.0,0,0.0,0,0.9803373651373636,0.9687174139728884,0.992239467849224,False,False,False,clean,0.8912730048340066,0.8491435035549252,0.9378011779399706,24752,1,0,0,0.0,0,0,0.0,0,0.0,0,0.9902676566138039,0.9938650306748467,0.9866962305986696,False,False,False,clean
20160316_143547_1921_1081,high_quality,0.1111330785114889,22761,False,False,False,3,0.8579461891165201,0.8448988285406411,0.8714028381877459,23475,4,1,1,0,0,0.0,1,1,0.3333333333333333,1,0.25,18,0.9170488214666658,0.9584816132858838,0.8790496760259179,mixed,0.8548397525700251,0.8390167541035543,0.871271033785479,23636,3,0,0,0,0,0.0,0,0,0.0,1,0.3333333333333333,101,0.9145760743697188,0.9255202628696604,0.9038876889848813,island,0.8471983170776551,0.8203703703700328,0.8758402530640675,24300,5,2,2,0,0,0.0,1,1,0.3333333333333333,2,0.4,38,0.9119397011249736,0.9327817993795244,0.8920086393088553,mixed,0.8510317060894039,0.8140570465756753,0.8915249769338379,24927,3,0,0,0,0,0.0,0,0,0.0,1,0.3333333333333333,174,0.8954420763874235,0.8967193195625759,0.8941684665226782,island,0.8508213765853918,0.8076907892136256,0.8988181538592773,25329,2,0,0,0.0,0,0,0.0,0,0.0,0,0.9138692226923006,0.9440832249674902,0.8855291576673866,False,False,False,clean,0.8571672391353536,0.8331536164561906,0.882606212380439,24112,3,0,0,0.0,0,0,0.0,1,0.3333333333333333,1,0.912927820904082,0.91991341991342,0.906047516198704,False,False,True,island,0.8468376208420354,0.7931934159533464,0.908264136021744,26063,3,0,0,0.0,0,0,0.0,1,0.3333333333333333,106,0.9066823297271752,0.9116915422885572,0.9017278617710583,False,False,True,island
20160316_143547_1_1,boundary_margin_error,0.1383698646544496,16698,False,False,True,1,0.7825975441631295,0.8421306837777947,0.7309258593839196,14493,1,0,0,0,0,0.0,0,0,0.0,0,0.0,0,0.7978349436021273,0.9184397163120568,0.7052280311457174,clean,0.7867004068032971,0.8456717856891084,0.735417415258872,14521,1,0,0,0,0,0.0,0,0,0.0,0,0.0,0,0.817069586260498,0.9392361111111112,0.7230255839822024,clean,0.7711322442755654,0.8631407165634128,0.6968499221459474,13481,2,1,1,0,0,0.0,0,0,0.0,1,0.5,1,0.7794526381173411,0.9456140350877194,0.6629588431590656,island,0.7820213208692314,0.840085287845904,0.7314648460889139,14539,1,0,0,0,0,0.0,0,0,0.0,0,0.0,0,0.8280882176453754,0.9458987783595112,0.7363737486095662,clean,0.770987537166834,0.8170421024397847,0.729847885973931,14916,1,0,0,0.0,0,0,0.0,0,0.0,0,0.8239331031865762,0.9442508710801394,0.7308120133481646,False,False,False,clean,0.7645781006039085,0.8824036352233763,0.6745119175945176,12764,3,0,0,0.0,1,1,1.0,1,0.3333333333333333,1,0.7479643826484453,0.9333333333333332,0.6240266963292548,False,True,True,mixed,0.775544809394971,0.8152231317660317,0.7395496466638283,15148,1,0,0,0.0,0,0,0.0,0,0.0,0,0.8200512773922863,0.9433628318584071,0.7252502780867631,False,False,False,clean
20160316_143547_641_1,boundary_margin_error,0.166044776119403,1340,False,False,True,1,0.8409775694648779,0.7625986642333783,0.937313432828826,1647,1,0,0,0,0,0.0,0,0,0.0,0,0.0,0,0.954241645244216,0.9775280898876404,0.9320388349514565,clean,0.8406988694729678,0.7770740975251611,0.9156716417842116,1579,1,0,0,0,0,0.0,0,0,0.0,0,0.0,0,0.959563834620627,0.9887640449438202,0.9320388349514565,clean,0.8427197802168863,0.780534351140073,0.9156716417842116,1572,1,0,0,0,0,0.0,0,0,0.0,0,0.0,0,0.960326324479192,0.9903846153846154,0.9320388349514565,clean,0.8366197183069134,0.79199999999472,0.8865671641724884,1500,1,0,0,0,0,0.0,0,0,0.0,0,0.0,0,0.954450527741717,0.9888888888888888,0.9223300970873788,clean,0.8420707732606748,0.7505841121451485,0.9589552238734408,1712,1,0,0,0.0,0,0,0.0,0,0.0,0,0.9643160097268564,0.9775280898876404,0.9514563106796116,False,False,False,clean,0.8404332129933558,0.8139860139803219,0.868656716411428,1430,1,0,0,0.0,0,0,0.0,0,0.0,0,0.9543147208121828,1.0,0.912621359223301,False,False,False,clean,0.8491251238004321,0.7613972764904595,0.9597014925301516,1689,1,0,0,0.0,0,0,0.0,0,0.0,0,0.9594245251208272,0.9777777777777777,0.941747572815534,False,False,False,clean
20160316_143547_641_361,high_quality,0.139226914817466,13970,False,False,False,2,0.9023192822072448,0.8560873755214544,0.9538296349313145,15565,1,-1,1,0,0,0.0,0,0,0.0,0,0.0,0,0.966159420716105,0.9633431085043987,0.9689922480620154,clean,0.902166865722265,0.8620149983691803,0.9462419470286711,15335,1,-1,1,0,0,0.0,0,0,0.0,0,0.0,0,0.9676326104445168,0.9586894586894588,0.9767441860465116,clean,0.9001431395266511,0.8590944574545543,0.9453113815311772,15372,1,-1,1,0,0,0.0,0,0,0.0,0,0.0,0,0.9640221634799068,0.9565846599131692,0.9715762273901808,clean,0.9054689096230656,0.8635359833717435,0.9516821760909436,15396,1,-1,1,0,0,0.0,0,0,0.0,0,0.0,0,0.9633629214727616,0.952802359882006,0.9741602067183462,clean,0.8883444400885638,0.8170292032202757,0.973299928417342,16642,1,0,0,0.0,0,0,0.0,0,0.0,0,0.9608624954421372,0.9442815249266864,0.9780361757105944,False,False,False,clean,0.9028256855158696,0.879505804086023,0.9274158911947548,14731,1,0,0,0.0,0,0,0.0,0,0.0,0,0.9607531818844997,0.948936170212766,0.9728682170542636,False,False,False,clean,0.8935109811606161,0.8337570533882099,0.9624910522541428,16127,1,0,0,0.0,0,0,0.0,0,0.0,0,0.9631649640597504,0.9511834319526628,0.975452196382429,False,False,False,clean
20160316_143547_641_721,moderate_general_error,0.2602040816326531,1078,True,False,False,2,0.6443361753919347,0.9379432623947171,0.4907235621475814,564,1,-1,1,0,0,0.0,0,0,0.0,0,0.0,0,0.4848676913325939,0.8717948717948718,0.3358208955223881,clean,0.6763602251375406,0.6840607210561285,0.6688311688249645,1054,3,1,1,0,0,0.0,0,0,0.0,2,0.6666666666666666,28,0.5991461798910644,0.6547619047619048,0.5522388059701493,island,0.6657032755266585,0.6923847695321405,0.6410018552816235,998,4,2,2,0,0,0.0,0,0,0.0,3,0.75,3,0.5935362113706064,0.6415094339622641,0.5522388059701493,island,0.6466766616659337,0.7009750812491768,0.6001855287513898,923,3,1,1,0,0,0.0,0,0,0.0,2,0.6666666666666666,95,0.5492558469170801,0.6756756756756757,0.4626865671641791,island,0.6753709198772976,0.9373970345809324,0.5278293135387029,607,1,0,0,0.0,0,0,0.0,0,0.0,0,0.5820105820105821,1.0,0.4104477611940298,False,False,False,clean,0.6042983565069261,0.9484126983938806,0.4434137291239016,504,2,0,0,0.0,0,0,0.0,1,0.5,1,0.472822691490691,0.8979591836734694,0.3208955223880597,False,False,True,island,0.6503118503091463,0.5892991710581063,0.7254174396964248,1327,1,0,0,0.0,0,0,0.0,0,0.0,0,0.5558524853019775,0.52,0.5970149253731343,False,False,False,clean
20160318_181632_1281_1081,high_quality,0.0762042053984192,20117,False,False,False,1,0.8746951293132563,0.8505212735977973,0.9002833424462393,21294,1,0,0,0,0,0.0,0,0,0.0,0,0.0,0,0.9753002168556704,0.9889908256880734,0.9619834710743802,clean,0.8635211542208854,0.8470475735114286,0.8806482079828599,20915,1,0,0,0,0,0.0,0,0,0.0,0,0.0,0,0.9669555158365172,0.9912739965095986,0.943801652892562,clean,0.8783898305082679,0.8342798372307676,0.9274245662867588,22363,2,1,1,0,0,0.0,1,1,1.0,0,0.0,0,0.9852727985415902,0.9955489614243324,0.975206611570248,fragment,0.8894625674722156,0.8424843284573679,0.9419893622304808,22493,1,0,0,0,0,0.0,0,0,0.0,0,0.0,0,0.9851232280194384,0.9901315789473684,0.9801652892561984,clean,0.8617174751079958,0.8218893801313625,0.9056022269717624,22166,1,0,0,0.0,0,0,0.0,0,0.0,0,0.983754140712916,0.9924528301886792,0.975206611570248,False,False,False,clean,0.8819887792607657,0.8587708971034336,0.9064969925928784,21235,6,0,0,0.0,1,5,1.0,0,0.0,0,0.9758842347307802,0.9815864022662888,0.9702479338842976,False,True,False,fragment,0.8661656241245295,0.8164297971572066,0.9223542277671013,22727,1,0,0,0.0,0,0,0.0,0,0.0,0,0.9807904602092186,0.988135593220339,0.9735537190082645,False,False,False,clean
20160318_181632_1281_361,complex_topology,0.067426337623657,37604,False,False,False,8,0.8505655431777471,0.9159354482417268,0.7939049037334343,32594,1,-7,7,1,6,0.75,0,0,0.0,0,0.0,0,0.94587113935843,0.991869918699187,0.9039497307001796,merge,0.8519687513388007,0.9201604195585624,0.7931868950109582,32415,1,-7,7,1,6,0.75,0,0,0.0,0,0.0,0,0.9455557995087648,0.9826839826839828,0.9111310592459604,merge,0.8548172851368094,0.9120680296722418,0.804329326667162,33162,2,-6,6,1,6,0.75,0,0,0.0,1,0.5,1,0.9306893276008004,0.9704301075268816,0.8940754039497307,mixed,0.852133238837583,0.9123717598491736,0.7993564514411235,32946,1,-7,7,1,6,0.75,0,0,0.0,0,0.0,0,0.9394260312479572,0.9726027397260274,0.9084380610412928,merge,0.8583951069645624,0.9130838879891728,0.8098872460374402,33354,1,1,6,0.75,0,0,0.0,0,0.0,0,0.9358900908028576,0.9928656361474436,0.8850987432675045,True,False,False,merge,0.8510589052191803,0.9331303134117076,0.7822572066799325,31524,1,1,6,0.75,0,0,0.0,0,0.0,0,0.9296411450655898,0.9598715890850722,0.9012567324955116,True,False,False,merge,0.859610871165184,0.8996017789143681,0.8230241463671889,34403,1,1,6,0.75,0,0,0.0,0,0.0,0,0.9442386685909793,0.9893617021276596,0.9030520646319569,True,False,False,merge
20160318_181632_1281_721,high_quality,0.0582499770579058,21794,False,False,False,1,0.9015593653107556,0.8959220661527431,0.9072680554276832,22070,1,0,0,0,0,0.0,0,0,0.0,0,0.0,0,0.9424945695667084,0.9892008639308856,0.9,clean,0.9034901090939969,0.891504377344608,0.9158025144530992,22388,2,1,1,0,0,0.0,0,0,0.0,1,0.5,13,0.9481427992628704,0.9742063492063492,0.9234375,island,0.887472891094666,0.8654340906114047,0.910663485362526,22933,10,9,9,0,0,0.0,0,0,0.0,9,0.9,419,0.847091959656765,0.793984962406015,0.9078125,island,0.8979922571349379,0.881328974109357,0.9152977883817036,22634,1,0,0,0,0,0.0,0,0,0.0,0,0.0,0,0.9482332531382464,0.9761431411530817,0.921875,clean,0.8881510593122628,0.8745996441277248,0.90212902633711,22480,2,0,0,0.0,0,0,0.0,1,0.5,52,0.9163896989073534,0.9402061855670104,0.89375,False,False,True,island,0.8975382414690037,0.9026404937579922,0.8924933467922856,21549,13,0,0,0.0,0,0,0.0,12,0.9230769230769232,57,0.9085370942168072,0.9271844660194176,0.890625,False,False,True,island,0.8954114557833248,0.8692965779463925,0.9231439845824891,23144,2,0,0,0.0,0,0,0.0,1,0.5,4,0.9426908346813776,0.9749478079331941,0.9125,False,False,True,island
20160318_181632_1921_1,complex_topology,0.1121312756397733,5119,False,False,False,5,0.7840679336829922,0.812486905508459,0.7575698378574769,4773,1,-4,4,1,3,0.6,0,0,0.0,0,0.0,0,0.7061460547044334,0.7515923566878981,0.6658823529411765,merge,0.7728242104186321,0.8047800338392455,0.7433092400845023,4728,1,-4,4,1,3,0.6,0,0,0.0,0,0.0,0,0.7010949501552541,0.7317073170731707,0.6729411764705883,merge,0.7599481400211828,0.7762836185803255,0.7442859933566238,4908,1,-4,4,1,3,0.6,0,0,0.0,0,0.0,0,0.7142580676375246,0.7640117994100295,0.6705882352941176,merge,0.773192677628738,0.821538461536656,0.7302207462380734,4550,1,-4,4,1,3,0.6,0,0,0.0,0,0.0,0,0.7122774133083412,0.759493670886076,0.6705882352941176,merge,0.7749546279484019,0.8007918316299213,0.7507325649526261,4799,1,1,3,0.6,0,0,0.0,0,0.0,0,0.7111430161727451,0.7539432176656151,0.6729411764705883,True,False,False,merge,0.770757737459156,0.8494471888947319,0.7054112131261859,4251,1,1,3,0.6,0,0,0.0,0,0.0,0,0.7195800764308479,0.8067484662576687,0.6494117647058824,True,False,False,merge,0.7732121691023575,0.7820179820164196,0.7646024614167521,5005,2,1,3,0.6,0,0,0.0,1,0.5,20,0.7017468212780593,0.7331288343558282,0.6729411764705883,True,False,True,mixed
20160318_181632_1921_361,high_quality,0.0610269862088152,25161,False,False,False,1,0.8764272712227212,0.913816158391531,0.8419776638445046,23183,2,1,1,0,0,0.0,1,1,1.0,0,0.0,0,0.9363104126267712,0.9803646563814866,0.896045197740113,fragment,0.8831630019612092,0.9189653690809836,0.8500457056552402,23274,2,1,1,0,0,0.0,1,1,1.0,0,0.0,0,0.9380754133460212,0.9815303430079156,0.8983050847457628,fragment,0.8821572332208819,0.9127108920144013,0.8535829259564987,23531,2,1,1,0,0,0.0,1,1,1.0,0,0.0,0,0.9412653900824955,0.984468339307049,0.9016949152542372,fragment,0.8792561983469258,0.915615990360637,0.845673860339078,23239,2,1,1,0,0,0.0,1,1,1.0,0,0.0,0,0.9363829984257802,0.9846153846153848,0.8926553672316384,fragment,0.8916462212925046,0.9024628536532048,0.8810858073999915,24565,2,0,0,0.0,1,1,1.0,0,0.0,0,0.9433527533121072,0.9823369565217392,0.9073446327683616,False,True,False,fragment,0.8731843692849152,0.92673567731531,0.8254838837880746,22412,2,0,0,0.0,1,1,1.0,0,0.0,0,0.935542154415845,0.9868995633187772,0.8892655367231639,False,True,False,fragment,0.8840905376693733,0.9095456264970326,0.8600214617857557,23791,2,0,0,0.0,1,1,1.0,0,0.0,0,0.9375836160325972,0.995702005730659,0.8858757062146893,False,True,False,fragment
20160318_181632_1_1,high_quality,0.0497489161286298,32061,False,False,False,1,0.9425679909761652,0.9468697869122952,0.9383051058916008,31771,1,0,0,0,0,0.0,0,0,0.0,0,0.0,0,0.9875854871915176,0.98468606431853,0.9905020352781548,clean,0.9400386847193904,0.9327785284360236,0.9474127444555854,32564,1,0,0,0,0,0.0,0,0,0.0,0,0.0,0,0.9848949718990396,0.9793510324483776,0.9905020352781548,clean,0.9348922655372812,0.9332939603988272,0.9364960543960148,32171,1,0,0,0,0,0.0,0,0,0.0,0,0.0,0,0.9804248029576926,0.9692513368983956,0.9918588873812756,clean,0.93779126137664,0.9403794887875364,0.9352172421318938,31885,1,0,0,0,0,0.0,0,0,0.0,0,0.0,0,0.9883131119823118,0.9834586466165414,0.9932157394843962,clean,0.9416585184149026,0.937164040778209,0.9461963132775192,32370,1,0,0,0.0,0,0,0.0,0,0.0,0,0.9927026338963386,0.9908396946564886,0.994572591587517,False,False,False,clean,0.9351833001862074,0.9390803874698268,0.9313184242534758,31796,1,0,0,0.0,0,0,0.0,0,0.0,0,0.9774170827594424,0.960843373493976,0.994572591587517,False,False,False,clean,0.9368036557593592,0.9184297272996949,0.9559277627020505,33370,1,0,0,0.0,0,0,0.0,0,0.0,0,0.9949127616852731,0.995253164556962,0.994572591587517,False,False,False,clean
20160318_181632_1_361,high_quality,0.0613511029411764,4352,False,False,False,2,0.9355281207122365,0.930846223837737,0.940257352939016,4396,1,-1,1,1,2,1.0,0,0,0.0,0,0.0,0,0.926513770271567,0.9490445859872612,0.905027932960894,merge,0.909493302270344,0.9222773446706302,0.8970588235273506,4233,1,-1,1,1,2,1.0,0,0,0.0,0,0.0,0,0.8542895520644747,0.9578313253012049,0.770949720670391,merge,0.9369723603551092,0.9431897555274896,0.9308363970566846,4295,3,1,1,1,2,1.0,0,0,0.0,2,0.6666666666666666,6,0.912632164718976,0.9090909090909092,0.9162011173184358,mixed,0.9419974831244228,0.9380268853931693,0.9460018382331205,4389,1,-1,1,1,2,1.0,0,0,0.0,0,0.0,0,0.9236707994219212,0.9371069182389936,0.9106145251396648,merge,0.9002603871834027,0.8873019415289282,0.9136029411743714,4481,1,1,2,1.0,0,0,0.0,0,0.0,0,0.8408028594995874,0.9166666666666666,0.776536312849162,True,False,False,merge,0.9368273280288524,0.954242135364742,0.9200367647037684,4196,1,1,2,1.0,0,0,0.0,0,0.0,0,0.9213625995587632,0.9506172839506172,0.8938547486033519,True,False,False,merge,0.9120788824968751,0.9323254139646453,0.8926930147038311,4167,1,0,0,0.0,0,0,0.0,0,0.0,0,0.8376623376623377,1.0,0.7206703910614525,False,False,False,clean
20160318_181632_641_1,high_quality,0.0938822624086187,2599,False,False,False,2,0.8807415036027173,0.947695035456792,0.8226240861838299,2256,1,-1,1,0,0,0.0,0,0,0.0,0,0.0,0,0.8830409356725146,1.0,0.7905759162303665,clean,0.9065868263454958,0.941932807959594,0.8737976144637407,2411,2,0,0,0,0,0.0,1,1,0.5,0,0.0,0,0.929971988795518,1.0,0.8691099476439791,fragment,0.7884115884100131,0.8200332502044055,0.7591381300470984,2406,5,3,3,0,0,0.0,0,0,0.0,4,0.8,332,0.7450855551134103,0.7045454545454546,0.7905759162303665,island,0.795224149581448,0.9592391304295694,0.6791073489777641,1840,1,-1,1,0,0,0.0,0,0,0.0,0,0.0,0,0.8528528528528528,1.0,0.743455497382199,clean,0.8110559274437248,0.9242125984206486,0.722585609847162,2032,2,0,0,0.0,0,0,0.0,1,0.5,16,0.8044455976474659,0.9726027397260274,0.6858638743455497,False,False,True,island,0.7306501547970216,0.958749999994008,0.5902270103863401,1600,6,0,0,0.0,0,0,0.0,5,0.8333333333333334,7,0.7636476575005376,0.9492753623188406,0.6387434554973822,False,False,True,island,0.9155206286818949,0.9353673223567428,0.8964986533247538,2491,1,0,0,0.0,0,0,0.0,0,0.0,0,0.9085714285714286,1.0,0.8324607329842932,False,False,False,clean
20160318_181632_641_361,high_quality,0.0411503864183453,39465,False,False,False,1,0.9060681629258968,0.9621024458298564,0.8562016977066119,35121,1,0,0,0,0,0.0,0,0,0.0,0,0.0,0,0.9828220858895704,1.0,0.9662243667068756,clean,0.9125256673510084,0.9561632426427108,0.8726973267449962,36020,1,0,0,0,0,0.0,0,0,0.0,0,0.0,0,0.9828220858895704,1.0,0.9662243667068756,clean,0.920732027516552,0.9553218732119336,0.8885594830860539,36707,3,2,2,0,0,0.0,0,0,0.0,2,0.6666666666666666,2,0.9838489218301452,0.9957219251336898,0.9722557297949336,island,0.9101144629866136,0.9635323763410732,0.8623083745088402,35319,1,0,0,0,0,0.0,0,0,0.0,0,0.0,0,0.9795472292541916,0.9945205479452056,0.9650180940892642,clean,0.9195690827318116,0.9498960105877564,0.8911187127832533,37023,1,0,0,0.0,0,0,0.0,0,0.0,0,0.9826691861813944,0.9971139971139972,0.9686369119420988,False,False,False,clean,0.90525805669966,0.965624192297474,0.8519954389963634,34821,2,0,0,0.0,0,0,0.0,1,0.5,1,0.9795630518219413,0.9958376690946932,0.9638118214716526,False,False,True,island,0.9255240730920732,0.9451164756217462,0.9067274800453804,37862,1,0,0,0.0,0,0,0.0,0,0.0,0,0.9839599450386468,0.9972183588317107,0.971049457177322,False,False,False,clean
20160318_181632_641_721,false_crack_high_fp,0.2854700854700854,1170,True,False,False,1,0.2571268865284996,0.1479099678454689,0.982905982897582,7775,2,1,1,0,0,0.0,0,0,0.0,1,0.5,14,0.2470588235294117,0.1409395973154362,1.0,island,0.2506587237939618,0.1447281386424861,0.9350427350347432,7559,3,2,2,0,0,0.0,0,0,0.0,2,0.6666666666666666,13,0.2173484760690694,0.1220472440944882,0.9918032786885246,island,0.1882533001718227,0.1212718757699746,0.4205128205092264,4057,3,2,2,0,0,0.0,0,0,0.0,2,0.6666666666666666,2835,0.2461556800572177,0.1650943396226415,0.4836065573770491,island,0.2432016418673124,0.1430727437365785,0.810256410249485,6626,2,1,1,0,0,0.0,0,0,0.0,1,0.5,3842,0.2301620083528385,0.1378504672897196,0.6967213114754098,island,0.2562735953805726,0.1472690148032832,0.9863247863163564,7836,1,0,0,0.0,0,0,0.0,0,0.0,0,0.2581967213114754,0.148235294117647,1.0,False,False,False,clean,0.2980874316935819,0.1773983739834513,0.9324786324706626,6150,3,0,0,0.0,0,0,0.0,2,0.6666666666666666,3221,0.2651558073654391,0.1538461538461538,0.9590163934426228,False,False,True,island,0.25114614782483374,0.14447446288415738,0.9598290598208562,7773,2,0,0,0.0,0,0,0.0,1,0.5,4503,0.2600730077829052,0.15023474178403756,0.9672131147540983,False,False,True,island
20160321_183947_1281_361,boundary_margin_error,0.0881410256410256,2184,False,False,True,1,0.8191986983916633,0.7369191364773622,0.9221611721569498,2733,1,0,0,0,0,0.0,0,0,0.0,0,0.0,0,0.8802816901408451,0.7861635220125787,1.0,clean,0.8259650636169378,0.7806767223775758,0.876831501827487,2453,2,1,1,0,0,0.0,0,0,0.0,1,0.5,99,0.8364036005861419,0.7349397590361446,0.9703703703703704,island,0.7528335653196404,0.6653778558851833,0.8667582417542731,2845,6,5,5,0,0,0.0,0,0,0.0,5,0.8333333333333334,535,0.7289561905630687,0.583732057416268,0.9703703703703704,island,0.8335858039367375,0.7903159622454234,0.8818681318640941,2437,1,0,0,0,0,0.0,0,0,0.0,0,0.0,0,0.8920863309352518,0.8051948051948052,1.0,clean,0.8364104765976033,0.787388843974182,0.891941391937308,2474,3,0,0,0.0,0,0,0.0,2,0.6666666666666666,17,0.8541666666666666,0.7454545454545455,1.0,False,False,True,island,0.7795793163874243,0.7474789915934981,0.81456043955671,2380,3,0,0,0.0,0,0,0.0,2,0.6666666666666666,319,0.7863777089783281,0.675531914893617,0.9407407407407408,False,False,True,island,0.7705479452040135,0.6591796874978543,0.9271978021935569,3072,2,0,0,0.0,0,0,0.0,1,0.5,409,0.8160535117056855,0.6892655367231638,1.0,False,False,True,island
20160321_183947_1281_721,high_quality,0.0495880912242755,31439,False,False,False,1,0.9335972477495116,0.9223105096527028,0.9451636502430276,32218,1,0,0,0,0,0.0,0,0,0.0,0,0.0,0,0.99198242441016,0.9913294797687862,0.9926362297496318,clean,0.9317660459743184,0.9269121813028244,0.9366710137087896,31770,1,0,0,0,0,0.0,0,0,0.0,0,0.0,0,0.986721283645992,0.9896602658788776,0.98379970544919,clean,0.9342566011544632,0.9266560280356312,0.941982887496122,31959,2,1,1,0,0,0.0,0,0,0.0,1,0.5,71,0.9639616041283762,0.938212927756654,0.9911634756995582,island,0.9303683025091314,0.9278957193023926,0.9328540984125028,31607,1,0,0,0,0,0.0,0,0,0.0,0,0.0,0,0.9940805408544248,0.9955290611028316,0.9926362297496318,clean,0.9299964068674244,0.913821687338538,0.9467540316164804,32572,2,0,0,0.0,0,0,0.0,1,0.5,27,0.9851614383143948,0.9865269461077844,0.98379970544919,False,False,True,island,0.9272057422344968,0.9258237402083768,0.928591876331649,31533,3,0,0,0.0,0,0,0.0,2,0.6666666666666666,211,0.9468792728761948,0.9063829787234042,0.9911634756995582,False,False,True,island,0.9262461538460114,0.8969637376714351,0.9575050097010218,33561,2,0,0,0.0,0,0,0.0,1,0.5,72,0.9859422931187519,0.9779086892488954,0.9941089837997055,False,False,True,island
20160321_183947_1921_721,high_quality,0.05143389447069,30058,False,False,False,1,0.9167852644319712,0.9018118623882786,0.9322642890408768,31073,1,0,0,0,0,0.0,0,0,0.0,0,0.0,0,0.9835018261799544,0.979328165374677,0.9877112135176652,clean,0.9063093171529542,0.8844558437032125,0.9292700778491818,31581,1,0,0,0,0,0.0,0,0,0.0,0,0.0,0,0.9732219721798492,0.9665071770334928,0.980030721966206,clean,0.907980941036181,0.9030803659577098,0.9129349923478232,30386,1,0,0,0,0,0.0,0,0,0.0,0,0.0,0,0.9782341343432176,0.9616580310880828,0.9953917050691244,clean,0.9115968031314776,0.8941827723022865,0.9297025750213156,31252,1,0,0,0,0,0.0,0,0,0.0,0,0.0,0,0.980005275652862,0.9650872817955112,0.9953917050691244,clean,0.9146759857658872,0.8788984636140701,0.9534899194886708,32609,1,0,0,0.0,0,0,0.0,0,0.0,0,0.9860335195530728,0.9724517906336088,1.0,False,False,False,clean,0.8995351326041103,0.9042832167829128,0.8948366491446886,29744,2,0,0,0.0,0,0,0.0,1,0.5,1,0.9821331889550622,0.9648936170212766,1.0,False,False,True,island,0.905980172689334,0.8721753586599125,0.9425111451191222,32482,1,0,0,0.0,0,0,0.0,0,0.0,0,0.9764723524261465,0.972939729397294,0.9800307219662059,False,False,False,clean
20160321_183947_1_721,high_quality,0.036605308398675,47698,False,False,False,1,0.896902588657699,0.8555198203511418,0.9424923476873364,52547,2,1,1,0,0,0.0,1,1,1.0,0,0.0,0,0.984313146629809,0.9814814814814816,0.9871611982881596,fragment,0.8831491796483171,0.8527614548150533,0.9157826323952964,51223,2,1,1,0,0,0.0,1,1,1.0,0,0.0,0,0.9685283850272036,0.9771505376344086,0.9600570613409416,fragment,0.9109886219973794,0.8800242296342342,0.9442114973372168,51177,7,6,6,0,0,0.0,0,0,0.0,6,0.8571428571428571,37,0.9594121763470956,0.921990585070612,1.0,island,0.8814176263954754,0.8264068549199416,0.9442743930561148,54501,1,0,0,0,0,0.0,0,0,0.0,0,0.0,0,0.9766623470380652,0.957002457002457,0.9971469329529244,clean,0.9078343795267072,0.8726165151806474,0.9460145079456276,51710,1,0,0,0.0,0,0,0.0,0,0.0,0,0.9894736842105264,0.9791666666666666,1.0,False,False,False,clean,0.8730272814697704,0.8440699199403285,0.9040420982009928,51087,8,0,0,0.0,1,1,1.0,6,0.75,8,0.9013454891402166,0.8585388552815263,0.948644793152639,False,True,True,mixed,0.8819923674687203,0.8345494686422626,0.9351545138158969,53448,2,0,0,0.0,1,1,1.0,0,0.0,0,0.9804953769319026,0.9896907216494846,0.9714693295292439,False,True,False,fragment
20160321_183947_641_721,high_quality,0.0495744744835052,33253,False,False,False,1,0.918539523000559,0.8613363521480463,0.9838811535798324,37984,1,0,0,0,0,0.0,0,0,0.0,0,0.0,0,0.9883521910338292,0.9928263988522238,0.9839181286549707,clean,0.905274770736964,0.8359991849623464,0.987068835894209,39262,1,0,0,0,0,0.0,0,0,0.0,0,0.0,0,0.979130994080886,0.9715394566623544,0.986842105263158,clean,0.9144798467710216,0.8544965250559508,0.9835202838838653,38274,2,1,1,0,0,0.0,1,1,1.0,0,0.0,0,0.9631289284532796,0.9405286343612336,0.986842105263158,fragment,0.9080569772117631,0.8426865056889146,0.984422458123783,38846,1,0,0,0,0,0.0,0,0,0.0,0,0.0,0,0.9853661397694946,0.9838945827232796,0.986842105263158,clean,0.9027578183807702,0.828393449211085,0.9917902144164462,39812,1,0,0,0.0,0,0,0.0,0,0.0,0,0.9819413092550788,0.977088948787062,0.986842105263158,False,False,False,clean,0.921050021957965,0.8706878080134802,0.9775960063750708,37336,1,0,0,0.0,0,0,0.0,0,0.0,0,0.9676177407370676,0.9504843918191604,0.9853801169590644,False,False,False,clean,0.8922844338857389,0.8094829908645859,0.9939554325922492,40831,1,0,0,0.0,0,0,0.0,0,0.0,0,0.9868228117851766,0.9868035190615836,0.9868421052631579,False,False,False,clean
20160321_185557_1281_721,high_quality,0.0759871352733754,25807,False,False,False,3,0.884671475306278,0.900140364948506,0.8697252683377108,24935,1,-2,2,0,0,0.0,0,0,0.0,0,0.0,0,0.9241516753346406,0.9957627118644068,0.8621495327102804,clean,0.8849836569888705,0.8782963782769613,0.8917735498117209,26203,1,-2,2,1,2,0.6666666666666666,0,0,0.0,0,0.0,0,0.9302369668246446,0.9929178470254958,0.875,merge,0.8772932679307719,0.8744562078918674,0.8801487968377261,25975,1,-2,2,1,2,0.6666666666666666,0,0,0.0,0,0.0,0,0.9260091423258696,0.9863013698630136,0.8726635514018691,merge,0.8742119021988171,0.867376129991659,0.8811562754288057,26217,1,-2,2,1,2,0.6666666666666666,0,0,0.0,0,0.0,0,0.927816494397806,0.9859353023909986,0.8761682242990654,merge,0.8722428725068639,0.8500294204174573,0.8956484674697192,27192,1,1,2,0.6666666666666666,0,0,0.0,0,0.0,0,0.9270581718336792,0.9886845827439888,0.8726635514018691,True,False,False,merge,0.8862434378718437,0.8927419988987604,0.8798388034250862,25434,3,1,2,0.6666666666666666,0,0,0.0,2,0.6666666666666666,2,0.923701563131572,0.9723698193411264,0.8796728971962616,True,False,True,mixed,0.866994892220157,0.8270827469740968,0.9109543922188124,28424,1,1,2,0.6666666666666666,0,0,0.0,0,0.0,0,0.9308760278362289,0.9869375907111756,0.8808411214953271,True,False,False,merge
20160321_185557_1921_1,high_quality,0.0998475609756097,10496,False,False,False,1,0.8651731160892214,0.8240365548747098,0.910632621950352,11599,1,0,0,0,0,0.0,0,0,0.0,0,0.0,0,0.9793510324483776,0.9595375722543352,1.0,clean,0.8488563180098384,0.7950744654290747,0.9104420731698644,12019,1,0,0,0,0,0.0,0,0,0.0,0,0.0,0,0.956043956043956,0.9157894736842104,1.0,clean,0.8715764404136339,0.8392132651253843,0.906535823169868,11338,1,0,0,0,0,0.0,0,0,0.0,0,0.0,0,0.9595238095238096,0.9221967963386728,1.0,clean,0.855061586684537,0.796709173179106,0.922637195121072,12155,1,0,0,0,0,0.0,0,0,0.0,0,0.0,0,0.9701492537313432,0.9420289855072465,1.0,clean,0.8529320919556753,0.7943617983062428,0.9208269817064396,12167,1,0,0,0.0,0,0,0.0,0,0.0,0,0.9876923076923076,0.9756838905775076,1.0,False,False,False,clean,0.8711337858147536,0.8345989351480888,0.911013719511327,11457,1,0,0,0.0,0,0,0.0,0,0.0,0,0.975609756097561,0.9523809523809524,1.0,False,False,False,clean,0.8411052035209443,0.7751004016058031,0.9193978658527825,12450,1,0,0,0.0,0,0,0.0,0,0.0,0,0.9585798816568047,0.9204545454545454,1.0,False,False,False,clean
20160321_185557_1921_1081,boundary_margin_error,0.0930928033957167,10366,False,False,True,1,0.8078562874247627,0.8023598820051362,0.8134285163025144,10509,1,0,0,0,0,0.0,0,0,0.0,0,0.0,0,0.9509826273311752,0.9321533923303836,0.9705882352941176,clean,0.8117244931400422,0.7886452552080896,0.8361952537132584,10991,1,0,0,0,0,0.0,0,0,0.0,0,0.0,0,0.9307687661869352,0.8808933002481389,0.9866310160427808,clean,0.8225225646537798,0.7982209312872849,0.8483503762291642,11017,1,0,0,0,0,0.0,0,0,0.0,0,0.0,0,0.9171279272305012,0.8692493946731235,0.9705882352941176,clean,0.8338041431257844,0.8143277542755063,0.8542349990344836,10874,1,0,0,0,0,0.0,0,0,0.0,0,0.0,0,0.9595755474057996,0.946268656716418,0.9732620320855616,clean,0.8139036945921306,0.7710832973666196,0.8617595986871871,11585,1,0,0,0.0,0,0,0.0,0,0.0,0,0.9515308650130464,0.923529411764706,0.9812834224598932,False,False,False,clean,0.8273200848925201,0.8273200848921209,0.8273200848921209,10366,1,0,0,0.0,0,0,0.0,0,0.0,0,0.9421282703725452,0.9200968523002422,0.96524064171123,False,False,False,clean,0.8070408208390575,0.7451204573289137,0.8801852209136791,12245,1,0,0,0.0,0,0,0.0,0,0.0,0,0.9594935194757482,0.9386503067484663,0.9812834224598931,False,False,False,clean
20160321_185557_1921_361,boundary_margin_error,0.1409307244843997,9455,False,False,True,2,0.7652327488327803,0.6351389082782108,0.9623479640391724,14326,1,-1,1,1,2,1.0,0,0,0.0,0,0.0,0,0.95148195199297,0.9183168316831684,0.9871323529411764,merge,0.7534309431440565,0.6220553795284323,0.9551560021142728,14518,1,-1,1,1,2,1.0,0,0,0.0,0,0.0,0,0.906423276995484,0.8392434988179669,0.9852941176470588,merge,0.7408766734784414,0.6116237432856275,0.9393971443670656,14522,1,-1,1,1,2,1.0,0,0,0.0,0,0.0,0,0.8812808548048962,0.7971311475409836,0.9852941176470588,merge,0.6973875737375709,0.5466938922583948,0.96277102062299,16651,2,0,0,1,2,1.0,0,0,0.0,1,0.5,1572,0.847944675435634,0.7431578947368421,0.9871323529411764,mixed,0.7373811265541992,0.5987723582597856,0.9594923320984036,15151,1,1,2,1.0,0,0,0.0,0,0.0,0,0.9195511747566796,0.85785536159601,0.9908088235294118,True,False,False,merge,0.7321899736144738,0.5999594621980947,0.9391856160751568,14801,1,1,2,1.0,0,0,0.0,0,0.0,0,0.7820484269726536,0.6499162479061976,0.9816176470588236,True,False,False,merge,0.7295475642730235,0.5898707740500001,0.9558963511359535,15322,1,1,2,1.0,0,0,0.0,0,0.0,0,0.908441306231389,0.844059405940594,0.9834558823529411,True,False,False,merge
20160321_185557_1921_721,high_quality,0.0627511181866424,26382,False,False,False,1,0.8880106464489882,0.9486472514212696,0.8346599954511278,23212,2,1,1,0,0,0.0,0,0,0.0,1,0.5,50,0.9648577685542956,0.9710144927536232,0.9587786259541984,island,0.9082195982209575,0.918715582098457,0.8979607308009635,25786,1,0,0,0,0,0.0,0,0,0.0,0,0.0,0,0.9745183164261406,0.9907834101382488,0.9587786259541984,clean,0.880245690509039,0.9221604118229316,0.8419755894167076,24088,2,1,1,0,0,0.0,0,0,0.0,1,0.5,1,0.9590242043072232,0.9577464788732394,0.9603053435114504,island,0.910754218336892,0.8886644786666827,0.9339701311496724,27727,1,0,0,0,0,0.0,0,0,0.0,0,0.0,0,0.9745456325651414,0.978125,0.9709923664122138,clean,0.9108968740868808,0.9367864439366514,0.8863998180574306,24963,1,0,0,0.0,0,0,0.0,0,0.0,0,0.9806596308988494,0.990521327014218,0.9709923664122138,False,False,False,clean,0.8960928232501305,0.8767863619873497,0.916268668030886,27570,4,0,0,0.0,1,3,1.0,0,0.0,0,0.9248263681206944,0.8803418803418803,0.9740458015267176,False,True,False,fragment,0.9041390366536283,0.8703963521568325,0.9406034417402241,28510,1,0,0,0.0,0,0,0.0,0,0.0,0,0.9730558026101163,0.9782270606531882,0.9679389312977099,False,False,False,clean
20160321_185557_1_361,false_crack_high_fp,0.1260032102728732,1246,False,False,False,1,0.4772682152065172,0.3170667370078684,0.9646869983871214,3791,4,3,3,0,0,0.0,0,0,0.0,3,0.75,1323,0.4979882148326973,0.3346007604562737,0.9732142857142856,island,0.3440241622316352,0.2095671981773093,0.9598715890773688,5707,3,2,2,0,0,0.0,0,0,0.0,2,0.6666666666666666,3177,0.3837699363688951,0.2395543175487465,0.9642857142857144,island,0.5356824264038009,0.3709079678802628,0.9638844301688292,3238,17,16,16,0,0,0.0,0,0,0.0,16,0.9411764705882352,724,0.4678675637222986,0.3079584775086505,0.9732142857142856,island,0.4101958136387404,0.2597263787938013,0.9751203852249188,4678,4,3,3,0,0,0.0,0,0,0.0,3,0.75,2156,0.405875975254576,0.2551928783382789,0.9910714285714286,island,0.5545790934307249,0.3895386614672205,0.9622792937322452,3078,8,0,0,0.0,0,0,0.0,7,0.875,631,0.5363839475098278,0.3702127659574468,0.9732142857142856,False,False,True,island,0.3709648653462262,0.2384774134367382,0.8346709470237988,4361,8,0,0,0.0,0,0,0.0,7,0.875,3133,0.4276607762446542,0.2811671087533156,0.8928571428571429,False,False,True,island,0.36287046787970084,0.22329198296570396,0.9678972712602898,5401,4,0,0,0.0,0,0,0.0,3,0.75,3004,0.4507767082817116,0.2925170068027211,0.9821428571428571,False,False,True,island
20160321_185557_1_721,boundary_margin_error,0.1055725691786065,18286,False,False,True,1,0.8462683604602903,0.7745480970111842,0.9326260527174162,22018,1,0,0,0,0,0.0,0,0,0.0,0,0.0,0,0.9694661444244876,0.950965824665676,0.9887005649717514,clean,0.8368849661089295,0.7551038366768941,0.9385322104336988,22728,1,0,0,0,0,0.0,0,0,0.0,0,0.0,0,0.9526114355817928,0.9178470254957508,0.9901129943502824,clean,0.8365618033190894,0.764625973555169,0.9234386962698656,22084,1,0,0,0,0,0.0,0,0,0.0,0,0.0,0,0.9127626787933824,0.8507972665148064,0.9844632768361582,clean,0.8241280106515076,0.7290203171662267,0.9477742535267702,23773,1,0,0,0,0,0.0,0,0,0.0,0,0.0,0,0.95264004347675,0.9203413940256046,0.9872881355932204,clean,0.8330883398926376,0.7353507450189455,0.9607896751608002,23892,1,0,0,0.0,0,0,0.0,0,0.0,0,0.9664686400597946,0.9426470588235294,0.9915254237288136,False,False,False,clean,0.8297121724530232,0.7473591935127121,0.9324619927808528,22815,1,0,0,0.0,0,0,0.0,0,0.0,0,0.9173404365464078,0.8534836065573771,0.9915254237288136,False,False,False,clean,0.8128162675184076,0.7085416920759814,0.9530788581423203,24597,1,0,0,0.0,0,0,0.0,0,0.0,0,0.9576406396137204,0.9297218155197657,0.9872881355932204,False,False,False,clean
20160321_185557_641_721,high_quality,0.0769535621036926,21448,False,False,False,1,0.909107832642782,0.907460745144984,0.910760910107744,21526,1,0,0,0,0,0.0,0,0,0.0,0,0.0,0,0.9701292911279537,0.9855072463768116,0.9552238805970148,clean,0.9052841938929904,0.902390438246594,0.9081965684441868,21586,3,2,2,0,0,0.0,0,0,0.0,2,0.6666666666666666,136,0.9526783033382136,0.9514925373134328,0.9538670284938942,island,0.894513022090225,0.8822035819538053,0.907170831778764,22055,1,0,0,0,0,0.0,0,0,0.0,0,0.0,0,0.9120883946974496,0.8807615230460922,0.9457259158751696,clean,0.8966787119937173,0.8854493386058978,0.9081965684441868,21999,1,0,0,0,0,0.0,0,0,0.0,0,0.0,0,0.9519436431781164,0.948685857321652,0.9552238805970148,clean,0.8932210899422036,0.8509201418196645,0.9399477806784128,23692,1,0,0,0.0,0,0,0.0,0,0.0,0,0.9529644457744496,0.9427860696517412,0.9633649932157394,False,False,False,clean,0.8934005457150042,0.8862280943201732,0.9006900410290466,21798,1,0,0,0.0,0,0,0.0,0,0.0,0,0.9353581507861848,0.926517571884984,0.9443690637720488,False,False,False,clean,0.8988306839267336,0.8634821083376161,0.9371969414393243,23279,1,0,0,0.0,0,0,0.0,0,0.0,0,0.9617421786221021,0.9739921976592978,0.9497964721845319,False,False,False,clean
20160324_170347_1281_1,high_quality,0.1567349926793557,6830,False,False,False,2,0.8755121805849098,0.891248293643423,0.8603221083442748,6593,1,-1,1,1,2,1.0,0,0,0.0,0,0.0,0,0.9588688946015425,0.9893899204244032,0.9301745635910224,merge,0.8819569120280655,0.9016518813078898,0.8631039531466134,6538,1,-1,1,1,2,1.0,0,0,0.0,0,0.0,0,0.961564621223457,0.989501312335958,0.9351620947630924,merge,0.8755299818285315,0.9065537786125644,0.8465592972169157,6378,1,-1,1,1,2,1.0,0,0,0.0,0,0.0,0,0.9507296961518624,0.9777227722772276,0.9251870324189526,merge,0.8817366397822554,0.9086530992684346,0.8563689604672674,6437,1,-1,1,1,2,1.0,0,0,0.0,0,0.0,0,0.958552332986838,0.991549295774648,0.9276807980049876,merge,0.8808380619810265,0.8753614806233728,0.8863836017556569,6916,1,1,2,1.0,0,0,0.0,0,0.0,0,0.9638333027354506,0.9943181818181818,0.9351620947630924,True,False,False,merge,0.8703446144329544,0.9214659685848798,0.8245973645668747,6112,1,1,2,1.0,0,0,0.0,0,0.0,0,0.9539950441815886,0.9846547314578004,0.9251870324189526,True,False,False,merge,0.8789732875683637,0.896226415092976,0.8623718887249453,6572,1,1,2,1.0,0,0,0.0,0,0.0,0,0.9614593090434222,0.9920844327176781,0.9326683291770573,True,False,False,merge
20160324_170347_1281_1081,boundary_margin_error,0.1827083333333333,7200,False,False,True,1,0.8213789573730924,0.8672224795416594,0.7801388888878054,6477,1,0,0,0,0,0.0,0,0,0.0,0,0.0,0,0.9430539969204268,0.9864864864864864,0.9032846715328468,clean,0.8195540571597428,0.9140317894361408,0.7427777777767461,5851,1,0,0,0,0,0.0,0,0,0.0,0,0.0,0,0.9328553039505412,0.9930232558139536,0.8795620437956204,clean,0.8044520018543789,0.9069362147073772,0.7227777777767739,5738,1,0,0,0,0,0.0,0,0,0.0,0,0.0,0,0.928217325026794,0.982570806100218,0.8795620437956204,clean,0.824746873138159,0.8887997432591643,0.7693055555544871,6232,1,0,0,0,0,0.0,0,0,0.0,0,0.0,0,0.9410096604701458,0.9930394431554525,0.8941605839416058,clean,0.8152763524403934,0.8632412294305134,0.7723611111100384,6442,1,0,0,0.0,0,0,0.0,0,0.0,0,0.9461094376942,0.9976470588235294,0.8996350364963503,False,False,False,clean,0.8024788202064618,0.9219538572441928,0.71041666666568,5548,1,0,0,0.0,0,0,0.0,0,0.0,0,0.9240475218488864,0.989406779661017,0.8667883211678832,False,False,False,clean,0.8251081616185193,0.8740096318147056,0.7813888888878037,6437,1,0,0,0.0,0,0,0.0,0,0.0,0,0.9450214875587708,0.993006993006993,0.9014598540145985,False,False,False,clean
20160324_170347_1281_361,complex_topology,0.1695357329160146,7668,False,False,False,5,0.8081381868764154,0.7273580968272878,0.909102764735382,9584,1,-4,4,1,5,1.0,0,0,0.0,0,0.0,0,0.8872912484463087,0.804177545691906,0.9895652173913044,merge,0.804903801031907,0.731449893389412,0.894757433488661,9380,1,-4,4,1,5,1.0,0,0,0.0,0,0.0,0,0.8646543330087633,0.783068783068783,0.9652173913043478,merge,0.7959062239671569,0.7318888159326636,0.8721961398006361,9138,1,-4,4,1,5,1.0,0,0,0.0,0,0.0,0,0.8314808632861422,0.7363834422657952,0.954782608695652,merge,0.8064382996280841,0.735930270094979,0.8918883672393167,9293,1,-4,4,1,5,1.0,0,0,0.0,0,0.0,0,0.8813841637344104,0.8085106382978723,0.9686956521739132,merge,0.7992931653646472,0.7099746835435847,0.9143192488250989,9875,1,1,5,1.0,0,0,0.0,0,0.0,0,0.8704506065857885,0.7716535433070866,0.9982608695652174,True,False,False,merge,0.7982440315107353,0.7406539448713975,0.8655451225862474,8961,1,1,5,1.0,0,0,0.0,0,0.0,0,0.8577164870749819,0.7844444444444445,0.9460869565217392,True,False,False,merge,0.8025731526808593,0.7121640735494926,0.9192749087103296,9898,1,1,5,1.0,0,0,0.0,0,0.0,0,0.8679999272483507,0.7678100263852242,0.9982608695652174,True,False,False,merge
20160324_170347_1281_721,boundary_margin_error,0.2141530642165966,10231,True,False,True,1,0.7367662945620984,0.7776933101642292,0.6999315804899814,9208,1,0,0,0,0,0.0,0,0,0.0,0,0.0,0,0.8356144647745282,0.866965620328849,0.8064516129032258,clean,0.7464037497975613,0.8315726290506222,0.6770599159410838,8330,1,0,0,0,0,0.0,0,0,0.0,0,0.0,0,0.8601438052699852,0.9273743016759776,0.8020022246941045,clean,0.725168326748247,0.8418604651151914,0.6368878897462252,7740,4,3,3,0,0,0.0,1,2,1.0,1,0.25,1,0.8389813075633,0.9140518417462484,0.7753058954393771,mixed,0.7461581949937061,0.7867981790583277,0.7095103117967847,9226,2,1,1,0,0,0.0,1,1,1.0,0,0.0,0,0.8656606785233337,0.9211678832116788,0.8164627363737486,fragment,0.7635895148898649,0.7743718592957041,0.7531033134583588,9950,2,0,0,0.0,1,1,1.0,0,0.0,0,0.884779667312233,0.9087193460490464,0.8620689655172413,False,True,False,fragment,0.7594293125806695,0.8092658115868981,0.7153748411682969,9044,2,0,0,0.0,1,1,1.0,0,0.0,0,0.8690740502541792,0.8739076154806492,0.864293659621802,False,True,False,fragment,0.7382103675969749,0.7886025327696193,0.6938715668060855,9002,3,0,0,0.0,1,2,1.0,0,0.0,0,0.8476000359817565,0.8918128654970761,0.8075639599555061,False,True,False,fragment
20160324_170347_641_1,moderate_general_error,0.390379113018598,2796,True,False,False,1,0.7236475181250368,0.5930073126129045,0.9281115879795132,4376,1,0,0,0,0,0.0,0,0,0.0,0,0.0,0,0.9455631662975742,0.947075208913649,0.944055944055944,clean,0.7764240024356132,0.6761273209531138,0.9116595135875836,3770,2,1,1,0,0,0.0,1,1,1.0,0,0.0,0,0.9630169883483056,0.9852941176470588,0.9417249417249416,fragment,0.7832807570965563,0.7006207674923798,0.8880543633730756,3544,2,1,1,0,0,0.0,1,1,1.0,0,0.0,0,0.9507242976142004,0.9774647887323944,0.9254079254079254,fragment,0.7551648351637287,0.6396128071465882,0.9216738197391928,4029,1,0,0,0,0,0.0,0,0,0.0,0,0.0,0,0.9522381267582326,0.9605633802816902,0.944055944055944,clean,0.7196389496707882,0.5825952170049101,0.940987124460154,4516,2,0,0,0.0,1,1,1.0,0,0.0,0,0.9551578096069124,0.9593023255813954,0.951048951048951,False,True,False,fragment,0.7910763719251082,0.7261584454387858,0.8687410586521147,3345,2,0,0,0.0,1,1,1.0,0,0.0,0,0.9432400080943611,0.9694444444444444,0.9184149184149184,False,True,False,fragment,0.7400982943036425,0.6210577389601624,0.9155937052900015,4122,2,0,0,0.0,1,1,1.0,0,0.0,0,0.9523322646373614,0.9731343283582089,0.9324009324009324,False,True,False,fragment
20160324_170347_641_361,boundary_margin_error,0.3583617747440273,4102,True,False,True,3,0.7502767991940107,0.6389507971873154,0.908581179910023,5833,2,-1,1,1,3,1.0,1,1,0.3333333333333333,0,0.0,0,0.9333092925240596,0.9579439252336448,0.90990990990991,mixed,0.8027270727943668,0.7311698717934071,0.8898098488520483,4992,2,-1,1,1,3,1.0,1,1,0.3333333333333333,0,0.0,0,0.9453702184447432,0.9816091954022989,0.9117117117117116,mixed,0.7932218407345295,0.7268114471265946,0.8729887859559411,4927,2,-1,1,1,3,1.0,1,1,0.3333333333333333,0,0.0,0,0.9253276873022004,0.9634703196347032,0.8900900900900901,mixed,0.7716781035550304,0.6727701232765179,0.904680643586288,5516,2,-1,1,1,3,1.0,1,1,0.3333333333333333,0,0.0,0,0.944281590051077,0.9813519813519812,0.90990990990991,mixed,0.740307812194876,0.6164828033734321,0.926377376887064,6164,2,1,3,1.0,1,1,0.3333333333333333,0,0.0,0,0.9406358574186722,0.955607476635514,0.926126126126126,True,True,False,mixed,0.8015864022653806,0.7488884183765638,0.8622623110656698,4723,2,1,3,1.0,1,1,0.3333333333333333,0,0.0,0,0.9225473092647588,0.9681093394077448,0.8810810810810811,True,True,False,mixed,0.7529460409336851,0.6536252692019856,0.8878595806901808,5572,2,1,3,1.0,1,1,0.3333333333333333,0,0.0,0,0.9300389592620065,0.9652605459057072,0.8972972972972973,True,True,False,mixed
20160324_170347_641_721,boundary_margin_error,0.2660746003552398,2815,True,False,True,1,0.7991452991439857,0.7436524931148863,0.8635879218441791,3269,1,0,0,0,0,0.0,0,0,0.0,0,0.0,0,0.9461966604823748,1.0,0.897887323943662,clean,0.8299930891485314,0.807938109650831,0.853285968025388,2973,1,0,0,0,0,0.0,0,0,0.0,0,0.0,0,0.952029520295203,1.0,0.908450704225352,clean,0.8211569078350944,0.8178294573614594,0.8245115452901438,2838,1,0,0,0,0,0.0,0,0,0.0,0,0.0,0,0.9402985074626864,1.0,0.8873239436619719,clean,0.8227280279102464,0.7727840199726193,0.8795737122526481,3204,1,0,0,0,0,0.0,0,0,0.0,0,0.0,0,0.9461966604823748,1.0,0.897887323943662,clean,0.806558410845331,0.7250566893403485,0.908703374774747,3528,1,0,0,0.0,0,0,0.0,0,0.0,0,0.9539594843462248,1.0,0.9119718309859156,False,False,False,clean,0.8328245645522844,0.8420479302801669,0.8238010657164341,2754,1,0,0,0.0,0,0,0.0,0,0.0,0,0.948148148148148,1.0,0.9014084507042254,False,False,False,clean,0.7954129965085667,0.7473454091169665,0.8500888099436942,3202,1,0,0,0.0,0,0,0.0,0,0.0,0,0.9323308270676691,1.0,0.8732394366197183,False,False,False,clean
20160326_141808_1281_1,missed_crack_high_fn,0.1405555555555555,4500,False,False,False,4,0.0641784251250976,0.0657649253729809,0.0626666666665274,4288,4,0,0,0,0,0.0,0,0,0.0,3,0.75,1553,0.0651221039448966,0.0449438202247191,0.1181818181818181,island,0.0854952830187419,0.1269702276701971,0.0644444444443012,2284,11,7,7,0,0,0.0,1,4,0.25,5,0.4545454545454545,337,0.1120748465061884,0.1207729468599033,0.1045454545454545,mixed,0.0781122864115579,0.4615384615273668,0.0426666666665718,416,12,8,8,0,0,0.0,1,1,0.25,10,0.8333333333333334,70,0.1138114997036158,0.3440860215053763,0.0681818181818181,mixed,0.3786523081792868,0.2941321195715412,0.5313333333321526,8129,6,2,2,1,3,0.75,0,0,0.0,4,0.6666666666666666,1256,0.369869793649585,0.2655677655677655,0.6090909090909091,mixed,0.1184472461842759,0.2336387434539683,0.079333333333157,1528,3,0,0,0.0,1,1,0.25,0,0.0,0,0.086594504579517,0.3229813664596273,0.05,False,True,False,fragment,0.058222279725633,0.0696810157941477,0.0499999999998888,3229,13,0,0,0.0,1,5,0.25,6,0.4615384615384615,319,0.0883534136546184,0.0859375,0.0909090909090909,False,True,True,mixed,0.23571506017539223,0.23015032818075346,0.24155555555501876,4723,9,0,0,0.0,1,3,0.25,4,0.4444444444444444,841,0.25862068965517243,0.26785714285714285,0.25,False,True,True,mixed
20160326_141808_641_1,high_quality,0.0821033210332103,1084,False,False,False,1,0.927256792283404,0.8831385642664179,0.9760147601385978,1198,1,0,0,0,0,0.0,0,0,0.0,0,0.0,0,0.9695987028779895,0.981132075471698,0.9583333333333334,clean,0.8071539657822429,0.6975806451566023,0.9575645756369228,1488,5,4,4,0,0,0.0,0,0,0.0,4,0.8,323,0.7112970711297072,0.6204379562043796,0.8333333333333334,island,0.8384037929638941,0.7332411886611386,0.978782287813849,1447,9,8,8,0,0,0.0,0,0,0.0,8,0.8888888888888888,218,0.7173800034656039,0.5732484076433121,0.9583333333333334,island,0.9358690844717564,0.8988954970187011,0.9760147601385978,1177,1,0,0,0,0,0.0,0,0,0.0,0,0.0,0,0.951850378034222,0.9454545454545454,0.9583333333333334,clean,0.8621118012386663,0.7821187077326663,0.960332103312174,1331,3,0,0,0.0,0,0,0.0,2,0.6666666666666666,166,0.7559462254395036,0.6538461538461539,0.8958333333333334,False,False,True,island,0.9234174413416404,0.8876595744605307,0.9621771217623416,1175,5,0,0,0.0,0,0,0.0,4,0.8,4,0.9059974478945132,0.8765432098765432,0.9375,False,False,True,island,0.777537796973443,0.6375442739041468,0.9963099630904401,1694,3,0,0,0.0,0,0,0.0,2,0.6666666666666666,333,0.6438356164383562,0.47474747474747475,1.0,False,False,True,island
20160326_141808_641_361,boundary_margin_error,0.1060047691307175,9226,False,False,True,1,0.737122643794768,0.6665498203482021,0.8244092781261386,11411,1,0,0,0,0,0.0,0,0,0.0,0,0.0,0,0.9256905182740068,0.9436997319034852,0.908355795148248,clean,0.7657984956246401,0.7253077444986669,0.8110773899839463,10317,1,0,0,0,0,0.0,0,0,0.0,0,0.0,0,0.940556627483927,0.9751243781094528,0.908355795148248,clean,0.7313947757512013,0.7391256225780418,0.7238239757200045,9035,5,4,4,0,0,0.0,1,4,1.0,0,0.0,0,0.826322343668969,0.8600405679513184,0.7951482479784366,fragment,0.7619594885788622,0.6825083640725036,0.8623455451974177,11657,1,0,0,0,0,0.0,0,0,0.0,0,0.0,0,0.945408868232634,0.9672544080604534,0.9245283018867924,clean,0.6842404272237903,0.7189589302761235,0.6527205722949786,8376,3,0,0,0.0,1,2,1.0,0,0.0,0,0.8365041795248225,0.9381720430107529,0.7547169811320755,False,True,False,fragment,0.8006367736795963,0.7842811103017109,0.8176891393877977,9619,1,0,0,0.0,0,0,0.0,0,0.0,0,0.9307099356926876,0.9369747899159664,0.9245283018867924,False,False,False,clean,0.7157138043352153,0.742657342656477,0.6906568393662577,8580,4,0,0,0.0,1,3,1.0,0,0.0,0,0.8303815109459382,0.9438943894389439,0.7412398921832885,False,True,False,fragment
20160326_141808_641_721,missed_crack_high_fn,0.1385013663166978,6953,False,False,False,4,0.3777368905240315,0.524125606330038,0.2952682295407806,3917,1,-3,3,1,4,1.0,0,0,0.0,0,0.0,0,0.6369384359400999,0.7565217391304347,0.55,merge,0.3516056453258829,0.608495575219085,0.2472314109014134,2825,3,-1,1,1,4,1.0,1,1,0.25,1,0.3333333333333333,13,0.5718815020311105,0.6446280991735537,0.5138888888888888,mixed,0.119592875317914,0.5181918412291269,0.067596720839828,907,18,14,14,0,0,0.0,2,3,0.5,13,0.7222222222222222,17,0.2647354657010661,0.5433526011560693,0.175,mixed,0.52900120336901,0.5981494920163314,0.4741838055508785,5512,6,2,2,1,4,1.0,1,4,0.25,1,0.1666666666666666,1,0.768231046931408,0.8,0.7388888888888889,mixed,0.1563169164880367,0.4521679284208385,0.0944915863654616,1453,2,1,2,0.5,0,0,0.0,0,0.0,0,0.4079955165327853,0.6942148760330579,0.2888888888888888,True,False,False,merge,0.0116205633446865,0.0477178423231564,0.0066158492736852,964,20,0,0,0.0,1,5,0.25,14,0.7,911,0.0625,0.125,0.0416666666666666,False,True,True,mixed,0.20985868476665198,0.46361848574010023,0.1356249101105485,2034,7,1,2,0.5,1,3,0.25,2,0.2857142857142857,13,0.4478320748444698,0.6497175141242938,0.3416666666666667,True,True,True,mixed
20160326_142521_1281_1,missed_crack_high_fn,0.0594200721153846,13312,False,False,False,1,0.4300949938805116,0.9591889784222531,0.2771935096151763,3847,1,0,0,0,0,0.0,0,0,0.0,0,0.0,0,0.4945770065075922,1.0,0.3285302593659942,clean,0.3485238270241648,0.9439283344361517,0.213716947115224,3014,3,2,2,0,0,0.0,1,1,1.0,1,0.3333333333333333,71,0.4090702173665643,0.9294117647058824,0.2622478386167147,mixed,0.4084482457669119,0.9058064516105656,0.2636718749998019,3875,10,9,9,0,0,0.0,1,2,1.0,7,0.7,7,0.4575978161965423,0.8867924528301887,0.30835734870317,mixed,0.4090131540137975,0.9522109310602797,0.2604417067305736,3641,2,1,1,0,0,0.0,1,1,1.0,0,0.0,0,0.4831854025955656,0.9606299212598424,0.3227665706051873,fragment,0.4263677855448458,0.9231923942934122,0.2771935096151763,3997,2,0,0,0.0,1,1,1.0,0,0.0,0,0.5025417815729143,0.8992805755395683,0.3487031700288184,False,True,False,fragment,0.4360616023530967,0.9391304347802756,0.2839543269228636,4025,2,0,0,0.0,0,0,0.0,1,0.5,1,0.4819691883983131,0.9510869565217392,0.3227665706051873,False,False,True,island,0.4363451432443711,0.8805017103742748,0.2900390624997821,4385,1,0,0,0.0,0,0,0.0,0,0.0,0,0.4945770065075922,1.0,0.3285302593659942,False,False,False,clean
20160326_142521_1281_1081,missed_crack_high_fn,0.1419659160073037,3286,False,False,False,2,0.3430141287277413,0.4828729281741278,0.2659768715755752,1810,1,-1,1,0,0,0.0,0,0,0.0,0,0.0,0,0.3686868686868687,0.6083333333333333,0.2644927536231884,clean,0.3966915342192723,0.4246527777763033,0.3721850273877901,2880,2,0,0,0,0,0.0,0,0,0.0,1,0.5,79,0.4126504742864434,0.4320388349514563,0.394927536231884,island,0.3614049936513724,0.5930555555514372,0.2598904443083996,1440,9,7,7,0,0,0.0,2,3,1.0,4,0.4444444444444444,4,0.4246913580246914,0.6666666666666666,0.3115942028985507,mixed,0.1025358324142708,0.5438596491069047,0.0566037735847334,342,5,3,3,0,0,0.0,1,3,0.5,1,0.2,156,0.0880833403912933,0.6779661016949152,0.0471014492753623,mixed,0.3569803516021572,0.5571336345993729,0.2626293365786286,1549,1,0,0,0.0,0,0,0.0,0,0.0,0,0.4225051821143025,0.7310924369747899,0.2971014492753623,False,False,False,clean,0.4494420020283236,0.5057077625551534,0.4044430919038209,2628,8,0,0,0.0,1,3,0.5,3,0.375,3,0.479215305782117,0.6092436974789915,0.394927536231884,False,True,True,mixed,0.40512301988472343,0.4539274924454157,0.3657942787572557,2648,1,0,0,0.0,0,0,0.0,0,0.0,0,0.43501232828460723,0.5909090909090909,0.3442028985507246,False,False,False,clean
20160326_142521_1281_361,boundary_margin_error,0.0972777357675272,9257,False,False,True,1,0.7374812218322875,0.8767673760963287,0.6363832775190273,6719,1,0,0,0,0,0.0,0,0,0.0,0,0.0,0,0.8730568928651073,0.9469026548672568,0.8098958333333334,clean,0.441784191537847,0.916638312348021,0.2910230096140315,2939,8,7,7,0,0,0.0,1,6,1.0,1,0.125,40,0.5807151529956103,0.8736462093862816,0.4348958333333333,mixed,0.4489048187969343,0.8544572468136614,0.3044182780595177,3298,4,3,3,0,0,0.0,1,2,1.0,1,0.25,13,0.5850523682209522,0.7928994082840237,0.4635416666666667,mixed,0.6123402322710618,0.7665692007784819,0.5097763854374961,6156,3,2,2,0,0,0.0,1,1,1.0,1,0.3333333333333333,3,0.720341767992113,0.7272727272727273,0.7135416666666666,mixed,0.6505597279292542,0.9452336833416816,0.4959490115582846,4857,1,0,0,0.0,0,0,0.0,0,0.0,0,0.8096121624052178,0.9311377245508982,0.7161458333333334,False,False,False,clean,0.2398803402820978,0.890972222216035,0.1385978178674099,1440,15,0,0,0.0,1,8,1.0,6,0.4,18,0.3388429752066115,0.82,0.2135416666666666,False,True,True,mixed,0.40945286411472775,0.9872006606069893,0.2582910230093353,2422,5,0,0,0.0,1,3,1.0,1,0.2,21,0.5629858984282974,0.9590643274853801,0.3984375,False,True,True,mixed
20160326_142521_1281_721,moderate_general_error,0.083070830708307,11111,False,False,False,1,0.661388826057079,0.8897002890599579,0.5263252632521588,6573,1,0,0,0,0,0.0,0,0,0.0,0,0.0,0,0.6795203773647144,0.944954128440367,0.5305039787798409,clean,0.6665147544715355,0.907962129441397,0.5265052650521767,6443,1,0,0,0,0,0.0,0,0,0.0,0,0.0,0,0.7142709517412421,0.9481481481481482,0.5729442970822282,clean,0.6583936573591529,0.9102462271629702,0.5157051570511063,6295,5,4,4,0,0,0.0,0,0,0.0,4,0.8,19,0.6755732801595214,0.906367041198502,0.5384615384615384,island,0.7139773340525019,0.8916295996753044,0.5953559535589997,7419,1,0,0,0,0,0.0,0,0,0.0,0,0.0,0,0.7122984599812016,0.934156378600823,0.5755968169761273,clean,0.7122051950871034,0.8987793169648899,0.5897758977584467,7291,2,0,0,0.0,1,1,1.0,0,0.0,0,0.7261841920632905,0.9610894941634242,0.583554376657825,False,True,False,fragment,0.6896007218583975,0.92342546442996,0.5502655026545312,6621,2,0,0,0.0,0,0,0.0,1,0.5,1,0.7093305196293158,0.945288753799392,0.5676392572944297,False,False,True,island,0.6732695303802174,0.8817956566085384,0.5445054450539605,6861,2,0,0,0.0,1,1,1.0,0,0.0,0,0.6940672718869093,0.985,0.5358090185676393,False,True,False,fragment
20160326_142521_641_1,missed_crack_high_fn,0.107380073800738,1355,False,False,False,1,0.0,0.0,0.0,342,3,2,2,0,0,0.0,0,0,0.0,3,1.0,342,0.0,0.0,0.0,island,0.0,0.0,0.0,695,4,3,3,0,0,0.0,0,0,0.0,4,1.0,695,0.0,0.0,0.0,island,0.0,0.0,0.0,120,7,6,6,0,0,0.0,0,0,0.0,7,1.0,120,0.0,0.0,0.0,island,0.0,0.0,0.0,0,0,-1,1,0,0,0.0,0,0,0.0,0,0.0,0,0.0,0.0,0.0,clean,0.0,0.0,0.0,20,3,0,0,0.0,0,0,0.0,3,1.0,20,0.0,0.0,0.0,False,False,True,island,0.0,0.0,0.0,122,4,0,0,0.0,0,0,0.0,4,1.0,122,0.0,0.0,0.0,False,False,True,island,0.0,0.0,0.0,642,2,0,0,0.0,0,0,0.0,2,1.0,642,0.0,0.0,0.0,False,False,True,island
20160326_142521_641_1081,missed_crack_high_fn,0.1602332127060715,2487,False,False,False,2,0.0,0.0,0.0,1428,3,1,1,0,0,0.0,0,0,0.0,3,1.0,1428,0.0,0.0,0.0,island,0.0,0.0,0.0,1450,2,0,0,0,0,0.0,0,0,0.0,2,1.0,1450,0.0,0.0,0.0,island,0.0,0.0,0.0,976,7,5,5,0,0,0.0,0,0,0.0,7,1.0,976,0.0,0.0,0.0,island,0.0,0.0,0.0,207,2,0,0,0,0,0.0,0,0,0.0,2,1.0,207,0.0,0.0,0.0,island,0.0,0.0,0.0,413,3,0,0,0.0,0,0,0.0,3,1.0,413,0.0,0.0,0.0,False,False,True,island,0.0,0.0,0.0,748,11,0,0,0.0,0,0,0.0,11,1.0,748,0.0,0.0,0.0,False,False,True,island,0.0,0.0,0.0,1111,3,0,0,0.0,0,0,0.0,3,1.0,1111,0.0,0.0,0.0,False,False,True,island
20160326_142745_1281_1081,boundary_margin_error,0.1349822537710736,4508,False,False,True,2,0.744215773998793,0.8781297134211822,0.6457409050562428,3315,2,0,0,0,0,0.0,0,0,0.0,1,0.5,1,0.8944775732434534,0.8928571428571429,0.8961038961038961,island,0.697087639242119,0.8824328916042051,0.5760869565204613,2943,2,0,0,0,0,0.0,0,0,0.0,1,0.5,5,0.8568413647555398,0.8565400843881856,0.8571428571428571,island,0.694306403520241,0.9644970414163136,0.542369121560465,2535,1,-1,1,0,0,0.0,0,0,0.0,0,0.0,0,0.8737687277543249,0.9806763285024156,0.7878787878787878,clean,0.7450626048783464,0.8910157455977431,0.6401952085167698,3239,2,0,0,0,0,0.0,0,0,0.0,1,0.5,12,0.8967122490544079,0.8973214285714286,0.8961038961038961,island,0.7758024691348447,0.8747216035610392,0.6969831410809739,3592,1,0,0,0.0,0,0,0.0,0,0.0,0,0.9136069809075608,0.9095022624434388,0.9177489177489178,False,False,False,clean,0.7059295944308581,0.8899763752923052,0.5849600709836181,2963,3,0,0,0.0,0,0,0.0,2,0.6666666666666666,82,0.861564199079883,0.8333333333333334,0.8917748917748918,False,False,True,island,0.7941999491213506,0.9308288610586439,0.6925465838493954,3354,1,0,0,0.0,0,0,0.0,0,0.0,0,0.9212064531213466,0.933649289099526,0.9090909090909091,False,False,False,clean
20160326_142745_1281_361,missed_crack_high_fn,0.05537611559711,11765,False,False,False,1,0.152300204113556,0.99691675230219,0.0824479388014598,973,3,2,2,0,0,0.0,1,1,1.0,1,0.3333333333333333,2,0.249685006299874,0.9666666666666668,0.1433566433566433,mixed,0.2571573530475776,0.8730314960586958,0.1507862303441132,2032,2,1,1,0,0,0.0,1,1,1.0,0,0.0,0,0.4030462235503929,0.9112903225806452,0.2587412587412587,fragment,0.4013939081050584,0.8335566872129897,0.2643433914149899,3731,17,16,16,0,0,0.0,1,12,1.0,4,0.2352941176470588,5,0.4581709145427285,0.8967136150234741,0.3076923076923077,mixed,0.2738835091774289,0.9141341051571918,0.1610709732255324,2073,1,0,0,0,0,0.0,0,0,0.0,0,0.0,0,0.4155124653739612,1.0,0.2622377622377622,clean,0.074468085106322,0.999999999978022,0.0386740331491383,455,2,0,0,0.0,1,1,1.0,0,0.0,0,0.1607717041800642,1.0,0.0874125874125874,False,True,False,fragment,0.2994802640818236,0.8621107965998298,0.1812154696131056,2473,13,0,0,0.0,1,9,1.0,3,0.2307692307692307,3,0.4768445951722762,0.8682926829268293,0.3286713286713286,False,True,True,mixed,0.09643232748151732,0.9999999999832214,0.05065873353161865,596,2,0,0,0.0,1,1,1.0,0,0.0,0,0.15483870967741936,1.0,0.08391608391608392,False,True,False,fragment
20160326_142745_1281_721,moderate_general_error,0.0874219691161975,18262,False,False,False,1,0.6390871193384303,0.9005376344077055,0.4952907677141083,10044,3,2,2,0,0,0.0,1,2,1.0,0,0.0,0,0.7972383247573764,0.975609756097561,0.6740088105726872,fragment,0.7061536918806344,0.9063063063055288,0.578414193406758,11655,2,1,1,0,0,0.0,0,0,0.0,1,0.5,4,0.8675739505995642,0.9472049689440992,0.8002936857562408,island,0.6811750391097927,0.932781110158114,0.5364691709557898,10503,6,5,5,0,0,0.0,1,5,1.0,0,0.0,0,0.8172950134187396,0.9535256410256412,0.7151248164464024,fragment,0.7542031658211913,0.8595950395846286,0.6718322199098281,14273,1,0,0,0,0,0.0,0,0,0.0,0,0.0,0,0.8886894552482183,0.9238653001464128,0.856093979441997,clean,0.7225908685745857,0.909801313491637,0.599277187602344,12029,2,0,0,0.0,1,1,1.0,0,0.0,0,0.8768092803242363,0.9716666666666668,0.7988252569750367,False,True,False,fragment,0.7282502443790393,0.8991792726095114,0.6119264045555733,12428,3,0,0,0.0,0,0,0.0,2,0.6666666666666666,2,0.8394225958781253,0.8687150837988827,0.8120411160058737,False,False,True,island,0.7410889654503844,0.8994138335280192,0.6301609900336052,12795,1,0,0,0.0,0,0,0.0,0,0.0,0,0.8883857611401013,0.9700787401574803,0.8193832599118943,False,False,False,clean
20160326_142745_1921_1081,moderate_general_error,0.1605775366943203,6268,False,False,False,2,0.6084620550699333,0.7631768953050224,0.5059029993610308,4155,2,0,0,0,0,0.0,1,1,0.5,0,0.0,0,0.6145542043311438,0.9043062200956936,0.4654255319148936,fragment,0.6297133556373725,0.7267793779989005,0.5555201021050487,4791,1,-1,1,0,0,0.0,0,0,0.0,0,0.0,0,0.6793030187721969,0.9008620689655172,0.5452127659574468,clean,0.5735281837155962,0.6017171894154517,0.5478621569870009,5707,2,0,0,0,0,0.0,0,0,0.0,1,0.5,1,0.607543922251842,0.7035830618892508,0.5345744680851063,island,0.6433897072189094,0.7479915433387991,0.5644543714094377,4730,1,-1,1,0,0,0.0,0,0,0.0,0,0.0,0,0.6830492717694453,0.9067796610169492,0.5478723404255319,clean,0.6515406162458902,0.7854570013489747,0.5566368857680972,4442,1,0,0,0.0,0,0,0.0,0,0.0,0,0.6923076923076922,0.9324324324324323,0.550531914893617,False,False,False,clean,0.6074354127278716,0.696963437304902,0.5382897255894411,4841,2,0,0,0.0,0,0,0.0,1,0.5,1,0.6697054536199357,0.8962655601659751,0.5345744680851063,False,False,True,island,0.5922563912554721,0.7060512367475573,0.51005105296664,4528,2,0,0,0.0,1,1,0.5,0,0.0,0,0.6211750788643533,0.9030612244897959,0.4734042553191489,False,True,False,fragment
20160326_142745_1_1,moderate_general_error,0.1108769240595261,15657,False,False,False,1,0.5137402103894927,0.9360013508933874,0.3540269528004381,5922,1,0,0,0,0,0.0,0,0,0.0,0,0.0,0,0.6625672816859921,0.9566473988439308,0.5067796610169492,clean,0.4822573749463292,0.9410456062273987,0.3242000383213104,5394,1,0,0,0,0,0.0,0,0,0.0,0,0.0,0,0.6509951142162078,0.9508670520231214,0.4949152542372881,clean,0.4929436920881478,0.9626948775037812,0.3312895190647433,5388,1,0,0,0,0,0.0,0,0,0.0,0,0.0,0,0.6566182317646209,0.96875,0.4966101694915254,clean,0.5089856696071936,0.945542837320594,0.3482148559747408,5766,2,1,1,0,0,0.0,1,1,1.0,0,0.0,0,0.6970765541729781,0.96448087431694,0.5457627118644067,fragment,0.5350637522766234,0.9320958273823068,0.37523152583485,6303,1,0,0,0.0,0,0,0.0,0,0.0,0,0.6697990496668524,0.956772334293948,0.5152542372881356,False,False,False,clean,0.486422331940521,0.9474754947273026,0.3272018905279892,5407,1,0,0,0.0,0,0,0.0,0,0.0,0,0.6597440738409901,0.963172804532578,0.5016949152542373,False,False,False,clean,0.5261995675573785,0.940624999998453,0.3652679312765119,6080,1,0,0,0.0,0,0,0.0,0,0.0,0,0.6667452163257612,0.9619883040935673,0.5101694915254237,False,False,False,clean
20160326_142745_641_361,boundary_margin_error,0.0970051768348734,20669,False,False,True,1,0.8096574651876695,0.9268779635631852,0.7187575596300165,16028,1,0,0,0,0,0.0,0,0,0.0,0,0.0,0,0.9434845480160896,0.9920106524633822,0.8994845360824743,clean,0.6108853550057239,0.9019274376408712,0.4618510813293038,10584,10,9,9,0,0,0.0,1,9,1.0,0,0.0,0,0.8317690263914016,0.983941605839416,0.720360824742268,fragment,0.6079269664725295,0.905747126435914,0.4574967342394612,10440,4,3,3,0,0,0.0,1,3,1.0,0,0.0,0,0.8120522237563939,0.9824817518248176,0.6920103092783505,fragment,0.8188518024029857,0.9137119361176844,0.7418355992061823,16781,3,2,2,0,0,0.0,1,2,1.0,0,0.0,0,0.9749586711220248,0.9876084262701365,0.9626288659793816,fragment,0.6321957945534041,0.8972602739718045,0.4880255455026909,11242,4,0,0,0.0,1,3,1.0,0,0.0,0,0.8409260642270351,1.0,0.7255154639175257,False,True,False,fragment,0.8106916505922264,0.9416810703534078,0.7116938410176052,15621,6,0,0,0.0,1,3,1.0,2,0.3333333333333333,2,0.9370420618131272,0.9733441033925686,0.9033505154639176,False,True,True,mixed,0.6083420032155464,0.8731221719449112,0.46678600803112547,11050,3,0,0,0.0,1,2,1.0,0,0.0,0,0.8094337185752059,0.9852670349907919,0.6868556701030928,False,True,False,fragment
20160328_151020_1281_361,complex_topology,0.1719038817005545,11361,False,False,False,6,0.5927130774233771,0.4463100699236421,0.8820526362108246,22453,1,-5,5,1,6,1.0,0,0,0.0,0,0.0,0,0.7681611587446933,0.6251673360107095,0.995967741935484,merge,0.6270058464981256,0.4847799951909186,0.8873338614550766,20795,1,-5,5,1,6,1.0,0,0,0.0,0,0.0,0,0.7975077881619937,0.6632124352331606,1.0,merge,0.6085491037228103,0.4667669455671397,0.8740427779237091,21274,5,-1,1,1,6,1.0,0,0,0.0,4,0.8,4,0.7174749577013491,0.5606936416184971,0.995967741935484,mixed,0.5945602587051468,0.4424010656123222,0.9062582519136464,23273,2,-4,4,1,6,1.0,0,0,0.0,1,0.5,8,0.7401809931149593,0.5884615384615385,0.9973118279569892,mixed,0.6441560050801883,0.4969885277244278,0.9151483144081372,20920,1,1,6,1.0,0,0,0.0,0,0.0,0,0.8357487922705313,0.7178423236514523,1.0,True,False,False,merge,0.6115852003737263,0.4651408127692573,0.8926150866993287,21802,12,1,6,1.0,0,0,0.0,11,0.9166666666666666,11,0.7446223657227627,0.5940959409594095,0.9973118279569892,True,False,True,mixed,0.6004874551969605,0.4453091775110805,0.9216618255427148,23514,1,1,6,1.0,0,0,0.0,0,0.0,0,0.812541439281889,0.6861702127659575,0.9959677419354839,True,False,False,merge
20160328_151020_1921_361,over_segmentation,0.201913393756294,9930,True,False,False,1,0.5145297665424309,0.3605953969986002,0.8977844914391764,24723,1,0,0,0,0,0.0,0,0,0.0,0,0.0,0,0.5769425305443469,0.4178674351585014,0.9315789473684212,clean,0.5216029693207326,0.3662648639842131,0.90574018126797,24556,1,0,0,0,0,0.0,0,0,0.0,0,0.0,0,0.5655654088831077,0.4060356652949246,0.9315789473684212,clean,0.5675876595215686,0.4098595329693075,0.922658610270974,22354,2,1,1,0,0,0.0,0,0,0.0,1,0.5,1,0.6128988330303909,0.4503171247357294,0.9592105263157896,island,0.5223443847835103,0.3638054533221085,0.9257804632417664,25269,1,0,0,0,0,0.0,0,0,0.0,0,0.0,0,0.5739533471582544,0.413447782546495,0.938157894736842,clean,0.5346307619941985,0.3775222120732469,0.9157099697875974,24086,1,0,0,0.0,0,0,0.0,0,0.0,0,0.5956351759291335,0.4377682403433476,0.9315789473684212,False,False,False,clean,0.5458436116145434,0.3871906227598822,0.9247734138963496,23717,2,0,0,0.0,0,0,0.0,1,0.5,1,0.6035183559327546,0.4413793103448276,0.9539473684210528,False,False,True,island,0.5377533311761221,0.37981468400698887,0.9205438066455985,24067,2,0,0,0.0,0,0,0.0,1,0.5,206,0.5988432061208236,0.4406548431105048,0.9342105263157895,False,False,True,island
20160328_151020_1_1,moderate_general_error,0.1596279196089082,14728,False,False,False,1,0.6903628062249766,0.5406382160705342,0.9547800108630128,26010,1,0,0,0,0,0.0,0,0,0.0,0,0.0,0,0.8745205798677529,0.7846153846153846,0.987695749440716,clean,0.6619179144253861,0.514578467565541,0.9274850624654212,26546,1,0,0,0,0,0.0,0,0,0.0,0,0.0,0,0.872328985094401,0.8026490066225166,0.9552572706935124,clean,0.7095470529573533,0.5782787235860303,0.9179114611617883,23378,7,6,6,0,0,0.0,1,2,1.0,4,0.5714285714285714,4,0.8282544242151241,0.7330367074527252,0.9519015659955258,mixed,0.6817306267593516,0.5357059691063666,0.9371944595322262,25766,2,1,1,0,0,0.0,1,1,1.0,0,0.0,0,0.8296769627152728,0.7243107769423559,0.970917225950783,fragment,0.6915719365014044,0.5477984926614249,0.9376697447033284,25210,1,0,0,0.0,0,0,0.0,0,0.0,0,0.8672767241110767,0.7918313570487484,0.9586129753914988,False,False,False,clean,0.67245160225408,0.5151186734581427,0.9681558935354644,27681,1,0,0,0.0,0,0,0.0,0,0.0,0,0.8339098970137978,0.7221597300337458,0.9865771812080536,False,False,False,clean,0.6707093498799721,0.5129053131064372,0.9687669744697387,27818,1,0,0,0.0,0,0,0.0,0,0.0,0,0.8654213885058628,0.7700865265760197,0.9876957494407159,False,False,False,clean
20160328_151020_1_361,false_crack_high_fp,0.2297346419483824,2751,True,False,False,1,0.4013511438658058,0.2544038929437913,0.95019992729571,10275,4,3,3,0,0,0.0,0,0,0.0,3,0.75,3479,0.3035933554201515,0.1805157593123209,0.9541284403669724,island,0.4343326488702798,0.2805602716465613,0.9611050527046126,9424,3,2,2,0,0,0.0,0,0,0.0,2,0.6666666666666666,2764,0.3042913120617843,0.180522565320665,0.9678899082568808,island,0.4324897959180143,0.2788714601534068,0.9629225736060962,9499,6,5,5,0,0,0.0,0,0,0.0,5,0.8333333333333334,3627,0.4693522731476343,0.3112244897959184,0.9541284403669724,island,0.3423258250390634,0.2087692676302142,0.95019992729571,12521,3,2,2,0,0,0.0,0,0,0.0,2,0.6666666666666666,6627,0.3176505670613811,0.1903614457831325,0.9587155963302753,island,0.4258358185524832,0.271544389950684,0.9861868411450884,9991,2,0,0,0.0,0,0,0.0,1,0.5,2997,0.4372304199772984,0.28125,0.981651376146789,False,False,True,island,0.3654646324546702,0.2258119804608571,0.9578335150819416,11669,2,0,0,0.0,0,0,0.0,1,0.5,5688,0.4100104387891004,0.2607655502392344,0.9587155963302753,False,False,True,island,0.3736279005138435,0.23095422142039768,0.9774627408179664,11643,3,0,0,0.0,0,0,0.0,2,0.6666666666666666,5277,0.4239042810471383,0.27323943661971833,0.944954128440367,False,False,True,island
20160328_151020_641_361,complex_topology,0.2017221077421254,6794,True,False,False,5,0.5921339761478852,0.4518627526911533,0.858698851926908,12911,2,-3,3,2,5,1.0,0,0,0.0,0,0.0,0,0.6496109388451026,0.5707865168539326,0.7536945812807881,merge,0.5688179282482596,0.4224285714282697,0.870473947599543,14000,3,-2,2,2,5,1.0,0,0,0.0,1,0.3333333333333333,139,0.5656574460435575,0.4453441295546558,0.7750410509031199,mixed,0.6181069089369225,0.4820398747730416,0.861201059757343,12138,5,0,0,2,5,1.0,0,0,0.0,3,0.6,9,0.6360930799334473,0.5426195426195426,0.7684729064039408,mixed,0.5656556052103424,0.4177668539322908,0.8756255519563209,14240,3,-2,2,2,5,1.0,0,0,0.0,1,0.3333333333333333,578,0.5898887863629741,0.4701492537313433,0.7914614121510674,mixed,0.591933103787215,0.4445183215126739,0.8856343832780607,13536,2,2,5,1.0,0,0,0.0,0,0.0,0,0.6428186439131985,0.5533333333333333,0.7668308702791461,True,False,False,merge,0.6103231310650472,0.4785117056852186,0.842360906681127,11960,2,2,5,1.0,0,0,0.0,0,0.0,0,0.5911293695112051,0.4963235294117647,0.7307060755336617,True,False,False,merge,0.5341636698532873,0.380434782608458,0.8963791580793401,16008,3,2,5,1.0,0,0,0.0,1,0.3333333333333333,1876,0.5520953145684585,0.42628774422735344,0.7832512315270936,True,False,True,mixed
20160328_151020_641_721,moderate_general_error,0.1597313777191826,12136,False,False,False,1,0.6439390554485305,0.7033674963389913,0.5937705998676716,10245,3,2,2,0,0,0.0,1,2,1.0,0,0.0,0,0.7159787802400391,0.8967391304347826,0.5958668197474167,fragment,0.7227200462491968,0.6435649935645794,0.8240771259057151,15540,3,2,2,0,0,0.0,1,2,1.0,0,0.0,0,0.8195367393873169,0.7818181818181819,0.8610792192881745,fragment,0.6815697963235868,0.7540721494945997,0.621786420566396,10007,6,5,5,0,0,0.0,1,5,1.0,0,0.0,0,0.7422014203261805,0.8977272727272727,0.6326061997703789,fragment,0.7414705588653792,0.6219914000108214,0.9177653263011554,17907,1,0,0,0,0,0.0,0,0,0.0,0,0.0,0,0.880128950643733,0.8159806295399515,0.9552238805970148,clean,0.6578743811878643,0.6198979591832217,0.7008075148313275,13720,1,0,0,0.0,0,0,0.0,0,0.0,0,0.7530008376294683,0.8080985915492958,0.7049368541905855,False,False,False,clean,0.7567624460580441,0.6589478829347718,0.8886783124580679,16367,3,0,0,0.0,1,1,1.0,1,0.3333333333333333,1,0.849963262307127,0.7875816993464052,0.9230769230769232,False,True,True,mixed,0.7223190021598765,0.6257394663765388,0.8541529334205222,16566,3,0,0,0.0,1,2,1.0,0,0.0,0,0.8337094700757034,0.7906371911573472,0.8817451205510907,False,True,False,fragment
20160328_151057_1281_1,boundary_margin_error,0.2032124352331606,4825,True,False,True,3,0.8184153329373459,0.7819520483277668,0.8584455958531432,5297,1,-2,2,1,3,1.0,0,0,0.0,0,0.0,0,0.945711342164678,0.9692737430167596,0.9232673267326732,merge,0.8195935383003443,0.8243186582791944,0.8149222797910571,4770,1,-2,2,1,3,1.0,0,0,0.0,0,0.0,0,0.9352351354520936,0.9501385041551248,0.9207920792079208,merge,0.8148695743998152,0.8307493540033791,0.7995854922263221,4644,1,-2,2,1,3,1.0,0,0,0.0,0,0.0,0,0.9296035744842668,0.9464285714285714,0.9133663366336634,merge,0.8185170012281662,0.8090706620757054,0.8281865284956929,4939,1,-2,2,1,3,1.0,0,0,0.0,0,0.0,0,0.935336142150577,0.9556786703601108,0.915841584158416,merge,0.8192457737313,0.7917633410657545,0.8487046632106763,5172,1,1,3,1.0,0,0,0.0,0,0.0,0,0.9391553855208946,0.9636871508379888,0.915841584158416,True,False,False,merge,0.8133246809422308,0.8504863153113538,0.7792746113973487,4421,1,1,3,1.0,0,0,0.0,0,0.0,0,0.9308176100628932,0.9462915601023018,0.915841584158416,True,False,False,merge,0.824384898893491,0.7936325278082209,0.8576165803091034,5214,1,1,3,1.0,0,0,0.0,0,0.0,0,0.9457176794654113,0.9665738161559888,0.9257425742574258,True,False,False,merge
20160328_151057_1281_1081,thin_low_area_failure,0.3088235294117647,3332,True,True,False,4,0.540316774657541,0.3858611825187842,0.9009603841509576,7780,5,1,1,1,2,0.5,0,0,0.0,2,0.4,1597,0.6890078009154793,0.5270758122743683,0.9945652173913044,mixed,0.5395660832192227,0.4145595103874785,0.7725090035991221,6209,6,2,2,1,2,0.5,0,0,0.0,3,0.5,2000,0.6611816613960053,0.5044404973357016,0.9592391304347826,mixed,0.585313941113178,0.4829268292673504,0.7427971188453097,5125,6,2,2,1,2,0.5,0,0,0.0,3,0.5,1476,0.7191780821917807,0.5833333333333334,0.9375,mixed,0.5441162593181615,0.3968341362692404,0.865246098436779,7265,6,2,2,1,2,0.5,0,0,0.0,3,0.5,1523,0.6941320420701863,0.5346715328467153,0.9891304347826086,mixed,0.5079600933978901,0.3929392446627374,0.7181872749078085,6090,6,1,2,0.5,1,1,0.25,2,0.3333333333333333,1798,0.7083090095349289,0.5949656750572082,0.875,True,True,True,mixed,0.5718055861000969,0.4512322110370509,0.7803121248475982,5762,5,1,2,0.5,0,0,0.0,2,0.4,1715,0.7003824068267611,0.548885077186964,0.967391304347826,True,False,True,mixed,0.47590618336836255,0.36904761904700883,0.6698679471768612,6048,6,1,2,0.5,1,1,0.25,2,0.3333333333333333,2065,0.6218477934554187,0.5112612612612613,0.7934782608695652,True,True,True,mixed
20160328_151057_1281_361,boundary_margin_error,0.1837971657845313,5857,False,False,True,2,0.8286371934273921,0.7742509641044583,0.8912412497850585,6742,1,-1,1,1,2,1.0,0,0,0.0,0,0.0,0,0.918143459915612,0.9784172661870504,0.8648648648648649,merge,0.8221180583134804,0.7687964338770151,0.8833873996911672,6730,1,-1,1,1,2,1.0,0,0,0.0,0,0.0,0,0.922304271527723,0.973621103117506,0.8761261261261262,merge,0.8021252892271813,0.8052305574659235,0.7990438791176386,5812,1,-1,1,1,2,1.0,0,0,0.0,0,0.0,0,0.8589770546605309,0.910386965376782,0.8130630630630631,merge,0.8257446635818312,0.7869740098997726,0.8685333788614162,6464,1,-1,1,1,2,1.0,0,0,0.0,0,0.0,0,0.914090403551762,0.977886977886978,0.8581081081081081,merge,0.8130014737180178,0.7810287871625279,0.8477036025254436,6357,1,1,2,1.0,0,0,0.0,0,0.0,0,0.8969597784351986,0.942211055276382,0.8558558558558559,True,False,False,merge,0.8012781760075988,0.8107305138049445,0.792043708381779,5722,2,1,2,1.0,0,0,0.0,1,0.5,1,0.8609990260192014,0.9266247379454928,0.8040540540540541,True,False,True,mixed,0.8139668002282983,0.7810734463264578,0.8497524329847196,6372,1,1,2,1.0,0,0,0.0,0,0.0,0,0.8983521389723192,0.948051948051948,0.8536036036036037,True,False,False,merge
20160328_151057_1281_721,boundary_margin_error,0.1648767024659506,16667,False,False,True,2,0.8130330198991556,0.8480839416052867,0.7807643847118373,15344,3,1,1,0,0,0.0,1,1,0.5,0,0.0,0,0.924519480241584,0.9751351351351352,0.8788990825688073,fragment,0.8010780287471763,0.8609061444032405,0.7490250194991606,14501,3,1,1,0,0,0.0,1,1,0.5,0,0.0,0,0.917071837478994,0.9721627408993576,0.8678899082568807,fragment,0.8048505176247928,0.8701534170147348,0.7486650266990168,14340,3,1,1,0,0,0.0,1,1,0.5,0,0.0,0,0.9089156626506024,0.9573604060913704,0.865137614678899,fragment,0.8214627519987584,0.8460951411849109,0.7982240355188106,15724,3,1,1,0,0,0.0,1,1,0.5,0,0.0,0,0.9368833678909192,0.9758403361344538,0.9009174311926604,fragment,0.8168378699665265,0.8301734820317037,0.8039239215210872,16140,3,0,0,0.0,1,1,0.5,0,0.0,0,0.9234090143501988,0.9760609357997824,0.8761467889908257,False,True,False,fragment,0.8015003071747012,0.869144460027441,0.7436251274970038,14260,5,0,0,0.0,1,3,0.5,0,0.0,0,0.910033858252329,0.9621136590229312,0.863302752293578,False,True,False,fragment,0.798391404065224,0.8380160928631856,0.7623447531044805,15162,3,0,0,0.0,1,1,0.5,0,0.0,0,0.8873103667948351,0.9638694638694638,0.8220183486238533,False,True,False,fragment
20160328_151057_1921_721,boundary_margin_error,0.1402439024390244,11316,False,False,True,1,0.8110012062722263,0.8931873737901017,0.7426652527388276,9409,2,1,1,0,0,0.0,1,1,1.0,0,0.0,0,0.9558232931726908,0.945945945945946,0.9659090909090908,fragment,0.7993857737265705,0.9094905320097952,0.7130611523500238,8872,2,1,1,0,0,0.0,1,1,1.0,0,0.0,0,0.96088016361345,0.9587020648967552,0.9630681818181818,fragment,0.7945670628179393,0.9134328358198468,0.7030752916218601,8710,2,1,1,0,0,0.0,1,1,1.0,0,0.0,0,0.957442695155881,0.9546742209631728,0.9602272727272728,fragment,0.8138755283482417,0.9038523794098372,0.7401908801690171,9267,1,0,0,0,0,0.0,0,0,0.0,0,0.0,0,0.9627528205307536,0.954074074074074,0.9715909090909092,clean,0.8406895595503809,0.8812130607490735,0.8037292329437931,10321,2,0,0,0.0,1,1,1.0,0,0.0,0,0.9661590323691052,0.948604992657856,0.984375,False,True,False,fragment,0.7806575231944429,0.9089948332539818,0.6840756451036726,8516,2,0,0,0.0,1,1,1.0,0,0.0,0,0.95263708223428,0.9451659451659452,0.9602272727272728,False,True,False,fragment,0.8160629309503661,0.9056908816545529,0.7425768822899058,9278,3,0,0,0.0,1,2,1.0,0,0.0,0,0.9630772883770627,0.9659442724458205,0.9602272727272727,False,True,False,fragment
20160328_151057_641_1081,boundary_margin_error,0.2460738774607387,4521,True,False,True,2,0.7384377715547567,0.6552433173395216,0.8458305684564348,5836,1,-1,1,1,2,1.0,0,0,0.0,0,0.0,0,0.9157818532818534,0.8668341708542714,0.9705882352941176,merge,0.7424632163795221,0.6941131204295996,0.79805352797877,5198,1,-1,1,1,2,1.0,0,0,0.0,0,0.0,0,0.9230459509789118,0.8860759493670886,0.9632352941176472,merge,0.7127582269275274,0.6715571204994688,0.7593452775917732,5112,6,4,4,1,2,1.0,0,0,0.0,5,0.8333333333333334,323,0.8315387941049314,0.7625754527162978,0.9142156862745098,mixed,0.7447992968056013,0.66684155298939,0.8433974784321093,5718,1,-1,1,1,2,1.0,0,0,0.0,0,0.0,0,0.9282021298261058,0.885286783042394,0.9754901960784312,merge,0.7365586405416134,0.6347631241987279,0.8772395487704552,6248,1,1,2,1.0,0,0,0.0,0,0.0,0,0.9210447671986134,0.8646616541353384,0.9852941176470588,True,False,False,merge,0.7172215371961392,0.6697370946062757,0.7719531077178237,5211,2,1,2,1.0,0,0,0.0,1,0.5,413,0.8676809092216947,0.8012820512820513,0.946078431372549,True,False,True,mixed,0.7367557217099144,0.6267452683825213,0.8936076089340995,6446,1,1,2,1.0,0,0,0.0,0,0.0,0,0.9358062227627446,0.8992248062015504,0.9754901960784313,True,False,False,merge
20160328_151057_641_721,boundary_margin_error,0.1706816559600285,5604,False,False,True,2,0.7867226890749691,0.7434879288425295,0.8352962169863752,6296,1,-1,1,1,2,1.0,0,0,0.0,0,0.0,0,0.9055692760218664,0.91875,0.8927613941018767,merge,0.7858002406732114,0.7580431177433532,0.8156673804410856,6030,1,-1,1,1,2,1.0,0,0,0.0,0,0.0,0,0.8967932127385715,0.8981481481481481,0.8954423592493298,merge,0.7792855164767106,0.8072289156611069,0.7532119914333455,5229,1,-1,1,1,2,1.0,0,0,0.0,0,0.0,0,0.8681973010218674,0.8932584269662921,0.8445040214477212,merge,0.7934763948491043,0.7644723784307568,0.8247680228393562,6046,1,-1,1,1,2,1.0,0,0,0.0,0,0.0,0,0.9122606458988284,0.9240121580547112,0.900804289544236,merge,0.7913669064741581,0.7448818897626065,0.8440399714474589,6350,1,1,2,1.0,0,0,0.0,0,0.0,0,0.9089924109308976,0.9201277955271564,0.8981233243967829,True,False,False,merge,0.7801708793157883,0.7782315340895273,0.7821199143454994,5632,1,1,2,1.0,0,0,0.0,0,0.0,0,0.8783649630525222,0.8911392405063291,0.8659517426273459,True,False,False,merge,0.7913205628065847,0.7536325476255189,0.8329764453946592,6194,1,1,2,1.0,0,0,0.0,0,0.0,0,0.9009869840356681,0.9093655589123867,0.8927613941018767,True,False,False,merge
20160328_151244_1281_1081,boundary_margin_error,0.0434822704846221,21687,False,False,True,1,0.8183263647604542,0.7124692370793299,0.9611287868303772,29256,4,3,3,0,0,0.0,0,0,0.0,3,0.75,4086,0.7137554681631391,0.5576923076923077,0.9911032028469752,island,0.8172921988601264,0.7121186179499667,0.9589154793189656,29203,3,2,2,0,0,0.0,0,0,0.0,2,0.6666666666666666,4383,0.6980219293843973,0.5387168141592921,0.9911032028469752,island,0.8761024423335999,0.8108786939284914,0.9527366625162758,25481,5,4,4,0,0,0.0,0,0,0.0,4,0.8,1270,0.7805762021636207,0.6445714285714286,0.98932384341637,island,0.87045776808938,0.8044515725235469,0.9482639369202986,25564,4,3,3,0,0,0.0,0,0,0.0,3,0.75,3394,0.8114450312049929,0.6877828054298643,0.98932384341637,island,0.7985705371828997,0.6768269230767061,0.9737169733015292,31200,3,0,0,0.0,0,0,0.0,2,0.6666666666666666,4747,0.6698084520237212,0.504907306434024,0.994661921708185,False,False,True,island,0.834154551168799,0.744444444444175,0.9484483792129162,27630,3,0,0,0.0,0,0,0.0,2,0.6666666666666666,2821,0.7486354225484659,0.602803738317757,0.9875444839857652,False,False,True,island,0.8553471994757502,0.7691543021240863,0.963295983768634,27161,3,0,0,0.0,0,0,0.0,2,0.6666666666666666,2844,0.7907654754138276,0.6570188133140377,0.9928825622775801,False,False,True,island
20160328_151244_1281_361,high_quality,0.0704839382561535,23970,False,False,False,1,0.8806184153105833,0.8772823251766334,0.883979974968342,24153,2,1,1,0,0,0.0,0,0,0.0,1,0.5,270,0.9016192851895548,0.9216061185468452,0.8824809575625681,island,0.8754128137382605,0.8663289484431463,0.8846891948264978,24478,3,2,2,0,0,0.0,0,0,0.0,2,0.6666666666666666,481,0.8745573477270715,0.8699472759226714,0.8792165397170838,island,0.8891536548147219,0.8909974445976746,0.8873174801831926,23871,1,0,0,0,0,0.0,0,0,0.0,0,0.0,0,0.9146802015384472,0.953125,0.8792165397170838,clean,0.8872136609744092,0.8857380457376774,0.8886942010843184,24050,2,1,1,0,0,0.0,0,0,0.0,1,0.5,190,0.912932080425308,0.9430740037950665,0.8846572361262242,island,0.8775309451592596,0.8624023201478843,0.8931998331243666,24826,3,0,0,0.0,0,0,0.0,2,0.6666666666666666,587,0.8793346892270341,0.8709122203098106,0.8879216539717084,False,False,True,island,0.8707331679354798,0.8933555692087715,0.8492282019187112,22786,3,0,0,0.0,0,0,0.0,2,0.6666666666666666,427,0.8782100188728292,0.8976109215017065,0.8596300326441785,False,False,True,island,0.8669678915588654,0.832386363636044,0.9045473508548583,26048,4,0,0,0.0,0,0,0.0,3,0.75,1447,0.8743400668155302,0.8591304347826086,0.8900979325353645,False,False,True,island
20160328_151244_1281_721,complex_topology,0.0728577738515901,45280,False,False,False,6,0.8415948513366642,0.8399102547180415,0.8432862190810859,45462,3,-3,3,0,0,0.0,0,0,0.0,0,0.0,0,0.8847583494938583,0.9606741573033708,0.8199620972836387,clean,0.8484166357059195,0.8396634511396722,0.8573542402824962,46234,4,-2,2,1,2,0.3333333333333333,0,0,0.0,0,0.0,0,0.889259896072844,0.9365768896611644,0.8464939987365762,merge,0.8487543494935301,0.8545206276720045,0.8430653710245488,44673,4,-2,2,1,2,0.3333333333333333,1,1,0.1666666666666666,0,0.0,0,0.861329034254716,0.904019196160768,0.8224889450410613,mixed,0.8410133310471044,0.8168873344989557,0.8666077738513988,48036,3,-3,3,1,2,0.3333333333333333,0,0,0.0,0,0.0,0,0.897127800143726,0.9463028169014084,0.8528111181301327,merge,0.8423604451961642,0.8223970715080424,0.8633171378089967,47533,5,1,2,0.3333333333333333,1,1,0.1666666666666666,0,0.0,0,0.8942945759602439,0.95750452079566,0.8389134554643083,True,True,False,mixed,0.8463724823611082,0.854400612102335,0.8384938162542318,44437,4,1,2,0.3333333333333333,1,1,0.1666666666666666,0,0.0,0,0.8590964162005494,0.898360655737705,0.8231206569804169,True,True,False,mixed,0.842126868896288,0.8242471662999442,0.8607994699644742,47288,3,1,2,0.3333333333333333,0,0,0.0,0,0.0,0,0.8806668672244204,0.9378330373001776,0.8300694883133292,True,False,False,merge
20160328_151244_1921_1081,boundary_margin_error,0.1327468695514344,6309,False,False,True,3,0.7326716016144577,0.7806058433397014,0.6902837216663651,5579,2,-1,1,0,0,0.0,0,0,0.0,0,0.0,0,0.8291195769130689,0.8324742268041238,0.8257918552036199,clean,0.7200686106340307,0.7845262567729686,0.6653986368669117,5351,3,0,0,0,0,0.0,0,0,0.0,1,0.3333333333333333,3,0.8200238379022647,0.8664987405541562,0.7782805429864253,island,0.6967167501384746,0.8397048960410469,0.5953399904888329,4473,2,-1,1,0,0,0.0,0,0,0.0,0,0.0,0,0.8023488255872063,0.8894736842105263,0.7307692307692307,clean,0.708950589904454,0.8049959709895145,0.6333808844497807,4964,2,-1,1,0,0,0.0,0,0,0.0,0,0.0,0,0.8239174412558402,0.9025069637883008,0.7579185520361991,clean,0.7384738955817362,0.7485751506257148,0.7286416230769874,6141,2,0,0,0.0,0,0,0.0,0,0.0,0,0.8495142383042501,0.8417085427135679,0.8574660633484162,False,False,False,clean,0.6976005975159204,0.8487051340280584,0.5921699159920872,4402,2,0,0,0.0,0,0,0.0,0,0.0,0,0.8111272259685113,0.9184782608695652,0.7262443438914027,False,False,False,clean,0.7115971515762024,0.764898851830208,0.6652401331420744,5487,3,0,0,0.0,1,1,0.3333333333333333,0,0.0,0,0.8098640885526132,0.8550295857988166,0.7692307692307693,False,True,False,fragment
20160328_151244_1921_361,high_quality,0.0475878833208676,32088,False,False,False,2,0.8740853810288739,0.9346414505194852,0.8208987783592555,28183,1,-1,1,0,0,0.0,0,0,0.0,0,0.0,0,0.9076700717767816,0.9751552795031057,0.8489208633093526,clean,0.8733392382638072,0.9218782464156376,0.8296559461478342,28878,1,-1,1,0,0,0.0,0,0,0.0,0,0.0,0,0.9002210546992797,0.9520833333333332,0.8537170263788969,clean,0.8752464747890052,0.9344726320627909,0.8230802792318551,28263,1,-1,1,0,0,0.0,0,0,0.0,0,0.0,0,0.9009964168261916,0.9629629629629628,0.8465227817745803,clean,0.8716086235487776,0.9314830568549088,0.8189665918720958,28212,1,-1,1,0,0,0.0,0,0,0.0,0,0.0,0,0.8983760867431267,0.9600798403193612,0.8441247002398081,clean,0.8701193372724779,0.9278477884849702,0.8191535776611758,28329,1,0,0,0.0,0,0,0.0,0,0.0,0,0.902293365329552,0.9690721649484536,0.8441247002398081,False,False,False,clean,0.8751015535621052,0.9349867139057804,0.8224258289700752,28225,2,0,0,0.0,0,0,0.0,1,0.5,1,0.8960349421971109,0.948685857321652,0.8489208633093526,False,False,True,island,0.877142112464834,0.9188737201362052,0.8390363999000128,29300,1,0,0,0.0,0,0,0.0,0,0.0,0,0.9077366285274977,0.9721627408993576,0.8513189448441247,False,False,False,clean
20160328_151244_1921_721,high_quality,0.065429709994702,43413,False,False,False,4,0.889809682289445,0.8529896471580705,0.9299518577382512,47330,2,-2,2,1,2,0.5,0,0,0.0,0,0.0,0,0.9017090383470792,0.9130434782608696,0.890652557319224,merge,0.8882826025024776,0.8470733287357435,0.9337064934464484,47853,2,-2,2,1,2,0.5,0,0,0.0,0,0.0,0,0.8966545804311058,0.8956043956043956,0.8977072310405644,merge,0.8869060154958726,0.8547773694554195,0.9215442379008774,46804,3,-1,1,1,2,0.5,0,0,0.0,1,0.3333333333333333,1,0.8880247928473218,0.8901098901098901,0.8859494415049971,mixed,0.8803525074710555,0.8360367078903661,0.9296293736896944,48273,2,-2,2,1,2,0.5,0,0,0.0,0,0.0,0,0.8901528327595247,0.8838643371017472,0.8965314520870077,merge,0.886771607031418,0.8443671360718181,0.9336604242966546,48004,2,1,2,0.5,0,0,0.0,0,0.0,0,0.8999945934527971,0.8941289701636189,0.9059376837154616,True,False,False,merge,0.8868221522634587,0.854740485907636,0.9214060304514958,46799,5,1,2,0.5,1,1,0.25,2,0.4,2,0.8942265085364264,0.8942731277533039,0.8941798941798942,True,True,True,mixed,0.8883778717467099,0.8430796599299086,0.9388201690735636,48343,2,1,2,0.5,0,0,0.0,0,0.0,0,0.9038796298768756,0.9071358748778103,0.9006466784244562,True,False,False,merge
20160328_151244_1_1,boundary_margin_error,0.0706706356154789,28555,False,False,True,1,0.8382232481940506,0.8947577600250806,0.7884083347922296,25161,1,0,0,0,0,0.0,0,0,0.0,0,0.0,0,0.9726995781909076,0.9883720930232558,0.9575163398692812,clean,0.8552326223890568,0.9020163953530044,0.8130625109435079,25739,1,0,0,0,0,0.0,0,0,0.0,0,0.0,0,0.9790435816373668,0.9887780548628428,0.9694989106753812,clean,0.8415235472525089,0.8977687787831913,0.7919103484500816,25188,1,0,0,0,0,0.0,0,0,0.0,0,0.0,0,0.9638158881258038,0.963579604578564,0.9640522875816994,clean,0.8533734012531877,0.8949613743799166,0.8154789003674259,26019,2,1,1,0,0,0.0,0,0,0.0,1,0.5,38,0.9758736315388205,0.980106100795756,0.971677559912854,island,0.8624490904152662,0.8925814911948697,0.8342847137100913,26690,2,0,0,0.0,0,0,0.0,1,0.5,26,0.9814235509858804,0.9846547314578004,0.9782135076252724,False,False,True,island,0.8438690876483517,0.9043119670092868,0.7909998248990401,24977,1,0,0,0.0,0,0,0.0,0,0.0,0,0.9527867927190632,0.9612778315585672,0.9444444444444444,False,False,False,clean,0.8590122566689151,0.885013927576273,0.8344948345295624,26925,1,0,0,0.0,0,0,0.0,0,0.0,0,0.986456065562559,0.9948387096774194,0.9782135076252724,False,False,False,clean
20160328_151244_1_1081,boundary_margin_error,0.1030948825844984,7367,False,False,True,1,0.8352593010140675,0.8684249084236361,0.8045337315042697,6825,1,0,0,0,0,0.0,0,0,0.0,0,0.0,0,0.91619153830069,0.9913419913419912,0.8516320474777448,clean,0.839236673473108,0.8719637108562014,0.8088774263597002,6834,1,0,0,0,0,0.0,0,0,0.0,0,0.0,0,0.909386465419316,0.9678714859437751,0.857566765578635,clean,0.8343207937748345,0.8798554652199942,0.7932672729729968,6642,1,0,0,0,0,0.0,0,0,0.0,0,0.0,0,0.9002336246430734,0.9473684210526316,0.857566765578635,clean,0.8339918109325235,0.8857186451008763,0.7879733948679408,6554,1,0,0,0,0,0.0,0,0,0.0,0,0.0,0,0.916238939879732,0.9914529914529916,0.8516320474777448,clean,0.8390548992349971,0.8596041577661119,0.819465182569812,7023,1,0,0,0.0,0,0,0.0,0,0.0,0,0.9176583889385704,0.9829059829059827,0.8605341246290801,False,False,False,clean,0.835008615737482,0.8862978204528482,0.7893307995102629,6561,1,0,0,0.0,0,0,0.0,0,0.0,0,0.9045153853068864,0.964401294498382,0.8516320474777448,False,False,False,clean,0.8428154124350794,0.8642133789746623,0.8224514727829205,7011,1,0,0,0.0,0,0,0.0,0,0.0,0,0.9157730937897863,0.9824561403508771,0.857566765578635,False,False,False,clean
20160328_151244_1_721,high_quality,0.074433083620166,19756,False,False,False,1,0.8889056224897368,0.8816470822540919,0.8962846730102773,20084,1,0,0,0,0,0.0,0,0,0.0,0,0.0,0,0.966188984122958,0.983402489626556,0.9495677233429396,clean,0.8901633212814138,0.8771929824557092,0.9035229803599396,20349,1,0,0,0,0,0.0,0,0,0.0,0,0.0,0,0.9643765830483249,0.975095785440613,0.9538904899135446,clean,0.8873242953084944,0.8754988421929962,0.8994735776468417,20297,1,0,0,0,0,0.0,0,0,0.0,0,0.0,0,0.9432687177663168,0.9315068493150684,0.9553314121037464,clean,0.8901983400614604,0.882037267080307,0.898511844502481,20125,1,0,0,0,0,0.0,0,0,0.0,0,0.0,0,0.9619030942792106,0.9685658153241652,0.9553314121037464,clean,0.8902734510208945,0.8701788303524068,0.9113180805826526,20690,1,0,0,0.0,0,0,0.0,0,0.0,0,0.9656327803243594,0.9746588693957114,0.956772334293948,False,False,False,clean,0.8850539759766649,0.8861767989440342,0.883933994735329,19706,1,0,0,0.0,0,0,0.0,0,0.0,0,0.936651100628309,0.9254498714652956,0.9481268011527376,False,False,False,clean,0.8916408668728459,0.8663928946610322,0.9184045353305738,20942,1,0,0,0.0,0,0,0.0,0,0.0,0,0.967300091393574,0.9721115537848606,0.962536023054755,False,False,False,clean
20160328_151244_641_1,high_quality,0.0764286041085235,21857,False,False,False,1,0.8939322449747821,0.9227996687930824,0.8668161229807994,20531,1,0,0,0,0,0.0,0,0,0.0,0,0.0,0,0.941289398992114,0.98744769874477,0.8992537313432836,clean,0.8956201014290237,0.9025693444218266,0.8887770508299909,21523,2,1,1,0,0,0.0,0,0,0.0,1,0.5,61,0.937763470240364,0.9544592030360532,0.9216417910447762,island,0.8876020855440209,0.8952021964721972,0.8801299354893717,21489,6,5,5,0,0,0.0,0,0,0.0,5,0.8333333333333334,287,0.8936314991077787,0.8785834738617201,0.9092039800995024,island,0.8926127635802978,0.9084276848733202,0.8773390675752036,21109,1,0,0,0,0,0.0,0,0,0.0,0,0.0,0,0.9454867176334476,0.9892008639308856,0.9054726368159204,clean,0.8937270565417096,0.9020786726319434,0.8855286635856313,21456,1,0,0,0.0,0,0,0.0,0,0.0,0,0.9477152794912408,0.9838056680161944,0.914179104477612,False,False,False,clean,0.8881994932150311,0.9206185567005788,0.8579859999081035,20370,7,0,0,0.0,0,0,0.0,6,0.8571428571428571,41,0.9121526374648762,0.9362068965517242,0.8893034825870647,False,False,True,island,0.89384356372551,0.8889894555818034,0.8987509722281655,22097,2,0,0,0.0,0,0,0.0,1,0.5,239,0.9246581627971001,0.9327902240325866,0.9166666666666666,False,False,True,island
20160328_151244_641_361,high_quality,0.0644104803493449,16946,False,False,False,1,0.8972007005667181,0.9026939848271294,0.8917738699392825,16741,1,0,0,0,0,0.0,0,0,0.0,0,0.0,0,0.9293906621560826,0.994535519125683,0.872255489021956,clean,0.8968036529677724,0.8954056120943024,0.898206066327807,16999,1,0,0,0,0,0.0,0,0,0.0,0,0.0,0,0.9292133003055671,0.991549295774648,0.874251497005988,clean,0.8892471192307335,0.8998308361521871,0.8789094771622336,16552,2,1,1,0,0,0.0,1,1,1.0,0,0.0,0,0.9132356708388688,0.9835616438356164,0.8522954091816367,fragment,0.8884101171676392,0.8886461592956907,0.8881742004007505,16937,1,0,0,0,0,0.0,0,0,0.0,0,0.0,0,0.924892703862661,1.0,0.8602794411177644,clean,0.897657427809087,0.8823093582577896,0.9135489200985992,17546,1,0,0,0.0,0,0,0.0,0,0.0,0,0.9346315288960824,0.9911242603550297,0.8842315369261478,False,False,False,clean,0.8936566044527116,0.909096459095904,0.878732444234109,16380,1,0,0,0.0,0,0,0.0,0,0.0,0,0.9237379162191192,1.0,0.8582834331337326,False,False,False,clean,0.8976373420815282,0.8760321294158984,0.9203351823433729,17803,1,0,0,0.0,0,0,0.0,0,0.0,0,0.9360753497185531,0.9969135802469136,0.8822355289421158,False,False,False,clean
20160328_151244_641_721,high_quality,0.0500476371951219,52480,False,False,False,1,0.887772800914811,0.8880266920875333,0.8875190548778797,52450,1,0,0,0,0,0.0,0,0,0.0,0,0.0,0,0.9294946016247216,0.994192799070848,0.8727025187202179,clean,0.8922821450043527,0.8937919431006073,0.8907774390242206,52303,1,0,0,0,0,0.0,0,0,0.0,0,0.0,0,0.9226015582359672,0.9768467475192943,0.8740639891082369,clean,0.8796344496499817,0.8901549147381883,0.8693597560973954,51254,3,2,2,0,0,0.0,1,1,1.0,1,0.3333333333333333,1,0.9003003800507452,0.9415760869565216,0.8624914908100749,mixed,0.8828825399241599,0.8819256949460239,0.8838414634144658,52594,1,0,0,0,0,0.0,0,0,0.0,0,0.0,0,0.9255319328184184,0.9930955120828538,0.866575901974132,clean,0.8847976944369872,0.880424118934254,0.8892149390242209,53004,1,0,0,0.0,0,0,0.0,0,0.0,0,0.9267363648776462,0.9931895573212258,0.8686181075561606,False,False,False,clean,0.8765160718072467,0.8871043284803702,0.8661775914632497,51242,3,0,0,0.0,1,1,1.0,1,0.3333333333333333,1,0.9027550341388666,0.946961894953656,0.8624914908100749,False,True,True,mixed,0.8841861963131231,0.8791395094750256,0.8892911585364159,53086,1,0,0,0.0,0,0,0.0,0,0.0,0,0.9202678027997565,0.9926470588235294,0.8577263444520081,False,False,False,clean
20160328_151752_1281_361,boundary_margin_error,0.0695343375909273,17459,False,False,True,2,0.7529806372920407,0.8050991131971797,0.7071997250697593,15336,1,-1,1,0,0,0.0,0,0,0.0,0,0.0,0,0.8726355717075741,0.8839662447257384,0.8615916955017301,clean,0.7340197206753759,0.803199455411298,0.6758119021704131,14690,1,-1,1,0,0,0.0,0,0,0.0,0,0.0,0,0.8470401740354899,0.8964803312629399,0.8027681660899654,clean,0.7175855991941347,0.7963260459587927,0.6530156366340265,14317,1,-1,1,0,0,0.0,0,0,0.0,0,0.0,0,0.8329005412508211,0.8756660746003553,0.7941176470588235,clean,0.7522315308451631,0.8034621892484684,0.7071424480206729,15366,1,-1,1,0,0,0.0,0,0,0.0,0,0.0,0,0.8741343299989007,0.8888888888888888,0.8598615916955017,clean,0.7343360708680956,0.7930507573739084,0.683716134944336,15052,1,0,0,0.0,0,0,0.0,0,0.0,0,0.8569496292772716,0.8993839835728953,0.8183391003460208,False,False,False,clean,0.7445142521120534,0.8098572582811676,0.6889283464111983,14852,2,0,0,0.0,1,1,0.5,0,0.0,0,0.8694517666480284,0.8866141732283465,0.8529411764705882,False,True,False,fragment,0.7618821151500278,0.7918932278788977,0.73406266109128,16184,1,0,0,0.0,0,0,0.0,0,0.0,0,0.8773667207100262,0.8828282828282829,0.8719723183391004,False,False,False,clean
20160328_151752_1281_721,boundary_margin_error,0.1005053340819764,7124,False,False,True,1,0.7974742029872189,0.8833162743076027,0.7268388545750606,5862,2,1,1,0,0,0.0,0,0,0.0,1,0.5,59,0.8896350822239625,0.9003690036900369,0.879154078549849,island,0.787811634348407,0.9031028851371746,0.6986243683314168,5511,2,1,1,0,0,0.0,0,0,0.0,1,0.5,7,0.8965345172826317,0.9315589353612168,0.8640483383685801,island,0.7843074202099973,0.9177798682955453,0.6847276810770849,5315,1,0,0,0,0,0.0,0,0,0.0,0,0.0,0,0.9270664505672608,1.0,0.8640483383685801,clean,0.781280310377642,0.920922256095806,0.6784110050523885,5248,1,0,0,0,0,0.0,0,0,0.0,0,0.0,0,0.9014730929751796,0.953307392996109,0.8549848942598187,clean,0.8134486945956182,0.8854923992054107,0.7522459292521726,6052,2,0,0,0.0,0,0,0.0,1,0.5,12,0.9274154472332592,0.9850746268656716,0.8761329305135952,False,False,True,island,0.7755937755931404,0.9309870231991132,0.6646546883763832,5086,1,0,0,0.0,0,0,0.0,0,0.0,0,0.9254353857416168,0.9962121212121212,0.8640483383685801,False,False,False,clean,0.8082055974980491,0.8847887794274757,0.7438236945525775,5989,2,0,0,0.0,0,0,0.0,1,0.5,50,0.8914959691332852,0.9074074074074074,0.8761329305135952,False,False,True,island
20160328_151752_1921_721,boundary_margin_error,0.0919120629512452,24654,False,False,True,4,0.762588577596142,0.9045869516806364,0.6591222519669591,17964,1,-3,3,1,3,0.75,0,0,0.0,0,0.0,0,0.9334229347669564,0.9545454545454546,0.9132149901380672,merge,0.7565687426555214,0.899418864550235,0.6528758010867799,17896,1,-3,3,1,3,0.75,0,0,0.0,0,0.0,0,0.9314780061335652,0.9515570934256056,0.9122287968441816,merge,0.7323998444183362,0.91396675160726,0.611016467915709,16482,1,-3,3,1,3,0.75,0,0,0.0,0,0.0,0,0.9212994669922284,0.9464668094218416,0.8974358974358975,merge,0.7639865413619298,0.8926847784822446,0.6677212622695434,18441,1,-3,3,1,3,0.75,0,0,0.0,0,0.0,0,0.9315152757842936,0.9527104959630912,0.9112426035502958,merge,0.7736243538194661,0.8921625774993948,0.6828912144071214,18871,1,1,3,0.75,0,0,0.0,0,0.0,0,0.9400306301050176,0.951332560834299,0.9289940828402368,True,False,False,merge,0.7508984031031793,0.9084940973216766,0.6398961628941997,17365,1,1,3,0.75,0,0,0.0,0,0.0,0,0.9192474195344732,0.9389067524115756,0.9003944773175543,True,False,False,merge,0.7758766806384078,0.8911865298600941,0.6869879127116545,19005,1,1,3,0.75,0,0,0.0,0,0.0,0,0.9385162204204361,0.9598108747044918,0.9181459566074951,True,False,False,merge
20160328_151752_1_361,boundary_margin_error,0.0968872987477638,13975,False,False,True,1,0.7579063158857341,0.6613694539245619,0.8874418604644813,18752,2,1,1,0,0,0.0,0,0,0.0,1,0.5,22,0.8336916041704774,0.7687400318979266,0.9106317411402156,island,0.7531185827686415,0.6586961183783729,0.8791413237918575,18652,1,0,0,0,0,0.0,0,0,0.0,0,0.0,0,0.8488591434311236,0.7996918335901386,0.9044684129429892,clean,0.7577780499752701,0.6623307103470573,0.8853667262963253,18681,1,0,0,0,0,0.0,0,0,0.0,0,0.0,0,0.8444040906049891,0.7894736842105263,0.9075500770416024,clean,0.7459955606212892,0.642204203893693,0.8898032200351415,19363,2,1,1,0,0,0.0,0,0,0.0,1,0.5,9,0.8331904680267445,0.7689873417721519,0.9090909090909092,island,0.7524627582890581,0.6483618860304081,0.8963864042927395,19321,1,0,0,0.0,0,0,0.0,0,0.0,0,0.8424930721299397,0.780448717948718,0.9152542372881356,False,False,False,clean,0.762869559894484,0.6665062302793376,0.8918067978526713,18699,3,0,0,0.0,0,0,0.0,2,0.6666666666666666,3,0.7951307951307951,0.7065592635212888,0.9090909090909092,False,False,True,island,0.7488126176178426,0.6427033124804417,0.896887298747122,19502,1,0,0,0.0,0,0,0.0,0,0.0,0,0.8518632610774162,0.7932148626817448,0.9198767334360555,False,False,False,clean
20160328_151752_1_721,false_crack_high_fp,0.2662639405204461,1076,True,False,False,5,0.4742177170549268,0.3108030040430075,0.9999999999907064,3462,2,-3,3,1,4,0.8,0,0,0.0,0,0.0,0,0.4229390681003585,0.2681818181818182,1.0,merge,0.5062396986095921,0.3390097760947997,0.9990706319609752,3171,2,-3,3,1,4,0.8,0,0,0.0,0,0.0,0,0.4948745139625309,0.3294117647058823,0.9943181818181818,merge,0.5543732156746578,0.3845876845502896,0.9925650557528573,2777,2,-3,3,1,4,0.8,0,0,0.0,0,0.0,0,0.5537459283387621,0.3881278538812785,0.9659090909090908,merge,0.5329341317351973,0.3642564802170387,0.9925650557528573,2932,2,-3,3,1,4,0.8,0,0,0.0,0,0.0,0,0.5557315342369953,0.3891625615763547,0.9715909090909092,merge,0.4416170736703435,0.2833816170653584,0.9999999999907064,3797,2,1,4,0.8,0,0,0.0,0,0.0,0,0.4027777777777778,0.2521739130434782,1.0,True,False,False,merge,0.5561330561316109,0.3860028860014935,0.9944237918123195,2772,3,1,4,0.8,0,0,0.0,1,0.3333333333333333,1,0.5537878787878787,0.3863636363636363,0.9772727272727272,True,False,True,mixed,0.46598565529131497,0.3041134751764422,0.9962825278717818,3525,2,1,4,0.8,0,0,0.0,0,0.0,0,0.4202810530063457,0.2672811059907834,0.9829545454545454,True,False,False,merge
20160328_151752_641_361,complex_topology,0.0914237935977066,20930,False,False,False,5,0.7968983287576947,0.8033598757036301,0.7905398948873432,20596,1,-4,4,1,3,0.6,0,0,0.0,0,0.0,0,0.8752392888412621,0.9250374812593704,0.8305288461538461,merge,0.7862832069440583,0.7848981146444558,0.7876731963684722,21004,2,-3,3,1,4,0.8,0,0,0.0,1,0.5,14,0.8567734212232714,0.8727770177838577,0.8413461538461539,mixed,0.7973074408579391,0.8082871029501653,0.7866220735782194,20369,1,-4,4,1,3,0.6,0,0,0.0,0,0.0,0,0.8704674735302192,0.9129886506935688,0.8317307692307693,merge,0.7853933115744797,0.7776320719366908,0.7933110367889186,21352,2,-3,3,1,3,0.6,0,0,0.0,0,0.0,0,0.8520478142525784,0.8655692729766804,0.8389423076923077,merge,0.7869376781697948,0.7641445739745402,0.8111323459145671,22217,1,1,4,0.8,0,0,0.0,0,0.0,0,0.8547510220032413,0.8610354223433242,0.8485576923076923,True,False,False,merge,0.7868675467436849,0.808817594834136,0.7660774008596435,19824,1,1,3,0.6,0,0,0.0,0,0.0,0,0.8515514809590973,0.875,0.8293269230769231,True,False,False,merge,0.7980517047581497,0.7825847340861658,0.8141423793593816,21774,2,1,3,0.6,0,0,0.0,1,0.5,224,0.8600015512293492,0.8888888888888888,0.8329326923076923,True,False,True,mixed
20160328_152022_1281_721,high_quality,0.0495911369031917,30328,False,False,False,1,0.9064294097121663,0.8732200696691091,0.9422645739907208,32726,1,0,0,0,0,0.0,0,0,0.0,0,0.0,0,0.9863842662632374,0.9731343283582088,1.0,clean,0.9039792660954986,0.8680121396051995,0.9430559219200266,32950,1,0,0,0,0,0.0,0,0,0.0,0,0.0,0,0.9791666666666666,0.9591836734693876,1.0,clean,0.9062123231168052,0.8732420203005768,0.9417699815349044,32708,1,0,0,0,0,0.0,0,0,0.0,0,0.0,0,0.9588719153936544,0.9209932279909706,1.0,clean,0.9089460686686992,0.879396984924352,0.9405499868105576,32437,1,0,0,0,0,0.0,0,0,0.0,0,0.0,0,0.9843166542195668,0.9691176470588236,1.0,clean,0.9036761138670552,0.8600280003571953,0.9519915589551068,33571,1,0,0,0.0,0,0,0.0,0,0.0,0,0.9827973074046372,0.9661764705882352,1.0,False,False,False,clean,0.9102489866819612,0.8885818364524278,0.932999208651763,31844,1,0,0,0.0,0,0,0.0,0,0.0,0,0.9716646989374262,0.9448909299655568,1.0,False,False,False,clean,0.898923000742619,0.8469209237226363,0.9577288314425753,34296,1,0,0,0.0,0,0,0.0,0,0.0,0,0.9813014210919971,0.9632892804698973,1.0,False,False,False,clean
20160328_152022_1921_1,boundary_margin_error,0.0483174170077307,8796,False,False,True,1,0.816595255512166,0.7555598530257632,0.8883583447011273,10342,2,1,1,0,0,0.0,0,0,0.0,1,0.5,2017,0.7504509103283987,0.6367521367521367,0.9135802469135802,island,0.8232948154203786,0.7480951495997509,0.9153024101854076,10762,2,1,1,0,0,0.0,0,0,0.0,1,0.5,2086,0.767523968954497,0.65234375,0.9320987654320988,island,0.8150463686564473,0.7522600500088937,0.8892678490212718,10398,2,1,1,0,0,0.0,0,0,0.0,1,0.5,2061,0.7926926460694509,0.6964769647696477,0.9197530864197532,island,0.82695848897731,0.7696601704037119,0.89347430650194,10211,2,1,1,0,0,0.0,0,0,0.0,1,0.5,1865,0.7733435172808861,0.6639344262295082,0.925925925925926,island,0.8157812985394968,0.7490017113512559,0.8956343792622832,10518,2,0,0,0.0,0,0,0.0,1,0.5,2088,0.7426986801460265,0.6228070175438597,0.9197530864197532,False,False,True,island,0.8200499123873944,0.769353392447176,0.8778990450194657,10037,2,0,0,0.0,0,0,0.0,1,0.5,1839,0.8073242900511086,0.7193877551020408,0.9197530864197532,False,False,True,island,0.8169586189384022,0.7381411138629799,0.9146202819452993,10899,2,0,0,0.0,0,0,0.0,1,0.5,2252,0.7428040854224699,0.6201550387596899,0.9259259259259259,False,False,True,island
20160328_152022_1921_361,boundary_margin_error,0.078432324802098,20591,False,False,True,3,0.7692707318655391,0.6939389205652214,0.8629498324506517,25606,2,-1,1,0,0,0.0,0,0,0.0,1,0.5,269,0.7782639505978426,0.6858190709046454,0.899513776337115,island,0.7759353646863327,0.7162051113482142,0.846534893885267,24338,2,-1,1,0,0,0.0,0,0,0.0,1,0.5,314,0.7367744278611847,0.6361556064073226,0.8752025931928687,island,0.7726882206645326,0.7228732179869187,0.8298771307848914,23639,3,0,0,0,0,0.0,0,0,0.0,2,0.6666666666666666,398,0.8008805121157158,0.7370441458733206,0.8768233387358185,island,0.7725740140521693,0.6996847911738772,0.8624156184736718,25380,1,-2,2,0,0,0.0,0,0,0.0,0,0.0,0,0.7949256239481771,0.6966707768187423,0.9254457050243112,clean,0.7780054942657354,0.7059149357069413,0.8664950706615189,25275,4,0,0,0.0,0,0,0.0,3,0.75,435,0.7885299142668043,0.7121212121212122,0.8833063209076175,False,False,True,island,0.7519148936168614,0.6690900829260218,0.858141906657832,26409,1,0,0,0.0,0,0,0.0,0,0.0,0,0.7969094400704548,0.7092833876221498,0.9092382495948136,False,False,False,clean,0.7567259090166402,0.6519860920870115,0.9015589335142045,28473,2,0,0,0.0,0,0,0.0,1,0.5,681,0.7819626116788053,0.6727272727272727,0.93354943273906,False,False,True,island
20160328_152022_1921_721,high_quality,0.0835777126099706,10230,False,False,False,1,0.8645643456066057,0.8098002390295289,0.9272727272718208,11714,1,0,0,0,0,0.0,0,0,0.0,0,0.0,0,1.0,1.0,1.0,clean,0.8654760256583758,0.8197394877167411,0.9166177908104431,11439,1,0,0,0,0,0.0,0,0,0.0,0,0.0,0,0.9801063491934237,0.9860724233983288,0.9742120343839542,clean,0.8758041958037874,0.8371657754003233,0.9181818181809206,11220,4,3,3,0,0,0.0,0,0,0.0,3,0.75,39,0.9718877351322728,0.953125,0.991404011461318,island,0.8696463562560093,0.8318457693673403,0.9110459433031172,11204,1,0,0,0,0,0.0,0,0,0.0,0,0.0,0,0.98845988863855,0.9971264367816092,0.9799426934097422,clean,0.8699592621408568,0.8180253077379547,0.928934506352953,11617,1,0,0,0.0,0,0,0.0,0,0.0,0,0.9900822683965792,0.9887640449438202,0.991404011461318,False,False,False,clean,0.8657156443172298,0.8428703703695899,0.8898338220910167,10800,1,0,0,0.0,0,0,0.0,0,0.0,0,0.9738548141824294,0.9569160997732428,0.991404011461318,False,False,False,clean,0.8678880541272932,0.7882052509769466,0.9654936461378636,12531,1,0,0,0.0,0,0,0.0,0,0.0,0,0.9900057967201253,0.9914772727272727,0.9885386819484241,False,False,False,clean
20160328_152022_1_1081,boundary_margin_error,0.1433113078169804,8021,False,False,True,1,0.7194008412841287,0.6111740608379577,0.8742052113191944,11473,2,1,1,0,0,0.0,0,0,0.0,1,0.5,2,0.8184826352660606,0.7602591792656588,0.8863636363636364,island,0.712670724844896,0.6042678695345209,0.8684702655518408,11528,3,2,2,0,0,0.0,0,0,0.0,2,0.6666666666666666,31,0.8259046045245944,0.7680525164113785,0.8931818181818182,island,0.7075107071969563,0.6088089887634976,0.8444084278757706,11125,3,2,2,0,0,0.0,0,0,0.0,2,0.6666666666666666,128,0.7830337886412653,0.7085610200364298,0.875,island,0.7161253912058303,0.6084568439401844,0.8700910110947886,11470,3,2,2,0,0,0.0,0,0,0.0,2,0.6666666666666666,49,0.8188211113557953,0.7526652452025586,0.8977272727272727,island,0.6935717496625076,0.5785833333328512,0.8656027926681641,12000,2,0,0,0.0,0,0,0.0,1,0.5,378,0.8031217243475121,0.7295597484276729,0.8931818181818182,False,False,True,island,0.6927466200582466,0.5893981805453207,0.840044882183219,11432,7,0,0,0.0,0,0,0.0,6,0.8571428571428571,583,0.6954076850984068,0.5769828926905132,0.875,False,False,True,island,0.710442407333245,0.5916521450497123,0.8889165939397969,12051,1,0,0,0.0,0,0,0.0,0,0.0,0,0.8594207243943391,0.8204545454545454,0.9022727272727272,False,False,False,clean
20160328_152022_1_361,moderate_general_error,0.162172878667724,2522,False,False,False,2,0.6828397082889078,0.5465808911113973,0.9095955590764886,4197,1,-1,1,1,2,1.0,0,0,0.0,0,0.0,0,0.6774193548387097,0.5121951219512195,1.0,merge,0.6869881710635624,0.556237721020245,0.8980967486086515,4072,1,-1,1,1,2,1.0,0,0,0.0,0,0.0,0,0.7058823529411764,0.5454545454545454,1.0,merge,0.7001675041865385,0.5683559950542192,0.911578112605426,4045,2,0,0,1,2,1.0,0,0,0.0,1,0.5,1,0.7357142857142857,0.5819209039548022,1.0,mixed,0.6966155714058331,0.564298008358583,0.909992069782276,4067,1,-1,1,1,2,1.0,0,0,0.0,0,0.0,0,0.689075630252101,0.5256410256410257,1.0,merge,0.6880492091378324,0.5455178820238145,0.9314036478948002,4306,1,1,2,1.0,0,0,0.0,0,0.0,0,0.7111111111111111,0.5517241379310345,1.0,True,False,False,merge,0.6985616009995332,0.576664945790974,0.8858049167292396,3874,1,1,2,1.0,0,0,0.0,0,0.0,0,0.7333333333333334,0.5789473684210527,1.0,True,False,False,merge,0.6713681241175298,0.5210157618202255,0.9436954797742122,4568,1,1,2,1.0,0,0,0.0,0,0.0,0,0.7266187050359711,0.5706214689265536,1.0,True,False,False,merge
20160328_152022_1_721,boundary_margin_error,0.1168734826004855,7414,False,False,True,2,0.7593920652669521,0.7412973667299405,0.7783922309134362,7785,3,1,1,0,0,0.0,0,0,0.0,1,0.3333333333333333,396,0.8316822336163507,0.7819767441860465,0.888135593220339,island,0.7476249999995327,0.6965991148372972,0.8067170218494649,8586,3,1,1,0,0,0.0,0,0,0.0,1,0.3333333333333333,687,0.8005741203386446,0.7242268041237113,0.8949152542372881,island,0.7586827887826352,0.7251044996302863,0.7955219854318917,8134,3,1,1,0,0,0.0,0,0,0.0,1,0.3333333333333333,496,0.8260045344963711,0.7572614107883817,0.9084745762711864,island,0.7370941010369301,0.6763546243092526,0.8098192608567443,8877,3,1,1,0,0,0.0,0,0,0.0,1,0.3333333333333333,809,0.8010509493756602,0.7227979274611399,0.8983050847457628,island,0.738568588468726,0.6846348767557191,0.8017264634464504,8682,3,0,0,0.0,0,0,0.0,1,0.3333333333333333,687,0.7943500484997766,0.7098445595854922,0.9016949152542372,False,False,True,island,0.7255512797014687,0.6630568270618923,0.8010520636622592,8957,3,0,0,0.0,0,0,0.0,1,0.3333333333333333,904,0.7691072822632962,0.6802030456852792,0.8847457627118644,False,False,True,island,0.7589434148138914,0.6981987085071958,0.8312651739940231,8827,4,0,0,0.0,0,0,0.0,2,0.5,563,0.8230263796361311,0.7569832402234636,0.9016949152542373,False,False,True,island
20160328_152022_641_361,boundary_margin_error,0.0805510156432407,17132,False,False,True,1,0.8409532932738714,0.8364612808218302,0.8454938127475802,17317,1,0,0,0,0,0.0,0,0,0.0,0,0.0,0,0.8779864163004395,0.8631578947368421,0.8933333333333333,clean,0.8380649819492165,0.8294174812777514,0.8468946999761575,17493,1,0,0,0,0,0.0,0,0,0.0,0,0.0,0,0.8672096317280452,0.8494623655913979,0.8857142857142857,clean,0.8318291302705152,0.827148381138785,0.8365631566654,17327,1,0,0,0,0,0.0,0,0,0.0,0,0.0,0,0.8639014906027219,0.8431372549019608,0.8857142857142857,clean,0.8277843210477069,0.8149782227496946,0.8409992995558948,17679,3,2,2,0,0,0.0,0,0,0.0,2,0.6666666666666666,21,0.8644840689856765,0.8442477876106195,0.8857142857142857,island,0.8346555204865551,0.8137162499302468,0.8567009105761985,18037,1,0,0,0.0,0,0,0.0,0,0.0,0,0.8731152204836415,0.8608695652173913,0.8857142857142857,False,False,False,clean,0.827801756213476,0.8446212719426321,0.8116390380569626,16463,1,0,0,0.0,0,0,0.0,0,0.0,0,0.8718932130099643,0.8639344262295082,0.88,False,False,False,clean,0.8317205182874552,0.7821593830330168,0.8879873920144244,19450,2,0,0,0.0,0,0,0.0,1,0.5,440,0.8466332437747555,0.8108552631578947,0.8857142857142857,False,False,True,island
20160328_152022_641_721,boundary_margin_error,0.0840623811335108,15774,False,False,True,3,0.8029353753333326,0.7400812747295796,0.8774565741087375,18702,2,-1,1,1,2,0.6666666666666666,0,0,0.0,0,0.0,0,0.8921036359339438,0.8446909667194928,0.9451553930530164,merge,0.8027457062436664,0.7338269271157667,0.8859515658673222,19044,2,-1,1,1,2,0.6666666666666666,0,0,0.0,0,0.0,0,0.8913373215883932,0.8433179723502304,0.9451553930530164,merge,0.8086794213716727,0.7488387166464573,0.8789146697090916,18514,1,-2,2,1,2,0.6666666666666666,0,0,0.0,0,0.0,0,0.8759499368151367,0.8393351800554016,0.9159049360146252,merge,0.8135514962627151,0.7466497166159507,0.8936224166344023,18879,2,-1,1,1,2,0.6666666666666666,0,0,0.0,0,0.0,0,0.9156010230179028,0.8578274760383386,0.9817184643510056,merge,0.8061130751883735,0.7185964563994647,0.9179028781533424,20149,2,1,2,0.6666666666666666,0,0,0.0,0,0.0,0,0.9067385106982864,0.84375,0.979890310786106,True,False,False,merge,0.8166365065707033,0.7674379704484151,0.8725751236205955,17935,4,1,2,0.6666666666666666,1,1,0.3333333333333333,1,0.25,1,0.8718967560979681,0.816,0.9360146252285192,True,True,True,mixed,0.7989703701628945,0.71507988180462,0.9051603905154652,19967,2,1,2,0.6666666666666666,0,0,0.0,0,0.0,0,0.8925136514613075,0.8544,0.9341864716636198,True,False,False,merge
20160328_152305_1281_361,high_quality,0.0507286821705426,16125,False,False,False,2,0.8883719543106713,0.8556819487528118,0.9236589147281092,17406,2,0,0,0,0,0.0,0,0,0.0,0,0.0,0,0.8915960775585552,0.8579545454545454,0.9279835390946504,clean,0.8889597772813013,0.8348948687216282,0.9505116279063872,18358,2,0,0,0,0,0.0,0,0,0.0,0,0.0,0,0.879309927360775,0.8321799307958477,0.9320987654320988,clean,0.8896795007082674,0.8657434573401797,0.914976744185479,17042,3,1,1,0,0,0.0,0,0,0.0,1,0.3333333333333333,17,0.8889582617925263,0.8513513513513513,0.9300411522633744,island,0.8954217155133721,0.8630688683039738,0.930294573642834,17381,2,0,0,0,0,0.0,0,0,0.0,0,0.0,0,0.90919085815853,0.902834008097166,0.9156378600823044,clean,0.8882684882682246,0.8523225990305772,0.9273798449606652,17545,2,0,0,0.0,0,0,0.0,0,0.0,0,0.8949833826184805,0.8555133079847909,0.9382716049382716,False,False,False,clean,0.8968340611350993,0.8775146875551139,0.9170232558133848,16851,2,0,0,0.0,0,0,0.0,0,0.0,0,0.8803146188991311,0.845859872611465,0.9176954732510288,False,False,False,clean,0.8908402814733337,0.8512742272696777,0.9342635658908934,17697,3,0,0,0.0,0,0,0.0,1,0.3333333333333333,6,0.8977910571492721,0.8641509433962264,0.934156378600823,False,False,True,island
20160328_152305_1281_721,boundary_margin_error,0.0599383319545762,13297,False,False,True,2,0.7892818315531146,0.6865439172271867,0.9281792885606316,17977,2,0,0,0,0,0.0,0,0,0.0,1,0.5,476,0.8055393017359079,0.7157712305025996,0.9210526315789472,island,0.8100136955757524,0.7025414364637003,0.9563059336685296,18100,3,1,1,0,0,0.0,0,0,0.0,1,0.3333333333333333,460,0.798356801167536,0.7045075125208681,0.9210526315789472,island,0.8087291399227187,0.7053686390859848,0.9475821613890744,17863,4,2,2,0,0,0.0,0,0,0.0,3,0.75,349,0.7913389900662251,0.6936507936507936,0.9210526315789472,island,0.8138244361509609,0.7157780568553969,0.9429946604490164,17518,2,0,0,0,0,0.0,0,0,0.0,1,0.5,65,0.8232011162049033,0.7441441441441441,0.9210526315789472,island,0.7891610532759372,0.6655476940553294,0.9691659772873812,19363,2,0,0,0.0,0,0,0.0,1,0.5,508,0.7859622477760901,0.6854304635761589,0.9210526315789472,False,False,True,island,0.8240831008166121,0.7451063829782704,0.9217868692179274,16450,1,0,0,0.0,0,0,0.0,0,0.0,0,0.8547692923631269,0.7973856209150327,0.9210526315789472,False,False,False,clean,0.8259206431532592,0.7258275881712005,0.9580356471377317,17551,3,0,0,0.0,1,1,0.5,1,0.3333333333333333,214,0.840238461250047,0.7803468208092486,0.9100877192982456,False,True,True,mixed
20160328_152305_1921_361,boundary_margin_error,0.0488295210864903,22384,False,False,True,3,0.8281319613873284,0.7885337966139596,0.8719174410289171,24751,2,-1,1,0,0,0.0,0,0,0.0,0,0.0,0,0.7415824853712709,0.8023952095808383,0.6893382352941176,clean,0.8114079855897506,0.7349624741667325,0.9056022158680728,27581,3,0,0,0,0,0.0,0,0,0.0,0,0.0,0,0.7274614306999824,0.7442680776014109,0.7113970588235294,clean,0.8463778044183837,0.812561657349222,0.8831308077194053,24328,2,-1,1,0,0,0.0,0,0,0.0,0,0.0,0,0.7125176057535944,0.7437252311756936,0.6838235294117647,clean,0.8182699688899806,0.7468471126186492,0.9047980700496316,27118,4,1,1,0,0,0.0,0,0,0.0,1,0.25,12,0.7489444243955251,0.7591911764705882,0.7389705882352942,island,0.8215534181402789,0.7649551249948904,0.8871962115793034,25961,2,0,0,0.0,0,0,0.0,0,0.0,0,0.7423339516160858,0.792,0.6985294117647058,False,False,False,clean,0.7991965451439592,0.7260318966458428,0.888759828448495,27401,18,1,2,0.6666666666666666,1,4,0.3333333333333333,12,0.6666666666666666,247,0.6706137204395203,0.6432848588537211,0.7003676470588235,True,True,True,mixed,0.8037534178472111,0.7493048045725517,0.8667351679767393,25892,2,0,0,0.0,0,0,0.0,0,0.0,0,0.7705459175490048,0.8509212730318257,0.7040441176470589,False,False,False,clean
20160328_152305_1921_721,high_quality,0.0415768791988845,15778,False,False,False,1,0.9224140662122848,0.9221511370108808,0.9226771453917336,15787,1,0,0,0,0,0.0,0,0,0.0,0,0.0,0,0.9907407407407408,0.981651376146789,1.0,clean,0.9198676540094786,0.9147082784978914,0.9250855621745944,15957,1,0,0,0,0,0.0,0,0,0.0,0,0.0,0,0.9826589595375724,0.9659090909090908,1.0,clean,0.924955482065338,0.928142948308278,0.9217898339454164,15670,1,0,0,0,0,0.0,0,0,0.0,0,0.0,0,0.9820143884892086,0.9646643109540636,1.0,clean,0.9256987479445664,0.9235962145104584,0.9278108759025682,15850,1,0,0,0,0,0.0,0,0,0.0,0,0.0,0,0.9888888888888888,0.978021978021978,1.0,clean,0.9250139899269648,0.9077983890646156,0.9428951704899587,16388,1,0,0,0.0,0,0,0.0,0,0.0,0,0.9776785714285714,0.9563318777292577,1.0,False,False,False,clean,0.922862513774252,0.9443486335891852,0.902332361515463,15076,1,0,0,0.0,0,0,0.0,0,0.0,0,0.9949031600407746,0.9898580121703854,1.0,False,False,False,clean,0.9272245597628401,0.9121849512473709,0.9427684117119135,16307,1,0,0,0.0,0,0,0.0,0,0.0,0,0.9907407407407407,0.981651376146789,1.0,False,False,False,clean
20160328_152305_1_361,boundary_margin_error,0.1314310250605043,12809,False,False,True,1,0.7824205448351368,0.716960280829021,0.861035209617565,15383,1,0,0,0,0,0.0,0,0,0.0,0,0.0,0,0.8032737193088816,0.787518573551263,0.819672131147541,clean,0.775643529202636,0.711318051575468,0.8527597782802304,15356,1,0,0,0,0,0.0,0,0,0.0,0,0.0,0,0.7987156259529661,0.7884615384615384,0.8092399403874814,clean,0.782577289800353,0.7281403320110705,0.8458115387611477,14879,1,0,0,0,0,0.0,0,0,0.0,0,0.0,0,0.7833167662958374,0.7643229166666666,0.8032786885245902,clean,0.7825899435715837,0.7251232183290761,0.849949254429815,15014,1,0,0,0,0,0.0,0,0,0.0,0,0.0,0,0.8018462108568591,0.7931547619047619,0.8107302533532041,clean,0.7809973279658601,0.7029610194898157,0.8785229135757057,16008,1,0,0,0.0,0,0,0.0,0,0.0,0,0.830576760531459,0.8005952380952381,0.8628912071535022,False,False,False,clean,0.7861761589884974,0.7388080197742798,0.8400343508464048,14564,1,0,0,0.0,0,0,0.0,0,0.0,0,0.7852408979954043,0.7749326145552561,0.7958271236959762,False,False,False,clean,0.7732318648325165,0.6993117383338389,0.8646264345375403,15837,1,0,0,0.0,0,0,0.0,0,0.0,0,0.808324286881801,0.7890044576523031,0.8286140089418778,False,False,False,clean
20160328_152305_641_361,boundary_margin_error,0.108529089837501,11877,False,False,True,2,0.7586206896548979,0.6651649746188673,0.8826302938445039,15760,2,0,0,0,0,0.0,0,0,0.0,0,0.0,0,0.8086627226762909,0.7186234817813765,0.924496644295302,clean,0.75345689908769,0.6688867123730533,0.8625073671795381,15315,2,0,0,0,0,0.0,0,0,0.0,0,0.0,0,0.7269601244324165,0.5996835443037974,0.9228187919463088,clean,0.7727019291525954,0.6917343271657848,0.8751368190613158,15026,2,0,0,0,0,0.0,0,0,0.0,0,0.0,0,0.7652571079520213,0.6503267973856209,0.929530201342282,clean,0.7498156614065957,0.6669508755816442,0.8561926412386492,15247,2,0,0,0,0,0.0,0,0,0.0,0,0.0,0,0.7397280520248299,0.6203007518796992,0.9161073825503356,clean,0.7585588171963115,0.6610169491521289,0.8898711795900565,15989,2,0,0,0.0,0,0,0.0,0,0.0,0,0.7990061009609318,0.7015810276679841,0.9278523489932886,False,False,False,clean,0.7601406267717233,0.6897639956087473,0.8465100614626198,14576,2,0,0,0.0,0,0,0.0,0,0.0,0,0.7709766659025752,0.6691285081240768,0.9093959731543624,False,False,False,clean,0.7572609554463541,0.6694909772972838,0.8715163761885395,15461,2,0,0,0.0,0,0,0.0,0,0.0,0,0.7523218286841943,0.6406844106463878,0.9110738255033557,False,False,False,clean
20160328_152305_641_721,boundary_margin_error,0.0757956878850102,19480,False,False,True,2,0.7948443046718617,0.7416085004220239,0.8563141683773838,22493,3,1,1,0,0,0.0,0,0,0.0,1,0.3333333333333333,3424,0.8298097540754208,0.7565632458233891,0.9187592319054652,island,0.7931370452221209,0.7383744082116993,0.8566735112931947,22601,2,0,0,0,0,0.0,0,0,0.0,0,0.0,0,0.8151765149294358,0.7383177570093458,0.9098966026587888,clean,0.7966048864697062,0.7473793134472725,0.8527720739215334,22227,3,1,1,0,0,0.0,0,0,0.0,1,0.3333333333333333,3234,0.7960462568472307,0.7005347593582888,0.9217134416543574,island,0.7922212782023997,0.7331818976058303,0.8616016427100299,22892,3,1,1,0,0,0.0,0,0,0.0,1,0.3333333333333333,3638,0.8150694048200054,0.7324106113033448,0.9187592319054652,island,0.7923531456376336,0.7221541710662208,0.8776694045170033,23675,2,0,0,0.0,0,0,0.0,0,0.0,0,0.8435880324410644,0.7735148514851485,0.9276218611521418,False,False,False,clean,0.7944590771630099,0.7567366660468515,0.8361396303897145,21524,3,0,0,0.0,0,0,0.0,1,0.3333333333333333,3022,0.8021003610584763,0.7199170124481328,0.9054652880354506,False,False,True,island,0.7885102654572005,0.731856345333539,0.8546714579051053,22749,3,0,0,0.0,0,0,0.0,1,0.3333333333333333,3432,0.8185979518683609,0.7551766138855055,0.8936484490398818,False,False,True,island
20160328_152511_1281_361,boundary_margin_error,0.1474621891822609,7802,False,False,True,3,0.7062510308424288,0.6183691152396087,0.8232504486018671,10387,2,-1,1,0,0,0.0,0,0,0.0,0,0.0,0,0.8322377793153974,0.8844444444444445,0.7858508604206501,clean,0.6900809296530971,0.579658358026338,0.8524737246848854,11474,3,0,0,0,0,0.0,0,0,0.0,0,0.0,0,0.8466469536333638,0.8443579766536965,0.8489483747609943,clean,0.7106099110542616,0.6053581093265331,0.8601640604962059,11086,2,-1,1,0,0,0.0,0,0,0.0,0,0.0,0,0.8189552133867679,0.7844827586206896,0.8565965583173997,clean,0.6613955327136483,0.5382017050019798,0.8577287874892877,12434,4,1,1,0,0,0.0,1,1,0.3333333333333333,0,0.0,0,0.8054432761119188,0.7841584158415842,0.8279158699808795,fragment,0.6940082644624515,0.5812424294855674,0.86106126634086,11558,2,0,0,0.0,0,0,0.0,0,0.0,0,0.8600733711880634,0.9207708779443254,0.8068833652007649,False,False,False,clean,0.7240065323893717,0.6292581377738178,0.8523455524213633,10568,2,0,0,0.0,0,0,0.0,0,0.0,0,0.8213068917007337,0.7855946398659966,0.8604206500956023,False,False,False,clean,0.6794430303934325,0.5563547200649315,0.8724685977943188,12235,2,0,0,0.0,0,0,0.0,0,0.0,0,0.8595775098286339,0.8625792811839323,0.8565965583173997,False,False,False,clean
20160328_152511_1281_721,boundary_margin_error,0.1178242047807265,5313,False,False,True,1,0.7838539335892026,0.7472696245721037,0.8242047807249686,5860,1,0,0,0,0,0.0,0,0,0.0,0,0.0,0,0.973561430793157,0.9484848484848484,1.0,clean,0.8287870989871086,0.7613869188325274,0.9092791266687196,6345,1,0,0,0,0,0.0,0,0,0.0,0,0.0,0,0.9490084985835692,0.9029649595687332,1.0,clean,0.7719101123588278,0.7680268306302068,0.7758328627879243,5367,3,2,2,0,0,0.0,1,2,1.0,0,0.0,0,0.9037727850784232,0.896551724137931,0.9111111111111112,fragment,0.817376913528492,0.7293266391011085,0.9296066252570496,6772,1,0,0,0,0,0.0,0,0,0.0,0,0.0,0,0.967238689547582,0.9365558912386708,1.0,clean,0.8155900960705962,0.6970627503328477,0.9826839826821332,7490,1,0,0,0.0,0,0,0.0,0,0.0,0,0.9685534591194968,0.9390243902439024,1.0,False,False,False,clean,0.7682570593955518,0.7958442606399115,0.7425183512126059,4957,3,0,0,0.0,1,2,1.0,0,0.0,0,0.8983322798658043,0.91131498470948,0.8857142857142857,False,True,False,fragment,0.835493852972455,0.751806140877857,0.9401468097102575,6644,1,0,0,0.0,0,0,0.0,0,0.0,0,0.973724884080371,0.9487951807228916,1.0,False,False,False,clean
20160328_152511_1921_361,boundary_margin_error,0.0913127948931446,10809,False,False,True,2,0.7020049909643309,0.6561570015276633,0.7547414191870156,12433,2,0,0,0,0,0.0,0,0,0.0,0,0.0,0,0.7881144755720004,0.71,0.8855421686746988,clean,0.7447327747495547,0.6645133192998007,0.8469793690435313,13777,3,1,1,0,0,0.0,0,0,0.0,1,0.3333333333333333,51,0.8655281972810909,0.7652892561983471,0.9959839357429718,island,0.7510419324654456,0.6950019677286934,0.8169118327312268,12705,2,0,0,0,0,0.0,0,0,0.0,0,0.0,0,0.8718726307808946,0.7918552036199095,0.9698795180722892,clean,0.7638259474630985,0.6741469630463867,0.8810250716986945,14126,3,1,1,0,0,0.0,0,0,0.0,1,0.3333333333333333,23,0.8561699968779269,0.7542372881355932,0.9899598393574296,island,0.7715823643009526,0.6940419869894336,0.8686279951883905,13528,2,0,0,0.0,0,0,0.0,0,0.0,0,0.8886281870796182,0.8047882136279927,0.9919678714859438,False,False,False,clean,0.705043478260563,0.665080797308945,0.750115644369738,12191,4,0,0,0.0,1,1,0.5,1,0.25,8,0.7333330298077316,0.6124567474048442,0.9136546184738956,False,True,True,mixed,0.7602688573559372,0.6609486057950649,0.8947173651578363,14632,2,0,0,0.0,0,0,0.0,0,0.0,0,0.864476386036961,0.7613019891500904,1.0,False,False,False,clean
20160328_152511_1921_721,missed_crack_high_fn,0.0924010217113665,7830,False,False,False,1,0.3745012350366953,0.7310830860507007,0.251724137930713,2696,2,1,1,0,0,0.0,1,1,1.0,0,0.0,0,0.2712384223762498,0.7444444444444445,0.1658291457286432,fragment,0.4951014695586991,0.7856746252060365,0.3614303959126929,3602,1,0,0,0,0,0.0,0,0,0.0,0,0.0,0,0.4061933217510834,0.8073770491803278,0.271356783919598,clean,0.3338196673472096,0.7001223990179514,0.2191570881223254,2451,3,2,2,0,0,0.0,1,1,1.0,1,0.3333333333333333,1,0.2252541248764905,0.7302325581395349,0.1331658291457286,mixed,0.579783748361255,0.8083599817249695,0.451979565772092,4378,1,0,0,0,0,0.0,0,0,0.0,0,0.0,0,0.480010234759803,0.835820895522388,0.3366834170854271,clean,0.5373942470384624,0.7959899749353484,0.4056194125154462,3990,1,0,0,0.0,0,0,0.0,0,0.0,0,0.4727123950476732,0.8728813559322034,0.3241206030150754,False,False,False,clean,0.2591034977943798,0.6581552892097022,0.1613026819921311,1919,2,0,0,0.0,1,1,1.0,0,0.0,0,0.1707250341997264,0.6624203821656051,0.0979899497487437,False,True,False,fragment,0.3854538620556423,0.7293741109504646,0.2619412515960895,2812,2,0,0,0.0,1,1,1.0,0,0.0,0,0.31296780373755906,0.7393939393939394,0.1984924623115578,False,True,False,fragment
20160328_152511_1_361,moderate_general_error,0.1612888184276788,10723,False,False,False,1,0.6679541153293932,0.5700817510544764,0.8063974633956855,15168,1,0,0,0,0,0.0,0,0,0.0,0,0.0,0,0.8389399125965532,0.7544378698224852,0.9447592067988668,clean,0.6659530545146165,0.5643019112403211,0.8122726848822043,15435,2,1,1,0,0,0.0,0,0,0.0,1,0.5,8,0.8170753980772744,0.7214484679665738,0.9419263456090652,island,0.6495746507450832,0.5584781587596065,0.7761820386078744,14903,2,1,1,0,0,0.0,1,1,1.0,0,0.0,0,0.7556577424253689,0.6308962264150944,0.9419263456090652,fragment,0.655275934916921,0.5437323163977464,0.8243961577908939,16258,1,0,0,0,0,0.0,0,0,0.0,0,0.0,0,0.8225472376040918,0.725,0.9504249291784702,clean,0.6679545285679961,0.5551096017285859,0.8383847803778435,16195,2,0,0,0.0,0,0,0.0,1,0.5,25,0.8446156153686116,0.7573099415204678,0.9546742209631728,False,False,True,island,0.6574383700129647,0.5637879293093939,0.788398769000477,14995,3,0,0,0.0,1,1,1.0,1,0.3333333333333333,1,0.7348771749210512,0.6024498886414253,0.9419263456090652,False,True,True,mixed,0.6532201253195457,0.542159034957815,0.821505175789591,16248,1,0,0,0.0,0,0,0.0,0,0.0,0,0.8329472891931919,0.7387518142235123,0.9546742209631728,False,False,False,clean
20160328_152511_641_361,boundary_margin_error,0.1080392308286354,12949,False,False,True,1,0.7843259991860084,0.6594042732340494,0.9676422889790968,19002,1,0,0,0,0,0.0,0,0,0.0,0,0.0,0,0.9418207195146266,0.8973214285714286,0.9909638554216867,clean,0.7827538247563645,0.6525301453155454,0.977913352381668,19406,1,0,0,0,0,0.0,0,0,0.0,0,0.0,0,0.9313607085346216,0.875,0.9954819277108434,clean,0.792021010505005,0.6654058313629285,0.9781450305035306,19035,1,0,0,0,0,0.0,0,0,0.0,0,0.0,0,0.9184717003076012,0.8536285362853628,0.993975903614458,clean,0.7877126300701639,0.6601911326958796,0.9762916055286304,19149,1,0,0,0,0,0.0,0,0,0.0,0,0.0,0,0.9507595599790468,0.911144578313253,0.993975903614458,clean,0.7830393067159446,0.653375342182401,0.9769094138535972,19361,1,0,0,0.0,0,0,0.0,0,0.0,0,0.9565816147190108,0.9218989280245024,0.993975903614458,False,False,False,clean,0.7895727460942376,0.6648528712553939,0.9718897212132428,18929,2,0,0,0.0,0,0,0.0,1,0.5,1,0.8850980419512127,0.7977178423236515,0.993975903614458,False,False,True,island,0.7745633187770578,0.6376891196881022,0.9862537647687185,20027,1,0,0,0.0,0,0,0.0,0,0.0,0,0.9470749406513187,0.9044006069802731,0.9939759036144579,False,False,False,clean
20160328_152511_641_721,boundary_margin_error,0.1445444319460067,1778,False,False,True,1,0.7721299280913163,0.6904656319259846,0.8757030371154348,2255,1,0,0,0,0,0.0,0,0,0.0,0,0.0,0,0.6723570132401371,0.9111111111111112,0.5327510917030568,clean,0.7561094819140858,0.6685393258398076,0.8700787401525868,2314,2,1,1,0,0,0.0,0,0,0.0,1,0.5,86,0.6578249336870027,0.8378378378378378,0.5414847161572053,island,0.8549832026851765,0.8511705685571285,0.8588301462268908,1794,1,0,0,0,0,0.0,0,0,0.0,0,0.0,0,0.6735174480839221,0.9285714285714286,0.5283842794759825,clean,0.6177944862136034,0.6973125883967659,0.5545556805368136,1414,1,0,0,0,0,0.0,0,0,0.0,0,0.0,0,0.5210981665989943,0.8508771929824561,0.3755458515283842,clean,0.7494532199252747,0.6598202824105271,0.8672665916711628,2337,2,0,0,0.0,0,0,0.0,1,0.5,24,0.6332453825857519,0.8,0.5240174672489083,False,False,True,island,0.8130841121472978,0.7951612903183056,0.8318335208052203,1860,3,0,0,0.0,0,0,0.0,2,0.6666666666666666,129,0.6335774575288331,0.8223684210526315,0.5152838427947598,False,False,True,island,0.7816034179422428,0.7064970467937006,0.8745781777228652,2201,2,0,0,0.0,0,0,0.0,1,0.5,81,0.6565108514190318,0.8666666666666667,0.5283842794759825,False,False,True,island
20160328_152747_1281_361,boundary_margin_error,0.1335752257193485,11851,False,False,True,2,0.7996530789242143,0.783125707813636,0.8168930891900962,12362,2,0,0,0,0,0.0,1,1,0.5,0,0.0,0,0.9044703579242188,0.8954344624447718,0.9136904761904762,fragment,0.7911684283553886,0.7661239329744182,0.8179056619687638,12652,2,0,0,0,0,0.0,1,1,0.5,0,0.0,0,0.8836154491273516,0.855457227138643,0.9136904761904762,fragment,0.7801478711647912,0.7857570829403528,0.7746181756807234,11683,2,0,0,0,0,0.0,1,1,0.5,0,0.0,0,0.8869987901785377,0.8712998712998713,0.9032738095238096,fragment,0.7971721111649613,0.7687485306788113,0.827778246560773,12761,2,0,0,0,0,0.0,1,1,0.5,0,0.0,0,0.8963776017909332,0.8729198184568835,0.9211309523809524,fragment,0.7907297670262234,0.761789317274762,0.8219559530834343,12787,2,0,0,0.0,1,1,0.5,0,0.0,0,0.8891034982708498,0.8753709198813057,0.9032738095238096,False,True,False,fragment,0.7764164750153558,0.7695623342168687,0.7833938064291761,12064,2,0,0,0.0,1,1,0.5,0,0.0,0,0.8786381109280617,0.8648648648648649,0.8928571428571429,False,True,False,fragment,0.7870408246744715,0.7637951568076508,0.8117458442318692,12595,3,0,0,0.0,1,2,0.5,0,0.0,0,0.8977605360606595,0.8996960486322189,0.8958333333333334,False,True,False,fragment
20160328_152747_1281_721,boundary_margin_error,0.1087562744004461,1793,False,False,True,1,0.7243986254278937,0.614696734056708,0.8817624093648536,2572,1,0,0,0,0,0.0,0,0,0.0,0,0.0,0,0.8348348348348348,0.7164948453608248,1.0,clean,0.7282172373064268,0.6314496314470457,0.8600111544848856,2442,1,0,0,0,0,0.0,0,0,0.0,0,0.0,0,0.8688046647230322,0.7680412371134021,1.0,clean,0.7357892168803714,0.6539462272304686,0.8410485220254265,2306,1,0,0,0,0,0.0,0,0,0.0,0,0.0,0,0.8845850073829882,0.8009950248756219,0.9876543209876544,clean,0.7448880233672228,0.6609071274269508,0.8533184606756647,2315,1,0,0,0,0,0.0,0,0,0.0,0,0.0,0,0.9014925373134328,0.8206521739130435,1.0,clean,0.7362094870128006,0.5983949755736274,0.9564974902344868,2866,1,0,0,0.0,0,0,0.0,0,0.0,0,0.8024691358024691,0.6701030927835051,1.0,False,False,False,clean,0.7249061326640178,0.6575840145292572,0.8075850529793219,2202,1,0,0,0.0,0,0,0.0,0,0.0,0,0.8595988538681948,0.8021390374331551,0.925925925925926,False,False,False,clean,0.7024667103237231,0.577116212336524,0.8973786949197023,2788,1,0,0,0.0,0,0,0.0,0,0.0,0,0.8014287969687403,0.6894736842105263,0.9567901234567902,False,False,False,clean
20160328_152747_1921_361,boundary_margin_error,0.0936495403530539,17731,False,False,True,1,0.7828276699026752,0.8471337579612271,0.7275957362806792,15229,1,0,0,0,0,0.0,0,0,0.0,0,0.0,0,0.9041049082392342,0.9074829931972788,0.900751879699248,clean,0.7985034740777961,0.8431679939795301,0.7583328633462533,15947,1,0,0,0,0,0.0,0,0,0.0,0,0.0,0,0.9207771320315352,0.9123867069486404,0.9293233082706768,clean,0.758054994562449,0.8439878234392942,0.6880040606842885,14454,1,0,0,0,0,0.0,0,0,0.0,0,0.0,0,0.8786868501941588,0.9098083427282976,0.849624060150376,clean,0.8047267703339885,0.8403732809425095,0.7719812757313338,16288,1,0,0,0,0,0.0,0,0,0.0,0,0.0,0,0.9265799656988218,0.9165402124430956,0.936842105263158,clean,0.7770033800960854,0.8272611464962883,0.732502396931514,15700,1,0,0,0.0,0,0,0.0,0,0.0,0,0.8825006368036098,0.9197860962566844,0.8481203007518797,False,False,False,clean,0.7774167841596342,0.8514266532387704,0.7152444870561642,14895,1,0,0,0.0,0,0,0.0,0,0.0,0,0.9015670289683584,0.9023836549375708,0.900751879699248,False,False,False,clean,0.8024314358144727,0.8201519345145633,0.785460492921558,16981,1,0,0,0.0,0,0,0.0,0,0.0,0,0.9207819548872181,0.9052631578947369,0.9368421052631579,False,False,False,clean
20160328_152747_1_361,boundary_margin_error,0.1349302891363338,10687,False,False,True,1,0.7690639983319704,0.6935629417952371,0.8630111350230532,13298,1,0,0,0,0,0.0,0,0,0.0,0,0.0,0,0.8977612387586354,0.8413173652694611,0.9623233908948194,clean,0.7604243166051569,0.6741662446642015,0.8719940114149227,13823,1,0,0,0,0,0.0,0,0,0.0,0,0.0,0,0.9133636164764318,0.8678678678678678,0.9638932496075352,clean,0.7628032345010264,0.693574327946164,0.8473846729663633,13057,1,0,0,0,0,0.0,0,0,0.0,0,0.0,0,0.8760360748840503,0.81292984869326,0.9497645211930926,clean,0.7751321667141612,0.6895872830678944,0.8849068962282353,13714,1,0,0,0,0,0.0,0,0,0.0,0,0.0,0,0.9142089564540972,0.8706766917293233,0.9623233908948194,clean,0.7695219685067981,0.6754807692302917,0.8939833442491868,14144,1,0,0,0.0,0,0,0.0,0,0.0,0,0.9185383971650256,0.8634294385432474,0.9811616954474096,False,False,False,clean,0.7661793622293039,0.7052805540247853,0.8385889398326578,12707,1,0,0,0.0,0,0,0.0,0,0.0,0,0.8807115214882205,0.8294117647058824,0.9387755102040816,False,False,False,clean,0.7702919078701111,0.6862472567661402,0.8777954524180052,13670,1,0,0,0.0,0,0,0.0,0,0.0,0,0.9097768458065876,0.8677811550151976,0.9560439560439561,False,False,False,clean
20160328_152747_641_361,boundary_margin_error,0.1365486058779201,13270,False,False,True,1,0.7676378032684439,0.6966161026833527,0.854785229841104,16283,1,0,0,0,0,0.0,0,0,0.0,0,0.0,0,0.9536717878251888,0.9654218533886584,0.9422043010752688,clean,0.7497472359020417,0.6609165660395256,0.8661642803309222,17391,1,0,0,0,0,0.0,0,0,0.0,0,0.0,0,0.9425350243584446,0.946938775510204,0.9381720430107529,clean,0.7583422317135751,0.6805006587611208,0.856292388846378,16698,4,3,3,0,0,0.0,0,0,0.0,3,0.75,65,0.9080592953232384,0.8717026378896883,0.9475806451612904,island,0.7648900754801526,0.6797703438978969,0.8743782969096651,17069,1,0,0,0,0,0.0,0,0,0.0,0,0.0,0,0.9584655799894688,0.966804979253112,0.9502688172043012,clean,0.7518462845563192,0.6637433648738381,0.8669178598335592,17332,1,0,0,0.0,0,0,0.0,0,0.0,0,0.9423071655259584,0.943758573388203,0.9408602150537636,False,False,False,clean,0.7616209365256186,0.6981724549389573,0.8377543330815088,15923,1,0,0,0.0,0,0,0.0,0,0.0,0,0.9048195326643328,0.8702882483370288,0.9422043010752688,False,False,False,clean,0.7559890037960609,0.6681707740364062,0.8703843255456892,17286,1,0,0,0.0,0,0,0.0,0,0.0,0,0.9452661350148368,0.9510869565217391,0.9395161290322581,False,False,False,clean
20160328_153548_1281_1081,boundary_margin_error,0.0863024544734758,1263,False,False,True,1,0.7549611734221098,0.8293838862480628,0.6927949326944356,1055,3,2,2,0,0,0.0,0,0,0.0,2,0.6666666666666666,157,0.6384742951907131,0.7051282051282052,0.5833333333333334,island,0.7916096671190533,0.9333333333232976,0.6872525732328801,930,2,1,1,0,0,0.0,0,0,0.0,1,0.5,62,0.7048192771084337,0.8181818181818182,0.6190476190476191,island,0.7030360531275948,0.8769230769126991,0.5866983372875163,845,3,2,2,0,0,0.0,0,0,0.0,2,0.6666666666666666,104,0.5660377358490566,0.6,0.5357142857142857,island,0.5680272108811336,0.99999999998004,0.3966745843198996,501,1,0,0,0,0,0.0,0,0,0.0,0,0.0,0,0.4864864864864865,1.0,0.3214285714285714,clean,0.8155164636859923,0.947589098522562,0.7157561361780226,954,1,0,0,0.0,0,0,0.0,0,0.0,0,0.7217898832684826,0.9464285714285714,0.5833333333333334,False,False,False,clean,0.6765799256474136,0.8188976377860642,0.5764053840017704,889,4,0,0,0.0,1,1,1.0,2,0.5,161,0.5721531828556936,0.5853658536585366,0.5595238095238095,False,True,True,mixed,0.7019982623774892,0.7776708373361149,0.639746634990976,1039,3,0,0,0.0,0,0,0.0,2,0.6666666666666666,211,0.6188734455010974,0.6923076923076923,0.5595238095238095,False,False,True,island
20160328_153548_1281_361,high_quality,0.0647783251231527,8120,False,False,False,1,0.8737024221447472,0.950347423275984,0.8084975369448172,6908,2,1,1,0,0,0.0,1,1,1.0,0,0.0,0,0.9217391304347826,1.0,0.8548387096774194,fragment,0.8679497460566239,0.948860315603523,0.7997536945802959,6844,2,1,1,0,0,0.0,1,1,1.0,0,0.0,0,0.9419795221843004,1.0,0.8903225806451613,fragment,0.868744222896561,0.9363791631071215,0.8102216748758495,7026,4,3,3,0,0,0.0,0,0,0.0,3,0.75,89,0.8875432525951558,0.9047619047619048,0.8709677419354839,island,0.8533550887206109,0.9524965852163416,0.7729064039399348,6589,2,1,1,0,0,0.0,1,1,1.0,0,0.0,0,0.8848920863309353,1.0,0.7935483870967742,fragment,0.8864871946021572,0.9468308381125692,0.8333743842354269,7147,1,0,0,0.0,0,0,0.0,0,0.0,0,0.94073092880359,0.9931740614334472,0.8935483870967742,False,False,False,clean,0.843186956223304,0.9501312335943336,0.7578817733980814,6477,2,0,0,0.0,0,0,0.0,1,0.5,1,0.8652059688259875,0.99644128113879,0.7645161290322581,False,False,True,island,0.8738044633362952,0.9483852364461529,0.81009852216649,6936,2,0,0,0.0,1,1,1.0,0,0.0,0,0.8712126690288524,0.996031746031746,0.7741935483870968,False,True,False,fragment
20160328_153548_1281_721,boundary_margin_error,0.080787639895826,28414,False,False,True,3,0.8186311925270202,0.8463475124001028,0.7926726261699188,26612,3,0,0,0,0,0.0,0,0,0.0,1,0.3333333333333333,113,0.8552500473896792,0.916162489196197,0.8019323671497585,island,0.8113357687993614,0.8344866071425466,0.7894347856687586,26880,3,0,0,0,0,0.0,0,0,0.0,1,0.3333333333333333,117,0.8606083625533256,0.8958677685950414,0.8280193236714976,island,0.8190139947950247,0.8480120595436789,0.7919335538816105,26535,4,1,1,0,0,0.0,1,1,0.3333333333333333,1,0.25,115,0.8050526506827771,0.8691520467836257,0.7497584541062802,mixed,0.8218761600055112,0.8255974999109252,0.8181882170758012,28159,3,0,0,0,0,0.0,0,0,0.0,1,0.3333333333333333,118,0.891886856782145,0.9164578111946532,0.8685990338164251,island,0.8281019072417433,0.8279853634505566,0.8282184838457,28422,2,0,0,0.0,0,0,0.0,1,0.5,101,0.8649329474191993,0.90995670995671,0.8241545893719807,False,False,True,island,0.8177884006010072,0.8422034087939275,0.7947490673608802,26813,7,0,0,0.0,1,1,0.3333333333333333,4,0.5714285714285714,109,0.8590291035749159,0.8847262247838616,0.8347826086956521,False,True,True,mixed,0.8287739915203581,0.8285553484115415,0.8289927500524991,28429,4,0,0,0.0,1,1,0.3333333333333333,1,0.25,80,0.8736806098514464,0.9270935960591133,0.8260869565217391,False,True,True,mixed
20160328_153548_1921_361,high_quality,0.0552514792899408,13520,False,False,False,1,0.9046721929160118,0.92204301075198,0.8879437869815917,13020,1,0,0,0,0,0.0,0,0,0.0,0,0.0,0,0.9589905362776024,1.0,0.9212121212121211,clean,0.910139464756536,0.9279784780930608,0.8929733727804046,13010,1,0,0,0,0,0.0,0,0,0.0,0,0.0,0,0.9622641509433962,1.0,0.9272727272727272,clean,0.9121134794352628,0.9257312614252544,0.8988905325437138,13128,1,0,0,0,0,0.0,0,0,0.0,0,0.0,0,0.9477850746732922,0.9659367396593674,0.9303030303030304,clean,0.9081015719464524,0.9283065512971814,0.8887573964490467,12944,1,0,0,0,0,0.0,0,0,0.0,0,0.0,0,0.9606299212598424,1.0,0.9242424242424242,clean,0.9087922344592464,0.917527327553021,0.9002218934904583,13265,1,0,0,0.0,0,0,0.0,0,0.0,0,0.9638932496075354,1.0,0.9303030303030304,False,False,False,clean,0.9122231962492235,0.9410238263734048,0.8851331360940198,12717,1,0,0,0.0,0,0,0.0,0,0.0,0,0.9291952952136951,0.9404761904761904,0.9181818181818182,False,False,False,clean,0.9053409720935481,0.9048393055035797,0.9058431952656021,13535,1,0,0,0.0,0,0,0.0,0,0.0,0,0.9655172413793104,1.0,0.9333333333333333,False,False,False,clean
20160328_153548_1921_721,high_quality,0.0778474984592974,17849,False,False,False,2,0.8997878659310141,0.9086027647658468,0.8911423609160787,17506,1,-1,1,1,2,1.0,0,0,0.0,0,0.0,0,0.9650752749743516,0.972560975609756,0.9577039274924471,merge,0.8961075329036976,0.8958065057942467,0.8964087623951501,17861,1,-1,1,1,2,1.0,0,0,0.0,0,0.0,0,0.9602141322595414,0.9552238805970148,0.9652567975830816,merge,0.8986537546528315,0.8978747203574396,0.8994341419682338,17880,1,-1,1,1,2,1.0,0,0,0.0,0,0.0,0,0.9532238414810288,0.9458388375165124,0.9607250755287008,merge,0.8960991615017538,0.8970802919702991,0.8951201747992071,17810,1,-1,1,1,2,1.0,0,0,0.0,0,0.0,0,0.9717657460262548,0.9768160741885626,0.9667673716012084,merge,0.9078349891292876,0.8921462570311055,0.9240853829341004,18488,1,1,2,1.0,0,0,0.0,0,0.0,0,0.9650236346169472,0.9603053435114504,0.9697885196374624,True,False,False,merge,0.8890485771770943,0.912874092437924,0.8664350944025623,16941,1,1,2,1.0,0,0,0.0,0,0.0,0,0.9504133062690988,0.9417721518987342,0.959214501510574,True,False,False,merge,0.9067838505902481,0.889391735358607,0.9248697406011962,18561,1,1,2,1.0,0,0,0.0,0,0.0,0,0.9528584052749643,0.9540581929555896,0.9516616314199395,True,False,False,merge
20160328_153548_1_1,boundary_margin_error,0.0884951502929031,20826,False,False,True,1,0.7832754779543073,0.850472547254247,0.7259195236719841,17776,1,0,0,0,0,0.0,0,0,0.0,0,0.0,0,0.9075691586885688,0.9182098765432098,0.897172236503856,clean,0.7808591625881611,0.8474119035571025,0.7239988475940056,17793,1,0,0,0,0,0.0,0,0,0.0,0,0.0,0,0.898199240320735,0.90711175616836,0.8894601542416453,clean,0.7849310495362768,0.8436654706040057,0.7338423124936455,18115,1,0,0,0,0,0.0,0,0,0.0,0,0.0,0,0.9007715282593384,0.8992346938775511,0.9023136246786632,clean,0.7837333471565021,0.8514868213556817,0.7259675405739335,17756,1,0,0,0,0,0.0,0,0,0.0,0,0.0,0,0.8959999999999999,0.9079939668174962,0.884318766066838,clean,0.7916740254823283,0.8341219628896623,0.7533371746851275,18809,1,0,0,0.0,0,0,0.0,0,0.0,0,0.9183987992051076,0.9229607250755288,0.9138817480719794,False,False,False,clean,0.7778860589457219,0.861501662679621,0.7090655910877225,17141,1,0,0,0.0,0,0,0.0,0,0.0,0,0.903945154930087,0.9134860050890584,0.8946015424164524,False,False,False,clean,0.7916656168902796,0.8328120858728689,0.7543935465280157,18865,1,0,0,0.0,0,0,0.0,0,0.0,0,0.9112768274820247,0.9112426035502958,0.9113110539845758,False,False,False,clean
20160328_153548_1_1081,boundary_margin_error,0.0684918347742555,31230,False,False,True,1,0.7391276041665464,0.7516054286657559,0.7270573166824441,30210,1,0,0,0,0,0.0,0,0,0.0,0,0.0,0,0.8235203655696647,0.7470703125,0.9174008810572688,clean,0.740244761965666,0.7406243989996985,0.7398655139286776,31198,1,0,0,0,0,0.0,0,0,0.0,0,0.0,0,0.8267648525792048,0.7430626927029804,0.9317180616740088,clean,0.7533315374984941,0.7456632893124798,0.7611591418505408,31879,2,1,1,0,0,0.0,0,0,0.0,1,0.5,1,0.8574362630369473,0.7766051011433597,0.9570484581497798,island,0.7448965203903015,0.7292554986347037,0.7612231828367719,32599,1,0,0,0,0,0.0,0,0,0.0,0,0.0,0,0.8270258836996147,0.7293868921775899,0.9548458149779736,clean,0.7399716094867793,0.7371849874469326,0.7427793788021957,31467,1,0,0,0.0,0,0,0.0,0,0.0,0,0.8394754074023016,0.7510245901639344,0.9515418502202644,False,False,False,clean,0.7414022970041376,0.7438517324735716,0.7389689401214412,31025,1,0,0,0.0,0,0,0.0,0,0.0,0,0.8380541754099511,0.7542997542997543,0.9427312775330396,False,False,False,clean,0.7573517946797709,0.7380865548259367,0.7776496958050664,32904,1,0,0,0.0,0,0,0.0,0,0.0,0,0.8427882344035894,0.7449186991869918,0.9702643171806168,False,False,False,clean
20160328_153548_641_1,boundary_margin_error,0.1039938259695157,5183,False,False,True,1,0.7778376436774623,0.7275323366357677,0.8356164383545521,5953,2,1,1,0,0,0.0,0,0,0.0,1,0.5,512,0.8457969267851763,0.8169014084507042,0.8768115942028986,island,0.8126757922362529,0.7904431880343052,0.8361952537124518,5483,1,0,0,0,0,0.0,0,0,0.0,0,0.0,0,0.9186787489038292,0.9603960396039604,0.8804347826086957,clean,0.7863046044857085,0.7427934111174627,0.8352305614492856,5828,4,3,3,0,0,0.0,0,0,0.0,3,0.75,390,0.8227261643501586,0.7777777777777778,0.8731884057971014,island,0.8023626476647268,0.780412183110012,0.8255836388176239,5483,2,1,1,0,0,0.0,0,0,0.0,1,0.5,148,0.8618735575337949,0.8578431372549019,0.8659420289855072,island,0.8033864721239273,0.7533783783771058,0.8605054987442399,5920,1,0,0,0.0,0,0,0.0,0,0.0,0,0.9186428942357624,0.956043956043956,0.8840579710144928,False,False,False,clean,0.8218572937666168,0.8181644359448984,0.8255836388176239,5230,2,0,0,0.0,1,1,1.0,0,0.0,0,0.8947186604620918,0.9296482412060302,0.8623188405797102,False,True,False,fragment,0.8160833953827102,0.7883474195274441,0.8458421763441137,5561,1,0,0,0.0,0,0,0.0,0,0.0,0,0.9142371138098817,0.955,0.8768115942028986,False,False,False,clean
20160328_153548_641_1081,boundary_margin_error,0.1016492956133318,17462,False,False,True,1,0.7148291069457787,0.6890742905724896,0.7425838964604612,18818,1,0,0,0,0,0.0,0,0,0.0,0,0.0,0,0.8280027431923789,0.8123359580052494,0.8442857142857143,clean,0.7136147625265504,0.6932131094429603,0.7352536937345463,18521,1,0,0,0,0,0.0,0,0,0.0,0,0.0,0,0.8164990922977531,0.7879948914431673,0.8471428571428572,clean,0.7048068740218232,0.6768784603212882,0.7351391593169538,18965,1,0,0,0,0,0.0,0,0,0.0,0,0.0,0,0.7956943440721158,0.7468085106382979,0.8514285714285714,clean,0.719362778991421,0.6956405456000558,0.7447600503947172,18695,1,0,0,0,0,0.0,0,0,0.0,0,0.0,0,0.8551462299141954,0.8517482517482518,0.8585714285714285,clean,0.7254623044094782,0.6826791938169001,0.7739663268807846,19797,1,0,0,0.0,0,0,0.0,0,0.0,0,0.8728197334580313,0.8671428571428571,0.8785714285714286,False,False,False,clean,0.7105536380725902,0.6966162310862741,0.7250601305688208,18175,1,0,0,0.0,0,0,0.0,0,0.0,0,0.7848242581388649,0.7353556485355649,0.8414285714285714,False,False,False,clean,0.7174167464621989,0.6698122578719232,0.7723055778256944,20134,1,0,0,0.0,0,0,0.0,0,0.0,0,0.8445752864500577,0.8283687943262411,0.8614285714285714,False,False,False,clean
20160328_153548_641_361,complex_topology,0.1936144784019122,5857,False,False,False,10,0.659441758926665,0.6068302482413448,0.7220420010231825,6969,3,-7,7,1,7,0.7,1,1,0.1,0,0.0,0,0.7619906923734447,0.7829099307159353,0.7421602787456446,mixed,0.6586332646260832,0.614769868283832,0.7092368106527075,6757,3,-7,7,1,7,0.7,1,1,0.1,0,0.0,0,0.7471459221783698,0.7613636363636364,0.7334494773519163,mixed,0.650441422094448,0.6088445503266694,0.6981389789982958,6716,3,-7,7,1,7,0.7,1,1,0.1,0,0.0,0,0.7465506791685977,0.7620087336244541,0.7317073170731707,mixed,0.6587845826431317,0.6118594436301437,0.7135052074428658,6830,3,-7,7,1,7,0.7,1,1,0.1,0,0.0,0,0.7496382513545771,0.759090909090909,0.740418118466899,mixed,0.6637247569179777,0.5905763343530007,0.7575550623172997,7513,3,1,7,0.7,1,1,0.1,0,0.0,0,0.762450465888401,0.7566964285714286,0.7682926829268293,True,True,False,mixed,0.6469282013318143,0.6240875912398857,0.6715041830277079,6302,3,1,7,0.7,1,1,0.1,0,0.0,0,0.7232621759686837,0.738045738045738,0.7090592334494773,True,True,False,mixed,0.6556904400602005,0.5900587191033865,0.7377497012109651,7323,3,1,7,0.7,1,1,0.1,0,0.0,0,0.7444300280986078,0.7414965986394558,0.7473867595818815,True,True,False,mixed
20160328_153548_641_721,boundary_margin_error,0.1007565337001375,15994,False,False,True,2,0.7785784474285036,0.8176252063835872,0.7430911591842296,14536,1,-1,1,0,0,0.0,0,0,0.0,0,0.0,0,0.9424120336538772,0.921151439299124,0.9646772228989038,clean,0.7688956366754344,0.8143176733775067,0.7282731024129496,14304,1,-1,1,0,0,0.0,0,0,0.0,0,0.0,0,0.9156169592496356,0.903430749682338,0.928136419001218,clean,0.7927483587160353,0.848783272674767,0.7436538702008605,14013,1,-1,1,0,0,0.0,0,0,0.0,0,0.0,0,0.9179777920447127,0.8879907621247113,0.9500609013398296,clean,0.7762923351156175,0.7906886266367587,0.7624109040885567,15422,1,-1,1,0,0,0.0,0,0,0.0,0,0.0,0,0.9290204348882546,0.8980169971671388,0.9622411693057248,clean,0.7900911835182554,0.7865419170947477,0.793672627234717,16139,1,0,0,0.0,0,0,0.0,0,0.0,0,0.9379669917034756,0.9073107049608355,0.9707673568818516,False,False,False,clean,0.7499011727497858,0.7925080072407794,0.7116418656991924,14362,1,0,0,0.0,0,0,0.0,0,0.0,0,0.8998299347130935,0.8699891657638137,0.9317904993909866,False,False,False,clean,0.7885684559609882,0.8214455056554755,0.7582218331869712,14763,1,0,0,0.0,0,0,0.0,0,0.0,0,0.9375905078177396,0.9197368421052632,0.9561510353227771,False,False,False,clean
20160328_153604_1281_1,moderate_general_error,0.1535794765123938,5769,False,False,False,1,0.6882170333373678,0.5634876781958631,0.8838620211459804,9049,2,1,1,0,0,0.0,0,0,0.0,1,0.5,18,0.7029773451264438,0.5964125560538116,0.8559077809798271,island,0.6564634787173828,0.5285034373341845,0.866181313917722,9455,2,1,1,0,0,0.0,0,0,0.0,1,0.5,506,0.6456570922683454,0.52046783625731,0.8501440922190202,island,0.6856285382984205,0.5652271704896926,0.8712081816590896,8892,3,2,2,0,0,0.0,0,0,0.0,2,0.6666666666666666,4,0.6889236954725405,0.5804480651731161,0.8472622478386167,island,0.6828782707617442,0.5789029535857999,0.8323799618636984,8295,1,0,0,0,0,0.0,0,0,0.0,0,0.0,0,0.7018162823943404,0.6064073226544623,0.8328530259365994,clean,0.684963225278749,0.5641054402685763,0.8717282024599208,8915,3,0,0,0.0,0,0,0.0,2,0.6666666666666666,49,0.6974802797839864,0.5899122807017544,0.8530259365994236,False,False,True,island,0.6543044584277318,0.5329916021370563,0.8471138845539138,9169,4,0,0,0.0,0,0,0.0,3,0.75,7,0.5999333228591465,0.4670138888888889,0.8386167146974063,False,False,True,island,0.6740932298914699,0.5458548109959773,0.8810885768748812,9312,2,0,0,0.0,0,0,0.0,1,0.5,256,0.6938819971852219,0.5847826086956521,0.8530259365994236,False,False,True,island
20160328_153604_1281_361,boundary_margin_error,0.0933104833943978,16922,False,False,True,1,0.7829155374884873,0.7494865419950548,0.8194657841857821,18502,2,1,1,0,0,0.0,0,0,0.0,1,0.5,9,0.8401743018947988,0.8150470219435737,0.8669001751313485,island,0.7830885474146694,0.7513440130324456,0.8176338494262985,18415,1,0,0,0,0,0.0,0,0,0.0,0,0.0,0,0.8268350944112374,0.8118518518518518,0.8423817863397548,clean,0.7868152583719266,0.7410443864225895,0.8386124571558689,19150,1,0,0,0,0,0.0,0,0,0.0,0,0.0,0,0.8326395343118401,0.8055222088835534,0.861646234676007,clean,0.7885912615106815,0.7491092794465573,0.8324666115111496,18805,1,0,0,0,0,0.0,0,0,0.0,0,0.0,0,0.8307478583005324,0.8161434977578476,0.8458844133099825,clean,0.7974767025087319,0.774578064946931,0.8217704763025518,17953,1,0,0,0.0,0,0,0.0,0,0.0,0,0.8531372884253718,0.8333333333333334,0.8739054290718039,False,False,False,clean,0.7764456172553992,0.7543752090063792,0.7998463538584092,17942,4,0,0,0.0,1,1,1.0,2,0.5,2,0.8093585131059932,0.7833723653395784,0.8371278458844134,False,True,True,mixed,0.8020465274045844,0.768734760227164,0.8383760784772258,18455,1,0,0,0.0,0,0,0.0,0,0.0,0,0.8483645853838191,0.8338461538461538,0.8633975481611208,False,False,False,clean
20160328_153604_1281_721,boundary_margin_error,0.1251279426816786,11724,False,False,True,1,0.7413329457079942,0.645814866404555,0.8700102354137922,15794,1,0,0,0,0,0.0,0,0,0.0,0,0.0,0,0.9089192039650096,0.8556521739130435,0.969258589511754,clean,0.7440434925381311,0.6501307147862971,0.8696690549293161,15683,2,1,1,0,0,0.0,0,0,0.0,1,0.5,129,0.8508381496490178,0.7549167927382754,0.9746835443037974,island,0.7203322374110676,0.6060800186357195,0.887666325485425,17171,4,3,3,0,0,0.0,1,1,1.0,2,0.5,1185,0.7917737789203084,0.6666666666666666,0.9746835443037974,mixed,0.7436294827894238,0.6439048748513552,0.879904469463596,16021,1,0,0,0,0,0.0,0,0,0.0,0,0.0,0,0.8745331894865381,0.793046357615894,0.9746835443037974,clean,0.7442390568790311,0.6389041766032906,0.891163425451304,16353,2,0,0,0.0,0,0,0.0,1,0.5,287,0.8541877466562121,0.7613104524180967,0.972875226039783,False,False,True,island,0.7441947565540283,0.6633947649568219,0.8474070283172573,14976,4,0,0,0.0,1,1,1.0,2,0.5,2,0.8803860646526079,0.8051948051948052,0.9710669077757684,False,True,True,mixed,0.7238121894896354,0.6135959188512198,0.882292732854928,16858,3,0,0,0.0,0,0,0.0,2,0.6666666666666666,414,0.8219569324506876,0.7145038167938931,0.9674502712477396,False,False,True,island
20160328_153604_1921_361,boundary_margin_error,0.1297713063507732,12156,False,False,True,2,0.7452008326263414,0.7011460902359632,0.7951628825264929,13786,2,0,0,0,0,0.0,0,0,0.0,0,0.0,0,0.8752690709029598,0.8956953642384106,0.8557536466774717,clean,0.7285791547551848,0.6868171886375186,0.7757486015130176,13730,2,0,0,0,0,0.0,0,0,0.0,0,0.0,0,0.8499773896676891,0.8589743589743589,0.8411669367909238,clean,0.7353213129909326,0.6915217391299336,0.7850444225067579,13800,2,0,0,0,0,0.0,0,0,0.0,0,0.0,0,0.8520544622918254,0.8581661891117478,0.8460291734197731,clean,0.7353996989227871,0.692749618209081,0.7836459361625668,13751,2,0,0,0,0,0.0,0,0,0.0,0,0.0,0,0.8598660531791624,0.8776508972267537,0.8427876823338736,clean,0.7353674193789232,0.6796733212336453,0.8010036196110554,14326,2,0,0,0.0,0,0,0.0,0,0.0,0,0.8703333003628325,0.8785834738617201,0.8622366288492707,False,False,False,clean,0.7356049850131189,0.7065151515146162,0.7671931556426725,13200,2,0,0,0.0,0,0,0.0,0,0.0,0,0.846688095365344,0.8590425531914894,0.8346839546191248,False,False,False,clean,0.7255785534252174,0.6771204561648773,0.7815070746949806,14030,2,0,0,0.0,0,0,0.0,0,0.0,0,0.8532684951741449,0.8640132669983416,0.8427876823338736,False,False,False,clean
20160328_153604_1921_721,boundary_margin_error,0.1094322753687975,11185,False,False,True,1,0.8014434443565467,0.7475239863813467,0.863746088510627,12924,1,0,0,0,0,0.0,0,0,0.0,0,0.0,0,0.9670684170437744,0.9659863945578232,0.9681528662420382,clean,0.76934407763592,0.7463226023360962,0.7938310236917354,11897,1,0,0,0,0,0.0,0,0,0.0,0,0.0,0,0.9136356791830366,0.8700787401574803,0.961783439490446,clean,0.6753138075310667,0.7034382566579143,0.6493518104598575,10325,1,0,0,0,0,0.0,0,0,0.0,0,0.0,0,0.8525012655897648,0.8148148148148148,0.8938428874734607,clean,0.7941026545893447,0.7072216790049537,0.9053196244962848,14318,1,0,0,0,0,0.0,0,0,0.0,0,0.0,0,0.9585574323342152,0.9431072210065644,0.9745222929936306,clean,0.7991889767034389,0.7438761361879958,0.8633884666956965,12982,1,0,0,0.0,0,0,0.0,0,0.0,0,0.9671673172203674,0.9578713968957872,0.9766454352441614,False,False,False,clean,0.8042234561665808,0.7594343370137765,0.8546267322299019,12587,1,0,0,0.0,0,0,0.0,0,0.0,0,0.9004153309506484,0.8399390243902439,0.970276008492569,False,False,False,clean,0.8007698229404154,0.7030753632979364,0.9299955297264818,14795,1,0,0,0.0,0,0,0.0,0,0.0,0,0.9556362339824279,0.9414316702819957,0.970276008492569,False,False,False,clean
20160328_153604_1_1,boundary_margin_error,0.0910167484351209,11822,False,False,True,1,0.8212437295959785,0.7757220216600663,0.8724412113002262,13296,1,0,0,0,0,0.0,0,0,0.0,0,0.0,0,0.9140722291407224,0.8995098039215687,0.9291139240506328,clean,0.8267295095059807,0.7831845012859215,0.8754017932660502,13214,1,0,0,0,0,0.0,0,0,0.0,0,0.0,0,0.9094735424348032,0.8837772397094431,0.9367088607594936,clean,0.8334302889273478,0.7695337678143883,0.9088986635079436,13963,3,2,2,0,0,0.0,0,0,0.0,2,0.6666666666666666,2,0.9285256303121096,0.8950892857142857,0.9645569620253164,island,0.8271812080533608,0.7837244511727602,0.8757401454907158,13210,1,0,0,0,0,0.0,0,0,0.0,0,0.0,0,0.9155073525950927,0.8929440389294404,0.939240506329114,clean,0.8289406093172526,0.7778272154239689,0.8872441211293459,13485,1,0,0,0.0,0,0,0.0,0,0.0,0,0.9272264222832736,0.8970588235294118,0.959493670886076,False,False,False,clean,0.8345405252292986,0.7999379411986657,0.8722720351878934,12891,1,0,0,0.0,0,0,0.0,0,0.0,0,0.9159162396009916,0.900709219858156,0.9316455696202532,False,False,False,clean,0.8298500505008042,0.7673132183902533,0.9034850279132942,13920,1,0,0,0.0,0,0,0.0,0,0.0,0,0.9290599563904275,0.900497512437811,0.959493670886076,False,False,False,clean
20160328_153604_1_361,boundary_margin_error,0.108899202084351,12282,False,False,True,1,0.7610906411198375,0.6951137434374107,0.8409053900009437,14858,1,0,0,0,0,0.0,0,0,0.0,0,0.0,0,0.812576307135664,0.708029197080292,0.9533468559837728,clean,0.7666642060970079,0.7011882257624216,0.8456277479231024,14812,1,0,0,0,0,0.0,0,0,0.0,0,0.0,0,0.8213481199098944,0.7168784029038112,0.9614604462474644,clean,0.7903249522126193,0.720412813295322,0.8752646148828568,14922,2,1,1,0,0,0.0,0,0,0.0,1,0.5,1,0.8859469695372172,0.825925925925926,0.9553752535496958,island,0.7799029604103861,0.6863242574253179,0.9030288226665828,16160,1,0,0,0,0,0.0,0,0,0.0,0,0.0,0,0.850872256612268,0.7605633802816901,0.9655172413793104,clean,0.7617960697597055,0.6777939963186661,0.8695652173905963,15757,1,0,0,0.0,0,0,0.0,0,0.0,0,0.8490907650010059,0.7564766839378239,0.9675456389452332,False,False,False,clean,0.7811424898866655,0.7291269673225145,0.8411496498934691,14169,1,0,0,0.0,0,0,0.0,0,0.0,0,0.8691597648100146,0.7986348122866894,0.9533468559837728,False,False,False,clean,0.7761020460076403,0.7008861174921556,0.869402377462246,15235,2,0,0,0.0,0,0,0.0,1,0.5,35,0.8939013880396528,0.8247863247863247,0.9756592292089249,False,False,True,island
20160328_153604_641_1,boundary_margin_error,0.0996828752642706,9460,False,False,True,1,0.7843137254898417,0.6848666561459011,0.9175475687093894,12674,2,1,1,0,0,0.0,0,0,0.0,1,0.5,494,0.9349686175634354,0.8842592592592593,0.9918478260869564,island,0.7807586432133715,0.6988223502875647,0.884460887948325,11973,2,1,1,0,0,0.0,0,0,0.0,1,0.5,420,0.8786206896551724,0.7903225806451613,0.9891304347826086,island,0.7873965335890669,0.6938824856930008,0.9100422832971352,12407,2,1,1,0,0,0.0,0,0,0.0,1,0.5,309,0.883024470457409,0.7957198443579766,0.9918478260869564,island,0.7758349523541604,0.6897516038816501,0.8864693446079424,12158,2,1,1,0,0,0.0,0,0,0.0,1,0.5,572,0.8862058202742334,0.8044806517311609,0.9864130434782608,island,0.7742524537773229,0.6813981518676726,0.896405919660786,12445,2,0,0,0.0,0,0,0.0,1,0.5,448,0.9342484220846866,0.8873239436619719,0.9864130434782608,False,False,True,island,0.788833688194564,0.7140042826546347,0.8811839323457915,11675,2,0,0,0.0,0,0,0.0,1,0.5,353,0.8639387509319264,0.7685185185185185,0.9864130434782608,False,False,True,island,0.7834147677972586,0.6896052737352765,0.9067653276946016,12439,2,0,0,0.0,0,0,0.0,1,0.5,343,0.8943750039675236,0.8143459915611815,0.9918478260869565,False,False,True,island
20160328_153604_641_1081,high_quality,0.0620723362658846,19437,False,False,False,1,0.8530785785520831,0.8707206000531097,0.8361372639806368,18665,1,0,0,0,0,0.0,0,0,0.0,0,0.0,0,0.9606805816360924,0.9469453376205788,0.974820143884892,clean,0.8466099238449376,0.8677614520306461,0.8264649894526797,18512,1,0,0,0,0,0.0,0,0,0.0,0,0.0,0,0.9751063767755676,0.9700499168053244,0.9802158273381296,clean,0.8490304346686078,0.8639752876007328,0.8345938159176649,18776,5,4,4,0,0,0.0,0,0,0.0,4,0.8,4,0.9741813602015114,0.9664723032069972,0.9820143884892086,island,0.8403116387532223,0.8664407891136857,0.8157123012806422,18299,1,0,0,0,0,0.0,0,0,0.0,0,0.0,0,0.9141671866953928,0.931484502446982,0.8974820143884892,clean,0.8506381870276504,0.8614994987596362,0.8400473324068323,18953,1,0,0,0.0,0,0,0.0,0,0.0,0,0.9772121396112212,0.9742268041237112,0.9802158273381296,False,False,False,clean,0.8462582860791614,0.8768619662358618,0.8177187837625056,18126,1,0,0,0.0,0,0,0.0,0,0.0,0,0.9768795638038934,0.975346687211094,0.9784172661870504,False,False,False,clean,0.8525972682117,0.8574327488418453,0.8478160209904574,19219,1,0,0,0.0,0,0,0.0,0,0.0,0,0.9728184304300986,0.9637931034482758,0.9820143884892086,False,False,False,clean
20160328_153604_641_361,boundary_margin_error,0.1376062061322497,16242,False,False,True,3,0.7532853954870229,0.6816753926698171,0.8417066863681555,20055,1,-2,2,1,2,0.6666666666666666,0,0,0.0,0,0.0,0,0.8789862645216014,0.8086763070077865,0.9626865671641792,merge,0.7730600292823634,0.7011073808685168,0.8614702622824396,19957,1,-2,2,1,2,0.6666666666666666,0,0,0.0,0,0.0,0,0.885822583627662,0.8250276854928018,0.9562899786780384,merge,0.7676204900738985,0.6844973953305592,0.8737224479738495,20732,1,-2,2,1,2,0.6666666666666666,0,0,0.0,0,0.0,0,0.8744627221153647,0.7988505747126436,0.9658848614072496,merge,0.7653053036987443,0.6765498652287906,0.8808644255628119,21147,1,-2,2,1,2,0.6666666666666666,0,0,0.0,0,0.0,0,0.9039190897597976,0.8461538461538461,0.9701492537313432,merge,0.7630532947568442,0.6802950677398967,0.8687353774160395,20741,1,1,2,0.6666666666666666,0,0,0.0,0,0.0,0,0.8958549886610833,0.8337053571428571,0.9680170575692963,True,False,False,merge,0.7729526836349564,0.6963518783626912,0.8684891023267648,20257,2,1,2,0.6666666666666666,0,0,0.0,1,0.5,1,0.8525514177164837,0.7670609645131938,0.9594882729211088,True,False,True,mixed,0.7711032374974249,0.6876175775405491,0.8776628494022425,20731,1,1,2,0.6666666666666666,0,0,0.0,0,0.0,0,0.8835100179634237,0.8194594594594594,0.9584221748400853,True,False,False,merge
20160328_153604_641_721,boundary_margin_error,0.1151416343998369,14721,False,False,True,2,0.7828630198621898,0.7429390593541493,0.8273215134835763,16393,2,0,0,0,0,0.0,1,1,0.5,0,0.0,0,0.8665376033877003,0.9215070643642072,0.8177570093457944,fragment,0.7907052008153045,0.7550995178632989,0.8298349296917126,16178,2,0,0,0,0,0.0,1,1,0.5,0,0.0,0,0.8673500861834347,0.918918918918919,0.8212616822429907,fragment,0.7825591336560646,0.7329181494657574,0.8394130833497456,16860,3,1,1,0,0,0.0,1,1,0.5,1,0.3333333333333333,1,0.837913187495687,0.849009900990099,0.8271028037383178,mixed,0.7958003269204087,0.740623720086162,0.8598600638537736,17091,2,0,0,0,0,0.0,1,1,0.5,0,0.0,0,0.8796579876989687,0.9177215189873418,0.844626168224299,fragment,0.7816142929546435,0.7322965513143395,0.8380544799939963,16847,2,0,0,0.0,1,1,0.5,0,0.0,0,0.8730611368174234,0.9144215530903328,0.8352803738317757,False,True,False,fragment,0.7960285889845748,0.7596913580242224,0.8360165749603722,16200,3,0,0,0.0,1,1,0.5,1,0.3333333333333333,1,0.8357195422986834,0.8315282791817088,0.8399532710280374,False,True,True,mixed,0.7825270667748975,0.7254162557285343,0.8493988180145035,17237,2,0,0,0.0,1,1,0.5,0,0.0,0,0.8593522738291477,0.8928571428571429,0.8282710280373832,False,True,False,fragment
20160328_153620_1281_1081,high_quality,0.0944841675178753,2937,False,False,False,1,0.8608837970524443,0.923887587818408,0.8059244126632417,2562,1,0,0,0,0,0.0,0,0,0.0,0,0.0,0,0.8915091232461629,0.926605504587156,0.8589743589743589,clean,0.8599086757975162,0.9275019700515073,0.801498127338095,2538,1,0,0,0,0,0.0,0,0,0.0,0,0.0,0,0.8944893069482652,0.9256198347107438,0.8653846153846154,clean,0.8589603780427864,0.921247563349235,0.8045624787170427,2565,1,0,0,0,0,0.0,0,0,0.0,0,0.0,0,0.884437305111972,0.9043478260869564,0.8653846153846154,clean,0.8528974739954441,0.9382917858564026,0.78175008511821,2447,1,0,0,0,0,0.0,0,0,0.0,0,0.0,0,0.8736286062576188,0.925925925925926,0.8269230769230769,clean,0.8712415988665171,0.906514538090149,0.838610827372017,2717,1,0,0,0.0,0,0,0.0,0,0.0,0,0.9047993705743508,0.925925925925926,0.8846153846153846,False,False,False,clean,0.8461251862875445,0.9341834635913856,0.7732379979544663,2431,1,0,0,0.0,0,0,0.0,0,0.0,0,0.8669322709163345,0.918918918918919,0.8205128205128205,False,False,False,clean,0.8703470598797513,0.922256097557461,0.8239700374503781,2624,1,0,0,0.0,0,0,0.0,0,0.0,0,0.8940919568118403,0.9322033898305084,0.8589743589743589,False,False,False,clean
20160328_153620_1281_361,boundary_margin_error,0.0792462000706963,45264,False,False,True,2,0.7961305025229872,0.8403122085315301,0.7563626723222083,40742,1,-1,1,0,0,0.0,0,0,0.0,0,0.0,0,0.8631773767725429,0.9528301886792452,0.7889447236180904,clean,0.7979662831147052,0.8428490672694368,0.7576219512193448,40687,1,-1,1,0,0,0.0,0,0,0.0,0,0.0,0,0.8654474708768569,0.9606141522029372,0.7874371859296483,clean,0.7969933440439756,0.8292339287418022,0.7671659597029058,41876,3,1,1,0,0,0.0,0,0,0.0,2,0.6666666666666666,2,0.8477025374985502,0.904666332162569,0.7974874371859296,island,0.7891005112645891,0.8029315588482306,0.7757378932483263,43731,1,-1,1,0,0,0.0,0,0,0.0,0,0.0,0,0.8559913808293937,0.9224137931034484,0.7984924623115578,clean,0.7970350991932812,0.8291436892738359,0.7673206079885191,41889,1,0,0,0.0,0,0,0.0,0,0.0,0,0.8677881753736482,0.9552845528455284,0.7949748743718593,False,False,False,clean,0.7953127518013681,0.8302331170389738,0.7632113821136526,41610,3,0,0,0.0,1,1,0.5,1,0.3333333333333333,1,0.8300980145765268,0.8833333333333333,0.7829145728643216,False,True,True,mixed,0.7950080203864809,0.8194994957429418,0.7719379639446864,42637,1,0,0,0.0,0,0,0.0,0,0.0,0,0.8691563040383593,0.9593383873190903,0.7944723618090452,False,False,False,clean
20160328_153620_1281_721,complex_topology,0.1367264103616546,21927,False,False,False,12,0.854374081932256,0.7729705784632976,0.9549413964514276,27089,2,-10,10,2,11,0.9166666666666666,0,0,0.0,0,0.0,0,0.930290681667744,0.9217577706323687,0.9389830508474576,merge,0.8562061855668338,0.7813570165202343,0.9469147626209936,26573,2,-10,10,2,11,0.9166666666666666,0,0,0.0,0,0.0,0,0.9253659935426451,0.9127789046653144,0.9383050847457628,merge,0.8440608602279536,0.7593686205888162,0.9500159620554796,27432,2,-10,10,2,11,0.9166666666666666,0,0,0.0,0,0.0,0,0.9137072393592334,0.8909774436090225,0.9376271186440678,merge,0.8533873840671431,0.7742978154254814,0.950472020795845,26916,2,-10,10,2,11,0.9166666666666666,0,0,0.0,0,0.0,0,0.9301151259104938,0.91817215727949,0.9423728813559322,merge,0.8479620357521772,0.7583441231474758,0.9615998540607644,27804,2,2,11,0.9166666666666666,0,0,0.0,0,0.0,0,0.9328788601919412,0.9197002141327624,0.9464406779661017,True,False,False,merge,0.855611601513061,0.7934744474327394,0.9283075660140792,25653,2,2,11,0.9166666666666666,0,0,0.0,0,0.0,0,0.911500642437317,0.902504472271914,0.920677966101695,True,False,False,merge,0.8426795026071314,0.7520853470802448,0.9580882017599498,27933,2,2,11,0.9166666666666666,0,0,0.0,0,0.0,0,0.9321021549795915,0.9181916038751345,0.9464406779661017,True,False,False,merge
20160328_153620_1921_1081,high_quality,0.0961501443695861,10390,False,False,False,1,0.9005394801368806,0.918099999999082,0.8836381135698905,10000,1,0,0,0,0,0.0,0,0,0.0,0,0.0,0,0.9849137931034484,1.0,0.970276008492569,clean,0.89954070165108,0.91355696704951,0.8859480269481367,10076,2,1,1,0,0,0.0,0,0,0.0,1,0.5,2,0.9832286082482152,0.9943019943019944,0.9723991507430998,island,0.8953033740402108,0.8980342790734016,0.8925890279105941,10327,6,5,5,0,0,0.0,0,0,0.0,5,0.8333333333333334,21,0.9601999615458566,0.9565217391304348,0.9639065817409768,island,0.8998970032856443,0.9174917491739998,0.8829643888345687,9999,1,0,0,0,0,0.0,0,0,0.0,0,0.0,0,0.9816216216216216,1.0,0.9639065817409768,clean,0.902536321102732,0.924155320220954,0.8819056785362059,9915,1,0,0,0.0,0,0,0.0,0,0.0,0,0.976930880034958,0.9971264367816092,0.9575371549893844,False,False,False,clean,0.8834234144885786,0.911117929834396,0.8573628488923413,9777,7,0,0,0.0,0,0,0.0,6,0.8571428571428571,118,0.9335985601970256,0.9166666666666666,0.951167728237792,False,False,True,island,0.8985884279997598,0.8995852223392499,0.8975938402301273,10367,3,0,0,0.0,0,0,0.0,2,0.6666666666666666,79,0.9543876802737717,0.945054945054945,0.9639065817409767,False,False,True,island
20160328_153620_1921_361,high_quality,0.0784607696151924,30015,False,False,False,2,0.912073085488416,0.8905466319595928,0.9346660003328552,31502,1,-1,1,1,2,1.0,0,0,0.0,0,0.0,0,0.917955659230558,0.9664596273291924,0.8740875912408759,merge,0.9126715928014436,0.8866235234980878,0.9402965184071496,31832,2,0,0,1,2,1.0,1,1,0.5,0,0.0,0,0.9197687017310406,0.9638273045507584,0.8795620437956204,mixed,0.9087890192604277,0.8649128615715425,0.9573546560050116,33223,3,1,1,1,2,1.0,0,0,0.0,2,0.6666666666666666,2,0.9124084758865862,0.905223880597015,0.9197080291970804,mixed,0.908616613678828,0.8896871008937134,0.9283691487586444,31320,1,-1,1,1,2,1.0,0,0,0.0,0,0.0,0,0.9131483438817222,0.969309462915601,0.8631386861313869,merge,0.9027501946265704,0.8628439531067051,0.9465267366313688,32926,1,1,2,1.0,0,0,0.0,0,0.0,0,0.9217806614400288,0.9671532846715328,0.8804744525547445,True,False,False,merge,0.9121899304132768,0.8968448164839353,0.9280692986836822,31060,2,1,2,1.0,0,0,0.0,1,0.5,1,0.9032209721890094,0.931255728689276,0.8768248175182481,True,False,True,mixed,0.8964987377893447,0.8467507849058568,0.9524571047806255,33762,2,1,2,1.0,1,1,0.5,0,0.0,0,0.9281894576012223,0.9735576923076923,0.8868613138686131,True,True,False,mixed
20160328_153620_1_361,high_quality,0.0624143753783413,31387,False,False,False,2,0.9321947370862252,0.9060263426953432,0.959919711982362,33254,1,-1,1,1,2,1.0,0,0,0.0,0,0.0,0,0.9790138544546196,0.9875311720698254,0.9706422018348624,merge,0.9305017517322968,0.9023828054837748,0.9604294771717716,33406,1,-1,1,1,2,1.0,0,0,0.0,0,0.0,0,0.9791542065530044,0.9916467780429594,0.9669724770642202,merge,0.9161601243682992,0.8945898354481467,0.9387963169462074,32938,1,-1,1,1,2,1.0,0,0,0.0,0,0.0,0,0.9543493377166588,0.9668141592920354,0.9422018348623852,merge,0.9306410748559032,0.8982156618646933,0.965495268741528,33738,1,-1,1,1,2,1.0,0,0,0.0,0,0.0,0,0.9777605381867972,0.9887920298879204,0.9669724770642202,merge,0.9172789031998836,0.8861172976983264,0.9507120782486536,33675,1,1,2,1.0,0,0,0.0,0,0.0,0,0.9723962172223818,0.9894039735099338,0.9559633027522936,True,False,False,merge,0.9238299077773876,0.9127973876532692,0.9351323796473268,32155,3,1,2,1.0,1,1,0.5,1,0.3333333333333333,1,0.9524761480819636,0.9610678531701892,0.9440366972477064,True,True,True,mixed,0.9127196449199075,0.8727362576666746,0.9565425176025244,34401,1,1,2,1.0,0,0,0.0,0,0.0,0,0.9661081322609473,0.9764705882352941,0.9559633027522936,True,False,False,merge
20160328_153620_1_721,high_quality,0.0581052286510408,6101,False,False,False,1,0.9609712376754168,0.9554439403743432,0.9665628585461948,6172,1,0,0,0,0,0.0,0,0,0.0,0,0.0,0,0.9536512170723574,0.9850746268656716,0.924170616113744,clean,0.96133768352287,0.9568111706430316,0.9659072283216426,6159,2,1,1,0,0,0.0,0,0,0.0,1,0.5,27,0.9313580425132628,0.9290780141843972,0.933649289099526,island,0.9175621737788474,0.8628554929971664,0.9796754630372404,6927,6,5,5,0,0,0.0,0,0,0.0,5,0.8333333333333334,584,0.7905318693854272,0.6829268292682927,0.9383886255924172,island,0.963252032519542,0.9556380061284794,0.9709883625619228,6199,2,1,1,0,0,0.0,0,0,0.0,1,0.5,1,0.9552041434789794,0.9777777777777776,0.933649289099526,island,0.9555291319849738,0.925237949031432,0.9878708408441438,6514,2,0,0,0.0,0,0,0.0,1,0.5,6,0.9438006003820616,0.9492753623188406,0.9383886255924172,False,False,True,island,0.928361761205134,0.8996002460010769,0.9590231109638436,6504,4,0,0,0.0,0,0,0.0,3,0.75,439,0.7327863744937169,0.6050420168067226,0.9289099526066352,False,False,True,island,0.9527876631071942,0.9205378973091067,0.9873791181757297,6544,2,0,0,0.0,0,0,0.0,1,0.5,64,0.9083331855503732,0.8843537414965986,0.933649289099526,False,False,True,island
20160328_153620_641_361,high_quality,0.1296503496503496,7150,False,False,False,4,0.874045556624399,0.8074688796670925,0.9525874125860804,8435,2,-2,2,0,0,0.0,0,0,0.0,0,0.0,0,0.9209839421662082,0.93733681462141,0.9051918735891648,clean,0.8832990221301574,0.8178460805327401,0.9601398601385172,8394,2,-2,2,1,2,0.5,0,0,0.0,0,0.0,0,0.9062791513688842,0.8551724137931035,0.963882618510158,merge,0.8704112076787712,0.811562651184311,0.938461538460226,8268,2,-2,2,0,0,0.0,0,0,0.0,0,0.0,0,0.9108229936335333,0.938337801608579,0.8848758465011287,clean,0.8762760834665321,0.8099703264085341,0.9544055944042596,8425,2,-2,2,1,2,0.5,0,0,0.0,0,0.0,0,0.9244845675247042,0.9,0.9503386004514672,merge,0.8570350336493759,0.7787175677211352,0.9528671328658002,8749,2,0,0,0.0,0,0,0.0,0,0.0,0,0.9120346498917192,0.9166666666666666,0.90744920993228,False,False,False,clean,0.8837942586869317,0.8332713984877577,0.940839160837845,8073,3,0,0,0.0,0,0,0.0,1,0.3333333333333333,1,0.8901289444403653,0.89086859688196,0.8893905191873589,False,False,True,island,0.8672264663167705,0.7904246748753706,0.9605594405580972,8689,2,0,0,0.0,0,0,0.0,0,0.0,0,0.9305932531989144,0.96,0.9029345372460497,False,False,False,clean
20160328_153620_641_721,high_quality,0.0880575327464937,47486,False,False,False,3,0.8808028286188768,0.8700538275052657,0.8918207471673985,48674,1,-2,2,1,3,1.0,0,0,0.0,0,0.0,0,0.9310506803782368,0.9675894665766374,0.8971710821733273,merge,0.8851340068463633,0.8774053382990116,0.8930000421174887,48330,1,-2,2,1,3,1.0,0,0,0.0,0,0.0,0,0.933324070386243,0.9725130890052356,0.8971710821733273,merge,0.8776392198119796,0.8600828868895461,0.8959272206543201,49465,2,-1,1,1,3,1.0,0,0,0.0,1,0.5,1,0.9303678056201335,0.9544191217342968,0.9074988774135608,mixed,0.8775777780035494,0.8481229004182763,0.9091521711660472,50903,1,-2,2,1,3,1.0,0,0,0.0,0,0.0,0,0.9384807503221458,0.9665573770491804,0.911989223170184,merge,0.8738856339110457,0.8411087519720979,0.9093206418732028,51337,1,1,3,1.0,0,0,0.0,0,0.0,0,0.9385219883678122,0.9666448659254414,0.911989223170184,True,False,False,merge,0.8818894368024001,0.8696738262452406,0.8944531019667072,48839,2,1,3,1.0,1,1,0.3333333333333333,0,0.0,0,0.9281170264319084,0.9521651560926484,0.9052537045352492,True,True,False,mixed,0.8737168823791056,0.8428045869044573,0.9069831108114167,51102,1,1,3,1.0,0,0,0.0,0,0.0,0,0.9420819542798591,0.9815059445178336,0.9057027391109116,True,False,False,merge
20160328_153629_1281_361,high_quality,0.0395601904330083,8822,False,False,False,1,0.969043670535672,0.9457272334905634,0.9935388800714196,9268,1,0,0,0,0,0.0,0,0,0.0,0,0.0,0,0.9919269298762522,0.9945054945054944,0.9893617021276596,clean,0.969019694622168,0.9464015560828328,0.9927454092031368,9254,1,0,0,0,0,0.0,0,0,0.0,0,0.0,0,0.9973333333333332,1.0,0.9946808510638298,clean,0.9676921380521736,0.9420352082428702,0.9947857628644357,9316,1,0,0,0,0,0.0,0,0,0.0,0,0.0,0,0.9571865443425076,0.9178885630498532,1.0,clean,0.9720465890177636,0.9516724587305042,0.993312174109053,9208,1,0,0,0,0,0.0,0,0,0.0,0,0.0,0,0.9973333333333332,1.0,0.9946808510638298,clean,0.9650027427312314,0.9349489795908428,0.9970528224881012,9408,1,0,0,0.0,0,0,0.0,0,0.0,0,0.9945652173913044,0.9891891891891892,1.0,False,False,False,clean,0.9731206781167894,0.95773874862683,0.9890047608240884,9110,1,0,0,0.0,0,0,0.0,0,0.0,0,0.958543278294766,0.9249394673123488,0.9946808510638298,False,False,False,clean,0.9624150777991658,0.9313891834560641,0.9955792337327186,9430,1,0,0,0.0,0,0,0.0,0,0.0,0,0.9826159371259043,0.9759615384615384,0.9893617021276596,False,False,False,clean
20160328_153629_1281_721,high_quality,0.0780164245104232,23745,False,False,False,1,0.9056770581175604,0.9053530847567944,0.9060012634234972,23762,1,0,0,0,0,0.0,0,0,0.0,0,0.0,0,0.9611216317962992,0.9911764705882352,0.9328358208955224,clean,0.91211903453504,0.9155246298099556,0.9087386818273704,23569,1,0,0,0,0,0.0,0,0,0.0,0,0.0,0,0.971119406205498,0.9915730337078652,0.9514925373134328,clean,0.90424119840699,0.9047558816085232,0.9037271004418176,23718,1,0,0,0,0,0.0,0,0,0.0,0,0.0,0,0.9549897374222972,0.976857490864799,0.9340796019900498,clean,0.9111967485836312,0.9112543172433192,0.911139187196921,23742,1,0,0,0,0,0.0,0,0,0.0,0,0.0,0,0.9691322645618746,0.9914893617021276,0.9477611940298508,clean,0.9095062087294096,0.8970630401831413,0.9222994314588662,24413,1,0,0,0.0,0,0,0.0,0,0.0,0,0.9658065293784944,0.9913544668587896,0.941542288557214,False,False,False,clean,0.9036483497603764,0.9218804766907984,0.8861233943984476,22824,2,0,0,0.0,1,1,1.0,0,0.0,0,0.9408726698132696,0.9582338902147972,0.9241293532338308,False,True,False,fragment,0.9079947142383326,0.8906712034670512,0.9260054748364177,24687,1,0,0,0.0,0,0,0.0,0,0.0,0,0.974174376909115,0.9898843930635838,0.9589552238805971,False,False,False,clean
20160328_153629_1921_361,high_quality,0.0636918261091768,31307,False,False,False,1,0.9288584948465468,0.9426992533137256,0.9154182770623454,30401,1,0,0,0,0,0.0,0,0,0.0,0,0.0,0,0.966381282227922,0.9943100995732574,0.939978563772776,clean,0.9268736240945464,0.9258102552659658,0.9279394384639448,31379,1,0,0,0,0,0.0,0,0,0.0,0,0.0,0,0.9704353340364676,0.9933510638297872,0.9485530546623794,clean,0.923828777917362,0.9208238131502536,0.9268534193627856,31512,1,0,0,0,0,0.0,0,0,0.0,0,0.0,0,0.9506830375509724,0.958291956305859,0.9431939978563773,clean,0.9255000080192264,0.9294504220085916,0.921583032548337,31042,1,0,0,0,0,0.0,0,0,0.0,0,0.0,0,0.9692017777106072,0.9943019943019944,0.945337620578778,clean,0.9236613546443272,0.911775689300768,0.9358609895547526,32134,1,0,0,0.0,0,0,0.0,0,0.0,0,0.9713620307690312,0.9941176470588236,0.94962486602358,False,False,False,clean,0.9247127644101086,0.9357666143377368,0.9139170153636842,30576,1,0,0,0.0,0,0,0.0,0,0.0,0,0.9558783521614834,0.973474801061008,0.9389067524115756,False,False,False,clean,0.9213490225728272,0.9089072600693346,0.9341361356882057,32176,1,0,0,0.0,0,0,0.0,0,0.0,0,0.9688914921187661,0.9912917271407837,0.947481243301179,False,False,False,clean
20160328_153629_1_361,high_quality,0.0724163458691145,33770,False,False,False,3,0.9236427668667656,0.8873639117026694,0.9630145099197625,36649,1,-2,2,1,3,1.0,0,0,0.0,0,0.0,0,0.956117572569782,0.9639953542392566,0.9483675018982536,merge,0.9221334692951334,0.8837341875235128,0.9640213206985596,36838,1,-2,2,1,3,1.0,0,0,0.0,0,0.0,0,0.9533654950608776,0.9615384615384616,0.9453302961275628,merge,0.9198521393061708,0.881559301788723,0.9616227420784834,36837,1,-2,2,1,3,1.0,0,0,0.0,0,0.0,0,0.9411028699974852,0.9376601195559352,0.94457099468489,merge,0.9221052037952148,0.880055975671875,0.9683742967127724,37159,1,-2,2,1,3,1.0,0,0,0.0,0,0.0,0,0.9551793464460352,0.9636576787807736,0.946848899012908,merge,0.9136339552133476,0.8633393064190832,0.9701510216165324,37948,1,1,3,1.0,0,0,0.0,0,0.0,0,0.9592273615276672,0.966396292004635,0.9521640091116174,True,False,False,merge,0.9253462544486478,0.8943718398582892,0.9585430855786324,36193,2,1,3,1.0,0,0,0.0,1,0.5,1,0.9407635564398936,0.9384858044164038,0.9430523917995444,True,False,True,mixed,0.9150940766549248,0.8643759873615419,0.9721350310923981,37980,1,1,3,1.0,0,0,0.0,0,0.0,0,0.9595625844302584,0.963963963963964,0.9552012148823082,True,False,False,merge
20160328_153629_641_361,high_quality,0.096013779527559,10160,False,False,False,2,0.8608313235915918,0.8284336033486589,0.8958661417314017,10987,1,-1,1,0,0,0.0,0,0,0.0,0,0.0,0,0.8516059145317663,0.9378698224852072,0.779874213836478,clean,0.8715799614639347,0.8534905660369306,0.8904527559046354,10600,1,-1,1,0,0,0.0,0,0,0.0,0,0.0,0,0.8493054692179889,0.9323076923076924,0.779874213836478,clean,0.8711983983216364,0.8447032723231237,0.8994094488180123,10818,8,6,6,0,0,0.0,0,0,0.0,7,0.875,7,0.8443661255888033,0.9175824175824177,0.7819706498951782,island,0.8561819795409145,0.8147390879182018,0.9020669291329704,11249,1,-1,1,0,0,0.0,0,0,0.0,0,0.0,0,0.8406276505513147,0.905982905982906,0.7840670859538784,clean,0.8498323303776701,0.7967955896280499,0.9104330708652456,11609,1,0,0,0.0,0,0,0.0,0,0.0,0,0.8439304234058426,0.9136904761904762,0.7840670859538784,False,False,False,clean,0.8610162972929853,0.8415562447130518,0.881397637794408,10641,2,0,0,0.0,0,0,0.0,1,0.5,1,0.8169364881693649,0.8654353562005277,0.7735849056603774,False,False,True,island,0.8676842400969811,0.8274691909262122,0.9120078740148503,11198,1,0,0,0.0,0,0,0.0,0,0.0,0,0.8767796753621908,0.9844236760124611,0.790356394129979,False,False,False,clean
20160328_153629_641_721,complex_topology,0.0638393942551491,28791,False,False,False,6,0.9433564889513828,0.9230539121182866,0.964572262164925,30086,1,-5,5,1,6,1.0,0,0,0.0,0,0.0,0,0.981362552630244,0.9699570815450644,0.9930394431554525,merge,0.9453398025309698,0.923959542364144,0.9677329721090036,30155,1,-5,5,1,6,1.0,0,0,0.0,0,0.0,0,0.9780303987989056,0.9723684210526315,0.9837587006960556,merge,0.9402927386692422,0.9108282328425216,0.9717272758844876,30716,2,-4,4,1,6,1.0,0,0,0.0,1,0.5,1,0.9661981473712388,0.9356223175965666,0.9988399071925754,mixed,0.9442627395819376,0.921967039512568,0.9676635059563864,30218,1,-5,5,1,6,1.0,0,0,0.0,0,0.0,0,0.983617120672713,0.9699453551912568,0.9976798143851509,merge,0.9372746456639024,0.8984454638121501,0.97961168420653,31392,1,1,6,1.0,0,0,0.0,0,0.0,0,0.9843063683029832,0.9701897018970188,0.9988399071925754,True,False,False,merge,0.9445196674949106,0.9323272653444772,0.957035184605968,29554,1,1,6,1.0,0,0,0.0,0,0.0,0,0.9683984223641584,0.9535104364326376,0.9837587006960556,True,False,False,merge,0.9362288522520071,0.8967875318063305,0.979299086519753,31440,1,1,6,1.0,0,0,0.0,0,0.0,0,0.9866277786325415,0.9758179231863442,0.9976798143851509,True,False,False,merge
20160328_153829_1281_361,complex_topology,0.1207498224267317,32381,False,False,False,7,0.8845861915876546,0.8247609891575003,0.953769185633256,37446,1,-6,6,1,7,1.0,0,0,0.0,0,0.0,0,0.9524431694984788,0.9356395816572808,0.9698613622664256,merge,0.8906699666166555,0.8338677084734384,0.9557765356224466,37115,1,-6,6,1,7,1.0,0,0,0.0,0,0.0,0,0.9545635484788172,0.935257410296412,0.9746835443037974,merge,0.8814860257085756,0.8191822231648231,0.95404712640099,37712,1,-6,6,1,7,1.0,0,0,0.0,0,0.0,0,0.9373336381829832,0.905341446923597,0.97166968053044,merge,0.8785535560297886,0.8101048021271157,0.9596368240631976,38358,1,-6,6,1,7,1.0,0,0,0.0,0,0.0,0,0.9526600724343596,0.9305111821086262,0.9758890898131404,merge,0.8766356448112971,0.8015560219069454,0.9672338717145958,39074,1,1,7,1.0,0,0,0.0,0,0.0,0,0.9567553563379932,0.9355877616747182,0.978902953586498,True,False,False,merge,0.8842150785640934,0.829138392494842,0.947129489515164,36989,2,1,7,1.0,0,0,0.0,1,0.5,1,0.9367575335413684,0.90955091714105,0.9656419529837252,True,False,True,mixed,0.8754766527452579,0.7992196266447008,0.96782063555759,39212,1,1,7,1.0,0,0,0.0,0,0.0,0,0.9579113547757052,0.9372485921158488,0.9795057263411694,True,False,False,merge
20160328_153829_1281_721,boundary_margin_error,0.1902540176257128,3858,False,False,True,3,0.805123294229345,0.7479982206389058,0.8716951788468852,4496,1,-2,2,1,3,1.0,0,0,0.0,0,0.0,0,0.9464503592570834,0.967479674796748,0.9263157894736842,merge,0.815000627115496,0.7895504252714713,0.8421461897334315,4115,1,-2,2,1,3,1.0,0,0,0.0,0,0.0,0,0.9162536988840956,0.9589552238805972,0.8771929824561403,merge,0.8097597225652592,0.7753795066395271,0.8473302229112304,4216,1,-2,2,1,3,1.0,0,0,0.0,0,0.0,0,0.915804109377414,0.9193548387096774,0.912280701754386,merge,0.8099875156044819,0.7813102119441684,0.8408501814389817,4152,1,-2,2,1,3,1.0,0,0,0.0,0,0.0,0,0.9338801299259896,0.9683794466403162,0.9017543859649124,merge,0.7955222103122597,0.7358448997560347,0.8657335406924165,4539,1,1,3,1.0,0,0,0.0,0,0.0,0,0.943022454679478,0.9641434262948207,0.9228070175438596,True,False,False,merge,0.8157826649407299,0.8143078512375663,0.8172628304799967,3872,1,1,3,1.0,0,0,0.0,0,0.0,0,0.9053921438612312,0.9315068493150684,0.8807017543859649,True,False,False,merge,0.8048662972767948,0.7518001800163101,0.8659927423513064,4444,1,1,3,1.0,0,0,0.0,0,0.0,0,0.9447536310574182,0.975609756097561,0.9157894736842105,True,False,False,merge
20160328_153829_1921_1,complex_topology,0.1701467695566651,19827,False,False,False,14,0.8309515355936378,0.7418869120732489,0.944318353759548,25237,1,-13,13,1,10,0.7142857142857143,0,0,0.0,0,0.0,0,0.9239255856888684,0.9077809798270894,0.9406548431105048,merge,0.8348632029229047,0.7477351638261772,0.9449740253185328,25057,1,-13,13,1,10,0.7142857142857143,0,0,0.0,0,0.0,0,0.9174715112079544,0.8991436726926736,0.93656207366985,merge,0.8281470380816229,0.735410387881821,0.9476471478282404,25549,1,-13,13,1,10,0.7142857142857143,0,0,0.0,0,0.0,0,0.9052719472160118,0.8730420445177246,0.9399727148703956,merge,0.8257139085667212,0.7322745541808513,0.9464871135315748,25627,1,-13,13,1,10,0.7142857142857143,0,0,0.0,0,0.0,0,0.9186223688146424,0.9000969932104753,0.9379263301500682,merge,0.8212320873288492,0.7218272171251063,0.9523881575624388,26160,1,1,10,0.7142857142857143,0,0,0.0,0,0.0,0,0.9233420071735002,0.9047619047619048,0.9427012278308322,True,False,False,merge,0.8311798442344891,0.745397054114335,0.939274726382741,24984,1,1,10,0.7142857142857143,0,0,0.0,0,0.0,0,0.9032176724748672,0.870398773006135,0.9386084583901774,True,False,False,merge,0.8210927683173402,0.7196840226346437,0.9557673879048995,26331,1,1,10,0.7142857142857143,0,0,0.0,0,0.0,0,0.9251484116191048,0.9101449275362319,0.9406548431105047,True,False,False,merge
20160328_153829_1921_361,boundary_margin_error,0.1324647122692725,3684,False,False,True,2,0.8407154003110782,0.7536044760044037,0.9505971769789616,4647,2,0,0,0,0,0.0,0,0,0.0,0,0.0,0,0.927548249341819,0.8744186046511628,0.9875518672199172,clean,0.840151422639101,0.7635960044378167,0.9337676438628292,4505,2,0,0,0,0,0.0,0,0,0.0,0,0.0,0,0.9116037473332717,0.8590909090909091,0.970954356846473,clean,0.846498878643351,0.7823583602008698,0.9220955483145438,4342,2,0,0,0,0,0.0,0,0,0.0,0,0.0,0,0.8942461961137967,0.8318181818181818,0.966804979253112,clean,0.8397734424155573,0.7829148087285076,0.9055374592809295,4261,2,0,0,0,0,0.0,0,0,0.0,0,0.0,0,0.9106242729740208,0.8672985781990521,0.95850622406639,clean,0.8229687318367743,0.7196584671666606,0.9609120521146556,4919,2,0,0,0.0,0,0,0.0,0,0.0,0,0.9166666666666666,0.8461538461538461,1.0,False,False,False,clean,0.8500258131119643,0.8102854330688724,0.8938653637326442,4064,2,0,0,0.0,0,0,0.0,0,0.0,0,0.893980862665224,0.8440366972477065,0.950207468879668,False,False,False,clean,0.8327225440349536,0.7375916230351045,0.9560260586293268,4775,2,0,0,0.0,0,0,0.0,0,0.0,0,0.9055050591665238,0.8301886792452831,0.995850622406639,False,False,False,clean
20160328_153829_1_1,boundary_margin_error,0.1651050456846883,17183,False,False,True,4,0.8309844874782443,0.7360905294352076,0.9539661293133016,22269,1,-3,3,1,4,1.0,0,0,0.0,0,0.0,0,0.9265161218359238,0.8990825688073395,0.9556765163297044,merge,0.8462589241988593,0.7594837157657478,0.9554210556940258,21616,1,-3,3,1,4,1.0,0,0,0.0,0,0.0,0,0.9253695425968228,0.8915145005370569,0.9618973561430794,merge,0.8295104503447394,0.7372612906142016,0.9481464237904044,22098,1,-3,3,1,4,1.0,0,0,0.0,0,0.0,0,0.898062350948378,0.8551020408163266,0.9455676516329704,merge,0.8206874269948504,0.7161880801593146,0.9608915788855492,23054,1,-3,3,1,4,1.0,0,0,0.0,0,0.0,0,0.9154906744146089,0.8739977090492554,0.9611197511664076,merge,0.823316293612382,0.7176725070297566,0.9654309491934088,23115,1,1,4,1.0,0,0,0.0,0,0.0,0,0.926506974269317,0.8922902494331065,0.963452566096423,True,False,False,merge,0.8361262465300617,0.7487226697349832,0.946633300354451,21725,2,1,4,1.0,0,0,0.0,1,0.5,1,0.8978016453523916,0.8508535489667565,0.9502332814930016,True,False,True,mixed,0.8276779439813203,0.7276377918005703,0.9596112436705118,22661,1,1,4,1.0,0,0,0.0,0,0.0,0,0.924787820456733,0.8958333333333334,0.9556765163297045,True,False,False,merge
20160328_153829_1_721,high_quality,0.1091900518685995,7519,False,False,False,1,0.8697955579699315,0.8888117712369672,0.8515760074466664,7204,1,0,0,0,0,0.0,0,0,0.0,0,0.0,0,0.8990320842914985,0.9529914529914528,0.8508557457212714,clean,0.8607577715795791,0.8809523809511544,0.8414682803553113,7182,1,0,0,0,0,0.0,0,0,0.0,0,0.0,0,0.8884950956484041,0.9446640316205532,0.8386308068459658,clean,0.8641843735423538,0.8656258339993786,0.8627477058107956,7494,2,1,1,0,0,0.0,0,0,0.0,1,0.5,1,0.8880645490318183,0.92578125,0.8533007334963325,island,0.867286674359604,0.8857459789227874,0.8495810613102147,7212,1,0,0,0,0,0.0,0,0,0.0,0,0.0,0,0.8950964282625615,0.9533898305084746,0.843520782396088,clean,0.864822134386782,0.8568072053245571,0.8729884293112475,7661,1,0,0,0.0,0,0,0.0,0,0.0,0,0.9071551283303552,0.9529914529914528,0.8655256723716381,False,False,False,clean,0.8688285535720652,0.909038070327072,0.83202553530944,6882,2,0,0,0.0,0,0,0.0,1,0.5,1,0.8778631717223572,0.9239130434782608,0.8361858190709046,False,False,True,island,0.8650661701131441,0.8651237031113792,0.8650086447654409,7518,1,0,0,0.0,0,0,0.0,0,0.0,0,0.8979099071908246,0.9444444444444444,0.8557457212713936,False,False,False,clean
20160328_153829_641_1,complex_topology,0.1090354901014002,16568,False,False,False,5,0.8613379774198712,0.8570148183551284,0.8657049734422587,16736,2,-3,3,1,3,0.6,0,0,0.0,0,0.0,0,0.9145982312169866,0.9307116104868914,0.8990332975295381,merge,0.8690423029975681,0.8574281853957249,0.8809753742148231,17023,2,-3,3,1,3,0.6,0,0,0.0,0,0.0,0,0.9251715217404703,0.9309734513274336,0.9194414607948442,merge,0.8627954165669425,0.8532223796028958,0.8725857073872086,16944,2,-3,3,1,3,0.6,0,0,0.0,0,0.0,0,0.919812666517432,0.9323308270676692,0.907626208378088,merge,0.865742386538433,0.8501279962759773,0.8819410912597284,17188,2,-3,3,1,3,0.6,0,0,0.0,0,0.0,0,0.9188032705111802,0.9257884972170688,0.9119226638023632,merge,0.8618317495479328,0.833408501521686,0.8922621921771533,17738,2,1,3,0.6,0,0,0.0,0,0.0,0,0.9230906177674916,0.9289617486338798,0.9172932330827068,True,False,False,merge,0.8638798922417702,0.8664764102247455,0.8612988894248784,16469,2,1,3,0.6,0,0,0.0,0,0.0,0,0.9028189684683616,0.9088319088319088,0.8968850698174007,True,False,False,merge,0.864347008345814,0.842268041236631,0.8876146788985468,17460,2,1,3,0.6,0,0,0.0,0,0.0,0,0.9207410611584691,0.9275092936802974,0.9140708915145005,True,False,False,merge
20160328_153829_641_1081,boundary_margin_error,0.1619520264681555,6045,False,False,True,2,0.7610678383591232,0.6368092691615008,0.9455748552507104,8976,2,0,0,1,2,1.0,0,0,0.0,1,0.5,184,0.8604332565814443,0.7678100263852242,0.9784688995215312,mixed,0.6712681328961914,0.5192290290466751,0.9492142266320112,11051,1,-1,1,1,2,1.0,0,0,0.0,0,0.0,0,0.7473885881936365,0.604602510460251,0.9784688995215312,merge,0.7085162966165449,0.5657842749895636,0.9475599669132382,10124,2,0,0,1,2,1.0,0,0,0.0,1,0.5,1348,0.790102435943207,0.660377358490566,0.9832535885167464,mixed,0.6722340677560577,0.5235722852656853,0.9387923904037406,10839,1,-1,1,1,2,1.0,0,0,0.0,0,0.0,0,0.7791914355649999,0.6484018264840182,0.9760765550239234,merge,0.6846176911540122,0.5369708372525522,0.944251447475692,10630,2,1,2,1.0,0,0,0.0,1,0.5,1433,0.7900291815528949,0.6635514018691588,0.9760765550239234,True,False,True,mixed,0.7761091209694295,0.6649746192885551,0.9318444995848936,8471,2,1,2,1.0,0,0,0.0,1,0.5,94,0.8460968745371056,0.7466666666666667,0.9760765550239234,True,False,True,mixed,0.7506534239409627,0.6203693703416995,0.9502067824632751,9259,2,1,2,1.0,0,0,0.0,1,0.5,217,0.8462441272683817,0.7455012853470437,0.9784688995215312,True,False,True,mixed
20160328_153829_641_361,high_quality,0.1430549785348289,7221,False,False,False,2,0.8684698036304381,0.7836843864919383,0.9738263398407784,8973,1,-1,1,0,0,0.0,0,0,0.0,0,0.0,0,0.9685196304269904,0.947242206235012,0.9907749077490776,clean,0.8844290657433882,0.8103527784173271,0.9734108849176384,8674,2,0,0,0,0,0.0,0,0,0.0,1,0.5,8,0.971625703001372,0.9515011547344112,0.992619926199262,island,0.8838505383148297,0.8143307270383774,0.9663481512242538,8569,1,-1,1,0,0,0.0,0,0,0.0,0,0.0,0,0.957599500177302,0.9298245614035088,0.9870848708487084,clean,0.8821302372533555,0.8102468992687952,0.9680099709168148,8627,1,-1,1,0,0,0.0,0,0,0.0,0,0.0,0,0.980578747885553,0.9759615384615384,0.985239852398524,clean,0.8469211013552846,0.7445914723789702,0.9818584683548236,9522,1,0,0,0.0,0,0,0.0,0,0.0,0,0.9703455518327748,0.9473684210526316,0.9944649446494463,False,False,False,clean,0.8908611486263484,0.8316522574437659,0.9591469325564892,8328,1,0,0,0.0,0,0,0.0,0,0.0,0,0.9845115170770452,0.9801324503311258,0.988929889298893,False,False,False,clean,0.8509690622361556,0.7525817097830804,0.9789502838928418,9393,1,0,0,0.0,0,0,0.0,0,0.0,0,0.972849180759062,0.9521531100478469,0.9944649446494465,False,False,False,clean
20160328_153829_641_721,boundary_margin_error,0.2389078498293515,2344,True,False,True,2,0.8264610971659619,0.712739641308866,0.983361774739832,3234,2,0,0,1,2,1.0,0,0,0.0,1,0.5,32,0.9316553519199292,0.8791208791208791,0.9908675799086758,mixed,0.8135472370751987,0.6987140232679158,0.9735494880504542,3266,2,0,0,1,2,1.0,0,0,0.0,1,0.5,169,0.8894896329733061,0.806930693069307,0.9908675799086758,mixed,0.8204022988491013,0.7084367245635594,0.9744027303712696,3224,2,0,0,1,2,1.0,0,0,0.0,1,0.5,80,0.8834355828220859,0.8,0.9863013698630136,mixed,0.8329086275922226,0.7263492063469005,0.9761092150129006,3150,1,-1,1,1,2,1.0,0,0,0.0,0,0.0,0,0.9716773803637162,0.953216374269006,0.9908675799086758,merge,0.7956104252386906,0.6651376146769922,0.9897610921459482,3488,1,1,2,1.0,0,0,0.0,0,0.0,0,0.9224627749464412,0.8594594594594595,0.9954337899543378,True,False,False,merge,0.8610195774358189,0.7889875666046573,0.9475255972655824,2815,1,1,2,1.0,0,0,0.0,0,0.0,0,0.9504297896918424,0.929245283018868,0.9726027397260274,True,False,False,merge,0.7869935663349209,0.6642207220409034,0.9654436860027072,3407,2,1,2,1.0,0,0,0.0,1,0.5,327,0.8718819848010728,0.7931034482758621,0.9680365296803652,True,False,True,mixed
20160329_103807_1081_1,missed_crack_high_fn,0.193069306930693,1818,False,False,False,1,0.2357388316143102,0.3141025640996877,0.1886688668856509,1092,1,0,0,0,0,0.0,0,0,0.0,0,0.0,0,0.1876396128071482,0.1836734693877551,0.1917808219178082,clean,0.1981836528754829,0.1565189671655833,0.2700770076992845,3137,6,5,5,0,0,0.0,0,0,0.0,5,0.8333333333333334,1855,0.1572491065391673,0.1139896373056994,0.2534246575342466,island,0.1805273833666822,0.1674506114761643,0.1958195819571187,2126,19,18,18,0,0,0.0,0,0,0.0,18,0.9473684210526316,901,0.1022511750639069,0.0673400673400673,0.2123287671232876,island,0.1144076840979415,0.0934775026156488,0.1474147414733365,2867,8,7,7,0,0,0.0,0,0,0.0,7,0.875,1978,0.0750618641737695,0.05078125,0.1438356164383561,island,0.1827814569530371,0.2296173044906022,0.1518151815173167,1202,2,0,0,0.0,0,0,0.0,1,0.5,173,0.1132075471698113,0.1046511627906976,0.1232876712328767,False,False,True,island,0.1746587329363411,0.1280800821351948,0.2744774477432647,3896,12,0,0,0.0,0,0,0.0,11,0.9166666666666666,240,0.1395810582745954,0.095360824742268,0.2602739726027397,False,False,True,island,0.2071458953632345,0.1688626907067654,0.26787678767729445,2884,4,0,0,0.0,0,0,0.0,3,0.75,1431,0.15267417870179337,0.1092436974789916,0.2534246575342466,False,False,True,island
20160329_103807_361_1,boundary_margin_error,0.0428023115404519,23188,False,False,True,2,0.7775635073683362,0.8679245283014254,0.7042435742622458,18815,1,-1,1,1,2,1.0,0,0,0.0,0,0.0,0,0.9615719651975114,0.9315352697095436,0.9936102236421726,merge,0.7919524883751228,0.8493137158088035,0.7418492323612463,20254,1,-1,1,1,2,1.0,0,0,0.0,0,0.0,0,0.9584043899218836,0.9214876033057852,0.9984025559105432,merge,0.7403883876028001,0.8580359172534336,0.6511126444709975,17596,1,-1,1,1,2,1.0,0,0,0.0,0,0.0,0,0.9080885714439384,0.8588957055214724,0.963258785942492,merge,0.7874640109499251,0.8695924111326646,0.7195100914262896,19186,1,-1,1,1,2,1.0,0,0,0.0,0,0.0,0,0.9626757694522876,0.9322033898305084,0.9952076677316294,merge,0.7547720422903998,0.8474057363836892,0.6803950319127651,18618,2,1,2,1.0,1,1,0.5,0,0.0,0,0.966262800406778,0.936127744510978,0.9984025559105432,True,True,False,mixed,0.7324654556356083,0.8707301134670761,0.6320941866479938,16833,1,1,2,1.0,0,0,0.0,0,0.0,0,0.9280605707629588,0.9170896785109984,0.939297124600639,True,False,False,merge,0.7895881536323949,0.8517871405746547,0.7358547524578507,20032,1,1,2,1.0,0,0,0.0,0,0.0,0,0.9602162675808447,0.9248434237995825,0.9984025559105432,True,False,False,merge
20160329_103807_361_1281,boundary_margin_error,0.0762243047158404,33080,False,False,True,4,0.717810004888265,0.7785790031810609,0.6658403869405485,28290,1,-3,3,1,3,0.75,0,0,0.0,0,0.0,0,0.7271346805279757,0.7772020725388601,0.6831275720164609,merge,0.7370150904636585,0.7720907134577811,0.7049879081013589,30205,1,-3,3,1,3,0.75,0,0,0.0,0,0.0,0,0.7606263982102909,0.8333333333333334,0.6995884773662552,merge,0.7310911931583371,0.8016952209194583,0.6719165659006434,27725,5,1,1,1,3,0.75,1,2,0.25,2,0.4,2,0.727583160296294,0.7814569536423841,0.6806584362139918,mixed,0.7323411438570361,0.7508176939440631,0.714752116082009,31491,1,-3,3,1,3,0.75,0,0,0.0,0,0.0,0,0.7348702482577656,0.778998778998779,0.6954732510288066,merge,0.7344927821844387,0.8040703318827787,0.6759975816201101,27811,1,1,3,0.75,0,0,0.0,0,0.0,0,0.7609835405371139,0.8792134831460674,0.6707818930041153,True,False,False,merge,0.717411553231356,0.7807576027029056,0.6635731559852892,28115,4,1,3,0.75,1,2,0.25,1,0.25,1,0.701725322235242,0.7241379310344828,0.6806584362139918,True,True,True,mixed,0.7294827186266559,0.746746873515673,0.7129987908099417,31585,2,1,3,0.75,1,1,0.25,0,0.0,0,0.756412336109905,0.8154450261780105,0.7053497942386832,True,True,False,mixed
20160329_103807_361_1921,complex_topology,0.0757377439314612,33616,False,False,False,6,0.6486606318121839,0.8558057911665907,0.5222513089003682,20514,1,-5,5,1,3,0.5,0,0,0.0,0,0.0,0,0.7202212884127627,0.9089481946624804,0.5963912630579298,merge,0.6474997697761032,0.8500411045017409,0.5229057591621482,20679,2,-4,4,1,2,0.3333333333333333,0,0,0.0,0,0.0,0,0.738491496029452,0.906584992343032,0.6229819563152896,merge,0.618293637908853,0.8636678939219552,0.4814969062349829,18741,1,-5,5,1,2,0.3333333333333333,0,0,0.0,0,0.0,0,0.7140060508987365,0.9254901960784314,0.5811965811965812,merge,0.6554080931543314,0.8355924389115557,0.5391480247499586,21690,3,-3,3,1,3,0.5,1,1,0.1666666666666666,0,0.0,0,0.7621930361048627,0.8813559322033898,0.671415004748338,mixed,0.6478340695496086,0.8328581444258785,0.5300749643025554,21395,1,1,3,0.5,0,0,0.0,0,0.0,0,0.7630321465777019,0.9169278996865204,0.6533713200379867,True,False,False,merge,0.6049459522512239,0.873063973063483,0.4628153260350837,17820,3,1,2,0.3333333333333333,1,1,0.1666666666666666,0,0.0,0,0.7018240924688459,0.90625,0.5726495726495726,True,True,False,mixed,0.649168179900466,0.8465770463565773,0.5264159923844223,20903,2,1,2,0.3333333333333333,1,1,0.16666666666666666,0,0.0,0,0.7335074727456162,0.9500831946755408,0.597340930674264,True,True,False,mixed
20160329_103807_361_641,boundary_margin_error,0.0473404478803411,47602,False,False,True,3,0.7828540291819601,0.9240488237141116,0.6790891139026346,34983,1,-2,2,0,0,0.0,0,0,0.0,0,0.0,0,0.8847561137756634,0.9311408016443988,0.8427734375,clean,0.8300576971702147,0.916404425946372,0.7585815722026893,39404,4,1,1,0,0,0.0,0,0,0.0,3,0.75,566,0.8898898533108437,0.9192982456140352,0.8623046875,island,0.7989689497065071,0.9192816531814676,0.7065039284062211,36584,1,-2,2,0,0,0.0,0,0,0.0,0,0.0,0,0.900887538495126,0.9501945525291828,0.8564453125,clean,0.8308697146784886,0.9139608752644668,0.7616276627030878,39668,3,0,0,0,0,0.0,0,0,0.0,2,0.6666666666666666,358,0.8994799974064709,0.9354066985645934,0.8662109375,island,0.8065159101154633,0.92653472903693,0.7140246208141016,36684,1,0,0,0.0,0,0,0.0,0,0.0,0,0.9031478409772232,0.9664138678223184,0.84765625,False,False,False,clean,0.7950787141155282,0.9298956311359806,0.6944035964873967,35547,10,0,0,0.0,1,2,0.3333333333333333,7,0.7,79,0.8932935849396639,0.9346180316586372,0.85546875,False,True,True,mixed,0.8272594500729294,0.9139372379619073,0.755598504264368,39355,1,0,0,0.0,0,0,0.0,0,0.0,0,0.8944090421552634,0.9256198347107438,0.865234375,False,False,False,clean
20160329_103807_721_1,boundary_margin_error,0.0709668286698438,21193,False,False,True,1,0.6622845608403649,0.7333371539912125,0.6037842683902214,17449,1,0,0,0,0,0.0,0,0,0.0,0,0.0,0,0.6335242539025125,0.6888217522658611,0.5864453665283541,clean,0.6643342762144151,0.7005599455750167,0.6316708347092759,19109,4,3,3,0,0,0.0,0,0,0.0,3,0.75,209,0.6511415815038111,0.6494565217391305,0.65283540802213,island,0.661547798094762,0.7503890817665806,0.5915160666254935,16706,3,2,2,0,0,0.0,0,0,0.0,2,0.6666666666666666,2,0.6757175261580941,0.7683089214380826,0.603042876901798,island,0.6773172420613619,0.7116353998853029,0.6461567498699352,19243,3,2,2,0,0,0.0,0,0,0.0,2,0.6666666666666666,659,0.6798402094582067,0.6685082872928176,0.6915629322268326,island,0.6858882344204609,0.721230416904845,0.6538479686685915,19213,1,0,0,0.0,0,0,0.0,0,0.0,0,0.6895753302110192,0.6822157434402333,0.6970954356846473,False,False,False,clean,0.671222631972388,0.7401046405819267,0.6140706837160317,17584,13,0,0,0.0,0,0,0.0,12,0.9230769230769232,433,0.6848396542699919,0.6864224137931034,0.6832641770401107,False,False,True,island,0.6685996929897741,0.6912535268033598,0.647383570046408,19848,2,0,0,0.0,0,0,0.0,1,0.5,235,0.6533405032542787,0.6510948905109489,0.6556016597510373,False,False,True,island
20160329_103807_721_1281,boundary_margin_error,0.1590038314176245,2088,False,False,True,2,0.6846927374286376,0.641809803097437,0.7337164750922716,2387,1,-1,1,0,0,0.0,0,0,0.0,0,0.0,0,0.8041825095057034,0.9591836734693876,0.6923076923076923,clean,0.6785630429662396,0.6655918931337376,0.6920498084258044,2171,1,-1,1,0,0,0.0,0,0,0.0,0,0.0,0,0.7709226467847158,0.8952380952380953,0.676923076923077,clean,0.6516647531557941,0.6259373621498635,0.6795977011461706,2267,12,10,10,0,0,0.0,0,0,0.0,11,0.9166666666666666,128,0.668001000750563,0.6521739130434783,0.6846153846153846,island,0.7030974565582899,0.7413701540056221,0.6685823754757252,1883,1,-1,1,0,0,0.0,0,0,0.0,0,0.0,0,0.7720930232558139,0.976470588235294,0.6384615384615384,clean,0.7130065975478016,0.7017625231878397,0.7246168582340775,2156,1,0,0,0.0,0,0,0.0,0,0.0,0,0.8130671506352086,0.9696969696969696,0.7,False,False,False,clean,0.6857589169469259,0.7512835139717554,0.6307471264337609,1753,5,0,0,0.0,0,0,0.0,4,0.8,7,0.7479833781471522,0.8737864077669902,0.6538461538461539,False,False,True,island,0.6774766770309252,0.631731565863166,0.7303639846708316,2414,1,0,0,0.0,0,0,0.0,0,0.0,0,0.8058904827717677,0.979381443298969,0.6846153846153846,False,False,False,clean
20160330_165956_1281_721,complex_topology,0.2452975856260527,7124,True,False,False,5,0.6554291183661303,0.5275637733260335,0.8651038742267475,11682,1,-4,4,1,5,1.0,0,0,0.0,0,0.0,0,0.8749492868957339,0.7889908256880734,0.9819277108433736,merge,0.6455061082020912,0.5278273278625332,0.830713082536734,11212,1,-4,4,1,5,1.0,0,0,0.0,0,0.0,0,0.867596373084469,0.7809278350515464,0.9759036144578314,merge,0.6661691256669923,0.5635745507522452,0.8144300954508501,10295,1,-4,4,1,5,1.0,0,0,0.0,0,0.0,0,0.8584749880693683,0.7728983688833124,0.9653614457831324,merge,0.6659329774937182,0.5476513711643156,0.8493823694541699,11049,1,-4,4,1,5,1.0,0,0,0.0,0,0.0,0,0.8772554295428302,0.793733681462141,0.980421686746988,merge,0.6597153433081384,0.524757402338455,0.8881246490723075,12057,1,1,5,1.0,0,0,0.0,0,0.0,0,0.875925572684551,0.7867177522349936,0.9879518072289156,True,False,False,merge,0.6676126688610128,0.5604154755092811,0.8255193711386504,10494,1,1,5,1.0,0,0,0.0,0,0.0,0,0.8577086436331263,0.7641277641277642,0.9774096385542168,True,False,False,merge,0.660303141553123,0.5270869965665853,0.8836327905658568,11943,1,1,4,0.8,0,0,0.0,0,0.0,0,0.8783950260394662,0.7926509186351706,0.9849397590361446,True,False,False,merge
20160330_165956_1921_721,moderate_general_error,0.2826668765743073,6352,True,False,False,2,0.7188893774730077,0.598097627259749,0.9008186397970706,9567,1,-1,1,1,2,1.0,0,0,0.0,0,0.0,0,0.8998469934821633,0.8208955223880597,0.995601173020528,merge,0.7750662390177275,0.6956195244046363,0.8749999999986225,7990,1,-1,1,1,2,1.0,0,0,0.0,0,0.0,0,0.937567034304246,0.8859259259259259,0.995601173020528,merge,0.7608950086053281,0.6761287165047398,0.8699622166233155,8173,2,0,0,1,2,1.0,0,0,0.0,1,0.5,1,0.910806617217104,0.8446043165467626,0.9882697947214076,mixed,0.7902054368120701,0.704750154224917,0.8992443324922871,8105,1,-1,1,1,2,1.0,0,0,0.0,0,0.0,0,0.9534921190248214,0.9160419790104948,0.9941348973607038,merge,0.7291743570808852,0.5984649565738249,0.9329345088146522,9902,1,1,2,1.0,0,0,0.0,0,0.0,0,0.9290344163269956,0.8685800604229608,0.998533724340176,True,False,False,merge,0.7358465072282557,0.6444970414193556,0.8573677581850483,8450,2,1,2,1.0,0,0,0.0,1,0.5,1,0.9024988944941296,0.8263305322128851,0.9941348973607038,True,False,True,mixed,0.727624516289647,0.6027921406405348,0.917663727958253,9670,1,1,2,1.0,0,0,0.0,0,0.0,0,0.9091713757296523,0.8355167394468704,0.9970674486803519,True,False,False,merge
20160330_165956_1_1081,boundary_margin_error,0.1976098776619846,8828,False,False,True,1,0.8279838128494772,0.8107697318414822,0.8459447213402288,9211,1,0,0,0,0,0.0,0,0,0.0,0,0.0,0,0.918385718693637,0.855098389982111,0.9917898193760264,clean,0.8156772334289246,0.830321520768798,0.8015405527856801,8522,1,0,0,0,0,0.0,0,0,0.0,0,0.0,0,0.9409275802713696,0.8950276243093923,0.9917898193760264,clean,0.8185209307828655,0.8574618533670048,0.7829632985944913,8061,1,0,0,0,0,0.0,0,0,0.0,0,0.0,0,0.946867768854639,0.9214501510574018,0.973727422003284,clean,0.8138503844206667,0.8064731398055761,0.8213638423189608,8991,1,0,0,0,0,0.0,0,0,0.0,0,0.0,0,0.9183286375767048,0.8650088809946714,0.9786535303776684,clean,0.8321701199559257,0.8022497897384332,0.8644086995912273,9512,1,0,0,0.0,0,0,0.0,0,0.0,0,0.941284981848499,0.8943396226415095,0.993431855500821,False,False,False,clean,0.7960615529740015,0.8300750030728758,0.7647258722238731,8133,1,0,0,0.0,0,0,0.0,0,0.0,0,0.9200894179751676,0.8773885350318471,0.9671592775041052,False,False,False,clean,0.8217161751368878,0.7763781114574458,0.8726778432251102,9923,1,0,0,0.0,0,0,0.0,0,0.0,0,0.9460808562306066,0.9057692307692308,0.9901477832512315,False,False,False,clean
20160330_165956_1_721,complex_topology,0.3853562745464746,5347,True,False,False,5,0.6919913570776525,0.5515555555549426,0.9283710491847236,9000,4,-1,1,2,3,0.6,1,1,0.2,0,0.0,0,0.8824618036776636,0.8167388167388168,0.9596879063719116,mixed,0.7448082756469279,0.637549933421255,0.8954553955472313,7510,3,-2,2,1,3,0.6,0,0,0.0,0,0.0,0,0.91537282021054,0.8771428571428571,0.9570871261378412,merge,0.7554697554691477,0.6628087508812098,0.8782494856912694,7085,6,1,1,2,3,0.6,1,2,0.2,1,0.1666666666666666,1,0.9163732589072964,0.8879432624113475,0.9466840052015604,mixed,0.7116746953806236,0.5728133196481094,0.9394052739836556,8769,3,-2,2,1,3,0.6,0,0,0.0,0,0.0,0,0.9102434859638328,0.856338028169014,0.9713914174252276,merge,0.6812174609526891,0.5296315516341156,0.9543669347279702,9635,4,2,3,0.6,1,1,0.2,0,0.0,0,0.9014892823323482,0.84,0.9726918075422628,True,True,False,mixed,0.7657459463857527,0.6784579844056043,0.8788105479691812,6926,4,1,3,0.6,0,0,0.0,1,0.25,1,0.9269385354377022,0.902097902097902,0.953185955786736,True,False,True,mixed,0.6917096663221934,0.5471266869824258,0.9401533570208712,9188,3,1,2,0.4,0,0,0.0,0,0.0,0,0.9001068789789185,0.8405172413793104,0.9687906371911573,True,False,False,merge
20160330_165956_641_721,boundary_margin_error,0.2486208164766458,8157,True,False,True,2,0.813124261625597,0.7234591495454147,0.9281598626934804,10465,1,-1,1,1,2,1.0,0,0,0.0,0,0.0,0,0.9570897182035932,0.948849104859335,0.9654747225647348,merge,0.8314894090171615,0.7607324516777612,0.9167586122337664,9830,1,-1,1,1,2,1.0,0,0,0.0,0,0.0,0,0.9600613841551726,0.9499341238471674,0.9704069050554872,merge,0.8259076386867116,0.7848310885396501,0.8715213926678049,9058,3,1,1,1,2,1.0,0,0,0.0,2,0.6666666666666666,30,0.947657373106546,0.9546012269938652,0.940813810110974,mixed,0.802895793700696,0.7055818705296688,0.9313473090585616,10767,1,-1,1,1,2,1.0,0,0,0.0,0,0.0,0,0.9475497005738784,0.928,0.967940813810111,merge,0.8142367519109864,0.7143782383413079,0.94654897633818,10808,1,1,2,1.0,0,0,0.0,0,0.0,0,0.9786357917420856,0.9895697522816168,0.967940813810111,True,False,False,merge,0.8301778212575069,0.782321041213902,0.8842711781281302,9220,3,1,2,1.0,1,1,0.5,1,0.3333333333333333,32,0.9498581396044924,0.9441747572815534,0.9556103575832304,True,True,True,mixed,0.7960556725382384,0.6849920452530626,0.9501042049761553,11314,1,1,2,1.0,0,0,0.0,0,0.0,0,0.9483017071106095,0.9294436906377205,0.967940813810111,True,False,False,merge
20160330_170359_1281_721,boundary_margin_error,0.0405996880817024,39754,False,False,True,1,0.800707750733529,0.9351186076201414,0.7000804950443478,29762,2,1,1,0,0,0.0,0,0,0.0,1,0.5,60,0.9440181875366448,0.9554390563564876,0.9328671328671329,island,0.8053509222773106,0.9311654011221752,0.709488353373067,30290,1,0,0,0,0,0.0,0,0,0.0,0,0.0,0,0.9480450020173964,0.9592875318066156,0.9370629370629372,clean,0.7710599243122902,0.9456219850895536,0.6509030537805879,27364,2,1,1,0,0,0.0,1,1,1.0,0,0.0,0,0.9186843886874692,0.9329004329004328,0.9048951048951048,fragment,0.8052067601581007,0.94021027174064,0.7041052472705378,29771,2,1,1,0,0,0.0,0,0,0.0,1,0.5,12,0.9536997138610362,0.9709379128137384,0.9370629370629372,island,0.7963102847180714,0.942343395447658,0.6894652110477715,29086,1,0,0,0.0,0,0,0.0,0,0.0,0,0.939765692945209,0.9807162534435262,0.902097902097902,False,False,False,clean,0.7863935949041173,0.9501193572519506,0.670800422598815,28067,2,0,0,0.0,1,1,1.0,0,0.0,0,0.9472741042985764,0.9666374012291484,0.9286713286713286,False,True,False,fragment,0.8123317906727217,0.9360703619832181,0.7174875484226197,30471,1,0,0,0.0,0,0,0.0,0,0.0,0,0.960573476702509,0.9852941176470589,0.9370629370629371,False,False,False,clean
20160330_170359_1921_361,high_quality,0.0422314629799643,18517,False,False,False,1,0.8604380431543276,0.8627035830614208,0.8581843711179682,18420,1,0,0,0,0,0.0,0,0,0.0,0,0.0,0,0.9317084212399718,0.9544592030360532,0.9100169779286928,clean,0.860855985812747,0.8441652823915883,0.8782200140406771,19264,1,0,0,0,0,0.0,0,0,0.0,0,0.0,0,0.9447238620475376,0.9243243243243244,0.966044142614601,clean,0.8553568516603645,0.8609728073530333,0.8498136847216883,18277,6,5,5,0,0,0.0,1,1,1.0,4,0.6666666666666666,164,0.8659519451465759,0.8231797919762258,0.9134125636672326,mixed,0.8550674322337148,0.8457840236681922,0.8645568936648136,18928,1,0,0,0,0,0.0,0,0,0.0,0,0.0,0,0.9359601701567366,0.9232111692844676,0.9490662139219016,clean,0.8705110122597184,0.8744482589499893,0.8666090619426113,18351,1,0,0,0.0,0,0,0.0,0,0.0,0,0.936426411002682,0.9606299212598424,0.9134125636672326,False,False,False,clean,0.8609198870023146,0.8746656263927359,0.8475995031588013,17944,1,0,0,0.0,0,0,0.0,0,0.0,0,0.8662213740458015,0.8292682926829268,0.9066213921901528,False,False,False,clean,0.8628923500010941,0.8453886010358314,0.8811362531722843,19300,1,0,0,0.0,0,0,0.0,0,0.0,0,0.9253570896027019,0.9376181474480151,0.9134125636672326,False,False,False,clean
20160330_170359_1921_721,high_quality,0.0370984896830461,23505,False,False,False,2,0.8793206885410312,0.9607220289411784,0.8106360348858496,19833,2,0,0,0,0,0.0,0,0,0.0,0,0.0,0,0.8334671608921435,0.928709055876686,0.7559429477020603,clean,0.8821257815371272,0.9594479723981402,0.8163369495848473,19999,2,0,0,0,0,0.0,0,0,0.0,0,0.0,0,0.8320470627250675,0.9348659003831418,0.7496038034865293,clean,0.8783017339165039,0.9633353646145828,0.8070623271640898,19692,2,0,0,0,0,0.0,0,0,0.0,0,0.0,0,0.8340493058587681,0.935,0.7527733755942948,clean,0.8840397577971247,0.9548371174723816,0.8230163794933746,20260,2,0,0,0,0,0.0,0,0,0.0,0,0.0,0,0.8296078925850355,0.931174089068826,0.7480190174326465,clean,0.8854187791521023,0.9412187410170828,0.835864709635892,20874,2,0,0,0.0,0,0,0.0,0,0.0,0,0.8426578854193737,0.9123134328358208,0.7828843106180665,False,False,False,clean,0.8711888995481969,0.967970049916302,0.7920017017652448,19232,2,0,0,0.0,0,0,0.0,0,0.0,0,0.8308000574278561,0.946843853820598,0.7400950871632329,False,False,False,clean,0.8868179362504758,0.9416320091778089,0.8380344607526747,20919,2,0,0,0.0,0,0,0.0,0,0.0,0,0.8298497979614053,0.9221311475409836,0.7543581616481775,False,False,False,clean
20160330_170359_1_721,high_quality,0.0483703433367957,35621,False,False,False,1,0.8510354231172271,0.8612620382346238,0.8410488195163413,34785,1,0,0,0,0,0.0,0,0,0.0,0,0.0,0,0.9575571783896966,0.9644886363636364,0.9507246376811594,clean,0.8500482027267801,0.8343291248747373,0.8663709609497583,36989,1,0,0,0,0,0.0,0,0,0.0,0,0.0,0,0.9711116598973304,0.9612676056338028,0.981159420289855,clean,0.8400401548830002,0.8586590049544524,0.8222116167427018,34109,2,1,1,0,0,0.0,0,0,0.0,1,0.5,1,0.9208337528949752,0.9156398104265404,0.9260869565217392,island,0.8495622479235445,0.8505543362032613,0.8485724712947844,35538,1,0,0,0,0,0.0,0,0,0.0,0,0.0,0,0.9430031581476778,0.9636871508379888,0.9231884057971016,clean,0.8498190249970522,0.8560401059615302,0.8436877123043027,35107,1,0,0,0.0,0,0,0.0,0,0.0,0,0.9524835685809718,0.963172804532578,0.9420289855072465,False,False,False,clean,0.8346658599477312,0.8572020357436214,0.8132842985876834,33796,6,0,0,0.0,1,3,1.0,2,0.3333333333333333,2,0.9174761544653964,0.9104247104247104,0.9246376811594202,False,True,True,mixed,0.8537174848090594,0.8311001222946693,0.87760029196236,37614,1,0,0,0.0,0,0,0.0,0,0.0,0,0.9651352575105037,0.9593267882187938,0.9710144927536232,False,False,False,clean
20160330_170359_641_721,high_quality,0.0562154608397382,31486,False,False,False,1,0.8577856758561949,0.881277009145127,0.8355141967856077,29851,1,0,0,0,0,0.0,0,0,0.0,0,0.0,0,0.9886295631358468,1.0,0.9775147928994082,clean,0.8603565835058993,0.8571158392432286,0.8636219272054679,31725,1,0,0,0,0,0.0,0,0,0.0,0,0.0,0,0.992248062015504,1.0,0.9846153846153848,clean,0.8527144578510717,0.8877203835443902,0.8203646064915135,29097,1,0,0,0,0,0.0,0,0,0.0,0,0.0,0,0.9701656349670208,0.966396292004635,0.97396449704142,clean,0.8633476615126607,0.8720756917889728,0.8547926062374215,30862,1,0,0,0,0,0.0,0,0,0.0,0,0.0,0,0.990442054958184,1.0,0.9810650887573964,clean,0.8650981395050085,0.8707767552606761,0.8594931080477484,31078,1,0,0,0.0,0,0,0.0,0,0.0,0,0.9886295631358468,1.0,0.9775147928994082,False,False,False,clean,0.8495953681161837,0.8811327192081606,0.8202375659020452,29310,1,0,0,0.0,0,0,0.0,0,0.0,0,0.9692559739052145,0.9622823984526112,0.9763313609467456,False,False,False,clean,0.8655034989172395,0.8552778466879015,0.8759766245312596,32248,1,0,0,0.0,0,0,0.0,0,0.0,0,0.9904420549581839,1.0,0.9810650887573964,False,False,False,clean
20160330_172309_1281_361,high_quality,0.1857310551715142,7667,False,False,False,1,0.87765457620693,0.8443828351002357,0.9136559280019386,8296,1,0,0,0,0,0.0,0,0,0.0,0,0.0,0,0.9813965208213488,0.9751332149200712,0.9877408056042032,clean,0.8608176960352548,0.8220007119961765,0.9034824572832876,8427,1,0,0,0,0,0.0,0,0,0.0,0,0.0,0,0.9781531220573886,0.9670710571923744,0.989492119089317,clean,0.8725590955801178,0.8596380205026457,0.8858745271933144,7901,1,0,0,0,0,0.0,0,0,0.0,0,0.0,0,0.9827790686416884,0.9813242784380306,0.9842381786339754,clean,0.8649517684882111,0.8223398001166109,0.9122212077723852,8505,1,0,0,0,0,0.0,0,0,0.0,0,0.0,0,0.9798461991924756,0.9720767888307156,0.9877408056042032,clean,0.8673264921969353,0.811406498522141,0.931524716315467,8802,1,0,0,0.0,0,0,0.0,0,0.0,0,0.9848529753370232,0.981981981981982,0.9877408056042032,False,False,False,clean,0.8662233022120052,0.8497051812810819,0.8833963740695404,7971,1,0,0,0.0,0,0,0.0,0,0.0,0,0.9835862345570228,0.9829351535836176,0.9842381786339754,False,False,False,clean,0.8654977783109971,0.8019361299646133,0.9400026085810095,8987,1,0,0,0.0,0,0,0.0,0,0.0,0,0.9857715488285168,0.982078853046595,0.989492119089317,False,False,False,clean
20160330_172309_1281_721,high_quality,0.0858601307689366,26153,False,False,False,4,0.8724894218508763,0.8441790617845951,0.9027645012041056,27968,2,-2,2,1,3,0.75,0,0,0.0,0,0.0,0,0.9661131112443462,0.9475935828877006,0.9853709508881924,merge,0.8639742319126321,0.8042239135445934,0.9333154896184248,30351,2,-2,2,1,3,0.75,0,0,0.0,0,0.0,0,0.918571327823974,0.8578784757981462,0.9885057471264368,merge,0.8664544056092609,0.8140355594391107,0.9260887852250502,29753,3,-1,1,1,3,0.75,0,0,0.0,1,0.3333333333333333,1,0.9133972003313722,0.8488964346349746,0.9885057471264368,mixed,0.8501851175886305,0.7793995793228442,0.9351126065839732,31378,2,-2,2,1,3,0.75,0,0,0.0,0,0.0,0,0.890655611104337,0.8104325699745547,0.9885057471264368,merge,0.8657273393086065,0.7957875164297131,0.9491454135277216,31193,2,1,3,0.75,0,0,0.0,0,0.0,0,0.924616197625728,0.8676789587852495,0.9895506792058516,True,False,False,merge,0.8681635838883179,0.8263874490286729,0.914388406683396,28938,3,1,3,0.75,0,0,0.0,1,0.3333333333333333,1,0.9205820441029204,0.8621877691645133,0.987460815047022,True,False,True,mixed,0.8516028780865366,0.7627144283421285,0.963942951095108,33053,2,1,3,0.75,0,0,0.0,0,0.0,0,0.9029306334331779,0.8324742268041238,0.9864158829676071,True,False,False,merge
20160330_172309_1921_361,high_quality,0.0563754819837787,15042,False,False,False,1,0.9033617350887984,0.8459351244700017,0.9691530381591748,17233,1,0,0,0,0,0.0,0,0,0.0,0,0.0,0,0.9627823465519916,0.9384236453201972,0.9884393063583816,clean,0.8869147659060964,0.8084035452452082,0.9823161813582088,18278,1,0,0,0,0,0.0,0,0,0.0,0,0.0,0,0.9693737903780903,0.9483695652173914,0.9913294797687862,clean,0.8983061249536951,0.8342072267178648,0.973075388910402,17546,1,0,0,0,0,0.0,0,0,0.0,0,0.0,0,0.94027996355504,0.8918918918918919,0.9942196531791908,clean,0.8837322762613559,0.816256407367309,0.9633692328141448,17753,1,0,0,0,0,0.0,0,0,0.0,0,0.0,0,0.9705008909126904,0.9532019704433498,0.9884393063583816,clean,0.8970306075830983,0.8276850446800271,0.979058635819054,17793,1,0,0,0.0,0,0,0.0,0,0.0,0,0.972825683441486,0.955,0.9913294797687862,False,False,False,clean,0.8824442650435066,0.8278955954318178,0.9446882063549098,17164,1,0,0,0.0,0,0,0.0,0,0.0,0,0.9431649605363452,0.8994638069705094,0.9913294797687862,False,False,False,clean,0.8879336079763306,0.8058084091889869,0.988698311394104,18456,1,0,0,0.0,0,0,0.0,0,0.0,0,0.9510059898633082,0.9113924050632911,0.9942196531791907,False,False,False,clean
20160330_172309_1921_721,high_quality,0.0764674060048688,18485,False,False,False,1,0.8832627118641729,0.8651621271072035,0.9021368677301044,19275,2,1,1,0,0,0.0,1,1,1.0,0,0.0,0,0.988593155893536,0.9881756756756755,0.989010989010989,fragment,0.864474492931555,0.8207946311331903,0.913064647010596,20563,1,0,0,0,0,0.0,0,0,0.0,0,0.0,0,0.9852560712494072,0.984641638225256,0.9858712715855572,clean,0.8751646036342178,0.8527072106744404,0.8988368947790647,19485,2,1,1,0,0,0.0,0,0,0.0,1,0.5,1,0.9745648686412172,0.9665327978580992,0.9827315541601256,island,0.8702515267568394,0.8341187558902554,0.9096564782250962,20159,1,0,0,0,0,0.0,0,0,0.0,0,0.0,0,0.9810680157087412,0.976311336717428,0.9858712715855572,clean,0.8650811741760087,0.8133155538618853,0.9238842304566276,20998,1,0,0,0.0,0,0,0.0,0,0.0,0,0.9872468641759424,0.976311336717428,0.998430141287284,False,False,False,clean,0.8754844054839043,0.8651489541512438,0.8860697863127476,18932,2,0,0,0.0,0,0,0.0,1,0.5,1,0.9671407302012622,0.958005249343832,0.976452119309262,False,False,True,island,0.8620819618581216,0.8048700384719879,0.9280497700833497,21314,1,0,0,0.0,0,0,0.0,0,0.0,0,0.9729898256614797,0.9516666666666667,0.9952904238618524,False,False,False,clean
20160330_172309_1_721,high_quality,0.0894728690175021,19369,False,False,False,1,0.8849254825309106,0.9330776276614764,0.8414993030095299,17468,1,0,0,0,0,0.0,0,0,0.0,0,0.0,0,0.985630976311088,0.9969512195121952,0.9745649263721552,clean,0.8923332262552489,0.926613665424514,0.8604987350917133,17987,1,0,0,0,0,0.0,0,0,0.0,0,0.0,0,0.9869077860479988,0.99537750385208,0.9785809906291834,clean,0.8756367995202889,0.9269235205900755,0.8297279157412206,17338,2,1,1,0,0,0.0,0,0,0.0,1,0.5,1,0.9445100354191264,0.925925925925926,0.963855421686747,island,0.8818311247396556,0.9387350626633992,0.8314316691616338,17155,1,0,0,0,0,0.0,0,0,0.0,0,0.0,0,0.9842047575133748,0.9954337899543378,0.9732262382864793,clean,0.8898764133576414,0.9067574084985228,0.873612473539742,18661,1,0,0,0.0,0,0,0.0,0,0.0,0,0.9875881081419754,0.99537750385208,0.9799196787148594,False,False,False,clean,0.8778098775620092,0.9396795475960534,0.8235840776494276,16976,2,0,0,0.0,0,0,0.0,1,0.5,1,0.9802349555535168,0.9915134370579916,0.9692101740294512,False,False,True,island,0.891201464243459,0.9028395846572881,0.8798595694145903,18876,1,0,0,0.0,0,0,0.0,0,0.0,0,0.9910551120515533,0.9969040247678018,0.9852744310575636,False,False,False,clean
20160330_172309_641_361,boundary_margin_error,0.1651667548967707,1889,False,False,True,1,0.7685071574626411,0.626124625122872,0.9947061937480428,3001,1,0,0,0,0,0.0,0,0,0.0,0,0.0,0,0.8659003831417624,0.7635135135135135,1.0,clean,0.8011970927729773,0.6719254212955471,0.9920592906247112,2789,2,1,1,0,0,0.0,0,0,0.0,1,0.5,13,0.888135593220339,0.7987804878048781,1.0,island,0.8213973799108704,0.6989966555157971,0.9957649549973756,2691,1,0,0,0,0,0.0,0,0,0.0,0,0.0,0,0.9281767955801106,0.865979381443299,1.0,clean,0.8108945969866898,0.6969927674126495,0.9692959237640588,2627,1,0,0,0,0,0.0,0,0,0.0,0,0.0,0,0.931297709923664,0.8714285714285714,1.0,clean,0.7780528052789232,0.6373774923939257,0.9984118581207072,2959,1,0,0,0.0,0,0,0.0,0,0.0,0,0.8970588235294117,0.8133333333333334,1.0,False,False,False,clean,0.8597113792267336,0.7771599657793963,0.96188459501873,2338,1,0,0,0.0,0,0,0.0,0,0.0,0,0.9420374157956956,0.8956043956043956,0.9935483870967742,False,False,False,clean,0.7814899356696794,0.6426621160387622,0.9968237162467083,2930,1,0,0,0.0,0,0,0.0,0,0.0,0,0.9358490566037737,0.8794326241134752,1.0,False,False,False,clean
20160330_172309_641_721,boundary_margin_error,0.1120254801784906,30926,False,False,True,3,0.8480974329642283,0.8838709677416255,0.8151070296834977,28520,1,-2,2,0,0,0.0,0,0,0.0,0,0.0,0,0.9474982487405283,0.97429718875502,0.9221341023792358,clean,0.8541029435946631,0.8689934413060939,0.8397141563730066,29884,1,-2,2,0,0,0.0,0,0,0.0,0,0.0,0,0.9507110442538788,0.97626582278481,0.9264599855803892,clean,0.8552531933153507,0.8917353921737526,0.8216387505656012,28495,1,-2,2,0,0,0.0,0,0,0.0,0,0.0,0,0.9346279472183602,0.958362738179252,0.9120403749098774,clean,0.8552509219174514,0.848206335071604,0.862413503200911,31444,1,-2,2,0,0,0.0,0,0,0.0,0,0.0,0,0.9461402954062964,0.9604743083003952,0.932227829848594,clean,0.8605776231695073,0.8612325528673658,0.8599236888052577,30879,1,0,0,0.0,0,0,0.0,0,0.0,0,0.950906346021071,0.97508038585209,0.9279019466474404,False,False,False,clean,0.8535711336799846,0.8722535353873325,0.8356722498865564,29629,2,0,0,0.0,0,0,0.0,1,0.5,1,0.917660964684676,0.9146496815286624,0.9206921413121846,False,False,True,island,0.8492974708950864,0.8435675779129019,0.855105736273409,31349,3,0,0,0.0,1,2,0.3333333333333333,0,0.0,0,0.9414376821743881,0.9915110356536503,0.8961788031723144,False,True,False,fragment
20160402_150314_1281_1081,boundary_margin_error,0.1880610412926391,2228,False,False,True,1,0.8338039532052566,0.7571428571400838,0.927737881503915,2730,1,0,0,0,0,0.0,0,0,0.0,0,0.0,0,0.960960960960961,0.9248554913294798,1.0,clean,0.8398231951150499,0.7907253269885426,0.8954219030480457,2523,1,0,0,0,0,0.0,0,0,0.0,0,0.0,0,0.9602446483180428,0.923529411764706,1.0,clean,0.8615455381764914,0.8834905660335685,0.8406642728867116,2120,3,2,2,0,0,0.0,0,0,0.0,2,0.6666666666666666,2,0.9824561403508772,0.9655172413793104,1.0,island,0.8505598621859377,0.817466887413835,0.8864452423658598,2416,1,0,0,0,0,0.0,0,0,0.0,0,0.0,0,0.984894259818731,0.9702380952380952,1.0,clean,0.7927927927913049,0.6812903225784475,0.9479353680388334,3100,1,0,0,0.0,0,0,0.0,0,0.0,0,0.8984615384615384,0.8156424581005587,1.0,False,False,False,clean,0.8600368324105432,0.8827977315648261,0.8384201077161652,2116,1,0,0,0.0,0,0,0.0,0,0.0,0,0.9854227405247812,0.971264367816092,1.0,False,False,False,clean,0.8208695652158051,0.7207329487590067,0.953321364448145,2947,1,0,0,0.0,0,0,0.0,0,0.0,0,0.9470198675496689,0.89937106918239,1.0,False,False,False,clean
20160402_150314_1281_361,high_quality,0.1662115419624977,5493,False,False,False,1,0.8564320680516359,0.7657864523525175,0.971418168576422,6968,1,0,0,0,0,0.0,0,0,0.0,0,0.0,0,0.9631521342575702,0.9611650485436892,0.96514745308311,clean,0.8573509183583968,0.7716283134273644,0.9645002730730666,6866,1,0,0,0,0,0.0,0,0,0.0,0,0.0,0,0.94923539153263,0.9313432835820896,0.967828418230563,clean,0.8504460665037709,0.7668568085406364,0.9544875295813682,6837,1,0,0,0,0,0.0,0,0,0.0,0,0.0,0,0.921886735766862,0.8801089918256131,0.967828418230563,clean,0.848703170028139,0.7573939134151202,0.9650464227180684,6999,1,0,0,0,0,0.0,0,0,0.0,0,0.0,0,0.9551995101540972,0.9454545454545454,0.96514745308311,clean,0.8289688398470518,0.7231561822116009,0.9710540688130876,7376,1,0,0,0.0,0,0,0.0,0,0.0,0,0.9498866806523292,0.9276729559748428,0.9731903485254692,False,False,False,clean,0.8597010021349928,0.7832659781458117,0.9526670307646956,6681,1,0,0,0.0,0,0,0.0,0,0.0,0,0.9312946406557602,0.899736147757256,0.96514745308311,False,False,False,clean,0.8361758723197964,0.733159555493575,0.97287456762976,7289,1,0,0,0.0,0,0,0.0,0,0.0,0,0.9711356892365793,0.9771986970684039,0.9651474530831099,False,False,False,clean
20160402_150314_1281_721,high_quality,0.1511911537523375,12299,False,False,False,3,0.851322687797314,0.8382723833536898,0.8647857549387228,12688,2,-1,1,1,2,0.6666666666666666,0,0,0.0,0,0.0,0,0.977416126701518,0.985553772070626,0.9694117647058824,merge,0.8421888020313312,0.8225081382724984,0.8628343767778983,12902,2,-1,1,1,2,0.6666666666666666,0,0,0.0,0,0.0,0,0.95955593301162,0.9421221864951768,0.9776470588235294,merge,0.8487027579158942,0.8529894875157251,0.8444588990968009,12176,2,-1,1,1,2,0.6666666666666666,0,0,0.0,0,0.0,0,0.9654032841061656,0.9661016949152542,0.9647058823529412,merge,0.8553307642899585,0.8446840561318919,0.8662492885593411,12613,2,-1,1,1,2,0.6666666666666666,0,0,0.0,0,0.0,0,0.9812411465313494,0.9872611464968152,0.9752941176470588,merge,0.8460244827717759,0.8150715900521363,0.8794210911449065,13270,2,1,2,0.6666666666666666,0,0,0.0,0,0.0,0,0.9772265556419452,0.9791666666666666,0.9752941176470588,True,False,False,merge,0.8456496804846609,0.8521423264254502,0.839255224001269,12113,3,1,2,0.6666666666666666,1,1,0.3333333333333333,0,0.0,0,0.9596795559531084,0.9629101283880172,0.956470588235294,True,True,False,mixed,0.837484072743798,0.7974264705876489,0.8817790064225695,13600,2,1,2,0.6666666666666666,0,0,0.0,0,0.0,0,0.9592308929361155,0.9459016393442623,0.9729411764705882,True,False,False,merge
20160402_150314_1921_1,high_quality,0.1448268921095008,9936,False,False,False,2,0.8535661182786447,0.8153578301101297,0.8955314009652822,10913,1,-1,1,0,0,0.0,0,0,0.0,0,0.0,0,0.9655038558496748,0.9505154639175256,0.9809725158562368,clean,0.8467625541229051,0.8375504578115215,0.8561795491134699,10157,1,-1,1,1,2,1.0,0,0,0.0,0,0.0,0,0.9636724603438688,0.945010183299389,0.9830866807610994,merge,0.835590941991089,0.8591324686361267,0.8133051529782475,9406,2,0,0,0,0,0.0,1,1,0.5,0,0.0,0,0.9418693866498172,0.9305301645338208,0.9534883720930232,fragment,0.8508276719927036,0.8108699616990599,0.8949275362309833,10966,1,-1,1,1,2,1.0,0,0,0.0,0,0.0,0,0.9700188603434384,0.9455645161290324,0.9957716701902748,merge,0.8542897327703449,0.79963138493874,0.9169685990328936,11394,1,1,2,1.0,0,0,0.0,0,0.0,0,0.9778775508366,0.9645833333333332,0.9915433403805496,True,False,False,merge,0.8426811186661676,0.8563857424910564,0.8294082125595517,9623,2,0,0,0.0,1,1,0.5,0,0.0,0,0.93420816144427,0.9196261682242992,0.949260042283298,False,True,False,fragment,0.8473583941262732,0.7870522227010901,0.9176731078895756,11585,1,1,2,1.0,0,0,0.0,0,0.0,0,0.9761593463167481,0.9592668024439919,0.9936575052854123,True,False,False,merge
20160402_150314_1921_361,high_quality,0.1792956243329775,2811,False,False,False,1,0.871844347964509,0.7954812206549429,0.9644254713590736,3408,1,0,0,0,0,0.0,0,0,0.0,0,0.0,0,0.960057891226925,0.9322916666666666,0.9895287958115184,clean,0.8938528720173097,0.8466433343911974,0.946638207040389,3143,1,0,0,0,0,0.0,0,0,0.0,0,0.0,0,0.9613195876288662,0.9393939393939394,0.9842931937172776,clean,0.8804830403109919,0.8790780141812798,0.8818925649203775,2820,1,0,0,0,0,0.0,0,0,0.0,0,0.0,0,0.9352380222894564,0.9041095890410958,0.9685863874345548,clean,0.8904965471869607,0.8278813818378848,0.9633582354999524,3271,1,0,0,0,0,0.0,0,0,0.0,0,0.0,0,0.9694306401427456,0.9453551912568308,0.9947643979057592,clean,0.8828562026968034,0.8212427303311257,0.9544646033406102,3267,1,0,0,0.0,0,0,0.0,0,0.0,0,0.9786452286121604,0.9835164835164836,0.9738219895287958,False,False,False,clean,0.9096809085976028,0.9221491228036472,0.8975453575208199,2736,1,0,0,0.0,0,0,0.0,0,0.0,0,0.9713984080901248,0.9742268041237112,0.9685863874345548,False,False,False,clean,0.8360980063904488,0.7305851063810357,0.9772323016685264,3760,1,0,0,0.0,0,0,0.0,0,0.0,0,0.9588984852706129,0.9301075268817204,0.9895287958115183,False,False,False,clean
20160402_150314_1_361,high_quality,0.0862778558522385,29886,False,False,False,1,0.8939952978323877,0.9176325524041156,0.8715452051124701,28385,1,0,0,0,0,0.0,0,0,0.0,0,0.0,0,0.963461637771174,0.9896800825593396,0.9385964912280702,clean,0.8973034015466264,0.9181665382726668,0.8773673291839398,28558,1,0,0,0,0,0.0,0,0,0.0,0,0.0,0,0.9625196676511996,0.9838383838383838,0.9421052631578948,clean,0.8947485043206984,0.911892436507344,0.8782373017463433,28783,1,0,0,0,0,0.0,0,0,0.0,0,0.0,0,0.9647942227078958,0.9866785079928952,0.9438596491228072,clean,0.8962484446639799,0.9134211166310277,0.8797095630057954,28783,1,0,0,0,0,0.0,0,0,0.0,0,0.0,0,0.9627852841455392,0.9777777777777776,0.9482456140350876,clean,0.9000066885156679,0.8995253693425699,0.9004885230539715,29918,1,0,0,0.0,0,0,0.0,0,0.0,0,0.9662100929546102,0.982982982982983,0.95,False,False,False,clean,0.8899986176387735,0.9202101050521976,0.8617078230606766,27986,1,0,0,0.0,0,0,0.0,0,0.0,0,0.9578192993722292,0.9807186678352322,0.9359649122807018,False,False,False,clean,0.8951126122358762,0.8945890845891198,0.8956367529944136,29921,1,0,0,0.0,0,0,0.0,0,0.0,0,0.9631955850469746,0.9814432989690721,0.9456140350877194,False,False,False,clean
20160402_150314_1_721,boundary_margin_error,0.1662688510361289,9217,False,False,True,2,0.7750449293962643,0.7357184636374188,0.8188130628178161,10258,1,-1,1,0,0,0.0,0,0,0.0,0,0.0,0,0.8844174075807206,0.84375,0.9292035398230089,clean,0.7606652205346758,0.7258748151791761,0.7989584463482705,10145,3,1,1,0,0,0.0,0,0,0.0,2,0.6666666666666666,131,0.8512441114167378,0.7791411042944786,0.9380530973451328,island,0.791295041027,0.875411130113307,0.7219268742533124,7601,2,0,0,0,0,0.0,1,1,0.5,0,0.0,0,0.9143806541723342,0.9264150943396228,0.9026548672566372,fragment,0.8067447717065549,0.8142336169733514,0.7993924270361294,9049,1,-1,1,0,0,0.0,0,0,0.0,0,0.0,0,0.9070133408493048,0.8795180722891566,0.936283185840708,clean,0.7921627731721717,0.7376497005981122,0.8553759357699301,10688,1,0,0,0.0,0,0,0.0,0,0.0,0,0.9021364000047768,0.8658536585365854,0.9415929203539825,False,False,False,clean,0.7938380483330696,0.8406306852627766,0.7519800368875426,8245,1,0,0,0.0,0,0,0.0,0,0.0,0,0.8980666769740168,0.8800705467372134,0.9168141592920354,False,False,False,clean,0.7907491201604873,0.7368125175670037,0.8532060323306355,10673,2,0,0,0.0,0,0,0.0,1,0.5,34,0.8999020348015999,0.8602693602693603,0.9433628318584071,False,False,True,island
20160402_150314_641_361,high_quality,0.1083583884546001,8315,False,False,False,1,0.8609957180284649,0.9187124931793252,0.8101022248937941,7332,1,0,0,0,0,0.0,0,0,0.0,0,0.0,0,0.9665738161559888,1.0,0.935309973045822,clean,0.8621240181359843,0.919117647057572,0.8117859290429202,7344,1,0,0,0,0,0.0,0,0,0.0,0,0.0,0,0.9680111265646733,1.0,0.9380053908355797,clean,0.8576705088194245,0.9114780725488476,0.8098616957296333,7388,2,1,1,0,0,0.0,0,0,0.0,1,0.5,146,0.9294517150597124,0.9210526315789472,0.9380053908355797,island,0.8573443610945326,0.9181543531984095,0.8040889957897726,7282,1,0,0,0,0,0.0,0,0,0.0,0,0.0,0,0.9680111265646733,1.0,0.9380053908355797,clean,0.8743061551740012,0.8973287757932684,0.8524353577861065,7899,1,0,0,0.0,0,0,0.0,0,0.0,0,0.9722991689750692,1.0,0.9460916442048516,False,False,False,clean,0.8485648300885196,0.9400584795307894,0.7733012627771818,6840,3,0,0,0.0,0,0,0.0,2,0.6666666666666666,39,0.9354502998048214,0.9383033419023136,0.9326145552560648,False,False,True,island,0.8743210339009337,0.9091145157090248,0.8420926037271892,7702,1,0,0,0.0,0,0,0.0,0,0.0,0,0.9694444444444443,1.0,0.9407008086253369,False,False,False,clean
20160402_150314_641_721,boundary_margin_error,0.1406575277897796,25459,False,False,True,1,0.8412659369489524,0.8797102070558238,0.8060410856668345,23327,1,0,0,0,0,0.0,0,0,0.0,0,0.0,0,0.9323728649457564,0.9576149425287356,0.9084273390842734,clean,0.8510953714378087,0.8943701588121968,0.8118150752186606,23109,1,0,0,0,0,0.0,0,0,0.0,0,0.0,0,0.9492993048921892,0.9793530626290432,0.9210351692103516,clean,0.8485170357053582,0.8839426309737907,0.8158215169484992,23497,3,2,2,0,0,0.0,1,1,1.0,1,0.3333333333333333,1,0.9263341992013704,0.953734302709848,0.900464499004645,mixed,0.8566967109422722,0.8622528150237289,0.8512117522287398,25133,1,0,0,0,0,0.0,0,0,0.0,0,0.0,0,0.9385969987713272,0.9436038514442916,0.93364299933643,clean,0.8551913110813782,0.8647205268226531,0.8458698299222884,24904,1,0,0,0.0,0,0,0.0,0,0.0,0,0.9450513614870372,0.971830985915493,0.9197080291970804,False,False,False,clean,0.835364241104861,0.8664022280357555,0.8064731529122092,23698,4,0,0,0.0,0,0,0.0,3,0.75,3,0.923501849523002,0.9314102564102564,0.915726609157266,False,False,True,island,0.8423408258241722,0.8494567822332443,0.83534310067134,25036,1,0,0,0.0,0,0,0.0,0,0.0,0,0.9442872603667567,0.9658246656760773,0.9236894492368944,False,False,False,clean
20160402_151049_1281_721,high_quality,0.0508671174357088,35347,False,False,False,2,0.942163736983573,0.9286617202525616,0.9560641638608776,36390,1,-1,1,0,0,0.0,0,0,0.0,0,0.0,0,0.9714574007879004,0.9972451790633609,0.946969696969697,clean,0.9418248959681234,0.9180433556287324,0.9668713044951576,37227,1,-1,1,0,0,0.0,0,0,0.0,0,0.0,0,0.9760317916591346,0.997326203208556,0.9556277056277056,clean,0.9413719111232864,0.9217089568420838,0.9618920983390497,36888,2,0,0,0,0,0.0,0,0,0.0,1,0.5,1,0.9594172889007584,0.9721964782205746,0.946969696969697,island,0.9444165970480444,0.9298385106788776,0.9594590771491333,36473,1,-1,1,0,0,0.0,0,0,0.0,0,0.0,0,0.969738906943123,0.997229916897507,0.9437229437229436,clean,0.937991147429222,0.9043542202844412,0.9742269499530444,38078,1,0,0,0.0,0,0,0.0,0,0.0,0,0.9734609597592598,0.9931412894375856,0.9545454545454546,False,False,False,clean,0.9418635444977432,0.928265289301355,0.955866127252396,36398,1,0,0,0.0,0,0,0.0,0,0.0,0,0.9616360157663072,0.9814126394052044,0.9426406926406926,False,False,False,clean,0.9357386587635863,0.9006594786975556,0.9736611310716685,38212,1,0,0,0.0,0,0,0.0,0,0.0,0,0.9767441860465117,1.0,0.9545454545454546,False,False,False,clean
20160402_151049_1921_1081,high_quality,0.0531281032770605,18126,False,False,False,1,0.9322653954877966,0.9366785475601822,0.927893633454194,17956,1,0,0,0,0,0.0,0,0,0.0,0,0.0,0,0.9401788022533654,0.9338624338624338,0.9465811965811964,clean,0.9305373525554472,0.9211806681798458,0.940086064216628,18498,1,0,0,0,0,0.0,0,0,0.0,0,0.0,0,0.9393643002442228,0.9261213720316622,0.9529914529914528,clean,0.9279090306908456,0.9284215177284167,0.927397109124502,18106,1,0,0,0,0,0.0,0,0,0.0,0,0.0,0,0.9150023891609164,0.8854625550660793,0.9465811965811964,clean,0.9309849029472624,0.9332039911303032,0.9287763433736462,18040,1,0,0,0,0,0.0,0,0,0.0,0,0.0,0,0.9416987274341522,0.9347826086956522,0.9487179487179488,clean,0.9322584135913504,0.9146406200228716,0.9505682445101232,18838,1,0,0,0.0,0,0,0.0,0,0.0,0,0.9409333645696298,0.9312169312169312,0.9508547008547008,False,False,False,clean,0.925449009803937,0.9372560113148868,0.9139357828528556,17675,1,0,0,0.0,0,0,0.0,0,0.0,0,0.916828353382486,0.8888888888888888,0.9465811965811964,False,False,False,clean,0.937449140128862,0.9220917822833926,0.9533267130084114,18740,1,0,0,0.0,0,0,0.0,0,0.0,0,0.9430599607310074,0.9333333333333333,0.9529914529914529,False,False,False,clean
20160402_151049_1921_721,high_quality,0.0540178165621307,22002,False,False,False,1,0.9369262388671074,0.9415274463002838,0.9323697845646156,21788,1,0,0,0,0,0.0,0,0,0.0,0,0.0,0,0.936374639232846,0.9824561403508772,0.8944223107569721,clean,0.9339479101403084,0.919788453062618,0.9485501318057684,22690,1,0,0,0,0,0.0,0,0,0.0,0,0.0,0,0.939554287280132,0.9799107142857144,0.902390438247012,clean,0.9301595136066836,0.918435160160862,0.9421870739019442,22571,2,1,1,0,0,0.0,0,0,0.0,1,0.5,1,0.916227803989898,0.9369369369369368,0.896414342629482,island,0.9238394258800352,0.9118558526647282,0.9361421688933114,22588,1,0,0,0,0,0.0,0,0,0.0,0,0.0,0,0.9396215359001427,0.9824175824175824,0.900398406374502,clean,0.9275614822754747,0.9119778626956068,0.9436869375507028,22767,1,0,0,0.0,0,0,0.0,0,0.0,0,0.9350988256898468,0.9772727272727272,0.896414342629482,False,False,False,clean,0.93107452694835,0.9329226557148378,0.9292337060263024,21915,2,0,0,0.0,0,0,0.0,1,0.5,1,0.8898682053040033,0.8892988929889298,0.8904382470119522,False,False,True,island,0.9297299686213529,0.9047393772574811,0.9561403508767584,23252,1,0,0,0.0,0,0,0.0,0,0.0,0,0.9404301943371202,0.9818181818181818,0.9023904382470119,False,False,False,clean
20160402_151049_1_361,high_quality,0.0831437393353376,24614,False,False,False,2,0.906484297808686,0.8663852164571098,0.950475339237446,27003,1,-1,1,1,2,1.0,0,0,0.0,0,0.0,0,0.9253699132913736,0.8884976525821596,0.965435041716329,merge,0.9002106069307103,0.8512818655848597,0.955106849759911,27616,2,0,0,1,2,1.0,0,0,0.0,1,0.5,2,0.9202245013014032,0.8751431844215349,0.9702026221692492,mixed,0.8999343705360576,0.8572741982933004,0.9470626472735244,27192,1,-1,1,1,2,1.0,0,0,0.0,0,0.0,0,0.9221163838139538,0.8835164835164835,0.964243146603099,merge,0.9005955107648305,0.8493052055580498,0.9584789144385476,27778,1,-1,1,1,2,1.0,0,0,0.0,0,0.0,0,0.9282373371528456,0.8847980997624703,0.9761620977353992,merge,0.8874946314863991,0.8211755762117484,0.96546680750753,28939,2,1,2,1.0,0,0,0.0,1,0.5,5,0.9260076567493316,0.8788235294117647,0.9785458879618594,True,False,True,mixed,0.8955362139836549,0.8529206337533165,0.9426342731774832,27203,1,1,2,1.0,0,0,0.0,0,0.0,0,0.9304198400258372,0.8947849954254345,0.9690107270560192,True,False,False,merge,0.9041501976282867,0.8493395215991255,0.9665231169249343,28010,1,1,2,1.0,0,0,0.0,0,0.0,0,0.9462381979802214,0.9255989911727617,0.9678188319427891,True,False,False,merge
20160402_151049_1_721,high_quality,0.1367292225201072,17531,False,False,False,1,0.8607139129524944,0.7931996344919957,0.9407905995089038,20793,2,1,1,0,0,0.0,1,1,1.0,0,0.0,0,0.9705510835913314,0.971875,0.9692307692307692,fragment,0.8630675540250115,0.7852800897779925,0.9579601848149232,21386,1,0,0,0,0,0.0,0,0,0.0,0,0.0,0,0.9683521455560636,0.9545454545454546,0.9825641025641024,clean,0.8661997788423816,0.8043616449069462,0.9383378016080438,20451,1,0,0,0,0,0.0,0,0,0.0,0,0.0,0,0.9465096137811576,0.9130074565037284,0.9825641025641024,clean,0.8599759153447796,0.7806307563490648,0.9572756830751484,21498,1,0,0,0,0,0.0,0,0,0.0,0,0.0,0,0.975479299323075,0.9684959349593496,0.9825641025641024,clean,0.8518109762213174,0.760173702824569,0.9685699617814336,22337,1,0,0,0.0,0,0,0.0,0,0.0,0,0.9771800257024628,0.9728601252609604,0.9815384615384616,False,False,False,clean,0.8573538721246948,0.7974093518469175,0.9270435229017584,20381,3,0,0,0.0,1,2,1.0,0,0.0,0,0.9551917416650578,0.939625850340136,0.9712820512820513,False,True,False,fragment,0.8410468876311538,0.7548179386021154,0.9495179966910332,22053,1,0,0,0.0,0,0,0.0,0,0.0,0,0.9689689138086611,0.9718004338394793,0.9661538461538461,False,False,False,clean
20160402_151049_641_361,boundary_margin_error,0.1244583533943187,2077,False,False,True,1,0.8116857481231511,0.6878554700545739,0.9898892633558504,2989,1,0,0,0,0,0.0,0,0,0.0,0,0.0,0,0.9019132775694646,0.8511904761904762,0.95906432748538,clean,0.8146543234177376,0.6893333333310355,0.995666827149756,3000,1,0,0,0,0,0.0,0,0,0.0,0,0.0,0,0.8523229205470705,0.7526315789473684,0.9824561403508772,clean,0.8077449638161398,0.6801712779951247,0.9942224362012796,3036,2,1,1,0,0,0.0,0,0,0.0,1,0.5,1,0.8921650219950066,0.8170731707317073,0.9824561403508772,island,0.831808013014375,0.7200704225326758,0.9845931632114368,2840,2,1,1,0,0,0.0,0,0,0.0,1,0.5,2,0.8702376036935551,0.8089887640449438,0.9415204678362572,island,0.8105242489675819,0.6843501326237257,0.9937409725517876,3016,1,0,0,0.0,0,0,0.0,0,0.0,0,0.8862932061978546,0.8033707865168539,0.9883040935672516,False,False,False,clean,0.8424080542411292,0.7347670250869722,0.9870004814588976,2790,1,0,0,0.0,0,0,0.0,0,0.0,0,0.8827955191439559,0.8135593220338984,0.9649122807017544,False,False,False,clean,0.8102604268635006,0.6828382838261293,0.9961482907992483,3030,1,0,0,0.0,0,0,0.0,0,0.0,0,0.9258094198711775,0.8707482993197279,0.9883040935672515,False,False,False,clean
20160402_151049_641_721,high_quality,0.0515084531675087,41168,False,False,False,1,0.9411989308895404,0.9249530956845862,0.9580256509908284,42640,1,0,0,0,0,0.0,0,0,0.0,0,0.0,0,0.9838311483713492,0.9798099762470308,0.987885462555066,clean,0.939145282929263,0.917431192660338,0.9619121647879514,43164,2,1,1,0,0,0.0,0,0,0.0,1,0.5,10,0.979453492276696,0.9638273045507584,0.9955947136563876,island,0.9384584413891628,0.91557106217775,0.9625194325687518,43279,2,1,1,0,0,0.0,0,0,0.0,1,0.5,1,0.9755346465625896,0.9634888438133874,0.987885462555066,island,0.9368249391410112,0.9121829981127372,0.9628352118147682,43454,1,0,0,0,0,0.0,0,0,0.0,0,0.0,0,0.9823103024861696,0.9693757361601884,0.9955947136563876,clean,0.9311588302351008,0.8934327425329495,0.9722114263503274,44798,1,0,0,0.0,0,0,0.0,0,0.0,0,0.9687551482769664,0.9443155452436196,0.9944933920704846,False,False,False,clean,0.9389140541896116,0.9241900190581576,0.9541148464824734,42501,1,0,0,0.0,0,0,0.0,0,0.0,0,0.9768904091596629,0.9598997493734336,0.9944933920704846,False,False,False,clean,0.9268247456133177,0.8862538233075744,0.9712883793235108,45118,1,0,0,0.0,0,0,0.0,0,0.0,0,0.9631828930340337,0.9347568208778173,0.9933920704845814,False,False,False,clean
20160402_151054_1281_1081,high_quality,0.061311475409836,16775,False,False,False,1,0.9384897382731036,0.9461948618510988,0.930909090908536,16504,1,0,0,0,0,0.0,0,0,0.0,0,0.0,0,1.0,1.0,1.0,clean,0.9325523712754588,0.9349832214759496,0.9301341281663604,16688,1,0,0,0,0,0.0,0,0,0.0,0,0.0,0,0.9958734525447044,0.9917808219178084,1.0,clean,0.926425929823228,0.9346032516373848,0.918390461996472,16484,1,0,0,0,0,0.0,0,0,0.0,0,0.0,0,0.9949367088607596,0.9899244332493704,1.0,clean,0.9346869916247108,0.9448200255795453,0.9247690014897616,16419,1,0,0,0,0,0.0,0,0,0.0,0,0.0,0,1.0,1.0,1.0,clean,0.9247363374877384,0.9295825552671948,0.9199403874808226,16601,1,0,0,0.0,0,0,0.0,0,0.0,0,1.0,1.0,1.0,False,False,False,clean,0.9217848089665204,0.9450776553100292,0.8996125186283758,15968,1,0,0,0.0,0,0,0.0,0,0.0,0,0.9950617283950616,0.9901719901719902,1.0,False,False,False,clean,0.9318501170957461,0.9155018694271408,0.9487928464971989,17385,1,0,0,0.0,0,0,0.0,0,0.0,0,1.0,1.0,1.0,False,False,False,clean
20160402_151054_1281_361,high_quality,0.062778730703259,5830,False,False,False,1,0.9236183315996772,0.8652779859120856,0.9903945111475294,6673,1,0,0,0,0,0.0,0,0,0.0,0,0.0,0,0.9954128440366972,1.0,0.9908675799086758,clean,0.9196963643620296,0.8608825729231699,0.9871355060017374,6685,1,0,0,0,0,0.0,0,0,0.0,0,0.0,0,0.9977116704805492,1.0,0.9954337899543378,clean,0.9230032713628636,0.8628972102030987,0.9921097770137356,6703,1,0,0,0,0,0.0,0,0,0.0,0,0.0,0,0.951666240829288,0.9115853658536586,0.9954337899543378,clean,0.9255079006764548,0.873136598720911,0.9845626072024278,6574,1,0,0,0,0,0.0,0,0,0.0,0,0.0,0,0.9977116704805492,1.0,0.9954337899543378,clean,0.913129085610055,0.8441823212453121,0.994339622639804,6867,1,0,0,0.0,0,0,0.0,0,0.0,0,0.981981981981982,0.9646017699115044,1.0,False,False,False,clean,0.9268726743237932,0.8770667483146402,0.9826758147496008,6532,2,0,0,0.0,0,0,0.0,1,0.5,1,0.9549955467071828,0.9216300940438872,0.9908675799086758,False,False,True,island,0.9174749562721278,0.8550681683449095,0.9897084048010468,6748,1,0,0,0.0,0,0,0.0,0,0.0,0,0.9954128440366972,1.0,0.9908675799086758,False,False,False,clean
20160402_151054_1281_721,high_quality,0.0478522539532688,42370,False,False,False,1,0.9548352381062672,0.9465640002780932,0.9632523011562514,43117,1,0,0,0,0,0.0,0,0,0.0,0,0.0,0,0.9898037008789404,0.9942726231386024,0.9853747714808044,clean,0.9553865682243184,0.9429668283485568,0.9681378333724407,43501,1,0,0,0,0,0.0,0,0,0.0,0,0.0,0,0.9926577961967386,0.9944629014396456,0.9908592321755028,clean,0.953477262929668,0.94153109827632,0.9657304696717098,43459,1,0,0,0,0,0.0,0,0,0.0,0,0.0,0,0.9864487793363906,0.9802880970432144,0.9926873857404022,clean,0.9528369250938284,0.9452353856513588,0.9605617181966108,43057,1,0,0,0,0,0.0,0,0,0.0,0,0.0,0,0.989243564724468,0.9931428571428572,0.9853747714808044,clean,0.9521973073458014,0.9321141152000788,0.9731649752180852,44236,1,0,0,0.0,0,0,0.0,0,0.0,0,0.9897271744252296,0.9931895573212258,0.986288848263254,False,False,False,clean,0.9533148130707984,0.9509417124604408,0.9556997875853304,42582,2,0,0,0.0,0,0,0.0,1,0.5,1,0.982889321757104,0.9813229571984436,0.9844606946983546,False,False,True,island,0.9497360885913284,0.926083738870865,0.9746282747224512,44591,1,0,0,0.0,0,0,0.0,0,0.0,0,0.9896961858590347,0.993127147766323,0.9862888482632541,False,False,False,clean
20160402_151054_1921_361,high_quality,0.1190793628517297,14251,False,False,False,3,0.8683995955771604,0.8112736136497188,0.9341800575391662,16410,1,-2,2,1,3,1.0,0,0,0.0,0,0.0,0,0.9608484395440104,0.9479166666666666,0.9741379310344828,merge,0.8669438669435853,0.8071130466335165,0.9363553434840106,16533,1,-2,2,1,3,1.0,0,0,0.0,0,0.0,0,0.9501241498434634,0.9285714285714286,0.9727011494252874,merge,0.8730857010548496,0.8258040295327082,0.9261104483889367,15982,1,-2,2,1,3,1.0,0,0,0.0,0,0.0,0,0.925019093060712,0.8853658536585366,0.9683908045977012,merge,0.8704316780263321,0.8097711214440426,0.940916426916749,16559,1,-2,2,1,3,1.0,0,0,0.0,0,0.0,0,0.9581475813427374,0.9467455621301776,0.9698275862068966,merge,0.856110133266012,0.7753487048102616,0.9556522349302116,17565,1,1,3,1.0,0,0,0.0,0,0.0,0,0.9656699241860804,0.950509461426492,0.9813218390804598,True,False,False,merge,0.876315003484261,0.8313184737433374,0.926461300960686,15882,1,1,3,1.0,0,0,0.0,0,0.0,0,0.936947570964586,0.9113001215066828,0.9640804597701148,True,False,False,merge,0.8538284525420503,0.7751259157504721,0.950319275839625,17472,1,1,3,1.0,0,0,0.0,0,0.0,0,0.9618797920552117,0.947209653092006,0.9770114942528736,True,False,False,merge
20160402_151054_1_361,high_quality,0.0416610195015435,66405,False,False,False,1,0.8862071706812238,0.9385871853159992,0.8393645056846866,59385,1,0,0,0,0,0.0,0,0,0.0,0,0.0,0,0.9537590439040432,0.9723538704581358,0.9358620689655172,clean,0.8880474047784327,0.9368679693113584,0.8440629470671118,59827,1,0,0,0,0,0.0,0,0,0.0,0,0.0,0,0.9562856305910452,0.96875,0.9441379310344828,clean,0.8836828335360448,0.936238331142632,0.8367141028535748,59346,3,2,2,0,0,0.0,1,1,1.0,1,0.3333333333333333,1,0.9413057730847676,0.9496535796766744,0.933103448275862,mixed,0.8881574284791136,0.930809097811222,0.8492432798733757,60586,1,0,0,0,0,0.0,0,0,0.0,0,0.0,0,0.966609217221723,0.9747320061255744,0.9586206896551724,clean,0.8793411075000893,0.9333603882377224,0.831232587907412,59139,1,0,0,0.0,0,0,0.0,0,0.0,0,0.950496985124128,0.9715415019762846,0.9303448275862068,False,False,False,clean,0.883911199004746,0.939388803199895,0.8346208869812763,58999,5,0,0,0.0,1,2,1.0,2,0.4,2,0.9404215809746188,0.9401536595228468,0.9406896551724138,False,True,True,mixed,0.87889667388925,0.9254109144197363,0.8368345757095345,60049,1,0,0,0.0,0,0,0.0,0,0.0,0,0.9541501485974108,0.9807383627608347,0.9289655172413793,False,False,False,clean
20160402_151054_1_721,missed_crack_high_fn,0.0685595567867036,2888,False,False,False,1,0.023947998631461,0.9999999997142855,0.0121191135733652,35,1,0,0,0,0,0.0,0,0,0.0,0,0.0,0,0.0,1.0,0.0,clean,0.0365853658535346,0.8437499998681641,0.0186980609417635,64,2,1,1,0,0,0.0,0,0,0.0,1,0.5,10,0.0,0.7,0.0,island,0.2777167947303026,0.6693121693033159,0.1752077562320803,756,15,14,14,0,0,0.0,1,1,1.0,13,0.8666666666666667,250,0.2408693027467552,0.3725490196078431,0.1779661016949152,mixed,0.0,0.0,0.0,0,0,-1,1,0,0,0.0,0,0,0.0,0,0.0,0,0.0,0.0,0.0,clean,0.0578345662405587,0.999999999883721,0.0297783933516974,86,1,0,0,0.0,0,0,0.0,0,0.0,0,0.0168067226890756,1.0,0.0084745762711864,False,False,False,clean,0.6673560841077778,0.664378860670335,0.6703601108010029,2914,1,0,0,0.0,0,0,0.0,0,0.0,0,0.5639386189258312,0.5975609756097561,0.5338983050847458,False,False,False,clean,0.41304826978088377,0.5682231655514359,0.324445983378378,1649,3,0,0,0.0,1,1,1.0,1,0.3333333333333333,53,0.27334851936218685,0.4166666666666667,0.2033898305084746,False,True,True,mixed
20160402_151054_641_361,high_quality,0.0688688337860334,11413,False,False,False,1,0.9077209386769064,0.941702768882142,0.8761061946894978,10618,2,1,1,0,0,0.0,1,1,1.0,0,0.0,0,0.9427782888684454,0.9545454545454546,0.931297709923664,fragment,0.9131687984142888,0.9394866092105092,0.8882852887050834,10791,2,1,1,0,0,0.0,1,1,1.0,0,0.0,0,0.942678665002884,0.9413407821229052,0.9440203562340967,fragment,0.9108955357940758,0.9343960195329084,0.8885481468493046,10853,4,3,3,0,0,0.0,1,1,1.0,2,0.5,2,0.9400565654227578,0.962566844919786,0.9185750636132316,mixed,0.9051320514564728,0.9404874362356505,0.8723385612889929,10586,2,1,1,0,0,0.0,1,1,1.0,0,0.0,0,0.9287979244739116,0.9473684210526316,0.910941475826972,fragment,0.9138067234262643,0.9154136991111268,0.9122053798292192,11373,1,0,0,0.0,0,0,0.0,0,0.0,0,0.953141416263921,0.9446064139941692,0.9618320610687024,False,False,False,clean,0.9011883294026444,0.9540826316810708,0.8538508718120968,10214,2,0,0,0.0,1,1,1.0,0,0.0,0,0.916434511755091,0.9678217821782178,0.8702290076335878,False,True,False,fragment,0.9165637678598886,0.9226671401927349,0.9105406115824843,11263,2,0,0,0.0,1,1,1.0,0,0.0,0,0.9400609437142454,0.9386503067484663,0.9414758269720102,False,True,False,fragment
20160402_151054_641_721,high_quality,0.0571288409222673,22423,False,False,False,1,0.9420436989624936,0.9324944291515128,0.951790572179926,22887,1,0,0,0,0,0.0,0,0,0.0,0,0.0,0,0.9922600619195046,1.0,0.9846390168970814,clean,0.944173323120485,0.9269508422134208,0.962047897247932,23272,1,0,0,0,0,0.0,0,0,0.0,0,0.0,0,0.9903026162316538,0.996031746031746,0.9846390168970814,clean,0.9384344766928456,0.9255323762844578,0.9517013780489,23057,2,1,1,0,0,0.0,1,1,1.0,0,0.0,0,0.9756882901363326,0.985358711566618,0.9662058371735792,fragment,0.94636235210998,0.936890870153867,0.9560272934036677,22881,1,0,0,0,0,0.0,0,0,0.0,0,0.0,0,0.99147947327653,1.0,0.9831029185867896,clean,0.9376798522525152,0.9042786729068863,0.97364313428133,24143,1,0,0,0.0,0,0,0.0,0,0.0,0,0.9930394431554525,1.0,0.9861751152073732,False,False,False,clean,0.9457526678100684,0.9448896011391804,0.94661731258041,22464,2,0,0,0.0,0,0,0.0,1,0.5,1,0.9866366213832528,0.994915254237288,0.978494623655914,False,False,True,island,0.9422815313854285,0.9133874748824039,0.9730633724296601,23888,1,0,0,0.0,0,0,0.0,0,0.0,0,0.9906976744186046,1.0,0.9815668202764977,False,False,False,clean
20160405_171348_1281_361,boundary_margin_error,0.0868240670220868,1313,False,False,True,1,0.8114956736686914,0.6827873114889091,0.999999999992384,1923,2,1,1,0,0,0.0,0,0,0.0,1,0.5,77,0.850828729281768,0.7403846153846154,1.0,island,0.5988106129903962,0.4279176201359009,0.996953541500404,3059,4,3,3,0,0,0.0,0,0,0.0,3,0.75,1281,0.5895522388059702,0.4179894179894179,1.0,island,0.7929782082300455,0.6579608237033754,0.997715156123399,1991,4,3,3,0,0,0.0,0,0,0.0,3,0.75,275,0.7363636363636364,0.5827338129496403,1.0,island,0.6285303973177871,0.4582897033142817,0.999999999992384,2865,4,3,3,0,0,0.0,0,0,0.0,3,0.75,179,0.6271186440677966,0.4567901234567901,1.0,island,0.8045343137230253,0.6729882111703076,0.999999999992384,1951,1,0,0,0.0,0,0,0.0,0,0.0,0,0.9382716049382716,0.8837209302325582,1.0,False,False,False,clean,0.7369327972408475,0.5915168280286237,0.9771515613025352,2169,7,0,0,0.0,0,0,0.0,6,0.8571428571428571,496,0.6201550387596899,0.4545454545454545,0.975609756097561,False,False,True,island,0.6292834890950653,0.4590909090893039,0.999999999992384,2860,5,0,0,0.0,0,0,0.0,4,0.8,894,0.5968992248062015,0.425414364640884,1.0,False,False,True,island
20160405_171348_1281_721,high_quality,0.0557077257713687,37239,False,False,False,2,0.8773986632167856,0.8806026670992235,0.8742178898464315,36969,1,-1,1,0,0,0.0,0,0,0.0,0,0.0,0,0.9523809523809524,1.0,0.9090909090909092,clean,0.8817782120174734,0.8458085678346497,0.9209430972902278,40547,1,-1,1,0,0,0.0,0,0,0.0,0,0.0,0,0.9595015412315638,0.983375959079284,0.9367588932806324,clean,0.8804219784821234,0.8587952914738762,0.903166035607588,39163,2,0,0,0,0,0.0,0,0,0.0,1,0.5,1,0.9062282320668136,0.8846787479406919,0.9288537549407114,island,0.8819501860271701,0.8497846598120816,0.9166465264907984,40169,2,0,0,0,0,0.0,1,1,0.5,0,0.0,0,0.9441943196752892,0.9558638083228248,0.932806324110672,fragment,0.8858638474762149,0.8481684396725431,0.9270657106794148,40703,1,0,0,0.0,0,0,0.0,0,0.0,0,0.9631955134594218,0.9856957087126138,0.941699604743083,False,False,False,clean,0.8793489371060721,0.8484893882644574,0.9125379306638436,40050,1,0,0,0.0,0,0,0.0,0,0.0,0,0.8831191185279423,0.836076817558299,0.9357707509881424,False,False,False,clean,0.874299820804141,0.8196278370375407,0.9367867021131243,42562,1,0,0,0.0,0,0,0.0,0,0.0,0,0.9518666253582218,0.9664179104477612,0.9377470355731226,False,False,False,clean
20160405_171348_1921_721,boundary_margin_error,0.069974616811481,40972,False,False,True,4,0.8312282030850937,0.8941186388285346,0.7766035341206735,35587,2,-2,2,0,0,0.0,1,1,0.25,0,0.0,0,0.7814761314508226,0.9866989117291416,0.6469230769230769,fragment,0.8182108340673309,0.8578235845266076,0.7820950893291072,37355,4,0,0,1,3,0.75,1,3,0.25,0,0.0,0,0.7734430800596105,0.958103638368247,0.6484615384615384,mixed,0.8290087855031741,0.8707320349225331,0.7911012398709385,37225,1,-3,3,1,2,0.5,0,0,0.0,0,0.0,0,0.7737445019092271,0.9169435215946844,0.6692307692307692,merge,0.8346358792183666,0.869081589515729,0.8028165576489303,37848,2,-2,2,1,3,0.75,1,1,0.25,0,0.0,0,0.7942347931821209,0.970183486238532,0.6723076923076923,mixed,0.8275659374360014,0.8684958695416618,0.790320218685739,37284,3,1,2,0.5,1,2,0.25,0,0.0,0,0.7886258760406418,0.9744835965978128,0.6623076923076923,True,True,False,mixed,0.8366896621689108,0.8707897793261349,0.8051596212045287,37884,2,1,3,0.75,0,0,0.0,1,0.5,1,0.7750752787051652,0.9120956399437412,0.6738461538461539,True,False,True,mixed,0.8380583392317255,0.8530475010741834,0.8235868397928284,39557,3,1,2,0.5,1,1,0.25,0,0.0,0,0.817556395891476,0.9886934673366834,0.696923076923077,True,True,False,mixed
20160405_171348_1_721,complex_topology,0.0926342875522676,43526,False,False,False,5,0.744398381206107,0.8039550130587911,0.6930570233881604,37522,3,-2,2,0,0,0.0,1,1,0.2,0,0.0,0,0.7379487796888256,0.9138276553106212,0.6188436830835118,fragment,0.7382446789858529,0.7513739858673952,0.7255663281715009,42031,4,-1,1,0,0,0.0,2,2,0.4,0,0.0,0,0.7381346998065318,0.8804232804232804,0.6354389721627409,fragment,0.751497005987934,0.7848851753637903,0.7208335247896153,39974,5,0,0,0,0,0.0,2,2,0.4,1,0.2,1,0.6922726640756242,0.7618097139055223,0.6343683083511777,mixed,0.7488519212745139,0.7639957928955482,0.7342967421769209,41834,6,1,1,0,0,0.0,1,4,0.2,0,0.0,0,0.7566255744260743,0.9258098223615464,0.6397216274089935,fragment,0.7244702290075451,0.773370883204054,0.6813858383493357,38349,2,0,0,0.0,1,1,0.2,0,0.0,0,0.6930916268439642,0.8915094339622641,0.566916488222698,False,True,False,fragment,0.7572139998137442,0.767103588099211,0.7475761613746388,42418,10,0,0,0.0,1,4,0.2,4,0.4,4,0.7143454336113112,0.7551430005017562,0.6777301927194861,False,True,True,mixed,0.7471917291048676,0.7556803496320977,0.7388916969166157,42559,3,0,0,0.0,1,1,0.2,0,0.0,0,0.766650874388917,0.8842504743833017,0.6766595289079229,False,True,False,fragment
20160405_171348_641_721,boundary_margin_error,0.0674327354260089,35680,False,False,True,3,0.835326507786166,0.855217570027349,0.816339686098426,34058,2,-1,1,0,0,0.0,0,0,0.0,0,0.0,0,0.918798282331292,0.9649595687331536,0.8768518518518519,clean,0.8314979757083898,0.8018479958352936,0.8634248878921348,38420,2,-1,1,0,0,0.0,0,0,0.0,0,0.0,0,0.9325775527401848,0.94316807738815,0.9222222222222224,clean,0.8343850125220945,0.8330679183078163,0.8357062780266716,35793,5,2,2,0,0,0.0,0,0,0.0,3,0.6,3,0.8801684484941156,0.8698441796516957,0.8907407407407407,island,0.8425260009515543,0.8181122112209062,0.8684417040356311,37875,3,0,0,0,0,0.0,0,0,0.0,1,0.3333333333333333,19,0.938394701753872,0.9492574257425742,0.9277777777777778,island,0.8234786961841107,0.8172057849412627,0.8298486547082876,36232,1,0,0,0.0,0,0,0.0,0,0.0,0,0.9025452015382156,0.9561527581329562,0.8546296296296296,False,False,False,clean,0.8422303928343181,0.8309060164728003,0.853867713004245,36666,4,0,0,0.0,1,1,0.3333333333333333,1,0.25,1,0.8856009402731102,0.8665067945643485,0.9055555555555556,False,True,True,mixed,0.8304033232422207,0.8052286549243596,0.8572029147979661,37983,2,0,0,0.0,0,0,0.0,0,0.0,0,0.9195359531128915,0.9502551020408163,0.8907407407407407,False,False,False,clean
20160407_163130_1281_721,high_quality,0.1013013289189313,21747,False,False,False,2,0.8876859278386712,0.9649103865250674,0.8219064698575335,18524,1,-1,1,0,0,0.0,0,0,0.0,0,0.0,0,0.942072734758402,0.9958041958041958,0.8938428874734607,clean,0.8953193167531254,0.9648321291962576,0.8351496758169701,18824,1,-1,1,0,0,0.0,0,0,0.0,0,0.0,0,0.94253847923756,0.991616766467066,0.8980891719745223,clean,0.8768241965971325,0.9702141900931668,0.7998344599251391,17928,1,-1,1,0,0,0.0,0,0,0.0,0,0.0,0,0.9235407483733088,0.9767911200807264,0.8757961783439491,clean,0.8940915258416445,0.964498616137447,0.8332643583019114,18788,1,-1,1,0,0,0.0,0,0,0.0,0,0.0,0,0.9439579993305264,0.9947643979057592,0.8980891719745223,clean,0.9049994034122648,0.9406687171341696,0.8719363590376272,20158,1,0,0,0.0,0,0,0.0,0,0.0,0,0.946098120786114,0.9930362116991645,0.9033970276008492,False,False,False,clean,0.8884128723720015,0.969186457257231,0.8200671356965006,18401,2,0,0,0.0,0,0,0.0,1,0.5,1,0.939430851517111,0.9822222222222222,0.9002123142250531,False,False,True,island,0.8988516980207919,0.9589219621534906,0.8458637973049865,19183,1,0,0,0.0,0,0,0.0,0,0.0,0,0.9463087248322147,1.0,0.8980891719745223,False,False,False,clean
20160407_163130_1921_721,high_quality,0.1056292979369902,18759,False,False,False,1,0.8845294407844441,0.9707006369420568,0.8124100431788408,15700,1,0,0,0,0,0.0,0,0,0.0,0,0.0,0,0.9859792219124294,0.9932614555256064,0.9788029925187032,clean,0.8872476612503586,0.9713977676300284,0.8165147395912273,15768,1,0,0,0,0,0.0,0,0,0.0,0,0.0,0,0.9770607095536548,0.9841479524438572,0.970074812967581,clean,0.874797990185739,0.9745973549816848,0.7935391012309859,15274,1,0,0,0,0,0.0,0,0,0.0,0,0.0,0,0.9626761461455078,0.9876847290640394,0.9389027431421446,clean,0.8992832252030204,0.959668641915008,0.8460472306621643,16538,1,0,0,0,0,0.0,0,0,0.0,0,0.0,0,0.9858698635420236,0.9943262411347518,0.9775561097256856,clean,0.912238706265229,0.9545083876974868,0.8735540273997155,17168,1,0,0,0.0,0,0,0.0,0,0.0,0,0.9824815404661936,0.9887323943661972,0.9763092269326684,False,False,False,clean,0.859973146352123,0.9766196801294548,0.7682179220636663,14756,1,0,0,0.0,0,0,0.0,0,0.0,0,0.9613066763983548,0.9974619289340102,0.9276807980049876,False,False,False,clean,0.9000056589890499,0.959054453355268,0.8478063862674727,16583,1,0,0,0.0,0,0,0.0,0,0.0,0,0.9697623536407123,0.9875346260387812,0.9526184538653366,False,False,False,clean
20160407_163130_1_361,boundary_margin_error,0.1367403314917127,2534,False,False,True,2,0.8041071069039579,0.820797369499298,0.7880820836590842,2433,3,1,1,0,0,0.0,0,0,0.0,2,0.6666666666666666,174,0.8291654112684543,0.7962962962962963,0.8648648648648649,island,0.72035398229961,0.6530808729118964,0.8030781373291118,3116,4,2,2,0,0,0.0,0,0,0.0,3,0.75,783,0.6958314775407862,0.5796460176991151,0.8702702702702703,island,0.7571587950897041,0.7158931082956544,0.8034727703204283,2844,5,3,3,0,0,0.0,0,0,0.0,4,0.8,482,0.7797653714951327,0.6926829268292682,0.8918918918918919,island,0.7948929159785937,0.8311800172229493,0.7616416732408775,2322,3,1,1,0,0,0.0,0,0,0.0,2,0.6666666666666666,145,0.8342201872705524,0.8152866242038217,0.8540540540540541,island,0.6862934362923322,0.579304725690985,0.8417521704781304,3682,3,0,0,0.0,0,0,0.0,1,0.3333333333333333,363,0.7012555109761864,0.5690376569037657,0.9135135135135136,False,False,True,island,0.7603206412810415,0.7723941368046727,0.7486187845274325,2456,4,0,0,0.0,0,0,0.0,3,0.75,304,0.7982033159389655,0.7450980392156863,0.8594594594594595,False,False,True,island,0.7063451342556758,0.6233021430708624,0.8149171270686073,3313,4,0,0,0.0,0,0,0.0,3,0.75,943,0.7203559898787191,0.6172248803827751,0.8648648648648649,False,False,True,island
20160407_163130_1_721,boundary_margin_error,0.1056799866614794,17993,False,False,True,4,0.8437972082902763,0.9244620986422214,0.7760795865054321,15105,2,-2,2,1,2,0.5,0,0,0.0,0,0.0,0,0.906878603136912,0.9503875968992248,0.867178924259056,merge,0.860563212927501,0.924318805436204,0.8050352915018034,15671,2,-2,2,1,2,0.5,0,0,0.0,0,0.0,0,0.9144765892549672,0.9500756429652042,0.8814489571899012,merge,0.8286715436156548,0.9270339041325032,0.7491802367583231,14541,3,-1,1,1,2,0.5,1,1,0.25,0,0.0,0,0.8975043641475275,0.948377581120944,0.8518111964873765,mixed,0.8395196506547673,0.9238470266295642,0.7692991718997558,14983,2,-2,2,1,2,0.5,0,0,0.0,0,0.0,0,0.9061549451668014,0.9514415781487102,0.8649835345773875,merge,0.87022242657599,0.9009818506391544,0.8414939142995378,16805,2,1,2,0.5,0,0,0.0,0,0.0,0,0.9186667559880878,0.9489795918367347,0.8902305159165752,True,False,False,merge,0.8454120929101688,0.9302635969296428,0.7747457344518563,14985,2,1,2,0.5,0,0,0.0,0,0.0,0,0.911450937066329,0.9551569506726456,0.8715697036223929,True,False,False,merge,0.855031437170102,0.9216882950013351,0.7973656421937434,15566,2,1,2,0.5,0,0,0.0,0,0.0,0,0.9113436647786332,0.9522998296422487,0.8737650933040615,True,False,False,merge
20160407_163130_641_721,high_quality,0.0912201480378008,21481,False,False,False,1,0.8732991694643493,0.9539488197656332,0.8052232205200851,18132,2,1,1,0,0,0.0,1,1,1.0,0,0.0,0,0.9788012912243336,0.994186046511628,0.9638854296388544,fragment,0.8851596743892586,0.9580351333761884,0.8225874028207147,18444,1,0,0,0,0,0.0,0,0,0.0,0,0.0,0,0.9795130055950187,0.9969879518072288,0.962640099626401,clean,0.8583081648982013,0.9633213582101268,0.7739397607184144,17258,2,1,1,0,0,0.0,1,1,1.0,0,0.0,0,0.9496887646546484,0.9911209766925638,0.9115815691158156,fragment,0.8779560489694377,0.9636657022028912,0.8062473814064492,17972,1,0,0,0,0,0.0,0,0,0.0,0,0.0,0,0.9769122903651868,0.9969558599695586,0.9576587795765878,clean,0.8908841806525197,0.9388439127515398,0.8475862390015141,19393,1,0,0,0.0,0,0,0.0,0,0.0,0,0.9833795380286374,0.9970149253731344,0.9701120797011208,False,False,False,clean,0.8619242552970157,0.9642281105985228,0.7792467762204836,17360,1,0,0,0.0,0,0,0.0,0,0.0,0,0.9622658771345916,0.9853658536585366,0.9402241594022416,False,False,False,clean,0.8796661835988008,0.949409416967289,0.81946836739406,18541,1,0,0,0.0,0,0,0.0,0,0.0,0,0.9821647694385491,0.9984779299847792,0.9663760896637609,False,False,False,clean
20160407_163257_1281_1,high_quality,0.0945188687505472,11421,False,False,False,2,0.882009483129871,0.7982692580502211,0.9853778128001178,14098,1,-1,1,1,2,1.0,0,0,0.0,0,0.0,0,0.9957203994293866,0.9914772727272728,1.0,merge,0.8935338465830732,0.8206330597883787,0.9806496804124152,13648,2,0,0,1,2,1.0,0,0,0.0,1,0.5,22,0.9828949279622624,0.9712793733681462,0.9947916666666666,mixed,0.8821364241518983,0.7979032372311412,0.9862533928719146,14117,3,1,1,1,2,1.0,0,0,0.0,2,0.6666666666666666,2,0.9726969100576834,0.9491916859122402,0.9973958333333334,mixed,0.903171076549827,0.8383830808453289,0.9788109622616418,13334,1,-1,1,1,2,1.0,0,0,0.0,0,0.0,0,0.9945461515649072,0.9917127071823204,0.9973958333333334,merge,0.8831015326421799,0.8027936962744965,0.9812625864626728,13960,1,1,2,1.0,0,0,0.0,0,0.0,0,0.9931241441598928,0.9888888888888888,0.9973958333333334,True,False,False,merge,0.8995665032609895,0.837128638213816,0.9720689957088064,13262,1,1,2,1.0,0,0,0.0,0,0.0,0,0.965347240936544,0.9352941176470588,0.9973958333333334,True,False,False,merge,0.8820259902924369,0.7975507892682115,0.9865160668934536,14127,1,1,2,1.0,0,0,0.0,0,0.0,0,0.9944759102611254,0.9915730337078652,0.9973958333333334,True,False,False,merge
20160407_163257_1281_361,high_quality,0.1179355783308931,13660,False,False,False,1,0.8982833362230281,0.8534431630966369,0.9480966325029662,15175,1,0,0,0,0,0.0,0,0,0.0,0,0.0,0,0.9518204584022326,0.919561243144424,0.986425339366516,clean,0.9030074663314134,0.862618317557084,0.9473645680812977,15002,1,0,0,0,0,0.0,0,0,0.0,0,0.0,0,0.9518422117784624,0.9182948490230906,0.9879336349924586,clean,0.8966814082247809,0.855084014079262,0.942532942898285,15057,1,0,0,0,0,0.0,0,0,0.0,0,0.0,0,0.9355988546867596,0.8885298869143781,0.9879336349924586,clean,0.8993208709651686,0.8617335301215203,0.9403367496332794,14906,1,0,0,0,0,0.0,0,0,0.0,0,0.0,0,0.9524430231615048,0.9194139194139194,0.9879336349924586,clean,0.8934456992729559,0.8366668796722878,0.95849194729066,15649,1,0,0,0.0,0,0,0.0,0,0.0,0,0.9514593508487328,0.9175824175824177,0.9879336349924586,False,False,False,clean,0.89851150202945,0.8747746498399148,0.923572474377069,14422,1,0,0,0.0,0,0,0.0,0,0.0,0,0.9439283317566964,0.9087837837837838,0.9819004524886876,False,False,False,clean,0.8947801068636475,0.8407569515957513,0.9562225475834873,15536,1,0,0,0.0,0,0,0.0,0,0.0,0,0.9507593068957862,0.9175824175824175,0.9864253393665159,False,False,False,clean
20160407_163257_1281_721,high_quality,0.1404782237403928,7026,False,False,False,1,0.8794215637620476,0.8760062138103715,0.8828636493013339,7081,1,0,0,0,0,0.0,0,0,0.0,0,0.0,0,0.9859154929577464,0.9722222222222222,1.0,clean,0.8839354342807043,0.86822237474143,0.900227725589382,7285,1,0,0,0,0,0.0,0,0,0.0,0,0.0,0,0.9821295521498412,0.967479674796748,0.997229916897507,clean,0.8692103944442199,0.8744058764210364,0.8640762880716424,6943,2,1,1,0,0,0.0,0,0,0.0,1,0.5,1,0.9876203576341128,0.9755434782608696,1.0,island,0.8713764225890263,0.8764578833680685,0.8663535439782717,6945,1,0,0,0,0,0.0,0,0,0.0,0,0.0,0,0.9858356940509916,0.9720670391061452,1.0,clean,0.8749999999994094,0.8320924261863516,0.9225732991731816,7790,1,0,0,0.0,0,0,0.0,0,0.0,0,0.9915730337078652,0.9832869080779943,1.0,False,False,False,clean,0.8658323632124084,0.8856802619814146,0.8468545402777585,6718,2,0,0,0.0,0,0,0.0,1,0.5,1,0.984869325997249,0.9701897018970188,1.0,False,False,True,island,0.8780253025296493,0.8492950252715492,0.9087674352392417,7518,1,0,0,0.0,0,0,0.0,0,0.0,0,0.9943181818181819,0.9887005649717514,1.0,False,False,False,clean
20160407_163257_1921_1081,boundary_margin_error,0.1805738786279683,6064,False,False,True,3,0.8109252902937187,0.7277493773748489,0.91556728232039,7629,1,-2,2,1,3,1.0,0,0,0.0,0,0.0,0,0.9173948731359004,0.8769633507853403,0.9617346938775512,merge,0.8065927654603219,0.72306485355554,0.911939313982665,7648,1,-2,2,1,3,1.0,0,0,0.0,0,0.0,0,0.9279114858733034,0.8753056234718827,0.9872448979591836,merge,0.8143016759770471,0.7425621518805291,0.90138522427292,7361,3,0,0,1,3,1.0,1,1,0.3333333333333333,1,0.3333333333333333,1,0.9073735786929388,0.8548009367681498,0.9668367346938777,mixed,0.7890119372926873,0.6995664371324922,0.9046833773072152,7842,1,-2,2,1,3,1.0,0,0,0.0,0,0.0,0,0.9081699842982324,0.844559585492228,0.9821428571428572,merge,0.7853417703909427,0.6789707827333425,0.9312335092332928,8317,1,1,3,1.0,0,0,0.0,0,0.0,0,0.9142680558008124,0.8650793650793651,0.9693877551020408,True,False,False,merge,0.8140498982431491,0.7496876301530617,0.8905013192597452,7203,1,1,3,1.0,0,0,0.0,0,0.0,0,0.9243805258565406,0.8854961832061069,0.9668367346938777,True,False,False,merge,0.7974587390368085,0.6859926339542758,0.9521767810010683,8417,1,1,3,1.0,0,0,0.0,0,0.0,0,0.9230409971248011,0.8647214854111406,0.9897959183673469,True,False,False,merge
20160407_163257_1921_721,high_quality,0.1550045634317006,6574,False,False,False,1,0.8712841854928126,0.8517872711408722,0.8916945543034809,6882,1,0,0,0,0,0.0,0,0,0.0,0,0.0,0,0.9959404600811907,0.9919137466307276,1.0,clean,0.8745808182421383,0.8572680788884481,0.8926072406436072,6845,1,0,0,0,0,0.0,0,0,0.0,0,0.0,0,0.9906211134684324,0.986737400530504,0.994535519125683,clean,0.8700910855600491,0.8543988269782193,0.8863705506527436,6820,2,1,1,0,0,0.0,0,0,0.0,1,0.5,1,0.9934640522875816,0.987012987012987,1.0,island,0.8635269334931812,0.8542721047918216,0.8729844843308899,6718,1,0,0,0,0,0.0,0,0,0.0,0,0.0,0,0.993270524899058,0.9866310160427808,1.0,clean,0.8640693871741333,0.8111318739978496,0.9243991481580096,7492,1,0,0,0.0,0,0,0.0,0,0.0,0,0.993270524899058,0.9866310160427808,1.0,False,False,False,clean,0.8689478057248515,0.8630157539371898,0.8749619714011637,6665,2,0,0,0.0,0,0,0.0,1,0.5,1,0.9919388898070108,0.9866666666666668,0.9972677595628416,False,False,True,island,0.8739117817753381,0.8353675450751243,0.9161849710968722,7210,1,0,0,0.0,0,0,0.0,0,0.0,0,0.9986468200270636,0.9972972972972973,1.0,False,False,False,clean
20160407_163257_1_1,high_quality,0.1436537440254912,11298,False,False,False,1,0.885980049665017,0.8446352620168167,0.9315808107621424,12461,1,0,0,0,0,0.0,0,0,0.0,0,0.0,0,0.9661886369735936,0.9504249291784702,0.982484076433121,clean,0.8919618239656874,0.8563981428680814,0.9306071871119396,12277,1,0,0,0,0,0.0,0,0,0.0,0,0.0,0,0.9693288794412388,0.9418960244648318,0.998407643312102,clean,0.8795360538992454,0.8485970542245959,0.9128164276855082,12153,1,0,0,0,0,0.0,0,0,0.0,0,0.0,0,0.9698838396379992,0.96218487394958,0.9777070063694268,clean,0.8887206661616247,0.8466346153839369,0.9352097716401706,12480,1,0,0,0,0,0.0,0,0,0.0,0,0.0,0,0.9740062891658936,0.9507692307692308,0.998407643312102,clean,0.8794527202068979,0.8103088169470309,0.9614976101956438,13406,1,0,0,0.0,0,0,0.0,0,0.0,0,0.9690564904410178,0.9485714285714286,0.9904458598726116,False,False,False,clean,0.8860574860571059,0.859723609722894,0.9140555850584934,12012,2,0,0,0.0,0,0,0.0,1,0.5,1,0.9695919373975176,0.9423929098966026,0.998407643312102,False,False,True,island,0.8861884761240932,0.8216257088840667,0.9617631439184264,13225,2,0,0,0.0,0,0,0.0,1,0.5,63,0.9764150943396226,0.9539170506912442,1.0,False,False,True,island
20160407_163257_641_361,high_quality,0.170530628560008,10007,False,False,False,2,0.8629295450178235,0.8301782251354416,0.8983711402009609,10829,1,-1,1,1,2,1.0,0,0,0.0,0,0.0,0,0.9955332696737522,0.9969183359013868,0.9941520467836256,merge,0.8652646845536063,0.8380782918141617,0.8942740081933703,10678,1,-1,1,1,2,1.0,0,0,0.0,0,0.0,0,0.9940912334441409,0.9911242603550297,0.9970760233918128,merge,0.8589706309969667,0.8339136162596839,0.885580093933361,10627,2,0,0,1,2,1.0,0,0,0.0,1,0.5,1,0.9940732936024498,0.9925373134328358,0.9956140350877192,mixed,0.8635108290126151,0.8381301730616646,0.8904766663326765,10632,1,-1,1,1,2,1.0,0,0,0.0,0,0.0,0,0.9940502943702524,0.9939485627836612,0.9941520467836256,merge,0.8546291653367121,0.7857502095550831,0.9367442790037606,11930,1,1,2,1.0,0,0,0.0,0,0.0,0,0.9954775058405828,0.9924357034795764,0.9985380116959064,True,False,False,merge,0.8578844905900974,0.8570716138032544,0.8586989107616081,10026,1,1,2,1.0,0,0,0.0,0,0.0,0,0.9940108133442694,0.992412746585736,0.9956140350877192,True,False,False,merge,0.8608061986897607,0.7993147751599149,0.9325472169472043,11675,1,1,2,1.0,0,0,0.0,0,0.0,0,0.9947389197278245,0.992412746585736,0.9970760233918129,True,False,False,merge
20160407_165001_1281_1081,thin_low_area_failure,0.2437764830508474,3776,True,True,False,2,0.5489062499995712,0.389295212765526,0.9303495762687226,9024,3,1,1,1,2,1.0,0,0,0.0,2,0.6666666666666666,1581,0.6336663593355603,0.4955555555555556,0.8785046728971962,mixed,0.5096872505619986,0.351024487755771,0.9300847457602488,10005,3,1,1,1,2,1.0,0,0,0.0,2,0.6666666666666666,1743,0.5562864048817212,0.40973630831643,0.8660436137071651,mixed,0.5977663230235414,0.442395727364646,0.9213453389806108,7864,3,1,1,1,2,1.0,0,0,0.0,2,0.6666666666666666,1440,0.6896171448526844,0.5702127659574469,0.8722741433021807,mixed,0.4882796435911663,0.3293878305896713,0.9433262711839424,10814,3,1,1,1,2,1.0,0,0,0.0,2,0.6666666666666666,2237,0.5803710674912611,0.4318181818181818,0.8847352024922118,mixed,0.4614988742357919,0.3047837539295566,0.9499470338957894,11769,2,1,2,1.0,0,0,0.0,1,0.5,2200,0.559280640558915,0.4109014675052411,0.8753894080996885,True,False,True,mixed,0.5760726072602508,0.4183844678806107,0.9245233050822974,8344,2,1,2,1.0,0,0,0.0,1,0.5,1147,0.6605558246438135,0.5338809034907598,0.8660436137071651,True,False,True,mixed,0.45280644349329674,0.296962693958157,0.952860169489002,12116,2,1,2,1.0,0,0,0.0,1,0.5,1981,0.5649226098283979,0.41702127659574467,0.8753894080996885,True,False,True,mixed
20160407_165001_1281_361,boundary_margin_error,0.1006446414182111,12410,False,False,True,2,0.7926381287949649,0.74102887580548,0.851974214342585,14268,2,0,0,0,0,0.0,0,0,0.0,0,0.0,0,0.9107063561778777,0.8856015779092702,0.9372759856630823,clean,0.7864702834724349,0.7272105119075231,0.8562449637382302,14612,2,0,0,0,0,0.0,0,0,0.0,0,0.0,0,0.9224016064839315,0.8841121495327103,0.96415770609319,clean,0.7703981968441884,0.7216045038700059,0.8262691377914373,14210,2,0,0,0,0,0.0,0,0,0.0,0,0.0,0,0.8779653750699163,0.837171052631579,0.9229390681003584,clean,0.7700530816865342,0.7096752276119651,0.8416599516512153,14718,2,0,0,0,0,0.0,0,0,0.0,0,0.0,0,0.8893423481529258,0.8431734317343174,0.9408602150537636,clean,0.7920597622134493,0.7012357945720045,0.9099113618042628,16103,2,0,0,0.0,0,0,0.0,0,0.0,0,0.9407604140511444,0.9089219330855018,0.974910394265233,False,False,False,clean,0.7450589234915419,0.6879050412711045,0.812570507654462,14659,5,0,0,0.0,1,3,0.5,0,0.0,0,0.8312359767236415,0.7597560975609756,0.9175627240143368,False,True,False,fragment,0.7846463169435991,0.7180996988954713,0.8647864625295206,14945,2,0,0,0.0,0,0,0.0,0,0.0,0,0.8970652057512273,0.8662900188323918,0.9301075268817204,False,False,False,clean
20160407_165001_1281_721,boundary_margin_error,0.109881867616726,5333,False,False,True,1,0.8039942351237348,0.8913490070739755,0.7322332645776631,4381,1,0,0,0,0,0.0,0,0,0.0,0,0.0,0,0.9441233140655104,1.0,0.8941605839416058,clean,0.7711605139702516,0.8452939861371668,0.7089818113618808,4473,1,0,0,0,0,0.0,0,0,0.0,0,0.0,0,0.9125531732663372,0.9357142857142856,0.8905109489051095,clean,0.7737241895787164,0.9008470353739392,0.6780423776473317,4014,2,1,1,0,0,0.0,0,0,0.0,1,0.5,1,0.8746554805100403,0.9452554744525548,0.8138686131386861,island,0.8029950419904857,0.8720879120859955,0.7440465029050365,4550,1,0,0,0,0,0.0,0,0,0.0,0,0.0,0,0.9609115366355436,0.9583333333333334,0.9635036496350364,clean,0.788387479015712,0.8327075511038117,0.7485467841726072,4794,1,0,0,0.0,0,0,0.0,0,0.0,0,0.9211772263329449,0.9759036144578314,0.8722627737226277,False,False,False,clean,0.7565178965966012,0.9206776015033056,0.6420401275067653,3719,2,0,0,0.0,0,0,0.0,1,0.5,1,0.8638134961758837,0.9835390946502056,0.7700729927007299,False,False,True,island,0.7928075194107143,0.8709315375962493,0.7275454715906102,4455,1,0,0,0.0,0,0,0.0,0,0.0,0,0.8995983935742973,1.0,0.8175182481751825,False,False,False,clean
20160407_165001_1921_361,moderate_general_error,0.1440832249674902,3845,False,False,False,1,0.6390317052263934,0.54325259515472,0.7758127438211292,5491,1,0,0,0,0,0.0,0,0,0.0,0,0.0,0,0.6399598771236913,0.5658536585365853,0.7364016736401674,clean,0.6174718729311521,0.5361041945977091,0.7279583875143616,5221,1,0,0,0,0,0.0,0,0,0.0,0,0.0,0,0.6199307112288569,0.5518867924528302,0.7071129707112971,clean,0.645362973253855,0.5815943238719082,0.7248374512334855,4792,1,0,0,0,0,0.0,0,0,0.0,0,0.0,0,0.6648306517852829,0.6177606177606177,0.7196652719665272,clean,0.6319753509065024,0.5630337535572122,0.7201560468121713,4918,1,0,0,0,0,0.0,0,0,0.0,0,0.0,0,0.6286456412640895,0.5658536585365853,0.7071129707112971,clean,0.6516290726809941,0.5607651912967728,0.7776332899849737,5332,1,0,0,0.0,0,0,0.0,0,0.0,0,0.6675314219260187,0.5942028985507246,0.7615062761506276,False,False,False,clean,0.6389556853307695,0.5707855973801743,0.7256176853037045,4888,1,0,0,0.0,0,0,0.0,0,0.0,0,0.6610207871020334,0.5942028985507246,0.7447698744769874,False,False,False,clean,0.6321133911565134,0.5327152790149177,0.777113133938161,5609,1,0,0,0.0,0,0,0.0,0,0.0,0,0.6427815476561041,0.5728155339805825,0.7322175732217573,False,False,False,clean
20160407_165001_1921_721,moderate_general_error,0.2185314685314685,6578,True,False,False,2,0.7089290841224755,0.5696225892769496,0.9384311340818814,10837,1,-1,1,1,2,1.0,0,0,0.0,0,0.0,0,0.9036271695131128,0.861003861003861,0.95069033530572,merge,0.7149437350587633,0.5798732620821149,0.9320462146534934,10573,1,-1,1,1,2,1.0,0,0,0.0,0,0.0,0,0.9048696568612256,0.8476190476190476,0.970414201183432,merge,0.7620325982737219,0.6574390647395417,0.9062024931576372,9067,1,-1,1,1,2,1.0,0,0,0.0,0,0.0,0,0.9277697609413,0.8954372623574145,0.9625246548323472,merge,0.6942941602985697,0.5483217337674668,0.9461842505306384,11351,1,-1,1,1,2,1.0,0,0,0.0,0,0.0,0,0.8722024376482579,0.796028880866426,0.9644970414201184,merge,0.6960506218630286,0.5427939424872019,0.969899665550365,11754,1,1,2,1.0,0,0,0.0,0,0.0,0,0.9249294614097732,0.8786692759295499,0.9763313609467456,True,False,False,merge,0.7337055467892136,0.6106060606054438,0.9189723320144132,9900,2,1,2,1.0,0,0,0.0,1,0.5,1,0.8740763152688721,0.7951388888888888,0.970414201183432,True,False,True,mixed,0.683176864141209,0.5295249247235451,0.9624505928839123,11956,1,1,2,1.0,0,0,0.0,0,0.0,0,0.9117191600199563,0.8597194388777555,0.9704142011834319,True,False,False,merge
20160407_165001_1_1081,moderate_general_error,0.2593993325917686,4495,True,False,False,2,0.6269311637255444,0.5321229050271072,0.7628476084521405,6444,2,0,0,0,0,0.0,0,0,0.0,0,0.0,0,0.7742474019443514,0.7668997668997669,0.7817371937639198,clean,0.6311333461606397,0.556026445159254,0.729699666294261,5899,3,1,1,0,0,0.0,1,1,0.5,0,0.0,0,0.7492325251889168,0.7350993377483444,0.7639198218262806,fragment,0.6827232621906727,0.7356115107894768,0.6369299221342893,3892,6,4,4,0,0,0.0,1,1,0.5,3,0.5,36,0.79038329461481,0.8736559139784946,0.7216035634743875,mixed,0.6228160328873934,0.5368878865970733,0.7414905450484061,6208,2,0,0,0,0,0.0,0,0,0.0,0,0.0,0,0.7599894445910473,0.7582938388625592,0.7616926503340757,clean,0.5986135181970549,0.4902767920504041,0.7684093437135296,7045,2,0,0,0.0,0,0,0.0,0,0.0,0,0.7717422515589052,0.7641277641277642,0.779510022271715,False,False,False,clean,0.6990465507563667,0.7049773755640159,0.6932146829795479,4420,3,0,0,0.0,0,0,0.0,1,0.3333333333333333,6,0.7928156606618919,0.8346055979643766,0.755011135857461,False,False,True,island,0.600964600964054,0.5084693563281361,0.7345939933242834,6494,2,0,0,0.0,0,0,0.0,0,0.0,0,0.7689082587877997,0.7785888077858881,0.7594654788418709,False,False,False,clean
20160407_165001_1_721,high_quality,0.1097554102795311,17744,False,False,False,1,0.8659598412601831,0.9124953189358928,0.8239404869246935,16022,1,0,0,0,0,0.0,0,0,0.0,0,0.0,0,0.9669117885617404,0.979050279329609,0.9550706033376124,clean,0.8579775816835029,0.9107594936703096,0.8109783588814184,15800,1,0,0,0,0,0.0,0,0,0.0,0,0.0,0,0.9673150761201452,0.9745308310991956,0.9602053915275996,clean,0.8554625924576043,0.9256100760949058,0.7951983769156925,15244,1,0,0,0,0,0.0,0,0,0.0,0,0.0,0,0.9576040862350014,0.9588571428571429,0.9563543003851092,clean,0.856869200837816,0.9136984552528318,0.8066952209192928,15666,1,0,0,0,0,0.0,0,0,0.0,0,0.0,0,0.9689744529536964,0.9805825242718448,0.957637997432606,clean,0.8779724655817278,0.8863427521244622,0.8697587917037478,17412,1,0,0,0.0,0,0,0.0,0,0.0,0,0.9728831806049286,0.9845505617977528,0.9614890885750964,False,False,False,clean,0.8488820826949927,0.9296927411774254,0.7809963931465391,14906,1,0,0,0.0,0,0,0.0,0,0.0,0,0.963346379480019,0.9730994152046784,0.9537869062901156,False,False,False,clean,0.8695346383774266,0.9057387057381527,0.836113615869682,16380,1,0,0,0.0,0,0,0.0,0,0.0,0,0.9696574123574688,0.9806362378976486,0.9589216944801027,False,False,False,clean
20160407_165001_641_1081,false_crack_high_fp,0.2860812704343765,2141,True,False,False,2,0.4810477269859198,0.3293103448270184,0.8921064922891542,5800,1,-1,1,1,2,1.0,0,0,0.0,0,0.0,0,0.6449475427940364,0.4897959183673469,0.9439655172413792,merge,0.4532733633177745,0.309397919153489,0.8472676319437307,5863,4,2,2,1,2,1.0,0,0,0.0,3,0.75,701,0.5456614011289546,0.3866666666666666,0.9267241379310344,mixed,0.4140956280151863,0.3014048531283495,0.661373190094996,4698,5,3,3,0,0,0.0,0,0,0.0,3,0.6,2600,0.5174580207897042,0.3881748071979434,0.7758620689655172,island,0.494484594902378,0.3393665158365134,0.910789350766414,5746,1,-1,1,1,2,1.0,0,0,0.0,0,0.0,0,0.6142818638186045,0.4532967032967033,0.9525862068965516,merge,0.4319982394361443,0.2825680149700841,0.9168612797715232,6947,4,1,2,1.0,0,0,0.0,3,0.75,645,0.5607008760951189,0.3950617283950617,0.9655172413793104,True,False,True,mixed,0.4454533989148121,0.305114029025043,0.8248482017710189,5788,3,1,2,1.0,0,0,0.0,2,0.6666666666666666,1105,0.5396659997777037,0.3792372881355932,0.9353448275862069,True,False,True,mixed,0.4246349505411862,0.2838923004246829,0.8421298458624843,6351,5,0,0,0.0,0,0,0.0,3,0.6,436,0.5689325641674594,0.41952506596306066,0.8836206896551724,False,False,True,island
20160407_165001_641_361,high_quality,0.1016176659391449,15578,False,False,False,1,0.8828851629228462,0.8703842315363832,0.8957504172545283,16032,1,0,0,0,0,0.0,0,0,0.0,0,0.0,0,0.9984779299847794,1.0,0.9969604863221884,clean,0.8785881756539894,0.8674299299293872,0.8900372319932661,15984,1,0,0,0,0,0.0,0,0,0.0,0,0.0,0,0.9903060396990756,0.983739837398374,0.9969604863221884,clean,0.8785881756539894,0.8674299299293872,0.8900372319932661,15984,1,0,0,0,0,0.0,0,0,0.0,0,0.0,0,0.9892790984373688,0.9831932773109244,0.9954407294832828,clean,0.858031894204333,0.803530400672007,0.9204647579914492,17845,1,0,0,0,0,0.0,0,0,0.0,0,0.0,0,0.986356633618476,0.975975975975976,0.9969604863221884,clean,0.8790448492267322,0.8402294141740269,0.9216202336622662,17087,1,0,0,0.0,0,0,0.0,0,0.0,0,0.9992395437262356,1.0,0.9984802431610942,False,False,False,clean,0.8765045135403471,0.8564253338228246,0.8975478238535771,16326,1,0,0,0.0,0,0,0.0,0,0.0,0,0.9872093212772932,0.9776470588235294,0.9969604863221884,False,False,False,clean,0.8824487538028574,0.8464713165492326,0.9216202336622662,16961,1,0,0,0.0,0,0,0.0,0,0.0,0,0.9913770112898923,0.9858557284299858,0.9969604863221885,False,False,False,clean
20160407_165001_641_721,over_segmentation,0.1682044002838892,1409,False,False,False,2,0.5553414686350774,0.3976088289380821,0.9205110007031904,3262,4,2,2,0,0,0.0,0,0,0.0,3,0.75,923,0.3768030615248748,0.2395209580838323,0.8827586206896552,island,0.5931431311421886,0.4478638667615935,0.8779276082265585,2762,4,2,2,0,0,0.0,0,0,0.0,3,0.75,1043,0.585812356979405,0.4383561643835616,0.8827586206896552,island,0.5302406243214173,0.3817103620462493,0.8679914833153444,3204,4,2,2,0,0,0.0,0,0,0.0,3,0.75,1173,0.4639053987122337,0.3155080213903743,0.8758620689655172,island,0.6564802182792456,0.5332446808487001,0.8537970191564671,2256,3,1,1,0,0,0.0,0,0,0.0,2,0.6666666666666666,569,0.7198249665734776,0.6143790849673203,0.8689655172413793,island,0.5541198898526708,0.3949275362306916,0.9283179559905728,3312,4,0,0,0.0,0,0,0.0,3,0.75,933,0.4349784644564746,0.2885906040268456,0.8827586206896552,False,False,True,island,0.5188639253910156,0.3699002719843762,0.8687012065232882,3309,4,0,0,0.0,0,0,0.0,3,0.75,1623,0.5666630280537059,0.4204081632653061,0.8689655172413793,False,False,True,island,0.5179314444214029,0.35926333149983714,0.9276082327826288,3638,4,0,0,0.0,0,0,0.0,3,0.75,1299,0.3843019515333477,0.24561403508771928,0.8827586206896552,False,False,True,island
IMG_2931_1297_485,complex_topology,0.1668763762189367,3179,False,False,False,8,0.8096514745296887,0.7341351074699741,0.902485058191562,3908,4,-4,4,1,3,0.375,0,0,0.0,1,0.25,3,0.7998671153574044,0.7836065573770492,0.8168168168168168,mixed,0.8218181818168825,0.826128417034882,0.8175526895224362,3146,3,-5,5,1,3,0.375,0,0,0.0,0,0.0,0,0.8031450095331548,0.8106312292358804,0.7957957957957958,merge,0.8276063751998427,0.7732240437137344,0.8902170493837993,3660,6,-2,2,1,3,0.375,0,0,0.0,3,0.5,8,0.8035760160304166,0.7798165137614679,0.8288288288288288,mixed,0.8274890419523677,0.8236210657500044,0.8313935199722197,3209,4,-4,4,1,2,0.25,0,0,0.0,0,0.0,0,0.8172522724085193,0.8722627737226277,0.7687687687687688,merge,0.8013679890549913,0.7090292907269208,0.921358917895812,4131,3,1,3,0.375,0,0,0.0,0,0.0,0,0.7974445430346052,0.7735849056603774,0.8228228228228228,True,False,False,merge,0.8247815726754174,0.8331193838227435,0.8166089965372236,3116,5,1,2,0.25,0,0,0.0,1,0.2,1,0.813082056170712,0.8344370860927153,0.7927927927927928,True,False,True,mixed,0.8089521268700031,0.7648542600875424,0.8584460522149782,3568,3,1,3,0.375,0,0,0.0,0,0.0,0,0.7974198750251966,0.8214285714285714,0.7747747747747747,True,False,False,merge
IMG_2931_1297_969,high_quality,0.1150179856115107,11120,False,False,False,1,0.9107549483268038,0.887589621030311,0.935161870502756,11716,1,0,0,0,0,0.0,0,0,0.0,0,0.0,0,0.9929742388758782,0.986046511627907,1.0,clean,0.9132671480140284,0.9165760869556916,0.9099820143876708,11040,1,0,0,0,0,0.0,0,0,0.0,0,0.0,0,0.9992313604919292,0.998463901689708,1.0,clean,0.9093058900806178,0.8862142552275832,0.9336330935243402,11715,2,1,1,0,0,0.0,0,0,0.0,1,0.5,1,0.9843633655994044,0.969208211143695,1.0,island,0.9115367483292152,0.9030891438650458,0.9201438848912588,11330,1,0,0,0,0,0.0,0,0,0.0,0,0.0,0,0.9984567901234568,0.9969183359013868,1.0,clean,0.9031078610599452,0.8564631884518534,0.9551258992797166,12401,1,0,0,0.0,0,0,0.0,0,0.0,0,0.9954198473282444,0.9908814589665652,1.0,False,False,False,clean,0.9078020548248428,0.9058107261161196,0.909802158272563,11169,1,0,0,0.0,0,0,0.0,0,0.0,0,0.9931857899042008,0.9894259818731118,0.9969742813918304,False,False,False,clean,0.9082797082793186,0.8684167350279997,0.9519784172653308,12190,1,0,0,0.0,0,0,0.0,0,0.0,0,0.9915147282334206,0.9846390168970814,0.9984871406959153,False,False,False,clean
IMG_2931_1945_485,high_quality,0.1325363825363825,5772,False,False,False,2,0.8790944123307007,0.8191202872519163,0.9485446985430552,6684,1,-1,1,1,2,1.0,0,0,0.0,0,0.0,0,0.9669117837580128,0.9493243243243245,0.9851632047477744,merge,0.910223144783852,0.9088082901538708,0.9116424116408324,5790,1,-1,1,1,2,1.0,0,0,0.0,0,0.0,0,0.9680622816158893,0.96,0.9762611275964392,merge,0.9044628652759736,0.8752228163978687,0.9357241857225644,6171,6,4,4,1,2,1.0,0,0,0.0,5,0.8333333333333334,5,0.964029837161222,0.9492957746478872,0.9792284866468842,mixed,0.8973968897896404,0.8760726072592804,0.9197851697835764,6060,1,-1,1,1,2,1.0,0,0,0.0,0,0.0,0,0.9749375421342744,0.970684039087948,0.9792284866468842,merge,0.8874920432838259,0.8206297822236306,0.9662162162145422,6796,1,1,2,1.0,0,0,0.0,0,0.0,0,0.9652124483410236,0.9433333333333334,0.9881305637982196,True,False,False,merge,0.9119642703762671,0.9042752512333432,0.9197851697835764,5871,2,1,2,1.0,0,0,0.0,1,0.5,1,0.9460952917958838,0.9177377892030848,0.9762611275964392,True,False,True,mixed,0.8748149366664955,0.8327591606626483,0.9213444213428251,6386,1,1,2,1.0,0,0,0.0,0,0.0,0,0.9725996412546618,0.9689655172413794,0.9762611275964391,True,False,False,merge
IMG_2931_1945_969,high_quality,0.1372605090077209,6994,False,False,False,1,0.8710008905933609,0.8361173221085938,0.9089219330842024,7603,1,0,0,0,0,0.0,0,0,0.0,0,0.0,0,0.9712305988204843,0.9695550351288056,0.9729119638826184,clean,0.8923472301535605,0.8910749928701297,0.8936231055177386,7014,1,0,0,0,0,0.0,0,0,0.0,0,0.0,0,0.9874285714285714,1.0,0.9751693002257336,clean,0.8706118355059373,0.8177364652671553,0.9307978267072764,7961,3,2,2,0,0,0.0,0,0,0.0,2,0.6666666666666666,2,0.970010562895152,0.9605263157894736,0.979683972911964,island,0.8720185745438176,0.8584291453097957,0.8860451815829482,7219,1,0,0,0,0,0.0,0,0,0.0,0,0.0,0,0.9678431885432164,0.9672897196261684,0.9683972911963884,clean,0.866089011421251,0.8006067961155332,0.9432370603360836,8240,1,0,0,0.0,0,0,0.0,0,0.0,0,0.9701190188334544,0.9607390300230948,0.979683972911964,False,False,False,clean,0.8780760626392071,0.859097127221807,0.8979124964242238,7310,1,0,0,0.0,0,0,0.0,0,0.0,0,0.9703989566976288,0.965675057208238,0.9751693002257336,False,False,False,clean,0.8637333333327575,0.809143142642007,0.9262224764070257,8006,1,0,0,0.0,0,0,0.0,0,0.0,0,0.9734577767471905,0.9785714285714285,0.9683972911963883,False,False,False,clean
IMG_2931_1_485,high_quality,0.1044844009204259,18687,False,False,False,1,0.8984571413446693,0.8887434554969168,0.9083855086418856,19100,1,0,0,0,0,0.0,0,0,0.0,0,0.0,0,0.9835458234314948,0.9985007496251874,0.969032258064516,clean,0.8971139017402244,0.9241418439711068,0.8716219831964084,17625,1,0,0,0,0,0.0,0,0,0.0,0,0.0,0,0.9821679904561876,0.9956647398843932,0.969032258064516,clean,0.9042723204770658,0.9001962136072015,0.9083855086418856,18857,1,0,0,0,0,0.0,0,0,0.0,0,0.0,0,0.9770283714829312,0.9838274932614556,0.9703225806451612,clean,0.8984366337728966,0.9319684858238356,0.8672339059234402,17389,1,0,0,0,0,0.0,0,0,0.0,0,0.0,0,0.9856020942408376,1.0,0.9716129032258064,clean,0.8935510975735497,0.8771975047683264,0.9105260341408944,19397,1,0,0,0.0,0,0,0.0,0,0.0,0,0.9834789528003844,0.996996996996997,0.9703225806451612,False,False,False,clean,0.9047683886601932,0.9211489408889204,0.8889602397383801,18034,1,0,0,0.0,0,0,0.0,0,0.0,0,0.9809704796289692,0.9932065217391304,0.969032258064516,False,False,False,clean,0.9022088727038351,0.8963240730955443,0.9081714560919847,18934,1,0,0,0.0,0,0,0.0,0,0.0,0,0.9842726081258191,1.0,0.9690322580645161,False,False,False,clean
IMG_2931_649_485,high_quality,0.1235112317201869,13266,False,False,False,2,0.9046346763560598,0.8576156703810485,0.9571083974061834,14805,3,1,1,0,0,0.0,0,0,0.0,1,0.3333333333333333,13,0.9747479032410772,0.982200647249191,0.9674074074074074,island,0.9042160332355346,0.9232521602506494,0.8859490426647927,12730,2,0,0,0,0,0.0,0,0,0.0,0,0.0,0,0.9734495934162828,0.9872813990461048,0.96,clean,0.915233190898464,0.887708111937026,0.944519825116128,14115,2,0,0,0,0,0.0,0,0,0.0,0,0.0,0,0.9781093250012072,0.9844479004665628,0.971851851851852,clean,0.9074896615098378,0.9221789883261304,0.8932609678871601,12850,2,0,0,0,0,0.0,0,0,0.0,0,0.0,0,0.972650951350955,0.9903691813804172,0.9555555555555556,clean,0.8912785420009457,0.8301248699266193,0.9621589024566846,15376,2,0,0,0.0,0,0,0.0,0,0.0,0,0.9758009486953668,0.979782270606532,0.971851851851852,False,False,False,clean,0.9108820508915936,0.919309021112538,0.9026081712642072,13025,3,0,0,0.0,0,0,0.0,1,0.3333333333333333,1,0.9694428170577534,0.9790732436472348,0.96,False,False,True,island,0.9060889759776086,0.8735656311216949,0.9411276948583287,14292,2,0,0,0.0,0,0,0.0,0,0.0,0,0.9718225575647196,0.9902439024390244,0.9540740740740741,False,False,False,clean
IMG_2931_649_969,moderate_general_error,0.1430446194225721,1524,False,False,False,1,0.7070563079099381,0.5541899441320142,0.9763779527494988,2685,2,1,1,0,0,0.0,0,0,0.0,1,0.5,471,0.7804878048780487,0.64,1.0,island,0.7513611615225528,0.6210887269583323,0.9507874015685644,2333,3,2,2,0,0,0.0,0,0,0.0,2,0.6666666666666666,403,0.7902735562310031,0.6532663316582915,1.0,island,0.6924369747882535,0.5460053010202727,0.9461942257155762,2641,2,1,1,0,0,0.0,0,0,0.0,1,0.5,584,0.6883468834688348,0.5269709543568465,0.9921875,island,0.8705882352914914,0.8056951423740609,0.9468503936945746,1791,2,1,1,0,0,0.0,0,0,0.0,1,0.5,112,0.9338235294117648,0.8758620689655172,1.0,island,0.7996845425846486,0.6671052631549689,0.9980314960564436,2280,2,0,0,0.0,0,0,0.0,1,0.5,67,0.8284789644012944,0.7071823204419889,1.0,False,False,True,island,0.663581675148858,0.5125089349517066,0.9409448818835896,2798,5,0,0,0.0,0,0,0.0,4,0.8,1132,0.7068493150684931,0.5466101694915254,1.0,False,False,True,island,0.7208633093507893,0.568027210882207,0.9862204724344736,2646,2,0,0,0.0,0,0,0.0,1,0.5,411,0.8190476190476191,0.6935483870967742,1.0,False,False,True,island
IMG_2941_1297_485,high_quality,0.1240643193789853,10821,False,False,False,1,0.8824661201267849,0.8060670894774921,0.9748636909703586,13087,1,0,0,0,0,0.0,0,0,0.0,0,0.0,0,0.9623837539120514,0.9427549194991056,0.9828473413379074,clean,0.8974747925399761,0.8675925127224466,0.9294889566574904,11593,1,0,0,0,0,0.0,0,0,0.0,0,0.0,0,0.9878400029924628,0.9964093357271095,0.9794168096054888,clean,0.8952208263174479,0.8400583373838599,0.9581369559181608,12342,2,1,1,0,0,0.0,0,0,0.0,1,0.5,1,0.9735468976587314,0.9627749576988156,0.9845626072041166,island,0.8994941719811306,0.858234010407203,0.944921911097916,11914,1,0,0,0,0,0.0,0,0,0.0,0,0.0,0,0.9791798379660326,0.9823943661971832,0.9759862778730704,clean,0.8803887888051948,0.8052575107289965,0.970982349135042,13048,1,0,0,0.0,0,0,0.0,0,0.0,0,0.9569537527925044,0.9308510638297872,0.9845626072041166,False,False,False,clean,0.8984615384611491,0.845927860289827,0.9579521301164792,12254,5,0,0,0.0,0,0,0.0,4,0.8,6,0.9704012595208716,0.9582664526484752,0.9828473413379074,False,False,True,island,0.8804576428026918,0.8079981471467551,0.9671934202005662,12953,1,0,0,0.0,0,0,0.0,0,0.0,0,0.974294225010469,0.9658886894075404,0.9828473413379074,False,False,False,clean
IMG_2941_1297_969,boundary_margin_error,0.2173317683881064,5112,True,False,True,2,0.7866846746637112,0.6623411371228598,0.9685054773063996,7475,1,-1,1,1,2,1.0,0,0,0.0,0,0.0,0,0.901386944903932,0.8451443569553806,0.965648854961832,merge,0.8448741398825494,0.7615010205671825,0.9487480438166104,6369,2,0,0,0,0,0.0,0,0,0.0,0,0.0,0,0.9494035060800184,0.9541984732824428,0.9446564885496184,clean,0.8320178448860397,0.7409841075783298,0.9485524256632462,6544,21,19,19,1,2,1.0,0,0,0.0,20,0.9523809523809524,72,0.8828255822134666,0.8300653594771242,0.9427480916030534,mixed,0.8366219415935835,0.758226037194789,0.9330985915474704,6291,2,0,0,0,0,0.0,0,0,0.0,0,0.0,0,0.9429930378437996,0.9715909090909092,0.916030534351145,clean,0.7780288274244035,0.6465104234097546,0.976721439747698,7723,1,1,2,1.0,0,0,0.0,0,0.0,0,0.8841310086497427,0.8073170731707318,0.9770992366412212,True,False,False,merge,0.8435434111936152,0.7676881116624937,0.9360328638479344,6233,3,0,0,0.0,0,0,0.0,1,0.3333333333333333,1,0.910766408139438,0.8893805309734514,0.933206106870229,False,False,True,island,0.802718860043565,0.6903789266084092,0.9587245696381872,7099,2,0,0,0.0,0,0,0.0,0,0.0,0,0.9180267062314541,0.8928571428571429,0.9446564885496184,False,False,False,clean
IMG_2941_1945_485,high_quality,0.1372320101889195,14133,False,False,False,1,0.8958114495795378,0.8355275243397002,0.965470883746575,16331,1,0,0,0,0,0.0,0,0,0.0,0,0.0,0,0.989590562109646,1.0,0.9793956043956044,clean,0.909896401308305,0.8776543291033609,0.9445977499462644,15211,1,0,0,0,0,0.0,0,0,0.0,0,0.0,0,0.9909217199625148,0.9942279942279942,0.9876373626373628,clean,0.8998514115895988,0.8436106983650051,0.9641265124170636,16152,1,0,0,0,0,0.0,0,0,0.0,0,0.0,0,0.987169523640347,0.9867021276595744,0.9876373626373628,clean,0.9092632077703628,0.8714804722973456,0.9504705299646568,15414,1,0,0,0,0,0.0,0,0,0.0,0,0.0,0,0.9930843706777316,1.0,0.9862637362637364,clean,0.8930484777208634,0.8294799441708662,0.9671690370049054,16479,1,0,0,0.0,0,0,0.0,0,0.0,0,0.9930843706777316,1.0,0.9862637362637364,False,False,False,clean,0.8995760466345721,0.8456317329840926,0.9608717186719302,16059,1,0,0,0.0,0,0,0.0,0,0.0,0,0.9826488434691364,0.9804177545691906,0.98489010989011,False,False,False,clean,0.8948868289164745,0.8331300317145443,0.9665322295330315,16396,1,0,0,0.0,0,0,0.0,0,0.0,0,0.9881862404447532,1.0,0.9766483516483516,False,False,False,clean
IMG_2941_1_485,boundary_margin_error,0.1502622025010084,4958,False,False,True,3,0.7533031674201327,0.6831910702549521,0.8394513916885046,6092,3,0,0,0,0,0.0,0,0,0.0,0,0.0,0,0.7889424098604519,0.7275132275132276,0.8617021276595744,clean,0.7727863931958251,0.7667262259266097,0.7789431222251333,5037,5,2,2,0,0,0.0,0,0,0.0,2,0.4,186,0.8110016205406919,0.790633608815427,0.8324468085106383,island,0.7166480862126378,0.6643127798817356,0.7779346510674104,5806,20,17,17,0,0,0.0,0,0,0.0,17,0.85,770,0.6383808538927463,0.5187265917602997,0.8297872340425532,island,0.7721272894702014,0.7835929387314983,0.7609923356176664,4815,4,1,1,0,0,0.0,0,0,0.0,1,0.25,113,0.8382916926601284,0.8612903225806452,0.8164893617021277,island,0.7515657620034931,0.6832810694822854,0.835014118594524,6059,3,0,0,0.0,0,0,0.0,0,0.0,0,0.7983842459264427,0.7378917378917379,0.8696808510638298,False,False,False,clean,0.7786436394263072,0.8146760687509593,0.745663574020279,4538,4,0,0,0.0,0,0,0.0,1,0.25,85,0.8203159788397485,0.8296703296703297,0.8111702127659575,False,False,True,island,0.7627426604181287,0.7252227677746405,0.8043565953997492,5499,5,0,0,0.0,1,1,0.3333333333333333,1,0.2,47,0.8404513752840688,0.8513931888544891,0.8297872340425532,False,True,True,mixed
IMG_2941_1_969,high_quality,0.1173281703775411,10330,False,False,False,3,0.8878976833094133,0.837900524009245,0.9442400774434228,11641,3,0,0,1,2,0.6666666666666666,0,0,0.0,1,0.3333333333333333,42,0.9220161473931242,0.9275653923541248,0.9165329052969502,mixed,0.9039142590862516,0.8714285714277884,0.9389157792827308,11130,3,0,0,1,2,0.6666666666666666,0,0,0.0,1,0.3333333333333333,31,0.9149074849563092,0.903921568627451,0.9261637239165328,mixed,0.8921752666998342,0.8464077838581822,0.9431752178112844,11511,4,1,1,1,2,0.6666666666666666,0,0,0.0,2,0.5,21,0.8867188487616543,0.8601973684210527,0.9149277688603532,mixed,0.902435603758168,0.8726154958856589,0.934365924490867,11061,2,-1,1,1,2,0.6666666666666666,0,0,0.0,0,0.0,0,0.9228005510923436,0.934156378600823,0.9117174959871588,merge,0.8767812238051454,0.8054632406575297,0.961955469505361,12337,2,1,2,0.6666666666666666,0,0,0.0,0,0.0,0,0.9057877700431868,0.8922495274102079,0.9197431781701444,True,False,False,merge,0.9056746294018952,0.8838923700692186,0.9285575992246576,10852,2,1,2,0.6666666666666666,0,0,0.0,0,0.0,0,0.9016666068085252,0.8964912280701754,0.9069020866773676,True,False,False,merge,0.8930948607648208,0.8389621437678954,0.9546950629225994,11755,3,1,2,0.6666666666666666,0,0,0.0,1,0.3333333333333333,46,0.9312161090795442,0.944672131147541,0.9181380417335474,True,False,True,mixed
IMG_2941_649_969,high_quality,0.1515799477310525,12627,False,False,False,1,0.8990811925741987,0.8538965664618507,0.9493149600055838,14038,1,0,0,0,0,0.0,0,0,0.0,0,0.0,0,0.976467114039286,0.9838709677419356,0.969173859432799,clean,0.9159485257174648,0.8944150943389475,0.9385443890069386,13250,1,0,0,0,0,0.0,0,0,0.0,0,0.0,0,0.9834683243508312,0.9955882352941176,0.9716399506781752,clean,0.9037182587662848,0.8642046686414221,0.9470182941308728,13837,1,0,0,0,0,0.0,0,0,0.0,0,0.0,0,0.9717375660934224,0.978082191780822,0.9654747225647348,clean,0.9131413490643044,0.8953497222003992,0.9316543913828054,13139,1,0,0,0,0,0.0,0,0,0.0,0,0.0,0,0.980271585479332,0.9955290611028316,0.9654747225647348,clean,0.8964921505292208,0.8525608972063343,0.9451968005061018,13999,1,0,0,0.0,0,0,0.0,0,0.0,0,0.97804190601216,0.9896449704142012,0.966707768187423,False,False,False,clean,0.9184725722035594,0.8996051032799972,0.9381484121319884,13168,1,0,0,0.0,0,0,0.0,0,0.0,0,0.97260104066604,0.98110661268556,0.9642416769420468,False,False,False,clean,0.8929762127735932,0.8472419675854085,0.9439296745062612,14068,1,0,0,0.0,0,0,0.0,0,0.0,0,0.9776194145567523,0.993993993993994,0.9617755856966708,False,False,False,clean
IMG_2942_1297_485,over_segmentation,0.2439024390243902,4879,True,False,False,3,0.5780090095802436,0.4185811431718263,0.9335929493729584,10882,1,-2,2,1,3,1.0,0,0,0.0,0,0.0,0,0.791044776119403,0.654320987654321,1.0,merge,0.5789022298452123,0.4444200592555202,0.8300881328123999,9113,1,-2,2,1,3,1.0,0,0,0.0,0,0.0,0,0.8086431998354237,0.6932515337423313,0.9701195219123506,merge,0.6109296109291573,0.4789847479328454,0.8432055749111638,8589,2,-1,1,1,3,1.0,0,0,0.0,1,0.5,1,0.7411956042619812,0.5895020188425303,0.99800796812749,mixed,0.5821352502658532,0.431049778215445,0.8962902234045987,10145,1,-2,2,1,3,1.0,0,0,0.0,0,0.0,0,0.7620099867990586,0.6162790697674418,0.99800796812749,merge,0.5694056048071818,0.401156941649563,0.980733756915391,11928,1,1,3,1.0,0,0,0.0,0,0.0,0,0.8010999083409716,0.6681957186544343,1.0,True,False,False,merge,0.6026860254079109,0.4666142086325689,0.8507890961245116,8896,1,1,3,1.0,0,0,0.0,0,0.0,0,0.7383228120866965,0.5872576177285319,0.99402390438247,True,False,False,merge,0.5649214326607513,0.40959409594058155,0.9100225456017421,10840,1,1,3,1.0,0,0,0.0,0,0.0,0,0.7803958529688972,0.6398763523956723,1.0,True,False,False,merge
IMG_2942_1945_485,false_crack_high_fp,0.3183269476372924,3132,True,False,False,3,0.5087290208311472,0.3456733524351338,0.9629629629598884,8725,2,-1,1,1,3,1.0,0,0,0.0,1,0.5,93,0.7152444870565676,0.5567164179104478,1.0,mixed,0.5864953080369374,0.4309052757787306,0.9179438058719096,6672,2,-1,1,1,3,1.0,0,0,0.0,1,0.5,124,0.7647058823529412,0.6190476190476191,1.0,mixed,0.5552153110042534,0.3964197868264602,0.926245210725012,7318,5,2,2,1,3,1.0,0,0,0.0,4,0.8,203,0.7048710601719198,0.5442477876106194,1.0,mixed,0.5601336302890124,0.3948194662475212,0.9636015325639732,7644,3,0,0,1,3,1.0,0,0,0.0,2,0.6666666666666666,200,0.7395121951219512,0.586687306501548,1.0,mixed,0.4882599414969655,0.3244719974778559,0.9859514687069414,9517,1,1,3,1.0,0,0,0.0,0,0.0,0,0.7187206020696144,0.5609397944199707,1.0,True,False,False,merge,0.5643016597102161,0.4053827917997415,0.9281609195372664,7171,2,1,3,1.0,0,0,0.0,1,0.5,182,0.730550284629981,0.5754857997010463,1.0,True,False,True,mixed,0.5226703514979508,0.35823369243475994,0.9661558109803124,8447,1,1,3,1.0,0,0,0.0,0,0.0,0,0.715686274509804,0.5572519083969466,1.0,True,False,False,merge
IMG_2942_1_485,complex_topology,0.3026086956521739,5175,True,False,False,5,0.6845473502547749,0.5451213925783953,0.9198067632832468,8732,3,-2,2,1,5,1.0,1,1,0.2,1,0.3333333333333333,101,0.8929958295282409,0.8077496274217586,0.9983579638752051,mixed,0.7278959395317912,0.6675802031264427,0.8001932367134296,6203,4,-1,1,1,4,0.8,1,1,0.2,1,0.25,16,0.8861353995944133,0.8310077519379845,0.9490968801313628,mixed,0.7142500623902218,0.6270815074486896,0.8295652173897013,6846,5,0,0,1,4,0.8,1,1,0.2,2,0.4,23,0.877450896596523,0.8018433179723502,0.9688013136289,mixed,0.714501630736843,0.6072201189824131,0.8678260869548448,7396,2,-3,3,1,4,0.8,0,0,0.0,0,0.0,0,0.9198349211118204,0.863849765258216,0.9835796387520526,merge,0.667701863353566,0.5259646391632091,0.9140096618339826,8993,3,1,4,0.8,0,0,0.0,1,0.3333333333333333,2,0.8998330550918197,0.8179059180576631,1.0,True,False,True,mixed,0.7018503620267885,0.601240523775877,0.8428985507230089,7255,2,1,4,0.8,0,0,0.0,0,0.0,0,0.8776197055365226,0.8032544378698225,0.9671592775041052,True,False,False,merge,0.6785875961968624,0.5566282955804474,0.8689855072446976,8079,3,1,4,0.8,1,1,0.2,0,0.0,0,0.9036956414188888,0.8322884012539185,0.9885057471264368,True,True,False,mixed
IMG_2942_649_485,false_crack_high_fp,0.332034632034632,2310,True,False,False,3,0.3417000307973962,0.2078104513951977,0.9606060606019022,10678,1,-2,2,1,3,1.0,0,0,0.0,0,0.0,0,0.5141520200867382,0.3469387755102041,0.99250936329588,merge,0.3899690053532544,0.2490104354081216,0.8987012986974082,8337,2,-1,1,1,2,0.6666666666666666,0,0,0.0,1,0.5,1637,0.498744792223053,0.340393343419062,0.9325842696629212,mixed,0.3896967968820552,0.2496650834243701,0.8874458874420458,8211,3,0,0,1,2,0.6666666666666666,1,1,0.3333333333333333,0,0.0,0,0.4957573151165291,0.3352272727272727,0.951310861423221,mixed,0.4073818217700509,0.263837402530661,0.8935064935026256,7823,2,-1,1,1,2,0.6666666666666666,0,0,0.0,1,0.5,2,0.5469920975126119,0.386986301369863,0.9325842696629212,mixed,0.3358351729210185,0.2023049645388277,0.9878787878745114,11280,1,1,3,1.0,0,0,0.0,0,0.0,0,0.5241228070175439,0.3551263001485884,1.0,True,False,False,merge,0.4003530796386814,0.2588130864820456,0.8835497835459587,7886,2,1,2,0.6666666666666666,0,0,0.0,1,0.5,22,0.4874559905999753,0.3294964028776978,0.9363295880149812,True,False,True,mixed,0.3344419522002208,0.2035973255483533,0.9359307359266843,10619,1,1,3,1.0,0,0,0.0,0,0.0,0,0.49719761345145547,0.3384615384615385,0.9363295880149812,True,False,False,merge
