case_name,dice,iou,precision,recall,tp,fp,fn,tn,gt_area,pred_area,fp_area_ratio,fn_area_ratio,num_gt_cc,num_pred_cc,mean_component_size,perimeter,boundary_to_area_ratio,thinness_score,fragmentation_ratio,mean_routing_entropy,cnn_expert_fraction,vit_expert_fraction,expert_hhi_concentration,mean_gs,cnn_expert_selections,vit_expert_selections,error_taxonomy,primary_error_category,performance_tier
20160222_080850_1281_361,0.8697517459204877,0.7695227511134922,0.9380960437119259,0.8106895538814545,16624,1097,3882,208797,20506,17721,0.06190395575870436,0.18931044572320296,1,1,20506.0,3739,0.18233687701160636,0.09116843850580318,1.0,0.9999834194298637,0.4375,0.5625,0.1484375,0.494625,7,9,['high_quality'],high_quality,Medium_Dice (25-75%)
20160222_080850_1281_721,0.7151607949556646,0.5566150162198599,0.57476922900071,0.9463019202315,1868,1382,106,227044,1974,3250,0.42523076923076925,0.05369807497467072,2,1,987.0,936,0.47416413373860183,0.23708206686930092,0.5,0.9999835181715677,0.3125,0.6875,0.15625,0.49434999999999996,5,11,['moderate_general_error'],moderate_general_error,Medium_Dice (25-75%)
20160222_080850_1921_1,0.49266247207315694,0.3268428357587258,0.3940748999772225,0.6570363405681608,705,1084,368,228243,1073,1789,0.6059250978200111,0.3429636533084809,1,4,1073.0,330,0.30754892823858343,0.15377446411929171,4.0,0.9999765413725263,0.3125,0.6875,0.171875,0.49458749999999996,5,11,"['thin_low_area_failure', 'fragmented_prediction']",thin_low_area_failure,Low_Dice (<25%)
20160222_080850_1921_361,0.8741866163632497,0.7764933594405649,0.8886837727594095,0.8601548535675075,14442,1809,2348,211801,16790,16251,0.11131622669374193,0.1398451459201906,1,2,16790.0,2880,0.17153067301965455,0.08576533650982728,2.0,0.9999790109440975,0.4375,0.5625,0.1640625,0.49483750000000004,7,9,['high_quality'],high_quality,High_Dice (>75%)
20160222_080850_1_361,0.855480237594018,0.7474578121706245,0.8520149560232593,0.8589738216297492,20508,3562,3367,202963,23875,24070,0.14798504362276693,0.1410261780104712,1,1,23875.0,3950,0.16544502617801046,0.08272251308900523,1.0,0.9999802484523929,0.25,0.75,0.171875,0.49415,4,12,['high_quality'],high_quality,Medium_Dice (25-75%)
20160222_080850_641_361,0.7773829838633066,0.6358352399835995,0.7148811357852829,0.8518609351573604,13893,5541,2416,208550,16309,19434,0.2851188638468663,0.14813906432031393,4,1,4077.25,4122,0.25274388374517137,0.12637194187258569,0.25,0.9999825690948947,0.3125,0.6875,0.1640625,0.4948874999999999,5,11,['boundary_margin_error'],boundary_margin_error,Medium_Dice (25-75%)
20160222_080850_641_721,0.7675473178553359,0.6227803541468879,0.6504594809516132,0.9360423156142287,3893,2092,266,224149,4159,5985,0.3495405179615706,0.06395768213512863,1,2,4159.0,1886,0.45347439288290453,0.22673719644145227,2.0,0.9999816337173211,0.25,0.75,0.171875,0.49407500000000004,4,12,['boundary_margin_error'],boundary_margin_error,Medium_Dice (25-75%)
20160222_115224_1281_1,0.5228215763957933,0.3539325839326485,0.37237026610662166,0.8772716524020023,3717,6265,520,219898,4237,9982,0.6276297335203366,0.12272834552749587,10,7,423.7,4075,0.9617654000472032,0.4808827000236016,0.7,0.9999790618181381,0.125,0.875,0.21875,0.492925,2,14,"['thin_low_area_failure', 'over_segmentation', 'complex_topology']",thin_low_area_failure,Low_Dice (<25%)
20160222_115224_1281_1081,0.8509284724459005,0.7405356864573759,0.7928548529431996,0.9181818164783269,4949,1293,441,223717,5390,6242,0.20714514578660687,0.08181818181818182,1,1,5390.0,2275,0.42207792207792205,0.21103896103896103,1.0,0.9999782610300386,0.1875,0.8125,0.1875,0.493375,3,13,['high_quality'],high_quality,Medium_Dice (25-75%)
20160222_115224_1281_361,0.4155951881437921,0.26230366446369346,0.27879799614394735,0.8159609076223621,1503,3888,339,224670,1842,5391,0.7212020033388982,0.18403908794788273,6,3,307.0,1801,0.9777415852334419,0.48887079261672095,0.5,0.9999782606038172,0.3125,0.6875,0.171875,0.49245000000000005,5,11,"['false_crack_high_fp', 'thin_low_area_failure', 'over_segmentation', 'complex_topology']",false_crack_high_fp,Low_Dice (<25%)
20160222_115224_1281_721,0.764710578231768,0.6190537737602718,0.6852196298680503,0.8650650273391167,4789,2200,747,222664,5536,6989,0.3147803691515238,0.13493497109826588,4,3,1384.0,2724,0.4920520231213873,0.24602601156069365,0.75,0.9999791339892501,0.25,0.75,0.1875,0.4933624999999999,4,12,['boundary_margin_error'],boundary_margin_error,Medium_Dice (25-75%)
20160222_115224_1921_1081,0.8278412884067206,0.7062535817197155,0.7336114378211476,0.9498456716832896,1231,447,65,228657,1296,1678,0.266388557806913,0.05015432098765432,1,1,1296.0,552,0.42592592592592593,0.21296296296296297,1.0,0.9999747153230456,0.3125,0.6875,0.1796875,0.4940375,5,11,['boundary_margin_error'],boundary_margin_error,Medium_Dice (25-75%)
20160222_115224_641_1,0.7048652309968553,0.5442408372214304,0.6329409370479593,0.7952314155358519,6237,3617,1606,218940,7843,9854,0.36705906230972196,0.20476858345021037,4,5,1960.75,4660,0.5941603978069616,0.2970801989034808,1.25,0.999967926685755,0.125,0.875,0.203125,0.49306249999999996,2,14,['boundary_margin_error'],boundary_margin_error,Low_Dice (<25%)
20160222_115224_641_1081,0.01645548787813808,0.008296001313595485,0.011452130069967637,0.029222676626401656,50,4316,1661,224373,1711,4366,0.9885478699038021,0.9707773232028054,1,10,1711.0,1669,0.9754529514903565,0.48772647574517825,10.0,0.9999826933130647,0.375,0.625,0.1640625,0.49383749999999993,6,10,"['missed_crack_high_fn', 'false_crack_high_fp', 'thin_low_area_failure', 'over_segmentation', 'fragmented_prediction']",missed_crack_high_fn,Low_Dice (<25%)
20160222_115224_641_361,0.7918235599894788,0.655387353839298,0.6774045083354706,0.9527508059781526,2944,1402,146,225908,3090,4346,0.32259549010584443,0.04724919093851133,2,2,1545.0,1649,0.5336569579288026,0.2668284789644013,1.0,0.9999697978795732,0.25,0.75,0.1796875,0.49352499999999994,4,12,['boundary_margin_error'],boundary_margin_error,Medium_Dice (25-75%)
20160222_115224_641_721,0.22982343672873176,0.1298307985187762,0.15130821748537696,0.47771317713732275,1972,11061,2156,215211,4128,13033,0.8486917823985268,0.5222868217054264,5,2,825.6,2219,0.5375484496124031,0.26877422480620156,0.4,0.9999756475364696,0.25,0.75,0.171875,0.493725,4,12,"['false_crack_high_fp', 'thin_low_area_failure', 'over_segmentation', 'complex_topology']",false_crack_high_fp,Low_Dice (<25%)
20160222_115837_1281_1,0.7153885738435494,0.5568910250035588,0.579028801976876,0.9357568745224911,4865,3537,334,221664,5199,8402,0.4209711973339681,0.06424312367763031,1,5,5199.0,2135,0.41065589536449315,0.20532794768224658,5.0,0.9999926915832633,0.25,0.75,0.1796875,0.4926875,4,12,['moderate_general_error'],moderate_general_error,Medium_Dice (25-75%)
20160222_115837_1281_1081,0.650323890956022,0.4818370026692321,0.48210922696401276,0.998829492786463,2560,2750,3,225087,2563,5310,0.5178907721280602,0.0011705033164260631,4,2,640.75,1867,0.7284432305891534,0.3642216152945767,0.5,0.9999900874089618,0.1875,0.8125,0.1875,0.4930625,3,13,['over_segmentation'],over_segmentation,Low_Dice (<25%)
20160222_115837_1281_361,0.7607179595738905,0.613837637243842,0.6249060844761344,0.9719544231026748,3327,1997,96,224980,3423,5324,0.3750939143501127,0.028045574057843997,4,2,855.75,2052,0.5994741454864154,0.2997370727432077,0.5,0.9999902063368273,0.25,0.75,0.171875,0.4925875,4,12,['boundary_margin_error'],boundary_margin_error,Medium_Dice (25-75%)
20160222_115837_1281_721,0.7255649323093317,0.5693227930584859,0.5723797238565728,0.9907063160196791,2665,1991,25,225719,2690,4656,0.4276202749140893,0.00929368029739777,1,1,2690.0,2008,0.7464684014869889,0.37323420074349445,1.0,0.999983457329542,0.1875,0.8125,0.1875,0.4927625,3,13,['moderate_general_error'],moderate_general_error,Medium_Dice (25-75%)
20160222_164851_1281_1081,0.866666666007103,0.764705881325939,0.8309982474737329,0.9055343497049391,5694,1158,594,222954,6288,6852,0.1690017513134851,0.09446564885496184,2,2,3144.0,1152,0.183206106870229,0.0916030534351145,1.0,0.9999893875276267,0.1875,0.8125,0.1953125,0.49234999999999995,3,13,['high_quality'],high_quality,Medium_Dice (25-75%)
20160222_164851_641_1,0.8547110524381692,0.7462842056214167,0.8004916927657814,0.9168088729378764,10745,2678,975,216002,11720,13423,0.1995083066378604,0.08319112627986348,2,2,5860.0,2308,0.1969283276450512,0.0984641638225256,1.0,0.9999799028232776,0.1875,0.8125,0.2265625,0.4913125,3,13,['high_quality'],high_quality,Medium_Dice (25-75%)
20160222_164851_641_1081,0.7217069765886482,0.5645864941534651,0.5865024624763523,0.9379234269136231,5953,4197,394,219856,6347,10150,0.4134975369458128,0.062076571608634,3,4,2115.6666666666665,2372,0.3737198676540098,0.1868599338270049,1.3333333333333333,0.9999896938030008,0.25,0.75,0.1953125,0.49203749999999996,4,12,['moderate_general_error'],moderate_general_error,Medium_Dice (25-75%)
20160222_164851_641_361,0.8041567909556402,0.6724600556943163,0.6989731232891905,0.9466048579735558,11027,4749,622,214002,11649,15776,0.3010268762677485,0.0533951412138381,7,3,1664.142857142857,3669,0.31496265773886173,0.15748132886943086,0.42857142857142855,0.9999792036571674,0.125,0.875,0.2421875,0.49152500000000005,2,14,"['complex_topology', 'boundary_margin_error']",complex_topology,Medium_Dice (25-75%)
20160222_164851_641_721,0.8370622370073796,0.7197824884913392,0.746022686205306,0.9534099188973287,10457,3560,511,215872,10968,14017,0.25397731326246703,0.04659008023340627,3,3,3656.0,2773,0.25282640408460977,0.12641320204230488,1.0,0.9999870173648856,0.25,0.75,0.203125,0.49215,4,12,['boundary_margin_error'],boundary_margin_error,Medium_Dice (25-75%)
20160222_165225_1281_361,0.7878504182722992,0.6499613827770004,0.6591818967283012,0.9789324014748192,7574,3916,163,218747,7737,11490,0.3408181026979983,0.021067597259919867,1,1,7737.0,3094,0.39989660074964456,0.19994830037482228,1.0,0.9999813917495062,0.3125,0.6875,0.2421875,0.4916125,5,11,['boundary_margin_error'],boundary_margin_error,Medium_Dice (25-75%)
20160222_165225_1281_721,0.7305243991193561,0.5754536744247675,0.6426666632391111,0.8462078592260684,1205,670,219,228306,1424,1875,0.35733333333333334,0.15379213483146068,1,1,1424.0,650,0.45646067415730335,0.22823033707865167,1.0,0.9999808603035054,0.1875,0.8125,0.234375,0.49192499999999995,3,13,['boundary_margin_error'],boundary_margin_error,Medium_Dice (25-75%)
20160222_165225_1921_721,0.6662247994110883,0.49950306402227673,0.5191976579552362,0.9294190153653583,6031,5585,458,218326,6489,11616,0.48080234159779617,0.07058098320234242,2,1,3244.5,3365,0.5185698875019263,0.25928494375096317,0.5,0.9999751219010242,0.375,0.625,0.203125,0.491975,6,10,['moderate_general_error'],moderate_general_error,Low_Dice (<25%)
20160222_165225_1_361,0.7555093551166792,0.6070831936125266,0.6217811612440918,0.9625215190537393,7268,4421,283,218428,7551,11689,0.37821883822397123,0.03747847967156668,1,1,7551.0,3404,0.4508012183816713,0.22540060919083565,1.0,0.9999713382355438,0.25,0.75,0.21875,0.4914375,4,12,['boundary_margin_error'],boundary_margin_error,Medium_Dice (25-75%)
20160222_165225_641_361,0.7845693520065349,0.6455072967772927,0.7026509707123639,0.8881093493551356,7342,3107,925,219026,8267,10449,0.2973490286151785,0.11189064957058183,4,3,2066.75,4037,0.4883270835853393,0.24416354179266966,0.75,0.9999774624805593,0.25,0.75,0.21875,0.49145000000000005,4,12,['boundary_margin_error'],boundary_margin_error,Medium_Dice (25-75%)
20160222_165402_1281_1,0.9011428867640265,0.8200728519746234,0.8272094364463263,0.989589356865715,8555,1787,90,219968,8645,10342,0.17279056275381938,0.010410641989589358,1,1,8645.0,2045,0.23655292076344708,0.11827646038172354,1.0,0.9999883985714257,0.25,0.75,0.21875,0.49198749999999997,4,12,['high_quality'],high_quality,High_Dice (>75%)
20160222_165402_1281_361,0.8456245756150671,0.7325386159061966,0.7358124624877204,0.9939628647978553,8726,3133,53,218488,8779,11859,0.2641875368918121,0.006037134069939628,2,1,4389.5,2052,0.2337396058776626,0.1168698029388313,0.5,0.9999879553779076,0.375,0.625,0.234375,0.49205,6,10,['boundary_margin_error'],boundary_margin_error,Medium_Dice (25-75%)
20160222_165402_641_1081,0.9265337588844096,0.86312333205888,0.9010282769915536,0.9535252769942377,12618,1386,615,215781,13233,14004,0.09897172236503857,0.0464747222851961,1,1,13233.0,1717,0.12975137912793774,0.06487568956396887,1.0,0.9999830688459265,0.25,0.75,0.234375,0.4915375,4,12,['high_quality'],high_quality,High_Dice (>75%)
20160222_165402_641_721,0.8634399304410642,0.7596958168485882,0.7638263522522927,0.9929320806262484,8991,2780,64,218565,9055,11771,0.23617364709880215,0.00706791827719492,1,1,9055.0,1678,0.1853119823302043,0.09265599116510215,1.0,0.9999848039160235,0.25,0.75,0.2265625,0.49153749999999996,4,12,['high_quality'],high_quality,Medium_Dice (25-75%)
20160222_165926_1281_361,0.43407774948870514,0.2772026193171295,0.2772026193171295,0.9999999923780488,1312,3421,0,225667,1312,4733,0.72279738009719,0.0,2,3,656.0,1592,1.2134146341463414,0.6067073170731707,1.5,0.9999887544935445,0.3125,0.6875,0.203125,0.4928,5,11,"['false_crack_high_fp', 'thin_low_area_failure', 'over_segmentation']",false_crack_high_fp,Low_Dice (<25%)
20160222_165926_1281_721,0.6906744686843166,0.5275040103970846,0.5330631146113919,0.980613547122681,4603,4032,91,221674,4694,8635,0.4669368847712797,0.019386450788240306,1,3,4694.0,3164,0.674051981252663,0.3370259906263315,3.0,0.9999874171836247,0.3125,0.6875,0.2109375,0.49275,5,11,['moderate_general_error'],moderate_general_error,Low_Dice (<25%)
20160222_165926_1921_721,0.7108851392721014,0.5514521327220603,0.5699110664897343,0.9445240512906365,4614,3482,271,222033,4885,8096,0.4300889328063241,0.05547594677584442,4,1,1221.25,3742,0.7660184237461617,0.38300921187308085,0.25,0.9999788024969849,0.1875,0.8125,0.2109375,0.4924,3,13,['moderate_general_error'],moderate_general_error,Medium_Dice (25-75%)
20160222_165926_1_1081,0.5440613015239223,0.37368420943367187,0.3799048740193077,0.9580209823236808,1278,2086,56,226980,1334,3364,0.6200951248513674,0.041979010494752625,4,3,333.5,1166,0.8740629685157422,0.4370314842578711,0.75,0.9999899163132842,0.25,0.75,0.2109375,0.49363749999999995,4,12,"['thin_low_area_failure', 'over_segmentation']",thin_low_area_failure,Low_Dice (<25%)
20160222_165926_1_721,0.5944156267581773,0.42289572797912106,0.42807184799225584,0.9722021625552267,2693,3598,77,224032,2770,6291,0.5719281513272929,0.02779783393501805,5,4,554.0,2358,0.8512635379061372,0.4256317689530686,0.8,0.9999921459678403,0.25,0.75,0.2109375,0.49312500000000004,4,12,"['over_segmentation', 'complex_topology']",over_segmentation,Low_Dice (<25%)
20160222_165926_641_1,0.6199837853465913,0.44925833389740294,0.4533866897089274,0.9801345691120327,3059,3688,62,223591,3121,6747,0.5466133096190899,0.01986542774751682,1,2,3121.0,1933,0.619352771547581,0.3096763857737905,2.0,0.9999926063608429,0.3125,0.6875,0.21875,0.49305,5,11,['over_segmentation'],over_segmentation,Low_Dice (<25%)
20160222_165926_641_361,0.6148608045114552,0.4438982064142594,0.4456379729341879,0.9912818824950536,3070,3819,27,223484,3097,6889,0.5543620264189287,0.00871811430416532,2,3,1548.5,2230,0.7200516628995802,0.3600258314497901,1.5,0.9999909107481408,0.3125,0.6875,0.21875,0.492975,5,11,['over_segmentation'],over_segmentation,Low_Dice (<25%)
20160222_165926_641_721,0.7182857889323743,0.5604102558354767,0.571368816719263,0.9669085100567891,5464,4099,187,220650,5651,9563,0.4286311826832584,0.0330914882321713,2,2,2825.5,4142,0.7329676163510883,0.36648380817554416,1.0,0.9999900070536342,0.25,0.75,0.1796875,0.4929625,4,12,['moderate_general_error'],moderate_general_error,Medium_Dice (25-75%)
20160302_155857_1281_1,0.6141353876757516,0.443142412479801,0.5644227831793744,0.6734508437698513,3706,2860,1797,222037,5503,6566,0.4355772159610113,0.32654915500636017,2,4,2751.5,1899,0.3450844993639833,0.17254224968199164,2.0,0.9999804695408754,0.1875,0.8125,0.1875,0.4930875,3,13,['moderate_general_error'],moderate_general_error,Low_Dice (<25%)
20160302_155857_1281_361,0.7895042373217785,0.6522156141835646,0.7308684428945954,0.8583690976289207,6800,2504,1122,219974,7922,9304,0.2691315563198624,0.14163090128755365,1,3,7922.0,2828,0.35698056046452914,0.17849028023226457,3.0,0.9999781581518875,0.25,0.75,0.1953125,0.4930375,4,12,['boundary_margin_error'],boundary_margin_error,Medium_Dice (25-75%)
20160302_155857_1281_721,0.408204437780423,0.2564427539999097,0.25660536830140485,0.9975349137425233,1214,3517,3,225666,1217,4731,0.7433946311562037,0.0024650780608052587,1,3,1217.0,430,0.3533278553820871,0.17666392769104355,3.0,0.9999817414505003,0.1875,0.8125,0.2109375,0.49325,3,13,"['false_crack_high_fp', 'thin_low_area_failure', 'over_segmentation']",false_crack_high_fp,Low_Dice (<25%)
20160302_155857_1_721,0.8873235676279186,0.7974677469677868,0.878115757880167,0.8967265270470115,16628,2308,1915,209549,18543,18936,0.12188424165610477,0.10327347246939546,1,1,18543.0,3212,0.17321900447608263,0.08660950223804131,1.0,0.9999749661054251,0.25,0.75,0.1796875,0.4942,4,12,['high_quality'],high_quality,High_Dice (>75%)
20160302_155857_641_721,0.7240167587768561,0.5674187053450807,0.59222817943053,0.9312472829802284,10714,7377,791,211518,11505,18091,0.40777182024210934,0.06875271621034333,3,1,3835.0,3366,0.2925684485006519,0.14628422425032594,0.3333333333333333,0.9999819963908467,0.3125,0.6875,0.15625,0.49360000000000004,5,11,['moderate_general_error'],moderate_general_error,Medium_Dice (25-75%)
20160307_144202_1281_361,0.6260239617575794,0.45562946101911955,0.4827675114028642,0.8901743250551912,5617,6018,693,218072,6310,11635,0.5172324881822089,0.1098256735340729,10,2,631.0,3310,0.5245641838351822,0.2622820919175911,0.2,0.9999876516507643,0.1875,0.8125,0.203125,0.49348749999999997,3,13,['complex_topology'],complex_topology,Low_Dice (<25%)
20160307_144202_1281_721,0.5380126990406618,0.3680009386453798,0.368563366601736,0.9958703907373875,3135,5371,13,221881,3148,8506,0.6314366329649659,0.004129606099110546,5,2,629.6,1470,0.4669631512071156,0.2334815756035578,0.4,0.9999808491136564,0.125,0.875,0.21875,0.4933375,2,14,"['thin_low_area_failure', 'over_segmentation', 'complex_topology']",thin_low_area_failure,Low_Dice (<25%)
20160307_144202_1921_361,0.6091373270753769,0.4379564848012776,0.44550893503088845,0.9627344930178009,11393,14180,441,204386,11834,25573,0.5544910647949008,0.03726550616866656,5,1,2366.8,4983,0.42107486902146357,0.21053743451073179,0.2,0.9999795891704979,0.3125,0.6875,0.234375,0.4934125,5,11,"['over_segmentation', 'complex_topology']",over_segmentation,Low_Dice (<25%)
20160307_144202_1_361,0.7871077633441279,0.6489511100461024,0.6692464355423189,0.9553559885286497,14787,7308,691,207614,15478,22095,0.33075356415478613,0.04464401085411552,7,2,2211.1428571428573,4184,0.2703191626825171,0.13515958134125855,0.2857142857142857,0.9999717472167499,0.125,0.875,0.21875,0.493675,2,14,"['complex_topology', 'boundary_margin_error']",complex_topology,Medium_Dice (25-75%)
20160307_144202_641_361,0.6940865648931516,0.5314950794088141,0.5415033841205642,0.9663941862248918,10640,9009,370,210381,11010,19649,0.4584966156038475,0.03360581289736603,10,2,1101.0,4281,0.3888283378746594,0.1944141689373297,0.2,0.9999827157410157,0.125,0.875,0.234375,0.49336250000000004,2,14,['complex_topology'],complex_topology,Low_Dice (<25%)
20160307_145059_1281_361,0.9037410116625001,0.824386409851054,0.8520462350190277,0.9621137286848358,13637,2368,537,213858,14174,16005,0.1479537644486098,0.037886270636376465,4,2,3543.5,3270,0.23070410610977846,0.11535205305488923,0.5,0.9999807361075937,0.4375,0.5625,0.171875,0.49265,7,9,['high_quality'],high_quality,High_Dice (>75%)
20160307_145059_1281_721,0.7812448941996162,0.6410187661831825,0.6554276309800552,0.966841891135137,7173,3771,246,219210,7419,10944,0.34457236842105265,0.03315810756166599,3,2,2473.0,3748,0.5051893786224558,0.2525946893112279,0.6666666666666666,0.9999763572795806,0.4375,0.5625,0.1640625,0.49334999999999996,7,9,['boundary_margin_error'],boundary_margin_error,Medium_Dice (25-75%)
20160307_145059_1921_1081,0.7019962281669834,0.5408275718456792,0.5421856161689578,0.9953900036964964,5398,4558,25,220419,5423,9956,0.4578143832864604,0.004609994468006639,3,3,1807.6666666666667,2182,0.4023603171676194,0.2011801585838097,1.0,0.9999767380877973,0.3125,0.6875,0.1875,0.493975,5,11,['moderate_general_error'],moderate_general_error,Low_Dice (<25%)
20160307_145059_1921_361,0.8647510151704713,0.7617280673457938,0.8459783642313795,0.8843757205289825,11496,2093,1503,215308,12999,13589,0.15402163514607403,0.1156242787906762,1,1,12999.0,3074,0.23647972920993923,0.11823986460496962,1.0,0.9999751006301787,0.4375,0.5625,0.171875,0.4928625,7,9,['high_quality'],high_quality,Medium_Dice (25-75%)
20160307_145059_1921_721,0.8037701967650178,0.6719195547472316,0.7127845873065044,0.921382998721171,4477,1804,382,223737,4859,6281,0.287215411558669,0.07861699938258901,3,2,1619.6666666666667,1757,0.3615970364272484,0.1807985182136242,0.6666666666666666,0.9999752169843662,0.375,0.625,0.1875,0.4946875,6,10,['boundary_margin_error'],boundary_margin_error,Medium_Dice (25-75%)
20160307_145059_1_361,0.8970764495820124,0.8133623125936852,0.8291108748395041,0.9771798354028386,8607,1774,201,219818,8808,10381,0.17088912436181486,0.02282016348773842,1,1,8808.0,2411,0.27372842870118075,0.13686421435059037,1.0,0.9999773541404313,0.25,0.75,0.203125,0.49217500000000003,4,12,['high_quality'],high_quality,High_Dice (>75%)
20160307_145059_1_721,0.8005008341677095,0.6673625601167217,0.7036810557616717,0.9282142266039455,5754,2423,445,221778,6199,8177,0.29631894337776693,0.07178577189869334,1,1,6199.0,1626,0.2623003710275851,0.13115018551379254,1.0,0.9999756573014826,0.1875,0.8125,0.21875,0.49240000000000006,3,13,['boundary_margin_error'],boundary_margin_error,Medium_Dice (25-75%)
20160307_145059_641_361,0.7412809583787414,0.5889169336978924,0.6005615998589428,0.9681252339341282,5133,3414,169,221684,5302,8547,0.3994383994383994,0.03187476423990947,2,3,2651.0,2106,0.3972086005281026,0.1986043002640513,1.5,0.9999772818939362,0.25,0.75,0.1953125,0.49260000000000004,4,12,['boundary_margin_error'],boundary_margin_error,Medium_Dice (25-75%)
20160307_145059_641_721,0.8620267652828444,0.7575105802001592,0.7768054067756632,0.968251152032413,10918,3137,358,215987,11276,14055,0.2231945926716471,0.03174884710890387,2,1,5638.0,3040,0.2695991486342675,0.13479957431713374,0.5,0.999980260356805,0.3125,0.6875,0.2109375,0.49319999999999997,5,11,['high_quality'],high_quality,Medium_Dice (25-75%)
20160307_162438_1281_361,0.81918081801173,0.6937394230269776,0.9999999965156794,0.6937394230269776,2870,0,1267,226263,4137,2870,0.0,0.3062605752961083,1,1,4137.0,396,0.09572153734590283,0.047860768672951415,1.0,0.9999917588136293,0.25,0.75,0.21875,0.49183750000000004,4,12,['boundary_margin_error'],boundary_margin_error,Medium_Dice (25-75%)
20160307_162438_1281_721,0.8992546602979274,0.8169506859246114,0.9433686260297546,0.8590821146058923,27086,1626,4443,197245,31529,28712,0.05663137364168292,0.14091788512163406,1,1,31529.0,3073,0.09746582511338768,0.04873291255669384,1.0,0.9999887053150813,0.25,0.75,0.2265625,0.4919875,4,12,['high_quality'],high_quality,High_Dice (>75%)
20160307_162438_1921_1081,0.7171923034587749,0.5590801375705083,0.5629304264611841,0.9879139693681824,10381,8060,127,211832,10508,18441,0.43706957323355566,0.012086029691663494,2,2,5254.0,2256,0.21469356680624285,0.10734678340312143,1.0,0.999986144394018,0.25,0.75,0.1875,0.4924875,4,12,['moderate_general_error'],moderate_general_error,Medium_Dice (25-75%)
20160307_162438_1921_721,0.9023106739497345,0.8220091537160633,0.8786587933873223,0.9272711083245333,20833,2877,1634,205056,22467,23710,0.12134120624209195,0.0727288912627409,1,1,22467.0,2708,0.12053233631548493,0.06026616815774247,1.0,0.9999855613018174,0.3125,0.6875,0.234375,0.4921625,5,11,['high_quality'],high_quality,High_Dice (>75%)
20160307_162438_1_361,0.884312830444826,0.7926171910692518,0.910191223358519,0.8598652950295343,32938,3250,5368,188844,38306,36188,0.08980877638996353,0.1401347047459928,1,1,38306.0,3094,0.08077063645381924,0.04038531822690962,1.0,0.9999891311296096,0.25,0.75,0.2265625,0.49207500000000004,4,12,['high_quality'],high_quality,High_Dice (>75%)
20160307_162438_641_361,0.880495410233103,0.7865045112646118,0.8517653053270318,0.9112313072536561,20048,3489,1953,204910,22001,23537,0.14823469431108469,0.08876869233216672,1,1,22001.0,2516,0.11435843825280669,0.05717921912640334,1.0,0.9999902644666467,0.375,0.625,0.1953125,0.49205,6,10,['high_quality'],high_quality,High_Dice (>75%)
20160307_162438_641_721,0.7157825797539079,0.5573686888757077,0.5900453459403527,0.9096205044779953,5465,3797,543,220595,6008,9262,0.4099546534225869,0.09037949400798935,1,1,6008.0,705,0.11734354194407456,0.05867177097203728,1.0,0.9999873750915649,0.25,0.75,0.2109375,0.491775,4,12,['moderate_general_error'],moderate_general_error,Medium_Dice (25-75%)
20160310_114505_1281_1,0.4074567239153831,0.2558528424528249,0.2558528424528249,0.999999994553377,1836,5340,0,223224,1836,7176,0.7441471571906354,0.0,4,1,459.0,1931,1.051742919389978,0.525871459694989,0.25,0.9999971906342329,0.25,0.75,0.2265625,0.493675,4,12,"['false_crack_high_fp', 'thin_low_area_failure', 'over_segmentation']",false_crack_high_fp,Low_Dice (<25%)
20160310_114505_641_1,0.5134877813306964,0.3454312550423303,0.3519227419941511,0.949307672026971,4045,7449,216,218690,4261,11494,0.6480772576996694,0.05069232574513025,4,1,1065.25,2348,0.551044355785027,0.2755221778925135,0.25,0.9999935428783964,0.375,0.625,0.203125,0.494275,6,10,"['thin_low_area_failure', 'over_segmentation']",thin_low_area_failure,Low_Dice (<25%)
20160310_114505_641_1081,0.5746166480184717,0.40313130304184874,0.40336376703184645,0.9985724458753927,4197,6208,6,219989,4203,10405,0.5966362325804901,0.0014275517487508922,3,4,1401.0,1842,0.4382583868665239,0.21912919343326195,1.3333333333333333,0.999991896583393,0.3125,0.6875,0.1953125,0.49375,5,11,['over_segmentation'],over_segmentation,Low_Dice (<25%)
20160310_114505_641_361,0.44064417959363994,0.28258090541439757,0.2834199336774277,0.989632419911328,4200,10619,44,215537,4244,14819,0.7165800661313179,0.010367577756833177,5,1,848.8,2457,0.5789349670122526,0.2894674835061263,0.2,0.999986666240501,0.3125,0.6875,0.1875,0.49406249999999996,5,11,"['false_crack_high_fp', 'thin_low_area_failure', 'over_segmentation', 'complex_topology']",false_crack_high_fp,Low_Dice (<25%)
20160310_114505_641_721,0.5507466460701426,0.38002095670623387,0.3801869482133424,0.998852419098342,4352,7095,5,218948,4357,11447,0.6198130514545296,0.0011475786091347257,4,1,1089.25,1798,0.41266926784484737,0.20633463392242368,0.25,0.9999846648200612,0.3125,0.6875,0.21875,0.49395,5,11,['over_segmentation'],over_segmentation,Low_Dice (<25%)
20160316_142539_1281_361,0.8424389329091684,0.7277706177751604,0.7779818611204433,0.9185416089474904,6777,1934,601,221088,7378,8711,0.2220181379864539,0.08145838980753592,1,2,7378.0,1653,0.22404445649227434,0.11202222824613717,2.0,0.9999869548026603,0.1875,0.8125,0.1875,0.4931,3,13,['boundary_margin_error'],boundary_margin_error,Medium_Dice (25-75%)
20160316_142539_1281_721,0.757104072055609,0.6091451866833077,0.6458735423099873,0.9146168132561312,8366,4587,781,216666,9147,12953,0.35412645719138425,0.08538318574395977,2,4,4573.5,2578,0.2818410407783973,0.14092052038919864,2.0,0.9999729344775514,0.3125,0.6875,0.1640625,0.4928,5,11,['boundary_margin_error'],boundary_margin_error,Medium_Dice (25-75%)
20160316_142539_1921_361,0.6714054515052819,0.5053501478430543,0.527289039262678,0.923930130197441,10579,9484,871,209466,11450,20063,0.4727109604745053,0.07606986899563319,7,2,1635.7142857142858,4030,0.3519650655021834,0.1759825327510917,0.2857142857142857,0.9999762643200362,0.125,0.875,0.234375,0.49285,2,14,['complex_topology'],complex_topology,Low_Dice (<25%)
20160316_142539_1_721,0.7065960403910289,0.5463073119125527,0.5704524819291641,0.9280939047511708,11939,8990,925,208546,12864,20929,0.42954751779827033,0.07190609452736318,7,3,1837.7142857142858,4023,0.3127332089552239,0.15636660447761194,0.42857142857142855,0.9999747704307955,0.1875,0.8125,0.203125,0.4932000000000001,3,13,['complex_topology'],complex_topology,Low_Dice (<25%)
20160316_142539_641_721,0.6674348926127037,0.5008647524332338,0.575941814548587,0.7934867693803924,10136,7463,2638,210163,12774,17599,0.4240581851241548,0.20651322999843433,4,7,3193.5,4538,0.35525285736652573,0.17762642868326287,1.75,0.9999715544131859,0.25,0.75,0.1875,0.49305,4,12,['moderate_general_error'],moderate_general_error,Low_Dice (<25%)
20160316_143445_1281_1,0.8709332119527285,0.7713743962471993,0.811914121069299,0.9392052602915872,13425,3110,869,212996,14294,16535,0.18808587843967342,0.060794739051350216,1,1,14294.0,2297,0.16069679585840213,0.08034839792920107,1.0,0.9999906978398425,0.375,0.625,0.1484375,0.4939,6,10,['high_quality'],high_quality,Medium_Dice (25-75%)
20160316_143445_1281_1081,0.7286654431668298,0.5731500329715716,0.6171418117376795,0.8893863553084372,3377,2095,420,224508,3797,5472,0.3828581871345029,0.11061364234922307,4,2,949.25,1205,0.3173558072162233,0.15867790360811165,0.5,0.9999715543848532,0.375,0.625,0.1640625,0.49424999999999997,6,10,['boundary_margin_error'],boundary_margin_error,Medium_Dice (25-75%)
20160316_143445_1281_361,0.8269420193516043,0.7049455636408701,0.7139589438627807,0.9824065846320664,12173,4877,218,213132,12391,17050,0.28604105571847505,0.017593414575094828,2,2,6195.5,2403,0.19393107900895812,0.09696553950447906,1.0,0.9999865943986717,0.375,0.625,0.1875,0.4937125,6,10,['boundary_margin_error'],boundary_margin_error,Medium_Dice (25-75%)
20160316_143445_1281_721,0.8396148268690166,0.723565628302148,0.7821180551783767,0.906236029891464,16218,4518,1678,207986,17896,20736,0.21788194444444445,0.09376396960214572,2,2,8948.0,4941,0.2760952168082253,0.13804760840411265,1.0,0.9999704547423567,0.25,0.75,0.1875,0.4937125,4,12,['boundary_margin_error'],boundary_margin_error,Medium_Dice (25-75%)
20160316_143445_1921_1081,0.7017690095851769,0.5405578936002298,0.5889623003583659,0.8680261188360338,7577,5288,1152,216383,8729,12865,0.4110376991838321,0.13197388016954978,2,1,4364.5,2735,0.31332340474281134,0.15666170237140567,0.5,0.9999705771401464,0.375,0.625,0.1875,0.494275,6,10,['moderate_general_error'],moderate_general_error,Low_Dice (<25%)
20160316_143445_1_1081,0.8683470621672436,0.7673263004382126,0.8431034474682917,0.8951489871909397,8802,1638,1031,218929,9833,10440,0.15689655172413794,0.10485101189870843,1,1,9833.0,2466,0.2507881623105868,0.1253940811552934,1.0,0.9999724642225902,0.3125,0.6875,0.2109375,0.49415,5,11,['high_quality'],high_quality,Medium_Dice (25-75%)
20160316_143445_1_721,0.5331407938388876,0.36345737314091614,0.38382368189643035,0.8726069466494755,3692,5927,539,220242,4231,9619,0.6161763177045431,0.12739305128811157,2,4,2115.5,1268,0.2996927440321437,0.14984637201607184,2.0,0.9999676621134527,0.3125,0.6875,0.2109375,0.4942,5,11,"['thin_low_area_failure', 'over_segmentation']",thin_low_area_failure,Low_Dice (<25%)
20160316_143445_641_361,0.8538108352370014,0.7449126736541318,0.7727083846316726,0.9539345429835493,9298,2735,449,217918,9747,12033,0.2272916147261697,0.046065456037755206,1,1,9747.0,2796,0.2868574946137273,0.14342874730686364,1.0,0.9999817942266802,0.375,0.625,0.15625,0.4940375,6,10,['high_quality'],high_quality,Medium_Dice (25-75%)
20160316_143445_641_721,0.8578024971886858,0.7510106571563666,0.8017655705720789,0.9222610843706859,8174,2021,689,219516,8863,10195,0.19823442864149093,0.0777389145887397,1,1,8863.0,2133,0.2406634322464177,0.12033171612320885,1.0,0.9999749392740499,0.375,0.625,0.1875,0.4940375,6,10,['high_quality'],high_quality,Medium_Dice (25-75%)
20160316_143527_1281_1081,0.7729099675350041,0.6298722563839684,0.7366687092118689,0.8129015887614968,9615,3437,2213,215135,11828,13052,0.2633312902237205,0.18709841055123436,4,3,2957.0,4261,0.360246871829557,0.1801234359147785,0.75,0.9999782685440042,0.25,0.75,0.1796875,0.49417500000000003,4,12,['boundary_margin_error'],boundary_margin_error,Medium_Dice (25-75%)
20160316_143527_1281_361,0.5880443594968294,0.4164750949875956,0.512252590687435,0.69015872796775,2174,2070,976,225180,3150,4244,0.4877474081055608,0.30984126984126986,4,2,787.5,1101,0.3495238095238095,0.17476190476190476,0.5,0.9999885279159589,0.3125,0.6875,0.1796875,0.4941625,5,11,['moderate_general_error'],moderate_general_error,Low_Dice (<25%)
20160316_143527_1281_721,0.7343668927351209,0.5802367909939862,0.6539513563044461,0.8373325756839735,17692,9362,3437,199909,21129,27054,0.34604864345383307,0.16266742391973119,7,3,3018.4285714285716,7452,0.35269061479483177,0.17634530739741588,0.42857142857142855,0.9999768581387763,0.3125,0.6875,0.1640625,0.4942125,5,11,"['complex_topology', 'boundary_margin_error']",complex_topology,Medium_Dice (25-75%)
20160316_143527_1921_361,0.6890096615385569,0.525564255757344,0.5514741417168583,0.9179404655580503,7987,6496,714,215203,8701,14483,0.4485258579023683,0.08205953338696702,2,4,4350.5,4261,0.48971382599701185,0.24485691299850593,2.0,0.9999827448836225,0.25,0.75,0.1875,0.493925,4,12,['moderate_general_error'],moderate_general_error,Low_Dice (<25%)
20160316_143527_1_1,0.6420287438865608,0.472785223543,0.6347377653777291,0.6494891650954427,5785,3329,3122,218164,8907,9114,0.3652622339258284,0.3505108341753677,2,1,4453.5,3323,0.37307735488941285,0.18653867744470642,0.5,0.9999810863488026,0.3125,0.6875,0.171875,0.49372499999999997,5,11,['moderate_general_error'],moderate_general_error,Low_Dice (<25%)
20160316_143527_1_361,0.6300155699724331,0.4598706059453216,0.4622956574753109,0.9887218007942788,2630,3059,30,224681,2660,5689,0.5377043417120759,0.011278195488721804,2,3,1330.0,1788,0.6721804511278195,0.3360902255639098,1.5,0.9999777940502756,0.3125,0.6875,0.1640625,0.49434999999999996,5,11,['over_segmentation'],over_segmentation,Low_Dice (<25%)
20160316_143527_641_1,0.8147459116739715,0.6874018994734392,0.7373504645659278,0.9102942775294889,8321,2964,820,218295,9141,11285,0.2626495347806823,0.08970572147467454,1,1,9141.0,2978,0.3257849250629034,0.1628924625314517,1.0,0.99998772564206,0.375,0.625,0.140625,0.49395,6,10,['boundary_margin_error'],boundary_margin_error,Medium_Dice (25-75%)
20160316_143527_641_361,0.7636395326350475,0.617651205123525,0.7004370066614597,0.8393792305279223,13143,5621,2515,209121,15658,18764,0.29956299296525263,0.16062076893600716,8,2,1957.25,5907,0.37725124536977905,0.18862562268488953,0.25,0.9999845400681255,0.25,0.75,0.1875,0.4940875,4,12,"['complex_topology', 'boundary_margin_error']",complex_topology,Medium_Dice (25-75%)
20160316_143527_641_721,0.6835718725236685,0.5192625850635044,0.690771890126125,0.6765203992663273,4394,1967,2101,221938,6495,6361,0.30922810878792645,0.3234795996920708,3,1,2165.0,2013,0.3099307159353349,0.15496535796766744,0.3333333333333333,0.9999768665759353,0.375,0.625,0.1875,0.49429999999999996,6,10,['boundary_margin_error'],boundary_margin_error,Low_Dice (<25%)
20160316_143547_1281_1081,0.8753781863198701,0.7783756065119763,0.8273420456771731,0.9293361855939547,3038,634,231,226497,3269,3672,0.17265795206971676,0.07066381156316917,3,2,1089.6666666666667,774,0.23676965432854083,0.11838482716427041,0.6666666666666666,0.9999758379960404,0.375,0.625,0.1640625,0.49431250000000004,6,10,['high_quality'],high_quality,High_Dice (>75%)
20160316_143547_1281_361,0.292220113425456,0.1711111108186135,0.17152158983632354,0.9862068868354001,1001,4835,14,224550,1015,5836,0.8284784098697738,0.013793103448275862,1,2,1015.0,210,0.20689655172413793,0.10344827586206896,2.0,0.9999866991577799,0.3125,0.6875,0.203125,0.49411249999999995,5,11,"['false_crack_high_fp', 'thin_low_area_failure', 'over_segmentation']",false_crack_high_fp,Low_Dice (<25%)
20160316_143547_1281_721,0.8873771101988266,0.7975542462167049,0.8290830164990765,0.9544886663597677,21392,4410,1020,203578,22412,25802,0.17091698317959847,0.045511333214349456,1,1,22412.0,4400,0.19632339817954667,0.09816169908977333,1.0,0.9999735855632923,0.3125,0.6875,0.1640625,0.4939875,5,11,['high_quality'],high_quality,High_Dice (>75%)
20160316_143547_1921_1081,0.8383019364672515,0.7216177445608867,0.7798699331594563,0.9061991999884894,20626,5822,2135,201817,22761,26448,0.22013006654567452,0.09380079961337376,3,3,7587.0,5059,0.2222661570229779,0.11113307851148894,1.0,0.9999693084516957,0.375,0.625,0.171875,0.49405,6,10,['boundary_margin_error'],boundary_margin_error,Medium_Dice (25-75%)
20160316_143547_1_1,0.7771112134203626,0.6354716977934733,0.7990130949585544,0.756378008889461,12630,3177,4068,210525,16698,15807,0.20098690453596507,0.2436219906575638,1,1,16698.0,4621,0.2767397293088993,0.13836986465444964,1.0,0.9999845122578235,0.3125,0.6875,0.1640625,0.493825,5,11,['boundary_margin_error'],boundary_margin_error,Medium_Dice (25-75%)
20160316_143547_641_1,0.8491134130173522,0.7377906933849379,0.7695573027922541,0.9470149183058588,1269,380,71,228680,1340,1649,0.23044269254093389,0.05298507462686567,1,1,1340.0,445,0.332089552238806,0.166044776119403,1.0,0.9999874524316655,0.375,0.625,0.171875,0.49427499999999996,6,10,['boundary_margin_error'],boundary_margin_error,Medium_Dice (25-75%)
20160316_143547_641_361,0.8845169024456238,0.7929451413337139,0.8082094409712673,0.9767358618634675,13645,3238,325,213192,13970,16883,0.19179055855002072,0.023264137437365783,2,1,6985.0,3890,0.278453829634932,0.139226914817466,0.5,0.9999839676878829,0.4375,0.5625,0.15625,0.49388750000000003,7,9,['high_quality'],high_quality,High_Dice (>75%)
20160316_143547_641_721,0.7162032563940399,0.5578790100233084,0.7410714212195296,0.6929499008075148,747,261,331,229061,1078,1008,0.25892857142857145,0.3070500927643785,2,1,539.0,561,0.5204081632653061,0.2602040816326531,0.5,0.9999771024990407,0.375,0.625,0.1640625,0.49424999999999997,6,10,['boundary_margin_error'],boundary_margin_error,Medium_Dice (25-75%)
20160318_181632_1281_1081,0.8701150992061063,0.7700918019125094,0.8020968753188942,0.9507381811648168,19126,4719,991,205564,20117,23845,0.19790312434472634,0.04926181836257891,1,1,20117.0,3066,0.1524084107968385,0.07620420539841925,1.0,0.9999774863610176,0.4375,0.5625,0.1796875,0.4937625,7,9,['high_quality'],high_quality,Medium_Dice (25-75%)
20160318_181632_1281_361,0.8582283376356338,0.7516637222003087,0.8930707300479956,0.8260025527002439,31061,3719,6543,189077,37604,34780,0.10692926969522715,0.17399744708009787,8,1,4700.5,5071,0.13485267524731412,0.06742633762365706,0.125,0.9999844296977141,0.4375,0.5625,0.1875,0.493725,7,9,"['complex_topology', 'high_quality']",complex_topology,Medium_Dice (25-75%)
20160318_181632_1281_721,0.88862102198461,0.7995661602052588,0.8505915914867032,0.9302101491556345,20273,3561,1521,205045,21794,23834,0.1494084081564152,0.06978985041754611,1,1,21794.0,2539,0.1164999541158117,0.05824997705790585,1.0,0.9999876792359013,0.375,0.625,0.15625,0.4942625,6,10,['high_quality'],high_quality,High_Dice (>75%)
20160318_181632_1921_1,0.7469949585624323,0.5961627717837494,0.7413892616097956,0.7526860700279624,3853,1344,1266,223937,5119,5197,0.25861073696363285,0.24731392850166048,5,1,1023.8,1148,0.22426255127954678,0.11213127563977339,0.2,0.9999816709194256,0.375,0.625,0.1640625,0.4944125000000001,6,10,"['complex_topology', 'boundary_margin_error']",complex_topology,Medium_Dice (25-75%)
20160318_181632_1921_361,0.8892933703657943,0.8006554986159302,0.9053325094069045,0.8738126462088897,21986,2299,3175,202940,25161,24285,0.09466749022030059,0.1261873534438218,1,2,25161.0,3071,0.12205397241763045,0.06102698620881523,2.0,0.9999781230710664,0.375,0.625,0.1640625,0.494075,6,10,['high_quality'],high_quality,High_Dice (>75%)
20160318_181632_1_1,0.9361091606984173,0.8798921149776505,0.916579489817802,0.9564891921785068,30666,2791,1395,195548,32061,33457,0.08342050990824043,0.04351080752315898,1,1,32061.0,3190,0.0994978322572596,0.0497489161286298,1.0,0.9999824846050193,0.3125,0.6875,0.171875,0.49353749999999996,5,11,['high_quality'],high_quality,High_Dice (>75%)
20160318_181632_1_361,0.9190687351229837,0.8502564085122946,0.8879605807884307,0.9524356595762049,4145,523,207,225525,4352,4668,0.1120394173093402,0.047564338235294115,2,2,2176.0,534,0.12270220588235294,0.06135110294117647,1.0,0.9999846040184883,0.375,0.625,0.1640625,0.4939875,6,10,['high_quality'],high_quality,High_Dice (>75%)
20160318_181632_641_1,0.8044619404976774,0.6728869349693123,0.9320831174248195,0.7075798356768763,1839,134,760,227667,2599,1973,0.06791687785098834,0.2924201616006156,2,2,1299.5,488,0.1877645248172374,0.0938822624086187,1.0,0.9999889194165215,0.375,0.625,0.1640625,0.4939,6,10,['boundary_margin_error'],boundary_margin_error,Medium_Dice (25-75%)
20160318_181632_641_361,0.9222001530653632,0.8556321061727615,0.9455092368243865,0.9000126692258931,35519,2047,3946,188888,39465,37566,0.05449076292392056,0.09998733054605347,1,1,39465.0,3248,0.08230077283669074,0.04115038641834537,1.0,0.9999855544525098,0.375,0.625,0.1640625,0.4937125,6,10,['high_quality'],high_quality,High_Dice (>75%)
20160318_181632_641_721,0.2094700530892965,0.11698774066901607,0.11932833140487278,0.8564102490905107,1002,7395,168,221835,1170,8397,0.8806716684530189,0.14358974358974358,1,1,1170.0,668,0.5709401709401709,0.28547008547008546,1.0,0.9999886703149254,0.375,0.625,0.171875,0.49417500000000003,6,10,"['false_crack_high_fp', 'thin_low_area_failure', 'over_segmentation']",false_crack_high_fp,Low_Dice (<25%)
20160321_183947_1281_361,0.7289016292261215,0.5734423440275096,0.5987636131917468,0.9313186770544015,2034,1363,150,226853,2184,3397,0.4012363850456285,0.06868131868131869,1,3,2184.0,385,0.1762820512820513,0.08814102564102565,3.0,0.9999928810505512,0.3125,0.6875,0.1640625,0.49331250000000004,5,11,['moderate_general_error'],moderate_general_error,Medium_Dice (25-75%)
20160321_183947_1281_721,0.9260512472044585,0.8622862541568223,0.8965424816413405,0.9575686246516847,30105,3474,1334,195487,31439,33579,0.10345751809166444,0.04243137504373549,1,2,31439.0,3118,0.09917618244855116,0.04958809122427558,2.0,0.9999837955884128,0.5,0.5,0.1484375,0.4932875,8,8,['high_quality'],high_quality,High_Dice (>75%)
20160321_183947_1921_721,0.9054240661380545,0.8271916439305269,0.8750465546632382,0.9379865590065918,28194,4026,1864,196316,30058,32220,0.1249534450651769,0.06201344068134939,1,1,30058.0,3092,0.10286778894138,0.05143389447069,1.0,0.9999820607470739,0.3125,0.6875,0.1796875,0.49321249999999994,5,11,['high_quality'],high_quality,High_Dice (>75%)
20160321_183947_1_721,0.8827597169459145,0.7901252132914547,0.8389801698132238,0.9313598052473143,44424,8526,3274,174176,47698,52950,0.16101983002832862,0.06864019455742379,1,2,47698.0,3492,0.07321061679735,0.036605308398675,2.0,0.9999813407725053,0.3125,0.6875,0.1640625,0.4928625,5,11,['high_quality'],high_quality,High_Dice (>75%)
20160321_183947_641_721,0.893077338981466,0.806810963793714,0.8113100938877071,0.9931735479526136,33026,7681,227,189466,33253,40707,0.18868990591298793,0.006826451748714402,1,1,33253.0,3297,0.0991489489670105,0.04957447448350525,1.0,0.9999837814787365,0.4375,0.5625,0.1640625,0.49302500000000005,7,9,['high_quality'],high_quality,High_Dice (>75%)
20160321_185557_1281_721,0.8724048760856289,0.7736862793953327,0.8335156881256783,0.9151005537586312,23616,4717,2191,199876,25807,28333,0.16648431158013624,0.08489944588677491,3,1,8602.333333333334,3922,0.1519742705467509,0.07598713527337544,0.3333333333333333,0.9999836887107598,0.375,0.625,0.171875,0.4941375,6,10,['high_quality'],high_quality,High_Dice (>75%)
20160321_185557_1921_1,0.8490752260013409,0.7377330344983348,0.7724681808601014,0.9425495417849186,9893,2914,603,216990,10496,12807,0.22753181853673773,0.05745045731707317,1,1,10496.0,2096,0.19969512195121952,0.09984756097560976,1.0,0.999977032205621,0.3125,0.6875,0.1796875,0.494725,5,11,['boundary_margin_error'],boundary_margin_error,Medium_Dice (25-75%)
20160321_185557_1921_1081,0.8169723753295149,0.6905775979297784,0.7538950968644301,0.8915685887598219,9242,3017,1124,217017,10366,12259,0.2461049025205971,0.10843141038008876,1,1,10366.0,1930,0.18618560679143353,0.09309280339571677,1.0,0.9999772341488937,0.4375,0.5625,0.171875,0.4947625,7,9,['boundary_margin_error'],boundary_margin_error,Medium_Dice (25-75%)
20160321_185557_1921_361,0.695529769566091,0.5331894537253912,0.5431372545792411,0.966790057147763,9141,7689,314,213256,9455,16830,0.4568627450980392,0.03320994182971972,2,4,4727.5,2665,0.28186144896879956,0.14093072448439978,2.0,0.9999808522612749,0.25,0.75,0.171875,0.4942625,4,12,['moderate_general_error'],moderate_general_error,Low_Dice (<25%)
20160321_185557_1921_721,0.8941843969940076,0.8086198047516265,0.8923111762003884,0.8960654988643524,23640,2853,2742,201165,26382,26493,0.1076888234628015,0.10393450079599727,1,2,26382.0,3311,0.1255022363732848,0.0627511181866424,2.0,0.9999734644826273,0.375,0.625,0.171875,0.4943,6,10,['high_quality'],high_quality,High_Dice (>75%)
20160321_185557_1_361,0.32268722422537555,0.19238345339398646,0.19474908575149705,0.9406099442968705,1172,4846,74,224308,1246,6018,0.805250913924892,0.0593900481540931,1,5,1246.0,314,0.2520064205457464,0.1260032102728732,5.0,0.9999788700977779,0.375,0.625,0.171875,0.4945625,6,10,"['false_crack_high_fp', 'thin_low_area_failure', 'over_segmentation', 'fragmented_prediction']",false_crack_high_fp,Low_Dice (<25%)
20160321_185557_1_721,0.8222112604650338,0.6980974030959685,0.7206324368095556,0.9571256693879877,17502,6785,784,205329,18286,24287,0.27936756289372916,0.042874330088592365,1,1,18286.0,3861,0.21114513835721316,0.10557256917860658,1.0,0.9999819503150356,0.3125,0.6875,0.171875,0.49450000000000005,5,11,['boundary_margin_error'],boundary_margin_error,Medium_Dice (25-75%)
20160321_185557_641_721,0.9016319127602828,0.8208832023025657,0.8772935775947012,0.9273591938980981,19890,2782,1558,206170,21448,22672,0.12270642201834862,0.0726408056695263,1,2,21448.0,3301,0.1539071242073853,0.07695356210369265,2.0,0.9999817733625329,0.375,0.625,0.1640625,0.4943624999999999,6,10,['high_quality'],high_quality,High_Dice (>75%)
20160324_170347_1281_1,0.8818864177298638,0.788727041432898,0.8539495325645234,0.9117130294118404,6227,1065,603,222505,6830,7292,0.14605046626439935,0.0882869692532943,2,1,3415.0,2141,0.31346998535871157,0.15673499267935578,0.5,0.9999934084588551,0.375,0.625,0.15625,0.4927875,6,10,['high_quality'],high_quality,High_Dice (>75%)
20160324_170347_1281_1081,0.82696177002949,0.7049742701482795,0.8567599749005956,0.799166665556713,5754,962,1446,222238,7200,6716,0.1432400238237046,0.20083333333333334,1,1,7200.0,2631,0.36541666666666667,0.18270833333333333,1.0,0.9999858685736942,0.25,0.75,0.203125,0.492125,4,12,['boundary_margin_error'],boundary_margin_error,Medium_Dice (25-75%)
20160324_170347_1281_361,0.8079820119123204,0.6778270294465463,0.71003754128627,0.9372717775987588,7187,2935,481,219797,7668,10122,0.28996245801225057,0.0627282211789254,5,1,1533.6,2600,0.33907146583202924,0.16953573291601462,0.2,0.999992781298479,0.1875,0.8125,0.1953125,0.49232499999999996,3,13,"['complex_topology', 'boundary_margin_error']",complex_topology,Medium_Dice (25-75%)
20160324_170347_1281_721,0.7767526761178387,0.6349923363434764,0.784219963355031,0.7694262527910993,7872,2166,2359,218003,10231,10038,0.21578003586371788,0.23057374645684683,1,2,10231.0,4382,0.4283061284331932,0.2141530642165966,2.0,0.9999885578258477,0.25,0.75,0.1875,0.49221249999999994,4,12,['boundary_margin_error'],boundary_margin_error,Medium_Dice (25-75%)
20160324_170347_641_1,0.7100416713132925,0.55043768122043,0.5688132660589851,0.9445636589965534,2641,2002,155,225602,2796,4643,0.43118673271591645,0.05543633762517883,1,2,2796.0,2183,0.780758226037196,0.390379113018598,2.0,0.9999932475044965,0.3125,0.6875,0.1640625,0.49205,5,11,['moderate_general_error'],moderate_general_error,Medium_Dice (25-75%)
20160324_170347_641_361,0.7362964378071456,0.5826496496769225,0.6072842429021628,0.9349097978183575,3835,2480,267,223818,4102,6315,0.3927157561361837,0.06509019990248659,3,1,1367.3333333333333,2940,0.7167235494880546,0.3583617747440273,0.3333333333333333,0.9999900452059454,0.25,0.75,0.1796875,0.49167500000000003,4,12,['boundary_margin_error'],boundary_margin_error,Medium_Dice (25-75%)
20160324_170347_641_721,0.7985004673562942,0.6645865817353442,0.7125731789445966,0.9079928919787108,2556,1031,259,226554,2815,3587,0.28742681906885975,0.09200710479573712,1,1,2815.0,1498,0.5321492007104796,0.2660746003552398,1.0,0.9999896418918076,0.25,0.75,0.1953125,0.491675,4,12,['boundary_margin_error'],boundary_margin_error,Medium_Dice (25-75%)
20160326_141808_1281_1,0.078421256186739,0.04081084703878259,0.09345219768382355,0.06755555540543211,304,2949,4196,222951,4500,3253,0.9065478020288964,0.9324444444444444,4,7,1125.0,1265,0.2811111111111111,0.14055555555555554,1.75,0.9999917499978339,0.375,0.625,0.171875,0.4951375,6,10,"['missed_crack_high_fn', 'false_crack_high_fp', 'thin_low_area_failure']",missed_crack_high_fn,Low_Dice (<25%)
20160326_141808_641_1,0.9155290063330673,0.8442171452067888,0.8515872948286722,0.9898523893925056,1073,187,11,229129,1084,1260,0.1484126984126984,0.01014760147601476,1,1,1084.0,178,0.16420664206642066,0.08210332103321033,1.0,0.9999914441778559,0.5,0.5,0.140625,0.495,8,8,['high_quality'],high_quality,High_Dice (>75%)
20160326_141808_641_361,0.7711096876904631,0.6274845524994532,0.6670623609788997,0.9136136994216197,8429,4207,797,216967,9226,12636,0.332937638493194,0.08638629958812052,1,1,9226.0,1956,0.21200953826143507,0.10600476913071753,1.0,0.9999906988210924,0.5,0.5,0.140625,0.4948,8,8,['boundary_margin_error'],boundary_margin_error,Medium_Dice (25-75%)
20160326_141808_641_721,0.658773446415609,0.49117238594408613,0.6127954453498387,0.7122105555699546,4952,3129,2001,220318,6953,8081,0.38720455389184505,0.28778944340572415,4,4,1738.25,1926,0.27700273263339564,0.13850136631669782,1.0,0.9999814194490609,0.5,0.5,0.140625,0.4949625,8,8,['boundary_margin_error'],boundary_margin_error,Low_Dice (<25%)
20160326_142521_1281_1,0.4446676709388539,0.2858988157259427,0.8647709987741025,0.2992788459290273,3984,623,9328,216465,13312,4607,0.13522899934881702,0.7007211538461539,1,2,13312.0,1582,0.11884014423076923,0.059420072115384616,2.0,0.9999848501475928,0.4375,0.5625,0.1875,0.49451249999999997,7,9,['missed_crack_high_fn'],missed_crack_high_fn,Low_Dice (<25%)
20160326_142521_1281_1081,0.4324324317283744,0.27586206839247596,0.46498599276965685,0.40413876931181136,1328,1528,1958,225586,3286,2856,0.5350140056022409,0.595861229458308,2,1,1643.0,933,0.2839318320146074,0.1419659160073037,0.5,0.999983258502785,0.3125,0.6875,0.15625,0.49415000000000003,5,11,['thin_low_area_failure'],thin_low_area_failure,Low_Dice (<25%)
20160326_142521_1281_361,0.5123852145131683,0.3444340695669322,0.8968125313430239,0.3586475096050043,3320,382,5937,220761,9257,3702,0.10318746623446785,0.6413524900075619,1,7,9257.0,1801,0.19455547153505456,0.09727773576752728,7.0,0.9999875915828006,0.4375,0.5625,0.1796875,0.49434999999999996,7,9,['fragmented_prediction'],fragmented_prediction,Low_Dice (<25%)
20160326_142521_1281_721,0.7055118106405041,0.5450121649928583,0.8893756833387518,0.5846458459322781,6496,808,4615,218481,11111,7304,0.11062431544359255,0.41535415354153543,1,1,11111.0,1846,0.16614166141661416,0.08307083070830708,1.0,0.999980181570875,0.4375,0.5625,0.1796875,0.494325,7,9,['moderate_general_error'],moderate_general_error,Low_Dice (<25%)
20160326_142521_641_1,0.0,0.0,0.0,0.0,0,347,1355,228698,1355,347,1.0,1.0,1,2,1355.0,291,0.21476014760147602,0.10738007380073801,2.0,0.9999889347254887,0.375,0.625,0.1796875,0.494425,6,10,"['missed_crack_high_fn', 'thin_low_area_failure']",missed_crack_high_fn,Low_Dice (<25%)
20160326_142521_641_1081,0.0,0.0,0.0,0.0,0,745,2487,227168,2487,745,1.0,1.0,2,3,1243.5,797,0.32046642541214315,0.16023321270607158,1.5,0.9999863002494658,0.375,0.625,0.15625,0.49418749999999995,6,10,"['missed_crack_high_fn', 'false_crack_high_fp', 'thin_low_area_failure']",missed_crack_high_fn,Low_Dice (<25%)
20160326_142745_1281_1081,0.7890837234019712,0.6516418505983238,0.8899721423677656,0.7087400161740461,3195,395,1313,225497,4508,3590,0.11002785515320335,0.2912599822537711,2,1,2254.0,1217,0.2699645075421473,0.13498225377107365,0.5,0.9999825641373636,0.4375,0.5625,0.1640625,0.4945625,7,9,['boundary_margin_error'],boundary_margin_error,Medium_Dice (25-75%)
20160326_142745_1281_361,0.05247475579169446,0.0269443263689381,0.9999999684542598,0.0269443263689381,317,0,11448,218635,11765,317,0.0,0.9730556736081598,1,1,11765.0,1303,0.11075223119422015,0.05537611559711007,1.0,0.9999868137949853,0.4375,0.5625,0.171875,0.49455000000000005,7,9,['missed_crack_high_fn'],missed_crack_high_fn,Low_Dice (<25%)
20160326_142745_1281_721,0.6387856689901193,0.46927633249071526,0.8876656265708636,0.49890482942782566,9111,1153,9151,210985,18262,10264,0.11233437256430241,0.5010951702989815,1,2,18262.0,3193,0.17484393823239514,0.08742196911619757,2.0,0.9999882381217376,0.4375,0.5625,0.1484375,0.49416249999999995,7,9,['moderate_general_error'],moderate_general_error,Low_Dice (<25%)
20160326_142745_1921_1081,0.6060894380531975,0.4348122860958194,0.7508250807382719,0.508136565877255,3185,1057,3083,223075,6268,4242,0.24917491749174916,0.4918634333120613,2,1,3134.0,2013,0.3211550733886407,0.16057753669432034,0.5,0.9999808724210406,0.375,0.625,0.171875,0.4948875,6,10,['moderate_general_error'],moderate_general_error,Low_Dice (<25%)
20160326_142745_1_1,0.5406646849767339,0.370486946633039,0.9166284915000329,0.38340678266372435,6003,546,9654,214197,15657,6549,0.08337150710032067,0.6165932170913968,1,1,15657.0,3472,0.2217538481190522,0.1108769240595261,1.0,0.9999890116793053,0.3125,0.6875,0.1796875,0.4941875,5,11,['moderate_general_error'],moderate_general_error,Low_Dice (<25%)
20160326_142745_641_361,0.6699504391529233,0.5037033648026228,0.9015548274128029,0.5330204651734383,11017,1203,9652,208528,20669,12220,0.09844517184942717,0.46697953456867775,1,6,20669.0,4010,0.19401035366974698,0.09700517683487349,6.0,0.9999872396503463,0.4375,0.5625,0.140625,0.49456249999999996,7,9,['fragmented_prediction'],fragmented_prediction,Low_Dice (<25%)
20160328_151020_1281_361,0.5703213559248355,0.398915769140391,0.4070826432308134,0.9521168902806822,10817,15755,544,203284,11361,26572,0.5929173566159868,0.047883108881260454,6,1,1893.5,3906,0.3438077634011091,0.17190388170055454,0.16666666666666666,0.9999883064370025,0.25,0.75,0.171875,0.493475,4,12,"['over_segmentation', 'complex_topology']",over_segmentation,Low_Dice (<25%)
20160328_151020_1921_361,0.5067840923333469,0.33939103496778567,0.3486839612389002,0.9271903313925576,9207,17198,723,203272,9930,26405,0.6513160386290475,0.07280966767371601,1,1,9930.0,4010,0.4038267875125881,0.20191339375629405,1.0,0.9999808859472703,0.3125,0.6875,0.203125,0.4933375,5,11,"['false_crack_high_fp', 'over_segmentation']",false_crack_high_fp,Low_Dice (<25%)
20160328_151020_1_1,0.6741536228272259,0.5084703887525692,0.5142969333829661,0.9782047793466834,14407,13606,321,202066,14728,28013,0.48570306643344163,0.02179521998913634,1,1,14728.0,4702,0.3192558392178164,0.1596279196089082,1.0,0.9999755574796212,0.375,0.625,0.15625,0.49368749999999995,6,10,['moderate_general_error'],moderate_general_error,Low_Dice (<25%)
20160328_151020_1_361,0.36075401294827547,0.2200731408207451,0.22084488646155204,0.9843693166689591,2708,9554,43,218095,2751,12262,0.7791551133583429,0.015630679752817157,1,4,2751.0,1264,0.45946928389676484,0.22973464194838242,4.0,0.9999766573774569,0.25,0.75,0.1953125,0.4934125,4,12,"['false_crack_high_fp', 'thin_low_area_failure', 'over_segmentation', 'fragmented_prediction']",false_crack_high_fp,Low_Dice (<25%)
20160328_151020_641_361,0.5701559017342767,0.3987538938166939,0.42043469115910637,0.8854871932801189,6016,8293,778,215313,6794,14309,0.5795653085470682,0.114512805416544,5,3,1358.8,2741,0.4034442154842508,0.2017221077421254,0.6,0.9999852307110573,0.3125,0.6875,0.171875,0.49343750000000003,5,11,"['over_segmentation', 'complex_topology']",over_segmentation,Low_Dice (<25%)
20160328_151020_641_721,0.7264694821636579,0.5704374351373137,0.5860970674488892,0.9552570855675205,11593,8187,543,210077,12136,19780,0.41390293225480285,0.04474291364535267,1,1,12136.0,3877,0.3194627554383652,0.1597313777191826,1.0,0.999969151843195,0.1875,0.8125,0.203125,0.493375,3,13,['moderate_general_error'],moderate_general_error,Medium_Dice (25-75%)
20160328_151057_1281_1,0.8196123576860369,0.6943586397425482,0.7630873668695956,0.8851813453156864,4271,1326,554,224249,4825,5597,0.23691263176701804,0.11481865284974094,3,1,1608.3333333333333,1961,0.40642487046632125,0.20321243523316063,0.3333333333333333,0.9999964213770377,0.25,0.75,0.1796875,0.4931625,4,12,['boundary_margin_error'],boundary_margin_error,Medium_Dice (25-75%)
20160328_151057_1281_1081,0.5346185925158786,0.3648323841052089,0.38675070351783464,0.8655462158897171,2884,4573,448,222495,3332,7457,0.6132492959635242,0.13445378151260504,4,5,833.0,2058,0.6176470588235294,0.3088235294117647,1.25,0.9999911506571963,0.25,0.75,0.203125,0.49368750000000006,4,12,"['thin_low_area_failure', 'over_segmentation']",thin_low_area_failure,Low_Dice (<25%)
20160328_151057_1281_361,0.7945458741279209,0.6591257660287247,0.7238910714150883,0.8804848883720593,5157,1967,700,222576,5857,7124,0.2761089275687816,0.11951511012463718,2,1,2928.5,2153,0.3675943315690627,0.18379716578453134,0.5,0.9999969686884405,0.1875,0.8125,0.203125,0.49319999999999997,3,13,['boundary_margin_error'],boundary_margin_error,Medium_Dice (25-75%)
20160328_151057_1281_721,0.8238714702883905,0.7004944183187245,0.8231805924988437,0.8245635082350972,13743,2952,2924,210781,16667,16695,0.17681940700808627,0.1754364912701746,2,3,8333.5,5496,0.32975340493190136,0.16487670246595068,1.5,0.9999895565584163,0.3125,0.6875,0.2109375,0.493025,5,11,['boundary_margin_error'],boundary_margin_error,Medium_Dice (25-75%)
20160328_151057_1921_721,0.8382550642815563,0.72154828354226,0.8816187217146575,0.7989572279966798,9041,1214,2275,217870,11316,10255,0.11838127742564603,0.20104277129727818,1,1,11316.0,3174,0.2804878048780488,0.1402439024390244,1.0,0.999988931136285,0.25,0.75,0.1953125,0.49350000000000005,4,12,['boundary_margin_error'],boundary_margin_error,Medium_Dice (25-75%)
20160328_151057_641_1081,0.7198723058261308,0.562344138871787,0.6007992886311437,0.8978102169922358,4059,2697,462,223182,4521,6756,0.39920071047957373,0.10218978102189781,2,2,2260.5,2225,0.49214775492147755,0.24607387746073878,1.0,0.9999922918839219,0.25,0.75,0.21875,0.493375,4,12,['boundary_margin_error'],boundary_margin_error,Medium_Dice (25-75%)
20160328_151057_641_721,0.7969194702855186,0.6623991084575577,0.7505518751962286,0.8493932889910898,4760,1582,844,223214,5604,6342,0.24944812362030905,0.15060670949321914,2,1,2802.0,1913,0.3413633119200571,0.17068165596002854,0.5,0.9999925756848574,0.3125,0.6875,0.1796875,0.49307500000000004,5,11,['boundary_margin_error'],boundary_margin_error,Medium_Dice (25-75%)
20160328_151244_1281_1081,0.9048390929337484,0.8262156611832114,0.8515580502597193,0.9652326273964897,20933,3649,754,205064,21687,24582,0.14844194939386543,0.03476737215843593,1,1,21687.0,1886,0.08696454096924425,0.043482270484622124,1.0,0.9999922413695326,0.4375,0.5625,0.1640625,0.49417500000000003,7,9,['high_quality'],high_quality,High_Dice (>75%)
20160328_151244_1281_361,0.8854067032529341,0.7943764831862784,0.8643172152789872,0.9075511051699828,21754,3415,2216,203015,23970,25169,0.13568278437760736,0.09244889445139758,1,2,23970.0,3379,0.14096787651230705,0.07048393825615352,2.0,0.9999956174297664,0.375,0.625,0.15625,0.4932875,6,10,['high_quality'],high_quality,High_Dice (>75%)
20160328_151244_1281_721,0.8446448463376325,0.7310694409941285,0.8127820314828418,0.8791077736574407,39806,9169,5474,175951,45280,48975,0.18721796835119958,0.1208922261484099,6,3,7546.666666666667,6598,0.1457155477031802,0.0728577738515901,0.5,0.9999921213468341,0.3125,0.6875,0.171875,0.4933375,5,11,"['complex_topology', 'boundary_margin_error']",complex_topology,Medium_Dice (25-75%)
20160328_151244_1921_1081,0.7347690331160284,0.5807390526692748,0.7423164012579806,0.7273735921265279,4589,1593,1720,222498,6309,6182,0.2576835975412488,0.27262640672055793,3,2,2103.0,1675,0.26549373910286894,0.13274686955143447,0.6666666666666666,0.9999961627520679,0.375,0.625,0.1796875,0.494575,6,10,['boundary_margin_error'],boundary_margin_error,Medium_Dice (25-75%)
20160328_151244_1921_361,0.8787947659211671,0.7837947408827189,0.9171806164292848,0.8434928942771464,27066,2444,5022,195868,32088,29510,0.0828193832599119,0.15650710545998503,2,1,16044.0,3054,0.09517576664173523,0.047587883320867615,0.5,0.999992807764817,0.4375,0.5625,0.15625,0.49390000000000006,7,9,['high_quality'],high_quality,High_Dice (>75%)
20160328_151244_1921_721,0.8795232469795422,0.784954479964551,0.8237624955601177,0.943381014686066,40955,8762,2458,178225,43413,49717,0.17623750427419194,0.05661898509663004,4,2,10853.25,5681,0.1308594199894041,0.06542970999470205,0.5,0.9999918819895605,0.4375,0.5625,0.15625,0.493975,7,9,['high_quality'],high_quality,High_Dice (>75%)
20160328_151244_1_1,0.8641602386205368,0.760811751801174,0.8879979303495684,0.8415689018239997,24031,3031,4524,198814,28555,27062,0.11200206932229695,0.15843109788128173,1,1,28555.0,4036,0.1413412712309578,0.0706706356154789,1.0,0.9999907282054179,0.4375,0.5625,0.1484375,0.49322499999999997,7,9,['high_quality'],high_quality,Medium_Dice (25-75%)
20160328_151244_1_1081,0.8417786964206972,0.7267857134204933,0.855281590283999,0.8286955330138516,6105,1033,1262,222000,7367,7138,0.1447184085177921,0.17130446586127324,1,1,7367.0,1519,0.20618976516899687,0.10309488258449843,1.0,0.999991342639589,0.375,0.625,0.171875,0.49366249999999995,6,10,['boundary_margin_error'],boundary_margin_error,Medium_Dice (25-75%)
20160328_151244_1_721,0.8947742012251194,0.8095849755018005,0.866296980488982,0.9251872844071739,18278,2821,1478,207823,19756,21099,0.1337030191004313,0.07481271512451913,1,1,19756.0,2941,0.14886616724033205,0.07443308362016603,1.0,0.9999923089469724,0.4375,0.5625,0.1953125,0.4931625,7,9,['high_quality'],high_quality,High_Dice (>75%)
20160328_151244_641_1,0.8924490301874846,0.8057859678806089,0.8828796557651865,0.9022281187252468,19720,2616,2137,205927,21857,22336,0.11712034383954155,0.09777188086196642,1,2,21857.0,3341,0.15285720821704718,0.07642860410852359,2.0,0.9999936848841924,0.375,0.625,0.15625,0.49336250000000004,6,10,['high_quality'],high_quality,High_Dice (>75%)
20160328_151244_641_361,0.8938362041739151,0.8080504962706693,0.8676666661846296,0.921633423272965,15618,2382,1328,211072,16946,18000,0.13233333333333333,0.07836657618317007,1,1,16946.0,2183,0.12882096069868995,0.06441048034934498,1.0,0.9999951839775113,0.4375,0.5625,0.1640625,0.4933875,7,9,['high_quality'],high_quality,High_Dice (>75%)
20160328_151244_641_721,0.887577069312084,0.7978773583561527,0.8731610189754874,0.9024771339743755,47362,6880,5118,171040,52480,54242,0.12683898086353748,0.09752286585365853,1,1,52480.0,5253,0.1000952743902439,0.05004763719512195,1.0,0.9999938401164274,0.4375,0.5625,0.15625,0.49303749999999996,7,9,['high_quality'],high_quality,High_Dice (>75%)
20160328_151752_1281_361,0.7853594768960466,0.6465777009391219,0.7967700101398267,0.7742711491068955,13518,3448,3941,209493,17459,16966,0.2032299893905458,0.22572885044962485,2,1,8729.5,2428,0.13906867518185462,0.06953433759092731,0.5,0.999994630859468,0.5,0.5,0.1484375,0.49324999999999997,8,8,['boundary_margin_error'],boundary_margin_error,Medium_Dice (25-75%)
20160328_151752_1281_721,0.8165715995072264,0.6900050726915208,0.8774193534235172,0.7636159450258059,5440,760,1684,222516,7124,6200,0.12258064516129032,0.23638405390230208,1,2,7124.0,1432,0.20101066816395283,0.10050533408197641,2.0,0.9999896882926593,0.4375,0.5625,0.171875,0.49319999999999997,7,9,['boundary_margin_error'],boundary_margin_error,Medium_Dice (25-75%)
20160328_151752_1921_721,0.7854971285248289,0.6467643238840111,0.882993265716676,0.7073902812089762,17440,2311,7214,203435,24654,19751,0.11700673383626145,0.29260971850409667,4,1,6163.5,4532,0.18382412590249048,0.09191206295124524,0.25,0.9999892509018525,0.3125,0.6875,0.171875,0.493275,5,11,['boundary_margin_error'],boundary_margin_error,Medium_Dice (25-75%)
20160328_151752_1_361,0.7480934010340998,0.5975632700171403,0.635594916123489,0.9089803213531447,12703,7283,1272,209142,13975,19986,0.36440508355849094,0.09101967799642219,1,1,13975.0,2708,0.19377459749552772,0.09688729874776386,1.0,0.9999914474538141,0.5,0.5,0.1875,0.49334999999999996,8,8,['boundary_margin_error'],boundary_margin_error,Medium_Dice (25-75%)
20160328_151752_1_721,0.45796977982981535,0.29699144273532585,0.29699144273532585,0.9999999907063198,1076,2547,0,226777,1076,3623,0.7030085564449351,0.0,5,2,215.2,573,0.5325278810408922,0.2662639405204461,0.4,0.9999908671604961,0.4375,0.5625,0.1953125,0.4929125,7,9,"['false_crack_high_fp', 'thin_low_area_failure', 'over_segmentation', 'complex_topology']",false_crack_high_fp,Low_Dice (<25%)
20160328_151752_641_361,0.7777426777431872,0.6363166442784239,0.7368736100834301,0.8234113708440461,17234,6154,3696,203316,20930,23388,0.26312638960150503,0.1765886287625418,5,1,4186.0,3827,0.18284758719541327,0.09142379359770664,0.2,0.999993933101922,0.4375,0.5625,0.171875,0.493275,7,9,"['complex_topology', 'boundary_margin_error']",complex_topology,Medium_Dice (25-75%)
20160328_152022_1281_721,0.904579854739084,0.8257834755482097,0.8586367269429638,0.9557174884741105,28985,4772,1343,195300,30328,33757,0.14136327280267796,0.044282511210762335,1,1,30328.0,3008,0.09918227380638354,0.04959113690319177,1.0,0.9999922080578001,0.5,0.5,0.15625,0.49312500000000004,8,8,['high_quality'],high_quality,High_Dice (>75%)
20160328_152022_1921_1,0.8160517928187998,0.6892630842033998,0.7445152815071111,0.9027967247580756,7941,2725,855,218879,8796,10666,0.2554847177948622,0.09720327421555253,1,2,8796.0,850,0.09663483401546158,0.04831741700773079,2.0,0.9999919790988443,0.4375,0.5625,0.1953125,0.49371250000000005,7,9,['boundary_margin_error'],boundary_margin_error,Medium_Dice (25-75%)
20160328_152022_1921_361,0.7651747135439458,0.6196623295105947,0.6734226748353739,0.8858724681239996,18241,8846,2350,200963,20591,27087,0.3265773249160114,0.11412753144577728,3,2,6863.666666666667,3230,0.15686464960419602,0.07843232480209801,0.6666666666666666,0.9999879034263157,0.375,0.625,0.15625,0.49350000000000005,6,10,['boundary_margin_error'],boundary_margin_error,Medium_Dice (25-75%)
20160328_152022_1921_721,0.8641578497102104,0.7608080484508662,0.7952510058374407,0.9461388065042632,9679,2492,551,217678,10230,12171,0.20474899350916112,0.05386119257086999,1,1,10230.0,1710,0.16715542521994134,0.08357771260997067,1.0,0.9999915947128093,0.4375,0.5625,0.1875,0.49403749999999996,7,9,['high_quality'],high_quality,Medium_Dice (25-75%)
20160328_152022_1_1081,0.7019117063944069,0.5407272447121177,0.5802851319101547,0.8880438836952451,7123,5152,898,217227,8021,12275,0.41971486761710797,0.11195611519760629,1,3,8021.0,2299,0.28662261563396085,0.14331130781698043,3.0,0.9999944540953056,0.375,0.625,0.171875,0.49326250000000005,6,10,['moderate_general_error'],moderate_general_error,Low_Dice (<25%)
20160328_152022_1_361,0.6976190465809241,0.5356489932914785,0.5583611230148616,0.9294210906842938,2344,1854,178,226024,2522,4198,0.44163887565507387,0.07057890563045202,2,1,1261.0,818,0.32434575733544807,0.16217287866772404,0.5,0.9999900015569866,0.4375,0.5625,0.171875,0.4934125,7,9,['moderate_general_error'],moderate_general_error,Low_Dice (<25%)
20160328_152022_1_721,0.7275067270811356,0.5717175426887481,0.6423553712372362,0.838683570490041,6218,3462,1196,219524,7414,9680,0.3576446280991736,0.1613164283787429,2,3,3707.0,1733,0.23374696520097113,0.11687348260048556,1.5,0.9999922209405036,0.4375,0.5625,0.1953125,0.493225,7,9,['boundary_margin_error'],boundary_margin_error,Medium_Dice (25-75%)
20160328_152022_641_361,0.8346337777680918,0.7161987037599238,0.8011812076235268,0.871001633860027,14922,3703,2210,209565,17132,18625,0.19881879194630872,0.12899836563156666,1,1,17132.0,2760,0.16110203128648143,0.08055101564324071,1.0,0.9999930272909983,0.375,0.625,0.171875,0.49306249999999996,6,10,['boundary_margin_error'],boundary_margin_error,Medium_Dice (25-75%)
20160328_152022_641_721,0.8017914623367973,0.6691585288655055,0.7178587535873596,0.9079497902193802,14322,5629,1452,208997,15774,19951,0.2821412460528294,0.09205020920502092,3,2,5258.0,2652,0.1681247622670217,0.08406238113351085,0.6666666666666666,0.9999930734407599,0.375,0.625,0.171875,0.49291250000000003,6,10,['boundary_margin_error'],boundary_margin_error,Medium_Dice (25-75%)
20160328_152305_1281_361,0.8875629957459412,0.7978546132066994,0.8326721369313232,0.9502015497983246,15322,3079,803,211196,16125,18401,0.16732786261616217,0.0497984496124031,2,2,8062.5,1636,0.10145736434108527,0.05072868217054263,1.0,0.9999935580032193,0.375,0.625,0.1640625,0.49405,6,10,['high_quality'],high_quality,High_Dice (>75%)
20160328_152305_1281_721,0.8022606207606013,0.669812343708747,0.7060774108363859,0.9287809273303896,12350,5141,947,211962,13297,17491,0.29392258875993366,0.0712190719711213,2,3,6648.5,1594,0.11987666390915244,0.05993833195457622,1.5,0.999991722530795,0.3125,0.6875,0.171875,0.4941,5,11,['boundary_margin_error'],boundary_margin_error,Medium_Dice (25-75%)
20160328_152305_1921_361,0.8267564964722316,0.7046759636736092,0.7263410671966647,0.9593906357400864,21475,8091,909,199925,22384,29566,0.2736589325576676,0.04060936383130808,3,4,7461.333333333333,2186,0.0976590421729807,0.04882952108649035,1.3333333333333333,0.9999829186323346,0.25,0.75,0.1875,0.494325,4,12,['boundary_margin_error'],boundary_margin_error,Medium_Dice (25-75%)
20160328_152305_1921_721,0.9250377640593411,0.8605304755193334,0.9186773340925882,0.9314868798761016,14697,1301,1081,213321,15778,15998,0.08132266533316665,0.06851311953352769,1,1,15778.0,1312,0.08315375839776905,0.041576879198884524,1.0,0.9999914477162894,0.375,0.625,0.15625,0.4941375,6,10,['high_quality'],high_quality,High_Dice (>75%)
20160328_152305_1_361,0.7743910733520237,0.6318419003931154,0.686200035759209,0.8885939566799954,11382,5205,1427,212386,12809,16587,0.3137999638270935,0.1114060426262784,1,1,12809.0,3367,0.26286205012100866,0.13143102506050433,1.0,0.9999934559699902,0.5625,0.4375,0.1796875,0.49365000000000003,9,7,['boundary_margin_error'],boundary_margin_error,Medium_Dice (25-75%)
20160328_152305_641_361,0.7574696790221457,0.6096186678374396,0.652950499480035,0.90182705994626,10711,5693,1166,212830,11877,16404,0.3470495001219215,0.09817293929443462,2,2,5938.5,2578,0.2170581796750021,0.10852908983750105,1.0,0.9999929506125873,0.3125,0.6875,0.171875,0.49388750000000003,5,11,['boundary_margin_error'],boundary_margin_error,Medium_Dice (25-75%)
20160328_152305_641_721,0.7979347569120078,0.663803201615071,0.7349762210397854,0.8726899379503645,17000,6130,2480,204790,19480,23130,0.2650237786424557,0.1273100616016427,2,3,9740.0,2953,0.15159137577002055,0.07579568788501027,1.5,0.9999933056334798,0.5,0.5,0.1640625,0.49365000000000003,8,8,['boundary_margin_error'],boundary_margin_error,Medium_Dice (25-75%)
20160328_152511_1281_361,0.7067591342993691,0.546502320676723,0.5927083328188296,0.8751602142076901,6828,4692,974,217906,7802,11520,0.40729166666666666,0.12483978467059728,3,3,2600.6666666666665,2301,0.2949243783645219,0.14746218918226095,1.0,0.9999924655066287,0.3125,0.6875,0.171875,0.4935625,5,11,['moderate_general_error'],moderate_general_error,Low_Dice (<25%)
20160328_152511_1281_721,0.8183565586910487,0.6925579494475289,0.7122542859162774,0.9616036119676198,5109,2064,204,223023,5313,7173,0.287745713090757,0.038396386222473176,1,1,5313.0,1252,0.23564840956145303,0.11782420478072651,1.0,0.9999887179802913,0.3125,0.6875,0.15625,0.49383750000000004,5,11,['boundary_margin_error'],boundary_margin_error,Medium_Dice (25-75%)
20160328_152511_1921_361,0.7842078084028249,0.6450179675628762,0.6870824048670083,0.9133129790791813,9872,4496,937,215095,10809,14368,0.3129175946547884,0.08668702007586271,2,2,5404.5,1974,0.1826255897862892,0.0913127948931446,1.0,0.9999804797776932,0.3125,0.6875,0.1640625,0.4941375,5,11,['boundary_margin_error'],boundary_margin_error,Medium_Dice (25-75%)
20160328_152511_1921_721,0.39528354819831224,0.24632610188205495,0.7394957957300566,0.26973180042179845,2112,744,5718,221826,7830,2856,0.2605042016806723,0.7302681992337164,1,2,7830.0,1447,0.18480204342273307,0.09240102171136653,2.0,0.9999833989599771,0.25,0.75,0.1796875,0.494075,4,12,"['missed_crack_high_fn', 'thin_low_area_failure']",missed_crack_high_fn,Low_Dice (<25%)
20160328_152511_1_361,0.6558455640749601,0.4879242641665729,0.535509770036301,0.8459386357866842,9071,7868,1652,211809,10723,16939,0.46449022964755887,0.15406136342441482,1,1,10723.0,3459,0.3225776368553576,0.1612888184276788,1.0,0.9999900362048539,0.375,0.625,0.21875,0.49325,6,10,['moderate_general_error'],moderate_general_error,Low_Dice (<25%)
20160328_152511_641_361,0.7786500164341981,0.6375322609502024,0.6408401513466174,0.9919684910093687,12845,7199,104,210252,12949,20044,0.35915984833366593,0.008031508224573327,1,1,12949.0,2798,0.21607846165727082,0.10803923082863541,1.0,0.9999925269222151,0.375,0.625,0.1484375,0.49358749999999996,6,10,['boundary_margin_error'],boundary_margin_error,Medium_Dice (25-75%)
20160328_152511_641_721,0.702296818236977,0.54118447739556,0.5781818160793388,0.8942632120682609,1590,1160,188,227462,1778,2750,0.4218181818181818,0.10573678290213723,1,2,1778.0,514,0.2890888638920135,0.14454443194600675,2.0,0.9999899680893227,0.375,0.625,0.1484375,0.49395,6,10,['moderate_general_error'],moderate_general_error,Low_Dice (<25%)
20160328_152747_1281_361,0.7998915818168157,0.6665160994602077,0.7391055450882966,0.871572018503441,10329,3646,1522,214903,11851,13975,0.2608944543828265,0.1284279807611172,2,3,5925.5,3166,0.26715045143869715,0.13357522571934857,1.5,0.9999942525909483,0.375,0.625,0.15625,0.493375,6,10,['boundary_margin_error'],boundary_margin_error,Medium_Dice (25-75%)
20160328_152747_1281_721,0.7150127211301681,0.5564356417279351,0.5768046507806888,0.9403234749563666,1686,1237,107,227370,1793,2923,0.4231953472459802,0.05967651979921919,1,1,1793.0,390,0.21751254880089235,0.10875627440044618,1.0,0.999991319868689,0.3125,0.6875,0.1875,0.49343750000000003,5,11,['moderate_general_error'],moderate_general_error,Medium_Dice (25-75%)
20160328_152747_1921_361,0.8110393689471916,0.6821414837167716,0.8218400782688668,0.8005188648127467,14194,3077,3537,209592,17731,17271,0.17815992125528343,0.1994811347357735,1,1,17731.0,3321,0.18729908070610796,0.09364954035305398,1.0,0.9999884398740654,0.3125,0.6875,0.1796875,0.493675,5,11,['boundary_margin_error'],boundary_margin_error,Medium_Dice (25-75%)
20160328_152747_1_361,0.7683030471616403,0.6237760395453926,0.6769362425638737,0.8881819024158493,9492,4530,1195,215183,10687,14022,0.323063756953359,0.11181809675306448,1,1,10687.0,2884,0.26986057827266774,0.13493028913633387,1.0,0.9999907523739229,0.5,0.5,0.1796875,0.493275,8,8,['boundary_margin_error'],boundary_margin_error,Medium_Dice (25-75%)
20160328_152747_641_361,0.7540010730281886,0.6051378189070036,0.6487587589501012,0.8999999993217784,11943,6466,1327,210664,13270,18409,0.3512412406974849,0.1,1,2,13270.0,3624,0.27309721175584023,0.13654860587792012,2.0,0.9999899107125417,0.4375,0.5625,0.1875,0.49355,7,9,['boundary_margin_error'],boundary_margin_error,Medium_Dice (25-75%)
20160328_153548_1281_1081,0.864794812679072,0.761796036820426,0.9515209035026531,0.7925573967335123,1001,51,262,229086,1263,1052,0.04847908745247148,0.20744259699129058,1,1,1263.0,218,0.1726049089469517,0.08630245447347586,1.0,0.9999812905668881,0.375,0.625,0.203125,0.49413750000000006,6,10,['high_quality'],high_quality,Medium_Dice (25-75%)
20160328_153548_1281_361,0.8831646728327214,0.7907742989047137,0.9467455607963574,0.8275862058773569,6720,378,1400,221902,8120,7098,0.05325443786982249,0.1724137931034483,1,2,8120.0,1052,0.12955665024630542,0.06477832512315271,2.0,0.9999924831356817,0.4375,0.5625,0.1875,0.49402499999999994,7,9,['high_quality'],high_quality,High_Dice (>75%)
20160328_153548_1281_721,0.813929205246262,0.6862399857128737,0.8050468187809671,0.8230097836196911,23385,5663,5029,196323,28414,29048,0.1949531809418893,0.17699021609065954,3,3,9471.333333333334,4591,0.161575279791652,0.080787639895826,1.0,0.99998453237886,0.4375,0.5625,0.140625,0.4935875,7,9,['boundary_margin_error'],boundary_margin_error,Medium_Dice (25-75%)
20160328_153548_1921_361,0.9097708167981892,0.8344766685903168,0.9108162199489834,0.9087278099787517,12286,1203,1234,215677,13520,13489,0.08918377937578768,0.09127218934911242,1,1,13520.0,1494,0.11050295857988165,0.05525147928994083,1.0,0.9999866563347612,0.4375,0.5625,0.1953125,0.49431249999999993,7,9,['high_quality'],high_quality,High_Dice (>75%)
20160328_153548_1921_721,0.9072403803869147,0.8302286835124294,0.8935129844107829,0.921396156131214,16446,1960,1403,210591,17849,18406,0.10648701510377051,0.07860384335256877,2,1,8924.5,2779,0.15569499691859487,0.07784749845929743,0.5,0.9999862214099395,0.375,0.625,0.1640625,0.49395,6,10,['high_quality'],high_quality,High_Dice (>75%)
20160328_153548_1_1,0.7934070894374433,0.6575598799660846,0.8307328600836706,0.7592912701626374,15813,3222,5013,206352,20826,19035,0.16926713947990543,0.2407087294727744,1,1,20826.0,3686,0.1769903005858062,0.0884951502929031,1.0,0.9999943601735528,0.4375,0.5625,0.1953125,0.49372499999999997,7,9,['boundary_margin_error'],boundary_margin_error,Medium_Dice (25-75%)
20160328_153548_1_1081,0.7465618859364928,0.5956112851205889,0.7169388595256945,0.7787383923218897,24320,9602,6910,189568,31230,33922,0.2830611402629562,0.2212616074287544,1,1,31230.0,4278,0.13698366954851104,0.06849183477425552,1.0,0.9999883027617923,0.3125,0.6875,0.2265625,0.4934625,5,11,['boundary_margin_error'],boundary_margin_error,Medium_Dice (25-75%)
20160328_153548_641_1,0.723414753907875,0.5666795508740117,0.6304472468026846,0.8485433130454499,4398,2578,785,222639,5183,6976,0.369552752293578,0.15145668531738377,1,2,5183.0,1078,0.20798765193903146,0.10399382596951573,2.0,0.9999927893785967,0.375,0.625,0.1640625,0.4938625,6,10,['boundary_margin_error'],boundary_margin_error,Medium_Dice (25-75%)
20160328_153548_641_1081,0.721539482223878,0.5643815136966401,0.672438529326454,0.7783759015127844,13592,6621,3870,206317,17462,20213,0.32756147034086974,0.22162409804146146,1,1,17462.0,3550,0.2032985912266636,0.1016492956133318,1.0,0.9999896444670668,0.3125,0.6875,0.1796875,0.49360000000000004,5,11,['boundary_margin_error'],boundary_margin_error,Medium_Dice (25-75%)
20160328_153548_641_361,0.6526675071212678,0.48441458257031106,0.5771653535732738,0.7508963620438853,4398,3222,1459,221321,5857,7620,0.42283464566929135,0.2491036366740652,10,3,585.7,2268,0.38722895680382446,0.19361447840191223,0.3,0.9999923061804097,0.1875,0.8125,0.1953125,0.4936625,3,13,['complex_topology'],complex_topology,Low_Dice (<25%)
20160328_153548_641_721,0.7853406438566394,0.6465521710960659,0.7916772548972826,0.7791046637619703,12461,3279,3533,211127,15994,15740,0.20832274459974587,0.22089533575090659,2,1,7997.0,3223,0.2015130674002751,0.10075653370013755,0.5,0.9999873065864411,0.4375,0.5625,0.1484375,0.493475,7,9,['boundary_margin_error'],boundary_margin_error,Medium_Dice (25-75%)
20160328_153604_1281_1,0.6332376469594835,0.4633121811928571,0.4888721232658694,0.898595942280125,5184,5420,585,219211,5769,10604,0.5111278762731045,0.10140405616224649,1,1,5769.0,1772,0.3071589530247877,0.15357947651239384,1.0,0.9999952056408666,0.4375,0.5625,0.1640625,0.49395,7,9,['moderate_general_error'],moderate_general_error,Low_Dice (<25%)
20160328_153604_1281_361,0.7772270521445174,0.6356266333072137,0.7174358714348538,0.8478903197920515,14348,5651,2574,207827,16922,19999,0.2825641282064103,0.15210967970689043,1,1,16922.0,3158,0.18662096678879564,0.09331048339439782,1.0,0.999996733404575,0.3125,0.6875,0.1796875,0.4938875,5,11,['boundary_margin_error'],boundary_margin_error,Medium_Dice (25-75%)
20160328_153604_1281_721,0.7130458002693798,0.554056857981917,0.5857832379411018,0.9109518927746914,10680,7552,1044,211124,11724,18232,0.4142167617376042,0.08904810644831115,1,5,11724.0,2934,0.2502558853633572,0.1251279426816786,5.0,0.9999946857767998,0.375,0.625,0.1484375,0.494,6,10,['moderate_general_error'],moderate_general_error,Medium_Dice (25-75%)
20160328_153604_1921_361,0.7391693383270564,0.5862558397384494,0.675917086679451,0.8154820657983859,9913,4753,2243,213491,12156,14666,0.32408291285967544,0.1845179335307667,2,2,6078.0,3155,0.25954261270154655,0.12977130635077327,1.0,0.9999932136503396,0.3125,0.6875,0.21875,0.49442500000000006,5,11,['boundary_margin_error'],boundary_margin_error,Medium_Dice (25-75%)
20160328_153604_1921_721,0.8030643744318846,0.6709336385995838,0.6999069886394452,0.9418864542316616,10535,4517,650,214698,11185,15052,0.30009301089556206,0.058113544926240504,1,1,11185.0,2448,0.218864550737595,0.1094322753687975,1.0,0.9999926654850432,0.3125,0.6875,0.1875,0.49426249999999994,5,11,['boundary_margin_error'],boundary_margin_error,Medium_Dice (25-75%)
20160328_153604_1_1,0.8218818715242924,0.6976226336383374,0.7555145749659448,0.9010319735230655,10652,3447,1170,215131,11822,14099,0.24448542449819136,0.09896802571476908,1,1,11822.0,2152,0.18203349687024192,0.09101674843512096,1.0,0.9999896128830158,0.375,0.625,0.171875,0.4941,6,10,['boundary_margin_error'],boundary_margin_error,Medium_Dice (25-75%)
20160328_153604_1_361,0.7601463157080138,0.6130935652637856,0.6643122446177238,0.8882918084283571,10910,5513,1372,212605,12282,16423,0.3356877549777751,0.11170819084839603,1,1,12282.0,2675,0.21779840416870216,0.10889920208435108,1.0,0.9999916058481249,0.375,0.625,0.1953125,0.494125,6,10,['boundary_margin_error'],boundary_margin_error,Medium_Dice (25-75%)
20160328_153604_641_1,0.7674828250979907,0.6226954404582711,0.6577596613392515,0.9211416480749032,8714,4534,746,216406,9460,13248,0.3422403381642512,0.07885835095137421,1,2,9460.0,1886,0.19936575052854122,0.09968287526427061,2.0,0.9999923871869257,0.5,0.5,0.15625,0.4940125,8,8,['boundary_margin_error'],boundary_margin_error,Medium_Dice (25-75%)
20160328_153604_641_1081,0.8537919452377968,0.7448839167466224,0.8444891792428338,0.8633019494452323,16780,3090,2657,207873,19437,19870,0.15551082033215904,0.13669805011061378,1,1,19437.0,2413,0.1241446725317693,0.06207233626588465,1.0,0.9999899401739719,0.4375,0.5625,0.1640625,0.49388750000000003,7,9,['high_quality'],high_quality,Medium_Dice (25-75%)
20160328_153604_641_361,0.768321389138379,0.6238002205793765,0.6678792285067846,0.9043221272599913,14688,7304,1554,206854,16242,21992,0.3321207711895235,0.09567787218322867,3,1,5414.0,4470,0.27521241226449944,0.13760620613224972,0.3333333333333333,0.9999904660170456,0.4375,0.5625,0.1484375,0.49369999999999997,7,9,['boundary_margin_error'],boundary_margin_error,Medium_Dice (25-75%)
20160328_153604_641_721,0.7783525664151482,0.6371335501693142,0.7083797633672946,0.8636641526637701,12714,5234,2007,210445,14721,17948,0.29162023623802097,0.13633584674954147,2,2,7360.5,3390,0.23028326879967392,0.11514163439983696,1.0,0.9999948567841828,0.5,0.5,0.1640625,0.4936125,8,8,['boundary_margin_error'],boundary_margin_error,Medium_Dice (25-75%)
20160328_153620_1281_1081,0.8763450328517464,0.7799058060285532,0.909224008384978,0.8457609777127647,2484,248,453,227215,2937,2732,0.09077598828696926,0.15423901940755874,1,1,2937.0,555,0.18896833503575078,0.09448416751787539,1.0,0.999987726533752,0.3125,0.6875,0.171875,0.4939,5,11,['high_quality'],high_quality,High_Dice (>75%)
20160328_153620_1281_361,0.7949357978822398,0.6596626109092217,0.8094060537598099,0.7809738421745815,35350,8324,9914,176812,45264,43674,0.19059394605486102,0.2190261576528809,2,1,22632.0,7174,0.1584924001413927,0.07924620007069635,0.5,0.9999835665002421,0.4375,0.5625,0.140625,0.49365000000000003,7,9,['boundary_margin_error'],boundary_margin_error,Medium_Dice (25-75%)
20160328_153620_1281_721,0.838133777505726,0.721368571767613,0.7416535015827089,0.9634696944573039,21126,7359,801,201114,21927,28485,0.2583464981569247,0.03653030510329731,12,2,1827.25,5996,0.2734528207233092,0.1367264103616546,0.16666666666666666,0.9999865769607811,0.5,0.5,0.15625,0.49358749999999996,8,8,"['complex_topology', 'boundary_margin_error']",complex_topology,Medium_Dice (25-75%)
20160328_153620_1921_1081,0.897028858031072,0.813284068728919,0.8835060198977821,0.9109720876699018,9465,1248,925,218762,10390,10713,0.1164939792775133,0.08902791145332051,1,2,10390.0,1998,0.1923002887391723,0.09615014436958615,2.0,0.9999869878844712,0.3125,0.6875,0.1953125,0.4942125,5,11,['high_quality'],high_quality,High_Dice (>75%)
20160328_153620_1921_361,0.899406984264785,0.8172021550254576,0.8499125327334441,0.9550224884374404,28665,5062,1350,195323,30015,33727,0.15008746701455808,0.044977511244377814,2,2,15007.5,4710,0.15692153923038482,0.07846076961519241,1.0,0.9999919494116645,0.4375,0.5625,0.140625,0.49431249999999993,7,9,['high_quality'],high_quality,High_Dice (>75%)
20160328_153620_1_361,0.9233126068722308,0.8575493804102361,0.873362693316277,0.9793226491925566,30738,4457,649,194556,31387,35195,0.12663730643557322,0.020677350495428043,2,1,15693.5,3918,0.1248287507566827,0.06241437537834135,0.5,0.9999876679696382,0.4375,0.5625,0.1484375,0.4935375,7,9,['high_quality'],high_quality,High_Dice (>75%)
20160328_153620_1_721,0.9449042319343389,0.8955625266762849,0.9101123581686724,0.9824618898828686,5994,592,107,223707,6101,6586,0.0898876404494382,0.017538108506802163,1,4,6101.0,709,0.11621045730208163,0.05810522865104081,4.0,0.9999896307751417,0.375,0.625,0.1640625,0.4936375,6,10,['high_quality'],high_quality,High_Dice (>75%)
20160328_153620_641_361,0.8624299060047166,0.7581334201356847,0.7776404485644489,0.967972026618221,6921,1979,229,221271,7150,8900,0.22235955056179776,0.03202797202797203,4,2,1787.5,1854,0.2593006993006993,0.12965034965034966,0.5,0.9999922250115036,0.375,0.625,0.1953125,0.4938625,6,10,['high_quality'],high_quality,Medium_Dice (25-75%)
20160328_153620_641_721,0.8780229125140804,0.7825675963504016,0.836405573717302,0.9239986520397593,43877,8582,3609,174332,47486,52459,0.16359442612325817,0.07600134776565724,3,1,15828.666666666666,8363,0.17611506549298742,0.08805753274649371,0.3333333333333333,0.9999758283481314,0.4375,0.5625,0.1484375,0.49322499999999997,7,9,['high_quality'],high_quality,High_Dice (>75%)
20160328_153629_1281_361,0.9607950196785,0.92454812849459,0.926885797590723,0.9972795273211522,8798,694,24,220884,8822,9492,0.0731142014327855,0.002720471548401723,1,1,8822.0,698,0.07912038086601678,0.03956019043300839,1.0,0.999990866909851,0.4375,0.5625,0.1953125,0.49422499999999997,7,9,['high_quality'],high_quality,High_Dice (>75%)
20160328_153629_1281_721,0.906939347522587,0.8297246319012732,0.8883324579425983,0.9263423874810097,21996,2765,1749,203890,23745,24761,0.11166754169863899,0.07365761212886923,1,1,23745.0,3705,0.1560328490208465,0.07801642451042325,1.0,0.9999875046535138,0.375,0.625,0.15625,0.4934,6,10,['high_quality'],high_quality,High_Dice (>75%)
20160328_153629_1921_361,0.9251649267197006,0.8607505930153369,0.9122523750505334,0.938448270055116,29380,2826,1927,196267,31307,32206,0.08774762466621126,0.061551729645127284,1,1,31307.0,3988,0.1273836522183537,0.06369182610917686,1.0,0.9999897140663373,0.4375,0.5625,0.1484375,0.494375,7,9,['high_quality'],high_quality,High_Dice (>75%)
20160328_153629_1_361,0.9118817351600053,0.8380355009426254,0.8547267545053802,0.9772283088607555,33001,5609,769,191021,33770,38610,0.14527324527324528,0.022771690849866747,3,1,11256.666666666666,4891,0.14483269173822919,0.07241634586911459,0.3333333333333333,0.999988317402668,0.5,0.5,0.1640625,0.49358750000000007,8,8,['high_quality'],high_quality,High_Dice (>75%)
20160328_153629_641_361,0.8479216713440363,0.7359930746490454,0.7859003438484998,0.9205708652356587,9353,2548,807,217692,10160,11901,0.2140996554911352,0.07942913385826772,2,1,5080.0,1951,0.19202755905511812,0.09601377952755906,0.5,0.9999922371842148,0.4375,0.5625,0.1953125,0.49395,7,9,['boundary_margin_error'],boundary_margin_error,Medium_Dice (25-75%)
20160328_153629_641_721,0.9400630913257451,0.8869047616254394,0.9048582993043962,0.9781181615858713,28161,2961,630,198648,28791,31122,0.0951417004048583,0.02188183807439825,6,1,4798.5,3676,0.12767878851029835,0.06383939425514917,0.16666666666666666,0.9999857796944247,0.5,0.5,0.1640625,0.493575,8,8,"['complex_topology', 'high_quality']",complex_topology,High_Dice (>75%)
20160328_153829_1281_361,0.8678356739981944,0.7665280154718551,0.7867996080099455,0.9674809298763223,31328,8489,1053,189530,32381,39817,0.21320039179245046,0.032519069824897315,7,1,4625.857142857143,7820,0.24149964485346345,0.12074982242673173,0.14285714285714285,0.9999923608353649,0.4375,0.5625,0.140625,0.49396249999999997,7,9,"['complex_topology', 'high_quality']",complex_topology,Medium_Dice (25-75%)
20160328_153829_1281_721,0.7991607404136138,0.6655018430100916,0.7261173464814291,0.8885432843739157,3428,1293,430,225249,3858,4721,0.2738826519805126,0.11145671332296526,3,1,1286.0,1468,0.3805080352514256,0.1902540176257128,0.3333333333333333,0.9999884202951642,0.4375,0.5625,0.1875,0.4942,7,9,['boundary_margin_error'],boundary_margin_error,Medium_Dice (25-75%)
20160328_153829_1921_1,0.8144294434572127,0.6869514757790123,0.7097306003560528,0.9553638972333869,18942,7747,885,202826,19827,26689,0.29026939937802093,0.0446361022847632,14,1,1416.2142857142858,6747,0.3402935391133303,0.17014676955666516,0.07142857142857142,0.9999873726039564,0.4375,0.5625,0.140625,0.49377499999999996,7,9,"['complex_topology', 'boundary_margin_error']",complex_topology,Medium_Dice (25-75%)
20160328_153829_1921_361,0.8259241918274167,0.7034675155371314,0.725740130086883,0.958197608691103,3530,1334,154,225382,3684,4864,0.27425986842105265,0.041802388707926165,2,2,1842.0,976,0.26492942453854507,0.13246471226927253,1.0,0.9999916363453496,0.3125,0.6875,0.171875,0.49470000000000003,5,11,['boundary_margin_error'],boundary_margin_error,Medium_Dice (25-75%)
20160328_153829_1_1,0.8125748647389016,0.6843167123628622,0.7005563982884183,0.9672350573431676,16620,7104,563,206113,17183,23724,0.2994436014162873,0.03276494209393005,4,1,4295.75,5674,0.33021009136937673,0.16510504568468837,0.25,0.9999937599168082,0.375,0.625,0.1640625,0.4939124999999999,6,10,['boundary_margin_error'],boundary_margin_error,Medium_Dice (25-75%)
20160328_153829_1_721,0.8723418257473554,0.7735871079243495,0.8637548880524708,0.8811012090954898,6625,1045,894,221836,7519,7670,0.13624511082138202,0.11889878973267722,1,1,7519.0,1642,0.2183801037371991,0.10919005186859955,1.0,0.9999899757500599,0.4375,0.5625,0.15625,0.49378750000000005,7,9,['high_quality'],high_quality,High_Dice (>75%)
20160328_153829_641_1,0.859968584309742,0.7543376195374885,0.82998315506458,0.8922018343238762,14782,3028,1786,210804,16568,17810,0.17001684446939921,0.10779816513761468,5,2,3313.6,3613,0.21807098020280058,0.10903549010140029,0.4,0.9999961130700278,0.5,0.5,0.15625,0.4937625,8,8,"['complex_topology', 'high_quality']",complex_topology,Medium_Dice (25-75%)
20160328_153829_641_1081,0.6409283393054346,0.47159274808061447,0.4800626128851025,0.9639371365360841,5827,6311,218,218044,6045,12138,0.5199373867193936,0.036062861869313484,2,1,3022.5,1958,0.323904052936311,0.1619520264681555,0.5,0.9999937281539464,0.375,0.625,0.1796875,0.49365,6,10,['over_segmentation'],over_segmentation,Low_Dice (<25%)
20160328_153829_641_361,0.8387211152776307,0.7222391850155326,0.7315463909984058,0.982689376841588,7096,2604,125,220575,7221,9700,0.2684536082474227,0.017310621797534967,2,1,3610.5,2066,0.2861099570696579,0.14305497853482896,0.5,0.9999920027489502,0.4375,0.5625,0.15625,0.49417500000000003,7,9,['boundary_margin_error'],boundary_margin_error,Medium_Dice (25-75%)
20160328_153829_641_721,0.7675496676033946,0.622783448084945,0.6271645004676285,0.9889078456104613,2318,1378,26,226678,2344,3696,0.37283549783549785,0.011092150170648464,2,2,1172.0,1120,0.4778156996587031,0.23890784982935154,1.0,0.9999870335155852,0.375,0.625,0.140625,0.49416250000000006,6,10,['boundary_margin_error'],boundary_margin_error,Medium_Dice (25-75%)
20160329_103807_1081_1,0.16205886079493076,0.0881741299207346,0.10545514822507852,0.349834981574065,636,5395,1182,223187,1818,6031,0.8945448516000664,0.6501650165016502,1,6,1818.0,702,0.38613861386138615,0.19306930693069307,6.0,0.999970881018625,0.375,0.625,0.1640625,0.49506249999999996,6,10,"['missed_crack_high_fn', 'false_crack_high_fp', 'thin_low_area_failure', 'over_segmentation', 'fragmented_prediction']",missed_crack_high_fn,Low_Dice (<25%)
20160329_103807_361_1,0.8103644518020924,0.681187152678528,0.8397705717934361,0.7829480762536881,18155,3464,5033,203748,23188,21619,0.16022942781812294,0.21705192340865964,2,1,11594.0,1985,0.08560462308090391,0.04280231154045196,0.5,0.9999739836023505,0.375,0.625,0.1875,0.49454999999999993,6,10,['boundary_margin_error'],boundary_margin_error,Medium_Dice (25-75%)
20160329_103807_361_1281,0.7267612376957621,0.5707972920809521,0.719568566812976,0.7340991533451936,24284,9464,8796,187856,33080,33748,0.28043143297380585,0.26590084643288997,4,1,8270.0,5043,0.1524486094316808,0.0762243047158404,0.25,0.9999818165127516,0.375,0.625,0.15625,0.4946,6,10,['boundary_margin_error'],boundary_margin_error,Medium_Dice (25-75%)
20160329_103807_361_1921,0.663233452555822,0.4961475538297146,0.8145115872581713,0.5593467394813937,18803,4282,14813,192502,33616,23085,0.1854884123889972,0.44065326035221325,6,1,5602.666666666667,5092,0.15147548786292242,0.07573774393146121,0.16666666666666666,0.9999873481080875,0.375,0.625,0.15625,0.4943625,6,10,['complex_topology'],complex_topology,Low_Dice (<25%)
20160329_103807_361_641,0.8280221818845657,0.7065169400697731,0.8912080193488442,0.7732028064423337,36806,4493,10796,178305,47602,41299,0.10879198043536163,0.2267971933952355,3,2,15867.333333333334,4507,0.09468089576068232,0.04734044788034116,0.6666666666666666,0.9999762181809659,0.4375,0.5625,0.171875,0.4945875,7,9,['boundary_margin_error'],boundary_margin_error,Medium_Dice (25-75%)
20160329_103807_721_1,0.726929964952651,0.5710054788349602,0.7260744712488469,0.7277874766537124,15424,5819,5769,203388,21193,21243,0.27392552840935835,0.2722125230028783,1,1,21193.0,3008,0.14193365733968763,0.07096682866984381,1.0,0.999973662680382,0.3125,0.6875,0.1953125,0.4949375,5,11,['boundary_margin_error'],boundary_margin_error,Medium_Dice (25-75%)
20160329_103807_721_1281,0.6409381649446948,0.4716033872870932,0.577632588095186,0.7198275827594464,1503,1099,585,227213,2088,2602,0.4223674096848578,0.2801724137931034,2,3,1044.0,664,0.31800766283524906,0.15900383141762453,1.5,0.9999831829894534,0.4375,0.5625,0.171875,0.494875,7,9,['moderate_general_error'],moderate_general_error,Low_Dice (<25%)
20160330_165956_1281_721,0.6665973157876848,0.4999219843189874,0.5294992558837388,0.8994946646553977,6408,5694,716,217582,7124,12102,0.4705007436787308,0.10050533408197641,5,1,1424.8,3495,0.49059517125210556,0.24529758562605278,0.2,0.9999945717335111,0.375,0.625,0.171875,0.4933125,6,10,['complex_topology'],complex_topology,Low_Dice (<25%)
20160330_165956_1921_721,0.7386859489224,0.5856479187648039,0.6114551077281165,0.9327770766171646,5925,3765,427,220283,6352,9690,0.38854489164086686,0.06722292191435768,2,1,3176.0,3591,0.5653337531486146,0.2826668765743073,0.5,0.9999902989001533,0.375,0.625,0.171875,0.493575,6,10,['boundary_margin_error'],boundary_margin_error,Medium_Dice (25-75%)
20160330_165956_1_1081,0.8234593946743173,0.6998988313253943,0.7881926454808984,0.8620299038717378,7610,2045,1218,219527,8828,9655,0.2118073537027447,0.13797009515178976,1,1,8828.0,3489,0.3952197553239692,0.1976098776619846,1.0,0.9999946511630187,0.25,0.75,0.1875,0.494,4,12,['boundary_margin_error'],boundary_margin_error,Medium_Dice (25-75%)
20160330_165956_1_721,0.684716156745236,0.5205843288174642,0.5342839164035605,0.9530577876322092,5096,4442,251,220611,5347,9538,0.46571608303627593,0.046942210585374976,5,3,1069.4,4121,0.7707125490929493,0.38535627454647464,0.6,0.999994681185234,0.375,0.625,0.171875,0.4934625,6,10,['complex_topology'],complex_topology,Low_Dice (<25%)
20160330_165956_641_721,0.8004321650458238,0.6672671121399322,0.6896276589630961,0.9536594324461697,7779,3501,378,218742,8157,11280,0.3103723404255319,0.04634056638470026,2,1,4078.5,4056,0.49724163295329166,0.24862081647664583,0.5,0.9999955523384559,0.3125,0.6875,0.171875,0.49316249999999995,5,11,['boundary_margin_error'],boundary_margin_error,Medium_Dice (25-75%)
20160330_170359_1281_721,0.8346835755285636,0.71627204251168,0.9208777198334159,0.7632439501023182,30342,2607,9412,188039,39754,32949,0.07912227988709825,0.23675604970569,1,2,39754.0,3228,0.08119937616340495,0.04059968808170247,2.0,0.9999713630634819,0.3125,0.6875,0.21875,0.4942875,5,11,['boundary_margin_error'],boundary_margin_error,Medium_Dice (25-75%)
20160330_170359_1921_361,0.847779540832822,0.7357789336995414,0.7944481159501237,0.9087865200038956,16828,4354,1689,207529,18517,21182,0.20555188367481825,0.09121347950531944,1,1,18517.0,1564,0.08446292595992871,0.04223146297996436,1.0,0.999967401295575,0.3125,0.6875,0.15625,0.49455000000000005,5,11,['boundary_margin_error'],boundary_margin_error,Medium_Dice (25-75%)
20160330_170359_1921_721,0.8874643557798659,0.7976952112864315,0.9236219743610831,0.8540310568585275,20074,1660,3431,205235,23505,21734,0.0763780252139505,0.1459689427781323,2,3,11752.5,1744,0.07419697936609232,0.03709848968304616,1.5,0.9999663734542283,0.25,0.75,0.1875,0.4944625,4,12,['high_quality'],high_quality,High_Dice (>75%)
20160330_170359_1_721,0.8614011770238681,0.7565449389560148,0.8331977855462922,0.891580808823003,31759,6358,3862,188421,35621,38117,0.16680221423511818,0.10841919092670055,1,1,35621.0,3446,0.09674068667359143,0.04837034333679571,1.0,0.9999683039332883,0.375,0.625,0.171875,0.4940375,6,10,['high_quality'],high_quality,Medium_Dice (25-75%)
20160330_170359_641_721,0.8703541027973292,0.7704663071433067,0.8318760854568974,0.9125643140085866,28733,5807,2753,193107,31486,34540,0.16812391430225826,0.08743568570158165,1,1,31486.0,3540,0.11243092167947659,0.056215460839738295,1.0,0.9999701092905484,0.375,0.625,0.171875,0.49417500000000003,6,10,['high_quality'],high_quality,Medium_Dice (25-75%)
20160330_172309_1281_361,0.8593442030344955,0.7533773162075847,0.7926399286110182,0.9383070289052994,7194,1882,473,220851,7667,9076,0.20736007051564567,0.06169296987087518,1,1,7667.0,2848,0.37146211034302856,0.18573105517151428,1.0,0.9999941548275831,0.375,0.625,0.1875,0.49360000000000004,6,10,['high_quality'],high_quality,Medium_Dice (25-75%)
20160330_172309_1281_721,0.8481971824772936,0.7364083240407358,0.7618612580663069,0.9566015367427823,25018,7820,1135,196427,26153,32838,0.23813874170168706,0.043398462891446485,4,2,6538.25,4491,0.1717202615378733,0.08586013076893664,0.5,0.99999198535185,0.4375,0.5625,0.140625,0.493325,7,9,['boundary_margin_error'],boundary_margin_error,Medium_Dice (25-75%)
20160330_172309_1921_361,0.8823599449656605,0.7894848981039339,0.7988896071588564,0.985307804158152,14821,3731,221,211627,15042,18552,0.20111039241052178,0.014692195186810265,1,1,15042.0,1696,0.1127509639675575,0.05637548198377875,1.0,0.99999223067484,0.5,0.5,0.1640625,0.4939,8,8,['high_quality'],high_quality,High_Dice (>75%)
20160330_172309_1921_721,0.8675434829809547,0.7660722243575246,0.8132809537990908,0.929564511263422,17183,3945,1302,207970,18485,21128,0.18671904581597878,0.070435488233703,1,1,18485.0,2827,0.15293481200973763,0.07646740600486882,1.0,0.9999893211474444,0.4375,0.5625,0.1484375,0.493675,7,9,['high_quality'],high_quality,Medium_Dice (25-75%)
20160330_172309_1_721,0.8964874103987961,0.8123943658157773,0.8996100853134338,0.8933863385340564,17304,1931,2065,209100,19369,19235,0.10038991421887185,0.10661366100469823,1,1,19369.0,3466,0.17894573803500438,0.08947286901750219,1.0,0.9999921537039278,0.4375,0.5625,0.171875,0.4930125,7,9,['high_quality'],high_quality,High_Dice (>75%)
20160330_172309_641_361,0.7648966340395286,0.6192976678067027,0.6197044314623827,0.9989412334624604,1887,1158,2,227353,1889,3045,0.38029556650246304,0.0010587612493382743,1,2,1889.0,624,0.33033350979354154,0.16516675489677077,2.0,0.9999867778060478,0.4375,0.5625,0.21875,0.49391250000000003,7,9,['boundary_margin_error'],boundary_margin_error,Medium_Dice (25-75%)
20160330_172309_641_721,0.8562516652523939,0.7486364257232735,0.8308946549353893,0.88320506988191,27314,5559,3612,193915,30926,32873,0.16910534481185166,0.11679492983250339,3,1,10308.666666666666,6929,0.2240509603569812,0.1120254801784906,0.3333333333333333,0.999989138876416,0.4375,0.5625,0.15625,0.49265,7,9,['high_quality'],high_quality,Medium_Dice (25-75%)
20160402_150314_1281_1081,0.8090310426923217,0.6793048951680729,0.696469061559867,0.9649910190081192,2150,937,78,227235,2228,3087,0.3035309361839974,0.03500897666068223,1,1,2228.0,838,0.3761220825852783,0.18806104129263915,1.0,0.9999948638790783,0.3125,0.6875,0.171875,0.49324999999999997,5,11,['boundary_margin_error'],boundary_margin_error,Medium_Dice (25-75%)
20160402_150314_1281_361,0.8297328681148023,0.7090115115667441,0.7219078405794829,0.9754232641991203,5358,2064,135,222843,5493,7422,0.27809215844785773,0.024576734025122882,1,1,5493.0,1826,0.3324230839249954,0.1662115419624977,1.0,0.9999931936610078,0.4375,0.5625,0.1328125,0.4936,7,9,['boundary_margin_error'],boundary_margin_error,Medium_Dice (25-75%)
20160402_150314_1281_721,0.8480161656829689,0.7361354737983163,0.8121929426736691,0.8871452956442432,10911,2523,1388,215578,12299,13434,0.18780705672175077,0.11285470363444182,3,2,4099.666666666667,3719,0.30238230750467515,0.15119115375233758,0.6666666666666666,0.9999924330873249,0.25,0.75,0.1875,0.4931125,4,12,['boundary_margin_error'],boundary_margin_error,Medium_Dice (25-75%)
20160402_150314_1921_1,0.8475765302261404,0.735473159352144,0.7742177090760505,0.9362922695890779,9303,2713,633,217751,9936,12016,0.22578229027962715,0.06370772946859904,2,1,4968.0,2878,0.2896537842190016,0.1448268921095008,0.5,0.9999852303423161,0.25,0.75,0.171875,0.49348749999999997,4,12,['boundary_margin_error'],boundary_margin_error,Medium_Dice (25-75%)
20160402_150314_1921_361,0.8217007908807341,0.697361743537895,0.708505152813131,0.9779437887657637,2749,1131,62,226458,2811,3880,0.29149484536082476,0.022056207755247245,1,1,2811.0,1008,0.35859124866595515,0.17929562433297758,1.0,0.9999879558510294,0.3125,0.6875,0.1953125,0.493675,5,11,['boundary_margin_error'],boundary_margin_error,Medium_Dice (25-75%)
20160402_150314_1_361,0.9003532867401272,0.8187659508125608,0.8885883730159709,0.9124339152404357,27269,3419,2617,197095,29886,30688,0.11141162669447341,0.08756608445425952,1,1,29886.0,5157,0.172555711704477,0.0862778558522385,1.0,0.999984908580628,0.5,0.5,0.15625,0.49335,8,8,['high_quality'],high_quality,High_Dice (>75%)
20160402_150314_1_721,0.8176252128788392,0.691511035066629,0.7606685957973026,0.8838016698667661,8146,2563,1071,218620,9217,10709,0.23933140349238957,0.11619832917435174,2,2,4608.5,3065,0.3325377020722578,0.1662688510361289,1.0,0.99999397436557,0.375,0.625,0.1875,0.4932875,6,10,['boundary_margin_error'],boundary_margin_error,Medium_Dice (25-75%)
20160402_150314_641_361,0.8774161971633129,0.7816041839781994,0.8928171282300298,0.862537581644573,7172,861,1143,221224,8315,8033,0.10718287065853355,0.13746241731809983,1,1,8315.0,1802,0.21671677690920024,0.10835838845460012,1.0,0.9999922049998802,0.4375,0.5625,0.171875,0.4934875,7,9,['high_quality'],high_quality,High_Dice (>75%)
20160402_150314_641_721,0.8563513433316509,0.7487888332998649,0.8448776755180132,0.8681409321386775,22102,4058,3357,200883,25459,26160,0.1551223241590214,0.1318590675203268,1,1,25459.0,7162,0.28131505557955927,0.14065752778977963,1.0,0.9999858780828964,0.25,0.75,0.203125,0.4927625,4,12,['high_quality'],high_quality,Medium_Dice (25-75%)
20160402_151049_1281_721,0.9376631852510793,0.8826420888677311,0.902773049594707,0.9753585874401338,34476,3713,871,191340,35347,38189,0.0972269501688968,0.024641412283927914,2,1,17673.5,3596,0.10173423487141765,0.05086711743570883,0.5,0.9999871610436445,0.5,0.5,0.15625,0.49324999999999997,8,8,['high_quality'],high_quality,High_Dice (>75%)
20160402_151049_1921_1081,0.9284107943541414,0.8663868481155315,0.9018516587424052,0.9565817053091793,17339,1887,787,210387,18126,19226,0.09814834078851555,0.043418294163080656,1,1,18126.0,1926,0.10625620655412116,0.05312810327706058,1.0,0.9999858572362509,0.375,0.625,0.171875,0.4935875,6,10,['high_quality'],high_quality,High_Dice (>75%)
20160402_151049_1921_721,0.9190308099274347,0.8501914933077237,0.8826803947418883,0.9585037719486847,21089,2803,913,205595,22002,23892,0.11731960488866566,0.0414962276156713,1,1,22002.0,2377,0.10803563312426143,0.05401781656213071,1.0,0.9999861016047831,0.4375,0.5625,0.1640625,0.49351249999999997,7,9,['high_quality'],high_quality,High_Dice (>75%)
20160402_151049_1_361,0.8930562026483257,0.8067764639767012,0.8251179770503537,0.9731859913166547,23954,5077,660,200709,24614,29031,0.1748820226654266,0.0268140082879662,2,1,12307.0,4093,0.16628747867067523,0.08314373933533761,0.5,0.9999911408098565,0.5,0.5,0.1484375,0.49324999999999997,8,8,['high_quality'],high_quality,High_Dice (>75%)
20160402_151049_1_721,0.8503531783929482,0.7396647060740522,0.7623139894331205,0.9613826929659559,16854,5255,677,207614,17531,22109,0.2376860102220815,0.038617306485653986,1,1,17531.0,4794,0.2734584450402145,0.13672922252010725,1.0,0.9999905746960722,0.4375,0.5625,0.1640625,0.49318749999999995,7,9,['high_quality'],high_quality,Medium_Dice (25-75%)
20160402_151049_641_361,0.8014720108435561,0.6687136371405505,0.6704471786440467,0.9961482860079524,2069,1017,8,227306,2077,3086,0.32955281918340895,0.0038517091959557053,1,1,2077.0,517,0.24891670678863745,0.12445835339431872,1.0,0.9999934263145722,0.25,0.75,0.1875,0.4934375,4,12,['boundary_margin_error'],boundary_margin_error,Medium_Dice (25-75%)
20160402_151049_641_721,0.9254521799134839,0.8612480176442703,0.8796646893388639,0.9762679748891692,40191,5498,977,183734,41168,45689,0.12033531046860295,0.023732024873688303,1,1,41168.0,4241,0.10301690633501749,0.051508453167508746,1.0,0.9999848068572987,0.4375,0.5625,0.140625,0.49306249999999996,7,9,['high_quality'],high_quality,High_Dice (>75%)
20160402_151054_1281_1081,0.9284255961825743,0.8664126288152354,0.9089143961459001,0.9487928459321653,15916,1595,859,212030,16775,17511,0.09108560333504655,0.05120715350223547,1,1,16775.0,2057,0.12262295081967213,0.061311475409836065,1.0,0.9999841278336259,0.5625,0.4375,0.140625,0.4934875,9,7,['high_quality'],high_quality,High_Dice (>75%)
20160402_151054_1281_361,0.9191590631343443,0.8504110380939357,0.8550553492914312,0.9936535145906458,5793,982,37,223588,5830,6775,0.14494464944649446,0.006346483704974271,1,1,5830.0,732,0.12555746140651802,0.06277873070325901,1.0,0.9999964781212967,0.4375,0.5625,0.15625,0.494275,7,9,['high_quality'],high_quality,High_Dice (>75%)
20160402_151054_1281_721,0.9498677111237251,0.9045219551721043,0.9227174612424135,0.9786641489311625,41466,3473,904,184557,42370,44939,0.07728253855225974,0.021335850837856975,1,1,42370.0,4055,0.09570450790653764,0.04785225395326882,1.0,0.99997806554603,0.4375,0.5625,0.140625,0.49319999999999997,7,9,['high_quality'],high_quality,High_Dice (>75%)
20160402_151054_1921_361,0.8541973487750455,0.7455012849392871,0.7717132823170008,0.956424109917603,13630,4032,621,212117,14251,17662,0.228286717246065,0.043575889411269386,3,1,4750.333333333333,3394,0.23815872570345942,0.11907936285172971,0.3333333333333333,0.9999967506805054,0.3125,0.6875,0.171875,0.4940125,5,11,['high_quality'],high_quality,Medium_Dice (25-75%)
20160402_151054_1_361,0.8883172994041063,0.7990745011395274,0.9177277177762515,0.8607333783810355,57157,5124,9248,158871,66405,62281,0.08227228207639568,0.13926662148934568,1,1,66405.0,5533,0.08332203900308711,0.04166101950154356,1.0,0.9999845782536387,0.4375,0.5625,0.1484375,0.4936125,7,9,['high_quality'],high_quality,High_Dice (>75%)
20160402_151054_1_721,0.0,0.0,0.0,0.0,0,93,2888,227419,2888,93,1.0,1.0,1,1,2888.0,396,0.1371191135734072,0.0685595567867036,1.0,0.9999927418106703,0.4375,0.5625,0.1796875,0.49396249999999997,7,9,"['missed_crack_high_fn', 'thin_low_area_failure']",missed_crack_high_fn,Low_Dice (<25%)
20160402_151054_641_361,0.9129975339410895,0.839922228742772,0.9176033269160073,0.9084377456335427,10368,931,1045,218056,11413,11299,0.08239667227188247,0.09156225357048979,1,2,11413.0,1572,0.13773766757206693,0.06886883378603346,2.0,0.9999938387396166,0.5,0.5,0.15625,0.49412500000000004,8,8,['high_quality'],high_quality,High_Dice (>75%)
20160402_151054_641_721,0.937243326288235,0.8818983211037724,0.9005302310409263,0.9770771078905244,21909,2420,514,205557,22423,24329,0.0994697685889268,0.02292289167372787,1,1,22423.0,2562,0.11425768184453464,0.05712884092226732,1.0,0.9999918713685255,0.5,0.5,0.1328125,0.4937625,8,8,['high_quality'],high_quality,High_Dice (>75%)
20160405_171348_1281_361,0.5809734500420942,0.40941689925345526,0.40941689925345526,0.9999999923838538,1313,1894,0,227193,1313,3207,0.5905830994699096,0.0,1,3,1313.0,228,0.17364813404417365,0.08682406702208682,3.0,0.9999766432579199,0.375,0.625,0.1875,0.49548749999999997,6,10,['over_segmentation'],over_segmentation,Low_Dice (<25%)
20160405_171348_1281_721,0.8824583019928026,0.7896423941642661,0.8373270332102292,0.9327318131709412,34734,6748,2505,186413,37239,41482,0.16267296658791766,0.06726818657858696,2,1,18619.5,4149,0.11141545154273745,0.055707725771368725,0.5,0.9999750267484935,0.5,0.5,0.1640625,0.4953625,8,8,['high_quality'],high_quality,High_Dice (>75%)
20160405_171348_1921_721,0.838484818312353,0.7218888151716274,0.8524412385623823,0.8249780335778145,33801,5851,7171,183577,40972,39652,0.14755876122263695,0.17502196622083374,4,2,10243.0,5734,0.13994923362296202,0.06997461681148101,0.5,0.9999708389166952,0.25,0.75,0.1796875,0.4948625,4,12,['boundary_margin_error'],boundary_margin_error,Medium_Dice (25-75%)
20160405_171348_1_721,0.7298051407370932,0.5745615607046297,0.7235834780778249,0.7361347239038425,32041,12240,11485,174634,43526,44281,0.27641652175876785,0.26386527592703213,5,4,8705.2,8064,0.18526857510453523,0.09263428755226762,0.8,0.9999653471246088,0.4375,0.5625,0.15625,0.4947125,7,9,"['complex_topology', 'boundary_margin_error']",complex_topology,Medium_Dice (25-75%)
20160405_171348_641_721,0.8502726688341701,0.7395428862006689,0.8127299670858723,0.8914517934721267,31807,7329,3873,187391,35680,39136,0.18727003270645953,0.1085482062780269,3,2,11893.333333333334,4812,0.13486547085201794,0.06743273542600897,0.6666666666666666,0.9999734452056215,0.25,0.75,0.1953125,0.49518749999999995,4,12,['high_quality'],high_quality,Medium_Dice (25-75%)
20160407_163130_1281_721,0.9021500444240848,0.8217425704142155,0.9491723362703502,0.8595668364098189,18693,1001,3054,207652,21747,19694,0.05082766324768965,0.14043316319492344,2,1,10873.5,4406,0.2026026578378627,0.10130132891893134,0.5,0.9999832016573711,0.375,0.625,0.1640625,0.4929375,6,10,['high_quality'],high_quality,High_Dice (>75%)
20160407_163130_1921_721,0.9135994659975537,0.8409416577067852,0.9546273160084661,0.8759528754859253,16432,781,2327,210860,18759,17213,0.0453726834369372,0.12404712404712405,1,1,18759.0,3963,0.2112585958739805,0.10562929793699025,1.0,0.9999805763909957,0.375,0.625,0.15625,0.493225,6,10,['high_quality'],high_quality,High_Dice (>75%)
20160407_163130_1_361,0.8099601577490834,0.6806160003996785,0.8177795622776365,0.8022888681835482,2033,453,501,227413,2534,2486,0.18222043443282382,0.19771112865035517,2,2,1267.0,693,0.27348066298342544,0.13674033149171272,1.0,0.9999872614978619,0.4375,0.5625,0.15625,0.49339999999999995,7,9,['boundary_margin_error'],boundary_margin_error,Medium_Dice (25-75%)
20160407_163130_1_721,0.8703477194739507,0.7704563027736755,0.9142245329371523,0.8304896343964377,14943,1402,3050,211005,17993,16345,0.08577546650351789,0.16951036514199966,4,2,4498.25,3803,0.21135997332295892,0.10567998666147946,0.5,0.9999849421644191,0.5,0.5,0.1640625,0.4930625,8,8,['high_quality'],high_quality,Medium_Dice (25-75%)
20160407_163130_641_721,0.8882709303584588,0.7989994636416833,0.9517424841969979,0.832735905761959,17888,907,3593,208012,21481,18795,0.048257515296621444,0.1672640938503794,1,2,21481.0,3919,0.1824402960756017,0.09122014803780085,2.0,0.9999853617493095,0.375,0.625,0.1640625,0.49275,6,10,['high_quality'],high_quality,High_Dice (>75%)
20160407_163257_1281_1,0.8805335618079747,0.7865653955915508,0.7939231953904043,0.9883547841797087,11288,2930,133,216049,11421,14218,0.2060768040512027,0.011645214954907626,2,1,5710.5,2159,0.18903773750109448,0.09451886875054724,0.5,0.9999942698470807,0.5,0.5,0.140625,0.49373749999999994,8,8,['high_quality'],high_quality,High_Dice (>75%)
20160407_163257_1281_361,0.8923035355468226,0.8055487799966166,0.8282239352841678,0.9671303067590554,13211,2740,449,214000,13660,15951,0.1717760641966021,0.0328696925329429,1,1,13660.0,3222,0.23587115666178624,0.11793557833089312,1.0,0.9999951145800667,0.375,0.625,0.15625,0.4933125,6,10,['high_quality'],high_quality,High_Dice (>75%)
20160407_163257_1281_721,0.8699860764635775,0.7698896963507513,0.8143229479777548,0.9338172488844048,6561,1496,465,221878,7026,8057,0.18567705101154275,0.06618274978650726,1,1,7026.0,1974,0.28095644748078563,0.14047822374039282,1.0,0.9999924990194251,0.25,0.75,0.1796875,0.49287500000000006,4,12,['high_quality'],high_quality,Medium_Dice (25-75%)
20160407_163257_1921_1081,0.7693030745472653,0.6250954712219362,0.6488108712923999,0.9447559351174869,5729,3101,335,221235,6064,8830,0.3511891279728199,0.05524406332453826,3,1,2021.3333333333333,2190,0.3611477572559367,0.18057387862796834,0.3333333333333333,0.9999886282926292,0.25,0.75,0.1875,0.492975,4,12,['boundary_margin_error'],boundary_margin_error,Medium_Dice (25-75%)
20160407_163257_1921_721,0.870191963983307,0.7702122274251993,0.8195994074208908,0.9274414345490699,6097,1342,477,222484,6574,7439,0.1804005914773491,0.0725585640401582,1,1,6574.0,2038,0.31000912686340126,0.15500456343170063,1.0,0.9999892307459974,0.25,0.75,0.1875,0.492975,4,12,['high_quality'],high_quality,Medium_Dice (25-75%)
20160407_163257_1_1,0.8759816619988113,0.7793304009225915,0.796910132155719,0.9724730032107691,10987,2800,311,216302,11298,13787,0.20308986726626532,0.027526995928482918,1,1,11298.0,3246,0.2873074880509825,0.14365374402549125,1.0,0.9999917086961467,0.375,0.625,0.15625,0.49296249999999997,6,10,['high_quality'],high_quality,High_Dice (>75%)
20160407_163257_641_361,0.8581035027224756,0.7514722260453031,0.7867855350884974,0.9436394514403523,9443,2559,564,217834,10007,12002,0.21321446425595733,0.05636054761666833,2,1,5003.5,3413,0.341061257120016,0.170530628560008,0.5,0.9999933879262184,0.5,0.5,0.1484375,0.4929875,8,8,['high_quality'],high_quality,Medium_Dice (25-75%)
20160407_165001_1281_1081,0.4835812890473252,0.31889694156010523,0.32370357049730525,0.9555084720457931,3608,7538,168,219086,3776,11146,0.6762964292122735,0.04449152542372881,2,2,1888.0,1841,0.4875529661016949,0.24377648305084745,1.0,0.9999939665195807,0.25,0.75,0.1875,0.492925,4,12,"['false_crack_high_fp', 'thin_low_area_failure', 'over_segmentation']",false_crack_high_fp,Low_Dice (<25%)
20160407_165001_1281_361,0.7685224533331483,0.6240653395697312,0.6855806895705923,0.8742949227443232,10850,4976,1560,213014,12410,15826,0.31441930999620876,0.12570507655116842,2,2,6205.0,2498,0.20128928283642225,0.10064464141821113,1.0,0.9999959576571861,0.3125,0.6875,0.1796875,0.49312500000000004,5,11,['boundary_margin_error'],boundary_margin_error,Medium_Dice (25-75%)
20160407_165001_1281_721,0.8043815424540699,0.6727744435336883,0.8326309435427837,0.7779861226739432,4149,834,1184,224233,5333,4983,0.16736905478627334,0.2220138758672417,1,1,5333.0,1172,0.21976373523345208,0.10988186761672604,1.0,0.9999925321032663,0.3125,0.6875,0.15625,0.4930125,5,11,['boundary_margin_error'],boundary_margin_error,Medium_Dice (25-75%)
20160407_165001_1921_361,0.6285960557821398,0.4583595215927726,0.5366077988656958,0.7586475923052077,2917,2519,928,224036,3845,5436,0.46339220014716703,0.2413524057217165,1,1,3845.0,1108,0.2881664499349805,0.14408322496749024,1.0,0.9999925880526838,0.25,0.75,0.1953125,0.4930625,4,12,['moderate_general_error'],moderate_general_error,Low_Dice (<25%)
20160407_165001_1921_721,0.6776361035513274,0.5124429859066633,0.5196786492577468,0.973548189459489,6404,5919,174,217903,6578,12323,0.48032135032053885,0.026451809060504712,2,1,3289.0,2875,0.4370629370629371,0.21853146853146854,0.5,0.9999888334506403,0.25,0.75,0.203125,0.49295,4,12,['moderate_general_error'],moderate_general_error,Low_Dice (<25%)
20160407_165001_1_1081,0.6305409800700733,0.4604307035798247,0.5313309947685151,0.7753058937145587,3485,3074,1010,222831,4495,6559,0.4686690044214057,0.22469410456062291,2,3,2247.5,2332,0.5187986651835372,0.2593993325917686,1.5,0.999994210411597,0.375,0.625,0.21875,0.49301249999999996,6,10,['moderate_general_error'],moderate_general_error,Low_Dice (<25%)
20160407_165001_1_721,0.871963230217259,0.7729918505982731,0.8835406416641362,0.8606853015888835,15272,2013,2472,210643,17744,17285,0.1164593578247035,0.13931469792605952,1,1,17744.0,3895,0.2195108205590622,0.1097554102795311,1.0,0.9999918100034252,0.375,0.625,0.171875,0.4930125000000001,6,10,['high_quality'],high_quality,High_Dice (>75%)
20160407_165001_641_1081,0.43153252433127615,0.2751300431953746,0.2824361375632326,0.9140588467348956,1957,4972,184,223287,2141,6929,0.7175638620291528,0.08594114899579636,2,3,1070.5,1225,0.572162540868753,0.2860812704343765,1.5,0.9999926116946509,0.3125,0.6875,0.234375,0.492975,5,11,"['false_crack_high_fp', 'thin_low_area_failure', 'over_segmentation']",false_crack_high_fp,Low_Dice (<25%)
20160407_165001_641_361,0.873089700732984,0.7747641505281067,0.824435317804908,0.9278469630710958,14454,3078,1124,211744,15578,17532,0.175564681724846,0.07215303633329054,1,1,15578.0,3166,0.2032353318782899,0.10161766593914495,1.0,0.999991195090715,0.4375,0.5625,0.140625,0.4934,7,9,['high_quality'],high_quality,High_Dice (>75%)
20160407_165001_641_721,0.5517819694931196,0.3810075264012521,0.3915501327237425,0.9339957350319679,1316,2045,93,226946,1409,3361,0.6084498661112764,0.0660042583392477,2,4,704.5,474,0.33640880056777855,0.16820440028388928,2.0,0.9999914630286113,0.3125,0.6875,0.203125,0.4929,5,11,['over_segmentation'],over_segmentation,Low_Dice (<25%)
IMG_2931_1297_485,0.7831443360168776,0.6435803022467089,0.705600401852673,0.8798364237815777,2797,1167,382,309286,3179,3964,0.2943995963673057,0.12016357345077068,8,5,397.375,1061,0.33375275243787356,0.16687637621893678,0.625,0.9999811927194131,0.3125,0.6875,0.21875,0.49340000000000006,5,11,"['complex_topology', 'boundary_margin_error']",complex_topology,Medium_Dice (25-75%)
IMG_2931_1297_969,0.9120445774058961,0.8383106131602627,0.8713349706213473,0.956744603456165,10639,1571,481,300941,11120,12210,0.12866502866502866,0.04325539568345324,1,1,11120.0,2558,0.23003597122302158,0.11501798561151079,1.0,0.999975927520051,0.375,0.625,0.1875,0.4936625,6,10,['high_quality'],high_quality,High_Dice (>75%)
IMG_2931_1945_485,0.8898222933038592,0.8015133864937233,0.8335351076974348,0.9542619526086938,5508,1100,264,306760,5772,6608,0.16646489104116222,0.04573804573804574,2,1,2886.0,1530,0.26507276507276506,0.13253638253638253,0.5,0.9999696860501178,0.3125,0.6875,0.1640625,0.49301249999999996,5,11,['high_quality'],high_quality,High_Dice (>75%)
IMG_2931_1945_969,0.8747570857905534,0.777393996215586,0.8231807279314154,0.9332284802212919,6527,1402,467,305236,6994,7929,0.17681927103039474,0.0667715184443809,1,1,6994.0,1920,0.2745210180154418,0.1372605090077209,1.0,0.9999715702231362,0.3125,0.6875,0.1796875,0.4930625,5,11,['high_quality'],high_quality,High_Dice (>75%)
IMG_2931_1_485,0.9022702757208664,0.8219421008330415,0.8873538234050741,0.9176967940719769,17149,2177,1538,292768,18687,19326,0.11264617613577564,0.08230320543693477,1,1,18687.0,3905,0.20896880184085193,0.10448440092042596,1.0,0.9999571248009673,0.3125,0.6875,0.1796875,0.4934,5,11,['high_quality'],high_quality,High_Dice (>75%)
IMG_2931_649_485,0.9124926337240378,0.8390680026828312,0.8921215606422861,0.9338157689327485,12388,1498,878,298868,13266,13886,0.10787843871525277,0.06618423036333484,2,3,6633.0,3277,0.2470224634403739,0.12351123172018695,1.5,0.9999714960386462,0.3125,0.6875,0.171875,0.4934375,5,11,['high_quality'],high_quality,High_Dice (>75%)
IMG_2931_649_969,0.5522689683037498,0.38147208025007084,0.3835162021344317,0.986220465969682,1503,2416,21,309692,1524,3919,0.616483796886961,0.013779527559055118,1,4,1524.0,436,0.28608923884514437,0.14304461942257218,4.0,0.999975396518044,0.3125,0.6875,0.1953125,0.4935625,5,11,"['over_segmentation', 'fragmented_prediction']",over_segmentation,Low_Dice (<25%)
IMG_2941_1297_485,0.8787599493595476,0.7837393507818418,0.8037397495564873,0.9692265031242708,10488,2561,333,300250,10821,13049,0.196260249827573,0.030773495980038812,1,1,10821.0,2685,0.24812863875797062,0.12406431937898531,1.0,0.9999868745118315,0.25,0.75,0.171875,0.4930375,4,12,['high_quality'],high_quality,High_Dice (>75%)
IMG_2941_1297_969,0.8028445309769131,0.670626791382457,0.6895534952407281,0.960680749294443,4911,2211,201,306309,5112,7122,0.3104465037910699,0.03931924882629108,2,2,2556.0,2222,0.43466353677621283,0.21733176838810642,1.0,0.9999900632756356,0.25,0.75,0.1796875,0.493075,4,12,['boundary_margin_error'],boundary_margin_error,Medium_Dice (25-75%)
IMG_2941_1945_485,0.8949403588625835,0.8098570661230905,0.8334859300290021,0.9661784469212634,13655,2728,478,296771,14133,16383,0.16651406946224745,0.033821552395103656,1,1,14133.0,3879,0.2744640203778391,0.13723201018891956,1.0,0.9999849471261895,0.3125,0.6875,0.1640625,0.49237499999999995,5,11,['high_quality'],high_quality,High_Dice (>75%)
IMG_2941_1_485,0.7594604713755522,0.6122017508121387,0.7089891558079938,0.81766841303415,4054,1664,904,307010,4958,5718,0.29101084295208113,0.18233158531665994,3,4,1652.6666666666667,1490,0.30052440500201694,0.15026220250100847,1.3333333333333333,0.9999824414962427,0.1875,0.8125,0.1875,0.4931375,3,13,['boundary_margin_error'],boundary_margin_error,Medium_Dice (25-75%)
IMG_2941_1_969,0.8803823512499968,0.7863241100503366,0.8108747038307046,0.962923522785166,9947,2320,383,300982,10330,12267,0.18912529550827423,0.03707647628267183,3,4,3443.3333333333335,2424,0.2346563407550823,0.11732817037754115,1.3333333333333333,0.9999774845554326,0.25,0.75,0.15625,0.49317500000000003,4,12,['high_quality'],high_quality,High_Dice (>75%)
IMG_2941_649_969,0.8954341314014094,0.8106661240017171,0.8488611361322209,0.9474142702562649,11963,2130,664,298875,12627,14093,0.15113886326545092,0.052585728993426784,1,1,12627.0,3828,0.30315989546210503,0.15157994773105252,1.0,0.9999780122697259,0.1875,0.8125,0.1953125,0.4932625,3,13,['high_quality'],high_quality,High_Dice (>75%)
IMG_2942_1297_485,0.5821119141540538,0.4105485616001575,0.42666157331296645,0.9157614246448834,4468,6004,411,302749,4879,10472,0.5733384262796027,0.08423857347817176,3,1,1626.3333333333333,2380,0.4878048780487805,0.24390243902439024,0.3333333333333333,0.9999370599640047,0.1875,0.8125,0.21875,0.49141250000000003,3,13,['over_segmentation'],over_segmentation,Low_Dice (<25%)
IMG_2942_1945_485,0.5467958398837474,0.3762691126895791,0.37886439169988373,0.9821200479498082,3076,5043,56,305457,3132,8119,0.621135607833477,0.017879948914431672,3,1,1044.0,1994,0.6366538952745849,0.31832694763729247,0.3333333333333333,0.9999407154357335,0.3125,0.6875,0.2109375,0.4916125,5,11,"['thin_low_area_failure', 'over_segmentation']",thin_low_area_failure,Low_Dice (<25%)
IMG_2942_1_485,0.6859108579973745,0.5219667647143561,0.5594729772362169,0.8861835731667951,4586,3611,589,304846,5175,8197,0.4405270220812492,0.11381642512077295,5,2,1035.0,3132,0.6052173913043478,0.3026086956521739,0.4,0.9999389752894423,0.3125,0.6875,0.21875,0.49049999999999994,5,11,['complex_topology'],complex_topology,Low_Dice (<25%)
IMG_2942_649_485,0.36934931475226945,0.22650425262364354,0.2302027745675531,0.9337662297239556,2157,7213,153,304109,2310,9370,0.7697972251867663,0.06623376623376623,3,2,770.0,1534,0.664069264069264,0.332034632034632,0.6666666666666666,0.9999311375141386,0.1875,0.8125,0.2265625,0.49106249999999996,3,13,"['false_crack_high_fp', 'thin_low_area_failure', 'over_segmentation']",false_crack_high_fp,Low_Dice (<25%)
