case_name,dice,iou,precision,recall,tp,fp,fn,tn,gt_area,pred_area,fp_area_ratio,fn_area_ratio,num_gt_cc,num_pred_cc,mean_component_size,perimeter,boundary_to_area_ratio,thinness_score,fragmentation_ratio,mean_routing_entropy,cnn_expert_fraction,vit_expert_fraction,expert_hhi_concentration,mean_gs,cnn_expert_selections,vit_expert_selections,error_taxonomy,primary_error_category,performance_tier
20160222_080850_1281_361,0.8684398947549815,0.7674712909456427,0.9518107301332264,0.7984980001957973,16374,829,4132,209065,20506,17203,0.04818926931349183,0.20150199941480543,1,1,20506.0,3739,0.18233687701160636,0.09116843850580318,1.0,0.9999845736812982,0.4375,0.5625,0.15625,0.499675,7,9,['high_quality'],high_quality,Medium_Dice (25-75%)
20160222_080850_1281_721,0.7447266449747597,0.5932784616142713,0.6474550873972489,0.8763931059959823,1730,942,244,227484,1974,2672,0.35254491017964074,0.12360688956433637,2,1,987.0,936,0.47416413373860183,0.23708206686930092,0.5,0.9999840898160743,0.4375,0.5625,0.171875,0.5002875,7,9,['boundary_margin_error'],boundary_margin_error,Medium_Dice (25-75%)
20160222_080850_1921_1,0.28993147023382276,0.1695437727711801,0.1786487653125839,0.7688723134308265,825,3793,248,225534,1073,4618,0.821351234300563,0.23112767940354148,1,4,1073.0,330,0.30754892823858343,0.15377446411929171,4.0,0.9999787329891049,0.375,0.625,0.1875,0.5000375,6,10,"['false_crack_high_fp', 'thin_low_area_failure', 'over_segmentation', 'fragmented_prediction']",false_crack_high_fp,Low_Dice (<25%)
20160222_080850_1921_361,0.8857711687657029,0.7949634257663949,0.9271294601933254,0.8479452049744222,14237,1119,2553,212491,16790,15356,0.07287053920291743,0.15205479452054796,1,1,16790.0,2880,0.17153067301965455,0.08576533650982728,1.0,0.9999757455132013,0.375,0.625,0.171875,0.49894999999999995,6,10,['high_quality'],high_quality,High_Dice (>75%)
20160222_080850_1_361,0.8445113660738834,0.7308694705238292,0.8433297131219908,0.8456963347243157,20191,3751,3684,202774,23875,23942,0.1566702865257706,0.15430366492146597,1,1,23875.0,3950,0.16544502617801046,0.08272251308900523,1.0,0.9999816735314289,0.375,0.625,0.1875,0.49911250000000007,6,10,['boundary_margin_error'],boundary_margin_error,Medium_Dice (25-75%)
20160222_080850_641_361,0.7814820040136959,0.6413380898664051,0.7241054610148016,0.8487338274273507,13842,5274,2467,208817,16309,19116,0.275894538606403,0.1512661720522411,4,1,4077.25,4122,0.25274388374517137,0.12637194187258569,0.25,0.9999816994088119,0.25,0.75,0.1953125,0.49943750000000003,4,12,['boundary_margin_error'],boundary_margin_error,Medium_Dice (25-75%)
20160222_080850_641_721,0.786364133742887,0.6479407502746736,0.722602738270341,0.862466937094333,3587,1377,572,224864,4159,4964,0.2773972602739726,0.13753306083193076,1,3,4159.0,1886,0.45347439288290453,0.22673719644145227,3.0,0.9999846721523883,0.375,0.625,0.1875,0.49988750000000004,6,10,['boundary_margin_error'],boundary_margin_error,Medium_Dice (25-75%)
20160222_115224_1281_1,0.5380724918951444,0.368056889901925,0.38303830344730644,0.9039414658863785,3830,6169,407,219994,4237,9999,0.6169616961696169,0.09605853198017465,10,5,423.7,4075,0.9617654000472032,0.4808827000236016,0.5,0.999987568172604,0.25,0.75,0.1796875,0.49845000000000006,4,12,"['thin_low_area_failure', 'over_segmentation', 'complex_topology']",thin_low_area_failure,Low_Dice (<25%)
20160222_115224_1281_1081,0.8634761631761491,0.7597519165011394,0.863316022137767,0.8636363620340699,4655,737,735,224273,5390,5392,0.1366839762611276,0.13636363636363635,1,1,5390.0,2275,0.42207792207792205,0.21103896103896103,1.0,0.9999883574972114,0.4375,0.5625,0.171875,0.4997,7,9,['high_quality'],high_quality,Medium_Dice (25-75%)
20160222_115224_1281_361,0.550425272275364,0.37971500313016204,0.4389534869542846,0.7377850122812974,1359,1737,483,226821,1842,3096,0.561046511627907,0.26221498371335505,6,4,307.0,1801,0.9777415852334419,0.48887079261672095,0.6666666666666666,0.9999952530226741,0.4375,0.5625,0.1875,0.4993375,7,9,['complex_topology'],complex_topology,Low_Dice (<25%)
20160222_115224_1281_721,0.786130092983945,0.6476230182824256,0.7375336382182466,0.8415823684219972,4659,1658,877,223206,5536,6317,0.26246636061421563,0.15841763005780346,4,2,1384.0,2724,0.4920520231213873,0.24602601156069365,0.5,0.9999908438442647,0.5,0.5,0.1875,0.4990875,8,8,['boundary_margin_error'],boundary_margin_error,Medium_Dice (25-75%)
20160222_115224_1921_1081,0.8211353058867,0.6965475427223045,0.764119596251697,0.8873456721655427,1150,355,146,228749,1296,1505,0.23588039867109634,0.11265432098765432,1,1,1296.0,552,0.42592592592592593,0.21296296296296297,1.0,0.9999788341392253,0.3125,0.6875,0.1640625,0.4997375,5,11,['boundary_margin_error'],boundary_margin_error,Medium_Dice (25-75%)
20160222_115224_641_1,0.7273696678155394,0.571548272440603,0.6793183571104146,0.7827361968854569,6139,2898,1704,219659,7843,9037,0.3206816421378776,0.21726380211653704,4,5,1960.75,4660,0.5941603978069616,0.2970801989034808,1.25,0.9999836993836041,0.3125,0.6875,0.203125,0.4986125,5,11,['boundary_margin_error'],boundary_margin_error,Medium_Dice (25-75%)
20160222_115224_641_1081,0.017167381942214253,0.008658008641712765,0.012609649088241092,0.026884862496289526,46,3602,1665,225087,1711,3648,0.987390350877193,0.973115137346581,1,8,1711.0,1669,0.9754529514903565,0.48772647574517825,8.0,0.9999948933033256,0.5,0.5,0.1875,0.49988750000000004,8,8,"['missed_crack_high_fn', 'false_crack_high_fp', 'thin_low_area_failure', 'over_segmentation', 'fragmented_prediction']",missed_crack_high_fn,Low_Dice (<25%)
20160222_115224_641_361,0.8041097731457215,0.6723943009893867,0.690503829369622,0.9624595438108104,2974,1333,116,225977,3090,4307,0.3094961690271651,0.037540453074433655,2,1,1545.0,1649,0.5336569579288026,0.2668284789644013,0.5,0.9999814453152969,0.375,0.625,0.203125,0.499525,6,10,['boundary_margin_error'],boundary_margin_error,Medium_Dice (25-75%)
20160222_115224_641_721,0.5729903527765429,0.4015322208167368,0.8518164395228659,0.43168604546587686,1782,310,2346,225962,4128,2092,0.14818355640535372,0.5683139534883721,5,1,825.6,2219,0.5375484496124031,0.26877422480620156,0.2,0.9999898260185278,0.3125,0.6875,0.203125,0.4994625,5,11,['complex_topology'],complex_topology,Low_Dice (<25%)
20160222_115837_1281_1,0.7247734597413812,0.5683487889096125,0.6032212698412102,0.9076745510527514,4719,3104,480,222097,5199,7823,0.3967787293877029,0.09232544720138489,1,4,5199.0,2135,0.41065589536449315,0.20532794768224658,4.0,0.9999991185815987,0.3125,0.6875,0.171875,0.49878749999999994,5,11,['boundary_margin_error'],boundary_margin_error,Medium_Dice (25-75%)
20160222_115837_1281_1081,0.7165398693765288,0.5582875948226398,0.5607497231295486,0.9921966406859279,2543,1992,20,225845,2563,4535,0.4392502756339581,0.007803355442840421,4,1,640.75,1867,0.7284432305891534,0.3642216152945767,0.25,0.9999989146617356,0.375,0.625,0.15625,0.4993875,6,10,['moderate_general_error'],moderate_general_error,Low_Dice (<25%)
20160222_115837_1281_361,0.78963780188338,0.6523979376686525,0.669786366897688,0.9617294742572904,3292,1623,131,225354,3423,4915,0.33021363173957274,0.03827052293309962,4,2,855.75,2052,0.5994741454864154,0.2997370727432077,0.5,0.9999996880505249,0.3125,0.6875,0.171875,0.49883750000000004,5,11,['boundary_margin_error'],boundary_margin_error,Medium_Dice (25-75%)
20160222_115837_1281_721,0.772833041342593,0.6297700862058069,0.6347348288706766,0.9877323383355674,2657,1529,33,226181,2690,4186,0.3652651696129957,0.012267657992565056,1,1,2690.0,2008,0.7464684014869889,0.37323420074349445,1.0,0.9999980250006583,0.4375,0.5625,0.1484375,0.49920000000000003,7,9,['boundary_margin_error'],boundary_margin_error,Medium_Dice (25-75%)
20160222_164851_1281_1081,0.8780918720863381,0.7826771642338194,0.8869240738369175,0.8694338408564983,5467,697,821,223415,6288,6164,0.11307592472420507,0.13056615776081426,2,1,3144.0,1152,0.183206106870229,0.0916030534351145,0.5,0.9999923213161583,0.4375,0.5625,0.1796875,0.4989,7,9,['high_quality'],high_quality,High_Dice (>75%)
20160222_164851_641_1,0.8550979506543299,0.7468743296800212,0.8211452353930208,0.8919795214232257,10454,2277,1266,216403,11720,12731,0.17885476396198255,0.10802047781569966,2,2,5860.0,2308,0.1969283276450512,0.0984641638225256,1.0,0.9999935959555112,0.375,0.625,0.15625,0.498075,6,10,['high_quality'],high_quality,Medium_Dice (25-75%)
20160222_164851_641_1081,0.739638681761664,0.5868465423831719,0.6393386144915162,0.8772648481530411,5568,3141,779,220912,6347,8709,0.3606613847743713,0.12273515046478652,3,3,2115.6666666666665,2372,0.3737198676540098,0.1868599338270049,1.0,0.999994405965944,0.375,0.625,0.1796875,0.49865000000000004,6,10,['boundary_margin_error'],boundary_margin_error,Medium_Dice (25-75%)
20160222_164851_641_361,0.8223624198759645,0.6983153677800843,0.7378435512938393,0.9287492480652852,10819,3844,830,214907,11649,14663,0.26215644820295986,0.07125075113743669,7,4,1664.142857142857,3669,0.31496265773886173,0.15748132886943086,0.5714285714285714,0.9999943617837095,0.375,0.625,0.15625,0.4978875,6,10,"['complex_topology', 'boundary_margin_error']",complex_topology,Medium_Dice (25-75%)
20160222_164851_641_721,0.8619181244379671,0.7573428089365851,0.7873190585137824,0.9521334783441526,10443,2821,525,216611,10968,13264,0.21268094089264172,0.04786652078774617,3,4,3656.0,2773,0.25282640408460977,0.12641320204230488,1.3333333333333333,0.9999954989810728,0.375,0.625,0.21875,0.49848750000000003,6,10,['high_quality'],high_quality,Medium_Dice (25-75%)
20160222_165225_1281_361,0.8078427048478037,0.6776309704540044,0.7038387709176211,0.9479126264082816,7334,3086,403,219577,7737,10420,0.2961612284069098,0.052087372366550345,1,1,7737.0,3094,0.39989660074964456,0.19994830037482228,1.0,0.9999980136923535,0.375,0.625,0.171875,0.49817500000000003,6,10,['boundary_margin_error'],boundary_margin_error,Medium_Dice (25-75%)
20160222_165225_1281_721,0.745301358569989,0.5940082613945854,0.6919374206261286,0.8075842639916836,1150,512,274,228464,1424,1662,0.30806257521058966,0.19241573033707865,1,1,1424.0,650,0.45646067415730335,0.22823033707865167,1.0,0.9999970844257995,0.3125,0.6875,0.1640625,0.4989,5,11,['boundary_margin_error'],boundary_margin_error,Medium_Dice (25-75%)
20160222_165225_1921_721,0.6774873280497253,0.5122728442750213,0.537308039261691,0.9166281385165231,5948,5122,541,218789,6489,11070,0.46269196025293585,0.0833718600708892,2,2,3244.5,3365,0.5185698875019263,0.25928494375096317,1.0,0.999996539839056,0.375,0.625,0.1640625,0.49851249999999997,6,10,['moderate_general_error'],moderate_general_error,Low_Dice (<25%)
20160222_165225_1_361,0.7723683458658364,0.6291531692465033,0.6762833260283692,0.9002781076674903,6798,3254,753,219595,7551,10052,0.323716673298846,0.09972189114024632,1,2,7551.0,3404,0.4508012183816713,0.22540060919083565,2.0,0.9999941128891938,0.375,0.625,0.171875,0.49817500000000003,6,10,['boundary_margin_error'],boundary_margin_error,Medium_Dice (25-75%)
20160222_165225_641_361,0.8012621847065633,0.6684215468003935,0.7499999992088607,0.860045964848136,7110,2370,1157,219763,8267,9480,0.25,0.13995403411152776,4,4,2066.75,4037,0.4883270835853393,0.24416354179266966,1.0,0.9999978176737144,0.375,0.625,0.171875,0.49806249999999996,6,10,['boundary_margin_error'],boundary_margin_error,Medium_Dice (25-75%)
20160222_165402_1281_1,0.930644257181712,0.870284994897019,0.9023356861462948,0.9607865807278351,8306,899,339,220856,8645,9205,0.09766431287343835,0.03921341816078658,1,1,8645.0,2045,0.23655292076344708,0.11827646038172354,1.0,0.9999976965198225,0.5,0.5,0.171875,0.4988875,8,8,['high_quality'],high_quality,High_Dice (>75%)
20160222_165402_1281_361,0.8926717869562634,0.8061492305904113,0.8199065680046653,0.9796104328743475,8600,1889,179,219732,8779,10489,0.1800934312136524,0.020389566009796103,2,1,4389.5,2052,0.2337396058776626,0.1168698029388313,0.5,0.9999986908998416,0.5,0.5,0.171875,0.499075,8,8,['high_quality'],high_quality,High_Dice (>75%)
20160222_165402_641_1081,0.9265048467248422,0.8630731530535015,0.9213810620122703,0.9316859359694053,12329,1052,904,216115,13233,13381,0.07861893729915552,0.06831406332653216,1,1,13233.0,1717,0.12975137912793774,0.06487568956396887,1.0,0.9999973732037724,0.4375,0.5625,0.15625,0.49913749999999996,7,9,['high_quality'],high_quality,High_Dice (>75%)
20160222_165402_641_721,0.8892983412731944,0.8006635573882142,0.8098131681391137,0.9860850348027774,8929,2097,126,219248,9055,11026,0.19018683112642845,0.013914964108227498,1,1,9055.0,1678,0.1853119823302043,0.09265599116510215,1.0,0.9999981646376324,0.4375,0.5625,0.1796875,0.4992,7,9,['high_quality'],high_quality,High_Dice (>75%)
20160222_165926_1281_361,0.4882418803877531,0.32296296216552356,0.3232822532790849,0.9969512119134817,1308,2738,4,226350,1312,4046,0.6767177459218982,0.003048780487804878,2,3,656.0,1592,1.2134146341463414,0.6067073170731707,1.5,0.9999978308729252,0.5,0.5,0.171875,0.4992,8,8,"['false_crack_high_fp', 'thin_low_area_failure', 'over_segmentation']",false_crack_high_fp,Low_Dice (<25%)
20160222_165926_1281_721,0.7203821650315428,0.5629666493741082,0.5751334851574708,0.9637835514192937,4524,3342,170,222364,4694,7866,0.4248665141113654,0.03621644652748189,1,1,4694.0,3164,0.674051981252663,0.3370259906263315,1.0,0.9999974377106402,0.4375,0.5625,0.1640625,0.49915000000000004,7,9,['moderate_general_error'],moderate_general_error,Low_Dice (<25%)
20160222_165926_1921_721,0.7445340421111197,0.5930340344417507,0.6268197079691774,0.9166837238143629,4478,2666,407,222849,4885,7144,0.37318029115341544,0.08331627430910953,4,1,1221.25,3742,0.7660184237461617,0.38300921187308085,0.25,0.999994041662906,0.4375,0.5625,0.171875,0.49886250000000004,7,9,['boundary_margin_error'],boundary_margin_error,Medium_Dice (25-75%)
20160222_165926_1_1081,0.6295065184620134,0.4593283564950434,0.4776872313632626,0.9227885987796957,1231,1346,103,227720,1334,2577,0.5223127667830811,0.07721139430284858,4,3,333.5,1166,0.8740629685157422,0.4370314842578711,0.75,0.9999972987937733,0.4375,0.5625,0.1640625,0.49986249999999993,7,9,['moderate_general_error'],moderate_general_error,Low_Dice (<25%)
20160222_165926_1_721,0.6339512896716936,0.46407663568551244,0.47711106971163403,0.9444043287205619,2616,2867,154,224763,2770,5483,0.5228889294182018,0.0555956678700361,5,4,554.0,2358,0.8512635379061372,0.4256317689530686,0.8,0.9999968972107336,0.375,0.625,0.1640625,0.49952499999999994,6,10,['complex_topology'],complex_topology,Low_Dice (<25%)
20160222_165926_641_1,0.738124237834197,0.5849420838128532,0.5954018459512639,0.9708426755179663,3030,2059,91,225220,3121,5089,0.4045981528787581,0.029157321371355335,1,1,3121.0,1933,0.619352771547581,0.3096763857737905,1.0,0.9999948155223637,0.375,0.625,0.171875,0.49955,6,10,['moderate_general_error'],moderate_general_error,Medium_Dice (25-75%)
20160222_165926_641_361,0.6631454126731213,0.49604902355096114,0.4977346270263194,0.9932192412230569,3076,3104,21,224199,3097,6180,0.5022653721682848,0.006780755569906361,2,1,1548.5,2230,0.7200516628995802,0.3600258314497901,0.5,0.9999975700418453,0.5,0.5,0.171875,0.499625,8,8,['moderate_general_error'],moderate_general_error,Low_Dice (<25%)
20160222_165926_641_721,0.7455320313819549,0.5943013692117245,0.6095313020012012,0.9596531570347671,5423,3474,228,221275,5651,8897,0.39046869731370126,0.040346841267032384,2,2,2825.5,4142,0.7329676163510883,0.36648380817554416,1.0,0.9999981825110704,0.375,0.625,0.15625,0.49916249999999995,6,10,['boundary_margin_error'],boundary_margin_error,Medium_Dice (25-75%)
20160302_155857_1281_1,0.6229194560714373,0.45234787378112273,0.6576449188898306,0.5916772658701122,3256,1695,2247,223202,5503,4951,0.34235507978186225,0.40832273305469746,2,4,2751.5,1899,0.3450844993639833,0.17254224968199164,2.0,0.9999852859505391,0.3125,0.6875,0.1796875,0.4987875,5,11,['moderate_general_error'],moderate_general_error,Low_Dice (<25%)
20160302_155857_1281_361,0.7846849042594743,0.6456637517378517,0.7599952676129699,0.8110325665096787,6425,2029,1497,220449,7922,8454,0.24000473148805299,0.18896743246654885,1,3,7922.0,2828,0.35698056046452914,0.17849028023226457,3.0,0.999984628569857,0.3125,0.6875,0.1796875,0.4985875,5,11,['boundary_margin_error'],boundary_margin_error,Medium_Dice (25-75%)
20160302_155857_1281_721,0.5201482155624173,0.3514866968654563,0.36214124359193406,0.9227608798458432,1123,1978,94,227205,1217,3101,0.637858755240245,0.07723911257189811,1,5,1217.0,430,0.3533278553820871,0.17666392769104355,5.0,0.9999849852832631,0.4375,0.5625,0.15625,0.499275,7,9,"['thin_low_area_failure', 'over_segmentation', 'fragmented_prediction']",thin_low_area_failure,Low_Dice (<25%)
20160302_155857_1_721,0.8758347416454224,0.7790978551742185,0.9007181118769417,0.8522892731206982,15804,1742,2739,210115,18543,17546,0.09928188760971161,0.1477107264196732,1,1,18543.0,3212,0.17321900447608263,0.08660950223804131,1.0,0.9999770530059409,0.375,0.625,0.171875,0.49877499999999997,6,10,['high_quality'],high_quality,High_Dice (>75%)
20160302_155857_641_721,0.7518960696912232,0.6024306561595449,0.6454024416612245,0.9004780522377418,10360,5692,1145,213203,11505,16052,0.3545975579367057,0.0995219469795741,3,2,3835.0,3366,0.2925684485006519,0.14628422425032594,0.6666666666666666,0.9999822696830742,0.3125,0.6875,0.1640625,0.4986125,5,11,['boundary_margin_error'],boundary_margin_error,Medium_Dice (25-75%)
20160307_144202_1281_361,0.6056663616979375,0.4343769274873713,0.45830282283109364,0.8927099827373852,5633,6658,677,217432,6310,12291,0.5416971767960296,0.10729001584786053,10,2,631.0,3310,0.5245641838351822,0.2622820919175911,0.2,0.9999904030608069,0.3125,0.6875,0.1796875,0.49835000000000007,5,11,['complex_topology'],complex_topology,Low_Dice (<25%)
20160307_144202_1281_721,0.6000782619838796,0.42865129220314285,0.4335595130992939,0.9742693742875813,3067,4007,81,223245,3148,7074,0.5664404862878145,0.02573062261753494,5,3,629.6,1470,0.4669631512071156,0.2334815756035578,0.6,0.9999889116296702,0.3125,0.6875,0.1796875,0.49855000000000005,5,11,"['over_segmentation', 'complex_topology']",over_segmentation,Low_Dice (<25%)
20160307_144202_1921_361,0.5822079420196274,0.4106440988595857,0.4141194113647624,0.9799729584418008,11597,16407,237,202159,11834,28004,0.5858805884873589,0.020027040730099713,5,1,2366.8,4983,0.42107486902146357,0.21053743451073179,0.2,0.9999852702648393,0.125,0.875,0.21875,0.4979,2,14,"['over_segmentation', 'complex_topology']",over_segmentation,Low_Dice (<25%)
20160307_144202_1_361,0.7978996819682466,0.663754655081266,0.6971555509261818,0.9326786400486635,14436,6271,1042,208651,15478,20707,0.302844448737142,0.06732135934875307,7,1,2211.1428571428573,4184,0.2703191626825171,0.13515958134125855,0.14285714285714285,0.9999798451239278,0.1875,0.8125,0.21875,0.4984625,3,13,"['complex_topology', 'boundary_margin_error']",complex_topology,Medium_Dice (25-75%)
20160307_144202_641_361,0.6934392083137727,0.5307362755152255,0.5403184904451169,0.9676657575225561,10654,9064,356,210326,11010,19718,0.4596815092808601,0.032334241598546774,10,2,1101.0,4281,0.3888283378746594,0.1944141689373297,0.2,0.9999882456389089,0.25,0.75,0.1875,0.4984375,4,12,['complex_topology'],complex_topology,Low_Dice (<25%)
20160307_145059_1281_361,0.8574098878913954,0.7504089863941493,0.7676987443415907,0.9708621412650895,13761,4164,413,212062,14174,17925,0.23230125523012551,0.029137858049950612,4,2,3543.5,3270,0.23070410610977846,0.11535205305488923,0.5,0.9999915492026696,0.5,0.5,0.15625,0.49887499999999996,8,8,['high_quality'],high_quality,Medium_Dice (25-75%)
20160307_145059_1281_721,0.8100383005716354,0.6807263636810854,0.7032956117696093,0.9549804542997973,7085,2989,334,219992,7419,10074,0.29670438753226125,0.04501954441299366,3,2,2473.0,3748,0.5051893786224558,0.2525946893112279,0.6666666666666666,0.999986185804536,0.5,0.5,0.15625,0.4995,8,8,['boundary_margin_error'],boundary_margin_error,Medium_Dice (25-75%)
20160307_145059_1921_1081,0.7789397234720845,0.637920779543332,0.6425062889151716,0.9889360114531883,5363,2984,60,221993,5423,8347,0.35749371031508326,0.011063986723215933,3,1,1807.6666666666667,2182,0.4023603171676194,0.2011801585838097,0.3333333333333333,0.9999866440327899,0.5,0.5,0.140625,0.499725,8,8,['boundary_margin_error'],boundary_margin_error,Medium_Dice (25-75%)
20160307_145059_1921_361,0.8764061681902682,0.7800026516509729,0.8495703034234344,0.9049926910493171,11764,2083,1235,215318,12999,13847,0.1504296959630245,0.09500730825448112,1,1,12999.0,3074,0.23647972920993923,0.11823986460496962,1.0,0.9999888510600248,0.4375,0.5625,0.1796875,0.4986875,7,9,['high_quality'],high_quality,High_Dice (>75%)
20160307_145059_1921_721,0.8257575749946807,0.7032258053450421,0.7492036869250567,0.9197365694181179,4469,1496,390,224045,4859,5965,0.25079631181894385,0.08026342868903066,3,2,1619.6666666666667,1757,0.3615970364272484,0.1807985182136242,0.6666666666666666,0.9999875986581346,0.5,0.5,0.1640625,0.50055,8,8,['boundary_margin_error'],boundary_margin_error,Medium_Dice (25-75%)
20160307_145059_1_361,0.9067723955707392,0.8294452060091696,0.8585633108172045,0.9607175284278866,8462,1394,346,220198,8808,9856,0.14143668831168832,0.03928247048138056,1,1,8808.0,2411,0.27372842870118075,0.13686421435059037,1.0,0.9999873615212465,0.25,0.75,0.1875,0.4982875,4,12,['high_quality'],high_quality,High_Dice (>75%)
20160307_145059_1_721,0.8169194610717657,0.6905019854454051,0.7312595605159873,0.9253105324644127,5736,2108,463,222093,6199,7844,0.26874043855175933,0.07468946604291014,1,1,6199.0,1626,0.2623003710275851,0.13115018551379254,1.0,0.9999878653022016,0.4375,0.5625,0.140625,0.49905,7,9,['boundary_margin_error'],boundary_margin_error,Medium_Dice (25-75%)
20160307_145059_641_361,0.7642081611649508,0.6183955397256476,0.6336768898128935,0.9624669917720351,5103,2950,199,222148,5302,8053,0.3663231094002235,0.037533006412674465,2,2,2651.0,2106,0.3972086005281026,0.1986043002640513,1.0,0.9999910184519043,0.5625,0.4375,0.1640625,0.49902499999999994,9,7,['boundary_margin_error'],boundary_margin_error,Medium_Dice (25-75%)
20160307_145059_641_721,0.8172940734933678,0.691037438112292,0.7048990608815102,0.9723306128304979,10964,4590,312,214534,11276,15554,0.2951009386652951,0.027669386307201137,2,1,5638.0,3040,0.2695991486342675,0.13479957431713374,0.5,0.9999889507881263,0.5,0.5,0.15625,0.4989125,8,8,['boundary_margin_error'],boundary_margin_error,Medium_Dice (25-75%)
20160307_162438_1281_361,0.7749481777095822,0.6325839965371429,0.9999999961788306,0.6325839965371429,2617,0,1520,226263,4137,2617,0.0,0.36741600193376844,1,1,4137.0,396,0.09572153734590283,0.047860768672951415,1.0,0.999997108241327,0.5,0.5,0.1640625,0.49905,8,8,['boundary_margin_error'],boundary_margin_error,Medium_Dice (25-75%)
20160307_162438_1281_721,0.8645573619298806,0.7614275991954513,0.9683382493733182,0.7808684066158558,24620,805,6909,198066,31529,25425,0.03166175024582104,0.21913159313647754,1,1,31529.0,3073,0.09746582511338768,0.04873291255669384,1.0,0.9999961229257371,0.5,0.5,0.1953125,0.49813749999999996,8,8,['high_quality'],high_quality,Medium_Dice (25-75%)
20160307_162438_1921_1081,0.7205003090095181,0.5631109675780905,0.5638377968356256,0.9977160249355577,10484,8110,24,211782,10508,18594,0.436162202861138,0.0022839741149600305,2,1,5254.0,2256,0.21469356680624285,0.10734678340312143,0.5,0.9999970800276666,0.4375,0.5625,0.171875,0.498975,7,9,['moderate_general_error'],moderate_general_error,Low_Dice (<25%)
20160307_162438_1921_721,0.8871181936914222,0.7971360378637046,0.8973588338354468,0.8771086478492417,19706,2254,2761,205679,22467,21960,0.10264116575591986,0.12289135176035963,1,1,22467.0,2708,0.12053233631548493,0.06026616815774247,1.0,0.9999972613915532,0.4375,0.5625,0.1953125,0.49824999999999997,7,9,['high_quality'],high_quality,High_Dice (>75%)
20160307_162438_1_361,0.8579738641243737,0.7512734053731082,0.899476049789711,0.8201326160862181,31416,3511,6890,188583,38306,34927,0.10052394995275861,0.1798673836996815,1,1,38306.0,3094,0.08077063645381924,0.04038531822690962,1.0,0.9999952630263755,0.4375,0.5625,0.1953125,0.49806249999999996,7,9,['high_quality'],high_quality,Medium_Dice (25-75%)
20160307_162438_641_361,0.8697632684864924,0.7695407910887718,0.8806018816357952,0.8591882183268087,18903,2563,3098,205836,22001,21466,0.11939811795397373,0.14081178128266897,1,1,22001.0,2516,0.11435843825280669,0.05717921912640334,1.0,0.9999964107499307,0.4375,0.5625,0.1953125,0.4979875,7,9,['high_quality'],high_quality,Medium_Dice (25-75%)
20160307_162438_641_721,0.764934164404065,0.6193468739542736,0.6553075271250207,0.9186085204417302,5519,2903,489,221489,6008,8422,0.3446924720968891,0.08139147802929428,1,1,6008.0,705,0.11734354194407456,0.05867177097203728,1.0,0.9999973344496018,0.375,0.625,0.15625,0.49865000000000004,6,10,['boundary_margin_error'],boundary_margin_error,Medium_Dice (25-75%)
20160310_114505_1281_1,0.42368967856881823,0.2687857034293457,0.26882508018044965,0.9994553322469754,1835,4991,1,223573,1836,6826,0.7311749194257252,0.0005446623093681918,4,4,459.0,1931,1.051742919389978,0.525871459694989,1.0,0.9999963552800881,0.1875,0.8125,0.203125,0.49902500000000005,3,13,"['false_crack_high_fp', 'thin_low_area_failure', 'over_segmentation']",false_crack_high_fp,Low_Dice (<25%)
20160310_114505_641_1,0.5449239952871037,0.37449864716491127,0.3832935557200062,0.9422670712455596,4015,6460,246,219679,4261,10475,0.6167064439140811,0.05773292654306501,4,2,1065.25,2348,0.551044355785027,0.2755221778925135,0.5,0.9999976771285773,0.125,0.875,0.21875,0.49878749999999994,2,14,"['thin_low_area_failure', 'over_segmentation']",thin_low_area_failure,Low_Dice (<25%)
20160310_114505_641_1081,0.5735022248726448,0.4020351344897426,0.4026148813664537,0.9964311182573612,4188,6214,15,219983,4203,10402,0.5973851182464911,0.0035688793718772305,3,3,1401.0,1842,0.4382583868665239,0.21912919343326195,1.0,0.9999965581587864,0.125,0.875,0.21875,0.498475,2,14,['over_segmentation'],over_segmentation,Low_Dice (<25%)
20160310_114505_641_361,0.49942740009678294,0.3328245498611628,0.33554709618891465,0.9762016942125314,4143,8204,101,217952,4244,12347,0.6644529035393213,0.023798303487276153,5,3,848.8,2457,0.5789349670122526,0.2894674835061263,0.6,0.9999947263417726,0.125,0.875,0.2109375,0.49862500000000004,2,14,"['false_crack_high_fp', 'thin_low_area_failure', 'over_segmentation', 'complex_topology']",false_crack_high_fp,Low_Dice (<25%)
20160310_114505_641_721,0.5883229473121627,0.4167546296739712,0.4173152681682375,0.9967867776066405,4343,6064,14,219979,4357,10407,0.5826847314307677,0.003213220105577232,4,1,1089.25,1798,0.41266926784484737,0.20633463392242368,0.25,0.9999933260301981,0.125,0.875,0.234375,0.4985125,2,14,['over_segmentation'],over_segmentation,Low_Dice (<25%)
20160316_142539_1281_361,0.8243455865939454,0.7011801913843775,0.872652936292167,0.781105989724714,5763,841,1615,222181,7378,6604,0.12734706238643245,0.21889400921658986,1,1,7378.0,1653,0.22404445649227434,0.11202222824613717,1.0,0.9999957360343609,0.375,0.625,0.15625,0.4984375,6,10,['boundary_margin_error'],boundary_margin_error,Medium_Dice (25-75%)
20160316_142539_1281_721,0.7900739069110303,0.6529935269797787,0.7152605452718358,0.8823658020308672,8071,3213,1076,218040,9147,11284,0.2847394540942928,0.11763419700448234,2,3,4573.5,2578,0.2818410407783973,0.14092052038919864,1.5,0.9999882122770033,0.375,0.625,0.1484375,0.4978125,6,10,['boundary_margin_error'],boundary_margin_error,Medium_Dice (25-75%)
20160316_142539_1921_361,0.6607148409927164,0.4933339524813797,0.5131178429177572,0.9275109162205145,10620,10077,830,208873,11450,20697,0.48688215683432384,0.07248908296943231,7,1,1635.7142857142858,4030,0.3519650655021834,0.1759825327510917,0.14285714285714285,0.9999931343666253,0.25,0.75,0.171875,0.498075,4,12,['complex_topology'],complex_topology,Low_Dice (<25%)
20160316_142539_1_721,0.6771896508790678,0.5119325316203425,0.5476007674915543,0.8871268649820221,11412,9428,1452,208108,12864,20840,0.4523992322456814,0.11287313432835822,7,5,1837.7142857142858,4023,0.3127332089552239,0.15636660447761194,0.7142857142857143,0.9999880857379148,0.375,0.625,0.1484375,0.4978625,6,10,['complex_topology'],complex_topology,Low_Dice (<25%)
20160316_142539_641_721,0.5704898764435894,0.3990806829855074,0.43297924082347583,0.8359949891686277,10679,13985,2095,203641,12774,24664,0.567020759000973,0.16400501017692187,4,2,3193.5,4538,0.35525285736652573,0.17762642868326287,0.5,0.9999861636021286,0.375,0.625,0.15625,0.49797500000000006,6,10,['moderate_general_error'],moderate_general_error,Low_Dice (<25%)
20160316_143445_1281_1,0.8824842700485473,0.7896839806334399,0.8543358653036837,0.9125507199436472,13044,2224,1250,213882,14294,15268,0.1456641341367566,0.08744927941793759,1,1,14294.0,2297,0.16069679585840213,0.08034839792920107,1.0,0.999995228508816,0.375,0.625,0.171875,0.4984,6,10,['high_quality'],high_quality,High_Dice (>75%)
20160316_143445_1281_1081,0.7545326232173134,0.6058228720261107,0.641854450236693,0.9151962051219483,3475,1939,322,224664,3797,5414,0.3581455485777614,0.08480379246773768,4,2,949.25,1205,0.3173558072162233,0.15867790360811165,0.5,0.9999852890684515,0.25,0.75,0.203125,0.49931250000000005,4,12,['boundary_margin_error'],boundary_margin_error,Medium_Dice (25-75%)
20160316_143445_1281_361,0.8571633234752281,0.7500313396326743,0.7705583097620206,0.9657009111728667,11966,3563,425,214446,12391,15529,0.22944168974177345,0.034299088047776614,2,2,6195.5,2403,0.19393107900895812,0.09696553950447906,1.0,0.9999936050665295,0.375,0.625,0.1484375,0.4986,6,10,['high_quality'],high_quality,Medium_Dice (25-75%)
20160316_143445_1281_721,0.8466553970198676,0.7340871018359915,0.8143808388920761,0.8815936517201645,15777,3596,2119,208908,17896,19373,0.18561916068755485,0.11840634778721502,2,3,8948.0,4941,0.2760952168082253,0.13804760840411265,1.5,0.9999849791616701,0.375,0.625,0.15625,0.4981125,6,10,['boundary_margin_error'],boundary_margin_error,Medium_Dice (25-75%)
20160316_143445_1921_1081,0.6892034040885515,0.5257897420837603,0.5914649153947764,0.8256386747329149,7207,4978,1522,216693,8729,12185,0.4085350841198194,0.17436132432122808,2,1,4364.5,2735,0.31332340474281134,0.15666170237140567,0.5,0.9999851381303246,0.3125,0.6875,0.1875,0.49904999999999994,5,11,['moderate_general_error'],moderate_general_error,Low_Dice (<25%)
20160316_143445_1_1081,0.870356406338734,0.770469917434612,0.8605367784686513,0.8804027246207641,8657,1403,1176,219164,9833,10060,0.13946322067594433,0.11959727448388081,1,1,9833.0,2466,0.2507881623105868,0.1253940811552934,1.0,0.9999819736814541,0.3125,0.6875,0.1875,0.49896250000000003,5,11,['high_quality'],high_quality,Medium_Dice (25-75%)
20160316_143445_1_721,0.5105543784160731,0.342781482598292,0.3694503167341963,0.8260458500920684,3495,5965,736,220204,4231,9460,0.6305496828752643,0.17395414795556605,2,3,2115.5,1268,0.2996927440321437,0.14984637201607184,1.5,0.9999816985299045,0.375,0.625,0.1640625,0.49911250000000007,6,10,"['thin_low_area_failure', 'over_segmentation']",thin_low_area_failure,Low_Dice (<25%)
20160316_143445_641_361,0.8724172803195986,0.7737057912406409,0.8221677552449458,0.9292089864274043,9057,1959,690,218694,9747,11016,0.17783224400871459,0.07079101261926747,1,1,9747.0,2796,0.2868574946137273,0.14342874730686364,1.0,0.9999909754177966,0.375,0.625,0.171875,0.49863749999999996,6,10,['high_quality'],high_quality,High_Dice (>75%)
20160316_143445_641_721,0.8527284676458863,0.743266474934798,0.8288422613389688,0.8780322679927426,7782,1607,1081,219930,8863,9389,0.17115773777825113,0.12196773101658581,1,1,8863.0,2133,0.2406634322464177,0.12033171612320885,1.0,0.9999876327169821,0.375,0.625,0.1640625,0.4990625,6,10,['high_quality'],high_quality,Medium_Dice (25-75%)
20160316_143527_1281_1081,0.7946170823592218,0.6592237792074215,0.7980047742172538,0.791258031120005,9359,2369,2469,216203,11828,11728,0.20199522510231924,0.2087419682110247,4,3,2957.0,4261,0.360246871829557,0.1801234359147785,0.75,0.9999859135045996,0.3125,0.6875,0.171875,0.4987125,5,11,['boundary_margin_error'],boundary_margin_error,Medium_Dice (25-75%)
20160316_143527_1281_361,0.6333229124205644,0.4634034756097816,0.6237684709859345,0.643174601132779,2026,1222,1124,226028,3150,3248,0.3762315270935961,0.3568253968253968,4,2,787.5,1101,0.3495238095238095,0.17476190476190476,0.5,0.9999930409316428,0.375,0.625,0.171875,0.4994625,6,10,['moderate_general_error'],moderate_general_error,Low_Dice (<25%)
20160316_143527_1281_721,0.7686075947675052,0.6241776313557718,0.7185133352327489,0.8262104213042688,17457,6839,3672,202432,21129,24296,0.28148666447151793,0.1737895783046997,7,2,3018.4285714285716,7452,0.35269061479483177,0.17634530739741588,0.2857142857142857,0.999983977092324,0.3125,0.6875,0.1640625,0.498425,5,11,"['complex_topology', 'boundary_margin_error']",complex_topology,Medium_Dice (25-75%)
20160316_143527_1921_361,0.7049801430113753,0.5443778635570125,0.5847342112791654,0.887484196198731,7722,5484,979,216215,8701,13206,0.41526578827805544,0.1125158027812895,2,3,4350.5,4261,0.48971382599701185,0.24485691299850593,1.5,0.999988808244289,0.1875,0.8125,0.21875,0.49839999999999995,3,13,['moderate_general_error'],moderate_general_error,Low_Dice (<25%)
20160316_143527_1_1,0.6577377467202377,0.4900217860653405,0.6864851658082223,0.6313012230478262,5623,2568,3284,218925,8907,8191,0.31351483335368086,0.3686987762434041,2,1,4453.5,3323,0.37307735488941285,0.18653867744470642,0.5,0.9999896134587662,0.3125,0.6875,0.1796875,0.498575,5,11,['boundary_margin_error'],boundary_margin_error,Low_Dice (<25%)
20160316_143527_1_361,0.710207378521132,0.5506368750247717,0.5532941658554466,0.9913533797317541,2637,2129,23,225611,2660,4766,0.4467058329836341,0.008646616541353383,2,3,1330.0,1788,0.6721804511278195,0.3360902255639098,1.5,0.9999864625414643,0.375,0.625,0.1484375,0.49920000000000003,6,10,['moderate_general_error'],moderate_general_error,Low_Dice (<25%)
20160316_143527_641_1,0.8205155121945953,0.6956560435324408,0.788756559559188,0.8549392836068929,7815,2093,1326,219166,9141,9908,0.21124343964473152,0.14506071545782737,1,1,9141.0,2978,0.3257849250629034,0.1628924625314517,1.0,0.9999947915200846,0.25,0.75,0.171875,0.49866250000000006,4,12,['boundary_margin_error'],boundary_margin_error,Medium_Dice (25-75%)
20160316_143527_641_361,0.7711844289190646,0.6275835422891716,0.720159591754317,0.829991058353563,12996,5050,2662,209692,15658,18046,0.2798404078466142,0.17000894111636225,8,2,1957.25,5907,0.37725124536977905,0.18862562268488953,0.25,0.9999904436446787,0.3125,0.6875,0.1640625,0.4985875,5,11,"['complex_topology', 'boundary_margin_error']",complex_topology,Medium_Dice (25-75%)
20160316_143527_641_721,0.6951562095044214,0.5327505212255343,0.7774181249477949,0.6286374124270402,4083,1169,2412,222736,6495,5252,0.2225818735719726,0.3713625866050808,3,1,2165.0,2013,0.3099307159353349,0.15496535796766744,0.3333333333333333,0.9999877704023852,0.4375,0.5625,0.1484375,0.49917500000000004,7,9,['boundary_margin_error'],boundary_margin_error,Low_Dice (<25%)
20160316_143547_1281_1081,0.8928356398361896,0.8064165285306782,0.8788148122109191,0.9073111015377451,2966,409,303,226722,3269,3375,0.12118518518518519,0.09268889568675436,3,1,1089.6666666666667,774,0.23676965432854083,0.11838482716427041,0.3333333333333333,0.9999900504888083,0.375,0.625,0.171875,0.4992375,6,10,['high_quality'],high_quality,High_Dice (>75%)
20160316_143547_1281_361,0.27051149970732663,0.15641127400474142,0.1637913112371829,0.7763546721541412,788,4023,227,225362,1015,4811,0.8362086884223654,0.22364532019704433,1,2,1015.0,210,0.20689655172413793,0.10344827586206896,2.0,0.9999940773403571,0.375,0.625,0.171875,0.4993875,6,10,"['false_crack_high_fp', 'thin_low_area_failure', 'over_segmentation']",false_crack_high_fp,Low_Dice (<25%)
20160316_143547_1281_721,0.8928072848751514,0.8063702666021221,0.860698165199098,0.927404961213901,20785,3364,1627,204624,22412,24149,0.13930183444449046,0.07259503837230055,1,1,22412.0,4400,0.19632339817954667,0.09816169908977333,1.0,0.9999863794119106,0.3125,0.6875,0.1640625,0.49824999999999997,5,11,['high_quality'],high_quality,High_Dice (>75%)
20160316_143547_1921_1081,0.8510138604602709,0.7406650360474997,0.8140243899173523,0.8915249765425399,20292,4636,2469,203003,22761,24928,0.18597560975609756,0.10847502306577039,3,3,7587.0,5059,0.2222661570229779,0.11113307851148894,1.0,0.9999843324034061,0.25,0.75,0.1953125,0.4983375,4,12,['high_quality'],high_quality,Medium_Dice (25-75%)
20160316_143547_1_1,0.782007363284134,0.642046051602331,0.8401320761916956,0.7314049582396664,12213,2324,4485,211378,16698,14537,0.15986792323037766,0.26859504132231404,1,1,16698.0,4621,0.2767397293088993,0.13836986465444964,1.0,0.9999908825804915,0.25,0.75,0.1875,0.4985125,4,12,['boundary_margin_error'],boundary_margin_error,Medium_Dice (25-75%)
20160316_143547_641_1,0.836619715364015,0.7191283249447438,0.79199999472,0.8865671575629317,1188,312,152,228748,1340,1500,0.208,0.11343283582089553,1,1,1340.0,445,0.332089552238806,0.166044776119403,1.0,0.9999944915081959,0.3125,0.6875,0.1875,0.4994875,5,11,['boundary_margin_error'],boundary_margin_error,Medium_Dice (25-75%)
20160316_143547_641_361,0.9055061800982375,0.8273287282513044,0.8635448458377964,0.9517537573716867,13296,2101,674,214329,13970,15397,0.1364551536013509,0.048246241947029346,2,1,6985.0,3890,0.278453829634932,0.139226914817466,0.5,0.9999934395830763,0.25,0.75,0.1875,0.4986125,4,12,['high_quality'],high_quality,High_Dice (>75%)
20160316_143547_641_721,0.649924657710072,0.4813988059419732,0.7086527852283375,0.6001855231893737,647,266,431,229056,1078,913,0.2913472070098576,0.39981447124304265,2,3,539.0,561,0.5204081632653061,0.2602040816326531,1.5,0.99999048808065,0.375,0.625,0.1640625,0.499175,6,10,['moderate_general_error'],moderate_general_error,Low_Dice (<25%)
20160318_181632_1281_1081,0.8893478207764783,0.8007437768665242,0.8423579617487517,0.9418899433603967,18948,3546,1169,206737,20117,22494,0.15764203787676714,0.05811005617139733,1,1,20117.0,3066,0.1524084107968385,0.07620420539841925,1.0,0.9999927309677306,0.4375,0.5625,0.1875,0.4983625,7,9,['high_quality'],high_quality,High_Dice (>75%)
20160318_181632_1281_361,0.8521862375661277,0.7424429515108063,0.912354708229688,0.7994628228913245,30063,2888,7541,189908,37604,32951,0.08764529149342964,0.2005371768960749,8,1,4700.5,5071,0.13485267524731412,0.06742633762365706,0.125,0.9999938703901432,0.375,0.625,0.1796875,0.4983375,6,10,"['complex_topology', 'high_quality']",complex_topology,Medium_Dice (25-75%)
20160318_181632_1281_721,0.8980124696923013,0.814902569216511,0.8813679137183016,0.9152977879621466,19948,2685,1846,205921,21794,22633,0.11863208589228118,0.08470221161787649,1,1,21794.0,2539,0.1164999541158117,0.05824997705790585,1.0,0.999994429442703,0.375,0.625,0.1484375,0.49888750000000004,6,10,['high_quality'],high_quality,High_Dice (>75%)
20160318_181632_1921_1,0.7732726512481665,0.6303541304715782,0.8217190573275027,0.7302207448130089,3738,811,1381,224470,5119,4549,0.17828094086612442,0.2697792537605001,5,1,1023.8,1148,0.22426255127954678,0.11213127563977339,0.2,0.9999908613066589,0.3125,0.6875,0.1640625,0.49916250000000006,5,11,"['complex_topology', 'boundary_margin_error']",complex_topology,Medium_Dice (25-75%)
20160318_181632_1921_361,0.8792330418233366,0.784492293789362,0.9156123586730303,0.8456341159549962,21277,1961,3884,203278,25161,23238,0.08438764093295464,0.1543658837089146,1,2,25161.0,3071,0.12205397241763045,0.06102698620881523,2.0,0.999986314210846,0.1875,0.8125,0.21875,0.4984624999999999,3,13,['high_quality'],high_quality,High_Dice (>75%)
20160318_181632_1_1,0.9378078719974654,0.8828985333952951,0.940381358295057,0.9352484323835039,29985,1901,2076,196438,32061,31886,0.05961864141002321,0.06475156732478712,1,1,32061.0,3190,0.0994978322572596,0.0497489161286298,1.0,0.9999919187163891,0.1875,0.8125,0.1953125,0.4983000000000001,3,13,['high_quality'],high_quality,High_Dice (>75%)
20160318_181632_1_361,0.9419974820478235,0.8903546693547694,0.9380268832580841,0.9460018360615767,4117,272,235,225776,4352,4389,0.061973114604693555,0.053998161764705885,2,1,2176.0,534,0.12270220588235294,0.06135110294117647,0.5,0.999992774620003,0.4375,0.5625,0.1328125,0.4992375,7,9,['high_quality'],high_quality,High_Dice (>75%)
20160318_181632_641_1,0.795495493703839,0.6604338045608309,0.9592612658377987,0.6794921097364673,1766,75,833,227726,2599,1841,0.04073872895165671,0.3205078876490958,2,1,1299.5,488,0.1877645248172374,0.0938822624086187,0.5,0.9999966451167236,0.3125,0.6875,0.1640625,0.499525,5,11,['boundary_margin_error'],boundary_margin_error,Medium_Dice (25-75%)
20160318_181632_641_361,0.9100853145262114,0.8350060116224557,0.9635303109087605,0.8622576964747858,34029,1288,5436,189647,39465,35317,0.03646968881841606,0.1377423033067275,1,1,39465.0,3248,0.08230077283669074,0.04115038641834537,1.0,0.9999931752799853,0.3125,0.6875,0.171875,0.49826249999999994,5,11,['high_quality'],high_quality,High_Dice (>75%)
20160318_181632_641_721,0.24320164155566748,0.13843457923709904,0.14307274352086818,0.8102564033311419,948,5678,222,223552,1170,6626,0.8569272562632055,0.18974358974358974,1,2,1170.0,668,0.5709401709401709,0.28547008547008546,2.0,0.9999952543702149,0.375,0.625,0.1796875,0.49922500000000003,6,10,"['false_crack_high_fp', 'thin_low_area_failure', 'over_segmentation']",false_crack_high_fp,Low_Dice (<25%)
20160321_183947_1281_361,0.8335858021346336,0.7146567691478413,0.7903159590056792,0.881868127830274,1926,511,258,227705,2184,2437,0.2096840377513336,0.11813186813186813,1,1,2184.0,385,0.1762820512820513,0.08814102564102565,1.0,0.9999967784077501,0.5,0.5,0.1796875,0.4992875,8,8,['boundary_margin_error'],boundary_margin_error,Medium_Dice (25-75%)
20160321_183947_1281_721,0.9304553310817161,0.8699546247308773,0.9278800528475106,0.9330449438808344,29334,2280,2105,196681,31439,31614,0.07211994685898653,0.06695505582238621,1,1,31439.0,3118,0.09917618244855116,0.04958809122427558,1.0,0.9999934101695243,0.375,0.625,0.2109375,0.49824999999999997,6,10,['high_quality'],high_quality,High_Dice (>75%)
20160321_183947_1921_721,0.9115819345775501,0.8375292211120513,0.8941541609144229,0.929702574712322,27945,3308,2113,197034,30058,31253,0.10584583879947525,0.07029742497837514,1,1,30058.0,3092,0.10286778894138,0.05143389447069,1.0,0.9999906069618738,0.375,0.625,0.171875,0.4983625,6,10,['high_quality'],high_quality,High_Dice (>75%)
20160321_183947_1_721,0.8814630708754292,0.788050039228755,0.826470696020685,0.9442953580979715,45041,9457,2657,173245,47698,54498,0.1735293038276634,0.055704641704054675,1,1,47698.0,3492,0.07321061679735,0.036605308398675,1.0,0.9999942252373788,0.4375,0.5625,0.1875,0.4981,7,9,['high_quality'],high_quality,High_Dice (>75%)
20160321_183947_641_721,0.9080595274811639,0.8316016764050294,0.8426688630450295,0.9844525303026936,32736,6112,517,191035,33253,38848,0.15733113673805602,0.015547469401257029,1,1,33253.0,3297,0.0991489489670105,0.04957447448350525,1.0,0.9999892638724184,0.3125,0.6875,0.171875,0.4981875,5,11,['high_quality'],high_quality,High_Dice (>75%)
20160321_185557_1281_721,0.8742551799342145,0.7766015568991252,0.8673862462842267,0.8812337734408363,22742,3477,3065,201116,25807,26219,0.13261375338494985,0.11876622621769288,3,1,8602.333333333334,3922,0.1519742705467509,0.07598713527337544,0.3333333333333333,0.9999852580305134,0.3125,0.6875,0.203125,0.49870000000000003,5,11,['high_quality'],high_quality,High_Dice (>75%)
20160321_185557_1921_1,0.8548208997593654,0.7464517118586457,0.7967888013200587,0.9219702735118424,9677,2468,819,217436,10496,12145,0.20321119802387813,0.0780297256097561,1,1,10496.0,2096,0.19969512195121952,0.09984756097560976,1.0,0.9999834732218836,0.375,0.625,0.15625,0.49954999999999994,6,10,['high_quality'],high_quality,Medium_Dice (25-75%)
20160321_185557_1921_1081,0.8338041427336139,0.7149777951433365,0.8143277535273793,0.8542349982112338,8855,2019,1511,218015,10366,10874,0.18567224572374472,0.14576500096469228,1,1,10366.0,1930,0.18618560679143353,0.09309280339571677,1.0,0.999981582692234,0.375,0.625,0.21875,0.4996125,6,10,['boundary_margin_error'],boundary_margin_error,Medium_Dice (25-75%)
20160321_185557_1921_361,0.6973643883322999,0.5353487821813029,0.5466995011431921,0.9626652554598992,9102,7547,353,213398,9455,16649,0.4533004985284401,0.03733474352194606,2,2,4727.5,2665,0.28186144896879956,0.14093072448439978,1.0,0.999986054145139,0.25,0.75,0.21875,0.49898750000000003,4,12,['moderate_general_error'],moderate_general_error,Low_Dice (<25%)
20160321_185557_1921_721,0.9107340872124761,0.8360989511567752,0.8886604627827092,0.9339322261640769,24639,3087,1743,200931,26382,27726,0.11133953689677559,0.06606777348191949,1,1,26382.0,3311,0.1255022363732848,0.0627511181866424,1.0,0.9999829583379238,0.3125,0.6875,0.2109375,0.4986999999999999,5,11,['high_quality'],high_quality,High_Dice (>75%)
20160321_185557_1_361,0.4097807750256648,0.25768822850967504,0.25939368006107244,0.9751203774067385,1215,3469,31,225685,1246,4684,0.7406063193851409,0.024879614767255216,1,4,1246.0,314,0.2520064205457464,0.1260032102728732,4.0,0.9999899945901147,0.4375,0.5625,0.1953125,0.4996625,7,9,"['false_crack_high_fp', 'thin_low_area_failure', 'over_segmentation', 'fragmented_prediction']",false_crack_high_fp,Low_Dice (<25%)
20160321_185557_1_721,0.8241363731665589,0.7008775119491781,0.7290010512180858,0.947828939654474,17332,6443,954,205671,18286,23775,0.27099894847528916,0.0521710598271902,1,1,18286.0,3861,0.21114513835721316,0.10557256917860658,1.0,0.9999906196121942,0.3125,0.6875,0.203125,0.4988125,5,11,['boundary_margin_error'],boundary_margin_error,Medium_Dice (25-75%)
20160321_185557_641_721,0.8966120417748544,0.8125990818470592,0.8853636359611984,0.9081499436273079,19478,2522,1970,206430,21448,22000,0.11463636363636363,0.09185005594927266,1,1,21448.0,3301,0.1539071242073853,0.07695356210369265,1.0,0.9999832173013655,0.25,0.75,0.1796875,0.49863749999999996,4,12,['high_quality'],high_quality,High_Dice (>75%)
20160324_170347_1281_1,0.8817366391183111,0.7884874618650749,0.9086530978582367,0.8563689592146868,5849,588,981,222982,6830,6437,0.0913469007301538,0.14363103953147877,2,1,3415.0,2141,0.31346998535871157,0.15673499267935578,0.5,0.9999933749948218,0.5,0.5,0.15625,0.4992625,8,8,['high_quality'],high_quality,High_Dice (>75%)
20160324_170347_1281_1081,0.8246854754524786,0.701672155179032,0.8886571460153102,0.7693055544870756,5539,694,1661,222506,7200,6233,0.11134285255896037,0.23069444444444445,1,1,7200.0,2631,0.36541666666666667,0.18270833333333333,1.0,0.9999969916357219,0.375,0.625,0.15625,0.498925,6,10,['boundary_margin_error'],boundary_margin_error,Medium_Dice (25-75%)
20160324_170347_1281_361,0.8060441501557997,0.675103815824497,0.7362518862020144,0.8904538329545464,6828,2446,840,220286,7668,9274,0.26374811300409745,0.10954616588419405,5,1,1533.6,2600,0.33907146583202924,0.16953573291601462,0.2,0.9999991995492363,0.375,0.625,0.15625,0.49887499999999996,6,10,"['complex_topology', 'boundary_margin_error']",complex_topology,Medium_Dice (25-75%)
20160324_170347_1281_721,0.7460292979974149,0.5949335951836912,0.7867519505781093,0.7093148267917947,7257,1967,2974,218202,10231,9224,0.21324804856895058,0.29068517251490567,1,2,10231.0,4382,0.4283061284331932,0.2141530642165966,2.0,0.9999953890407862,0.4375,0.5625,0.171875,0.4990875,7,9,['boundary_margin_error'],boundary_margin_error,Medium_Dice (25-75%)
20160324_170347_641_1,0.7551648340583665,0.6066384166510396,0.6396128055606533,0.9216738164460878,2577,1452,219,226152,2796,4029,0.3603871928518243,0.07832618025751073,1,1,2796.0,2183,0.780758226037196,0.390379113018598,1.0,0.9999937533193235,0.4375,0.5625,0.1953125,0.49905,7,9,['boundary_margin_error'],boundary_margin_error,Medium_Dice (25-75%)
20160324_170347_641_361,0.7716781027535058,0.6282376830400581,0.6727701220580673,0.9046806413830312,3711,1805,391,224493,4102,5516,0.3272298767222625,0.09531935641150659,3,2,1367.3333333333333,2940,0.7167235494880546,0.3583617747440273,0.6666666666666666,0.9999968884354314,0.5,0.5,0.15625,0.49849999999999994,8,8,['boundary_margin_error'],boundary_margin_error,Medium_Dice (25-75%)
20160324_170347_641_721,0.8225324014248382,0.6985605399419685,0.7727130790736401,0.8792184693455827,2475,728,340,226857,2815,3203,0.22728691851389324,0.12078152753108348,1,1,2815.0,1498,0.5321492007104796,0.2660746003552398,1.0,0.9999985649837558,0.3125,0.6875,0.171875,0.49887499999999996,5,11,['boundary_margin_error'],boundary_margin_error,Medium_Dice (25-75%)
20160326_141808_1281_1,0.37863078719538523,0.23352533414670962,0.29403810658384993,0.531555554374321,2392,5743,2108,220157,4500,8135,0.7059618930547019,0.46844444444444444,4,6,1125.0,1265,0.2811111111111111,0.14055555555555554,1.5,0.999992564391216,0.4375,0.5625,0.2109375,0.49984999999999996,7,9,"['false_crack_high_fp', 'thin_low_area_failure']",false_crack_high_fp,Low_Dice (<25%)
20160326_141808_641_1,0.9358690803367135,0.8794679893643559,0.8988954893891632,0.9760147511437753,1058,119,26,229197,1084,1177,0.10110450297366186,0.023985239852398525,1,1,1084.0,178,0.16420664206642066,0.08210332103321033,1.0,0.9999886446873821,0.375,0.625,0.171875,0.5002,6,10,['high_quality'],high_quality,High_Dice (>75%)
20160326_141808_641_361,0.7620324693443645,0.6155512567771364,0.6826254820397893,0.862345544263662,7956,3699,1270,217475,9226,11655,0.3173745173745174,0.1376544548016475,1,1,9226.0,1956,0.21200953826143507,0.10600476913071753,1.0,0.9999897168237,0.5,0.5,0.171875,0.4998125,8,8,['boundary_margin_error'],boundary_margin_error,Medium_Dice (25-75%)
20160326_141808_641_721,0.5291947381061961,0.3597993234160767,0.598186762287966,0.47447145048975775,3299,2216,3654,221231,6953,5515,0.4018132366273799,0.525528548827844,4,6,1738.25,1926,0.27700273263339564,0.13850136631669782,1.5,0.9999870869064973,0.4375,0.5625,0.171875,0.49986250000000004,7,9,['thin_low_area_failure'],thin_low_area_failure,Low_Dice (<25%)
20160326_142521_1281_1,0.40898902889643207,0.25706235615254514,0.9519494756948119,0.26044170653512494,3467,175,9845,216913,13312,3642,0.04805052169137836,0.7395582932692307,1,2,13312.0,1582,0.11884014423076923,0.059420072115384616,2.0,0.999993143959773,0.375,0.625,0.171875,0.4996625,6,10,['missed_crack_high_fn'],missed_crack_high_fn,Low_Dice (<25%)
20160326_142521_1281_1081,0.10305869357107,0.054328878401136316,0.5451894884784406,0.05690809477508187,187,156,3099,226958,3286,343,0.45481049562682213,0.9430919050517347,2,5,1643.0,933,0.2839318320146074,0.1419659160073037,2.5,0.9999897312690597,0.375,0.625,0.203125,0.49970000000000003,6,10,"['missed_crack_high_fn', 'thin_low_area_failure']",missed_crack_high_fn,Low_Dice (<25%)
20160326_142521_1281_361,0.6126102746415346,0.4415560123045109,0.7666829018238628,0.5101004639622984,4722,1437,4535,219706,9257,6159,0.23331709693132002,0.48989953548665877,1,3,9257.0,1801,0.19455547153505456,0.09727773576752728,3.0,0.9999895055611949,0.375,0.625,0.1875,0.49963749999999996,6,10,['moderate_general_error'],moderate_general_error,Low_Dice (<25%)
20160326_142521_1281_721,0.7140467321169679,0.5552664703690587,0.8916442036500752,0.5954459539236379,6616,804,4495,218485,11111,7420,0.10835579514824797,0.40455404554045543,1,1,11111.0,1846,0.16614166141661416,0.08307083070830708,1.0,0.9999891498101434,0.4375,0.5625,0.1796875,0.4996,7,9,['moderate_general_error'],moderate_general_error,Low_Dice (<25%)
20160326_142521_641_1,0.0,0.0,0.0,0.0,0,0,1355,229045,1355,0,0.0,1.0,1,0,1355.0,291,0.21476014760147602,0.10738007380073801,0.0,0.9999938547622073,0.4375,0.5625,0.1796875,0.499375,7,9,"['missed_crack_high_fn', 'thin_low_area_failure']",missed_crack_high_fn,Low_Dice (<25%)
20160326_142521_641_1081,0.0,0.0,0.0,0.0,0,208,2487,227705,2487,208,1.0,1.0,2,2,1243.5,797,0.32046642541214315,0.16023321270607158,1.0,0.9999929875697715,0.375,0.625,0.1953125,0.499375,6,10,"['missed_crack_high_fn', 'thin_low_area_failure']",missed_crack_high_fn,Low_Dice (<25%)
20160326_142745_1281_1081,0.7450626039175647,0.5937049977500412,0.8910157428495963,0.6401952070980585,2886,353,1622,225539,4508,3239,0.10898425439950601,0.3598047914818101,2,2,2254.0,1217,0.2699645075421473,0.13498225377107365,1.0,0.9999944262176146,0.3125,0.6875,0.1640625,0.49997499999999995,5,11,['boundary_margin_error'],boundary_margin_error,Medium_Dice (25-75%)
20160326_142745_1281_361,0.2739686436861725,0.158727500913581,0.9132947932885607,0.16115597096374334,1896,180,9869,218455,11765,2076,0.08670520231213873,0.8388440288992776,1,1,11765.0,1303,0.11075223119422015,0.05537611559711007,1.0,0.9999957532971242,0.3125,0.6875,0.1640625,0.49983750000000005,5,11,['missed_crack_high_fn'],missed_crack_high_fn,Low_Dice (<25%)
20160326_142745_1281_721,0.7542263475889143,0.6054280776681825,0.8596552684559591,0.6718322195423106,12269,2003,5993,210135,18262,14272,0.14034473094170405,0.32816778008980396,1,1,18262.0,3193,0.17484393823239514,0.08742196911619757,1.0,0.9999967667728482,0.1875,0.8125,0.2109375,0.49867500000000003,3,13,['boundary_margin_error'],boundary_margin_error,Medium_Dice (25-75%)
20160326_142745_1921_1081,0.6436886134560853,0.47458763514203084,0.7485194569616763,0.5646139110328432,3539,1189,2729,222943,6268,4728,0.25148054145516074,0.43538608806636886,2,1,3134.0,2013,0.3211550733886407,0.16057753669432034,0.5,0.9999923524705072,0.25,0.75,0.1796875,0.49946250000000003,4,12,['moderate_general_error'],moderate_general_error,Low_Dice (<25%)
20160326_142745_1_1,0.5093793744706583,0.34172301506278296,0.9454356470718247,0.34859807092763745,5458,315,10199,214428,15657,5773,0.05456435129049021,0.6514019288497158,1,2,15657.0,3472,0.2217538481190522,0.1108769240595261,2.0,0.9999972716221366,0.25,0.75,0.1796875,0.49901249999999997,4,12,['missed_crack_high_fn'],missed_crack_high_fn,Low_Dice (<25%)
20160326_142745_641_361,0.8189342159283067,0.693385776620378,0.9136236367941719,0.7420291253848618,15337,1450,5332,208281,20669,16787,0.08637636266158337,0.25797087425613235,1,3,20669.0,4010,0.19401035366974698,0.09700517683487349,3.0,0.9999962398909913,0.3125,0.6875,0.1796875,0.4993125,5,11,['boundary_margin_error'],boundary_margin_error,Medium_Dice (25-75%)
20160328_151020_1281_361,0.5943886385537499,0.42286840790912256,0.4422110550864532,0.9062582511167518,10296,12987,1065,206052,11361,23283,0.5577889447236181,0.09374174808555585,6,2,1893.5,3906,0.3438077634011091,0.17190388170055454,0.3333333333333333,0.9999960275806765,0.3125,0.6875,0.1875,0.49836249999999993,5,11,"['over_segmentation', 'complex_topology']",over_segmentation,Low_Dice (<25%)
20160328_151020_1921_361,0.5223443846352611,0.3534953470916345,0.36380545317827956,0.9257804623103923,9193,16076,737,204394,9930,25269,0.6361945466777474,0.07421953675730111,1,1,9930.0,4010,0.4038267875125881,0.20191339375629405,1.0,0.9999928851824311,0.3125,0.6875,0.1640625,0.4980875,5,11,['over_segmentation'],over_segmentation,Low_Dice (<25%)
20160328_151020_1_1,0.6817979746402079,0.5172181209887893,0.5357891465973957,0.9371944588965274,13803,11959,925,203713,14728,25762,0.46421085319462774,0.06280554046713742,1,2,14728.0,4702,0.3192558392178164,0.1596279196089082,2.0,0.99998683004877,0.5,0.5,0.1484375,0.4985875,8,8,['moderate_general_error'],moderate_general_error,Low_Dice (<25%)
20160328_151020_1_361,0.342325824815135,0.20650971701176354,0.20876926746364566,0.9501999238451474,2614,9907,137,217742,2751,12521,0.791230732369619,0.04980007270083606,1,3,2751.0,1264,0.45946928389676484,0.22973464194838242,3.0,0.9999899048271971,0.375,0.625,0.1640625,0.49841250000000004,6,10,"['false_crack_high_fp', 'thin_low_area_failure', 'over_segmentation']",false_crack_high_fp,Low_Dice (<25%)
20160328_151020_641_361,0.565601825173226,0.3943129844274455,0.4177081867590871,0.8756255506687879,5949,8293,845,215313,6794,14242,0.5822918129476197,0.12437444804239034,5,3,1358.8,2741,0.4034442154842508,0.2017221077421254,0.6,0.9999932799688589,0.3125,0.6875,0.171875,0.49846250000000003,5,11,"['over_segmentation', 'complex_topology']",over_segmentation,Low_Dice (<25%)
20160328_151020_641_721,0.7414952397505176,0.5891874732388979,0.6220261361431776,0.9177653255456779,11138,6768,998,211496,12136,17906,0.3779738635094382,0.08223467369808833,1,1,12136.0,3877,0.3194627554383652,0.1597313777191826,1.0,0.999984951670595,0.3125,0.6875,0.15625,0.49794999999999995,5,11,['boundary_margin_error'],boundary_margin_error,Medium_Dice (25-75%)
20160328_151057_1281_1,0.8185170003907036,0.6927877935284539,0.8090706604392172,0.8281865267809606,3996,943,829,224632,4825,4939,0.1909293379226564,0.1718134715025907,3,1,1608.3333333333333,1961,0.40642487046632125,0.20321243523316063,0.3333333333333333,0.9999960129938585,0.375,0.625,0.1875,0.49924999999999997,6,10,['boundary_margin_error'],boundary_margin_error,Medium_Dice (25-75%)
20160328_151057_1281_1081,0.5443731112685299,0.3739784662420827,0.397107437469549,0.8652460958425987,2883,4377,449,222691,3332,7260,0.6028925619834711,0.13475390156062425,4,6,833.0,2058,0.6176470588235294,0.3088235294117647,1.5,0.9999917029095889,0.25,0.75,0.1953125,0.498925,4,12,"['thin_low_area_failure', 'over_segmentation']",thin_low_area_failure,Low_Dice (<25%)
20160328_151057_1281_361,0.8259740253035925,0.7035398220360346,0.7872505016443595,0.8687041132513162,5088,1375,769,223168,5857,6463,0.21274949713755223,0.13129588526549427,2,1,2928.5,2153,0.3675943315690627,0.18379716578453134,0.5,0.9999965390453809,0.3125,0.6875,0.234375,0.4992,5,11,['boundary_margin_error'],boundary_margin_error,Medium_Dice (25-75%)
20160328_151057_1281_721,0.8214373916950366,0.6969823969525448,0.846041334915077,0.7982240350403648,13304,2421,3363,211312,16667,15725,0.15395866454689985,0.2017759644807104,2,3,8333.5,5496,0.32975340493190136,0.16487670246595068,1.5,0.9999970846714021,0.3125,0.6875,0.1875,0.49805,5,11,['boundary_margin_error'],boundary_margin_error,Medium_Dice (25-75%)
20160328_151057_1921_721,0.8138755279532257,0.6861636760169053,0.9038523784354674,0.7401908795155613,8376,891,2940,218193,11316,9267,0.09614762058918744,0.2598091198303287,1,1,11316.0,3174,0.2804878048780488,0.1402439024390244,1.0,0.9999961382762816,0.3125,0.6875,0.1953125,0.4984625,5,11,['boundary_margin_error'],boundary_margin_error,Medium_Dice (25-75%)
20160328_151057_641_1081,0.7447992960789147,0.5933706806825854,0.6668415518243415,0.843397476568464,3813,1905,708,223974,4521,5718,0.33315844700944386,0.15660252156602522,2,1,2260.5,2225,0.49214775492147755,0.24607387746073878,0.5,0.9999955634035211,0.1875,0.8125,0.2109375,0.49903749999999997,3,13,['boundary_margin_error'],boundary_margin_error,Medium_Dice (25-75%)
20160328_151057_641_721,0.7935445095771787,0.6577486827127527,0.7645988407533518,0.8247680213690792,4622,1423,982,223373,5604,6045,0.23540115798180314,0.17523197715917202,2,1,2802.0,1913,0.3413633119200571,0.17068165596002854,0.5,0.999994697249434,0.3125,0.6875,0.1640625,0.49912500000000004,5,11,['boundary_margin_error'],boundary_margin_error,Medium_Dice (25-75%)
20160328_151244_1281_1081,0.8705130374046492,0.7707154365061217,0.8045459877138821,0.948263936483486,20565,4996,1122,203717,21687,25561,0.1954540119713626,0.05173606307926407,1,4,21687.0,1886,0.08696454096924425,0.043482270484622124,4.0,0.999992180180259,0.375,0.625,0.1796875,0.4992,6,10,['high_quality'],high_quality,Medium_Dice (25-75%)
20160328_151244_1281_361,0.8872553101026123,0.7973574874434415,0.8857796254113183,0.8887359195291048,21303,2747,2667,203683,23970,24050,0.11422037422037422,0.11126408010012516,1,2,23970.0,3379,0.14096787651230705,0.07048393825615352,2.0,0.9999972460508973,0.375,0.625,0.171875,0.4987,6,10,['high_quality'],high_quality,High_Dice (>75%)
20160328_151244_1281_721,0.8409828862006941,0.7256000590396094,0.8168495116645815,0.8665856888545526,39239,8798,6041,176322,45280,48037,0.18315048816537252,0.13341431095406361,6,3,7546.666666666667,6598,0.1457155477031802,0.0728577738515901,0.5,0.9999976944407383,0.375,0.625,0.171875,0.4985,6,10,"['complex_topology', 'boundary_margin_error']",complex_topology,Medium_Dice (25-75%)
20160328_151244_1921_1081,0.7090134841119469,0.5492028579587647,0.805158168839093,0.6333808834468523,3996,967,2313,223124,6309,4963,0.19484182953858553,0.3666191155492154,3,2,2103.0,1675,0.26549373910286894,0.13274686955143447,0.6666666666666666,0.9999957181181912,0.5,0.5,0.1796875,0.5001249999999999,8,8,['boundary_margin_error'],boundary_margin_error,Low_Dice (<25%)
20160328_151244_1921_361,0.8715941691063839,0.7724119684990852,0.9314500404312019,0.8189665916171258,26279,1934,5809,196378,32088,28213,0.06854995923864884,0.18103340812764895,2,1,16044.0,3054,0.09517576664173523,0.047587883320867615,0.5,0.999998552384773,0.375,0.625,0.171875,0.49888750000000004,6,10,['high_quality'],high_quality,High_Dice (>75%)
20160328_151244_1921_721,0.8803525073751333,0.7862764961061649,0.8360367077173498,0.9296293734757723,40358,7915,3055,179072,43413,48273,0.16396329210946078,0.07037062631009144,4,2,10853.25,5681,0.1308594199894041,0.06542970999470205,0.5,0.9999975657318182,0.4375,0.5625,0.1484375,0.49887499999999996,7,9,['high_quality'],high_quality,High_Dice (>75%)
20160328_151244_1_1,0.8533416407019843,0.7441986828791796,0.8950180668505351,0.8153738396724308,23283,2731,5272,199114,28555,26014,0.10498193280541247,0.18462616004202417,1,2,28555.0,4036,0.1413412712309578,0.0706706356154789,2.0,0.9999971354206341,0.375,0.625,0.1875,0.49822500000000003,6,10,['high_quality'],high_quality,Medium_Dice (25-75%)
20160328_151244_1_1081,0.8340755632566618,0.7153770321397523,0.8857360779775194,0.7881091342634599,5806,749,1561,222284,7367,6555,0.11426392067124333,0.21189086466675716,1,1,7367.0,1519,0.20618976516899687,0.10309488258449843,1.0,0.9999885380070683,0.4375,0.5625,0.203125,0.49998750000000003,7,9,['boundary_margin_error'],boundary_margin_error,Medium_Dice (25-75%)
20160328_151244_1_721,0.8901983398384697,0.8021238134649237,0.882037266642466,0.8985118440481313,17751,2374,2005,208270,19756,20125,0.11796273291925466,0.10148815549706418,1,1,19756.0,2941,0.14886616724033205,0.07443308362016603,1.0,0.9999938357943653,0.4375,0.5625,0.1875,0.498875,7,9,['high_quality'],high_quality,High_Dice (>75%)
20160328_151244_641_1,0.8926385363435569,0.8060949975594388,0.9084320223077063,0.8773848191072038,19177,1933,2680,206610,21857,21110,0.09156797726196116,0.12261518049137576,1,1,21857.0,3341,0.15285720821704718,0.07642860410852359,1.0,0.9999958333627647,0.375,0.625,0.1796875,0.49863749999999996,6,10,['high_quality'],high_quality,High_Dice (>75%)
20160328_151244_641_361,0.8884691435562172,0.7993202693434655,0.8887052011048562,0.8882332108531611,15052,1885,1894,211569,16946,16937,0.1112947983704316,0.11176678862268381,1,1,16946.0,2183,0.12882096069868995,0.06441048034934498,1.0,0.9999962715542741,0.5,0.5,0.1875,0.49901249999999997,8,8,['high_quality'],high_quality,High_Dice (>75%)
20160328_151244_641_721,0.882899345126875,0.7903489638784165,0.8819592331757758,0.8838414632462192,46384,6208,6096,171712,52480,52592,0.11804076665652571,0.11615853658536586,1,1,52480.0,5253,0.1000952743902439,0.05004763719512195,1.0,0.9999962867597794,0.4375,0.5625,0.2109375,0.4986125,7,9,['high_quality'],high_quality,High_Dice (>75%)
20160328_151752_1281_361,0.7522086148930089,0.6028320309556484,0.8034099038176548,0.7071424476160476,12346,3021,5113,209920,17459,15367,0.19659009565953017,0.29285755197892205,2,1,8729.5,2428,0.13906867518185462,0.06953433759092731,0.5,0.9999965743319339,0.4375,0.5625,0.171875,0.49844999999999995,7,9,['boundary_margin_error'],boundary_margin_error,Medium_Dice (25-75%)
20160328_151752_1281_721,0.7812803097467829,0.6410664535865944,0.9209222543427549,0.6784110041010514,4833,415,2291,222861,7124,5248,0.07907774390243902,0.32158899494665916,1,1,7124.0,1432,0.20101066816395283,0.10050533408197641,1.0,0.9999958236587274,0.4375,0.5625,0.1640625,0.49885,7,9,['boundary_margin_error'],boundary_margin_error,Medium_Dice (25-75%)
20160328_151752_1921_721,0.7640042695586382,0.6181285669051785,0.892733188236045,0.6677212619989773,16462,1978,8192,203768,24654,18440,0.10726681127982647,0.3322787377301858,4,1,6163.5,4532,0.18382412590249048,0.09191206295124524,0.25,0.9999971452702522,0.3125,0.6875,0.1875,0.49867500000000003,5,11,['boundary_margin_error'],boundary_margin_error,Medium_Dice (25-75%)
20160328_151752_1_361,0.7459955603977456,0.5948906852629332,0.6422042035623591,0.8898032193990675,12435,6928,1540,209497,13975,19363,0.35779579610597534,0.11019677996422182,1,2,13975.0,2708,0.19377459749552772,0.09688729874776386,2.0,0.9999976665174697,0.3125,0.6875,0.1796875,0.49826249999999994,5,11,['boundary_margin_error'],boundary_margin_error,Medium_Dice (25-75%)
20160328_151752_1_721,0.5329341304068509,0.36326530488685266,0.3642564789759329,0.9925650465374996,1068,1864,8,227460,1076,2932,0.635743519781719,0.007434944237918215,5,2,215.2,573,0.5325278810408922,0.2662639405204461,0.4,0.9999981594998206,0.5,0.5,0.1875,0.49922500000000003,8,8,"['thin_low_area_failure', 'over_segmentation', 'complex_topology']",thin_low_area_failure,Low_Dice (<25%)
20160328_151752_641_361,0.7852885523213603,0.6464815605566877,0.7775644024461057,0.793167701484392,16601,4749,4329,204721,20930,21350,0.22243559718969555,0.20683229813664597,5,2,4186.0,3827,0.18284758719541327,0.09142379359770664,0.4,0.9999988256484822,0.4375,0.5625,0.171875,0.49862500000000004,7,9,"['complex_topology', 'boundary_margin_error']",complex_topology,Medium_Dice (25-75%)
20160328_152022_1281_721,0.9089171059778359,0.8330412940736401,0.8793427661520569,0.940549986500742,28525,3914,1803,196158,30328,32439,0.12065723357686735,0.05945001318913216,1,1,30328.0,3008,0.09918227380638354,0.04959113690319177,1.0,0.9999977739269275,0.25,0.75,0.1875,0.4982125,4,12,['high_quality'],high_quality,High_Dice (>75%)
20160328_152022_1921_1,0.8269584885426641,0.7049695006234575,0.7696601696507098,0.8934743054871825,7859,2352,937,219252,8796,10211,0.23033982959553423,0.1065256934970441,1,2,8796.0,850,0.09663483401546158,0.04831741700773079,2.0,0.9999972833600876,0.4375,0.5625,0.171875,0.49915000000000004,7,9,['boundary_margin_error'],boundary_margin_error,Medium_Dice (25-75%)
20160328_152022_1921_361,0.7726076267109122,0.6294707735885042,0.6997399319490346,0.8624156180552592,17758,7620,2833,202189,20591,25378,0.3002600677752384,0.13758438152590938,3,1,6863.666666666667,3230,0.15686464960419602,0.07843232480209801,0.3333333333333333,0.9999962081473767,0.3125,0.6875,0.171875,0.49805,5,11,['boundary_margin_error'],boundary_margin_error,Medium_Dice (25-75%)
20160328_152022_1921_721,0.8696990898671803,0.769440316353442,0.8318607756966883,0.9111436941240042,9321,1884,909,218286,10230,11205,0.1681392235609103,0.08885630498533724,1,1,10230.0,1710,0.16715542521994134,0.08357771260997067,1.0,0.9999972737625369,0.5,0.5,0.1875,0.49922500000000003,8,8,['high_quality'],high_quality,Medium_Dice (25-75%)
20160328_152022_1_1081,0.7160227793771368,0.5576600331194278,0.6083696594521625,0.8699663372771895,6978,4492,1043,217887,8021,11470,0.3916303400174368,0.13003366163819974,1,3,8021.0,2299,0.28662261563396085,0.14331130781698043,3.0,0.9999980557304265,0.25,0.75,0.1875,0.498675,4,12,['boundary_margin_error'],boundary_margin_error,Low_Dice (<25%)
20160328_152022_1_361,0.6965098623725192,0.5343422571959435,0.564159290648576,0.9099920661776681,2295,1773,227,226105,2522,4068,0.4358407079646018,0.09000793021411578,2,1,1261.0,818,0.32434575733544807,0.16217287866772404,0.5,0.9999904822198091,0.3125,0.6875,0.1875,0.4992000000000001,5,11,['moderate_general_error'],moderate_general_error,Low_Dice (<25%)
20160328_152022_1_721,0.7370488578829801,0.5835925344249684,0.6762784403285893,0.8098192597655527,6004,2874,1410,220112,7414,8878,0.32372155890966436,0.19018073914216346,2,3,3707.0,1733,0.23374696520097113,0.11687348260048556,1.5,0.9999956924998539,0.5,0.5,0.171875,0.49926249999999994,8,8,['boundary_margin_error'],boundary_margin_error,Medium_Dice (25-75%)
20160328_152022_641_361,0.8277605421039409,0.7061360514084807,0.8149321262358982,0.8409992990654919,14408,3272,2724,209996,17132,17680,0.18506787330316743,0.15900070044361428,1,3,17132.0,2760,0.16110203128648143,0.08055101564324071,3.0,0.9999981216165048,0.1875,0.8125,0.2265625,0.4982875,3,13,['boundary_margin_error'],boundary_margin_error,Medium_Dice (25-75%)
20160328_152022_641_721,0.8135280196186506,0.6856698119050152,0.7466101690960751,0.8936224160684529,14096,4784,1678,209842,15774,18880,0.2533898305084746,0.10637758336503106,3,2,5258.0,2652,0.1681247622670217,0.08406238113351085,0.6666666666666666,0.9999991895789224,0.3125,0.6875,0.203125,0.49805,5,11,['boundary_margin_error'],boundary_margin_error,Medium_Dice (25-75%)
20160328_152305_1281_361,0.895421715246397,0.8106457709750631,0.8630688678079116,0.930294573066484,15001,2380,1124,211895,16125,17381,0.1369311316955296,0.06970542635658915,2,2,8062.5,1636,0.10145736434108527,0.05072868217054263,1.0,0.9999954299145566,0.375,0.625,0.1640625,0.4988625,6,10,['high_quality'],high_quality,High_Dice (>75%)
20160328_152305_1281_721,0.813694628974949,0.6859065539523435,0.7156638881632242,0.9428442498737729,12537,4981,760,212122,13297,17518,0.2843361114282452,0.05715574941716177,2,2,6648.5,1594,0.11987666390915244,0.05993833195457622,1.0,0.9999963031555255,0.375,0.625,0.203125,0.49866249999999995,6,10,['boundary_margin_error'],boundary_margin_error,Medium_Dice (25-75%)
20160328_152305_1921_361,0.8183250513436098,0.692512820276064,0.7468475773369045,0.9049320939488331,20256,6866,2128,201150,22384,27122,0.2531524223877295,0.09506790564689063,3,4,7461.333333333333,2186,0.0976590421729807,0.04882952108649035,1.3333333333333333,0.9999897329709535,0.25,0.75,0.1875,0.498825,4,12,['boundary_margin_error'],boundary_margin_error,Medium_Dice (25-75%)
20160328_152305_1921_721,0.9257233198653839,0.8617177836806277,0.9237079567591924,0.9277474959261329,14638,1209,1140,213413,15778,15847,0.07629204265791632,0.0722525034858664,1,1,15778.0,1312,0.08315375839776905,0.041576879198884524,1.0,0.9999947756722656,0.1875,0.8125,0.21875,0.49863749999999996,3,13,['high_quality'],high_quality,High_Dice (>75%)
20160328_152305_1_361,0.7825899432905905,0.6428318371263393,0.7251232178465944,0.8499492537669223,10887,4127,1922,213464,12809,15014,0.27487678167044094,0.15005074556952144,1,1,12809.0,3367,0.26286205012100866,0.13143102506050433,1.0,0.9999964270802549,0.25,0.75,0.203125,0.498375,4,12,['boundary_margin_error'],boundary_margin_error,Medium_Dice (25-75%)
20160328_152305_641_361,0.749852507098137,0.5998112313592431,0.6670602895315487,0.8561084441726796,10168,5075,1709,213448,11877,15243,0.33293971003083384,0.1438915551065084,2,2,5938.5,2578,0.2170581796750021,0.10852908983750105,1.0,0.999996021488553,0.3125,0.6875,0.171875,0.49879999999999997,5,11,['boundary_margin_error'],boundary_margin_error,Medium_Dice (25-75%)
20160328_152305_641_721,0.7922212780156185,0.6559324680881927,0.733181897285872,0.8616016422681717,16784,6108,2696,204812,19480,22892,0.2668181023938494,0.1383983572895277,2,3,9740.0,2953,0.15159137577002055,0.07579568788501027,1.5,0.9999948306857549,0.375,0.625,0.15625,0.4983250000000001,6,10,['boundary_margin_error'],boundary_margin_error,Medium_Dice (25-75%)
20160328_152511_1281_361,0.661428994633151,0.49413067516121767,0.5381955608409492,0.8578569586543746,6693,5743,1109,216855,7802,12436,0.4618044387262785,0.14214304024609076,3,4,2600.6666666666665,2301,0.2949243783645219,0.14746218918226095,1.3333333333333333,0.9999958323268548,0.3125,0.6875,0.1796875,0.49870000000000003,5,11,['moderate_general_error'],moderate_general_error,Low_Dice (<25%)
20160328_152511_1281_721,0.8173769128528119,0.6911558904405879,0.7293266380252117,0.9296066235091162,4939,1833,374,223254,5313,6772,0.2706733608978145,0.07039337474120083,1,1,5313.0,1252,0.23564840956145303,0.11782420478072651,1.0,0.9999925349667718,0.3125,0.6875,0.15625,0.49883750000000004,5,11,['boundary_margin_error'],boundary_margin_error,Medium_Dice (25-75%)
20160328_152511_1921_361,0.7638070024610729,0.617870351944799,0.6741716222924302,0.880932555388165,9522,4602,1287,214989,10809,14124,0.3258283772302464,0.11906744379683597,2,3,5404.5,1974,0.1826255897862892,0.0913127948931446,1.5,0.9999882367191477,0.1875,0.8125,0.203125,0.4988875,3,13,['boundary_margin_error'],boundary_margin_error,Medium_Dice (25-75%)
20160328_152511_1921_721,0.5800638868211452,0.4085140742864397,0.8086321059405525,0.4522349930367369,3541,838,4289,221732,7830,4379,0.19136789221283398,0.547765006385696,1,1,7830.0,1447,0.18480204342273307,0.09240102171136653,1.0,0.9999899627990807,0.25,0.75,0.1875,0.49905,4,12,['moderate_general_error'],moderate_general_error,Low_Dice (<25%)
20160328_152511_1_361,0.6552516490047989,0.48726711471322504,0.5436988741351259,0.8243961570228517,8840,7419,1883,212258,10723,16259,0.4563011255304754,0.17560384220833722,1,1,10723.0,3459,0.3225776368553576,0.1612888184276788,1.0,0.9999941311834488,0.0625,0.9375,0.2578125,0.498125,1,15,['moderate_general_error'],moderate_general_error,Low_Dice (<25%)
20160328_152511_641_361,0.7876880897262569,0.6497404529733564,0.6601566576187171,0.9762916047754332,12642,6508,307,210943,12949,19150,0.33984334203655353,0.02370839447061549,1,1,12949.0,2798,0.21607846165727082,0.10803923082863541,1.0,0.9999948735833815,0.25,0.75,0.1875,0.49845,4,12,['boundary_margin_error'],boundary_margin_error,Medium_Dice (25-75%)
20160328_152511_641_721,0.6177944842800924,0.44696282662301523,0.6973125834702081,0.5545556774209467,986,428,792,228194,1778,1414,0.3026874115983027,0.4454443194600675,1,1,1778.0,514,0.2890888638920135,0.14454443194600675,1.0,0.9999924110334836,0.3125,0.6875,0.1640625,0.4993375,5,11,['moderate_general_error'],moderate_general_error,Low_Dice (<25%)
20160328_152747_1281_361,0.7972857662032076,0.6629054049574964,0.7688871467328471,0.8278626269278013,9811,2949,2040,215600,11851,12760,0.2311128526645768,0.17213737237363935,2,2,5925.5,3166,0.26715045143869715,0.13357522571934857,1.0,0.9999980112239693,0.3125,0.6875,0.1796875,0.4986625,5,11,['boundary_margin_error'],boundary_margin_error,Medium_Dice (25-75%)
20160328_152747_1281_721,0.744888021555774,0.593483318101306,0.6609071245749152,0.8533184559212579,1530,785,263,227822,1793,2315,0.3390928725701944,0.14668153931957614,1,1,1793.0,390,0.21751254880089235,0.10875627440044618,1.0,0.9999970410750878,0.375,0.625,0.1796875,0.49895,6,10,['boundary_margin_error'],boundary_margin_error,Medium_Dice (25-75%)
20160328_152747_1921_361,0.804644326630028,0.6731421823276732,0.8402602978450118,0.7719248768981305,13687,2602,4044,210067,17731,16289,0.15973970163914297,0.22807512266651628,1,1,17731.0,3321,0.18729908070610796,0.09364954035305398,1.0,0.9999945750451678,0.3125,0.6875,0.1875,0.4985875,5,11,['boundary_margin_error'],boundary_margin_error,Medium_Dice (25-75%)
20160328_152747_1_361,0.7750686387841378,0.6327445466126425,0.6894867303226256,0.8849068954010416,9457,4259,1230,215454,10687,13716,0.3105132691746865,0.11509310377093665,1,1,10687.0,2884,0.26986057827266774,0.13493028913633387,1.0,0.9999941331319082,0.5,0.5,0.1796875,0.498625,8,8,['boundary_margin_error'],boundary_margin_error,Medium_Dice (25-75%)
20160328_152747_641_361,0.7650374078754697,0.6194822521379866,0.6798664397634195,0.8746043701020314,11606,5465,1664,211665,13270,17071,0.3201335598383223,0.1253956292388847,1,1,13270.0,3624,0.27309721175584023,0.13654860587792012,1.0,0.9999970288970382,0.375,0.625,0.171875,0.49858749999999996,6,10,['boundary_margin_error'],boundary_margin_error,Medium_Dice (25-75%)
20160328_153548_1281_1081,0.5680272076642449,0.39667458118230736,0.9999999800399206,0.39667458118230736,501,0,762,229137,1263,501,0.0,0.6033254156769596,1,1,1263.0,218,0.1726049089469517,0.08630245447347586,1.0,0.9999897635140642,0.3125,0.6875,0.1875,0.4997125,5,11,['moderate_general_error'],moderate_general_error,Low_Dice (<25%)
20160328_153548_1281_361,0.8532771275134097,0.7441005564519144,0.9524893731747278,0.7727832502798236,6275,313,1845,221967,8120,6588,0.04751062537947784,0.2272167487684729,1,2,8120.0,1052,0.12955665024630542,0.06477832512315271,2.0,0.9999985849112834,0.4375,0.5625,0.1875,0.49907499999999994,7,9,['high_quality'],high_quality,Medium_Dice (25-75%)
20160328_153548_1281_721,0.8218616324067837,0.6975934703541998,0.8255681815250113,0.8181882167881368,23248,4912,5166,197074,28414,28160,0.1744318181818182,0.18181178292391076,3,3,9471.333333333334,4591,0.161575279791652,0.080787639895826,1.0,0.9999925923513342,0.3125,0.6875,0.171875,0.4977625,5,11,['boundary_margin_error'],boundary_margin_error,Medium_Dice (25-75%)
20160328_153548_1921_361,0.9081085162441969,0.8316838529782796,0.928240382412915,0.888831360289326,12017,929,1503,215951,13520,12946,0.0717596168700757,0.11116863905325444,1,1,13520.0,1494,0.11050295857988165,0.05525147928994083,1.0,0.9999957975502392,0.3125,0.6875,0.1796875,0.499125,5,11,['high_quality'],high_quality,High_Dice (>75%)
20160328_153548_1921_721,0.8960991612507082,0.8117569348583696,0.8970802914671082,0.8951201742982127,15977,1833,1872,210718,17849,17810,0.10291970802919707,0.10487982520029134,2,1,8924.5,2779,0.15569499691859487,0.07784749845929743,0.5,0.9999965368889493,0.375,0.625,0.171875,0.498675,6,10,['high_quality'],high_quality,High_Dice (>75%)
20160328_153548_1_1,0.7837221356185271,0.6443610942612049,0.8515264161025535,0.7259195233237686,15118,2636,5708,206938,20826,17754,0.14847358341782133,0.27408047632766736,1,1,20826.0,3686,0.1769903005858062,0.0884951502929031,1.0,0.9999989966059994,0.375,0.625,0.1875,0.4986625,6,10,['boundary_margin_error'],boundary_margin_error,Medium_Dice (25-75%)
20160328_153548_1_1081,0.7448338528341609,0.5934145487559502,0.7291941468360397,0.7611591416070576,23771,8828,7459,190342,31230,32599,0.27080585294027426,0.2388408581492155,1,1,31230.0,4278,0.13698366954851104,0.06849183477425552,1.0,0.9999966931753199,0.25,0.75,0.21875,0.49838750000000004,4,12,['boundary_margin_error'],boundary_margin_error,Medium_Dice (25-75%)
20160328_153548_641_1,0.802061854918405,0.6695352829454932,0.7798432644799649,0.8255836372263484,4279,1208,904,224009,5183,5487,0.22015673409877892,0.17441636118078332,1,2,5183.0,1078,0.20798765193903146,0.10399382596951573,2.0,0.9999955075069359,0.5,0.5,0.1875,0.49954999999999994,8,8,['boundary_margin_error'],boundary_margin_error,Medium_Dice (25-75%)
20160328_153548_641_1081,0.7194379907292183,0.5618142546169269,0.6957312502964955,0.744817317177404,13006,5688,4456,207250,17462,18694,0.30426874933133624,0.25518268239606,1,1,17462.0,3550,0.2032985912266636,0.1016492956133318,1.0,0.9999976397961776,0.25,0.75,0.1875,0.4986125,4,12,['boundary_margin_error'],boundary_margin_error,Low_Dice (<25%)
20160328_153548_641_361,0.6585750310067977,0.49095182080969235,0.6116234802933341,0.7133344703545595,4178,2653,1679,221890,5857,6831,0.3883765188113014,0.28666552842752263,10,3,585.7,2268,0.38722895680382446,0.19361447840191223,0.3,0.9999979099181635,0.3125,0.6875,0.171875,0.4986625,5,11,"['complex_topology', 'boundary_margin_error']",complex_topology,Low_Dice (<25%)
20160328_153548_641_721,0.7762923348687636,0.6343772757078466,0.7906886261245697,0.7624109036123479,12194,3228,3800,211178,15994,15422,0.20931137336272856,0.2375890959109666,2,1,7997.0,3223,0.2015130674002751,0.10075653370013755,0.5,0.9999962915518403,0.25,0.75,0.171875,0.49836250000000004,4,12,['boundary_margin_error'],boundary_margin_error,Medium_Dice (25-75%)
20160328_153604_1281_1,0.6829719156182212,0.5185705025711828,0.5789537119347231,0.8325533006889352,4803,3493,966,221138,5769,8296,0.42104628736740596,0.16744669786791472,1,1,5769.0,1772,0.3071589530247877,0.15357947651239384,1.0,0.999997019275296,0.3125,0.6875,0.1875,0.499375,5,11,['moderate_general_error'],moderate_general_error,Low_Dice (<25%)
20160328_153604_1281_361,0.7886133346054376,0.6510005080405746,0.7491491168107056,0.8324666110196983,14087,4717,2835,208761,16922,18804,0.25085088279089557,0.16753338848835836,1,1,16922.0,3158,0.18662096678879564,0.09331048339439782,1.0,0.999998750415752,0.1875,0.8125,0.2109375,0.49873750000000006,3,13,['boundary_margin_error'],boundary_margin_error,Medium_Dice (25-75%)
20160328_153604_1281_721,0.7436026811995954,0.5918531264533258,0.6438646856548093,0.8799044687138311,10316,5706,1408,212970,11724,16022,0.3561353139433279,0.12009553053565336,1,1,11724.0,2934,0.2502558853633572,0.1251279426816786,1.0,0.999998123405577,0.375,0.625,0.15625,0.4990375,6,10,['boundary_margin_error'],boundary_margin_error,Medium_Dice (25-75%)
20160328_153604_1921_361,0.7353713135960432,0.5814918809782128,0.6926992432426562,0.7836459355185539,9526,4226,2630,214018,12156,13752,0.30730075625363584,0.21635406383678843,2,2,6078.0,3155,0.25954261270154655,0.12977130635077327,1.0,0.9999953438141194,0.3125,0.6875,0.1640625,0.499575,5,11,['boundary_margin_error'],boundary_margin_error,Medium_Dice (25-75%)
20160328_153604_1921_721,0.7941499369533603,0.6585809971655193,0.7072421253528584,0.905409029141342,10127,4192,1058,215023,11185,14319,0.29275787415322296,0.094590970049173,1,1,11185.0,2448,0.218864550737595,0.1094322753687975,1.0,0.999997835321522,0.25,0.75,0.21875,0.4991,4,12,['boundary_margin_error'],boundary_margin_error,Medium_Dice (25-75%)
20160328_153604_1_1,0.8272142539941616,0.7053413266757451,0.7837837831904128,0.8757401447506851,10353,2856,1469,215722,11822,13209,0.21621621621621623,0.12425985450854339,1,1,11822.0,2152,0.18203349687024192,0.09101674843512096,1.0,0.9999964130135335,0.3125,0.6875,0.2265625,0.49903749999999997,5,11,['boundary_margin_error'],boundary_margin_error,Medium_Dice (25-75%)
20160328_153604_1_361,0.7799029601364521,0.6392138777942402,0.6863242570010369,0.9030288219320723,11091,5069,1191,213049,12282,16160,0.3136757425742574,0.09697117733268197,1,1,12282.0,2675,0.21779840416870216,0.10889920208435108,1.0,0.9999978851475685,0.375,0.625,0.171875,0.49888750000000004,6,10,['boundary_margin_error'],boundary_margin_error,Medium_Dice (25-75%)
20160328_153604_641_1,0.7757273018011529,0.633622968920572,0.6895814483269621,0.8864693436718083,8386,3775,1074,217165,9460,12161,0.3104185511059946,0.1135306553911205,1,2,9460.0,1886,0.19936575052854122,0.09968287526427061,2.0,0.9999980882792524,0.375,0.625,0.1953125,0.4987625,6,10,['boundary_margin_error'],boundary_margin_error,Medium_Dice (25-75%)
20160328_153604_641_1081,0.8403339072902255,0.7246343689558344,0.8664881403068706,0.815712300861392,15855,2443,3582,208520,19437,18298,0.13351185921958683,0.1842876987189381,1,1,19437.0,2413,0.1241446725317693,0.06207233626588465,1.0,0.9999959461000505,0.3125,0.6875,0.1875,0.49863749999999996,5,11,['boundary_margin_error'],boundary_margin_error,Medium_Dice (25-75%)
20160328_153604_641_361,0.7652597226862301,0.6197738396864201,0.676551267179081,0.8807412874764553,14305,6839,1937,207319,16242,21144,0.3234487325009459,0.1192587119812831,3,1,5414.0,4470,0.27521241226449944,0.13760620613224972,0.3333333333333333,0.9999964318632064,0.375,0.625,0.1796875,0.4984375,6,10,['boundary_margin_error'],boundary_margin_error,Medium_Dice (25-75%)
20160328_153604_641_721,0.795775311729238,0.6608196289946126,0.7405803880525507,0.8598600632702533,12658,4434,2063,211245,14721,17092,0.25941961151415865,0.14013993614564227,2,2,7360.5,3390,0.23028326879967392,0.11514163439983696,1.0,0.9999981691931605,0.3125,0.6875,0.1796875,0.4985375,5,11,['boundary_margin_error'],boundary_margin_error,Medium_Dice (25-75%)
20160328_153620_1281_1081,0.8528974724128948,0.7435233136543934,0.9382917820257793,0.7817500824591417,2296,151,641,227312,2937,2447,0.061708214139762976,0.21824991487912837,1,1,2937.0,555,0.18896833503575078,0.09448416751787539,1.0,0.9999923523416034,0.3125,0.6875,0.1875,0.4996125,5,11,['high_quality'],high_quality,Medium_Dice (25-75%)
20160328_153620_1281_361,0.7891052506501224,0.6516712134343537,0.8029177049818402,0.7757599856893425,35114,8619,10150,176517,45264,43733,0.1970822948345643,0.22424001413927183,2,1,22632.0,7174,0.1584924001413927,0.07924620007069635,0.5,0.999994821043173,0.3125,0.6875,0.171875,0.4977875,5,11,['boundary_margin_error'],boundary_margin_error,Medium_Dice (25-75%)
20160328_153620_1281_721,0.8533579031831781,0.7442234203263371,0.7743098128137667,0.9503808086147759,20839,6074,1088,202399,21927,26913,0.22569018689852488,0.04961919095179459,12,2,1827.25,5996,0.2734528207233092,0.1367264103616546,0.16666666666666666,0.9999956883526264,0.375,0.625,0.171875,0.49821250000000006,6,10,"['complex_topology', 'high_quality']",complex_topology,Medium_Dice (25-75%)
20160328_153620_1921_1081,0.8999509559097838,0.8181007571840386,0.9174999990825,0.883060634376265,9175,825,1215,219185,10390,10000,0.0825,0.11693936477382098,1,1,10390.0,1998,0.1923002887391723,0.09615014436958615,1.0,0.9999949423020349,0.25,0.75,0.1796875,0.4998375,4,12,['high_quality'],high_quality,High_Dice (>75%)
20160328_153620_1921_361,0.9086047799229506,0.8325167301528092,0.8896338151231894,0.9284024651246369,27866,3457,2149,196928,30015,31323,0.11036618459279124,0.07159753456605031,2,1,15007.5,4710,0.15692153923038482,0.07846076961519241,0.5,0.999996528427518,0.375,0.625,0.171875,0.4991625,6,10,['high_quality'],high_quality,High_Dice (>75%)
20160328_153620_1_361,0.9306267848584855,0.8702544366003518,0.8981890391243993,0.9654952684342258,30304,3435,1083,195578,31387,33739,0.1018109606093838,0.03450473125816421,2,1,15693.5,3918,0.1248287507566827,0.06241437537834135,0.5,0.9999932302917302,0.25,0.75,0.1875,0.49812500000000004,4,12,['high_quality'],high_quality,High_Dice (>75%)
20160328_153620_1_721,0.9632460554860579,0.9290980377582776,0.9557850557434484,0.9708244534161212,5923,274,178,224025,6101,6197,0.044214942714216554,0.02917554499262416,1,1,6101.0,709,0.11621045730208163,0.05810522865104081,1.0,0.9999978761709154,0.3125,0.6875,0.1640625,0.49898750000000003,5,11,['high_quality'],high_quality,High_Dice (>75%)
20160328_153620_641_361,0.876597930958696,0.7803064949905004,0.81062136056716,0.954265732931097,6823,1594,327,221656,7150,8417,0.18937863846976358,0.045734265734265735,4,2,1787.5,1854,0.2593006993006993,0.12965034965034966,0.5,0.9999979381126819,0.4375,0.5625,0.171875,0.4990375,7,9,['high_quality'],high_quality,High_Dice (>75%)
20160328_153620_641_721,0.8775956172179662,0.7818889793023835,0.8481562246619602,0.9091521709747815,43172,7729,4314,175185,47486,50901,0.15184377517141118,0.09084782883376152,3,1,15828.666666666666,8363,0.17611506549298742,0.08805753274649371,0.3333333333333333,0.9999843743285253,0.25,0.75,0.1875,0.4973625,4,12,['high_quality'],high_quality,High_Dice (>75%)
20160328_153629_1281_361,0.9720465884791755,0.9456134661210602,0.9516724576980099,0.9933121729842301,8763,445,59,221133,8822,9208,0.048327541268462205,0.006687825889820902,1,1,8822.0,698,0.07912038086601678,0.03956019043300839,1.0,0.9999972859378694,0.375,0.625,0.15625,0.4995,6,10,['high_quality'],high_quality,High_Dice (>75%)
20160328_153629_1281_721,0.9111967483919394,0.8368791579619066,0.9112543168598879,0.9111391868135864,21635,2107,2110,204548,23745,23742,0.08874568275629686,0.08886081280269531,1,1,23745.0,3705,0.1560328490208465,0.07801642451042325,1.0,0.9999958165135738,0.3125,0.6875,0.171875,0.498025,5,11,['high_quality'],high_quality,High_Dice (>75%)
20160328_153629_1921_361,0.9254186179307405,0.8611898860081822,0.929383718008639,0.9214872070394841,28849,2192,2458,196901,31307,31041,0.0706162816919558,0.07851279266617689,1,1,31307.0,3988,0.1273836522183537,0.06369182610917686,1.0,0.9999930438376909,0.4375,0.5625,0.1484375,0.4991,7,9,['high_quality'],high_quality,High_Dice (>75%)
20160328_153629_1_361,0.9220859759095016,0.8554355498691295,0.8798009680258738,0.9686408051617882,32711,4469,1059,192161,33770,37180,0.12019903173749327,0.031359194551376965,3,1,11256.666666666666,4891,0.14483269173822919,0.07241634586911459,0.3333333333333333,0.9999954711396434,0.375,0.625,0.1875,0.49855,6,10,['high_quality'],high_quality,High_Dice (>75%)
20160328_153629_641_361,0.8562219726942162,0.7485910309984555,0.8148115213239585,0.9020669282459971,9165,2083,995,218157,10160,11248,0.18518847795163584,0.09793307086614174,2,1,5080.0,1951,0.19202755905511812,0.09601377952755906,0.5,0.9999989935321656,0.4375,0.5625,0.1640625,0.4991375,7,9,['high_quality'],high_quality,Medium_Dice (25-75%)
20160328_153629_641_721,0.9442627394220775,0.8944107352099873,0.9219670392077679,0.9676635056206233,27860,2358,931,199251,28791,30218,0.07803296048712688,0.03233649404327741,6,1,4798.5,3676,0.12767878851029835,0.06383939425514917,0.16666666666666666,0.9999920017879647,0.375,0.625,0.171875,0.49810000000000004,6,10,"['complex_topology', 'high_quality']",complex_topology,High_Dice (>75%)
20160328_153829_1281_361,0.8785287173098304,0.7833715681086616,0.8100625649608804,0.959636823767136,31074,7286,1307,190733,32381,38360,0.18993743482794578,0.04036317593650598,7,1,4625.857142857143,7820,0.24149964485346345,0.12074982242673173,0.14285714285714285,0.9999972129649222,0.375,0.625,0.15625,0.498125,6,10,"['complex_topology', 'high_quality']",complex_topology,High_Dice (>75%)
20160328_153829_1281_721,0.809785321006259,0.6803691260898299,0.7809340376000625,0.8408501792616636,3244,910,614,225632,3858,4154,0.21906596051998073,0.15914981855883878,3,1,1286.0,1468,0.3805080352514256,0.1902540176257128,0.3333333333333333,0.9999904214921156,0.375,0.625,0.1953125,0.49985,6,10,['boundary_margin_error'],boundary_margin_error,Medium_Dice (25-75%)
20160328_153829_1921_1,0.8256880732128378,0.7031249997365389,0.7322641064808147,0.9464366767809368,18765,6861,1062,203712,19827,25626,0.2677358932334348,0.053563322741715845,14,1,1416.2142857142858,6747,0.3402935391133303,0.17014676955666516,0.07142857142857142,0.9999965156122754,0.3125,0.6875,0.1640625,0.4980875,5,11,"['complex_topology', 'boundary_margin_error']",complex_topology,Medium_Dice (25-75%)
20160328_153829_1921_361,0.8397734413596307,0.7238012568370552,0.7829148068929481,0.9055374568253597,3336,925,348,225791,3684,4261,0.217085191269655,0.09446254071661238,2,2,1842.0,976,0.26492942453854507,0.13246471226927253,1.0,0.9999908810007603,0.4375,0.5625,0.1796875,0.5004375,7,9,['boundary_margin_error'],boundary_margin_error,Medium_Dice (25-75%)
20160328_153829_1_1,0.8206670309606175,0.6958738986404207,0.716157015521077,0.9608915783268978,16511,6544,672,206673,17183,23055,0.28384298416829323,0.03910842111389164,4,1,4295.75,5674,0.33021009136937673,0.16510504568468837,0.25,0.9999975632057929,0.25,0.75,0.1953125,0.4986625,4,12,['boundary_margin_error'],boundary_margin_error,Medium_Dice (25-75%)
20160328_153829_1_721,0.86736356172457,0.7657916807314016,0.885761817710021,0.8497140565903524,6389,824,1130,222057,7519,7213,0.11423818106197144,0.15028594227955847,1,1,7519.0,1642,0.2183801037371991,0.10919005186859955,1.0,0.9999951402776545,0.5,0.5,0.1796875,0.4991749999999999,8,8,['high_quality'],high_quality,Medium_Dice (25-75%)
20160328_153829_641_1,0.8656831375560838,0.7631757635083961,0.8500698156562312,0.8818807334126746,14611,2577,1957,211255,16568,17188,0.14993018384919712,0.11811926605504587,5,2,3313.6,3613,0.21807098020280058,0.10903549010140029,0.4,0.9999972535888091,0.375,0.625,0.1640625,0.49877499999999997,6,10,"['complex_topology', 'high_quality']",complex_topology,Medium_Dice (25-75%)
20160328_153829_641_1081,0.669813546926001,0.5035486155930193,0.5205906626427674,0.9389578148238912,5676,5227,369,219128,6045,10903,0.47940933687975784,0.06104218362282878,2,1,3022.5,1958,0.323904052936311,0.1619520264681555,0.5,0.9999975462208355,0.3125,0.6875,0.1796875,0.49892499999999995,5,11,['moderate_general_error'],moderate_general_error,Low_Dice (<25%)
20160328_153829_641_361,0.8820745782812325,0.7890281061191691,0.8101529893252747,0.9680099695776071,6990,1638,231,221541,7221,8628,0.1898470097357441,0.03199002908184462,2,1,3610.5,2066,0.2861099570696579,0.14305497853482896,0.5,0.9999960263476696,0.4375,0.5625,0.15625,0.4995375,7,9,['high_quality'],high_quality,High_Dice (>75%)
20160328_153829_641_721,0.8330602569942468,0.7138845531548064,0.72657986431699,0.9761092108527764,2288,861,56,227195,2344,3149,0.27342013337567483,0.023890784982935155,2,1,1172.0,1120,0.4778156996587031,0.23890784982935154,0.5,0.999987596153812,0.4375,0.5625,0.1953125,0.4997625,7,9,['boundary_margin_error'],boundary_margin_error,Medium_Dice (25-75%)
20160329_103807_1081_1,0.11417575344413994,0.06054421754978636,0.09338929663032774,0.14686468566081032,267,2592,1551,225990,1818,2859,0.906610703043022,0.8531353135313532,1,8,1818.0,702,0.38613861386138615,0.19306930693069307,8.0,0.9999813458406579,0.375,0.625,0.171875,0.4992,6,10,"['missed_crack_high_fn', 'false_crack_high_fp', 'thin_low_area_failure', 'fragmented_prediction']",missed_crack_high_fn,Low_Dice (<25%)
20160329_103807_361_1,0.7874168120103325,0.6493713749369929,0.8695402893414259,0.7194669653616237,16683,2503,6505,204709,23188,19186,0.13045971020535807,0.2805330343281007,2,1,11594.0,1985,0.08560462308090391,0.04280231154045196,0.5,0.999982307504988,0.3125,0.6875,0.1875,0.49822500000000003,5,11,['boundary_margin_error'],boundary_margin_error,Medium_Dice (25-75%)
20160329_103807_361_1281,0.7322935863936231,0.5776523479994007,0.7508177975828698,0.714661426627974,23641,7846,9439,189474,33080,31487,0.24918220217867693,0.2853385731559855,4,1,8270.0,5043,0.1524486094316808,0.0762243047158404,0.25,0.999989210231182,0.3125,0.6875,0.171875,0.49827499999999997,5,11,['boundary_margin_error'],boundary_margin_error,Medium_Dice (25-75%)
20160329_103807_361_1921,0.6556268642039904,0.4876822116917642,0.835660629136983,0.5394157542422013,18133,3566,15483,193218,33616,21699,0.1643393704779022,0.46058424559733463,6,3,5602.666666666667,5092,0.15147548786292242,0.07573774393146121,0.5,0.9999931981342276,0.3125,0.6875,0.1953125,0.498275,5,11,['complex_topology'],complex_topology,Low_Dice (<25%)
20160329_103807_361_641,0.8308640701212443,0.7106650722875384,0.9139169668236452,0.7616486700639367,36256,3415,11346,179383,47602,39671,0.08608303294598069,0.23835132977605983,3,3,15867.333333333334,4507,0.09468089576068232,0.04734044788034116,1.0,0.9999841449274034,0.375,0.625,0.1875,0.49833750000000004,6,10,['boundary_margin_error'],boundary_margin_error,Medium_Dice (25-75%)
20160329_103807_721_1,0.6772167546913562,0.5119635110991613,0.7114135795566453,0.6461567495653486,13694,5555,7499,203652,21193,19249,0.28858642007377006,0.3538432501297598,1,3,21193.0,3008,0.14193365733968763,0.07096682866984381,3.0,0.9999833489125998,0.375,0.625,0.15625,0.4987625,6,10,['boundary_margin_error'],boundary_margin_error,Low_Dice (<25%)
20160329_103807_721_1281,0.70309745478948,0.5421359202247148,0.7413701500723837,0.6685823722769043,1396,487,692,227825,2088,1883,0.2586298459904408,0.3314176245210728,2,1,1044.0,664,0.31800766283524906,0.15900383141762453,0.5,0.999993355335729,0.375,0.625,0.1640625,0.499325,6,10,['boundary_margin_error'],boundary_margin_error,Low_Dice (<25%)
20160330_165956_1281_721,0.6660062733663495,0.4992574253306457,0.5477505200074676,0.8493823682630792,6051,4996,1073,218280,7124,11047,0.4522494794966959,0.15061763054463784,5,1,1424.8,3495,0.49059517125210556,0.24529758562605278,0.2,0.9999966568855845,0.4375,0.5625,0.1953125,0.498625,7,9,['complex_topology'],complex_topology,Low_Dice (<25%)
20160330_165956_1921_721,0.7902600990659518,0.6532479406984814,0.7048371166031131,0.8992443310780159,5712,2392,640,221656,6352,8104,0.29516288252714706,0.10075566750629723,2,1,3176.0,3591,0.5653337531486146,0.2826668765743073,0.5,0.9999966427854002,0.5,0.5,0.203125,0.4988875,8,8,['boundary_margin_error'],boundary_margin_error,Medium_Dice (25-75%)
20160330_165956_1_1081,0.8138960597070962,0.6861928639290311,0.8065628467112761,0.8213638413894837,7251,1739,1577,219833,8828,8990,0.19343715239154616,0.17863615768010874,1,1,8828.0,3489,0.3952197553239692,0.1976098776619846,1.0,0.9999970164919686,0.375,0.625,0.1875,0.49945,6,10,['boundary_margin_error'],boundary_margin_error,Medium_Dice (25-75%)
20160330_165956_1_721,0.7118764167291125,0.5526460550636527,0.5730747283821167,0.9394052722285295,5023,3742,324,221311,5347,8765,0.42692527096406163,0.06059472601458762,5,3,1069.4,4121,0.7707125490929493,0.38535627454647464,0.6,0.9999959142317119,0.5625,0.4375,0.1875,0.49937500000000007,9,7,['complex_topology'],complex_topology,Low_Dice (<25%)
20160330_165956_641_721,0.8028533681358767,0.6706391237017664,0.7055163440699143,0.9313473079179266,7597,3171,560,219072,8157,10768,0.29448365527488857,0.06865269094029668,2,1,4078.5,4056,0.49724163295329166,0.24862081647664583,0.5,0.9999977581869972,0.5,0.5,0.1640625,0.4989625,8,8,['boundary_margin_error'],boundary_margin_error,Medium_Dice (25-75%)
20160330_170359_1281_721,0.8052411292296171,0.67397794561709,0.9402142877975971,0.704155556496414,27993,1780,11761,188866,39754,29773,0.059785711886608674,0.2958444433264577,1,2,39754.0,3228,0.08119937616340495,0.04059968808170247,2.0,0.9999809938905906,0.3125,0.6875,0.1953125,0.4983375,5,11,['boundary_margin_error'],boundary_margin_error,Medium_Dice (25-75%)
20160330_170359_1921_361,0.8550980075695406,0.7468744165203982,0.8457921702964805,0.8646108976267155,16010,2919,2507,208964,18517,18929,0.15420782925669607,0.13538910190635634,1,1,18517.0,1564,0.08446292595992871,0.04223146297996436,1.0,0.9999862302902904,0.375,0.625,0.15625,0.49832499999999996,6,10,['high_quality'],high_quality,Medium_Dice (25-75%)
20160330_170359_1921_721,0.884065255932901,0.792219491895078,0.9548393460565424,0.8230589232831061,19346,915,4159,205980,23505,20261,0.04516065347218795,0.17694107636673048,2,2,11752.5,1744,0.07419697936609232,0.03709848968304616,1.0,0.9999763219924922,0.125,0.875,0.2421875,0.49831249999999994,2,14,['high_quality'],high_quality,High_Dice (>75%)
20160330_170359_1_721,0.8495144947726326,0.738396521218879,0.8504586121066741,0.8485724710568,30227,5315,5394,189464,35621,35542,0.1495413876540431,0.1514275287049774,1,1,35621.0,3446,0.09674068667359143,0.04837034333679571,1.0,0.9999793429314285,0.1875,0.8125,0.203125,0.49805,3,13,['boundary_margin_error'],boundary_margin_error,Medium_Dice (25-75%)
20160330_170359_641_721,0.863365891856587,0.7595811929899019,0.872079836415099,0.8548243661135666,26915,3948,4571,194966,31486,30863,0.12792016330233613,0.14517563361494,1,1,31486.0,3540,0.11243092167947659,0.056215460839738295,1.0,0.9999809571221231,0.3125,0.6875,0.1796875,0.4982375,5,11,['high_quality'],high_quality,Medium_Dice (25-75%)
20160330_172309_1281_361,0.8649149917373015,0.7619825699760538,0.8221673709189382,0.9123516356953807,6995,1513,672,221220,7667,8508,0.17783262811471556,0.08764836311464719,1,1,7667.0,2848,0.37146211034302856,0.18573105517151428,1.0,0.999996510735499,0.4375,0.5625,0.1640625,0.49872500000000003,7,9,['high_quality'],high_quality,Medium_Dice (25-75%)
20160330_172309_1281_721,0.8502103102773646,0.7394485425264697,0.7793888018930599,0.9351890792891105,24458,6923,1695,197324,26153,31381,0.22061119785857686,0.06481092035330555,4,2,6538.25,4491,0.1717202615378733,0.08586013076893664,0.5,0.9999978267517766,0.3125,0.6875,0.2109375,0.4984375,5,11,['high_quality'],high_quality,Medium_Dice (25-75%)
20160330_172309_1921_361,0.8837124212196742,0.79165300950964,0.8161748136876691,0.9634357126954954,14492,3264,550,212094,15042,17756,0.18382518585266952,0.03656428666400745,1,1,15042.0,1696,0.1127509639675575,0.05637548198377875,1.0,0.9999973291952774,0.375,0.625,0.1640625,0.499025,6,10,['high_quality'],high_quality,High_Dice (>75%)
20160330_172309_1921_721,0.870274046820828,0.7703408462661073,0.8341601345202103,0.9096564777334831,16815,3343,1670,208572,18485,20158,0.16583986506597878,0.09034352177441168,1,1,18485.0,2827,0.15293481200973763,0.07646740600486882,1.0,0.9999957603645457,0.375,0.625,0.171875,0.4985625,6,10,['high_quality'],high_quality,Medium_Dice (25-75%)
20160330_172309_1_721,0.8818794149055693,0.788715838579334,0.9388445164467764,0.8314316687328042,16104,1049,3265,209982,19369,17153,0.06115548300588818,0.1685683308379369,1,1,19369.0,3466,0.17894573803500438,0.08947286901750219,1.0,0.9999973863860325,0.4375,0.5625,0.1796875,0.49835,7,9,['high_quality'],high_quality,High_Dice (>75%)
20160330_172309_641_361,0.8107150745833185,0.6816827971642486,0.6967275468161052,0.9692959186379253,1831,797,58,227714,1889,2628,0.3032724505327245,0.03070407623080995,1,1,1889.0,624,0.33033350979354154,0.16516675489677077,1.0,0.9999943659448649,0.5,0.5,0.1875,0.49953749999999997,8,8,['boundary_margin_error'],boundary_margin_error,Medium_Dice (25-75%)
20160330_172309_641_721,0.8553059816177984,0.747191797880279,0.8482208157063564,0.8625105086779699,26674,4773,4252,194701,30926,31447,0.15177918402391324,0.13748949104313524,3,1,10308.666666666666,6929,0.2240509603569812,0.1120254801784906,0.3333333333333333,0.9999977077963051,0.4375,0.5625,0.1796875,0.49724999999999997,7,9,['high_quality'],high_quality,Medium_Dice (25-75%)
20160402_150314_1281_1081,0.850559860356245,0.7399775168977987,0.8174668840336635,0.8864452383911793,1975,441,253,227731,2228,2416,0.18253311258278146,0.11355475763016158,1,1,2228.0,838,0.3761220825852783,0.18806104129263915,1.0,0.999997168155312,0.3125,0.6875,0.1796875,0.49935,5,11,['high_quality'],high_quality,Medium_Dice (25-75%)
20160402_150314_1281_361,0.8487031693494211,0.7371714633052824,0.7573939123340564,0.9650464209629595,5301,1698,192,223209,5493,6999,0.24260608658379768,0.034953577280174765,1,1,5493.0,1826,0.3324230839249954,0.1662115419624977,1.0,0.9999965911788006,0.4375,0.5625,0.1484375,0.49912500000000004,7,9,['boundary_margin_error'],boundary_margin_error,Medium_Dice (25-75%)
20160402_150314_1281_721,0.8553650994117599,0.7472820363700063,0.844751030094552,0.8662492878557205,10654,1958,1645,216143,12299,12612,0.1552489692356486,0.13375071143995446,3,2,4099.666666666667,3719,0.30238230750467515,0.15119115375233758,0.6666666666666666,0.9999977094584835,0.375,0.625,0.171875,0.4987125,6,10,['high_quality'],high_quality,Medium_Dice (25-75%)
20160402_150314_1921_1,0.8509090905019574,0.7405063284972466,0.8110178759476305,0.8949275353311921,8892,2072,1044,218392,9936,10964,0.18898212331265962,0.10507246376811594,2,1,4968.0,2878,0.2896537842190016,0.1448268921095008,0.5,0.9999943633014965,0.25,0.75,0.21875,0.49862500000000004,4,12,['high_quality'],high_quality,Medium_Dice (25-75%)
20160402_150314_1921_361,0.8904965457242741,0.802608177822738,0.8278813793094424,0.963358232076278,2708,563,103,227026,2811,3271,0.17211861815958424,0.03664176449662042,1,1,2811.0,1008,0.35859124866595515,0.17929562433297758,1.0,0.9999910955386371,0.375,0.625,0.1875,0.499375,6,10,['high_quality'],high_quality,High_Dice (>75%)
20160402_150314_1_361,0.8962555177174756,0.8120135883841836,0.9133636707842555,0.8797764836780511,26293,2494,3593,198020,29886,28787,0.08663632889846111,0.12022351602757143,1,1,29886.0,5157,0.172555711704477,0.0862778558522385,1.0,0.9999977098447015,0.375,0.625,0.1953125,0.498275,6,10,['high_quality'],high_quality,High_Dice (>75%)
20160402_150314_1_721,0.8068984391968801,0.6763032299226293,0.8144341281891754,0.7995009213415418,7369,1679,1848,219504,9217,9048,0.1855658709106985,0.2004990777910383,2,1,4608.5,3065,0.3325377020722578,0.1662688510361289,0.5,0.9999988922873535,0.375,0.625,0.203125,0.49877499999999997,6,10,['boundary_margin_error'],boundary_margin_error,Medium_Dice (25-75%)
20160402_150314_641_361,0.8573993326125934,0.750392816217292,0.9182804547201203,0.8040889948237053,6686,595,1629,221490,8315,7281,0.08171954401867876,0.1959110042092604,1,1,8315.0,1802,0.21671677690920024,0.10835838845460012,1.0,0.999997279840756,0.4375,0.5625,0.1875,0.4993375,7,9,['high_quality'],high_quality,Medium_Dice (25-75%)
20160402_150314_641_721,0.8567531772732792,0.7494035060861706,0.8623269135515172,0.8512510307352013,21672,3460,3787,201481,25459,25132,0.1376730861053637,0.14874896893043718,1,1,25459.0,7162,0.28131505557955927,0.14065752778977963,1.0,0.9999982568568936,0.4375,0.5625,0.15625,0.497975,7,9,['high_quality'],high_quality,Medium_Dice (25-75%)
20160402_151049_1281_721,0.9443725022008197,0.8946077135823859,0.9298327389827713,0.959374204045782,33911,2559,1436,192494,35347,36470,0.07016726076227035,0.04062579568280193,2,1,17673.5,3596,0.10173423487141765,0.05086711743570883,0.5,0.9999957584218406,0.375,0.625,0.171875,0.49816249999999995,6,10,['high_quality'],high_quality,High_Dice (>75%)
20160402_151049_1921_1081,0.9309849026900997,0.870880967942227,0.9332039906135233,0.9287763428617586,16835,1205,1291,211069,18126,18040,0.06679600886917961,0.07122365662584133,1,1,18126.0,1926,0.10625620655412116,0.05312810327706058,1.0,0.9999950664034429,0.4375,0.5625,0.15625,0.49878750000000005,7,9,['high_quality'],high_quality,High_Dice (>75%)
20160402_151049_1921_721,0.9238394256730568,0.8584587167680329,0.9118558522614415,0.9361421684682565,20597,1991,1405,206407,22002,22588,0.08814414733486807,0.06385783110626307,1,1,22002.0,2377,0.10803563312426143,0.05401781656213071,1.0,0.9999957840066185,0.4375,0.5625,0.1796875,0.4985875,7,9,['high_quality'],high_quality,High_Dice (>75%)
20160402_151049_1_361,0.9006164943979889,0.8192013886044439,0.8493106300265271,0.9585195413348016,23593,4186,1021,201600,24614,27779,0.1506893696677346,0.04148045827577801,2,1,12307.0,4093,0.16628747867067523,0.08314373933533761,0.5,0.9999973717947275,0.375,0.625,0.1953125,0.49845,6,10,['high_quality'],high_quality,High_Dice (>75%)
20160402_151049_1_721,0.859975915124657,0.7543489006363335,0.78063075598631,0.9572756825296471,16782,4716,749,208153,17531,21498,0.21936924365057214,0.04272431692430552,1,1,17531.0,4794,0.2734584450402145,0.13672922252010725,1.0,0.99999726145713,0.375,0.625,0.2109375,0.49835,6,10,['high_quality'],high_quality,Medium_Dice (25-75%)
20160402_151049_641_361,0.8318080113243685,0.7120473512811721,0.720070419999752,0.9845931584757189,2045,795,32,227528,2077,2840,0.27992957746478875,0.015406836783822821,1,2,2077.0,517,0.24891670678863745,0.12445835339431872,2.0,0.999992769333646,0.4375,0.5625,0.171875,0.49947500000000006,7,9,['boundary_margin_error'],boundary_margin_error,Medium_Dice (25-75%)
20160402_151049_641_721,0.9368249390304146,0.8811577447801089,0.9121829979030277,0.9628352115811224,39638,3816,1530,185416,41168,43454,0.08781700188705298,0.037164788184998056,1,1,41168.0,4241,0.10301690633501749,0.051508453167508746,1.0,0.9999925530315465,0.375,0.625,0.171875,0.49782499999999996,6,10,['high_quality'],high_quality,High_Dice (>75%)
20160402_151054_1281_1081,0.9347190839178432,0.8774390583804994,0.9448233855390844,0.9248286134576282,15514,906,1261,212719,16775,16420,0.05517661388550548,0.07517138599105812,1,1,16775.0,2057,0.12262295081967213,0.061311475409836065,1.0,0.99999104640195,0.4375,0.5625,0.1875,0.4985125,7,9,['high_quality'],high_quality,High_Dice (>75%)
20160402_151054_1281_361,0.925421268301684,0.8611944764988079,0.8731172967090868,0.9843910789290033,5739,834,91,223736,5830,6573,0.12688270196257417,0.015608919382504288,1,1,5830.0,732,0.12555746140651802,0.06277873070325901,1.0,0.9999958304866251,0.5,0.5,0.15625,0.49998750000000003,8,8,['high_quality'],high_quality,High_Dice (>75%)
20160402_151054_1281_721,0.9528480789276276,0.9099425400965987,0.945257339059537,0.9605617179701293,40699,2357,1671,185673,42370,43056,0.05474266072092159,0.03943828180316262,1,1,42370.0,4055,0.09570450790653764,0.04785225395326882,1.0,0.9999866526337284,0.4375,0.5625,0.15625,0.49787500000000007,7,9,['high_quality'],high_quality,High_Dice (>75%)
20160402_151054_1921_361,0.8704316777440988,0.7705878968044435,0.80977112095551,0.9409164262571634,13409,3150,842,212999,14251,16559,0.19022887855546833,0.0590835730825907,3,1,4750.333333333333,3394,0.23815872570345942,0.11907936285172971,0.3333333333333333,0.9999961665745758,0.4375,0.5625,0.15625,0.49905,7,9,['high_quality'],high_quality,Medium_Dice (25-75%)
20160402_151054_1_361,0.8881749387062141,0.7988441434056909,0.9308113816381443,0.8492733979596003,56396,4192,10009,159803,66405,60588,0.06918861820822605,0.15072660191250659,1,1,66405.0,5533,0.08332203900308711,0.04166101950154356,1.0,0.9999942180362889,0.4375,0.5625,0.1875,0.49797500000000006,7,9,['high_quality'],high_quality,High_Dice (>75%)
20160402_151054_1_721,0.0,0.0,0.0,0.0,0,0,2888,227512,2888,0,0.0,1.0,1,0,2888.0,396,0.1371191135734072,0.0685595567867036,0.0,0.9999970722811485,0.4375,0.5625,0.1875,0.4996625,7,9,"['missed_crack_high_fn', 'thin_low_area_failure']",missed_crack_high_fn,Low_Dice (<25%)
20160402_151054_641_361,0.905132051045442,0.8267043088709588,0.9404874353481132,0.8723385605254197,9956,630,1457,218357,11413,10586,0.059512563763461174,0.12766143871024271,1,2,11413.0,1572,0.13773766757206693,0.06886883378603346,2.0,0.9999977878976405,0.5,0.5,0.15625,0.4996124999999999,8,8,['high_quality'],high_quality,High_Dice (>75%)
20160402_151054_641_721,0.9463390943323092,0.8981438802957457,0.9368881114786328,0.9559826959122407,21436,1444,987,206533,22423,22880,0.06311188811188811,0.04401730366141908,1,1,22423.0,2562,0.11425768184453464,0.05712884092226732,1.0,0.9999944518080758,0.3125,0.6875,0.203125,0.49875,5,11,['high_quality'],high_quality,High_Dice (>75%)
20160405_171348_1281_361,0.6285303958149105,0.45828970171626626,0.45828970171626626,0.9999999923838538,1313,1552,0,227535,1313,2865,0.5417102966841186,0.0,1,4,1313.0,228,0.17364813404417365,0.08682406702208682,4.0,0.9999860155910036,0.375,0.625,0.171875,0.49943750000000003,6,10,"['over_segmentation', 'fragmented_prediction']",over_segmentation,Low_Dice (<25%)
20160405_171348_1281_721,0.8819273994468508,0.7887926052481126,0.8497423512360303,0.916646526244892,34135,6036,3104,187125,37239,40171,0.15025764855243834,0.08335347350895567,2,2,18619.5,4149,0.11141545154273745,0.055707725771368725,1.0,0.9999822474853721,0.3125,0.6875,0.1640625,0.4982375,5,11,['high_quality'],high_quality,High_Dice (>75%)
20160405_171348_1921_721,0.8346210937927884,0.7161800246660613,0.8690781301373746,0.8027921505411519,32892,4955,8080,184473,40972,37847,0.130921869632996,0.19720784926291127,4,2,10243.0,5734,0.13994923362296202,0.06997461681148101,0.5,0.9999811643005942,0.375,0.625,0.171875,0.4983875,6,10,['boundary_margin_error'],boundary_margin_error,Medium_Dice (25-75%)
20160405_171348_1_721,0.7488373726675603,0.598513219871449,0.7639157762090016,0.7343426915557729,31963,9878,11563,176996,43526,41841,0.23608422360842235,0.2656573082755135,5,6,8705.2,8064,0.18526857510453523,0.09263428755226762,1.2,0.999974837282896,0.0625,0.9375,0.234375,0.49768750000000006,1,15,"['complex_topology', 'boundary_margin_error']",complex_topology,Medium_Dice (25-75%)
20160405_171348_641_721,0.8425489101950228,0.7279347849912057,0.8181554139312556,0.868441703792477,30986,6887,4694,187833,35680,37873,0.1818445858527183,0.13155829596412555,3,3,11893.333333333334,4812,0.13486547085201794,0.06743273542600897,1.0,0.9999790549487328,0.3125,0.6875,0.1796875,0.49837499999999996,5,11,['boundary_margin_error'],boundary_margin_error,Medium_Dice (25-75%)
20160407_163130_1281_721,0.8940915256212922,0.8084679214738699,0.9644986156246016,0.8332643579191317,18121,667,3626,207986,21747,18788,0.0355013838620396,0.16673564169770544,2,1,10873.5,4406,0.2026026578378627,0.10130132891893134,0.5,0.9999924033638947,0.4375,0.5625,0.1484375,0.4984625,7,9,['high_quality'],high_quality,High_Dice (>75%)
20160407_163130_1921_721,0.8992322726141725,0.8169137323363631,0.9595525991780214,0.8460472302116065,15871,669,2888,210972,18759,16540,0.04044740024183797,0.15395276933738472,1,1,18759.0,3963,0.2112585958739805,0.10562929793699025,1.0,0.9999907382211415,0.3125,0.6875,0.1796875,0.4983625,5,11,['high_quality'],high_quality,High_Dice (>75%)
20160407_163130_1_361,0.7948929143433013,0.6596035520861122,0.8311800136469422,0.7616416702381938,1930,392,604,227474,2534,2322,0.16881998277347116,0.23835832675611682,2,3,1267.0,693,0.27348066298342544,0.13674033149171272,1.5,0.9999947356061079,0.5,0.5,0.171875,0.49895,8,8,['boundary_margin_error'],boundary_margin_error,Medium_Dice (25-75%)
20160407_163130_1_721,0.8395196504004367,0.7234242705532433,0.923847026013584,0.7692991714726287,13842,1141,4151,211266,17993,14983,0.07615297336981913,0.2307008280998166,4,2,4498.25,3803,0.21135997332295892,0.10567998666147946,0.5,0.9999923949978204,0.3125,0.6875,0.2109375,0.4984375,5,11,['boundary_margin_error'],boundary_margin_error,Medium_Dice (25-75%)
20160407_163130_641_721,0.8779276080102586,0.7824161919298743,0.9636636798377032,0.8062008282639538,17318,653,4163,208266,21481,17971,0.03633631962606421,0.1937991713607374,1,1,21481.0,3919,0.1824402960756017,0.09122014803780085,1.0,0.9999936586539273,0.5,0.5,0.1640625,0.49843750000000003,8,8,['high_quality'],high_quality,High_Dice (>75%)
20160407_163257_1281_1,0.903171076185348,0.8234384201359469,0.8383830802172019,0.9788109614054715,11179,2155,242,216824,11421,13334,0.1616169191540423,0.021189037737501096,2,1,5710.5,2159,0.18903773750109448,0.09451886875054724,0.5,0.9999959759508177,0.5625,0.4375,0.15625,0.4993625,9,7,['high_quality'],high_quality,High_Dice (>75%)
20160407_163257_1281_361,0.8993523539648688,0.8171119587677405,0.8617913446079897,0.9403367489455807,12845,2060,815,214680,13660,14905,0.13820865481382086,0.05966325036603221,1,1,13660.0,3222,0.23587115666178624,0.11793557833089312,1.0,0.9999974794271334,0.4375,0.5625,0.171875,0.49888750000000004,7,9,['high_quality'],high_quality,High_Dice (>75%)
20160407_163257_1281_721,0.8714571994907979,0.7721968534091872,0.8764756681882009,0.8664958712403987,6088,858,938,222516,7026,6946,0.1235243305499568,0.13350412752633078,1,1,7026.0,1974,0.28095644748078563,0.14047822374039282,1.0,0.9999934056782269,0.4375,0.5625,0.1796875,0.49893750000000003,7,9,['high_quality'],high_quality,Medium_Dice (25-75%)
20160407_163257_1921_1081,0.789068679763345,0.6516213319258566,0.6996556552740012,0.904683375816815,5486,2355,578,221981,6064,7841,0.3003443438336947,0.09531662269129287,3,1,2021.3333333333333,2190,0.3611477572559367,0.18057387862796834,0.3333333333333333,0.9999913090357322,0.5,0.5,0.203125,0.49910000000000004,8,8,['boundary_margin_error'],boundary_margin_error,Medium_Dice (25-75%)
20160407_163257_1921_721,0.8635269328441717,0.75983052990887,0.8542721035214765,0.8729844830042829,5739,979,835,222847,6574,6718,0.14572789520690682,0.12701551566778216,1,1,6574.0,2038,0.31000912686340126,0.15500456343170063,1.0,0.9999933799205615,0.375,0.625,0.1640625,0.4988875,6,10,['high_quality'],high_quality,Medium_Dice (25-75%)
20160407_163257_1_1,0.8887580431136148,0.7997880548029763,0.8467024594545216,0.9352097708132326,10566,1913,732,217189,11298,12479,0.15329753986697653,0.0647902283590016,1,1,11298.0,3246,0.2873074880509825,0.14365374402549125,1.0,0.9999990444195197,0.5,0.5,0.1953125,0.4986125,8,8,['high_quality'],high_quality,High_Dice (>75%)
20160407_163257_641_361,0.8635108285946457,0.7598055928037128,0.838130172274144,0.8904766654437127,8911,1721,1096,218672,10007,10632,0.16186982693754703,0.10952333366643349,2,1,5003.5,3413,0.341061257120016,0.170530628560008,0.5,0.9999956334598179,0.375,0.625,0.171875,0.49875,6,10,['high_quality'],high_quality,Medium_Dice (25-75%)
20160407_165001_1281_1081,0.4880454884647219,0.3227911188737734,0.3291747524912903,0.9433262686882249,3562,7259,214,219365,3776,10821,0.6708252472045098,0.056673728813559324,2,3,1888.0,1841,0.4875529661016949,0.24377648305084745,1.5,0.9999989864239459,0.25,0.75,0.1875,0.49866249999999995,4,12,"['false_crack_high_fp', 'thin_low_area_failure', 'over_segmentation']",false_crack_high_fp,Low_Dice (<25%)
20160407_165001_1281_361,0.7700246965350641,0.626048908759261,0.7096270122225511,0.8416599509736826,10445,4274,1965,213716,12410,14719,0.29037298729533256,0.15834004834810636,2,2,6205.0,2498,0.20128928283642225,0.10064464141821113,1.0,0.9999995903679834,0.375,0.625,0.1796875,0.4985875000000001,6,10,['boundary_margin_error'],boundary_margin_error,Medium_Dice (25-75%)
20160407_165001_1281_721,0.8032372273108375,0.6711749777325867,0.8721441105620736,0.7444215249495191,3970,582,1363,224485,5333,4552,0.12785588752196836,0.2555784736546034,1,1,5333.0,1172,0.21976373523345208,0.10988186761672604,1.0,0.999997843145064,0.3125,0.6875,0.15625,0.49848750000000003,5,11,['boundary_margin_error'],boundary_margin_error,Medium_Dice (25-75%)
20160407_165001_1921_361,0.6319753501860375,0.46196196119125466,0.5630337524135142,0.7201560449410765,2769,2149,1076,224406,3845,4918,0.43696624644164295,0.2798439531859558,1,1,3845.0,1108,0.2881664499349805,0.14408322496749024,1.0,0.9999954595104215,0.375,0.625,0.1875,0.49898750000000003,6,10,['moderate_general_error'],moderate_general_error,Low_Dice (<25%)
20160407_165001_1921_721,0.6945560013975034,0.5320458036813829,0.5485462550233072,0.946488292875512,6226,5124,352,218698,6578,11350,0.4514537444933921,0.05351170568561873,2,1,3289.0,2875,0.4370629370629371,0.21853146853146854,0.5,0.9999977548663497,0.4375,0.5625,0.203125,0.49878750000000005,7,9,['moderate_general_error'],moderate_general_error,Low_Dice (<25%)
20160407_165001_1_1081,0.6226996724682862,0.4521161144165544,0.5367149749811353,0.741490543400466,3333,2877,1162,223028,4495,6210,0.4632850241545894,0.2585094549499444,2,2,2247.5,2332,0.5187986651835372,0.2593993325917686,1.0,0.999995850197653,0.3125,0.6875,0.1796875,0.49860000000000004,5,11,['moderate_general_error'],moderate_general_error,Low_Dice (<25%)
20160407_165001_1_721,0.8572454227422384,0.7501570676700748,0.9135424630747625,0.8074842195629598,14328,1356,3416,211300,17744,15684,0.0864575363427697,0.19251577998196573,1,1,17744.0,3895,0.2195108205590622,0.1097554102795311,1.0,0.9999968794888028,0.3125,0.6875,0.1875,0.4984,5,11,['high_quality'],high_quality,Medium_Dice (25-75%)
20160407_165001_641_1081,0.4946100183961826,0.32855939287521585,0.3394846790747133,0.9107893465166307,1950,3794,191,224465,2141,5744,0.6605153203342619,0.08921064922933208,2,1,1070.5,1225,0.572162540868753,0.2860812704343765,0.5,0.9999966165690712,0.3125,0.6875,0.1875,0.498675,5,11,"['false_crack_high_fp', 'thin_low_area_failure', 'over_segmentation']",false_crack_high_fp,Low_Dice (<25%)
20160407_165001_641_361,0.8579805532212473,0.7512836630245816,0.8034403536709586,0.9204647574011653,14339,3508,1239,211314,15578,17847,0.19655964587885918,0.07953524200795994,1,1,15578.0,3166,0.2032353318782899,0.10161766593914495,1.0,0.9999981151497768,0.3125,0.6875,0.1640625,0.49824999999999997,5,11,['high_quality'],high_quality,Medium_Dice (25-75%)
20160407_165001_641_721,0.6566593868540955,0.48882567863134624,0.533481150627578,0.8537970131029311,1203,1052,206,227939,1409,2255,0.46651884700665186,0.14620298083747338,2,3,704.5,474,0.33640880056777855,0.16820440028388928,1.5,0.9999950669432884,0.25,0.75,0.1875,0.4991375,4,12,['moderate_general_error'],moderate_general_error,Low_Dice (<25%)
IMG_2931_1297_485,0.8274890406582827,0.70574098609949,0.8236210631859736,0.8313935173595673,2643,566,536,309887,3179,3209,0.1763789342474291,0.16860648002516515,8,4,397.375,1061,0.33375275243787356,0.16687637621893678,0.5,0.9999867560493595,0.375,0.625,0.171875,0.4992875,6,10,"['complex_topology', 'boundary_margin_error']",complex_topology,Medium_Dice (25-75%)
IMG_2931_1297_969,0.9115367479235916,0.8374529376023466,0.9030891430687651,0.9201438840646188,10232,1098,888,301414,11120,11330,0.0969108561341571,0.07985611510791367,1,1,11120.0,2558,0.23003597122302158,0.11501798561151079,1.0,0.9999887144756874,0.5,0.5,0.1484375,0.4990875,8,8,['high_quality'],high_quality,High_Dice (>75%)
IMG_2931_1945_485,0.8973968890319499,0.8138893134847627,0.8760726058150617,0.9197851681916405,5309,751,463,307109,5772,6060,0.12392739273927393,0.08021483021483021,2,1,2886.0,1530,0.26507276507276506,0.13253638253638253,0.5,0.9999887730879178,0.4375,0.5625,0.171875,0.49888750000000004,7,9,['high_quality'],high_quality,High_Dice (>75%)
IMG_2931_1945_969,0.8720979310031673,0.7732035918497959,0.8584487522736167,0.886188160014029,6198,1022,796,305616,6994,7220,0.14155124653739612,0.11381183871890192,1,1,6994.0,1920,0.2745210180154418,0.1372605090077209,1.0,0.9999890593821763,0.375,0.625,0.1875,0.4988875,6,10,['high_quality'],high_quality,High_Dice (>75%)
IMG_2931_1_485,0.8983868282891548,0.8155193232611114,0.9318613070370529,0.8672339054598203,16206,1185,2481,293760,18687,17391,0.06813869242711748,0.1327660940760957,1,1,18687.0,3905,0.20896880184085193,0.10448440092042596,1.0,0.9999736417307574,0.375,0.625,0.1875,0.49851249999999997,6,10,['high_quality'],high_quality,High_Dice (>75%)
IMG_2931_649_485,0.9075314925498597,0.8307163880339854,0.9221850432478523,0.8933363478868263,11851,1000,1415,299366,13266,12851,0.07781495603454984,0.10666365143977084,2,2,6633.0,3277,0.2470224634403739,0.12351123172018695,1.0,0.9999845717049212,0.3125,0.6875,0.171875,0.4988625,5,11,['high_quality'],high_quality,High_Dice (>75%)
IMG_2931_649_969,0.8711137915148994,0.7716577498841831,0.8065958591023149,0.9468503874878583,1443,346,81,311762,1524,1789,0.19340413638904416,0.0531496062992126,1,2,1524.0,436,0.28608923884514437,0.14304461942257218,2.0,0.9999832364661473,0.375,0.625,0.171875,0.4992375,6,10,['high_quality'],high_quality,Medium_Dice (25-75%)
IMG_2941_1297_485,0.8994941715858834,0.8173461224481646,0.8582340096875659,0.9449219102255597,10225,1689,596,301122,10821,11914,0.14176598959207654,0.05507808890121061,1,1,10821.0,2685,0.24812863875797062,0.12406431937898531,1.0,0.999991098824671,0.3125,0.6875,0.15625,0.5001375,5,11,['high_quality'],high_quality,High_Dice (>75%)
IMG_2941_1297_969,0.8367525856244498,0.7193246899015305,0.758182394728023,0.9334898260299496,4772,1522,340,306998,5112,6294,0.24181760406736574,0.06651017214397496,2,2,2556.0,2222,0.43466353677621283,0.21733176838810642,1.0,0.9999902359153581,0.3125,0.6875,0.1640625,0.49995,5,11,['boundary_margin_error'],boundary_margin_error,Medium_Dice (25-75%)
IMG_2941_1945_485,0.909263207462936,0.8336229360595613,0.8714804717325286,0.9504705292928108,13433,1981,700,297518,14133,15414,0.12851952770208902,0.04952947003467063,1,1,14133.0,3879,0.2744640203778391,0.13723201018891956,1.0,0.9999944892234898,0.375,0.625,0.15625,0.4993000000000001,6,10,['high_quality'],high_quality,High_Dice (>75%)
IMG_2941_1_485,0.772080646021819,0.6287714608621913,0.7837107816669213,0.7607906398531855,3772,1041,1186,307633,4958,4813,0.21628921670475795,0.2392093586123437,3,4,1652.6666666666667,1490,0.30052440500201694,0.15026220250100847,1.3333333333333333,0.9999821166054256,0.3125,0.6875,0.1796875,0.499775,5,11,['boundary_margin_error'],boundary_margin_error,Medium_Dice (25-75%)
IMG_2941_1_969,0.9023934176783875,0.8221465069658037,0.872536611035494,0.9343659235872547,9652,1410,678,301892,10330,11062,0.12746338817573677,0.06563407550822846,3,2,3443.3333333333335,2424,0.2346563407550823,0.11732817037754115,0.6666666666666666,0.9999848808871858,0.4375,0.5625,0.15625,0.49968750000000006,7,9,['high_quality'],high_quality,High_Dice (>75%)
IMG_2941_649_969,0.9131059103065526,0.8401056910375593,0.8952815822714753,0.931654390645716,11764,1376,863,299629,12627,13140,0.10471841704718417,0.0683456086164568,1,1,12627.0,3828,0.30315989546210503,0.15157994773105252,1.0,0.9999886373653135,0.375,0.625,0.1640625,0.49950000000000006,6,10,['high_quality'],high_quality,High_Dice (>75%)
IMG_2942_1297_485,0.5822127542389743,0.4106488868338352,0.4311347723246231,0.8962902215693991,4373,5770,506,302983,4879,10143,0.5688652272503204,0.10370977659356426,3,1,1626.3333333333333,2380,0.4878048780487805,0.24390243902439024,0.3333333333333333,0.9999866602366052,0.3125,0.6875,0.1640625,0.49831249999999994,5,11,['over_segmentation'],over_segmentation,Low_Dice (<25%)
IMG_2942_1945_485,0.5601336297697349,0.38901778758827305,0.3948194657315287,0.9636015294904166,3018,4626,114,305874,3132,7644,0.6051805337519623,0.03639846743295019,3,3,1044.0,1994,0.6366538952745849,0.31832694763729247,1.0,0.9999848997082934,0.3125,0.6875,0.171875,0.49836250000000004,5,11,['over_segmentation'],over_segmentation,Low_Dice (<25%)
IMG_2942_1_485,0.7145016301690386,0.5558168309952762,0.6072201181622227,0.8678260852795632,4491,2905,684,305552,5175,7396,0.3927798810167658,0.13217391304347825,5,2,1035.0,3132,0.6052173913043478,0.3026086956521739,0.4,0.9999803557366627,0.4375,0.5625,0.1484375,0.497925,7,9,"['complex_topology', 'boundary_margin_error']",complex_topology,Low_Dice (<25%)
IMG_2942_649_485,0.4073416218597379,0.25576208146745716,0.2638036806444227,0.8935064896385,2064,5760,246,305562,2310,7824,0.7361963190184049,0.10649350649350649,3,2,770.0,1534,0.664069264069264,0.332034632034632,0.6666666666666666,0.9999833520887171,0.375,0.625,0.1484375,0.49805,6,10,"['false_crack_high_fp', 'thin_low_area_failure', 'over_segmentation']",false_crack_high_fp,Low_Dice (<25%)
