case_name,dice,iou,precision,recall,tp,fp,fn,tn,gt_area,pred_area,fp_area_ratio,fn_area_ratio,num_gt_cc,num_pred_cc,mean_component_size,perimeter,boundary_to_area_ratio,thinness_score,fragmentation_ratio,mean_routing_entropy,cnn_expert_fraction,vit_expert_fraction,expert_hhi_concentration,mean_gs,cnn_expert_selections,vit_expert_selections,error_taxonomy,primary_error_category,performance_tier
20160222_080850_1281_361,0.8745243181789802,0.7770264007517247,0.9393057105602992,0.818102018522334,16776,1084,3730,208810,20506,17860,0.0606942889137738,0.18189798107870866,1,1,20506.0,3739,0.18233687701160636,0.09116843850580318,1.0,0.9999695397372912,0.5,0.5,0.140625,0.50375,8,8,['high_quality'],high_quality,High_Dice (>75%)
20160222_080850_1281_721,0.7085736241665251,0.5486751993192164,0.5709417578347529,0.9336372799714424,1843,1385,131,227041,1974,3228,0.42905824039653034,0.06636271529888552,2,1,987.0,936,0.47416413373860183,0.23708206686930092,0.5,0.9999603638351193,0.4375,0.5625,0.1796875,0.5045,7,9,['moderate_general_error'],moderate_general_error,Medium_Dice (25-75%)
20160222_080850_1921_1,0.4120660204551337,0.25949820695520354,0.2965997529840239,0.674743702938083,724,1717,349,227610,1073,2441,0.7034002458009013,0.32525629077353213,1,2,1073.0,330,0.30754892823858343,0.15377446411929171,2.0,0.9999621038384029,0.375,0.625,0.1875,0.504075,6,10,"['false_crack_high_fp', 'thin_low_area_failure', 'over_segmentation']",false_crack_high_fp,Low_Dice (<25%)
20160222_080850_1921_361,0.8614009890341787,0.7565446489396577,0.9278789955806951,0.8038117922550257,13496,1049,3294,212561,16790,14545,0.07212100378136817,0.1961882072662299,1,1,16790.0,2880,0.17153067301965455,0.08576533650982728,1.0,0.999964557894429,0.4375,0.5625,0.140625,0.5035125,7,9,['high_quality'],high_quality,Medium_Dice (25-75%)
20160222_080850_1_361,0.8536635620098773,0.7446884995705185,0.8401265357342229,0.8676439786941805,20715,3942,3160,202583,23875,24657,0.15987346392505172,0.13235602094240836,1,1,23875.0,3950,0.16544502617801046,0.08272251308900523,1.0,0.9999656449116698,0.5,0.5,0.140625,0.503525,8,8,['high_quality'],high_quality,Medium_Dice (25-75%)
20160222_080850_641_361,0.7691183494648496,0.6248515843342536,0.7099937729815309,0.8389846092102614,13683,5589,2626,208502,16309,19272,0.29000622665006226,0.16101539027530812,4,1,4077.25,4122,0.25274388374517137,0.12637194187258569,0.25,0.9999708203020363,0.375,0.625,0.15625,0.5037,6,10,['boundary_margin_error'],boundary_margin_error,Medium_Dice (25-75%)
20160222_080850_641_721,0.7115804800513652,0.552289428275453,0.5726007317617572,0.9396489518161844,3908,2917,251,223324,4159,6825,0.4273992673992674,0.06035104592450108,1,2,4159.0,1886,0.45347439288290453,0.22673719644145227,2.0,0.9999605737066363,0.375,0.625,0.1875,0.504225,6,10,['moderate_general_error'],moderate_general_error,Medium_Dice (25-75%)
20160222_115224_1281_1,0.5094815007893638,0.3418149463151113,0.35426463775540373,0.9067736584687901,3842,7003,395,219160,4237,10845,0.6457353619179346,0.09322633939107859,10,4,423.7,4075,0.9617654000472032,0.4808827000236016,0.4,0.999965329418236,0.25,0.75,0.203125,0.5033,4,12,"['thin_low_area_failure', 'over_segmentation', 'complex_topology']",thin_low_area_failure,Low_Dice (<25%)
20160222_115224_1281_1081,0.8556279870876767,0.7476834258731834,0.8049059676125823,0.9131725400497727,4922,1193,468,223817,5390,6115,0.19509403107113654,0.08682745825602968,1,1,5390.0,2275,0.42207792207792205,0.21103896103896103,1.0,0.9999697599289006,0.1875,0.8125,0.1953125,0.50365,3,13,['high_quality'],high_quality,Medium_Dice (25-75%)
20160222_115224_1281_361,0.3300558655530102,0.1976448545461731,0.20779403459792625,0.8018458154080031,1477,5631,365,222927,1842,7108,0.7922059651097355,0.1981541802388708,6,5,307.0,1801,0.9777415852334419,0.48887079261672095,0.8333333333333334,0.9999684761313447,0.4375,0.5625,0.203125,0.5034124999999999,7,9,"['false_crack_high_fp', 'thin_low_area_failure', 'over_segmentation', 'complex_topology']",false_crack_high_fp,Low_Dice (<25%)
20160222_115224_1281_721,0.7515586029055809,0.6019975023695412,0.6609100868134457,0.8710260099873085,4822,2474,714,222390,5536,7296,0.33908991228070173,0.12897398843930635,4,5,1384.0,2724,0.4920520231213873,0.24602601156069365,1.25,0.9999724816222659,0.3125,0.6875,0.203125,0.5033375,5,11,['boundary_margin_error'],boundary_margin_error,Medium_Dice (25-75%)
20160222_115224_1921_1081,0.8235687953680321,0.7000569112119698,0.7273802440722635,0.9490740667509717,1230,461,66,228643,1296,1691,0.2726197516262567,0.05092592592592592,1,1,1296.0,552,0.42592592592592593,0.21296296296296297,1.0,0.999968782796242,0.25,0.75,0.171875,0.5039625000000001,4,12,['boundary_margin_error'],boundary_margin_error,Medium_Dice (25-75%)
20160222_115224_641_1,0.6984487321234265,0.53662790653104,0.6062112961097661,0.8237919153081832,6461,4197,1382,218360,7843,10658,0.39378870332144866,0.17620808364146373,4,8,1960.75,4660,0.5941603978069616,0.2970801989034808,2.0,0.9999655107421308,0.3125,0.6875,0.1796875,0.5035125,5,11,['boundary_margin_error'],boundary_margin_error,Low_Dice (<25%)
20160222_115224_641_1081,0.028518616300159352,0.014465577273998408,0.01607501673284586,0.12624196302605514,216,13221,1495,215468,1711,13437,0.9839249832551908,0.8737580362361193,1,5,1711.0,1669,0.9754529514903565,0.48772647574517825,5.0,0.9999754547071977,0.4375,0.5625,0.203125,0.5039125,7,9,"['missed_crack_high_fn', 'false_crack_high_fp', 'thin_low_area_failure', 'over_segmentation', 'fragmented_prediction']",missed_crack_high_fn,Low_Dice (<25%)
20160222_115224_641_361,0.7948854544554004,0.6595932788249486,0.675418739983208,0.9656957897550298,2984,1434,106,225876,3090,4418,0.3245812584880036,0.0343042071197411,2,1,1545.0,1649,0.5336569579288026,0.2668284789644013,0.5,0.9999661010898231,0.3125,0.6875,0.1796875,0.5039875,5,11,['boundary_margin_error'],boundary_margin_error,Medium_Dice (25-75%)
20160222_115224_641_721,0.5171588181469023,0.34876210916978456,0.5734513257420315,0.4709302314173202,1944,1446,2184,224826,4128,3390,0.4265486725663717,0.5290697674418605,5,10,825.6,2219,0.5375484496124031,0.26877422480620156,2.0,0.9999723097108943,0.25,0.75,0.234375,0.504025,4,12,"['thin_low_area_failure', 'complex_topology']",thin_low_area_failure,Low_Dice (<25%)
20160222_115837_1281_1,0.7323771736860107,0.5777563786979341,0.6069035268593962,0.923254470238018,4800,3109,399,222092,5199,7909,0.3930964723732457,0.07674552798615118,1,3,5199.0,2135,0.41065589536449315,0.20532794768224658,3.0,0.9999886593475167,0.4375,0.5625,0.171875,0.5026625,7,9,['boundary_margin_error'],boundary_margin_error,Medium_Dice (25-75%)
20160222_115837_1281_1081,0.6534628154185244,0.48529132570641237,0.48584457441412776,0.997658989474604,2557,2706,6,225131,2563,5263,0.5141554246627399,0.0023410066328521262,4,2,640.75,1867,0.7284432305891534,0.3642216152945767,0.5,0.999987575340192,0.3125,0.6875,0.1875,0.503025,5,11,['over_segmentation'],over_segmentation,Low_Dice (<25%)
20160222_115837_1281_361,0.7581432291928916,0.6104916823058094,0.6198960641798514,0.975752261245246,3340,2048,83,224929,3423,5388,0.3801039346696362,0.02424773590417762,4,5,855.75,2052,0.5994741454864154,0.2997370727432077,1.25,0.9999881566901089,0.4375,0.5625,0.15625,0.5028125,7,9,['boundary_margin_error'],boundary_margin_error,Medium_Dice (25-75%)
20160222_115837_1281_721,0.7380523608005924,0.5848518099125097,0.5882093164314213,0.9903345688091651,2664,1865,26,225845,2690,4529,0.41179068226981674,0.009665427509293681,1,1,2690.0,2008,0.7464684014869889,0.37323420074349445,1.0,0.999986668531804,0.4375,0.5625,0.1484375,0.5030875,7,9,['moderate_general_error'],moderate_general_error,Medium_Dice (25-75%)
20160222_164851_1281_1081,0.8786279676558839,0.7835294106802362,0.8579872675689796,0.9002862581102318,5661,937,627,223175,6288,6598,0.14201273113064564,0.09971374045801527,2,1,3144.0,1152,0.183206106870229,0.0916030534351145,0.5,0.9999827656113478,0.3125,0.6875,0.2109375,0.503175,5,11,['high_quality'],high_quality,High_Dice (>75%)
20160222_164851_641_1,0.8469416214995251,0.7345175554779392,0.7945420554807162,0.9067406135608015,10627,2748,1093,215932,11720,13375,0.20545794392523364,0.09325938566552901,2,2,5860.0,2308,0.1969283276450512,0.0984641638225256,1.0,0.9999732042084486,0.3125,0.6875,0.1953125,0.5027375000000001,5,11,['boundary_margin_error'],boundary_margin_error,Medium_Dice (25-75%)
20160222_164851_641_1081,0.7427906687425515,0.5908249726396951,0.6074504299945419,0.955727113666729,6066,3920,281,220133,6347,9986,0.392549569397156,0.04427288482747755,3,3,2115.6666666666665,2372,0.3737198676540098,0.1868599338270049,1.0,0.9999809891863769,0.3125,0.6875,0.203125,0.5029874999999999,5,11,['boundary_margin_error'],boundary_margin_error,Medium_Dice (25-75%)
20160222_164851_641_361,0.8213587852016538,0.6968692210056308,0.7304016569335016,0.9381921186898514,10929,4034,720,214717,11649,14963,0.26959834257835996,0.06180788050476436,7,3,1664.142857142857,3669,0.31496265773886173,0.15748132886943086,0.42857142857142855,0.999974210229847,0.3125,0.6875,0.1953125,0.5026375,5,11,"['complex_topology', 'boundary_margin_error']",complex_topology,Medium_Dice (25-75%)
20160222_164851_641_721,0.8297872337192007,0.7090909086186541,0.7245814613280377,0.9707330406904331,10647,4047,321,215385,10968,14694,0.2754185381788485,0.029266958424507657,3,4,3656.0,2773,0.25282640408460977,0.12641320204230488,1.3333333333333333,0.9999784409532397,0.3125,0.6875,0.1953125,0.5030375,5,11,['boundary_margin_error'],boundary_margin_error,Medium_Dice (25-75%)
20160222_165225_1281_361,0.7908666316601626,0.6540772526574444,0.6607127367894626,0.9848778583625722,7620,3913,117,218750,7737,11533,0.33928726263764847,0.015122140364482357,1,1,7737.0,3094,0.39989660074964456,0.19994830037482228,1.0,0.9999770819874401,0.3125,0.6875,0.2421875,0.5022375,5,11,['boundary_margin_error'],boundary_margin_error,Medium_Dice (25-75%)
20160222_165225_1281_721,0.7609173711564016,0.6140973599690803,0.6884593479905665,0.8504213423425467,1211,548,213,228428,1424,1759,0.3115406480955088,0.14957865168539325,1,1,1424.0,650,0.45646067415730335,0.22823033707865167,1.0,0.9999791537723042,0.25,0.75,0.203125,0.5032,4,12,['boundary_margin_error'],boundary_margin_error,Medium_Dice (25-75%)
20160222_165225_1921_721,0.6769893932976069,0.5117036778601529,0.5356309454894714,0.9197102775162425,5968,5174,521,218737,6489,11142,0.46436905402979717,0.0802897210664201,2,2,3244.5,3365,0.5185698875019263,0.25928494375096317,1.0,0.9999741989114953,0.25,0.75,0.1953125,0.5026875,4,12,['moderate_general_error'],moderate_general_error,Low_Dice (<25%)
20160222_165225_1_361,0.7734506100495049,0.6305906768913091,0.6868448091604884,0.8850483367963868,6683,3047,868,219802,7551,9730,0.3131551901336074,0.114951662031519,1,3,7551.0,3404,0.4508012183816713,0.22540060919083565,3.0,0.9999753644251367,0.375,0.625,0.203125,0.502475,6,10,['boundary_margin_error'],boundary_margin_error,Medium_Dice (25-75%)
20160222_165225_641_361,0.7936752791616576,0.6579283881458454,0.7287535403391809,0.8712955112237868,7203,2681,1064,219452,8267,9884,0.27124645892351273,0.12870448772226925,4,3,2066.75,4037,0.4883270835853393,0.24416354179266966,0.75,0.9999772546757006,0.375,0.625,0.1953125,0.5023375,6,10,['boundary_margin_error'],boundary_margin_error,Medium_Dice (25-75%)
20160222_165402_1281_1,0.9118658636544144,0.8380086913887705,0.8515507368748864,0.981376517083428,8484,1479,161,220276,8645,9963,0.14844926227040048,0.01862348178137652,1,1,8645.0,2045,0.23655292076344708,0.11827646038172354,1.0,0.9999843050317465,0.3125,0.6875,0.1796875,0.502425,5,11,['high_quality'],high_quality,High_Dice (>75%)
20160222_165402_1281_361,0.8652963476026261,0.7625747443171168,0.76981801973385,0.9878118225449234,8672,2593,107,219028,8779,11265,0.23018197958277853,0.012188176329878118,2,1,4389.5,2052,0.2337396058776626,0.1168698029388313,0.5,0.9999847089056191,0.375,0.625,0.171875,0.50265,6,10,['high_quality'],high_quality,Medium_Dice (25-75%)
20160222_165402_641_1081,0.9216962738895523,0.8547649902075415,0.8978217247794341,0.9468752354365033,12530,1426,703,215741,13233,13956,0.10217827457724277,0.05312476384795587,1,1,13233.0,1717,0.12975137912793774,0.06487568956396887,1.0,0.9999792610613831,0.25,0.75,0.1796875,0.503175,4,12,['high_quality'],high_quality,High_Dice (>75%)
20160222_165402_641_721,0.8702208899075736,0.7702575504661098,0.7737665456646325,0.9941468790787997,9002,2632,53,218713,9055,11634,0.22623345367027678,0.005853119823302043,1,1,9055.0,1678,0.1853119823302043,0.09265599116510215,1.0,0.9999808399624495,0.25,0.75,0.203125,0.50315,4,12,['high_quality'],high_quality,High_Dice (>75%)
20160222_165926_1281_361,0.45311690476063393,0.292922526695864,0.292922526695864,0.9999999923780488,1312,3167,0,225921,1312,4479,0.7070774726501451,0.0,2,3,656.0,1592,1.2134146341463414,0.6067073170731707,1.5,0.9999819151163941,0.375,0.625,0.203125,0.50305,6,10,"['false_crack_high_fp', 'thin_low_area_failure', 'over_segmentation']",false_crack_high_fp,Low_Dice (<25%)
20160222_165926_1281_721,0.6640378544135088,0.4970484056058298,0.5004322449746788,0.9865786088909702,4631,4623,63,221083,4694,9254,0.4995677544845472,0.01342138900724329,1,1,4694.0,3164,0.674051981252663,0.3370259906263315,1.0,0.999979221491606,0.3125,0.6875,0.171875,0.50305,5,11,['moderate_general_error'],moderate_general_error,Low_Dice (<25%)
20160222_165926_1921_721,0.7078755990191277,0.5478385815497083,0.5689590839833863,0.9365404279702346,4575,3466,310,222049,4885,8041,0.43104091530904115,0.06345957011258956,4,1,1221.25,3742,0.7660184237461617,0.38300921187308085,0.25,0.9999723183955048,0.25,0.75,0.1953125,0.5030875,4,12,['moderate_general_error'],moderate_general_error,Low_Dice (<25%)
20160222_165926_1_1081,0.5730027535055033,0.4015444002524311,0.4129715406585984,0.9355322268700733,1248,1774,86,227292,1334,3022,0.587028457974851,0.06446776611694154,4,3,333.5,1166,0.8740629685157422,0.4370314842578711,0.75,0.9999887325517272,0.3125,0.6875,0.1875,0.5033624999999999,5,11,['over_segmentation'],over_segmentation,Low_Dice (<25%)
20160222_165926_1_721,0.59873319191162,0.4272799358806028,0.43249317638064994,0.9725631733842484,2694,3535,76,224095,2770,6229,0.5675068229250281,0.027436823104693142,5,4,554.0,2358,0.8512635379061372,0.4256317689530686,0.8,0.9999872329425673,0.3125,0.6875,0.1640625,0.5030625,5,11,"['over_segmentation', 'complex_topology']",over_segmentation,Low_Dice (<25%)
20160222_165926_641_1,0.712864332537909,0.5538377581778142,0.561600884246402,0.9756488273769662,3045,2377,76,224902,3121,5422,0.4383991147178163,0.024351169496956104,1,1,3121.0,1933,0.619352771547581,0.3096763857737905,1.0,0.9999845642421333,0.25,0.75,0.203125,0.5031874999999999,4,12,['moderate_general_error'],moderate_general_error,Medium_Dice (25-75%)
20160222_165926_641_361,0.5826622448293111,0.4110962561348981,0.4123089294552039,0.9928963481017231,3075,4383,22,222920,3097,7458,0.587691069991955,0.007103648692282854,2,2,1548.5,2230,0.7200516628995802,0.3600258314497901,1.0,0.9999832054224757,0.375,0.625,0.203125,0.5031625,6,10,['over_segmentation'],over_segmentation,Low_Dice (<25%)
20160222_165926_641_721,0.7286215799638196,0.5730957584942213,0.5822570394005325,0.973279063929784,5500,3946,151,220803,5651,9446,0.4177429599830616,0.026720934347903028,2,2,2825.5,4142,0.7329676163510883,0.36648380817554416,1.0,0.9999827845604692,0.3125,0.6875,0.1796875,0.5029625,5,11,['moderate_general_error'],moderate_general_error,Medium_Dice (25-75%)
20160302_155857_1281_1,0.6463952180452781,0.4775361513660049,0.54884546999639,0.7861166622094918,4326,3556,1177,221341,5503,7882,0.4511545293072824,0.21388333636198437,2,2,2751.5,1899,0.3450844993639833,0.17254224968199164,1.0,0.9999734463265786,0.375,0.625,0.1640625,0.5036625,6,10,['moderate_general_error'],moderate_general_error,Low_Dice (<25%)
20160302_155857_1281_361,0.7736676406714259,0.630879251278189,0.6974457726561466,0.8685937883506769,6881,2985,1041,219493,7922,9866,0.30255422663693493,0.13140621055289067,1,4,7922.0,2828,0.35698056046452914,0.17849028023226457,4.0,0.9999738885009627,0.375,0.625,0.1640625,0.5035125,6,10,['boundary_margin_error'],boundary_margin_error,Medium_Dice (25-75%)
20160302_155857_1281_721,0.3927706948640137,0.24437750954944276,0.24437750954944276,0.9999999917830732,1217,3763,0,225420,1217,4980,0.7556224899598394,0.0,1,3,1217.0,430,0.3533278553820871,0.17666392769104355,3.0,0.9999707924038775,0.3125,0.6875,0.1875,0.5040624999999999,5,11,"['false_crack_high_fp', 'thin_low_area_failure', 'over_segmentation']",false_crack_high_fp,Low_Dice (<25%)
20160302_155857_1_721,0.8893768028570102,0.8007907678723779,0.8444681465895142,0.9393302049618022,17418,3208,1125,208649,18543,20626,0.15553185300106662,0.060669794531629184,1,1,18543.0,3212,0.17321900447608263,0.08660950223804131,1.0,0.9999724520661906,0.375,0.625,0.15625,0.5035499999999999,6,10,['high_quality'],high_quality,High_Dice (>75%)
20160302_155857_641_721,0.732969756822684,0.5784942867540595,0.5913599996846081,0.9637548883409345,11088,7662,417,211233,11505,18750,0.40864,0.03624511082138201,3,2,3835.0,3366,0.2925684485006519,0.14628422425032594,0.6666666666666666,0.999976757981097,0.4375,0.5625,0.15625,0.5033375,7,9,['moderate_general_error'],moderate_general_error,Medium_Dice (25-75%)
20160307_144202_1281_361,0.5996637592730568,0.42822840817271074,0.4485224768559239,0.9044373995175319,5707,7017,603,217073,6310,12724,0.551477522791575,0.09556259904912837,10,2,631.0,3310,0.5245641838351822,0.2622820919175911,0.2,0.9999799493320851,0.25,0.75,0.1875,0.5032,4,12,"['over_segmentation', 'complex_topology']",over_segmentation,Low_Dice (<25%)
20160307_144202_1281_721,0.528631344236385,0.35927864996011794,0.36180433466689593,0.9809402764264921,3088,5447,60,221805,3148,8535,0.6381956649091974,0.01905972045743329,5,1,629.6,1470,0.4669631512071156,0.2334815756035578,0.2,0.9999767677444604,0.25,0.75,0.1796875,0.50335,4,12,"['thin_low_area_failure', 'over_segmentation', 'complex_topology']",thin_low_area_failure,Low_Dice (<25%)
20160307_144202_1921_361,0.5773621996175713,0.4058392090118559,0.41137808411041266,0.9678891321887028,11454,16389,380,202177,11834,27843,0.5886219157418382,0.03211086699340882,5,2,2366.8,4983,0.42107486902146357,0.21053743451073179,0.4,0.9999756731985352,0.3125,0.6875,0.15625,0.5027999999999999,5,11,"['over_segmentation', 'complex_topology']",over_segmentation,Low_Dice (<25%)
20160307_144202_1_361,0.7950821889687539,0.6598642510631257,0.6844141914847246,0.9484429506729274,14680,6769,798,208153,15478,21449,0.3155858081961863,0.05155704871430417,7,2,2211.1428571428573,4184,0.2703191626825171,0.13515958134125855,0.2857142857142857,0.9999747249877129,0.25,0.75,0.1796875,0.50325,4,12,"['complex_topology', 'boundary_margin_error']",complex_topology,Medium_Dice (25-75%)
20160307_144202_641_361,0.6816035491422584,0.5169943750218766,0.5234363589567115,0.9767484096487299,10754,9791,256,209599,11010,20545,0.47656364078851304,0.023251589464123524,10,2,1101.0,4281,0.3888283378746594,0.1944141689373297,0.2,0.9999770563013686,0.25,0.75,0.1796875,0.5032625,4,12,['complex_topology'],complex_topology,Low_Dice (<25%)
20160307_145059_1281_361,0.8847634137958008,0.7933414530518291,0.8168408475265209,0.965006348973468,13678,3067,496,213159,14174,16745,0.18315915198566737,0.0349936503457034,4,2,3543.5,3270,0.23070410610977846,0.11535205305488923,0.5,0.9999687378925274,0.5,0.5,0.171875,0.5028375,8,8,['high_quality'],high_quality,High_Dice (>75%)
20160307_145059_1281_721,0.7784124907358618,0.6372138588784058,0.6526181347814102,0.9642808990911432,7154,3808,265,219173,7419,10962,0.34738186462324394,0.03571909960911174,3,2,2473.0,3748,0.5051893786224558,0.2525946893112279,0.6666666666666666,0.999950775041906,0.375,0.625,0.1953125,0.5036875000000001,6,10,['boundary_margin_error'],boundary_margin_error,Medium_Dice (25-75%)
20160307_145059_1921_1081,0.7500697344839123,0.6000892651192934,0.6031176397856705,0.9917020081288918,5378,3539,45,221438,5423,8917,0.3968823595379612,0.008297990042411949,3,2,1807.6666666666667,2182,0.4023603171676194,0.2011801585838097,0.6666666666666666,0.9999624841446644,0.375,0.625,0.1953125,0.5038,6,10,['boundary_margin_error'],boundary_margin_error,Medium_Dice (25-75%)
20160307_145059_1921_361,0.8522282441838949,0.7425067221469753,0.8343282475979599,0.8709131464951818,11321,2248,1678,215153,12999,13569,0.16567175178716192,0.12908685283483345,1,1,12999.0,3074,0.23647972920993923,0.11823986460496962,1.0,0.9999662514594889,0.4375,0.5625,0.1796875,0.5032625,7,9,['high_quality'],high_quality,Medium_Dice (25-75%)
20160307_145059_1921_721,0.8070552414656145,0.6765235654810514,0.7142630733529904,0.9275571086076208,4507,1803,352,223738,4859,6310,0.2857369255150555,0.0724428894834328,3,4,1619.6666666666667,1757,0.3615970364272484,0.1807985182136242,1.3333333333333333,0.9999640375408869,0.4375,0.5625,0.203125,0.5044,7,9,['boundary_margin_error'],boundary_margin_error,Medium_Dice (25-75%)
20160307_145059_1_361,0.8976542495702136,0.8143127954366703,0.8314139157733341,0.9753633049780163,8591,1742,217,219850,8808,10333,0.16858608342204587,0.02463669391462307,1,1,8808.0,2411,0.27372842870118075,0.13686421435059037,1.0,0.999967961310023,0.3125,0.6875,0.1796875,0.502825,5,11,['high_quality'],high_quality,High_Dice (>75%)
20160307_145059_1_721,0.8047947586557985,0.6733527688940493,0.7084662567994279,0.9314405534256485,5774,2376,425,221825,6199,8150,0.29153374233128837,0.06855944507178577,1,1,6199.0,1626,0.2623003710275851,0.13115018551379254,1.0,0.9999667699748142,0.3125,0.6875,0.203125,0.5032749999999999,5,11,['boundary_margin_error'],boundary_margin_error,Medium_Dice (25-75%)
20160307_145059_641_361,0.7254294559804073,0.5691559869982811,0.5787463484848951,0.9717087873034539,5152,3750,150,221348,5302,8902,0.4212536508649742,0.02829121086382497,2,2,2651.0,2106,0.3972086005281026,0.1986043002640513,1.0,0.9999596471965218,0.375,0.625,0.21875,0.5032,6,10,['moderate_general_error'],moderate_general_error,Medium_Dice (25-75%)
20160307_145059_641_721,0.8587925681060558,0.7525297716303918,0.7707819214758641,0.9694927270579171,10932,3251,344,215873,11276,14183,0.22921807798068108,0.030507272082298687,2,1,5638.0,3040,0.2695991486342675,0.13479957431713374,0.5,0.9999607359197936,0.4375,0.5625,0.171875,0.5033,7,9,['high_quality'],high_quality,Medium_Dice (25-75%)
20160307_162438_1281_361,0.8228766526918813,0.6990572862000066,0.9999999965421853,0.6990572862000066,2892,0,1245,226263,4137,2892,0.0,0.3009427121102248,1,1,4137.0,396,0.09572153734590283,0.047860768672951415,1.0,0.9999847272013558,0.25,0.75,0.1875,0.5027125,4,12,['boundary_margin_error'],boundary_margin_error,Medium_Dice (25-75%)
20160307_162438_1281_721,0.8994173462794377,0.8172192640315769,0.9464980200600897,0.8567985026937744,27014,1527,4515,197344,31529,28541,0.05350197960828282,0.14320149703447618,1,1,31529.0,3073,0.09746582511338768,0.04873291255669384,1.0,0.9999832329568604,0.3125,0.6875,0.1796875,0.5019875,5,11,['high_quality'],high_quality,High_Dice (>75%)
20160307_162438_1921_1081,0.7045509267983382,0.5438661707148879,0.5516888431009596,0.9745907870435946,10241,8322,267,211570,10508,18563,0.4483111566018424,0.025409212028930338,2,2,5254.0,2256,0.21469356680624285,0.10734678340312143,1.0,0.9999865145023945,0.3125,0.6875,0.1640625,0.5025875,5,11,['moderate_general_error'],moderate_general_error,Low_Dice (<25%)
20160307_162438_1921_721,0.8947922257285961,0.8096144874826618,0.8645115773655442,0.9272711083245333,20833,3265,1634,204668,22467,24098,0.13548842227570754,0.0727288912627409,1,1,22467.0,2708,0.12053233631548493,0.06026616815774247,1.0,0.9999865154063601,0.3125,0.6875,0.1796875,0.5020875,5,11,['high_quality'],high_quality,High_Dice (>75%)
20160307_162438_1_361,0.8662919064183824,0.7641225385289326,0.9002787238097134,0.834777841373472,31977,3542,6329,188552,38306,35519,0.09972127593682255,0.1652221584086044,1,1,38306.0,3094,0.08077063645381924,0.04038531822690962,1.0,0.9999843681755634,0.3125,0.6875,0.1875,0.5020375,5,11,['high_quality'],high_quality,Medium_Dice (25-75%)
20160307_162438_641_361,0.8883293968877658,0.799094079128114,0.871246885681899,0.9060951770800895,19935,2946,2066,205453,22001,22881,0.1287531139373279,0.09390482250806781,1,1,22001.0,2516,0.11435843825280669,0.05717921912640334,1.0,0.9999848523039683,0.3125,0.6875,0.1875,0.501925,5,11,['high_quality'],high_quality,High_Dice (>75%)
20160307_162438_641_721,0.7340382264239947,0.5798265332692724,0.6191401776593413,0.9012982674745369,5415,3331,593,221061,6008,8746,0.3808598216327464,0.0987017310252996,1,2,6008.0,705,0.11734354194407456,0.05867177097203728,2.0,0.9999839982571428,0.3125,0.6875,0.171875,0.5024375,5,11,['boundary_margin_error'],boundary_margin_error,Medium_Dice (25-75%)
20160310_114505_1281_1,0.41557265684068284,0.2622857139110204,0.2622857139110204,0.999999994553377,1836,5164,0,223400,1836,7000,0.7377142857142858,0.0,4,1,459.0,1931,1.051742919389978,0.525871459694989,0.25,0.9999900803914672,0.3125,0.6875,0.1875,0.5028874999999999,5,11,"['false_crack_high_fp', 'thin_low_area_failure', 'over_segmentation']",false_crack_high_fp,Low_Dice (<25%)
20160310_114505_641_1,0.5065682468994318,0.3391974530123168,0.34533049011059236,0.9502464187978259,4049,7676,212,218463,4261,11725,0.6546695095948827,0.049753578972072283,4,2,1065.25,2348,0.551044355785027,0.2755221778925135,0.5,0.9999859760295619,0.3125,0.6875,0.1875,0.5029125000000001,5,11,"['false_crack_high_fp', 'thin_low_area_failure', 'over_segmentation']",false_crack_high_fp,Low_Dice (<25%)
20160310_114505_641_1081,0.5727142561036925,0.4012611059508349,0.4013761464054127,0.9992862217480699,4200,6264,3,219933,4203,10464,0.5986238532110092,0.0007137758743754461,3,4,1401.0,1842,0.4382583868665239,0.21912919343326195,1.3333333333333333,0.9999818644599705,0.1875,0.8125,0.203125,0.5028625,3,13,['over_segmentation'],over_segmentation,Low_Dice (<25%)
20160310_114505_641_361,0.4611738768469695,0.299691998925799,0.30098554039206854,0.9858623916449991,4184,9717,60,216439,4244,13901,0.6990144593914107,0.01413760603204524,5,1,848.8,2457,0.5789349670122526,0.2894674835061263,0.2,0.9999791049529008,0.25,0.75,0.203125,0.5029625,4,12,"['false_crack_high_fp', 'thin_low_area_failure', 'over_segmentation', 'complex_topology']",false_crack_high_fp,Low_Dice (<25%)
20160310_114505_641_721,0.5635445002179398,0.392316016962197,0.3925638476738888,0.9983933876557417,4350,6731,7,219312,4357,11081,0.6074361519718438,0.001606610052788616,4,1,1089.25,1798,0.41266926784484737,0.20633463392242368,0.25,0.9999759257072849,0.25,0.75,0.1953125,0.5030125,4,12,['over_segmentation'],over_segmentation,Low_Dice (<25%)
20160316_142539_1281_361,0.8249831189567973,0.7021032057210629,0.8219860053525485,0.828002167487121,6109,1323,1269,221699,7378,7432,0.1780139935414424,0.17199783139062078,1,3,7378.0,1653,0.22404445649227434,0.11202222824613717,3.0,0.9999805186074752,0.3125,0.6875,0.1875,0.5029125,5,11,['boundary_margin_error'],boundary_margin_error,Medium_Dice (25-75%)
20160316_142539_1281_721,0.751626654363192,0.6020848306239506,0.637463844848939,0.9156007424121562,8375,4763,772,216490,9147,13138,0.36253615466585476,0.08439925658685908,2,4,4573.5,2578,0.2818410407783973,0.14092052038919864,2.0,0.9999633265858938,0.3125,0.6875,0.171875,0.5029874999999999,5,11,['boundary_margin_error'],boundary_margin_error,Medium_Dice (25-75%)
20160316_142539_1921_361,0.6711937335962639,0.5051103013028181,0.545608569412686,0.8718777284961767,9983,8314,1467,210636,11450,18297,0.45439143028911844,0.12812227074235807,7,2,1635.7142857142858,4030,0.3519650655021834,0.1759825327510917,0.2857142857142857,0.9999715956397883,0.3125,0.6875,0.15625,0.50285,5,11,['complex_topology'],complex_topology,Low_Dice (<25%)
20160316_142539_1_721,0.6666477802015218,0.4999787530276723,0.5244484062739254,0.9146455216770479,11766,10669,1098,206867,12864,22435,0.47555159349231113,0.0853544776119403,7,4,1837.7142857142858,4023,0.3127332089552239,0.15636660447761194,0.5714285714285714,0.9999660764707742,0.375,0.625,0.15625,0.5027875,6,10,['complex_topology'],complex_topology,Low_Dice (<25%)
20160316_142539_641_721,0.5581308708166447,0.38708843924882314,0.4227776656227464,0.8209644584147765,10487,14318,2287,203308,12774,24805,0.5772223342068131,0.17903554094253954,4,1,3193.5,4538,0.35525285736652573,0.17762642868326287,0.25,0.9999648177053833,0.375,0.625,0.1796875,0.5031,6,10,['moderate_general_error'],moderate_general_error,Low_Dice (<25%)
20160316_143445_1281_1,0.8715716433620568,0.7723765875210995,0.8188806883032714,0.9315097237081924,13315,2945,979,213161,14294,16260,0.18111931119311192,0.06849027564012873,1,2,14294.0,2297,0.16069679585840213,0.08034839792920107,2.0,0.9999805176961112,0.5,0.5,0.15625,0.5025625,8,8,['high_quality'],high_quality,High_Dice (>75%)
20160316_143445_1281_1081,0.793316136824811,0.6574349430159202,0.6908203111507416,0.9315248856162104,3537,1583,260,225020,3797,5120,0.3091796875,0.06847511193047143,4,2,949.25,1205,0.3173558072162233,0.15867790360811165,0.5,0.9999673570675329,0.375,0.625,0.2109375,0.5036375,6,10,['boundary_margin_error'],boundary_margin_error,Medium_Dice (25-75%)
20160316_143445_1281_361,0.8368853308254893,0.7195209148376112,0.7333292841410608,0.9744976184533148,12075,4391,316,213618,12391,16466,0.2666707154135795,0.025502380760229197,2,2,6195.5,2403,0.19393107900895812,0.09696553950447906,1.0,0.9999735287932678,0.5,0.5,0.203125,0.5028625,8,8,['boundary_margin_error'],boundary_margin_error,Medium_Dice (25-75%)
20160316_143445_1281_721,0.8325212521168045,0.7130932821058059,0.7763437737933373,0.8974631197488472,16061,4627,1835,207877,17896,20688,0.22365622583139985,0.10253687974966473,2,2,8948.0,4941,0.2760952168082253,0.13804760840411265,1.0,0.9999627481556912,0.375,0.625,0.140625,0.50295,6,10,['boundary_margin_error'],boundary_margin_error,Medium_Dice (25-75%)
20160316_143445_1921_1081,0.6904206693916516,0.527207976832473,0.5822386528889808,0.8479780033818559,7402,5311,1327,216360,8729,12713,0.41776134665303233,0.1520219956466949,2,1,4364.5,2735,0.31332340474281134,0.15666170237140567,0.5,0.9999654239528393,0.375,0.625,0.2109375,0.5037,6,10,['moderate_general_error'],moderate_general_error,Low_Dice (<25%)
20160316_143445_1_1081,0.8629309910369088,0.7589081966307634,0.8470807201733144,0.8793857409952347,8647,1561,1186,219006,9833,10208,0.1529192789968652,0.12061425811044442,1,1,9833.0,2466,0.2507881623105868,0.1253940811552934,1.0,0.9999693556575431,0.3125,0.6875,0.171875,0.5033,5,11,['high_quality'],high_quality,Medium_Dice (25-75%)
20160316_143445_1_721,0.48593140241943494,0.3209441125692312,0.34203932118153496,0.8388087902651649,3549,6827,682,219342,4231,10376,0.6579606784888203,0.16119120775230442,2,3,2115.5,1268,0.2996927440321437,0.14984637201607184,1.5,0.999965159665503,0.375,0.625,0.1875,0.5035875000000001,6,10,"['false_crack_high_fp', 'thin_low_area_failure', 'over_segmentation']",false_crack_high_fp,Low_Dice (<25%)
20160316_143445_641_361,0.8567110862954109,0.7493391005773139,0.7736972698315159,0.9596799005235663,9354,2736,393,217917,9747,12090,0.22630272952853597,0.04032009849184364,1,1,9747.0,2796,0.2868574946137273,0.14342874730686364,1.0,0.9999660927216899,0.4375,0.5625,0.15625,0.50285,7,9,['high_quality'],high_quality,Medium_Dice (25-75%)
20160316_143445_641_721,0.855866153561329,0.7480472291116738,0.7932196852612735,0.9292564583896463,8236,2147,627,219390,8863,10383,0.20678031397476646,0.07074354056188649,1,1,8863.0,2133,0.2406634322464177,0.12033171612320885,1.0,0.9999679846388103,0.375,0.625,0.171875,0.50345,6,10,['high_quality'],high_quality,Medium_Dice (25-75%)
20160316_143527_1281_1081,0.7641602523133372,0.6183328006270631,0.7166654322079918,0.8183970233189068,9680,3827,2148,214745,11828,13507,0.28333456726142,0.1816029759891782,4,4,2957.0,4261,0.360246871829557,0.1801234359147785,1.0,0.9999637560131402,0.375,0.625,0.140625,0.5032875,6,10,['boundary_margin_error'],boundary_margin_error,Medium_Dice (25-75%)
20160316_143527_1281_361,0.6325309983478761,0.46255600498707916,0.5851551941021452,0.688253966069035,2168,1537,982,225713,3150,3705,0.4148448043184885,0.31174603174603177,4,2,787.5,1101,0.3495238095238095,0.17476190476190476,0.5,0.9999752079471984,0.375,0.625,0.1875,0.5035499999999999,6,10,['moderate_general_error'],moderate_general_error,Low_Dice (<25%)
20160316_143527_1281_721,0.7409464976387415,0.588494846524912,0.6591915016748334,0.8458516726556621,17872,9240,3257,200031,21129,27112,0.3408084980820301,0.1541483269440106,7,3,3018.4285714285716,7452,0.35269061479483177,0.17634530739741588,0.42857142857142855,0.9999613476574911,0.5,0.5,0.1328125,0.5029875,8,8,"['complex_topology', 'boundary_margin_error']",complex_topology,Medium_Dice (25-75%)
20160316_143527_1921_361,0.6750910077094895,0.5095376449535512,0.5307935251146246,0.9271348110250146,8067,7131,634,214568,8701,15198,0.4692064745361232,0.07286518790943569,2,4,4350.5,4261,0.48971382599701185,0.24485691299850593,2.0,0.9999720338968427,0.3125,0.6875,0.15625,0.5030749999999999,5,11,['moderate_general_error'],moderate_general_error,Low_Dice (<25%)
20160316_143527_1_1,0.6389164185448098,0.46941747534836775,0.6269043753355976,0.6513977762979704,5802,3453,3105,218040,8907,9255,0.37309562398703405,0.3486022229706972,2,1,4453.5,3323,0.37307735488941285,0.18653867744470642,0.5,0.9999706129378383,0.3125,0.6875,0.1484375,0.5029250000000001,5,11,['moderate_general_error'],moderate_general_error,Low_Dice (<25%)
20160316_143527_1_361,0.6623459135057238,0.49515485370481693,0.500287962180288,0.9796992444372208,2606,2603,54,225137,2660,5209,0.499712036859282,0.02030075187969925,2,2,1330.0,1788,0.6721804511278195,0.3360902255639098,1.0,0.9999668052025412,0.4375,0.5625,0.1640625,0.503375,7,9,['moderate_general_error'],moderate_general_error,Low_Dice (<25%)
20160316_143527_641_1,0.8355024749474289,0.7174789615029111,0.7831037114589517,0.8954162554475262,8185,2267,956,218992,9141,10452,0.21689628779181017,0.10458374357291325,1,1,9141.0,2978,0.3257849250629034,0.1628924625314517,1.0,0.999974911014601,0.375,0.625,0.1484375,0.50285,6,10,['boundary_margin_error'],boundary_margin_error,Medium_Dice (25-75%)
20160316_143527_641_361,0.757228555779368,0.6093063686816863,0.6823981549155018,0.8504917608567558,13317,6198,2341,208544,15658,19515,0.3176018447348194,0.14950823860007664,8,2,1957.25,5907,0.37725124536977905,0.18862562268488953,0.25,0.999966518010565,0.3125,0.6875,0.1640625,0.502925,5,11,"['complex_topology', 'boundary_margin_error']",complex_topology,Medium_Dice (25-75%)
20160316_143527_641_721,0.6676242912236658,0.5010781019392931,0.6930086138286803,0.6440338712178078,4183,1853,2312,222052,6495,6036,0.3069913850231942,0.35596612779060816,3,1,2165.0,2013,0.3099307159353349,0.15496535796766744,0.3333333333333333,0.9999679736080678,0.4375,0.5625,0.1640625,0.5035125,7,9,['boundary_margin_error'],boundary_margin_error,Low_Dice (<25%)
20160316_143547_1281_1081,0.8757103294831556,0.7789009829473795,0.8361157461432506,0.9192413554015253,3005,589,264,226542,3269,3594,0.16388425153032832,0.08075864178647904,3,5,1089.6666666666667,774,0.23676965432854083,0.11838482716427041,1.6666666666666667,0.9999700475930589,0.3125,0.6875,0.1953125,0.5035625,5,11,['high_quality'],high_quality,High_Dice (>75%)
20160316_143547_1281_361,0.2831831827579832,0.1649466500525684,0.16705048686084945,0.9290640302555269,943,4702,72,224683,1015,5645,0.832949512843224,0.07093596059113301,1,2,1015.0,210,0.20689655172413793,0.10344827586206896,2.0,0.9999781383825717,0.4375,0.5625,0.1875,0.503625,7,9,"['false_crack_high_fp', 'thin_low_area_failure', 'over_segmentation']",false_crack_high_fp,Low_Dice (<25%)
20160316_143547_1281_721,0.886041246778533,0.7953986125753604,0.8288067759145173,0.9517669101589475,21331,4406,1081,203582,22412,25737,0.1711932237634534,0.04823308941638408,1,1,22412.0,4400,0.19632339817954667,0.09816169908977333,1.0,0.9999625772786268,0.3125,0.6875,0.15625,0.502825,5,11,['high_quality'],high_quality,High_Dice (>75%)
20160316_143547_1921_1081,0.8511912082562039,0.7409337518771653,0.7979856222665646,0.911998593685691,20758,5255,2003,202384,22761,26013,0.20201437742667128,0.08800140591362418,3,3,7587.0,5059,0.2222661570229779,0.11113307851148894,1.0,0.9999672961314326,0.375,0.625,0.15625,0.5030125,6,10,['high_quality'],high_quality,Medium_Dice (25-75%)
20160316_143547_1_1,0.7769474426370984,0.6352527027230311,0.7985334086866848,0.7564977837127215,12632,3187,4066,210515,16698,15819,0.2014665908085214,0.24350221583423165,1,1,16698.0,4621,0.2767397293088993,0.13836986465444964,1.0,0.9999741902957568,0.375,0.625,0.171875,0.5028250000000001,6,10,['boundary_margin_error'],boundary_margin_error,Medium_Dice (25-75%)
20160316_143547_641_1,0.8414111413075794,0.7262379013873768,0.7536916671370841,0.9522387988638896,1276,417,64,228643,1340,1693,0.24630832841110456,0.04776119402985075,1,1,1340.0,445,0.332089552238806,0.166044776119403,1.0,0.9999785573153541,0.4375,0.5625,0.15625,0.503325,7,9,['boundary_margin_error'],boundary_margin_error,Medium_Dice (25-75%)
20160316_143547_641_361,0.8857560497366392,0.7949390701446335,0.810823668860646,0.975948460289228,13634,3181,336,213249,13970,16815,0.18917633065715136,0.024051539012168933,2,1,6985.0,3890,0.278453829634932,0.139226914817466,0.5,0.9999698406243207,0.4375,0.5625,0.171875,0.502675,7,9,['high_quality'],high_quality,High_Dice (>75%)
20160316_143547_641_721,0.6716867436160304,0.5056689304182242,0.7319474755804434,0.6205936862653647,669,245,409,229077,1078,914,0.26805251641137856,0.37940630797773656,2,2,539.0,561,0.5204081632653061,0.2602040816326531,1.0,0.999967669049589,0.375,0.625,0.1875,0.5036875000000001,6,10,['boundary_margin_error'],boundary_margin_error,Low_Dice (<25%)
20160318_181632_1281_1081,0.8561338789742826,0.7484563649866456,0.7818495539288239,0.9460158070557162,19031,5310,1086,204973,20117,24341,0.2181504457499692,0.05398419247402694,1,1,20117.0,3066,0.1524084107968385,0.07620420539841925,1.0,0.999976883558463,0.25,0.75,0.1796875,0.5026875,4,12,['high_quality'],high_quality,Medium_Dice (25-75%)
20160318_181632_1281_361,0.8561202379451852,0.7484355142425886,0.8838269435178019,0.8300978617088347,31215,4103,6389,188693,37604,35318,0.11617305623194972,0.16990213807041804,8,1,4700.5,5071,0.13485267524731412,0.06742633762365706,0.125,0.999976262981659,0.375,0.625,0.1484375,0.5027125,6,10,"['complex_topology', 'high_quality']",complex_topology,Medium_Dice (25-75%)
20160318_181632_1281_721,0.8837561364035216,0.7917231755757262,0.8358355488501389,0.9375057350933717,20432,4013,1362,204593,21794,24445,0.16416445080793618,0.06249426447646141,1,2,21794.0,2539,0.1164999541158117,0.05824997705790585,2.0,0.9999759372110562,0.4375,0.5625,0.15625,0.5031625,7,9,['high_quality'],high_quality,High_Dice (>75%)
20160318_181632_1921_1,0.7641417099587574,0.6183085197682792,0.7656403201301426,0.7626489533841592,3904,1195,1215,224086,5119,5099,0.2343596783683075,0.23735104512600116,5,1,1023.8,1148,0.22426255127954678,0.11213127563977339,0.2,0.9999748487794933,0.3125,0.6875,0.203125,0.5034625,5,11,"['complex_topology', 'boundary_margin_error']",complex_topology,Medium_Dice (25-75%)
20160318_181632_1921_361,0.8853970755959883,0.794360983817998,0.901309288166457,0.8700369616191579,21891,2397,3270,202842,25161,24288,0.09869071146245059,0.12996303803505424,1,2,25161.0,3071,0.12205397241763045,0.06102698620881523,2.0,0.9999722946959565,0.4375,0.5625,0.1484375,0.5027874999999999,7,9,['high_quality'],high_quality,High_Dice (>75%)
20160318_181632_1_1,0.9395921859711424,0.8860668259330391,0.9212853328973095,0.958641339646723,30735,2626,1326,195713,32061,33361,0.07871466682653398,0.041358660054271544,1,1,32061.0,3190,0.0994978322572596,0.0497489161286298,1.0,0.9999745617145811,0.375,0.625,0.171875,0.5025875,6,10,['high_quality'],high_quality,High_Dice (>75%)
20160318_181632_1_361,0.7965306114321117,0.6618619625879906,0.7164096903149603,0.8968290420569186,3903,1545,449,224503,4352,5448,0.28359030837004406,0.10317095588235294,2,4,2176.0,534,0.12270220588235294,0.06135110294117647,2.0,0.9999758034548074,0.375,0.625,0.15625,0.5033875,6,10,['boundary_margin_error'],boundary_margin_error,Medium_Dice (25-75%)
20160318_181632_641_1,0.9108318354062801,0.8362637332004991,0.9457332189489095,0.8784147715336099,2283,131,316,227670,2599,2414,0.054266777133388566,0.12158522508657175,2,1,1299.5,488,0.1877645248172374,0.0938822624086187,0.5,0.9999806837364678,0.375,0.625,0.1640625,0.5034875000000001,6,10,['high_quality'],high_quality,High_Dice (>75%)
20160318_181632_641_361,0.9208353819879357,0.853285371498013,0.9408995951712458,0.9016090204227519,35582,2235,3883,188700,39465,37817,0.05910040457995082,0.09839097934879007,1,1,39465.0,3248,0.08230077283669074,0.04115038641834537,1.0,0.999976899101377,0.3125,0.6875,0.171875,0.50265,5,11,['high_quality'],high_quality,High_Dice (>75%)
20160318_181632_641_721,0.2069887678668312,0.11544198059516558,0.11554538205061168,0.9923076838264301,1161,8887,9,220343,1170,10048,0.8844546178343949,0.007692307692307693,1,3,1170.0,668,0.5709401709401709,0.28547008547008546,3.0,0.9999788154199024,0.5,0.5,0.1640625,0.503275,8,8,"['false_crack_high_fp', 'thin_low_area_failure', 'over_segmentation']",false_crack_high_fp,Low_Dice (<25%)
20160321_183947_1281_361,0.7689059486201422,0.6245712484422474,0.661929938328057,0.9171245379252538,2003,1023,181,227193,2184,3026,0.33807005948446794,0.08287545787545787,1,2,2184.0,385,0.1762820512820513,0.08814102564102565,2.0,0.9999825563696771,0.375,0.625,0.15625,0.503225,6,10,['boundary_margin_error'],boundary_margin_error,Medium_Dice (25-75%)
20160321_183947_1281_721,0.9244621213046158,0.8595346938649696,0.9104339509266773,0.93892935496074,29519,2904,1920,196057,31439,32423,0.08956604879252382,0.0610706447406088,1,2,31439.0,3118,0.09917618244855116,0.04958809122427558,2.0,0.9999803836073005,0.5625,0.4375,0.1484375,0.502675,9,7,['high_quality'],high_quality,High_Dice (>75%)
20160321_183947_1921_721,0.9096072985466708,0.8342015654858118,0.8694755358784615,0.9536229952246913,28664,4303,1394,196039,30058,32967,0.1305244638577972,0.04637700445804777,1,1,30058.0,3092,0.10286778894138,0.05143389447069,1.0,0.9999807026961278,0.3125,0.6875,0.1796875,0.50275,5,11,['high_quality'],high_quality,High_Dice (>75%)
20160321_183947_1_721,0.8698588638727631,0.7696904714517268,0.8264603188022156,0.9180678433229762,43790,9195,3908,173507,47698,52985,0.17353968104180428,0.08193215648454862,1,3,47698.0,3492,0.07321061679735,0.036605308398675,3.0,0.9999812530851486,0.4375,0.5625,0.1640625,0.5022125,7,9,['high_quality'],high_quality,High_Dice (>75%)
20160321_183947_641_721,0.885471784146884,0.7944812626112829,0.7999951464971256,0.9913992719479747,32967,8242,286,188905,33253,41209,0.20000485330874324,0.008600727753886867,1,1,33253.0,3297,0.0991489489670105,0.04957447448350525,1.0,0.9999758139472704,0.5,0.5,0.140625,0.5023625,8,8,['high_quality'],high_quality,High_Dice (>75%)
20160321_185557_1281_721,0.8626848542703576,0.7585275352302671,0.8257742184020359,0.9030495598469216,23305,4917,2502,199676,25807,28222,0.17422578130536462,0.09695043980315418,3,1,8602.333333333334,3922,0.1519742705467509,0.07598713527337544,0.3333333333333333,0.9999720608978491,0.25,0.75,0.1875,0.50305,4,12,['high_quality'],high_quality,Medium_Dice (25-75%)
20160321_185557_1921_1,0.8497207195452963,0.7387081850325974,0.7945614319395113,0.9131097552276013,9584,2478,912,217426,10496,12062,0.2054385674017576,0.08689024390243902,1,1,10496.0,2096,0.19969512195121952,0.09984756097560976,1.0,0.9999795365359849,0.25,0.75,0.1796875,0.503725,4,12,['boundary_margin_error'],boundary_margin_error,Medium_Dice (25-75%)
20160321_185557_1921_1081,0.8024795964846454,0.6701176816102207,0.7462055231432317,0.8679336283350052,8997,3060,1369,216974,10366,12057,0.2537944762378701,0.13206637082770598,1,1,10366.0,1930,0.18618560679143353,0.09309280339571677,1.0,0.9999805550164451,0.3125,0.6875,0.171875,0.503625,5,11,['boundary_margin_error'],boundary_margin_error,Medium_Dice (25-75%)
20160321_185557_1921_361,0.737151602731935,0.5837213748907818,0.5952644242533894,0.9678476986061897,9151,6222,304,214723,9455,15373,0.40473557535939636,0.03215230037017451,2,2,4727.5,2665,0.28186144896879956,0.14093072448439978,1.0,0.9999784311539223,0.25,0.75,0.1953125,0.50325,4,12,['moderate_general_error'],moderate_general_error,Medium_Dice (25-75%)
20160321_185557_1921_721,0.8927370302517464,0.8062556543859843,0.8453147229333577,0.9457963759586854,24952,4566,1430,199452,26382,29518,0.15468527678026966,0.05420362368281404,1,4,26382.0,3311,0.1255022363732848,0.0627511181866424,4.0,0.9999773610821414,0.3125,0.6875,0.1796875,0.5030875,5,11,['high_quality'],high_quality,High_Dice (>75%)
20160321_185557_1_361,0.33987111188025904,0.2047257380510958,0.2058723689649145,0.9735152409830238,1213,4679,33,224475,1246,5892,0.7941276306856755,0.026484751203852328,1,3,1246.0,314,0.2520064205457464,0.1260032102728732,3.0,0.9999804265743615,0.25,0.75,0.203125,0.5037624999999999,4,12,"['false_crack_high_fp', 'thin_low_area_failure', 'over_segmentation']",false_crack_high_fp,Low_Dice (<25%)
20160321_185557_1_721,0.8236313802563584,0.7001473572423643,0.720403228815964,0.9613912277363058,17580,6823,706,205291,18286,24403,0.2795967708888251,0.0386087717379416,1,1,18286.0,3861,0.21114513835721316,0.10557256917860658,1.0,0.9999782822681618,0.3125,0.6875,0.1796875,0.503025,5,11,['boundary_margin_error'],boundary_margin_error,Medium_Dice (25-75%)
20160321_185557_641_721,0.9066561818523853,0.8292507505904934,0.8995410734742812,0.9138847440722283,19601,2189,1847,206763,21448,21790,0.10045892611289582,0.08611525550167848,1,2,21448.0,3301,0.1539071242073853,0.07695356210369265,2.0,0.9999708477129863,0.3125,0.6875,0.15625,0.5029124999999999,5,11,['high_quality'],high_quality,High_Dice (>75%)
20160324_170347_1281_1,0.8792694320275621,0.7845502363857947,0.8639253908945522,0.895168373506342,6114,963,716,222607,6830,7077,0.1360746078846969,0.1048316251830161,2,1,3415.0,2141,0.31346998535871157,0.15673499267935578,0.5,0.9999877466466132,0.4375,0.5625,0.1640625,0.5026625,7,9,['high_quality'],high_quality,High_Dice (>75%)
20160324_170347_1281_1081,0.8272635664119307,0.7054130346073242,0.8585300256072154,0.7981944433358411,5747,947,1453,222253,7200,6694,0.14146997311024798,0.20180555555555554,1,1,7200.0,2631,0.36541666666666667,0.18270833333333333,1.0,0.9999786565672356,0.125,0.875,0.21875,0.5033125,2,14,['boundary_margin_error'],boundary_margin_error,Medium_Dice (25-75%)
20160324_170347_1281_361,0.8096344568945115,0.6801561600836449,0.7159466766403261,0.9315336451075461,7143,2834,525,219898,7668,9977,0.2840533226420768,0.06846635367762129,5,1,1533.6,2600,0.33907146583202924,0.16953573291601462,0.2,0.9999848839269574,0.375,0.625,0.21875,0.50265,6,10,"['complex_topology', 'boundary_margin_error']",complex_topology,Medium_Dice (25-75%)
20160324_170347_1281_721,0.7875383522362339,0.6495367121003374,0.7615482921658314,0.8153650661564216,8342,2612,1889,217557,10231,10954,0.23845170713894467,0.184634933046623,1,1,10231.0,4382,0.4283061284331932,0.2141530642165966,1.0,0.9999809091515761,0.4375,0.5625,0.1953125,0.5028,7,9,['boundary_margin_error'],boundary_margin_error,Medium_Dice (25-75%)
20160324_170347_641_1,0.7131657195009926,0.5542016795079797,0.573229029610541,0.9434906976270003,2638,1964,158,225640,2796,4602,0.4267709691438505,0.056509298998569386,1,1,2796.0,2183,0.780758226037196,0.390379113018598,1.0,0.9999861045941081,0.4375,0.5625,0.2265625,0.5026375,7,9,['moderate_general_error'],moderate_general_error,Medium_Dice (25-75%)
20160324_170347_641_361,0.7356561250372504,0.5818481345187237,0.60139318792354,0.9470989738003438,3885,2575,217,223723,4102,6460,0.39860681114551083,0.052901023890784986,3,1,1367.3333333333333,2940,0.7167235494880546,0.3583617747440273,0.3333333333333333,0.9999821048962692,0.4375,0.5625,0.203125,0.5026125,7,9,['boundary_margin_error'],boundary_margin_error,Medium_Dice (25-75%)
20160324_170347_641_721,0.7966021695821894,0.661960782583109,0.7148503650060689,0.8994671371244506,2532,1010,283,226575,2815,3542,0.28514963297571994,0.10053285968028419,1,1,2815.0,1498,0.5321492007104796,0.2660746003552398,1.0,0.999979395165765,0.3125,0.6875,0.171875,0.503175,5,11,['boundary_margin_error'],boundary_margin_error,Medium_Dice (25-75%)
20160326_141808_1281_1,0.2800425379085129,0.16281945576024778,0.20562207162350643,0.4388888879135803,1975,7630,2525,218270,4500,9605,0.7943779281624154,0.5611111111111111,4,7,1125.0,1265,0.2811111111111111,0.14055555555555554,1.75,0.9999754674238382,0.5,0.5,0.15625,0.503725,8,8,"['false_crack_high_fp', 'thin_low_area_failure', 'over_segmentation']",false_crack_high_fp,Low_Dice (<25%)
20160326_141808_641_1,0.9057394180739864,0.8277182172456492,0.8296239383758716,0.9972324631251618,1081,222,3,229094,1084,1303,0.170376055257099,0.0027675276752767526,1,1,1084.0,178,0.16420664206642066,0.08210332103321033,1.0,0.9999756731073427,0.5,0.5,0.171875,0.5037375,8,8,['high_quality'],high_quality,High_Dice (>75%)
20160326_141808_641_361,0.7739776948076312,0.6312916914559644,0.6774036109668101,0.9026663766500473,8328,3966,898,217208,9226,12294,0.3225963884821864,0.09733362237155864,1,2,9226.0,1956,0.21200953826143507,0.10600476913071753,2.0,0.9999701512593789,0.5625,0.4375,0.15625,0.503475,9,7,['boundary_margin_error'],boundary_margin_error,Medium_Dice (25-75%)
20160326_141808_641_721,0.2957531313822659,0.17353890262514773,0.506629446941279,0.2088307202519334,1452,1414,5501,222033,6953,2866,0.4933705512909979,0.7911692794477204,4,2,1738.25,1926,0.27700273263339564,0.13850136631669782,0.5,0.9999659155362717,0.5,0.5,0.171875,0.5036625,8,8,"['missed_crack_high_fn', 'thin_low_area_failure']",missed_crack_high_fn,Low_Dice (<25%)
20160326_142521_1281_1,0.47322877205341873,0.30995394947931,0.8449208172172252,0.32865084109927073,4375,803,8937,216285,13312,5178,0.15507918115102357,0.6713491586538461,1,2,13312.0,1582,0.11884014423076923,0.059420072115384616,2.0,0.9999832019336431,0.4375,0.5625,0.15625,0.5035499999999999,7,9,['missed_crack_high_fn'],missed_crack_high_fn,Low_Dice (<25%)
20160326_142521_1281_1081,0.3623002014288073,0.22122503876772484,0.4571163632029839,0.3000608633595226,986,1171,2300,225943,3286,2157,0.5428836346777932,0.699939135727328,2,1,1643.0,933,0.2839318320146074,0.1419659160073037,0.5,0.9999772791283632,0.3125,0.6875,0.203125,0.5036,5,11,"['missed_crack_high_fn', 'thin_low_area_failure']",missed_crack_high_fn,Low_Dice (<25%)
20160326_142521_1281_361,0.6102684607204526,0.439126869810282,0.8953196805363149,0.46289294537874803,4285,501,4972,220642,9257,4786,0.10468031759297952,0.5371070541212056,1,5,9257.0,1801,0.19455547153505456,0.09727773576752728,5.0,0.9999804965461402,0.5,0.5,0.1875,0.5036625,8,8,['fragmented_prediction'],fragmented_prediction,Low_Dice (<25%)
20160326_142521_1281_721,0.7387492073004706,0.5857274473693547,0.8941311841271817,0.6293762931964934,6993,828,4118,218461,11111,7821,0.10586881472957423,0.37062370623706237,1,2,11111.0,1846,0.16614166141661416,0.08307083070830708,2.0,0.9999761808946088,0.5,0.5,0.1875,0.5035375000000001,8,8,['boundary_margin_error'],boundary_margin_error,Medium_Dice (25-75%)
20160326_142521_641_1,0.0,0.0,0.0,0.0,0,1000,1355,228045,1355,1000,1.0,1.0,1,2,1355.0,291,0.21476014760147602,0.10738007380073801,2.0,0.9999840377636708,0.5,0.5,0.1953125,0.5032125,8,8,"['missed_crack_high_fn', 'false_crack_high_fp', 'thin_low_area_failure']",missed_crack_high_fn,Low_Dice (<25%)
20160326_142521_641_1081,0.0,0.0,0.0,0.0,0,2032,2487,225881,2487,2032,1.0,1.0,2,2,1243.5,797,0.32046642541214315,0.16023321270607158,1.0,0.9999801070872718,0.4375,0.5625,0.15625,0.503425,7,9,"['missed_crack_high_fn', 'false_crack_high_fp', 'thin_low_area_failure']",missed_crack_high_fn,Low_Dice (<25%)
20160326_142745_1281_1081,0.7690137222405878,0.624713480673654,0.9115232565779164,0.6650399275398405,2998,291,1510,225601,4508,3289,0.0884767406506537,0.3349600709849157,2,1,2254.0,1217,0.2699645075421473,0.13498225377107365,0.5,0.9999838988441869,0.4375,0.5625,0.15625,0.503425,7,9,['boundary_margin_error'],boundary_margin_error,Medium_Dice (25-75%)
20160326_142745_1281_361,0.2863067570351757,0.1670700157163732,0.9018017977396314,0.17016574571171633,2002,218,9763,218417,11765,2220,0.0981981981981982,0.8298342541436464,1,1,11765.0,1303,0.11075223119422015,0.05537611559711007,1.0,0.9999868456951071,0.4375,0.5625,0.15625,0.5032125,7,9,['missed_crack_high_fn'],missed_crack_high_fn,Low_Dice (<25%)
20160326_142745_1281_721,0.7113727551432701,0.5520392013924561,0.8905632403733834,0.5922133388499544,10815,1329,7447,210809,18262,12144,0.10943675889328064,0.40778666082575843,1,3,18262.0,3193,0.17484393823239514,0.08742196911619757,3.0,0.9999806220194568,0.375,0.625,0.1640625,0.5027625,6,10,['moderate_general_error'],moderate_general_error,Medium_Dice (25-75%)
20160326_142745_1921_1081,0.6413861919247155,0.4720886745832149,0.7434279689938423,0.5639757489406897,3535,1220,2733,222912,6268,4755,0.2565720294426919,0.43602425015954055,2,1,3134.0,2013,0.3211550733886407,0.16057753669432034,0.5,0.9999803651838951,0.375,0.625,0.1640625,0.5031875000000001,6,10,['moderate_general_error'],moderate_general_error,Low_Dice (<25%)
20160326_142745_1_1,0.5524227887612969,0.38161887633515895,0.9263379420830758,0.3935619848032433,6162,490,9495,214253,15657,6652,0.07366205652435358,0.6064380149453918,1,1,15657.0,3472,0.2217538481190522,0.1108769240595261,1.0,0.9999840209675971,0.375,0.625,0.171875,0.5027625,6,10,['moderate_general_error'],moderate_general_error,Low_Dice (<25%)
20160326_142745_641_361,0.857220627324255,0.7501190936944614,0.8773236079231507,0.8380182878523305,17321,2422,3348,207309,20669,19743,0.12267639163247733,0.16198171174222264,1,1,20669.0,4010,0.19401035366974698,0.09700517683487349,1.0,0.9999818604913917,0.4375,0.5625,0.1484375,0.502825,7,9,['high_quality'],high_quality,Medium_Dice (25-75%)
20160328_151020_1281_361,0.5845940702176242,0.41302219943893265,0.4265841722566282,0.928527417543766,10549,14180,812,204859,11361,24729,0.5734158275708682,0.07147258163894023,6,1,1893.5,3906,0.3438077634011091,0.17190388170055454,0.16666666666666666,0.9999768472119654,0.3125,0.6875,0.1796875,0.5027874999999999,5,11,"['over_segmentation', 'complex_topology']",over_segmentation,Low_Dice (<25%)
20160328_151020_1921_361,0.5172011336305227,0.34880059956941506,0.3571538223990045,0.937160119902155,9306,16750,624,203720,9930,26056,0.6428461774639238,0.06283987915407856,1,2,9930.0,4010,0.4038267875125881,0.20191339375629405,2.0,0.9999750468909744,0.3125,0.6875,0.1875,0.50275,5,11,['over_segmentation'],over_segmentation,Low_Dice (<25%)
20160328_151020_1_1,0.6742622601197692,0.5085940000325276,0.5166094341165337,0.9703965229695841,14292,13373,436,202299,14728,27665,0.4833905656967287,0.029603476371537207,1,1,14728.0,4702,0.3192558392178164,0.1596279196089082,1.0,0.9999803251630528,0.375,0.625,0.1640625,0.502775,6,10,['moderate_general_error'],moderate_general_error,Low_Dice (<25%)
20160328_151020_1_361,0.35417761406057696,0.21519795640549333,0.2161468770815787,0.9800072665212385,2696,9777,55,217872,2751,12473,0.7838531227451295,0.019992729916394038,1,3,2751.0,1264,0.45946928389676484,0.22973464194838242,3.0,0.9999706694295483,0.5625,0.4375,0.15625,0.502875,9,7,"['false_crack_high_fp', 'thin_low_area_failure', 'over_segmentation']",false_crack_high_fp,Low_Dice (<25%)
20160328_151020_641_361,0.5790156059644583,0.40747499296602124,0.4296913973133124,0.8874006463241086,6029,8002,765,215604,6794,14031,0.5703086023804433,0.112599352369738,5,3,1358.8,2741,0.4034442154842508,0.2017221077421254,0.6,0.9999719529232652,0.4375,0.5625,0.1640625,0.5028375,7,9,"['over_segmentation', 'complex_topology']",over_segmentation,Low_Dice (<25%)
20160328_151020_641_721,0.7062934954037617,0.5459456939378949,0.5566794887416634,0.9658866175297572,11722,9335,414,208929,12136,21057,0.44332051099396874,0.03411338167435728,1,1,12136.0,3877,0.3194627554383652,0.1597313777191826,1.0,0.9999629310440478,0.375,0.625,0.1484375,0.5029374999999999,6,10,['moderate_general_error'],moderate_general_error,Low_Dice (<25%)
20160328_151057_1281_1,0.8244109229770178,0.7012747388438868,0.7861978172504742,0.8665284956134125,4181,1137,644,224438,4825,5318,0.21380218127115458,0.13347150259067359,3,1,1608.3333333333333,1961,0.40642487046632125,0.20321243523316063,0.3333333333333333,0.999990801543768,0.3125,0.6875,0.203125,0.50295,5,11,['boundary_margin_error'],boundary_margin_error,Medium_Dice (25-75%)
20160328_151057_1281_1081,0.5222317592083847,0.35339219289801094,0.36571291131796957,0.9129651833344382,3042,5276,290,221792,3332,8318,0.6342870882423659,0.08703481392557023,4,5,833.0,2058,0.6176470588235294,0.3088235294117647,1.25,0.9999791343955877,0.25,0.75,0.203125,0.50315,4,12,"['thin_low_area_failure', 'over_segmentation']",thin_low_area_failure,Low_Dice (<25%)
20160328_151057_1281_361,0.8200405799749957,0.6949735440542678,0.7552105781871344,0.8970462678896257,5254,1703,603,222840,5857,6957,0.24478942072732499,0.1029537305787946,2,1,2928.5,2153,0.3675943315690627,0.18379716578453134,0.5,0.9999869989692294,0.3125,0.6875,0.1796875,0.503,5,11,['boundary_margin_error'],boundary_margin_error,Medium_Dice (25-75%)
20160328_151057_1281_721,0.8293624856427536,0.7084707908904884,0.8213592228176763,0.8375232490325054,13959,3036,2708,210697,16667,16995,0.1786407766990291,0.1624767504649907,2,3,8333.5,5496,0.32975340493190136,0.16487670246595068,1.5,0.9999808337499582,0.375,0.625,0.15625,0.5026125,6,10,['boundary_margin_error'],boundary_margin_error,Medium_Dice (25-75%)
20160328_151057_1921_721,0.836084849801945,0.7183383167232374,0.8937154339932475,0.7854365493235803,8888,1057,2428,218027,11316,9945,0.10628456510809452,0.2145634499823259,1,2,11316.0,3174,0.2804878048780488,0.1402439024390244,2.0,0.9999807355836409,0.3125,0.6875,0.1796875,0.5028625,5,11,['boundary_margin_error'],boundary_margin_error,Medium_Dice (25-75%)
20160328_151057_641_1081,0.7308692415203666,0.5758817494864895,0.6299023521211744,0.8703826567786273,3935,2312,586,223567,4521,6247,0.37009764687049784,0.12961734129617342,2,2,2260.5,2225,0.49214775492147755,0.24607387746073878,1.0,0.9999836454112863,0.25,0.75,0.203125,0.5030749999999999,4,12,['boundary_margin_error'],boundary_margin_error,Medium_Dice (25-75%)
20160328_151057_641_721,0.7875795105560935,0.6495927093060987,0.7416456482634842,0.8395788707359406,4705,1639,899,223157,5604,6344,0.2583543505674653,0.16042112776588152,2,1,2802.0,1913,0.3413633119200571,0.17068165596002854,0.5,0.99998353856937,0.25,0.75,0.203125,0.503325,4,12,['boundary_margin_error'],boundary_margin_error,Medium_Dice (25-75%)
20160328_151244_1281_1081,0.785517177370957,0.6467915088914262,0.6564008912169119,0.9778669244349762,21207,11101,480,197612,21687,32308,0.34359910857991827,0.022133075114123667,1,5,21687.0,1886,0.08696454096924425,0.043482270484622124,5.0,0.9999863339093418,0.375,0.625,0.1796875,0.502275,6,10,['boundary_margin_error'],boundary_margin_error,Medium_Dice (25-75%)
20160328_151244_1281_361,0.8882515660059694,0.7989681288012851,0.8666746047206976,0.9109303291986106,21835,3359,2135,203071,23970,25194,0.13332539493530204,0.08906967042136003,1,1,23970.0,3379,0.14096787651230705,0.07048393825615352,1.0,0.9999895537237902,0.375,0.625,0.171875,0.5024124999999999,6,10,['high_quality'],high_quality,High_Dice (>75%)
20160328_151244_1281_721,0.8350685626338381,0.7168392369270047,0.8015518360412837,0.8715106005142423,39462,9770,5818,175350,45280,49232,0.1984481637959051,0.12848939929328623,6,4,7546.666666666667,6598,0.1457155477031802,0.0728577738515901,0.6666666666666666,0.9999876188520507,0.4375,0.5625,0.171875,0.502275,7,9,"['complex_topology', 'boundary_margin_error']",complex_topology,Medium_Dice (25-75%)
20160328_151244_1921_1081,0.7404462468637353,0.5878639518321773,0.7584773923562543,0.7232524952872841,4563,1453,1746,222638,6309,6016,0.24152260638297873,0.2767475035663338,3,2,2103.0,1675,0.26549373910286894,0.13274686955143447,0.6666666666666666,0.9999905531909246,0.4375,0.5625,0.1875,0.5030125,7,9,['boundary_margin_error'],boundary_margin_error,Medium_Dice (25-75%)
20160328_151244_1921_361,0.8689596959973769,0.7682835818690344,0.906771909310352,0.8341747691242287,26767,2752,5321,195560,32088,29519,0.09322809038246553,0.16582523061580653,2,1,16044.0,3054,0.09517576664173523,0.047587883320867615,0.5,0.9999875561600386,0.375,0.625,0.171875,0.5027,6,10,['high_quality'],high_quality,High_Dice (>75%)
20160328_151244_1921_721,0.8807452077449122,0.7869032268965106,0.8270066938687874,0.941952871042786,40893,8554,2520,178433,43413,49447,0.17299330596396142,0.058047128740239096,4,2,10853.25,5681,0.1308594199894041,0.06542970999470205,0.5,0.9999875904602349,0.4375,0.5625,0.1484375,0.50265,7,9,['high_quality'],high_quality,High_Dice (>75%)
20160328_151244_1_1,0.8597711217836114,0.7540338069042023,0.8978043756583806,0.8248292765453233,23553,2681,5002,199164,28555,26234,0.1021956239993901,0.17517072316582036,1,1,28555.0,4036,0.1413412712309578,0.0706706356154789,1.0,0.9999856976017539,0.5,0.5,0.15625,0.5021625000000001,8,8,['high_quality'],high_quality,Medium_Dice (25-75%)
20160328_151244_1_1081,0.8431816616270801,0.7288799231978169,0.852720709532592,0.8338536706476807,6143,1061,1224,221972,7367,7204,0.14727928928373127,0.1661463282204425,1,1,7367.0,1519,0.20618976516899687,0.10309488258449843,1.0,0.9999845484480705,0.3125,0.6875,0.1875,0.502475,5,11,['boundary_margin_error'],boundary_margin_error,Medium_Dice (25-75%)
20160328_151244_1_721,0.8929710107193379,0.8066374226564591,0.8661623366323331,0.9214922044333407,18205,2813,1551,207831,19756,21018,0.1338376629555619,0.07850779510022271,1,1,19756.0,2941,0.14886616724033205,0.07443308362016603,1.0,0.99998803072329,0.3125,0.6875,0.1875,0.5022625000000001,5,11,['high_quality'],high_quality,High_Dice (>75%)
20160328_151244_641_1,0.8927520483288622,0.8062801534032709,0.88347296228508,0.9022281187252468,19720,2601,2137,205942,21857,22321,0.11652703731911652,0.09777188086196642,1,2,21857.0,3341,0.15285720821704718,0.07642860410852359,2.0,0.9999873049362162,0.4375,0.5625,0.1796875,0.502275,7,9,['high_quality'],high_quality,High_Dice (>75%)
20160328_151244_641_361,0.8946478224651985,0.8093780793560983,0.8699336562023005,0.9208072696088709,15604,2333,1342,211121,16946,17937,0.13006634331270558,0.07919272984775168,1,1,16946.0,2183,0.12882096069868995,0.06441048034934498,1.0,0.9999885830478834,0.375,0.625,0.1875,0.502475,6,10,['high_quality'],high_quality,High_Dice (>75%)
20160328_151244_641_721,0.8859265116233206,0.7952137097474667,0.8755326471640772,0.8965701217803791,47052,6689,5428,171231,52480,53741,0.12446735267300571,0.10342987804878048,1,1,52480.0,5253,0.1000952743902439,0.05004763719512195,1.0,0.9999882598532976,0.25,0.75,0.21875,0.5021625000000001,4,12,['high_quality'],high_quality,High_Dice (>75%)
20160328_151752_1281_361,0.754151935365236,0.6053321883887384,0.7834567896398416,0.7269603065886017,12692,3508,4767,209433,17459,16200,0.2165432098765432,0.2730396929950169,2,1,8729.5,2428,0.13906867518185462,0.06953433759092731,0.5,0.9999877265923367,0.4375,0.5625,0.15625,0.5022125,7,9,['boundary_margin_error'],boundary_margin_error,Medium_Dice (25-75%)
20160328_151752_1281_721,0.8111211840351155,0.6822572436676955,0.8782722498719367,0.7535092634004643,5368,744,1756,222532,7124,6112,0.12172774869109948,0.24649073554183043,1,2,7124.0,1432,0.20101066816395283,0.10050533408197641,2.0,0.9999831035747547,0.375,0.625,0.203125,0.502675,6,10,['boundary_margin_error'],boundary_margin_error,Medium_Dice (25-75%)
20160328_151752_1921_721,0.7802260270640957,0.6396480367474561,0.8878538524619087,0.695870852317729,17156,2167,7498,203579,24654,19323,0.11214614707861098,0.30412914740001623,4,1,6163.5,4532,0.18382412590249048,0.09191206295124524,0.25,0.9999847922905187,0.4375,0.5625,0.15625,0.5026625,7,9,['boundary_margin_error'],boundary_margin_error,Medium_Dice (25-75%)
20160328_151752_1_361,0.7473900238697867,0.5966661914818511,0.6395194947370867,0.8990339886232315,12564,7082,1411,209343,13975,19646,0.3604805049373918,0.1009660107334526,1,1,13975.0,2708,0.19377459749552772,0.09688729874776386,1.0,0.9999848466125226,0.25,0.75,0.1875,0.5022,4,12,['boundary_margin_error'],boundary_margin_error,Medium_Dice (25-75%)
20160328_151752_1_721,0.46124114137590483,0.29974881300656203,0.2999162236807701,0.9981412546641147,1074,2507,2,226817,1076,3581,0.700083775481709,0.0018587360594795538,5,2,215.2,573,0.5325278810408922,0.2662639405204461,0.4,0.9999836904082466,0.3125,0.6875,0.1796875,0.502875,5,11,"['false_crack_high_fp', 'thin_low_area_failure', 'over_segmentation', 'complex_topology']",false_crack_high_fp,Low_Dice (<25%)
20160328_151752_641_361,0.7901325646593353,0.6530736687171487,0.7634662504952255,0.8187290965987917,17136,5309,3794,204161,20930,22445,0.23653374916462463,0.18127090301003346,5,1,4186.0,3827,0.18284758719541327,0.09142379359770664,0.2,0.999986494783546,0.5,0.5,0.15625,0.502075,8,8,"['complex_topology', 'boundary_margin_error']",complex_topology,Medium_Dice (25-75%)
20160328_152022_1281_721,0.8972791523494019,0.8136956458754724,0.8417160188237134,0.9606963858610207,29136,5479,1192,194593,30328,34615,0.1582839809331215,0.039303613822210495,1,1,30328.0,3008,0.09918227380638354,0.04959113690319177,1.0,0.9999846720695982,0.4375,0.5625,0.1640625,0.50215,7,9,['high_quality'],high_quality,High_Dice (>75%)
20160328_152022_1921_1,0.819254031845134,0.6938444457493004,0.7358746824195267,0.9239427001774185,8127,2917,669,218687,8796,11044,0.2641253169141615,0.07605729877216917,1,3,8796.0,850,0.09663483401546158,0.04831741700773079,3.0,0.999986317519703,0.3125,0.6875,0.203125,0.50305,5,11,['boundary_margin_error'],boundary_margin_error,Medium_Dice (25-75%)
20160328_152022_1921_361,0.7575335920837503,0.6097014673855176,0.6617561681198272,0.8857267734030757,18238,9322,2353,200487,20591,27560,0.33824383164005806,0.1142732261667719,3,2,6863.666666666667,3230,0.15686464960419602,0.07843232480209801,0.6666666666666666,0.9999854953871598,0.375,0.625,0.1796875,0.5024124999999999,6,10,['boundary_margin_error'],boundary_margin_error,Medium_Dice (25-75%)
20160328_152022_1921_721,0.8620491763289414,0.7575451929881719,0.7859615223489,0.9544477019018107,9764,2659,466,217511,10230,12423,0.21403847701843354,0.045552297165200394,1,1,10230.0,1710,0.16715542521994134,0.08357771260997067,1.0,0.9999852122836402,0.4375,0.5625,0.1484375,0.5029874999999999,7,9,['high_quality'],high_quality,Medium_Dice (25-75%)
20160328_152022_1_1081,0.6905546932260693,0.5273642890266131,0.5650242001388366,0.88779453822741,7121,5482,900,216897,8021,12603,0.4349757994128382,0.1122054606657524,1,5,8021.0,2299,0.28662261563396085,0.14331130781698043,5.0,0.9999879788222963,0.3125,0.6875,0.1796875,0.5025375000000001,5,11,['fragmented_prediction'],fragmented_prediction,Low_Dice (<25%)
20160328_152022_1_361,0.6697832544697787,0.5035143759243571,0.5210491502732001,0.9373513047686307,2364,2173,158,225705,2522,4537,0.47895084857835574,0.0626486915146709,2,1,1261.0,818,0.32434575733544807,0.16217287866772404,0.5,0.9999876994830521,0.3125,0.6875,0.1875,0.5028,5,11,['moderate_general_error'],moderate_general_error,Low_Dice (<25%)
20160328_152022_1_721,0.7089666544662622,0.549146663731727,0.6293933047809693,0.8115726992020871,6017,3543,1397,219443,7414,9560,0.37060669456066947,0.1884272997032641,2,3,3707.0,1733,0.23374696520097113,0.11687348260048556,1.5,0.9999879635893255,0.3125,0.6875,0.1640625,0.5029125,5,11,['boundary_margin_error'],boundary_margin_error,Medium_Dice (25-75%)
20160328_152022_641_361,0.8254626847121628,0.7027981776039797,0.7753050965155855,0.8825589534890503,15120,4382,2012,208886,17132,19502,0.22469490308686288,0.11744104599579734,1,2,17132.0,2760,0.16110203128648143,0.08055101564324071,2.0,0.9999858985778316,0.375,0.625,0.1796875,0.50215,6,10,['boundary_margin_error'],boundary_margin_error,Medium_Dice (25-75%)
20160328_152022_641_721,0.8027274218733973,0.6704633819722504,0.7065657536123382,0.9291872696023917,14657,6087,1117,208539,15774,20744,0.29343424604704976,0.07081272980854571,3,2,5258.0,2652,0.1681247622670217,0.08406238113351085,0.6666666666666666,0.9999852065565411,0.4375,0.5625,0.171875,0.5022375,7,9,['boundary_margin_error'],boundary_margin_error,Medium_Dice (25-75%)
20160328_152305_1281_361,0.8893975831214981,0.8008244621160382,0.8347111928452566,0.9517519373942623,15347,3039,778,211236,16125,18386,0.16528880670075058,0.04824806201550388,2,2,8062.5,1636,0.10145736434108527,0.05072868217054263,1.0,0.9999796777510626,0.4375,0.5625,0.1953125,0.5028,7,9,['high_quality'],high_quality,High_Dice (>75%)
20160328_152305_1281_721,0.8054622644935485,0.6742878358313682,0.6959211603088304,0.9559299082831241,12711,5554,586,211549,13297,18265,0.30407883931015606,0.04407009099796947,2,3,6648.5,1594,0.11987666390915244,0.05993833195457622,1.5,0.9999846068477517,0.375,0.625,0.15625,0.5025125,6,10,['boundary_margin_error'],boundary_margin_error,Medium_Dice (25-75%)
20160328_152305_1921_361,0.7965037592487775,0.6618248834342846,0.6875324504518652,0.9465243026507665,21187,9629,1197,198387,22384,30816,0.31246754932502596,0.053475696926375986,3,2,7461.333333333333,2186,0.0976590421729807,0.04882952108649035,0.6666666666666666,0.9999791721041902,0.3125,0.6875,0.171875,0.503125,5,11,['boundary_margin_error'],boundary_margin_error,Medium_Dice (25-75%)
20160328_152305_1921_721,0.9217450873721716,0.854848956937071,0.9060299963844323,0.9380149569413012,14800,1535,978,213087,15778,16335,0.09397000306091215,0.06198504246419065,1,1,15778.0,1312,0.08315375839776905,0.041576879198884524,1.0,0.9999825583434423,0.3125,0.6875,0.171875,0.5027125,5,11,['high_quality'],high_quality,High_Dice (>75%)
20160328_152305_1_361,0.7743797674474676,0.6318268472402003,0.691585342974538,0.8796939644939543,11268,5025,1541,212566,12809,16293,0.3084146566009943,0.1203060348192677,1,1,12809.0,3367,0.26286205012100866,0.13143102506050433,1.0,0.9999823167656612,0.5,0.5,0.1640625,0.5023124999999999,8,8,['boundary_margin_error'],boundary_margin_error,Medium_Dice (25-75%)
20160328_152305_641_361,0.7696533773919639,0.6255581664949718,0.6742875233221738,0.8964384938145673,10647,5143,1230,213380,11877,15790,0.32571247625079164,0.10356150543066431,2,2,5938.5,2578,0.2170581796750021,0.10852908983750105,1.0,0.9999799489518999,0.4375,0.5625,0.1953125,0.5026625,7,9,['boundary_margin_error'],boundary_margin_error,Medium_Dice (25-75%)
20160328_152305_641_721,0.7966793300509639,0.6620673524079874,0.7333563592378222,0.8719712521191113,16986,6176,2494,204744,19480,23162,0.2666436404455574,0.1280287474332649,2,3,9740.0,2953,0.15159137577002055,0.07579568788501027,1.5,0.9999863408705358,0.3125,0.6875,0.1875,0.5023,5,11,['boundary_margin_error'],boundary_margin_error,Medium_Dice (25-75%)
20160328_152511_1281_361,0.6897404199309071,0.5264150939423282,0.5614585844309277,0.8940015369213002,6975,5448,827,217150,7802,12423,0.43854141511712147,0.10599846193283774,3,4,2600.6666666666665,2301,0.2949243783645219,0.14746218918226095,1.3333333333333333,0.9999832004776137,0.375,0.625,0.171875,0.5026875,6,10,['moderate_general_error'],moderate_general_error,Low_Dice (<25%)
20160328_152511_1281_721,0.8246917476883562,0.7016812364469655,0.7108597891935416,0.9819311105177281,5217,2122,96,222965,5313,7339,0.28914020983785255,0.018068887634105024,1,1,5313.0,1252,0.23564840956145303,0.11782420478072651,1.0,0.9999793808406543,0.375,0.625,0.1640625,0.50315,6,10,['boundary_margin_error'],boundary_margin_error,Medium_Dice (25-75%)
20160328_152511_1921_361,0.7463458692944877,0.5953363459780334,0.6709234511914642,0.8408733455075647,9089,4458,1720,215133,10809,13547,0.3290765483132797,0.1591266537144972,2,2,5404.5,1974,0.1826255897862892,0.0913127948931446,1.0,0.9999763841783097,0.25,0.75,0.171875,0.5031749999999999,4,12,['boundary_margin_error'],boundary_margin_error,Medium_Dice (25-75%)
20160328_152511_1921_721,0.42187356599516146,0.26732558108450516,0.7491039402114567,0.2936143035841452,2299,770,5531,221800,7830,3069,0.25089605734767023,0.7063856960408684,1,2,7830.0,1447,0.18480204342273307,0.09240102171136653,2.0,0.9999763258747758,0.3125,0.6875,0.1640625,0.50335,5,11,"['missed_crack_high_fn', 'thin_low_area_failure']",missed_crack_high_fn,Low_Dice (<25%)
20160328_152511_1_361,0.6529768057863138,0.4847554285562868,0.5405735947284452,0.8243961570228517,8840,7513,1883,212164,10723,16353,0.4594264049409894,0.17560384220833722,1,1,10723.0,3459,0.3225776368553576,0.1612888184276788,1.0,0.9999788640294591,0.1875,0.8125,0.1953125,0.5025000000000001,3,13,['moderate_general_error'],moderate_general_error,Low_Dice (<25%)
20160328_152511_641_361,0.7779445548237266,0.6365869551127553,0.6446994310292956,0.9806162630468637,12698,6998,251,210453,12949,19696,0.3553005686433794,0.019383736195845238,1,1,12949.0,2798,0.21607846165727082,0.10803923082863541,1.0,0.9999817349351177,0.375,0.625,0.1640625,0.5024875,6,10,['boundary_margin_error'],boundary_margin_error,Medium_Dice (25-75%)
20160328_152511_641_721,0.648413190938782,0.4797421716398337,0.5136378556896554,0.8790776103538942,1563,1480,215,227142,1778,3043,0.4863621426224121,0.12092238470191226,1,2,1778.0,514,0.2890888638920135,0.14454443194600675,2.0,0.9999808400248046,0.3125,0.6875,0.1640625,0.5035,5,11,['moderate_general_error'],moderate_general_error,Low_Dice (<25%)
20160328_152747_1281_361,0.7913961035749204,0.6548018800169229,0.7623739144871577,0.8227153819739133,9750,3039,2101,215510,11851,12789,0.23762608491672532,0.17728461733187073,2,2,5925.5,3166,0.26715045143869715,0.13357522571934857,1.0,0.9999854874868618,0.375,0.625,0.171875,0.5026375000000001,6,10,['boundary_margin_error'],boundary_margin_error,Medium_Dice (25-75%)
20160328_152747_1281_721,0.6983925535143982,0.5365615842165694,0.5625212928023124,0.9208031181215666,1651,1284,142,227323,1793,2935,0.4374787052810903,0.07919687674288901,1,1,1793.0,390,0.21751254880089235,0.10875627440044618,1.0,0.9999811349623786,0.4375,0.5625,0.171875,0.5029875,7,9,['moderate_general_error'],moderate_general_error,Low_Dice (<25%)
20160328_152747_1921_361,0.7944025209487949,0.6589284854626464,0.8150213568966413,0.7748011952090682,13738,3118,3993,209551,17731,16856,0.18497864261983862,0.22519880435395634,1,1,17731.0,3321,0.18729908070610796,0.09364954035305398,1.0,0.9999802178626228,0.25,0.75,0.1953125,0.5028874999999999,4,12,['boundary_margin_error'],boundary_margin_error,Medium_Dice (25-75%)
20160328_152747_1_361,0.7693064837102463,0.6250999729238204,0.6847984808084123,0.8776083083394701,9379,4317,1308,215396,10687,13696,0.3152015186915888,0.12239169083933751,1,1,10687.0,2884,0.26986057827266774,0.13493028913633387,1.0,0.9999803435813271,0.3125,0.6875,0.2109375,0.5025625,5,11,['boundary_margin_error'],boundary_margin_error,Medium_Dice (25-75%)
20160328_152747_641_361,0.7568320163331071,0.6087930402621279,0.6635063014286895,0.8807083640687955,11687,5927,1583,211203,13270,17614,0.33649369819461794,0.11929163526752072,1,1,13270.0,3624,0.27309721175584023,0.13654860587792012,1.0,0.9999812008903542,0.4375,0.5625,0.15625,0.5024375,7,9,['boundary_margin_error'],boundary_margin_error,Medium_Dice (25-75%)
20160328_153548_1281_1081,0.825010851823661,0.7021433798806845,0.9134615296782546,0.7521773495472894,950,90,313,229047,1263,1040,0.08653846153846154,0.24782264449722882,1,3,1263.0,218,0.1726049089469517,0.08630245447347586,3.0,0.9999790825727523,0.375,0.625,0.171875,0.5035000000000001,6,10,['boundary_margin_error'],boundary_margin_error,Medium_Dice (25-75%)
20160328_153548_1281_361,0.8784168370650495,0.7831936730990279,0.9494920575912261,0.81724137830389,6636,353,1484,221927,8120,6989,0.05050794105022178,0.18275862068965518,1,2,8120.0,1052,0.12955665024630542,0.06477832512315271,2.0,0.9999853472860415,0.375,0.625,0.1953125,0.5028874999999999,6,10,['high_quality'],high_quality,High_Dice (>75%)
20160328_153548_1281_721,0.8177800882388389,0.6917326295245579,0.8055375368524333,0.8304005065001758,23595,5696,4819,196290,28414,29291,0.1944624628725547,0.16959949320757373,3,3,9471.333333333334,4591,0.161575279791652,0.080787639895826,1.0,0.9999737059340512,0.4375,0.5625,0.140625,0.5022,7,9,['boundary_margin_error'],boundary_margin_error,Medium_Dice (25-75%)
20160328_153548_1921_361,0.9106634629788714,0.8359799125705891,0.9101588467601338,0.9111686383793132,12319,1216,1201,215664,13520,13535,0.0898411525674178,0.08883136094674557,1,1,13520.0,1494,0.11050295857988165,0.05525147928994083,1.0,0.999982844294372,0.3125,0.6875,0.171875,0.503,5,11,['high_quality'],high_quality,High_Dice (>75%)
20160328_153548_1921_721,0.9064519660131306,0.8289091451322703,0.8865913103944976,0.9272228130835213,16550,2117,1299,210434,17849,18667,0.11340868913055124,0.07277718639699703,2,1,8924.5,2779,0.15569499691859487,0.07784749845929743,0.5,0.9999805699982077,0.4375,0.5625,0.1875,0.5026375000000001,7,9,['high_quality'],high_quality,High_Dice (>75%)
20160328_153548_1_1,0.7929327198992352,0.6569084697855799,0.831883140414553,0.7574666278894331,15775,3188,5051,206386,20826,18963,0.16811685914675947,0.24253337174685488,1,1,20826.0,3686,0.1769903005858062,0.0884951502929031,1.0,0.9999864470184553,0.375,0.625,0.21875,0.502425,6,10,['boundary_margin_error'],boundary_margin_error,Medium_Dice (25-75%)
20160328_153548_1_1081,0.7499844632480913,0.5999801132047379,0.7284360473445898,0.772846621590507,24136,8998,7094,190172,31230,33134,0.2715639524355647,0.2271533781620237,1,1,31230.0,4278,0.13698366954851104,0.06849183477425552,1.0,0.9999806293166935,0.375,0.625,0.171875,0.5024124999999999,6,10,['boundary_margin_error'],boundary_margin_error,Medium_Dice (25-75%)
20160328_153548_641_1,0.8087224024532009,0.6788698151619781,0.7614585095221358,0.8622419431560063,4469,1400,714,223817,5183,5869,0.2385414891804396,0.13775805518039747,1,1,5183.0,1078,0.20798765193903146,0.10399382596951573,1.0,0.9999885548447808,0.375,0.625,0.171875,0.502975,6,10,['boundary_margin_error'],boundary_margin_error,Medium_Dice (25-75%)
20160328_153548_641_1081,0.7227906225401352,0.5659139646920172,0.680487434555045,0.7707020955384823,13458,6319,4004,206619,17462,19777,0.3195125651008748,0.22929790402015807,1,1,17462.0,3550,0.2032985912266636,0.1016492956133318,1.0,0.9999807126502562,0.3125,0.6875,0.1875,0.50255,5,11,['boundary_margin_error'],boundary_margin_error,Medium_Dice (25-75%)
20160328_153548_641_361,0.6596997345748457,0.4922029425739041,0.5797438874922469,0.7652381752343552,4482,3249,1375,221294,5857,7731,0.420256111757858,0.23476182345910876,10,3,585.7,2268,0.38722895680382446,0.19361447840191223,0.3,0.999981864995133,0.375,0.625,0.171875,0.502675,6,10,['complex_topology'],complex_topology,Low_Dice (<25%)
20160328_153548_641_721,0.7741081555609138,0.6314652953051593,0.7804041169269258,0.7679129668826354,12282,3456,3712,210950,15994,15738,0.21959588257720167,0.23208703263723895,2,1,7997.0,3223,0.2015130674002751,0.10075653370013755,0.5,0.9999781758961725,0.3125,0.6875,0.171875,0.5025,5,11,['boundary_margin_error'],boundary_margin_error,Medium_Dice (25-75%)
20160328_153604_1281_1,0.6793918247354757,0.5144537474935669,0.5476443118127713,0.8946091161473234,5161,4263,608,220368,5769,9424,0.45235568760611206,0.10539088230195874,1,1,5769.0,1772,0.3071589530247877,0.15357947651239384,1.0,0.9999926843763927,0.3125,0.6875,0.1875,0.502825,5,11,['moderate_general_error'],moderate_general_error,Low_Dice (<25%)
20160328_153604_1281_361,0.7722966695575701,0.6290580553196481,0.7008621101474439,0.8599456323957301,14552,6211,2370,207267,16922,20763,0.29913788951500264,0.14005436709608793,1,1,16922.0,3158,0.18662096678879564,0.09331048339439782,1.0,0.9999902493662052,0.25,0.75,0.203125,0.502625,4,12,['boundary_margin_error'],boundary_margin_error,Medium_Dice (25-75%)
20160328_153604_1281_721,0.6901335067762508,0.5268731663467046,0.5581481088390666,0.9038723977278468,10597,8389,1127,210287,11724,18986,0.4418518908669546,0.09612760150119413,1,4,11724.0,2934,0.2502558853633572,0.1251279426816786,4.0,0.9999862643473747,0.3125,0.6875,0.1953125,0.5030249999999999,5,11,['fragmented_prediction'],fragmented_prediction,Low_Dice (<25%)
20160328_153604_1921_361,0.7373623901979471,0.5839857647781816,0.6767010304627484,0.8099703843287509,9846,4704,2310,213540,12156,14550,0.32329896907216493,0.19002961500493584,2,2,6078.0,3155,0.25954261270154655,0.12977130635077327,1.0,0.9999880206381027,0.25,0.75,0.203125,0.5033624999999999,4,12,['boundary_margin_error'],boundary_margin_error,Medium_Dice (25-75%)
20160328_153604_1921_721,0.7978538615826403,0.663691240262207,0.702010595909516,0.9240053635011128,10335,4387,850,214828,11185,14722,0.29798940361363946,0.07599463567277603,1,1,11185.0,2448,0.218864550737595,0.1094322753687975,1.0,0.9999882035859518,0.25,0.75,0.203125,0.502975,4,12,['boundary_margin_error'],boundary_margin_error,Medium_Dice (25-75%)
20160328_153604_1_1,0.8228988656117373,0.6990893488853839,0.7607353146914151,0.8961258662695603,10594,3332,1228,215246,11822,13926,0.2392646847623151,0.10387413297242429,1,1,11822.0,2152,0.18203349687024192,0.09101674843512096,1.0,0.9999894683102352,0.3125,0.6875,0.171875,0.5027625,5,11,['boundary_margin_error'],boundary_margin_error,Medium_Dice (25-75%)
20160328_153604_1_361,0.7660248510098825,0.6207781831237003,0.6747070126652774,0.8859306294691983,10881,5246,1401,212872,12282,16127,0.32529298691635145,0.11406936980947728,1,1,12282.0,2675,0.21779840416870216,0.10889920208435108,1.0,0.9999861574596735,0.3125,0.6875,0.171875,0.5027625,5,11,['boundary_margin_error'],boundary_margin_error,Medium_Dice (25-75%)
20160328_153604_641_1,0.7793057107371532,0.6384118592114987,0.6761756698980368,0.9195560243979324,8699,4166,761,216774,9460,12865,0.32382432957637,0.08044397463002115,1,2,9460.0,1886,0.19936575052854122,0.09968287526427061,2.0,0.999989839748298,0.4375,0.5625,0.1953125,0.5024125,7,9,['boundary_margin_error'],boundary_margin_error,Medium_Dice (25-75%)
20160328_153604_641_1081,0.854678718278553,0.7462349053655489,0.8605403145611035,0.848896434198232,16500,2674,2937,208289,19437,19174,0.13945968499009076,0.15110356536502548,1,1,19437.0,2413,0.1241446725317693,0.06207233626588465,1.0,0.999983359107304,0.4375,0.5625,0.1640625,0.5025875,7,9,['high_quality'],high_quality,Medium_Dice (25-75%)
20160328_153604_641_361,0.7713935123849248,0.6278605234148854,0.6805516329282916,0.8902228784076943,14459,6787,1783,207371,16242,21246,0.3194483667513885,0.10977712104420638,3,1,5414.0,4470,0.27521241226449944,0.13760620613224972,0.3333333333333333,0.9999902000360594,0.4375,0.5625,0.1796875,0.5020875,7,9,['boundary_margin_error'],boundary_margin_error,Medium_Dice (25-75%)
20160328_153604_641_721,0.7820273442203133,0.6420729894955628,0.7024073569367556,0.8820052979539398,12984,5501,1737,210178,14721,18485,0.2975926426832567,0.11799470144691257,2,2,7360.5,3390,0.23028326879967392,0.11514163439983696,1.0,0.9999899670366716,0.375,0.625,0.1796875,0.5024500000000001,6,10,['boundary_margin_error'],boundary_margin_error,Medium_Dice (25-75%)
20160328_153620_1281_1081,0.8764281932212548,0.7800375444929989,0.9058866246152375,0.8488253290812893,2493,259,444,227204,2937,2752,0.09411337209302326,0.1511746680286006,1,1,2937.0,555,0.18896833503575078,0.09448416751787539,1.0,0.9999842005800264,0.375,0.625,0.171875,0.5033875,6,10,['high_quality'],high_quality,High_Dice (>75%)
20160328_153620_1281_361,0.7959659698241066,0.6610826188258371,0.8122858258061484,0.7802889711955883,35319,8162,9945,176974,45264,43481,0.18771417400703755,0.21971102863202546,2,1,22632.0,7174,0.1584924001413927,0.07924620007069635,0.5,0.9999850661370622,0.5,0.5,0.1484375,0.5021125,8,8,['boundary_margin_error'],boundary_margin_error,Medium_Dice (25-75%)
20160328_153620_1281_721,0.84374750601633,0.729725998781929,0.7499379363939647,0.9643818119376195,21146,7051,781,201422,21927,28197,0.25006206334007164,0.035618187622565786,12,2,1827.25,5996,0.2734528207233092,0.1367264103616546,0.16666666666666666,0.9999823868955605,0.375,0.625,0.171875,0.5022875,6,10,"['complex_topology', 'boundary_margin_error']",complex_topology,Medium_Dice (25-75%)
20160328_153620_1921_1081,0.8996296643720304,0.8175698991909132,0.8877436273540633,0.9118383051859111,9474,1198,916,218812,10390,10672,0.11225637181409295,0.08816169393647738,1,1,10390.0,1998,0.1923002887391723,0.09615014436958615,1.0,0.9999807721598022,0.25,0.75,0.1953125,0.503625,4,12,['high_quality'],high_quality,High_Dice (>75%)
20160328_153620_1921_361,0.8975095481680645,0.8140746676551549,0.8526704048781988,0.9473263365159665,28434,4913,1581,195472,30015,33347,0.1473295948661049,0.05267366316841579,2,1,15007.5,4710,0.15692153923038482,0.07846076961519241,0.5,0.9999864813209375,0.25,0.75,0.1953125,0.5028499999999999,4,12,['high_quality'],high_quality,High_Dice (>75%)
20160328_153620_1_361,0.9190453344748373,0.8502163539192786,0.8679106376906558,0.9765826613003528,30652,4665,735,194348,31387,35317,0.13208936206359542,0.023417338388504794,2,1,15693.5,3918,0.1248287507566827,0.06241437537834135,0.5,0.999979841202613,0.4375,0.5625,0.1484375,0.5021249999999999,7,9,['high_quality'],high_quality,High_Dice (>75%)
20160328_153620_1_721,0.9482040391824224,0.9015094890128389,0.9109030490623633,0.9886903770059164,6032,590,69,223709,6101,6622,0.08909694956206585,0.01130962137354532,1,2,6101.0,709,0.11621045730208163,0.05810522865104081,2.0,0.9999831138164033,0.375,0.625,0.1953125,0.5029625,6,10,['high_quality'],high_quality,High_Dice (>75%)
20160328_153620_641_361,0.8622999622489146,0.7579326128470912,0.7747436460379585,0.9721678308081569,6951,2021,199,221229,7150,8972,0.22525635309852876,0.027832167832167833,4,3,1787.5,1854,0.2593006993006993,0.12965034965034966,0.75,0.9999840912010238,0.5,0.5,0.1875,0.5027,8,8,['high_quality'],high_quality,Medium_Dice (25-75%)
20160328_153620_641_721,0.876641047790839,0.7803748268234879,0.8322954324483172,0.925978182848423,43971,8860,3515,174054,47486,52831,0.16770456739414358,0.07402181695657667,3,1,15828.666666666666,8363,0.17611506549298742,0.08805753274649371,0.3333333333333333,0.9999745253849304,0.4375,0.5625,0.1484375,0.502125,7,9,['high_quality'],high_quality,High_Dice (>75%)
20160328_153629_1281_361,0.962064064194783,0.9269011997820716,0.9290540530732115,0.997506233283262,8800,672,22,220906,8822,9472,0.07094594594594594,0.0024937655860349127,1,1,8822.0,698,0.07912038086601678,0.03956019043300839,1.0,0.9999873874499684,0.4375,0.5625,0.1796875,0.5029375,7,9,['high_quality'],high_quality,High_Dice (>75%)
20160328_153629_1281_721,0.9063189815141792,0.8286867616747702,0.8883047553832478,0.9250789636028305,21966,2762,1779,203893,23745,24728,0.11169524425752184,0.07492103600758054,1,1,23745.0,3705,0.1560328490208465,0.07801642451042325,1.0,0.999979336142266,0.5,0.5,0.1484375,0.5023625,8,8,['high_quality'],high_quality,High_Dice (>75%)
20160328_153629_1921_361,0.9196389392403248,0.8512329559468427,0.9026918932771291,0.9372344840012666,29342,3163,1965,195930,31307,32505,0.09730810644516229,0.06276551569936437,1,1,31307.0,3988,0.1273836522183537,0.06369182610917686,1.0,0.9999884789305998,0.375,0.625,0.171875,0.5026625,6,10,['high_quality'],high_quality,High_Dice (>75%)
20160328_153629_1_361,0.9099173552465678,0.8347232749975427,0.850630955227754,0.9780870592306522,33030,5800,740,190830,33770,38830,0.14936904455318054,0.021912940479715724,3,1,11256.666666666666,4891,0.14483269173822919,0.07241634586911459,0.3333333333333333,0.9999846790684705,0.375,0.625,0.1640625,0.5022125000000001,6,10,['high_quality'],high_quality,High_Dice (>75%)
20160328_153629_641_361,0.857195233337674,0.7500802047240294,0.8020583183515795,0.920472440038905,9352,2308,808,217932,10160,11660,0.19794168096054887,0.07952755905511812,2,1,5080.0,1951,0.19202755905511812,0.09601377952755906,0.5,0.9999831211611225,0.3125,0.6875,0.171875,0.5027625,5,11,['high_quality'],high_quality,Medium_Dice (25-75%)
20160328_153629_641_721,0.9335907206960037,0.8754525479235534,0.8891822236189634,0.9826681945807133,28292,3526,499,198083,28791,31818,0.11081777610157773,0.017331805077975757,6,1,4798.5,3676,0.12767878851029835,0.06383939425514917,0.16666666666666666,0.9999788166462933,0.375,0.625,0.15625,0.5022875,6,10,"['complex_topology', 'high_quality']",complex_topology,High_Dice (>75%)
20160328_153829_1281_361,0.8688603818239881,0.7681283263909057,0.7857785102188474,0.9715882767760142,31461,8577,920,189442,32381,40038,0.21422148958489434,0.028411722923936875,7,1,4625.857142857143,7820,0.24149964485346345,0.12074982242673173,0.14285714285714285,0.9999891815625865,0.5,0.5,0.15625,0.5021625000000001,8,8,"['complex_topology', 'high_quality']",complex_topology,Medium_Dice (25-75%)
20160328_153829_1281_721,0.7954976293892209,0.6604367486515115,0.7326494964368191,0.8701399666403836,3357,1225,501,225317,3858,4582,0.2673505019642078,0.12986003110419908,3,1,1286.0,1468,0.3805080352514256,0.1902540176257128,0.3333333333333333,0.9999818996214148,0.3125,0.6875,0.1953125,0.5034375,5,11,['boundary_margin_error'],boundary_margin_error,Medium_Dice (25-75%)
20160328_153829_1921_1,0.8154166933609731,0.6883574070231699,0.7105342021763189,0.9566248040769533,18967,7727,860,202846,19827,26694,0.28946579755750357,0.04337519544056085,14,1,1416.2142857142858,6747,0.3402935391133303,0.17014676955666516,0.07142857142857142,0.9999873803166637,0.3125,0.6875,0.1796875,0.50225,5,11,"['complex_topology', 'boundary_margin_error']",complex_topology,Medium_Dice (25-75%)
20160328_153829_1921_361,0.819943950467137,0.6948347502576,0.719467211640436,0.9530401711372416,3511,1369,173,225347,3684,4880,0.2805327868852459,0.04695982627578719,2,2,1842.0,976,0.26492942453854507,0.13246471226927253,1.0,0.9999890001831437,0.3125,0.6875,0.1640625,0.5037875,5,11,['boundary_margin_error'],boundary_margin_error,Medium_Dice (25-75%)
20160328_153829_1_1,0.821692318964196,0.6973495396736096,0.7173309018332331,0.9615899429892394,16523,6511,660,206706,17183,23034,0.2826690978553443,0.03841005645114357,4,1,4295.75,5674,0.33021009136937673,0.16510504568468837,0.25,0.999989171609461,0.4375,0.5625,0.171875,0.5022375,7,9,['boundary_margin_error'],boundary_margin_error,Medium_Dice (25-75%)
20160328_153829_1_721,0.8659257809411024,0.7635530077208562,0.8467208936874417,0.8860220762255325,6662,1206,857,221675,7519,7868,0.15327910523640062,0.11397792259608991,1,1,7519.0,1642,0.2183801037371991,0.10919005186859955,1.0,0.9999832199299086,0.3125,0.6875,0.1875,0.5028625,5,11,['high_quality'],high_quality,Medium_Dice (25-75%)
20160328_153829_641_1,0.8603667956788154,0.7549506213196794,0.8321958368592725,0.890511829496311,14754,2975,1814,210857,16568,17729,0.16780416267132947,0.10948816996619991,5,2,3313.6,3613,0.21807098020280058,0.10903549010140029,0.4,0.9999889627523987,0.375,0.625,0.171875,0.502325,6,10,"['complex_topology', 'high_quality']",complex_topology,Medium_Dice (25-75%)
20160328_153829_641_1081,0.6307584038159701,0.4606626073688127,0.4687801734238975,0.9637717105644803,5826,6602,219,217753,6045,12428,0.5312198261989057,0.036228287841191066,2,1,3022.5,1958,0.323904052936311,0.1619520264681555,0.5,0.9999866251093272,0.3125,0.6875,0.1953125,0.5027874999999999,5,11,['over_segmentation'],over_segmentation,Low_Dice (<25%)
20160328_153829_641_361,0.8458139252085191,0.7328228469238174,0.7435170595868588,0.9807505872029489,7082,2443,139,220736,7221,9525,0.2564829396325459,0.019249411438858884,2,1,3610.5,2066,0.2861099570696579,0.14305497853482896,0.5,0.999985760600158,0.4375,0.5625,0.1796875,0.5029125,7,9,['boundary_margin_error'],boundary_margin_error,Medium_Dice (25-75%)
20160328_153829_641_721,0.7477535289670194,0.5971296755583555,0.5992798338495888,0.9940272995135353,2330,1558,14,226498,2344,3888,0.4007201646090535,0.005972696245733789,2,2,1172.0,1120,0.4778156996587031,0.23890784982935154,1.0,0.9999828666062067,0.3125,0.6875,0.1953125,0.503425,5,11,['moderate_general_error'],moderate_general_error,Medium_Dice (25-75%)
20160329_103807_1081_1,0.17988915252590792,0.0988341741798605,0.12630642622569174,0.3124312414057688,568,3929,1250,224653,1818,4497,0.8736935734934401,0.6875687568756875,1,3,1818.0,702,0.38613861386138615,0.19306930693069307,3.0,0.9999691235780165,0.375,0.625,0.171875,0.5036125,6,10,"['missed_crack_high_fn', 'false_crack_high_fp', 'thin_low_area_failure', 'over_segmentation']",missed_crack_high_fn,Low_Dice (<25%)
20160329_103807_361_1,0.7967084601745,0.6621075888973988,0.8502862171093076,0.7494824906203715,17379,3060,5809,204152,23188,20439,0.14971378247468076,0.25051750905640846,2,1,11594.0,1985,0.08560462308090391,0.04280231154045196,0.5,0.9999713711015272,0.5,0.5,0.1796875,0.5027499999999999,8,8,['boundary_margin_error'],boundary_margin_error,Medium_Dice (25-75%)
20160329_103807_361_1281,0.7354518309768673,0.5815925790671984,0.7412787124612213,0.7297158401663494,24139,8425,8941,188895,33080,32564,0.25872128731114113,0.27028415961305924,4,1,8270.0,5043,0.1524486094316808,0.0762243047158404,0.25,0.9999741058821576,0.4375,0.5625,0.1484375,0.5027375,7,9,['boundary_margin_error'],boundary_margin_error,Medium_Dice (25-75%)
20160329_103807_361_1921,0.6665723330444536,0.4998938821828689,0.8220845509261879,0.5605366490479127,18843,4078,14773,192706,33616,22921,0.17791544871515205,0.4394633507853403,6,1,5602.666666666667,5092,0.15147548786292242,0.07573774393146121,0.16666666666666666,0.9999778014095602,0.4375,0.5625,0.140625,0.50265,7,9,['complex_topology'],complex_topology,Low_Dice (<25%)
20160329_103807_361_641,0.8337954212733492,0.7149649696828915,0.9037164231807392,0.7739170621457255,36840,3925,10762,178873,47602,40765,0.09628357659757145,0.22608293769169363,3,4,15867.333333333334,4507,0.09468089576068232,0.04734044788034116,1.3333333333333333,0.9999694582063086,0.4375,0.5625,0.171875,0.5027,7,9,['boundary_margin_error'],boundary_margin_error,Medium_Dice (25-75%)
20160329_103807_721_1,0.7054412658051269,0.5449279721123377,0.7286993256570268,0.683621950321511,14488,5394,6705,203813,21193,19882,0.2713006739764611,0.3163780493559194,1,1,21193.0,3008,0.14193365733968763,0.07096682866984381,1.0,0.9999720964473895,0.5,0.5,0.1328125,0.503025,8,8,['boundary_margin_error'],boundary_margin_error,Low_Dice (<25%)
20160329_103807_721_1281,0.6461282251329554,0.4772447709801821,0.571428569324637,0.743295015597246,1552,1164,536,227148,2088,2716,0.42857142857142855,0.2567049808429119,2,2,1044.0,664,0.31800766283524906,0.15900383141762453,1.0,0.9999714831361012,0.5,0.5,0.1796875,0.5033624999999999,8,8,['moderate_general_error'],moderate_general_error,Low_Dice (<25%)
20160330_165956_1281_721,0.6542411169366189,0.4861503239327354,0.515786916680872,0.8943009532645972,6371,5981,753,217295,7124,12352,0.4842130829015544,0.10569904548006738,5,1,1424.8,3495,0.49059517125210556,0.24529758562605278,0.2,0.9999874801737798,0.4375,0.5625,0.1640625,0.5027874999999999,7,9,['complex_topology'],complex_topology,Low_Dice (<25%)
20160330_165956_1921_721,0.7193632658610103,0.5617231231030239,0.5857326599527727,0.9319899229660109,5920,4187,432,219861,6352,10107,0.41426733946769567,0.06801007556675064,2,1,3176.0,3591,0.5653337531486146,0.2826668765743073,0.5,0.9999880066051994,0.3125,0.6875,0.171875,0.5028875,5,11,['moderate_general_error'],moderate_general_error,Medium_Dice (25-75%)
20160330_165956_1_1081,0.8304753631265057,0.7100965101057011,0.7970833325030382,0.8667874933543414,7652,1948,1176,219624,8828,9600,0.20291666666666666,0.133212505663797,1,1,8828.0,3489,0.3952197553239692,0.1976098776619846,1.0,0.9999905008831655,0.375,0.625,0.1875,0.5029250000000001,6,10,['boundary_margin_error'],boundary_margin_error,Medium_Dice (25-75%)
20160330_165956_1_721,0.6941576082240777,0.5315783991971924,0.5450762823588219,0.9554890574986179,5109,4264,238,220789,5347,9373,0.4549237170596394,0.0445109407144193,5,3,1069.4,4121,0.7707125490929493,0.38535627454647464,0.6,0.9999889561861546,0.375,0.625,0.1796875,0.5030125000000001,6,10,['complex_topology'],complex_topology,Low_Dice (<25%)
20160330_165956_641_721,0.7977245934516862,0.6635123609006714,0.6853645643841454,0.9541498088094278,7783,3573,374,218670,8157,11356,0.31463543501232827,0.045850190020840995,2,1,4078.5,4056,0.49724163295329166,0.24862081647664583,0.5,0.9999891152941278,0.4375,0.5625,0.1953125,0.502925,7,9,['boundary_margin_error'],boundary_margin_error,Medium_Dice (25-75%)
20160330_170359_1281_721,0.8290060682162146,0.7079507807127423,0.9227115713907256,0.7525783567055948,29918,2506,9836,188140,39754,32424,0.07728842832469776,0.24742164310509634,1,3,39754.0,3228,0.08119937616340495,0.04059968808170247,3.0,0.9999680760692726,0.3125,0.6875,0.171875,0.5032375,5,11,['boundary_margin_error'],boundary_margin_error,Medium_Dice (25-75%)
20160330_170359_1921_361,0.8670140696021328,0.7652469870456964,0.8376378186388572,0.898525678620443,16638,3225,1879,208658,18517,19863,0.16236218093943514,0.10147432089431334,1,1,18517.0,1564,0.08446292595992871,0.04223146297996436,1.0,0.9999735637256353,0.3125,0.6875,0.171875,0.50345,5,11,['high_quality'],high_quality,Medium_Dice (25-75%)
20160330_170359_1921_721,0.8910201696035622,0.8034593102428569,0.9437598130352763,0.8438630075116516,19835,1182,3670,205713,23505,21017,0.05624018651567778,0.15613699212933418,2,2,11752.5,1744,0.07419697936609232,0.03709848968304616,1.0,0.9999722385395409,0.3125,0.6875,0.171875,0.5036499999999999,5,11,['high_quality'],high_quality,High_Dice (>75%)
20160330_170359_1_721,0.8559323172614991,0.7481483221453247,0.8216185506322319,0.8932371351468972,31818,6908,3803,187871,35621,38726,0.17838144915560605,0.10676286460234131,1,1,35621.0,3446,0.09674068667359143,0.04837034333679571,1.0,0.9999694901065668,0.375,0.625,0.1484375,0.5031,6,10,['high_quality'],high_quality,Medium_Dice (25-75%)
20160330_170359_641_721,0.8691044475028804,0.7685099172808835,0.8461121970683975,0.8933811850049606,28129,5116,3357,193798,31486,33245,0.1538878026770943,0.10661881471130026,1,1,31486.0,3540,0.11243092167947659,0.056215460839738295,1.0,0.999968459309788,0.375,0.625,0.15625,0.50325,6,10,['high_quality'],high_quality,High_Dice (>75%)
20160330_172309_1281_361,0.8685762933354155,0.7676843681276238,0.813696443922406,0.9313942859900949,7141,1635,526,221098,7667,8776,0.18630355515041022,0.06860571279509586,1,1,7667.0,2848,0.37146211034302856,0.18573105517151428,1.0,0.9999881812985534,0.375,0.625,0.1953125,0.502325,6,10,['high_quality'],high_quality,Medium_Dice (25-75%)
20160330_172309_1281_721,0.8654032033855628,0.762740742762424,0.7887549945603767,0.9585515998323131,25069,6714,1084,197533,26153,31783,0.21124500519145456,0.04144839980117004,4,2,6538.25,4491,0.1717202615378733,0.08586013076893664,0.5,0.9999840136647129,0.375,0.625,0.203125,0.5021875,6,10,['high_quality'],high_quality,Medium_Dice (25-75%)
20160330_172309_1921_361,0.8934650133901284,0.8074439798125745,0.814514804436257,0.9893631159491004,14882,3389,160,211969,15042,18271,0.18548519511794648,0.010636883393165802,1,1,15042.0,1696,0.1127509639675575,0.05637548198377875,1.0,0.9999842296178321,0.375,0.625,0.1640625,0.5028,6,10,['high_quality'],high_quality,High_Dice (>75%)
20160330_172309_1921_721,0.8711911355106209,0.7717791407535655,0.8283178067461748,0.9187449278232378,16983,3520,1502,208395,18485,20503,0.17168219284982686,0.08125507167974033,1,1,18485.0,2827,0.15293481200973763,0.07646740600486882,1.0,0.9999815214107535,0.4375,0.5625,0.15625,0.502525,7,9,['high_quality'],high_quality,High_Dice (>75%)
20160330_172309_1_721,0.8916374664265369,0.8044637376471175,0.9033539972959498,0.8802209712012903,17049,1824,2320,209207,19369,18873,0.09664600222540137,0.11977902834426145,1,1,19369.0,3466,0.17894573803500438,0.08947286901750219,1.0,0.9999842269802484,0.4375,0.5625,0.1796875,0.5021125,7,9,['high_quality'],high_quality,High_Dice (>75%)
20160330_172309_641_361,0.7703915155579293,0.626533994605194,0.626533994605194,0.9999999947061938,1889,1126,0,227385,1889,3015,0.37346600331674956,0.0,1,2,1889.0,624,0.33033350979354154,0.16516675489677077,2.0,0.9999852600037074,0.4375,0.5625,0.171875,0.5029125000000001,7,9,['boundary_margin_error'],boundary_margin_error,Medium_Dice (25-75%)
20160330_172309_641_721,0.8564053325269694,0.748871393759945,0.8343300515734873,0.879680527426864,27205,5402,3721,194072,30926,32607,0.1656699481706382,0.12031947228868912,3,1,10308.666666666666,6929,0.2240509603569812,0.1120254801784906,0.3333333333333333,0.9999839066882596,0.375,0.625,0.203125,0.5016,6,10,['high_quality'],high_quality,Medium_Dice (25-75%)
20160402_150314_1281_1081,0.8071294543956296,0.6766278682710667,0.6934235954435086,0.965439852040216,2151,951,77,227221,2228,3102,0.3065764023210832,0.034560143626570915,1,1,2228.0,838,0.3761220825852783,0.18806104129263915,1.0,0.9999862335862617,0.375,0.625,0.21875,0.503275,6,10,['boundary_margin_error'],boundary_margin_error,Medium_Dice (25-75%)
20160402_150314_1281_361,0.8363465595708331,0.7187247770800044,0.7335255344130621,0.9726925159790779,5343,1941,150,222966,5493,7284,0.26647446457990115,0.027307482250136537,1,1,5493.0,1826,0.3324230839249954,0.1662115419624977,1.0,0.9999855122530606,0.5,0.5,0.203125,0.5028625,8,8,['boundary_margin_error'],boundary_margin_error,Medium_Dice (25-75%)
20160402_150314_1281_721,0.8431727910989192,0.7288666661807556,0.8018923274153643,0.8889340589568794,10933,2701,1366,215400,12299,13634,0.19810767199647938,0.11106594032035125,3,2,4099.666666666667,3719,0.30238230750467515,0.15119115375233758,0.6666666666666666,0.9999836202110276,0.375,0.625,0.1953125,0.5027874999999999,6,10,['boundary_margin_error'],boundary_margin_error,Medium_Dice (25-75%)
20160402_150314_1921_1,0.8472319876026663,0.7349544561361789,0.7929279628034326,0.9095209330620764,9037,2360,899,218104,9936,11397,0.20707203650083356,0.09047906602254428,2,1,4968.0,2878,0.2896537842190016,0.1448268921095008,0.5,0.9999798894067065,0.375,0.625,0.1953125,0.5030125000000001,6,10,['boundary_margin_error'],boundary_margin_error,Medium_Dice (25-75%)
20160402_150314_1921_361,0.8364950303575805,0.7189440975182606,0.7251370380445391,0.9882604020339366,2778,1053,33,226536,2811,3831,0.2748629600626468,0.011739594450373533,1,1,2811.0,1008,0.35859124866595515,0.17929562433297758,1.0,0.9999788459597604,0.3125,0.6875,0.1875,0.503425,5,11,['boundary_margin_error'],boundary_margin_error,Medium_Dice (25-75%)
20160402_150314_1_361,0.899139072698818,0.8167599107210611,0.8898866091335497,0.9085859596772449,27154,3360,2732,197154,29886,30514,0.11011339057481812,0.09141404001873787,1,1,29886.0,5157,0.172555711704477,0.0862778558522385,1.0,0.9999857273375998,0.3125,0.6875,0.1796875,0.502275,5,11,['high_quality'],high_quality,High_Dice (>75%)
20160402_150314_1_721,0.7980211011166535,0.6639227209878852,0.7462235642501666,0.8575458382797594,7904,2688,1313,218495,9217,10592,0.2537764350453172,0.14245416078984485,2,2,4608.5,3065,0.3325377020722578,0.1662688510361289,1.0,0.9999863069413717,0.1875,0.8125,0.1875,0.50295,3,13,['boundary_margin_error'],boundary_margin_error,Medium_Dice (25-75%)
20160402_150314_641_361,0.8768290418739093,0.7806728223607379,0.900913472594629,0.8539987963271212,7101,781,1214,221304,8315,7882,0.09908652626236995,0.1460012026458208,1,2,8315.0,1802,0.21671677690920024,0.10835838845460012,2.0,0.9999870093372797,0.375,0.625,0.21875,0.5030375,6,10,['high_quality'],high_quality,High_Dice (>75%)
20160402_150314_641_721,0.853884477492238,0.7450247908900955,0.8462102214672285,0.8616992023010727,21938,3987,3521,200954,25459,25925,0.15378977820636452,0.1383007973604619,1,1,25459.0,7162,0.28131505557955927,0.14065752778977963,1.0,0.9999839928570711,0.375,0.625,0.1796875,0.5023124999999999,6,10,['high_quality'],high_quality,Medium_Dice (25-75%)
20160402_151049_1281_721,0.9366805679209692,0.8809023325093815,0.9036737052873816,0.9721900017053242,34364,3663,983,191390,35347,38027,0.0963262944749783,0.027809998019633915,2,1,17673.5,3596,0.10173423487141765,0.05086711743570883,0.5,0.99997832043954,0.4375,0.5625,0.1484375,0.502375,7,9,['high_quality'],high_quality,High_Dice (>75%)
20160402_151049_1921_1081,0.9307317592926685,0.8704380471236856,0.9038781446746319,0.9592298350660765,17387,1849,739,210425,18126,19236,0.0961218548554793,0.040770164404722496,1,1,18126.0,1926,0.10625620655412116,0.05312810327706058,1.0,0.9999815345623171,0.4375,0.5625,0.171875,0.5029,7,9,['high_quality'],high_quality,High_Dice (>75%)
20160402_151049_1921_721,0.9245362096211288,0.8596627965460628,0.898204105739915,0.9524588669427967,20956,2375,1046,206023,22002,23331,0.1017958938751018,0.047541132624306884,1,1,22002.0,2377,0.10803563312426143,0.05401781656213071,1.0,0.9999809381724756,0.4375,0.5625,0.171875,0.5027625,7,9,['high_quality'],high_quality,High_Dice (>75%)
20160402_151049_1_361,0.8855491327828549,0.794605808862734,0.8183760680940253,0.9647355159808502,23746,5270,868,200516,24614,29016,0.18162393162393162,0.03526448362720403,2,1,12307.0,4093,0.16628747867067523,0.08314373933533761,0.5,0.9999833312144653,0.4375,0.5625,0.1640625,0.50245,7,9,['high_quality'],high_quality,High_Dice (>75%)
20160402_151049_1_721,0.8453613451731322,0.7321436378724824,0.7584160206794364,0.9548228846301849,16739,5332,792,207537,17531,22071,0.24158397897693806,0.04517711482516685,1,2,17531.0,4794,0.2734584450402145,0.13672922252010725,2.0,0.9999825212661477,0.4375,0.5625,0.1640625,0.5025,7,9,['boundary_margin_error'],boundary_margin_error,Medium_Dice (25-75%)
20160402_151049_641_361,0.7940609317507503,0.6584585843989171,0.6622708245021846,0.9913336495361884,2059,1050,18,227273,2077,3109,0.33772917336764235,0.008666345690900338,1,1,2077.0,517,0.24891670678863745,0.12445835339431872,1.0,0.9999836647619156,0.375,0.625,0.15625,0.50335,6,10,['boundary_margin_error'],boundary_margin_error,Medium_Dice (25-75%)
20160402_151049_641_721,0.931189246903494,0.8712386586733886,0.8930992950100144,0.9726729496277028,40043,4793,1125,184439,41168,44836,0.10690070479079311,0.027327050136027983,1,1,41168.0,4241,0.10301690633501749,0.051508453167508746,1.0,0.9999778668628528,0.4375,0.5625,0.1640625,0.5021125,7,9,['high_quality'],high_quality,High_Dice (>75%)
20160402_151054_1281_1081,0.9308316665889801,0.8706128282150881,0.9185675309544561,0.9434277192587615,15826,1403,949,212222,16775,17229,0.0814324685123919,0.05657228017883756,1,1,16775.0,2057,0.12262295081967213,0.061311475409836065,1.0,0.9999838654042772,0.5,0.5,0.1875,0.5025375,8,8,['high_quality'],high_quality,High_Dice (>75%)
20160402_151054_1281_361,0.9168051920234266,0.8463899432236336,0.8512420978226635,0.9933104614179924,5791,1012,39,223558,5830,6803,0.14875790092606203,0.006689536878216123,1,1,5830.0,732,0.12555746140651802,0.06277873070325901,1.0,0.9999923118061647,0.375,0.625,0.1640625,0.50325,6,10,['high_quality'],high_quality,High_Dice (>75%)
20160402_151054_1281_721,0.9487252935034403,0.9024523158795743,0.9219463309382148,0.9771064430075274,41400,3505,970,184525,42370,44905,0.07805366885647479,0.022893556761859807,1,1,42370.0,4055,0.09570450790653764,0.04785225395326882,1.0,0.999979485212253,0.4375,0.5625,0.1796875,0.5021249999999999,7,9,['high_quality'],high_quality,High_Dice (>75%)
20160402_151054_1921_361,0.8550765827080131,0.74684172739734,0.7774204658450554,0.9499684226019448,13538,3876,713,212273,14251,17414,0.22257953370851039,0.050031576731457444,3,1,4750.333333333333,3394,0.23815872570345942,0.11907936285172971,0.3333333333333333,0.9999891385797494,0.25,0.75,0.21875,0.5029625,4,12,['high_quality'],high_quality,Medium_Dice (25-75%)
20160402_151054_1_361,0.8877660818021235,0.7981828887582817,0.9204947852016339,0.8572848428797101,56928,4917,9477,159078,66405,61845,0.07950521464952705,0.14271515699119042,1,1,66405.0,5533,0.08332203900308711,0.04166101950154356,1.0,0.9999861622129202,0.5,0.5,0.140625,0.5019375,8,8,['high_quality'],high_quality,High_Dice (>75%)
20160402_151054_1_721,0.04597701134326104,0.023529411685615422,0.44585984421274877,0.024238227062887023,70,87,2818,227425,2888,157,0.554140127388535,0.9757617728531855,1,4,2888.0,396,0.1371191135734072,0.0685595567867036,4.0,0.9999872498257422,0.375,0.625,0.140625,0.503275,6,10,"['missed_crack_high_fn', 'thin_low_area_failure', 'fragmented_prediction']",missed_crack_high_fn,Low_Dice (<25%)
20160402_151054_641_361,0.9109206763740186,0.8364135252712344,0.9137718207425747,0.9080872681082212,10364,978,1049,218009,11413,11342,0.08622817845177218,0.09191273109611846,1,2,11413.0,1572,0.13773766757206693,0.06886883378603346,2.0,0.9999903010265292,0.4375,0.5625,0.1796875,0.50275,7,9,['high_quality'],high_quality,High_Dice (>75%)
20160402_151054_641_721,0.9390881353205418,0.88517073527524,0.9001963347103255,0.9814922173743512,22008,2440,415,205537,22423,24448,0.09980366492146597,0.018507782187932035,1,1,22423.0,2562,0.11425768184453464,0.05712884092226732,1.0,0.999985465904834,0.5,0.5,0.1875,0.502375,8,8,['high_quality'],high_quality,High_Dice (>75%)
20160405_171348_1281_361,0.6906891091775668,0.5275210906889469,0.5275210906889469,0.9999999923838538,1313,1176,0,227911,1313,2489,0.4724789071916432,0.0,1,4,1313.0,228,0.17364813404417365,0.08682406702208682,4.0,0.999972425931551,0.375,0.625,0.140625,0.5039,6,10,['fragmented_prediction'],fragmented_prediction,Low_Dice (<25%)
20160405_171348_1281_721,0.8798249804008569,0.7854352802080017,0.8272372618921296,0.9395526193132058,34988,7307,2251,185854,37239,42295,0.17276273791228278,0.06044738043449072,2,2,18619.5,4149,0.11141545154273745,0.055707725771368725,1.0,0.9999681336978896,0.4375,0.5625,0.1328125,0.5029750000000001,7,9,['high_quality'],high_quality,High_Dice (>75%)
20160405_171348_1921_721,0.8396455269023657,0.7236112294727342,0.8517476896213971,0.8278824561095668,33920,5904,7052,183524,40972,39824,0.1482523101647248,0.17211754368837254,4,3,10243.0,5734,0.13994923362296202,0.06997461681148101,0.75,0.9999651055884442,0.375,0.625,0.1484375,0.50315,6,10,['boundary_margin_error'],boundary_margin_error,Medium_Dice (25-75%)
20160405_171348_1_721,0.7442373036155481,0.5926575982534997,0.7437250491571318,0.7447502640387927,32416,11170,11110,175704,43526,43586,0.2562749506722342,0.25524973579010246,5,4,8705.2,8064,0.18526857510453523,0.09263428755226762,0.8,0.9999645556252621,0.375,0.625,0.15625,0.5029625,6,10,"['complex_topology', 'boundary_margin_error']",complex_topology,Medium_Dice (25-75%)
20160405_171348_641_721,0.8411618211933622,0.7258665071421654,0.8013651701892042,0.8851177127564132,31581,7828,4099,186892,35680,39409,0.19863482960745008,0.1148822869955157,3,2,11893.333333333334,4812,0.13486547085201794,0.06743273542600897,0.6666666666666666,0.999966714744434,0.3125,0.6875,0.15625,0.50315,5,11,['boundary_margin_error'],boundary_margin_error,Medium_Dice (25-75%)
20160407_163130_1281_721,0.9034868038664305,0.8239634571222929,0.9483848132306836,0.8626477211281337,18760,1021,2987,207632,21747,19781,0.05161518628987412,0.137352278475192,2,1,10873.5,4406,0.2026026578378627,0.10130132891893134,0.5,0.9999713294055843,0.4375,0.5625,0.140625,0.50285,7,9,['high_quality'],high_quality,High_Dice (>75%)
20160407_163130_1921_721,0.9020753002659119,0.8216185504200699,0.9634227572437336,0.8480729245439134,15909,604,2850,211037,18759,16513,0.03657724217283353,0.15192707500399807,1,1,18759.0,3963,0.2112585958739805,0.10562929793699025,1.0,0.9999768839842091,0.375,0.625,0.171875,0.5027875,6,10,['high_quality'],high_quality,High_Dice (>75%)
20160407_163130_1_361,0.8447929215022257,0.7312913305558951,0.8610655702415345,0.8291239114872773,2101,339,433,227527,2534,2440,0.1389344262295082,0.17087608524072612,2,2,1267.0,693,0.27348066298342544,0.13674033149171272,1.0,0.9999795264268124,0.375,0.625,0.203125,0.5028625,6,10,['boundary_margin_error'],boundary_margin_error,Medium_Dice (25-75%)
20160407_163130_1_721,0.8571007831604226,0.7499355765861282,0.9116596698755344,0.8087033842001315,14551,1410,3442,210997,17993,15961,0.08834032955328613,0.19129661535041406,4,2,4498.25,3803,0.21135997332295892,0.10567998666147946,0.5,0.9999746350287422,0.375,0.625,0.1484375,0.5026875000000001,6,10,['high_quality'],high_quality,Medium_Dice (25-75%)
20160407_163130_641_721,0.8926164590258703,0.8060589904024258,0.9462376800614081,0.8447465197873719,18146,1031,3335,207888,21481,19177,0.05376231944516869,0.15525347981937526,1,1,21481.0,3919,0.1824402960756017,0.09122014803780085,1.0,0.9999715089721338,0.375,0.625,0.15625,0.5028124999999999,6,10,['high_quality'],high_quality,High_Dice (>75%)
20160407_163257_1281_1,0.884251070673957,0.7925179647791194,0.8022393376107265,0.984940021902688,11249,2773,172,216206,11421,14022,0.1977606618171445,0.015059977234918134,2,1,5710.5,2159,0.18903773750109448,0.09451886875054724,0.5,0.999991966494379,0.4375,0.5625,0.1484375,0.5025875,7,9,['high_quality'],high_quality,High_Dice (>75%)
20160407_163257_1281_361,0.8947061444077585,0.8094735530112531,0.8419319423762305,0.9545387987155646,13039,2448,621,214292,13660,15487,0.15806805708013172,0.045461200585651534,1,1,13660.0,3222,0.23587115666178624,0.11793557833089312,1.0,0.9999892010975966,0.4375,0.5625,0.1640625,0.5027125,7,9,['high_quality'],high_quality,High_Dice (>75%)
20160407_163257_1281_721,0.8697970057618776,0.7695936130024267,0.8366863894323651,0.9056362070799371,6363,1242,663,222132,7026,7605,0.16331360946745563,0.09436379163108455,1,1,7026.0,1974,0.28095644748078563,0.14047822374039282,1.0,0.9999830855559066,0.5,0.5,0.203125,0.5029250000000001,8,8,['high_quality'],high_quality,High_Dice (>75%)
20160407_163257_1921_1081,0.7843245857617361,0.64517598741864,0.6759756526125127,0.9340369377736858,5664,2715,400,221621,6064,8379,0.32402434658073753,0.06596306068601583,3,1,2021.3333333333333,2190,0.3611477572559367,0.18057387862796834,0.3333333333333333,0.9999810564179473,0.375,0.625,0.15625,0.5031,6,10,['boundary_margin_error'],boundary_margin_error,Medium_Dice (25-75%)
20160407_163257_1921_721,0.8616776782090796,0.7569716078776384,0.816190475080013,0.9125342243496589,5999,1351,575,222475,6574,7350,0.1838095238095238,0.08746577426224521,1,1,6574.0,2038,0.31000912686340126,0.15500456343170063,1.0,0.9999820781135462,0.375,0.625,0.1640625,0.5029375,6,10,['high_quality'],high_quality,Medium_Dice (25-75%)
20160407_163257_1_1,0.877158762697729,0.7811957145474843,0.8108331449095987,0.9553018224860136,10793,2518,505,216584,11298,13311,0.1891668544812561,0.04469817666843689,1,1,11298.0,3246,0.2873074880509825,0.14365374402549125,1.0,0.9999862506112691,0.4375,0.5625,0.171875,0.502575,7,9,['high_quality'],high_quality,High_Dice (>75%)
20160407_163257_641_361,0.8496948474950585,0.7386690789350423,0.806828391009139,0.8973718388154573,8980,2150,1027,218243,10007,11130,0.1931716082659479,0.10262816028779854,2,1,5003.5,3413,0.341061257120016,0.170530628560008,0.5,0.9999868869296883,0.5625,0.4375,0.1875,0.5025000000000001,9,7,['boundary_margin_error'],boundary_margin_error,Medium_Dice (25-75%)
20160407_165001_1281_1081,0.5003833016235394,0.3336741329736275,0.33954412149858687,0.9507415229058751,3590,6983,186,219641,3776,10573,0.6604558781802705,0.04925847457627119,2,5,1888.0,1841,0.4875529661016949,0.24377648305084745,2.5,0.9999865381797493,0.3125,0.6875,0.1796875,0.5029125,5,11,"['false_crack_high_fp', 'thin_low_area_failure', 'over_segmentation']",false_crack_high_fp,Low_Dice (<25%)
20160407_165001_1281_361,0.7828367448157512,0.6431649505367698,0.7143047057203505,0.8659145843143315,10746,4298,1664,213692,12410,15044,0.28569529380483916,0.13408541498791296,2,2,6205.0,2498,0.20128928283642225,0.10064464141821113,1.0,0.9999878651285284,0.4375,0.5625,0.1640625,0.50265,7,9,['boundary_margin_error'],boundary_margin_error,Medium_Dice (25-75%)
20160407_165001_1281_721,0.8137446302091521,0.6859776157241975,0.8487069825927368,0.7815488453374295,4168,743,1165,224324,5333,4911,0.15129301567908776,0.2184511531970748,1,2,5333.0,1172,0.21976373523345208,0.10988186761672604,2.0,0.9999847263134354,0.4375,0.5625,0.15625,0.5028125,7,9,['boundary_margin_error'],boundary_margin_error,Medium_Dice (25-75%)
20160407_165001_1921_361,0.6379890611716564,0.4684169876935645,0.5355818461317644,0.7888166429419593,3033,2630,812,223925,3845,5663,0.46441815292247923,0.21118335500650195,1,1,3845.0,1108,0.2881664499349805,0.14408322496749024,1.0,0.9999822975775103,0.25,0.75,0.171875,0.503225,4,12,['moderate_general_error'],moderate_general_error,Low_Dice (<25%)
20160407_165001_1921_721,0.6788611416791999,0.5138454125420616,0.5212081734745517,0.9732441456776465,6402,5881,176,217941,6578,12283,0.47879182610111537,0.026755852842809364,2,2,3289.0,2875,0.4370629370629371,0.21853146853146854,1.0,0.9999825588252873,0.3125,0.6875,0.1484375,0.5028874999999999,5,11,['moderate_general_error'],moderate_general_error,Low_Dice (<25%)
20160407_165001_1_1081,0.6184072645665323,0.4476046006224187,0.5089837566350672,0.7877641806723823,3541,3416,954,222489,4495,6957,0.49101624263331894,0.21223581757508342,2,2,2247.5,2332,0.5187986651835372,0.2593993325917686,1.0,0.9999865388442931,0.25,0.75,0.1875,0.5029125,4,12,['moderate_general_error'],moderate_general_error,Low_Dice (<25%)
20160407_165001_1_721,0.8687729608027117,0.767991685753187,0.907806645225842,0.8329576190075757,14780,1501,2964,211155,17744,16281,0.09219335421657146,0.1670423805229937,1,1,17744.0,3895,0.2195108205590622,0.1097554102795311,1.0,0.9999834787780497,0.375,0.625,0.15625,0.502525,6,10,['high_quality'],high_quality,Medium_Dice (25-75%)
20160407_165001_641_1081,0.4070851456317743,0.255559890420653,0.2615466521209282,0.9177954184129125,1965,5548,176,222711,2141,7513,0.7384533475309464,0.08220457730032694,2,2,1070.5,1225,0.572162540868753,0.2860812704343765,1.0,0.9999852218925662,0.25,0.75,0.203125,0.5030125,4,12,"['false_crack_high_fp', 'thin_low_area_failure', 'over_segmentation']",false_crack_high_fp,Low_Dice (<25%)
20160407_165001_641_361,0.8735080592858656,0.77542326555138,0.8386296510108507,0.9114135313189026,14198,2732,1380,212090,15578,16930,0.161370348493798,0.08858646809603286,1,1,15578.0,3166,0.2032353318782899,0.10161766593914495,1.0,0.999985455472633,0.3125,0.6875,0.1875,0.5023500000000001,5,11,['high_quality'],high_quality,High_Dice (>75%)
20160407_165001_641_721,0.5674398613242271,0.39610194783777525,0.40683707912892797,0.937544351046527,1321,1926,88,227065,1409,3247,0.5931629196181091,0.06245564229950319,2,4,704.5,474,0.33640880056777855,0.16820440028388928,2.0,0.9999839075493049,0.3125,0.6875,0.21875,0.5032375,5,11,['over_segmentation'],over_segmentation,Low_Dice (<25%)
IMG_2931_1297_485,0.8191837938349958,0.6937436914890421,0.7779349341501133,0.8650519003930421,2750,785,429,309668,3179,3535,0.22206506364922207,0.13494809688581316,8,4,397.375,1061,0.33375275243787356,0.16687637621893678,0.5,0.9999762713512277,0.5,0.5,0.171875,0.5039625000000001,8,8,"['complex_topology', 'boundary_margin_error']",complex_topology,Medium_Dice (25-75%)
IMG_2931_1297_969,0.9103069795445434,0.8353792879797142,0.8698787275730263,0.9546762581342839,10616,1588,504,300924,11120,12204,0.13012127171419208,0.045323741007194246,1,1,11120.0,2558,0.23003597122302158,0.11501798561151079,1.0,0.999970589098782,0.5,0.5,0.1640625,0.5036125,8,8,['high_quality'],high_quality,High_Dice (>75%)
IMG_2931_1945_485,0.8844989637689191,0.7929163084934072,0.8186375688312628,0.9618849602184946,5552,1230,220,306630,5772,6782,0.1813624299616632,0.038115038115038115,2,1,2886.0,1530,0.26507276507276506,0.13253638253638253,0.5,0.9999713105762601,0.5,0.5,0.171875,0.5034875000000001,8,8,['high_quality'],high_quality,High_Dice (>75%)
IMG_2931_1945_969,0.8631422585489553,0.7592350626449281,0.8177050008728348,0.9139262211696795,6392,1425,602,305213,6994,7817,0.18229499808110528,0.08607377752359165,1,1,6994.0,1920,0.2745210180154418,0.1372605090077209,1.0,0.9999676195760545,0.625,0.375,0.1796875,0.5032875,10,6,['high_quality'],high_quality,Medium_Dice (25-75%)
IMG_2931_1_485,0.8989441928239674,0.8164383557719594,0.8891331653637284,0.9089741526681788,16986,2118,1701,292827,18687,19104,0.11086683417085427,0.09102584684540055,1,1,18687.0,3905,0.20896880184085193,0.10448440092042596,1.0,0.9999615424012103,0.4375,0.5625,0.1796875,0.5035125,7,9,['high_quality'],high_quality,High_Dice (>75%)
IMG_2931_649_485,0.899633911740319,0.817576914936704,0.8664385946614267,0.9354741437242017,12410,1913,856,298453,13266,14323,0.1335614047336452,0.06452585557063169,2,4,6633.0,3277,0.2470224634403739,0.12351123172018695,2.0,0.9999686908303291,0.4375,0.5625,0.1484375,0.5035499999999999,7,9,['high_quality'],high_quality,High_Dice (>75%)
IMG_2931_649_969,0.6866621206847032,0.5228373684330887,0.525199859140772,0.9914698097672585,1511,1366,13,310742,1524,2877,0.47480013903371565,0.00853018372703412,1,5,1524.0,436,0.28608923884514437,0.14304461942257218,5.0,0.9999699553842999,0.4375,0.5625,0.171875,0.5040374999999999,7,9,['fragmented_prediction'],fragmented_prediction,Low_Dice (<25%)
IMG_2941_1297_485,0.8788092957723322,0.7838178576210191,0.7987454649344427,0.9767119480854709,10569,2663,252,300148,10821,13232,0.20125453446191052,0.023288051011921263,1,1,10821.0,2685,0.24812863875797062,0.12406431937898531,1.0,0.9999796430031981,0.3125,0.6875,0.203125,0.5037875,5,11,['high_quality'],high_quality,High_Dice (>75%)
IMG_2941_1297_969,0.7979724830654337,0.6638554207980517,0.6777367764415242,0.9700704206375774,4959,2358,153,306162,5112,7317,0.32226322263222634,0.02992957746478873,2,2,2556.0,2222,0.43466353677621283,0.21733176838810642,1.0,0.9999737141078149,0.4375,0.5625,0.15625,0.503925,7,9,['boundary_margin_error'],boundary_margin_error,Medium_Dice (25-75%)
IMG_2941_1945_485,0.8938998954334267,0.8081546071128007,0.8285110233594014,0.9704945864498022,13716,2839,417,296660,14133,16555,0.17148897614013894,0.02950541286351093,1,1,14133.0,3879,0.2744640203778391,0.13723201018891956,1.0,0.9999796167533739,0.375,0.625,0.171875,0.5033000000000001,6,10,['high_quality'],high_quality,High_Dice (>75%)
IMG_2941_1_485,0.7184413712350141,0.5605996909617491,0.6474110021886553,0.8069786187838269,4001,2179,957,306495,4958,6180,0.35258899676375405,0.19302137958854376,3,6,1652.6666666666667,1490,0.30052440500201694,0.15026220250100847,2.0,0.9999649501147301,0.375,0.625,0.171875,0.504075,6,10,['boundary_margin_error'],boundary_margin_error,Medium_Dice (25-75%)
IMG_2941_1_969,0.8884469350531338,0.7992843194540629,0.8333050696682168,0.9514036776849917,9828,1966,502,301336,10330,11794,0.16669492962523316,0.04859632139399806,3,3,3443.3333333333335,2424,0.2346563407550823,0.11732817037754115,1.0,0.9999729717568919,0.3125,0.6875,0.1640625,0.5038499999999999,5,11,['high_quality'],high_quality,High_Dice (>75%)
IMG_2941_649_969,0.9045233641478417,0.8256893251257922,0.8566168654983949,0.9581056458714614,12098,2025,529,298980,12627,14123,0.1433831338950648,0.04189435336976321,1,1,12627.0,3828,0.30315989546210503,0.15157994773105252,1.0,0.9999743059105322,0.4375,0.5625,0.140625,0.50345,7,9,['high_quality'],high_quality,High_Dice (>75%)
IMG_2942_1297_485,0.5884889262504156,0.41692122519955455,0.43191407706951085,0.9231399858103301,4504,5924,375,302829,4879,10428,0.5680859225163023,0.07686001229760196,3,1,1626.3333333333333,2380,0.4878048780487805,0.24390243902439024,0.3333333333333333,0.9999750335147373,0.25,0.75,0.21875,0.5025375000000001,4,12,['over_segmentation'],over_segmentation,Low_Dice (<25%)
IMG_2942_1945_485,0.5329708869405727,0.36329946160992294,0.36738394539726316,0.9703065103119204,3039,5233,93,305267,3132,8272,0.6326160541586073,0.029693486590038315,3,2,1044.0,1994,0.6366538952745849,0.31832694763729247,0.6666666666666666,0.9999733169450508,0.25,0.75,0.2265625,0.5026375000000001,4,12,"['thin_low_area_failure', 'over_segmentation']",thin_low_area_failure,Low_Dice (<25%)
IMG_2942_1_485,0.7111426538040039,0.5517621138622588,0.6007194236601127,0.8713043461424071,4509,2997,666,305460,5175,7506,0.39928057553956836,0.12869565217391304,5,2,1035.0,3132,0.6052173913043478,0.3026086956521739,0.4,0.9999695911987301,0.3125,0.6875,0.2421875,0.502475,5,11,"['complex_topology', 'boundary_margin_error']",complex_topology,Medium_Dice (25-75%)
IMG_2942_649_485,0.3556581983209682,0.2162921346144742,0.2196861624009719,0.9333333292929292,2156,7658,154,303664,2310,9814,0.7803138373751783,0.06666666666666667,3,1,770.0,1534,0.664069264069264,0.332034632034632,0.3333333333333333,0.999974563985912,0.1875,0.8125,0.25,0.5024375,3,13,"['false_crack_high_fp', 'thin_low_area_failure', 'over_segmentation']",false_crack_high_fp,Low_Dice (<25%)
