image_id,cohort,alpha,has_bridge,bridge_events,merged_gt_components,has_breakage,fragmented_gt_components,dice,precision,recall,cldice,transition,raw_R_norm,raw_sep_margin,raw_contrast_neck_crack,raw_E_neck,raw_E_crack,raw_E_bg,raw_cos_neck_crack
20160222_080850_1281_721,Consensus_7of7,1.0,True,1,2,False,0,0.701192250371272,0.5545079552134516,0.9533941236020599,0.8883610451306413,persistent,1.0243519910506955,0.011030805213461337,0.9889691947865387,1.5812437534332275,1.5988796949386597,2.323089122772217,0.5388181805610657
20160222_080850_641_361,Consensus_7of7,1.0,True,1,3,True,1,0.7785040339119983,0.7026560031592107,0.8727083205586653,0.862074686852795,persistent,0.711778126368296,-0.07620557220885482,1.0762055722088548,1.7575803995132446,1.6331260204315186,2.0649266242980957,0.9390013217926025
20160222_115224_1281_1,Consensus_7of7,1.0,True,2,9,False,0,0.5220316178940315,0.3650733910421856,0.915742270472231,0.7014770573298523,persistent,0.27225706475122907,0.05793977258651695,0.942060227413483,1.5820297002792358,1.6793286800384521,1.5456290245056152,0.9815144538879395
20160222_115224_1281_361,Consensus_7of7,1.0,True,1,2,True,1,0.4602723327839888,0.3177029539344811,0.8349619978239144,0.6172655063369936,persistent,3.932123168497614,-0.18329369079892954,1.1832936907989295,1.863629698753357,1.574950098991394,1.4764959812164307,0.7240959405899048
20160222_115224_1281_721,Consensus_7of7,1.0,True,1,2,False,0,0.7664129400564808,0.6830130016949081,0.8730130057787698,0.862052733612878,persistent,-6.6599599063011725,-0.23579939646352788,1.2357993964635279,1.955142855644226,1.5820865631103516,1.6307886838912964,0.7185477614402771
20160222_115224_641_1,Consensus_7of7,1.0,True,1,2,True,1,0.7136896707258041,0.6397452744358235,0.8069616218273531,0.854667546481388,persistent,3.761049439062454,-0.06232562338628278,1.0623256233862828,1.714722990989685,1.6141208410263062,1.5776846408843994,0.9813910126686096
20160222_115224_641_361,Consensus_7of7,1.0,True,1,2,False,0,0.7926045016066552,0.6762688614525005,0.9572815533949602,0.9135446357313876,persistent,0.05085031926759893,0.07369478072244096,0.926305219277559,1.5415220260620117,1.6641610860824585,1.5349516868591309,0.9136170744895935
20160222_115837_1281_1081,Consensus_7of7,1.0,True,1,4,False,0,0.6738672286608616,0.5086498309793027,0.9980491611353959,0.8616352201257861,persistent,1.3346646692987667,-0.064911913260145,1.064911913260145,1.798296570777893,1.6886800527572632,1.3611387014389038,0.9872656464576721
20160222_164851_1281_1081,Consensus_7of7,1.0,True,1,2,False,0,0.8833163545169788,0.8706936505470868,0.8963104325685491,0.9000036967210083,persistent,-14.657913211355359,-0.06492084778467744,1.0649208477846774,1.3956142663955688,1.3105323314666748,1.3159661293029785,0.9417327642440796
20160222_164851_641_361,Consensus_7of7,1.0,True,1,5,True,1,0.816605598156304,0.7291554236368529,0.9278908060769783,0.86415133255742,persistent,1.7385894026544908,-0.05981848227175046,1.0598184822717505,1.558580994606018,1.47061026096344,1.351503849029541,0.9562638998031616
20160222_165225_1921_721,Consensus_7of7,1.0,True,1,2,False,0,0.6667031523639083,0.5169311720270585,0.9386654338096183,0.8853887913909222,persistent,0.7121090550133211,0.03450961074316328,0.9654903892568367,1.4862831830978394,1.5394065380096436,1.3548805713653564,0.9658498167991638
20160222_165402_1281_361,Consensus_7of7,1.0,True,1,2,False,0,0.8714610143826033,0.7823486770561957,0.9834833124490449,0.9089459446043879,persistent,0.09729480824268522,0.19315209610816875,0.8068479038918313,1.2427163124084473,1.5402103662490845,1.2106519937515259,0.8564119338989258
20160222_165926_1281_361,Consensus_7of7,1.0,True,1,2,False,0,0.4721169463987148,0.30929297706240416,0.9969512195045965,0.7831932773109244,persistent,0.1207906451350358,0.13705153629390576,0.8629484637060942,1.2730319499969482,1.4752110242843628,1.245255470275879,0.9868120551109314
20160222_165926_1921_721,Consensus_7of7,1.0,True,1,4,False,0,0.7132571607444723,0.5773470163428641,0.9328556806531569,0.9150420507325392,persistent,0.5141855433201076,0.038353745783908155,0.9616462542160918,1.3522887229919434,1.406221628189087,1.2952061891555786,0.9816053509712219
20160222_165926_1_721,Consensus_7of7,1.0,True,1,2,False,0,0.6067804428037283,0.4457810911547852,0.9498194945814087,0.8283884018880647,persistent,0.026696757571229884,0.11681415975238496,0.883185840247615,1.1801111698150635,1.336197018623352,1.1758298873901367,0.9636375904083252
20160222_165926_641_361,Consensus_7of7,1.0,True,1,2,False,0,0.6516280059580212,0.48595461037853366,0.9886987407136303,0.9164785553047404,persistent,0.18686418446137631,0.12066610664568145,0.8793338933543186,1.2170979976654053,1.3841125965118408,1.1787168979644775,0.9405853152275085
20160302_155857_641_721,Consensus_7of7,1.0,True,1,3,False,0,0.7034050179209218,0.5566529909332134,0.955236853541108,0.8119418600306393,persistent,0.40916532279159057,-0.16181713606385673,1.1618171360638567,1.778622031211853,1.530895709991455,1.9501776695251465,0.8431390523910522
20160307_144202_1281_361,Consensus_7of7,1.0,True,1,5,False,0,0.5992920914994985,0.4494809414371586,0.8988906497608575,0.744680071786983,persistent,-0.8385366878314332,-0.2391083756541963,1.2391083756541963,1.8059688806533813,1.4574735164642334,1.6470239162445068,0.9896833896636963
20160307_144202_1281_721,Consensus_7of7,1.0,True,1,5,False,0,0.5275260154409805,0.35846259124046703,0.998411689958709,0.6128048780487805,persistent,-1.7539987032055582,-0.21612029832407376,1.2161202983240738,1.820594310760498,1.497050166130066,1.6145317554473877,0.982364296913147
20160307_144202_1921_361,Consensus_7of7,1.0,True,1,3,False,0,0.6319388464209502,0.47085870510729844,0.96053743450992,0.7815718359874216,persistent,-2.6295011552781884,-0.2687056108331247,1.2687056108331247,1.717893362045288,1.3540509939193726,1.4542968273162842,0.9811654686927795
20160307_144202_1_361,Consensus_7of7,1.0,True,1,6,False,0,0.7902823018456053,0.6814436850478974,0.9404961881373947,0.8411299155566546,persistent,-0.22120416088342065,-0.13742800919854004,1.13742800919854,1.6571731567382812,1.4569467306137085,1.6209049224853516,0.9823867678642273
20160307_144202_641_361,Consensus_7of7,1.0,True,1,10,False,0,0.7008275405492549,0.5513541666663795,0.9614895549491721,0.8573967102840322,persistent,-0.8820810945450663,-0.19586621233864343,1.1958662123386434,1.8478384017944336,1.54518723487854,1.705993890762329,0.9908482432365417
20160307_145059_1281_361,Consensus_7of7,1.0,True,1,3,False,0,0.8431186191247376,0.7455403133976329,0.9700860730908917,0.8447905270609434,persistent,-0.2595694383431429,-0.1760381170772265,1.1760381170772265,1.491087555885315,1.2678894996643066,1.4450913667678833,0.9840207099914551
20160307_145059_1921_1081,Consensus_7of7,1.0,True,1,2,False,0,0.750939718779931,0.6031533042596409,0.9946524064152782,0.929570643979,persistent,-1.637933160685658,0.050442482820767354,0.9495575171792326,1.2960927486419678,1.3649429082870483,1.3388428688049316,0.9511620998382568
20160307_145059_1921_721,Consensus_7of7,1.0,True,1,2,False,0,0.7958069062713214,0.6956722624353986,0.9296151471477061,0.8915416135544261,persistent,-11.813918831652675,-0.04605785492116454,1.0460578549211645,1.3967939615249634,1.3352922201156616,1.3400918245315552,0.8856499195098877
20160307_145059_641_721,Consensus_7of7,1.0,True,1,2,False,0,0.8682274776552763,0.7835117773013679,0.9734835047880689,0.9822006472491909,persistent,-0.44779943981073006,-0.1912415115095476,1.1912415115095476,1.591325283050537,1.3358534574508667,1.5123087167739868,0.8975288271903992
20160310_114505_1281_1,Consensus_7of7,1.0,True,1,4,False,0,0.42499999999950805,0.26984126984087325,0.9999999999945535,0.7193548387096774,persistent,0.5476229740615817,0.06240217971205242,0.9375978202879476,1.365930199623108,1.4568392038345337,1.2558807134628296,0.996636688709259
20160310_114505_641_1,Consensus_7of7,1.0,True,1,4,True,1,0.5531275607753666,0.3900606761047962,0.9504811077189615,0.7509229098805646,persistent,0.655963549975424,0.02748963404459359,0.9725103659554064,1.3460948467254639,1.3841434717178345,1.2735487222671509,0.9803849458694458
20160310_114505_641_1081,Consensus_7of7,1.0,True,1,3,False,0,0.5931230060258113,0.42243991112863816,0.9952414941684624,0.7216709725445548,persistent,6.468128113267735,-0.15664852187170708,1.156648521871707,1.569175124168396,1.3566558361053467,1.3177907466888428,0.9704314470291138
20160310_114505_641_361,Consensus_7of7,1.0,True,1,5,False,0,0.515802469135484,0.3494479759113838,0.9844486333624306,0.6791126875089686,persistent,2.07993271623304,-0.056038967037772114,1.0560389670377721,1.4595575332641602,1.382104754447937,1.310384750366211,0.9947670102119446
20160310_114505_641_721,Consensus_7of7,1.0,True,1,4,False,0,0.5926633028769994,0.421573382480918,0.9974753270576142,0.7931021384890037,persistent,-0.3317296183823948,-0.10877949176695911,1.1087794917669591,1.5074565410614014,1.359562873840332,1.4706166982650757,0.9860597252845764
20160316_142539_1281_721,Consensus_7of7,1.0,True,1,2,False,0,0.7256078588252987,0.6113857677898041,0.892314420027449,0.7716996767077883,persistent,1.00722119797633,-0.0005663513284441812,1.0005663513284442,1.4360382556915283,1.4352244138717651,1.3225226402282715,0.7775896191596985
20160316_142539_1921_361,Consensus_7of7,1.0,True,2,7,False,0,0.6675477050023635,0.529018085214811,0.9043668122262843,0.6942671274385505,persistent,0.5229187214021245,0.023931998242627817,0.9760680017573722,1.4346587657928467,1.4698338508605957,1.396104097366333,0.9852983355522156
20160316_142539_1_721,Consensus_7of7,1.0,True,2,6,False,0,0.680151008256137,0.5619516153570209,0.8613184079595294,0.7294096389500312,persistent,2.9816550789473126,-0.07515472978953586,1.0751547297895359,1.5909103155136108,1.4797025918960571,1.423583984375,0.9116150736808777
20160316_142539_641_721,Consensus_7of7,1.0,True,2,4,True,2,0.5559832635981713,0.43187727509081647,0.780178487552231,0.5774117782843294,persistent,0.2901539251811221,-0.043194221532396604,1.0431942215323966,1.6073049306869507,1.5407522916793823,1.634508728981018,0.9350393414497375
20160316_143445_1281_1081,Consensus_7of7,1.0,True,1,2,False,0,0.7593463728636304,0.7164213968682167,0.8077429549623183,0.8713787664978833,persistent,1.3455935676014392,-0.01611977363761019,1.0161197736376102,1.4753202199935913,1.451914668083191,1.3841890096664429,0.9571500420570374
20160316_143445_1281_361,Consensus_7of7,1.0,True,1,2,False,0,0.8977412731002808,0.8352785883001005,0.9703010249366715,0.9695832677713359,persistent,0.6887055312081971,-0.06122313249369671,1.0612231324936967,1.4555376768112183,1.3715651035308838,1.6413179636001587,0.6655288934707642
20160316_143445_1921_1081,Consensus_7of7,1.0,True,1,2,False,0,0.6825723165189181,0.5857541440993059,0.8177339901468463,0.7044396968011939,persistent,0.05440854386112487,-0.04523214919837071,1.0452321491983707,1.6721675395965576,1.5998039245605469,1.6763312816619873,0.9408572912216187
20160316_143527_1281_361,Consensus_7of7,1.0,True,1,2,False,0,0.6731008717299609,0.6603543066565047,0.6863492063470275,0.5543801114863491,persistent,0.4353683260014571,-0.0316821966602554,1.0316821966602554,1.4951891899108887,1.4492720365524292,1.5305943489074707,0.9343050718307495
20160316_143527_1281_721,Consensus_7of7,1.0,True,1,4,False,0,0.75378139599409,0.7370753991583803,0.7712622462015375,0.8126086821856349,persistent,-0.3814482677485095,0.08091555066190936,0.9190844493380906,1.4786827564239502,1.6088639497756958,1.5146286487579346,0.9785642027854919
20160316_143527_1_361,Consensus_7of7,1.0,True,1,2,False,0,0.7143853774233091,0.5680053250486621,0.9624060150339759,0.9300039323633504,persistent,1.0809388025248765,-0.007942334251273664,1.0079423342512737,1.7222900390625,1.7087178230285645,1.5410329103469849,0.9411994814872742
20160316_143527_641_361,Consensus_7of7,1.0,True,2,5,False,0,0.7839600219389409,0.7496503496499127,0.8215608634558554,0.7896165188604851,persistent,-0.9037086267315529,-0.10875198554700449,1.1087519855470045,1.6849400997161865,1.5196716785430908,1.6064856052398682,0.9886572360992432
20160318_181632_1281_361,Consensus_7of7,1.0,True,1,6,False,0,0.8504616963063084,0.9161549797369163,0.7935591958300199,0.9458754279034818,persistent,0.7982645669727566,-0.033926164093711186,1.0339261640937112,1.375795841217041,1.3306509256362915,1.5544337034225464,0.9526076912879944
20160318_181632_1921_1,Consensus_7of7,1.0,True,1,3,False,0,0.7839175674302616,0.81171548116985,0.7579605391663256,0.7061460547044334,persistent,0.3619650987266813,-0.14853350561685308,1.148533505616853,1.497294545173645,1.3036566972732544,1.6071476936340332,0.8770187497138977
20160321_185557_1921_361,Consensus_7of7,1.0,True,1,2,False,0,0.7661653818607497,0.6366563987674064,0.9618191433094004,0.9513731442621459,persistent,1.188729005824598,0.03647845016766593,0.9635215498323341,1.2350425720214844,1.2817996740341187,1.5295469760894775,0.9725562334060669
20160324_170347_1281_1,Consensus_7of7,1.0,True,1,2,False,0,0.8755121805849098,0.891248293643423,0.8603221083442748,0.9588688946015425,persistent,1.333038589754232,-0.02590807174687848,1.0259080717468785,1.306732177734375,1.2737312316894531,1.1746407747268677,0.9306003451347351
20160324_170347_1281_361,Consensus_7of7,1.0,True,1,5,False,0,0.8082318840575025,0.7275099144221169,0.909102764735382,0.8872912484463087,persistent,0.4579882982990068,0.05720711957401914,0.9427928804259809,1.2638087272644043,1.3404935598373413,1.1990116834640503,0.9695150852203369
20160324_170347_641_361,Consensus_7of7,1.0,True,1,3,True,1,0.7500754906887266,0.638779358819409,0.9083373963897895,0.9333092925240596,persistent,0.6850762138658851,0.030021850822421592,0.9699781491775784,1.4179773330688477,1.4618642330169678,1.3225070238113403,0.9025154709815979
20160328_151020_1281_361,Consensus_7of7,1.0,True,1,6,False,0,0.592754694661957,0.44633472877863795,0.8821406566315622,0.7671497648936774,persistent,255.66861538461538,0.07270487282547444,0.9272951271745256,1.2584261894226074,1.3570924997329712,1.3574799299240112,0.9921939969062805
20160328_151020_641_361,Consensus_7of7,1.0,True,2,5,False,0,0.5906704361871008,0.4495159059470958,0.861053871061435,0.6494057724957555,persistent,-0.21545127978148224,0.0846662838909581,0.9153337161090419,1.2811697721481323,1.3996740579605103,1.3021758794784546,0.9667415618896484
20160328_151057_1281_1,Consensus_7of7,1.0,True,1,3,False,0,0.8184512050564812,0.7818456312497041,0.8586528497391531,0.945711342164678,persistent,3.199945539455373,-0.17494497365344186,1.1749449736534419,1.636457920074463,1.3927943706512451,1.28203547000885,0.9102019667625427
20160328_151057_1281_1081,Consensus_7of7,1.0,True,1,2,False,0,0.5401906131985792,0.38562259306754093,0.9015606242469941,0.6920183412436651,persistent,0.827261370404265,0.009828054013812704,0.9901719459861873,1.4283033609390259,1.442479133605957,1.3604142665863037,0.8218184113502502
20160328_151057_1281_361,Consensus_7of7,1.0,True,1,2,False,0,0.8280244658028214,0.7742127153880359,0.8898753628122078,0.9168499805902904,persistent,-1.564199306982238,0.11895879955003774,0.8810412004499623,1.2132818698883057,1.3770990371704102,1.3132127523422241,0.9010757803916931
20160328_151057_641_1081,Consensus_7of7,1.0,True,1,2,False,0,0.738366480014734,0.6551310604751497,0.8458305684564348,0.9143777688280306,persistent,1.895319207792277,-0.027572896933312663,1.0275728969333127,1.4953793287277222,1.455252766609192,1.410434603691101,0.9357767105102539
20160328_151057_641_721,Consensus_7of7,1.0,True,1,2,False,0,0.7869404240989675,0.7445859872599608,0.8344039971434076,0.9050694008378711,persistent,6.542840496727134,-0.22464800852854627,1.2246480085285463,1.8671342134475708,1.5246282815933228,1.4628357887268066,0.9561444520950317
20160328_151244_1921_721,Consensus_7of7,1.0,True,1,2,False,0,0.8897974477087909,0.852986541021181,0.9299288231633543,0.8992701055818335,persistent,0.6554268803167599,0.026970844079734713,0.9730291559202653,1.1647577285766602,1.1970419883728027,1.1033484935760498,0.9808458089828491
20160328_151752_1921_721,Consensus_7of7,1.0,True,1,3,False,0,0.762722601534276,0.9046585406573692,0.6592844974443663,0.9334734727606036,persistent,105.68021905077995,-0.06121529390126712,1.0612152939012671,1.3035918474197388,1.2283942699432373,1.2276759147644043,0.9661670923233032
20160328_151752_1_721,Consensus_7of7,1.0,True,1,4,False,0,0.4742177170549268,0.31080300404300754,0.9999999999907064,0.4229390681003585,persistent,1.2276999812894522,0.009410724943482274,0.9905892750565177,1.1606736183166504,1.1716991662979126,1.2201205492019653,0.9457846283912659
20160328_151752_641_361,Consensus_7of7,1.0,True,1,3,False,0,0.796946491354622,0.8034084288207402,0.7905876731959911,0.8752392888412621,persistent,1.7535703018404611,-0.034178029744821536,1.0341780297448215,1.3526761531829834,1.3079712390899658,1.2486470937728882,0.9941672086715698
20160328_152022_1_361,Consensus_7of7,1.0,True,1,2,False,0,0.6829413515917193,0.5467111534782013,0.9095955590764886,0.6774193548387097,persistent,1.7785473929177935,0.03770684173416761,0.9622931582658324,1.20506751537323,1.2522863149642944,1.3129361867904663,0.9761590361595154
20160328_152022_641_721,Consensus_7of7,1.0,True,1,2,False,0,0.8034202898548397,0.7400939869695929,0.8785976924046668,0.8921036359339438,persistent,-0.5363386639483394,0.06186218059691795,0.938137819403082,1.1961220502853394,1.2749950885772705,1.2236567735671997,0.8593963384628296
20160328_153548_1921_721,Consensus_7of7,1.0,True,1,2,False,0,0.899855765151475,0.9085665334089613,0.8913104375590277,0.9650752749743515,persistent,11.74781022387359,-0.07635839837977731,1.0763583983797773,1.3464155197143555,1.2508978843688965,1.2420107126235962,0.781806230545044
20160328_153548_641_361,Consensus_7of7,1.0,True,1,7,True,1,0.6595462695870744,0.6068866571009944,0.7222127368947888,0.762907896921289,persistent,-0.21512814883515316,-0.07368882042578351,1.0736888204257835,1.4131962060928345,1.3162055015563965,1.3960248231887817,0.9901354908943176
20160328_153604_641_361,Consensus_7of7,1.0,True,1,2,False,0,0.753346923034336,0.6816550348949743,0.8418913926851115,0.8788603924439062,persistent,8.173739940004344,-0.252886302632096,1.252886302632096,1.54090416431427,1.2298824787139893,1.186526894569397,0.9538465738296509
20160328_153620_1281_721,Consensus_7of7,1.0,True,2,11,False,0,0.8543915128020292,0.7729991139985333,0.9549413964514275,0.9309202071731765,persistent,-4.232819031694155,-0.09473647765964732,1.0947364776596473,1.4225999116897583,1.2994897365570068,1.3230162858963013,0.9775549173355103
20160328_153620_1921_361,Consensus_7of7,1.0,True,1,2,False,0,0.9122190782839119,0.8910067028810029,0.9344661002828804,0.9174522649320148,persistent,-1.395498401914707,-0.07765576390307483,1.0776557639030748,1.3229464292526245,1.2276140451431274,1.2674105167388916,0.9827413558959961
20160328_153620_1_361,Consensus_7of7,1.0,True,1,2,False,0,0.9321328568554119,0.9059661995546684,0.9598559913336859,0.9790138544546195,persistent,0.8598052585348714,0.14019541723380935,0.8598045827661907,1.0939608812332153,1.2723356485366821,0.0,0.929562509059906
20160328_153620_641_721,Consensus_7of7,1.0,True,1,3,False,0,0.8808077866976332,0.8700234192035684,0.8918628648441874,0.931070915192768,persistent,1.5575417903337012,0.01703658660519569,0.9829634133948043,1.295977234840393,1.318437933921814,1.3587231636047363,0.9675619006156921
20160328_153629_1_361,Consensus_7of7,1.0,True,1,3,False,0,0.9236339884129099,0.8872974300210381,0.963073734083221,0.9561175725697821,persistent,-0.9876103295473643,0.0866189371506424,0.9133810628493576,1.1744810342788696,1.2858599424362183,1.229823350906372,0.9916583895683289
20160328_153629_641_721,Consensus_7of7,1.0,True,1,6,False,0,0.9433443157499842,0.9229670000993908,0.964641728317542,0.981362552630244,persistent,2.6519693972831053,-0.030260502266087563,1.0302605022660876,1.3355400562286377,1.2963119745254517,1.2725657224655151,0.9479334950447083
20160328_153829_1281_361,Consensus_7of7,1.0,True,1,7,False,0,0.8846115288219285,0.8248050421961264,0.953769185633256,0.9524431694984787,persistent,-30.892397929844737,-0.1354603304174915,1.1354603304174915,1.3854602575302124,1.220173954963684,1.2253565788269043,0.9667569994926453
20160328_153829_1281_721,Consensus_7of7,1.0,True,1,3,False,0,0.8041138483606742,0.7464476021297815,0.8714359771879953,0.9464503592570834,persistent,2.602559977617682,-0.18258442521252172,1.1825844252125217,1.5921298265457153,1.3463128805160522,1.1929227113723755,0.916006326675415
20160328_153829_1921_1,Consensus_7of7,1.0,True,1,10,False,0,0.830973412046511,0.7419840672186033,0.9442174812120118,0.9239255856888684,persistent,2.3138126688294065,-0.039376103394103135,1.0393761033941031,1.2794189453125,1.2309479713439941,1.1940546035766602,0.9942328929901123
20160328_153829_1_1,Consensus_7of7,1.0,True,1,4,False,0,0.8310055511898733,0.7361235854137165,0.9539661293133015,0.9265161218359238,persistent,1.5566028889397343,-0.027950890968347242,1.0279508909683472,1.3011130094528198,1.2657335996627808,1.202170491218567,0.9878790378570557
20160328_153829_641_1,Consensus_7of7,1.0,True,1,3,False,0,0.8613897063236859,0.8571172463243354,0.8657049734422587,0.9145982312169866,persistent,0.7946927570421546,0.0058277804019326584,0.9941722195980673,1.1894891262054443,1.1964608430862427,1.1625033617019653,0.9911155104637146
20160328_153829_641_1081,Consensus_7of7,1.0,True,1,2,False,0,0.7607133351072926,0.6363130357334561,0.9455748552507104,0.8516199662268527,persistent,1.5686773097675244,-0.05923192060967453,1.0592319206096745,1.364944577217102,1.2886162996292114,1.154395580291748,0.9529995918273926
20160328_153829_641_721,Consensus_7of7,1.0,True,1,2,False,0,0.8286895559934772,0.7160608884724571,0.9833617747398321,0.9482193576578545,persistent,4.272625727689659,-0.1547267327736772,1.1547267327736772,1.5508999824523926,1.3430873155593872,1.2795870304107666,0.9588038325309753
20160329_103807_361_1,Consensus_7of7,1.0,True,1,2,False,0,0.7775344031234757,0.8679175082380844,0.7042004485075452,0.9615719651975114,persistent,2.004712311637789,0.12094422410479,0.87905577589521,1.3533756732940674,1.539577841758728,1.7249066829681396,0.7793269157409668
20160329_103807_361_1281,Consensus_7of7,1.0,True,1,3,False,0,0.7196652719664096,0.7833760318813039,0.6655380894798473,0.7296127799467264,persistent,0.3927213383773194,-0.06734008292094695,1.067340082920947,1.6445515155792236,1.5407932996749878,1.7116509675979614,0.9799482226371765
20160329_103807_361_1921,Consensus_7of7,1.0,True,1,3,False,0,0.6478899320406926,0.8580958453912503,0.5204069490717158,0.7204236420355773,persistent,0.9231680953354056,-0.011753942117560312,1.0117539421175603,1.4659632444381714,1.4489315748214722,1.670606017112732,0.9802876710891724
20160330_165956_1281_721,Consensus_7of7,1.0,True,1,5,False,0,0.6548061603820208,0.5266529984618771,0.8653846153834006,0.8743139211633048,persistent,0.35895179494626944,0.09437991079799135,0.9056200892020086,1.272413730621338,1.4050183296203613,1.1981624364852905,0.9839377403259277
20160330_165956_1921_721,Consensus_7of7,1.0,True,1,2,False,0,0.7189246906596828,0.5980771240457747,0.9009760705275489,0.900583709430627,persistent,0.11032754258493818,0.13726434872052118,0.8627356512794788,1.1508324146270752,1.3339329957962036,1.1281262636184692,0.9952429533004761
20160330_165956_1_721,Consensus_7of7,1.0,True,2,3,True,1,0.6912910406227801,0.5503378004202565,0.9293061529812431,0.8807919079412292,persistent,-0.17022864283724626,0.1265409164499519,0.8734590835500481,1.1304104328155518,1.2941757440567017,1.1542327404022217,0.9982587099075317
20160330_165956_641_721,Consensus_7of7,1.0,True,1,2,False,0,0.8131915350731479,0.7236401873618931,0.9280372686025156,0.9564728514031763,persistent,1.2063963745578872,-0.03833940404817349,1.0383394040481735,1.4239071607589722,1.3713301420211792,1.1165920495986938,0.0
20160330_172309_1281_721,Consensus_7of7,1.0,True,1,3,False,0,0.8726924352406367,0.8420977777774783,0.9055940045115644,0.9671165138202817,persistent,0.9979146314647326,0.00019516468632496675,0.999804835313675,1.418270230293274,1.4185460805892944,1.2862671613693237,0.9807702302932739
20160402_150314_1281_721,Consensus_7of7,1.0,True,1,2,False,0,0.8514708825291769,0.8384833674910621,0.8648670623620904,0.978025155414197,persistent,2.285751123554115,-0.046393196048305496,1.0463931960483055,1.4076600074768066,1.3452485799789429,1.2967077493667603,0.9597347378730774
20160402_151049_1_361,Consensus_7of7,1.0,True,1,2,False,0,0.9064594877357101,0.8664074074070864,0.9503940846668764,0.9259358533047727,persistent,0.30010921238596944,0.09264747982467314,0.9073525201753269,1.221053123474121,1.3457307815551758,1.1675920486450195,0.9817151427268982
20160402_151054_1921_361,Consensus_7of7,1.0,True,1,3,False,0,0.8682580056085344,0.8110265001518057,0.9341800575391662,0.9608484395440104,persistent,0.4712386517284552,0.06407452956612447,0.9359254704338755,1.2876919507980347,1.3758478164672852,1.209126353263855,0.9869142770767212
20160407_163130_1_721,Consensus_7of7,1.0,True,1,2,False,0,0.8435970266511019,0.9243758691471263,0.7758017006609371,0.9075499225545656,persistent,3.9395863823262944,-0.11978809153231396,1.119788091532314,1.5041371583938599,1.3432327508926392,1.288495659828186,0.6963095664978027
20160407_163257_1281_1,Consensus_7of7,1.0,True,1,2,False,0,0.882009483129871,0.7982692580502211,0.9853778128001178,0.9957203994293866,persistent,0.45008816457387124,-0.005288401961984768,1.0052884019619848,1.165892243385315,1.1597579717636108,1.1709129810333252,0.9384801387786865
20160407_163257_1921_1081,Consensus_7of7,1.0,True,1,3,False,0,0.8110121220966766,0.7277850589767657,0.9157321899721047,0.9173948731359004,persistent,0.16256313293938035,0.04482897262967411,0.9551710273703259,1.2386283874511719,1.296759843826294,1.2273439168930054,0.9940678477287292
20160407_163257_641_361,Consensus_7of7,1.0,True,1,2,False,0,0.8630538088605275,0.8304082763709306,0.8983711402009609,0.9955332696737522,persistent,0.2711737620578778,0.06647185299208913,0.9335281470079109,1.1858760118484497,1.2703152894973755,1.15445876121521,0.9396480321884155
20160407_165001_1281_1081,Consensus_7of7,1.0,True,1,2,False,0,0.5487347703838263,0.38912272928623265,0.9303495762687226,0.6392155054487327,persistent,0.055793910331276876,-0.050667104611180847,1.0506671046111808,1.358955979347229,1.2934210300445557,1.3628284931182861,0.9826086163520813
20160407_165001_1921_721,Consensus_7of7,1.0,True,1,2,False,0,0.7090512290370382,0.5697803212104764,0.9384311340818814,0.9130045109086016,persistent,4.397536034531487,-0.1257286511779685,1.1257286511779685,1.411415457725525,1.2537784576416016,1.207381010055542,0.9779413342475891
IMG_2931_1297_485,Consensus_7of7,1.0,True,1,3,False,0,0.8096514745296887,0.7341351074699741,0.9024850581915619,0.7998671153574044,persistent,1.056696926884381,0.03165979081289638,0.9683402091871036,1.216975212097168,1.2567631006240845,1.9585275650024414,0.9758316874504089
IMG_2931_1945_485,Consensus_7of7,1.0,True,1,2,False,0,0.879164993977616,0.8192428550040113,0.9485446985430552,0.9669117837580129,persistent,0.5396621940734737,-0.12166624557993666,1.1216662455799367,1.4493355751037598,1.2921262979507446,1.6336348056793213,0.9643048048019409
IMG_2941_1_969,Consensus_7of7,1.0,True,1,2,False,0,0.8871305138695375,0.8365351629495398,0.9442400774434228,0.9184219138402835,persistent,0.5507784112699362,-0.16760433774458128,1.1676043377445813,1.471779465675354,1.2605111598968506,1.7308098077774048,0.9156063795089722
IMG_2942_1297_485,Consensus_7of7,1.0,True,1,3,False,0,0.5778821140786892,0.41848924829956025,0.9333879893401652,0.791044776119403,persistent,0.9384388283695311,0.007140376873205123,0.9928596231267949,1.4186372756958008,1.4288387298583984,1.263126254081726,0.9585099816322327
IMG_2942_1945_485,Consensus_7of7,1.0,True,1,3,False,0,0.5087319665903073,0.34571723426172946,0.962643678157846,0.7208413001912046,persistent,-0.6620085192524349,0.10283895455382064,0.8971610454461794,1.2534457445144653,1.3971235752105713,1.3106752634048462,0.9884693622589111
IMG_2942_1_485,Consensus_7of7,1.0,True,1,5,True,1,0.6846004459464254,0.5452566452789352,0.9196135265682713,0.8929958295282409,persistent,-0.07620797530088387,0.02801704368740221,0.9719829563125978,1.3032604455947876,1.3408254384994507,1.3059204816818237,0.9596685171127319
IMG_2942_649_485,Consensus_7of7,1.0,True,1,3,False,0,0.3418579571712048,0.20792728635662674,0.9606060606019022,0.5141520200867382,persistent,0.7579989333773339,0.03864319507959324,0.9613568049204068,1.4614883661270142,1.5202341079711914,1.2774841785430908,0.99173504114151
20160222_115837_1281_361,Cured_by_D2,1.0,True,1,2,False,0,0.7635944700452032,0.6303975651500278,0.9681565877856613,0.9301394100834127,persistent,-0.576329348114797,0.14707418737549027,0.8529258126245097,1.423683524131775,1.6691752672195435,1.5134389400482178,0.9782822728157043
20160307_145059_1281_721,Cured_by_D2,1.0,True,1,2,False,0,0.7456438808120704,0.6037231822350749,0.9747944466896148,0.9039801053661297,persistent,0.2099474183188753,0.1411641840411324,0.8588358159588676,1.385265588760376,1.6129564046859741,1.3247593641281128,0.9762976169586182
20160316_143527_1921_361,Cured_by_D2,1.0,True,1,2,False,0,0.714179933357685,0.5978151390713583,0.8867946213068764,0.8424429322286181,persistent,-0.07836629268845882,-0.08525321668649832,1.0852532166864983,1.6738494634628296,1.5423574447631836,1.6642937660217285,0.9382722973823547
20160316_143547_1281_1081,Cured_by_D2,1.0,True,1,2,False,0,0.8765982753480871,0.8527625108450889,0.9018048332795907,0.8837085031060049,persistent,-0.6001561664181458,0.14103680691042342,0.8589631930895766,1.1858164072036743,1.3805196285247803,1.2588419914245605,0.8790340423583984
20160318_181632_1_361,Cured_by_D2,1.0,True,1,2,False,0,0.9354543373759034,0.9318285453695125,0.9391084558801951,0.9295386733991279,persistent,-0.36797479482573153,-0.22877945812431544,1.2287794581243154,1.6040568351745605,1.305405616760254,1.5237219333648682,0.8789527416229248
20160407_165001_641_1081,Cured_by_D2,1.0,True,1,2,False,0,0.48110831234196333,0.3293671322636155,0.8921064922891542,0.6449475427940364,persistent,-0.6374924484187436,-0.10827538880198229,1.1082753888019823,1.4519140720367432,1.3100651502609253,1.396690845489502,0.9965993762016296
IMG_2941_1297_969,Cured_by_D2,1.0,True,1,2,False,0,0.786559694971176,0.662163969505601,0.9685054773063997,0.9011551136804962,persistent,-0.12662348953271702,-0.15511350642306154,1.1551135064230615,1.5817724466323853,1.3693643808364868,1.5578994750976562,0.7363377213478088
20160222_164851_641_1,Clean_Control,1.0,False,0,0,False,0,0.8505396720767692,0.8222877170616358,0.8808020477808184,0.9161882893226176,clean,0.7960386069079163,-0.00557049820050004,1.0055704982005,1.3422378301620483,1.3348013162612915,1.371261715888977,0.9756520986557007
20160222_164851_641_1081,Clean_Control,1.0,False,0,0,False,0,0.7275162648292336,0.6111885114129126,0.8985347408210201,0.8324112215578884,clean,-0.04510136411909454,0.11644021889514411,0.8835597811048559,1.2382360696792603,1.4014164209365845,1.2452781200408936,0.9959242343902588
20160222_165225_641_361,Clean_Control,1.0,False,0,0,True,1,0.7971175166292699,0.7357003990578781,0.8697229950394705,0.9286978895877249,clean,-0.16323117360272746,0.12168627055958503,0.878313729440415,1.3381165266036987,1.5235053300857544,1.3641313314437866,0.9656862020492554
20160222_165926_1_1081,Clean_Control,1.0,False,0,0,False,0,0.5760400090916662,0.4133768352351929,0.9497751124366585,0.7379493060223813,clean,-1.855293229076279,0.10894042071943777,0.8910595792805622,1.1390142440795898,1.2782684564590454,1.2294979095458984,0.9688465595245361
20160222_165926_641_721,Clean_Control,1.0,False,0,0,False,0,0.7329503210539148,0.5929571303580566,0.9594761989011512,0.9209294544237826,clean,0.6628219993626124,0.017202649814848425,0.9827973501851516,1.354691982269287,1.3784031867980957,1.3080806732177734,0.9881567358970642
20160307_145059_641_361,Clean_Control,1.0,False,0,0,False,0,0.7022094140244941,0.5518766177733478,0.9651075065994623,0.8008107311320755,clean,1.2916062704676008,0.013782454864359361,0.9862175451356406,1.2974122762680054,1.3155426979064941,1.3777170181274414,0.9793726205825806
20160316_143445_1281_721,Clean_Control,1.0,False,0,0,True,1,0.8284263959388527,0.8362559781366224,0.8207420652655226,0.9289597006009495,clean,-0.7388694442410485,-0.1843323560108816,1.1843323560108816,1.8188750743865967,1.5357799530029297,1.6985840797424316,0.9349886775016785
20160316_143445_1_721,Clean_Control,1.0,False,0,0,False,0,0.5466606362124629,0.4013281682341988,0.8570077995725431,0.6193048854476643,clean,-0.7656316587278896,0.051162152107321446,0.9488378478926786,1.4472541809082031,1.5252903699874878,1.4810930490493774,0.9556832909584045
20160316_143527_1281_1081,Clean_Control,1.0,False,0,0,False,0,0.7858050309135318,0.7872051586621523,0.784409874872519,0.8285437629884653,clean,-0.6380706536091826,-0.15046689672216074,1.1504668967221607,1.7808743715286255,1.547956943511963,1.690147042274475,0.9355961084365845
20160316_143527_1_1,Clean_Control,1.0,False,0,0,False,0,0.6546133208907882,0.6811506250750319,0.6300662400352194,0.831820323887527,clean,21.27322147746517,0.11585925647594142,0.8841407435240586,1.2959548234939575,1.46577787399292,1.4741545915603638,0.8604080677032471
20160316_143527_641_721,Clean_Control,1.0,False,0,0,False,0,0.7110578842309692,0.7384742951894885,0.6856043110074125,0.7485407607631135,clean,1.565181608215556,-0.022730040325577017,1.022730040325577,1.7495876550674438,1.7107023000717163,1.6419007778167725,0.9365730881690979
20160316_143547_1921_1081,Clean_Control,1.0,False,0,0,True,1,0.8579708891145927,0.8449054353378578,0.8714467729885016,0.9170488214666658,clean,1.6367569812337255,0.020001494864192004,0.979998505135808,1.325503945350647,1.3525561094284058,1.3950403928756714,0.8399674892425537
20160316_143547_641_361,Clean_Control,1.0,False,0,0,False,0,0.9022648024642329,0.855931659065543,0.95390121689266,0.966159420716105,clean,-0.22935315963110223,0.10057034450026558,0.8994296554997344,1.239104151725769,1.3776544332504272,1.2649526596069336,0.9629046320915222
20160316_143547_641_721,Clean_Control,1.0,False,0,0,False,0,0.6443361753919347,0.9379432623947173,0.49072356214758145,0.48486769133259394,clean,-4.974355223516709,-0.133079215504174,1.133079215504174,1.7410247325897217,1.5365418195724487,1.5707685947418213,0.9279675483703613
20160318_181632_641_1,Clean_Control,1.0,False,0,0,False,0,0.8816628935976916,0.9477876106152753,0.8241631396659325,0.8862973760932944,clean,-2.1104505762960626,-0.16893263064917186,1.1689326306491719,1.5942856073379517,1.3638805150985718,1.4379550218582153,0.9555667638778687
20160326_142521_1281_1081,Clean_Control,1.0,False,0,0,False,0,0.3442462262294761,0.48374655647116394,0.2671941570290104,0.3698574613254071,clean,0.5565015722917779,0.0242428426048118,0.9757571573951882,1.4231438636779785,1.4585011005401611,1.3787776231765747,0.965904176235199
20160326_142521_641_1081,Clean_Control,1.0,False,0,0,False,0,0.0,0.0,0.0,0.0,clean,-7.793111667262544,0.049920043781553125,0.9500799562184469,1.3392071723937988,1.4095721244812012,1.4015698432922363,0.936001718044281
20160326_142745_1281_1081,Clean_Control,1.0,False,0,0,False,0,0.7445068983127945,0.8777108433708503,0.6464063886409795,0.9005187771216027,clean,-0.38635812631669236,0.13101969206105424,0.8689803079389458,1.2523709535598755,1.441195011138916,1.3049935102462769,0.9950650930404663
20160326_142745_1921_1081,Clean_Control,1.0,False,0,0,True,1,0.6079202224560284,0.7618360970902143,0.5057434588377381,0.6181371419795746,clean,-0.48918136084150615,0.06023113757415233,0.9397688624258477,1.3627170324325562,1.4500545263290405,1.391406536102295,0.9747681617736816
20160328_151057_1281_721,Clean_Control,1.0,False,0,0,True,1,0.813157976945171,0.8482142857137329,0.7808843823118852,0.9250268011581309,clean,-1.7241383405076443,-0.07440644703593047,1.0744064470359305,1.579537272453308,1.470147728919983,1.5103033781051636,0.9929428100585938
20160328_151244_1921_1081,Clean_Control,1.0,False,0,0,False,0,0.7316006392457468,0.7793906810021874,0.6893326993173414,0.8282730653667557,clean,1.643145225021523,0.03388959851540996,0.96611040148459,1.175452709197998,1.2166846990585327,1.280794620513916,0.9568840265274048
20160328_151244_1921_361,Clean_Control,1.0,False,0,0,False,0,0.8739587827297525,0.9345943643974254,0.8207117925701756,0.9076923076923077,clean,1.6821085659904456,0.029491769596271422,0.9705082304037286,1.135974645614624,1.1704936027526855,1.221099853515625,0.9622180461883545
20160328_151752_1281_361,Clean_Control,1.0,False,0,0,False,0,0.7529347196387619,0.8049941322201036,0.7071997250697593,0.8726355717075741,clean,0.04696298604464822,-0.06382465654215586,1.0638246565421559,1.3612655401229858,1.2795947790145874,1.3652900457382202,0.9728127717971802
20160328_152022_1921_361,Clean_Control,1.0,False,0,0,False,0,0.7693540006925942,0.6940744502165173,0.8629498324506517,0.7771857764930976,clean,1.0330701681379788,-0.001613704075277056,1.001613704075277,1.2636115550994873,1.2615747451782227,1.1999841928482056,0.9844763278961182
20160328_152022_1_721,Clean_Control,1.0,False,0,0,False,0,0.7584756898812361,0.7394312067630804,0.7785271108702745,0.8303985389849481,clean,3.92946494152212,-0.024931838671303552,1.0249318386713036,1.2704095840454102,1.239505410194397,1.2289559841156006,0.9900322556495667
20160328_152305_1281_361,Clean_Control,1.0,False,0,0,False,0,0.8883719543106713,0.8556819487528118,0.9236589147281093,0.8915960775585552,clean,-0.5447440522187581,-0.3036817773506171,1.303681777350617,1.6276040077209473,1.2484662532806396,1.4939035177230835,0.9533990025520325
20160328_152305_1281_721,Clean_Control,1.0,False,0,0,False,0,0.7892818315531146,0.6865439172271867,0.9281792885606315,0.8055393017359079,clean,-0.5254575288818171,-0.4140147199368811,1.414014719936881,1.7736653089523315,1.2543461322784424,1.5947811603546143,0.8515664935112
20160328_152305_641_361,Clean_Control,1.0,False,0,0,False,0,0.7585507980742123,0.665248857287541,0.8822935084609899,0.8086627226762909,clean,-0.040167864179374575,-0.07286312856306187,1.0728631285630619,1.4326472282409668,1.3353484869003296,1.4288898706436157,0.987073540687561
20160328_152305_641_721,Clean_Control,1.0,False,0,0,False,0,0.7950647865851765,0.7416459296121838,0.8567761806977121,0.8298097540754208,clean,1.3481129489821706,0.043851573129012,0.956148426870988,1.271051049232483,1.3293439149856567,1.496797800064087,0.960208535194397
20160328_152511_1281_361,Clean_Control,1.0,False,0,0,False,0,0.7062122045075832,0.6183095879855426,0.8232504486018671,0.8322377793153974,clean,0.6757339159040968,-0.005906482607643815,1.0059064826076438,1.5487300157546997,1.539635181427002,1.5676826238632202,0.9708528518676758
20160328_152511_1921_361,Clean_Control,1.0,False,0,0,False,0,0.7017770319690625,0.6559684684679408,0.754463872697979,0.7866591294516676,clean,-5.665544885535454,-0.02727050136035336,1.0272705013603534,1.3963555097579956,1.3592860698699951,1.3648474216461182,0.9724718332290649
20160328_152747_1281_361,Clean_Control,1.0,False,0,0,True,1,0.7995044393967378,0.7829181494655589,0.8168087081252072,0.9044703579242188,clean,0.00025143099121555454,-0.06876875907573132,1.0687687590757313,1.539630651473999,1.4405637979507446,1.5396555662155151,0.9203066825866699
20160328_153548_1281_721,Clean_Control,1.0,False,0,0,False,0,0.8186609479498367,0.8464111236374121,0.7926726261699188,0.8544960931038174,clean,0.4198134868331236,0.021645488195167983,0.978354511804832,1.2594585418701172,1.2873222827911377,1.239296793937683,0.9723600149154663
20160328_153548_641_721,Clean_Control,1.0,False,0,0,False,0,0.7786874508773975,0.8175629211932213,0.7433412529693989,0.9424120336538773,clean,3.16117572445627,0.039399083607101315,0.9606009163928987,1.317292332649231,1.371320128440857,1.3963193893432617,0.9650706648826599
20160328_153604_1921_361,Clean_Control,1.0,False,0,0,False,0,0.745172108082818,0.7010952346408202,0.7951628825264929,0.8752690709029598,clean,-0.1199732783543152,0.04687714482208516,0.9531228551779148,1.178440809249878,1.236398696899414,1.1846493482589722,0.9967071413993835
20160328_153604_641_721,Clean_Control,1.0,False,0,0,True,1,0.782930042738911,0.7428954750574808,0.8275253039869387,0.8664282842815735,clean,-0.1485429129594202,0.0633414592908329,0.9366585407091671,1.2001439332962036,1.281302571296692,1.21064031124115,0.9814345836639404
20160328_153620_1281_361,Clean_Control,1.0,False,0,0,False,0,0.7960180490300047,0.8403889598269226,0.7560975609754428,0.8628765273451964,clean,0.6914519014633699,-0.03268313093551489,1.032683130935515,1.266695261001587,1.22660493850708,1.356537103652954,0.9417032599449158
20160328_153629_641_361,Clean_Control,1.0,False,0,0,False,0,0.860696046907102,0.8282672005816998,0.8957677165345513,0.8516059145317663,clean,-0.5030750057465783,0.0869033588743352,0.9130966411256648,1.2039896249771118,1.318577527999878,1.2423418760299683,0.9056324362754822
20160328_153829_1921_361,Clean_Control,1.0,False,0,0,False,0,0.8410182516800659,0.7540913006013047,0.9505971769789615,0.927548249341819,clean,-0.291168990266182,0.019669827091195802,0.9803301729088042,1.152253270149231,1.1753716468811035,1.1574666500091553,0.9758845567703247
20160328_153829_641_361,Clean_Control,1.0,False,0,0,False,0,0.8685396727379632,0.7837084911959173,0.9739648248151587,0.9685196304269905,clean,-41.63867397179136,-0.22117812459491804,1.221178124594918,1.516183853149414,1.241573691368103,1.2480140924453735,0.931108295917511
20160329_103807_361_641,Clean_Control,1.0,False,0,0,False,0,0.7828940199294375,0.9240046871871378,0.6791731439854042,0.8847241322280346,clean,0.994899332157313,-0.0013387366211290441,1.001338736621129,1.146809697151184,1.1452754735946655,1.4460642337799072,0.870042622089386
20160329_103807_721_1281,Clean_Control,1.0,False,0,0,False,0,0.6846927374286376,0.641809803097437,0.7337164750922716,0.8041825095057034,clean,-0.2357722610234647,-0.19330393227927445,1.1933039322792744,1.9114609956741333,1.6018214225769043,1.8523850440979004,0.869320809841156
20160330_170359_1921_721,Clean_Control,1.0,False,0,0,False,0,0.8793206885410312,0.9607220289411784,0.8106360348858496,0.8334671608921435,clean,0.7953270253634054,-0.02821448665658477,1.0282144866565848,1.352041482925415,1.314940094947815,1.4962116479873657,0.9627580642700195
20160330_172309_641_721,Clean_Control,1.0,False,0,0,False,0,0.8483289624099173,0.8835002451148948,0.8158507404770045,0.947849315948752,clean,0.6092002873513732,0.054622390331673376,0.9453776096683266,1.3109744787216187,1.3867194652557373,1.1928989887237549,0.9709358811378479
20160402_150314_1_721,Clean_Control,1.0,False,0,0,False,0,0.7752670501228557,0.7360312042898721,0.8189215579897808,0.883655691717112,clean,0.47626390107297717,0.053843903642408875,0.9461560963575911,1.2231181859970093,1.292722463607788,1.159822940826416,0.9710112810134888
20160402_151049_1281_721,Clean_Control,1.0,False,0,0,False,0,0.9421900048789374,0.9287127624489039,0.9560641638608777,0.9714574007879003,clean,5.6667045493014285,-0.16420847857232812,1.1642084785723281,1.6311358213424683,1.4010674953460693,1.3517675399780273,0.8203171491622925
20160405_171348_1281_721,Clean_Control,1.0,False,0,0,False,0,0.8775650439913125,0.8806381828012763,0.8745132790888922,0.9523809523809523,clean,1.8436813102552831,0.07225818431826303,0.927741815681737,1.3893827199935913,1.4975953102111816,1.6258577108383179,0.8508766293525696
20160405_171348_1_721,Clean_Control,1.0,False,0,0,True,1,0.744503935453534,0.8039539592878601,0.6932408215777482,0.737674308458799,clean,3.4849047221443366,-0.11027058871399165,1.1102705887139916,1.9253299236297607,1.7341077327728271,1.6571542024612427,0.9256353378295898
20160405_171348_641_721,Clean_Control,1.0,False,0,0,False,0,0.8353624435361245,0.8552929085300676,0.816339686098426,0.9187768458003687,clean,1.5134861655470069,0.050213635898795794,0.9497863641012042,1.5092687606811523,1.5890603065490723,1.7444521188735962,0.8592872619628906
20160407_163130_1281_721,Clean_Control,1.0,False,0,0,False,0,0.8877411665381553,0.9649141746729111,0.8219984365655851,0.942072734758402,clean,-0.9048207045003254,-0.07773468498846658,1.0777346849884666,1.509330153465271,1.400464415550232,1.457617163658142,0.6961994767189026
20160407_163130_1_361,Clean_Control,1.0,False,0,0,False,0,0.8055667607890167,0.8238448844850502,0.7880820836590842,0.8345294652784798,clean,-0.22026401805699944,-0.04825056690263563,1.0482505669026356,1.3497117757797241,1.2875840663909912,1.3384974002838135,0.9554550647735596
20160407_165001_1281_361,Clean_Control,1.0,False,0,0,False,0,0.7926225820959691,0.7410626664792226,0.8518936341653086,0.9107063561778775,clean,0.7872226307366236,0.009197236449700386,0.9908027635502996,1.2635762691497803,1.2753045558929443,1.220184564590454,0.952458918094635
20160407_165001_1_1081,Clean_Control,1.0,False,0,0,False,0,0.6269884805260312,0.5322054943341111,0.7628476084521405,0.7742474019443514,clean,-0.42603304678503523,0.08674005277347285,0.9132599472265271,1.2030305862426758,1.3172916173934937,1.2371665239334106,0.9956185817718506
20160407_165001_641_721,Clean_Control,1.0,False,0,0,False,0,0.5555793531793627,0.39785276073497594,0.9205110007031903,0.37503662467037796,clean,-3.516158696794535,0.05898042162264816,0.9410195783773518,1.2423044443130493,1.3201675415039062,1.3029265403747559,0.981389045715332
IMG_2931_649_485,Clean_Control,1.0,False,0,0,False,0,0.904763601382084,0.8578474427397758,0.9571083974061834,0.9747479032410772,clean,-0.6651904961819168,-0.34404967223913197,1.344049672239132,1.76772940158844,1.3152252435684204,1.5869684219360352,0.9540660977363586
IMG_2941_1_485,Clean_Control,1.0,False,0,0,False,0,0.7535759550961854,0.6836399474364592,0.8394513916885046,0.7871232054247824,clean,0.7632987723455623,-0.04833879142613884,1.0483387914261388,1.372519612312317,1.3092318773269653,1.5766057968139648,0.9804409742355347
20160222_080850_1281_721,Consensus_7of7,0.75,True,1,2,False,0,0.6918583424594892,0.5408105022815616,0.9599797365706182,0.8878467635402906,persistent,1.0187919028140904,0.006621264575887742,0.9933787354241123,1.4211150407791138,1.430586338043213,1.9345958232879639,0.6587449312210083
20160222_080850_641_361,Consensus_7of7,0.75,True,1,3,True,1,0.778427797882839,0.6997358379802858,0.8770617450482082,0.8691812953995157,persistent,0.7492106050558623,-0.04747833198101792,1.047478331981018,1.5188062191009521,1.4499633312225342,1.7244681119918823,0.9639352560043335
20160222_115224_1281_1,Consensus_7of7,0.75,True,2,8,False,0,0.5196608585349358,0.3623161422450546,0.9185744630613204,0.7073261660302075,persistent,0.14777685449910566,0.049331536648593466,0.9506684633514065,1.3901145458221436,1.4622485637664795,1.3776063919067383,0.9893444776535034
20160222_115224_1281_361,Consensus_7of7,0.75,True,1,2,True,1,0.4424392373738285,0.30224696758738867,0.8251900108532835,0.597375169708855,persistent,3.431641040827924,-0.12980863341473747,1.1298086334147375,1.5760736465454102,1.3949906826019287,1.3205212354660034,0.8231413960456848
20160222_115224_1281_721,Consensus_7of7,0.75,True,1,2,False,0,0.7644824311484928,0.6802816901398869,0.87247109826432,0.8559983865713089,persistent,-10.318897613586753,-0.15507594446502115,1.1550759444650212,1.6344677209854126,1.415029525756836,1.43441641330719,0.8148186206817627
20160222_115224_641_1,Consensus_7of7,0.75,True,1,2,True,2,0.7146798806235065,0.6399757966915691,0.8091291597592641,0.8616771203947048,persistent,2.5709214219655054,-0.04053083305073857,1.0405308330507386,1.4815276861190796,1.4238181114196777,1.3870819807052612,0.9873207211494446
20160222_115224_641_361,Consensus_7of7,0.75,True,1,2,False,0,0.791838911853858,0.6733953277371889,0.9608414239451106,0.9167534295161494,persistent,-0.03140591568775788,0.07219985633041504,0.927800143669585,1.3617286682128906,1.4676951169967651,1.3649553060531616,0.94523686170578
20160222_115837_1281_1081,Consensus_7of7,0.75,True,1,4,False,0,0.6706853623369536,0.5049329123904797,0.9984393289075364,0.85,persistent,1.3152054284080315,-0.04390271013439562,1.0439027101343956,1.551323413848877,1.486079454421997,1.2790907621383667,0.9921392202377319
20160222_164851_1281_1081,Consensus_7of7,0.75,True,1,2,False,0,0.8859374999993078,0.8707002456989087,0.9017175572504744,0.9034800220953784,persistent,-7.813081458469042,-0.05155660148640062,1.0515566014864006,1.2829090356826782,1.2200084924697876,1.2271456718444824,0.9492568969726562
20160222_164851_641_361,Consensus_7of7,0.75,True,1,5,True,1,0.8141945174612039,0.7236499566112251,0.9306378229882988,0.8698380411895247,persistent,1.8216368630794109,-0.04379490141483999,1.04379490141484,1.3801029920578003,1.3221964836120605,1.2517194747924805,0.9742660522460938
20160222_165225_1921_721,Consensus_7of7,0.75,True,1,2,False,0,0.6623595200604472,0.511316010058247,0.9400523963616273,0.8885498788885315,persistent,0.7496091134644359,0.02233104476483061,0.9776689552351694,1.3331396579742432,1.3635890483856201,1.2419816255569458,0.9792499542236328
20160222_165402_1281_361,Consensus_7of7,0.75,True,1,2,False,0,0.8721470410013774,0.7833106575956613,0.9837111288290423,0.9076033273487442,persistent,0.05856996649137712,0.14147419179965914,0.8585258082003409,1.1751627922058105,1.3688137531280518,1.1631150245666504,0.9050410389900208
20160222_165926_1281_361,Consensus_7of7,0.75,True,1,2,False,0,0.4773722627728515,0.31381957773437186,0.9969512195045965,0.7918781725888325,persistent,0.055656140535879355,0.1002435402188786,0.8997564597811214,1.1881797313690186,1.3205560445785522,1.1803779602050781,0.9918210506439209
20160222_165926_1921_721,Consensus_7of7,0.75,True,1,4,False,0,0.716650898769539,0.5827670214122544,0.9303991811649327,0.9206274218109994,persistent,0.40887739302936954,0.02734562567741894,0.9726543743225811,1.2432929277420044,1.2782464027404785,1.2191157341003418,0.9895461797714233
20160222_165926_1_721,Consensus_7of7,0.75,True,1,2,False,0,0.6043943402730881,0.44352524058679127,0.9483754512601142,0.8288306160216062,persistent,-0.04528662278915845,0.08196771238519307,0.9180322876148069,1.131057620048523,1.2320445775985718,1.1354328393936157,0.9784908890724182
20160222_165926_641_361,Consensus_7of7,0.75,True,1,2,False,0,0.6472950126789441,0.48107428930346935,0.9890216338360058,0.9157175398633257,persistent,0.1341421198856947,0.08240664434572309,0.9175933556542769,1.1587392091751099,1.2628015279769897,1.1426174640655518,0.9651768207550049
20160302_155857_641_721,Consensus_7of7,0.75,True,1,3,False,0,0.6940223533841849,0.5432250454609804,0.9607127335932544,0.8006531115371855,persistent,0.4839477066186521,-0.10654324090011391,1.106543240900114,1.5322226285934448,1.3846919536590576,1.6705751419067383,0.9026143550872803
20160307_144202_1281_361,Consensus_7of7,0.75,True,1,5,False,0,0.5878521581801045,0.4362102032984762,0.9011093502362899,0.7413641117705928,persistent,-0.9907774035819465,-0.176768759815094,1.176768759815094,1.5696436166763306,1.3338580131530762,1.4522969722747803,0.9941240549087524
20160307_144202_1281_721,Consensus_7of7,0.75,True,1,5,False,0,0.5138139610916186,0.3459167950689567,0.998411689958709,0.5825242718446603,persistent,-1.8908696510196976,-0.1576774940321355,1.1576774940321355,1.5770039558410645,1.3622125387191772,1.4365124702453613,0.9899667501449585
20160307_144202_1921_361,Consensus_7of7,0.75,True,1,3,False,0,0.6329458873253343,0.4716926392570989,0.9617204664517814,0.7860118523734083,persistent,-3.1796863148943806,-0.18384127222917335,1.1838412722291733,1.5017364025115967,1.2685275077819824,1.324323296546936,0.9885258078575134
20160307_144202_1_361,Consensus_7of7,0.75,True,1,6,False,0,0.7853149860242998,0.6723423838008871,0.9439204031522522,0.8458365368792831,persistent,-0.2733333078453337,-0.08937469545836385,1.0893746954583639,1.4517956972122192,1.332686185836792,1.4262276887893677,0.9870923161506653
20160307_144202_641_361,Consensus_7of7,0.75,True,1,10,False,0,0.6955808536463057,0.5444507215856687,0.9628519527693343,0.8312185779267417,persistent,-0.9845235840824617,-0.13716651204416097,1.137166512044161,1.5845962762832642,1.3934592008590698,1.4897730350494385,0.9948130249977112
20160307_145059_1281_361,Consensus_7of7,0.75,True,1,3,False,0,0.8375217563892523,0.7383041722741651,0.9675462113722537,0.8743438591622212,persistent,-0.1452074656640451,-0.11202263906319754,1.1120226390631975,1.3552470207214355,1.2187215089797974,1.3379361629486084,0.9886488914489746
20160307_145059_1921_1081,Consensus_7of7,0.75,True,1,2,False,0,0.7583444592785058,0.6126248864661528,0.995021205972718,0.9299234752526191,persistent,78.8209446380178,0.037565944252337946,0.962434055747662,1.2278540134429932,1.275778889656067,1.2763947248458862,0.9708091020584106
20160307_145059_1921_721,Consensus_7of7,0.75,True,1,2,False,0,0.8001773049638295,0.7028500233597527,0.928791932494487,0.8952605450970594,persistent,7.080780632411067,-0.025684266378563025,1.025684266378563,1.288948893547058,1.2566711902618408,1.2513630390167236,0.9282099604606628
20160307_145059_641_721,Consensus_7of7,0.75,True,1,2,False,0,0.8708305172341785,0.7892195719530235,0.9712664065262758,0.9829129373474369,persistent,-0.4329780963018119,-0.12204347422838424,1.1220434742283842,1.417383074760437,1.2632148265838623,1.3708007335662842,0.9273938536643982
20160310_114505_1281_1,Consensus_7of7,0.75,True,1,4,False,0,0.4227005870836621,0.2679900744412962,0.9999999999945535,0.7024390243902439,persistent,0.5069397258033412,0.04428363413815395,0.955716365861846,1.2564319372177124,1.3146483898162842,1.196576714515686,0.9980683326721191
20160310_114505_641_1,Consensus_7of7,0.75,True,1,4,False,0,0.5530334296323063,0.3911647367905116,0.9434405069210433,0.7380918972012046,persistent,0.4949282378927673,0.023019105993018263,0.9769808940069817,1.2483327388763428,1.2777442932128906,1.219511866569519,0.9840430617332458
20160310_114505_641_1081,Consensus_7of7,0.75,True,1,3,False,0,0.5924982307143719,0.42167825123358343,0.9959552700428362,0.7282790510303274,persistent,4.93492358655814,-0.10317891685383995,1.10317891685384,1.394392490386963,1.263975739479065,1.2308323383331299,0.9799771308898926
20160310_114505_641_361,Consensus_7of7,0.75,True,1,5,False,0,0.5261635220122477,0.3588709677416276,0.9856267671984317,0.6832540154669839,persistent,2.194490450131812,-0.04075434006598688,1.0407543400659869,1.3283121585845947,1.2762964963912964,1.2327501773834229,0.9963099360466003
20160310_114505_641_721,Consensus_7of7,0.75,True,1,4,False,0,0.5941622804015352,0.42309190031111454,0.9974753270576142,0.7931021384890037,persistent,-0.09609491549221616,-0.058732593130800925,1.058732593130801,1.3420203924179077,1.2675715684890747,1.3354934453964233,0.9907750487327576
20160316_142539_1281_721,Consensus_7of7,0.75,True,1,2,False,0,0.7159357359962154,0.593819779586117,0.9012791079032455,0.7319419317830825,persistent,1.0359539070846036,-0.002025202572464746,1.0020252025724647,1.301712155342102,1.2990802526474,1.225878119468689,0.8439818024635315
20160316_142539_1921_361,Consensus_7of7,0.75,True,2,7,False,0,0.6620949221738128,0.521505376343824,0.9064628820952781,0.6869875412629113,persistent,0.5248979880716139,0.015740181964877364,0.9842598180351226,1.301093578338623,1.3218995332717896,1.278106927871704,0.9884379506111145
20160316_142539_1_721,Consensus_7of7,0.75,True,2,6,False,0,0.6857810865684225,0.5674574890537789,0.8664490049744508,0.7483706590263431,persistent,3.1174929051721936,-0.05926984840444893,1.059269848404449,1.4115961790084839,1.3326114416122437,1.295310378074646,0.9371522665023804
20160316_142539_641_721,Consensus_7of7,0.75,True,2,4,True,1,0.5615993840060055,0.43285290377260155,0.7993580710812592,0.5580318012747545,persistent,0.2326668306567804,-0.04183532318886085,1.0418353231888609,1.4261139631271362,1.3688467741012573,1.4434782266616821,0.9614148736000061
20160316_143445_1281_1081,Consensus_7of7,0.75,True,1,2,False,0,0.7581441263564189,0.713257487808885,0.8090597840379008,0.8634392313917537,persistent,1.5423359600821072,-0.01053954393949752,1.0105395439394975,1.3316677808761597,1.3177779912948608,1.2921669483184814,0.9691574573516846
20160316_143445_1281_361,Consensus_7of7,0.75,True,1,2,False,0,0.8968165212849859,0.8333217873219028,0.9707852473561691,0.9617101467801761,persistent,0.6103600234998223,-0.06137122838959175,1.0613712283895917,1.3426951169967651,1.2650560140609741,1.464314579963684,0.7595415711402893
20160316_143445_1921_1081,Consensus_7of7,0.75,True,1,2,False,0,0.6869702628929335,0.5901760737201002,0.8217436132422709,0.7329602383589094,persistent,0.5665474826881499,-0.021014446851842727,1.0210144468518427,1.4421559572219849,1.4124726057052612,1.4809538125991821,0.9650951027870178
20160316_143527_1281_361,Consensus_7of7,0.75,True,1,2,False,0,0.6999676689287101,0.7131093544113534,0.6873015872994054,0.5600772803880462,persistent,0.6410347803249166,-0.01037840953632907,1.010378409536329,1.3323285579681396,1.3186421394348145,1.3567695617675781,0.9605743288993835
20160316_143527_1281_721,Consensus_7of7,0.75,True,1,4,False,0,0.7565400746111277,0.7411022335206369,0.7726347673809585,0.8160955558422887,persistent,-0.7388793558606125,0.061857958519298095,0.9381420414807019,1.3337839841842651,1.421728253364563,1.3711529970169067,0.9873679876327515
20160316_143527_1_361,Consensus_7of7,0.75,True,1,2,False,0,0.7137068604153783,0.5679341783398534,0.9601503759362401,0.9281294621608757,persistent,1.0225869854227632,-0.0018559713219967744,1.0018559713219968,1.493973731994629,1.491205096244812,1.3686285018920898,0.9569546580314636
20160316_143527_641_361,Consensus_7of7,0.75,True,1,3,True,1,0.7816444063225151,0.7510891322260973,0.8147911610673043,0.7883952111752056,persistent,-0.5522597207075922,-0.07015524643495397,1.070155246434954,1.4623993635177612,1.366529107093811,1.428290843963623,0.9931433200836182
20160318_181632_1281_361,Consensus_7of7,0.75,True,1,6,False,0,0.8507288795429442,0.9133565196165376,0.7961387086478046,0.9453257840026644,persistent,0.8276004393799795,-0.022757047624140103,1.02275704762414,1.262082576751709,1.2339993715286255,1.396895408630371,0.9664686918258667
20160318_181632_1921_1,Consensus_7of7,0.75,True,1,3,False,0,0.7831532168459922,0.8107486407343983,0.7573744872030526,0.7089446982295854,persistent,0.3827618924552096,-0.10106733467128137,1.1010673346712814,1.339940071105957,1.2169455289840698,1.416211485862732,0.9205672740936279
20160321_185557_1921_361,Consensus_7of7,0.75,True,1,2,False,0,0.7624680172808345,0.6317948005000473,0.9612903225796284,0.9490479842608958,persistent,1.1846430600546736,0.02456136429997824,0.9754386357000218,1.175528645515442,1.205127239227295,1.3654289245605469,0.9824373722076416
20160324_170347_1281_1,Consensus_7of7,0.75,True,1,2,False,0,0.875716732444057,0.8910440975891938,0.8609077598816093,0.9601921733414552,persistent,1.268437967005135,-0.01271976504900918,1.0127197650490092,1.2120866775512695,1.1968618631362915,1.1401455402374268,0.9537820219993591
20160324_170347_1281_361,Consensus_7of7,0.75,True,1,5,False,0,0.8089628089623417,0.7259535655050519,0.9134063641093982,0.8920219051370342,persistent,0.3206653977127834,0.04626542781468357,0.9537345721853164,1.1849242448806763,1.2424036264419556,1.157792329788208,0.9797672629356384
20160324_170347_641_361,Consensus_7of7,0.75,True,1,3,True,1,0.7498248072872661,0.6361474435185389,0.9129692832742249,0.9349643471846569,persistent,0.5053233547248221,0.02681328086009549,0.9731867191399045,1.2804006338119507,1.315677285194397,1.2443647384643555,0.9405996203422546
20160328_151020_1281_361,Consensus_7of7,0.75,True,1,6,False,0,0.6220594624788585,0.48041800488927644,0.8821406566315622,0.8033233893784886,persistent,11.434480494610712,0.054473560995517145,0.9455264390044829,1.1838628053665161,1.2520663738250732,1.2586027383804321,0.9954684376716614
20160328_151020_641_361,Consensus_7of7,0.75,True,2,5,False,0,0.593772187848365,0.4529557412562264,0.8616426258450668,0.6488005719780084,persistent,-0.3115280276650224,0.06114996402098405,0.938850035979016,1.1980998516082764,1.2761344909667969,1.2166354656219482,0.9777889251708984
20160328_151057_1281_1,Consensus_7of7,0.75,True,1,3,False,0,0.8175009854150398,0.7792598158918294,0.8596891191692028,0.945711342164678,persistent,3.2413117889094027,-0.12316357787144772,1.1231635778714477,1.4371849298477173,1.2795854806900024,1.2092697620391846,0.9409520626068115
20160328_151057_1281_1081,Consensus_7of7,0.75,True,1,2,False,0,0.5424706943187173,0.3877287960809645,0.9027611044390673,0.7005355836812605,persistent,0.7647814663112128,0.010056805073394015,0.989943194926606,1.2932511568069458,1.306388258934021,1.250537633895874,0.872672438621521
20160328_151057_1281_361,Consensus_7of7,0.75,True,1,2,False,0,0.828392019711606,0.774985127898907,0.8897046269406015,0.9172315576247748,persistent,-1.5900307584435078,0.0889533728635109,0.9110466271364891,1.154549241065979,1.2672768831253052,1.2237532138824463,0.9121250510215759
20160328_151057_641_1081,Consensus_7of7,0.75,True,1,2,False,0,0.737023558704523,0.6498902212453135,0.8511391285095087,0.9177699274026504,persistent,1.71036738201523,-0.01350609897939381,1.0135060989793938,1.3309317827224731,1.3131946325302124,1.2882256507873535,0.9613897800445557
20160328_151057_641_721,Consensus_7of7,0.75,True,1,2,False,0,0.7847163777135291,0.742593182541028,0.831905781583098,0.9001955085362547,persistent,7.170176704244205,-0.18648434334774744,1.1864843433477474,1.6152408123016357,1.3613661527633667,1.320220708847046,0.9688163995742798
20160328_151244_1921_721,Consensus_7of7,0.75,True,1,2,False,0,0.8897689040868249,0.8537106811733514,0.9290074401674778,0.8989411977043821,persistent,0.7102080085951054,0.013658816580383704,0.9863411834196163,1.1331746578216553,1.148865818977356,1.0947195291519165,0.9864603281021118
20160328_151752_1921_721,Consensus_7of7,0.75,True,1,3,False,0,0.7626669169930858,0.9048838892905803,0.6590816905976072,0.9329430966142671,persistent,-11.112842150816835,-0.034238919486925035,1.034238919486925,1.2094289064407349,1.169389247894287,1.1726948022842407,0.9793388843536377
20160328_151752_1_721,Consensus_7of7,0.75,True,1,4,False,0,0.47758544163231786,0.31370262390579096,0.9999999999907064,0.46258503401360546,persistent,1.3183436287929844,0.011960919330243125,0.9880390806697569,1.121105670928955,1.134676456451416,1.177305817604065,0.9518947005271912
20160328_151752_641_361,Consensus_7of7,0.75,True,1,3,False,0,0.7963989917174898,0.800337756332545,0.7924988055419051,0.8746701076854541,persistent,1.8764581299144816,-0.01817084755520737,1.0181708475552074,1.2410950660705566,1.218944787979126,1.1936722993850708,0.9957995414733887
20160328_152022_1_361,Consensus_7of7,0.75,True,1,2,False,0,0.6798757947646312,0.54208912992091,0.911578112605426,0.6774193548387097,persistent,1.6462482630847615,0.028078871004309502,0.9719211289956905,1.1514804363250732,1.1847457885742188,1.236220359802246,0.9863056540489197
20160328_152022_641_721,Consensus_7of7,0.75,True,1,2,False,0,0.8038371521856155,0.7385187151575585,0.8818308609097998,0.8915633914038453,persistent,-1.4053107782872263,0.045140532599782346,0.9548594674002177,1.141642689704895,1.1956123113632202,1.1731746196746826,0.9111679792404175
20160328_153548_1921_721,Consensus_7of7,0.75,True,1,2,False,0,0.8990033034980662,0.90619307832371,0.8919267185831744,0.9680570864169256,persistent,17.146263215457527,-0.044635705537976245,1.0446357055379762,1.235612154006958,1.1828153133392334,1.1795454025268555,0.8493948578834534
20160328_153548_641_361,Consensus_7of7,0.75,True,1,7,True,1,0.6596469495194645,0.6034849128763231,0.7273348130429788,0.7606423015806639,persistent,0.09314224784221316,-0.04799792989003926,1.0479979298900393,1.286134123802185,1.2272286415100098,1.2921842336654663,0.9941679239273071
20160328_153604_641_361,Consensus_7of7,0.75,True,1,2,False,0,0.7523077346998561,0.6808818394929019,0.8404753109217827,0.8793708365455927,persistent,13.159581218274111,-0.16370418834594003,1.16370418834594,1.3640954494476318,1.1722002029418945,1.156418800354004,0.9551746845245361
20160328_153620_1281_721,Consensus_7of7,0.75,True,2,11,False,0,0.8535716466826428,0.7708854243268235,0.9561271491763779,0.9317776962519678,persistent,-1.6786038737587259,-0.06673989592518703,1.066739895925187,1.2977466583251953,1.216552972793579,1.246864914894104,0.9857025146484375
20160328_153620_1921_361,Consensus_7of7,0.75,True,1,2,False,0,0.9121109288994931,0.8895927028564992,0.9357987672827134,0.9189874984527788,persistent,-0.5860977227781917,-0.05128910312553825,1.0512891031255382,1.2326592206954956,1.172520637512207,1.2104367017745972,0.9882176518440247
20160328_153620_1_361,Consensus_7of7,0.75,True,1,2,False,0,0.9309436768075886,0.9059362657900734,0.9573708860353148,0.9813326830457844,persistent,0.9045956736103506,0.09540508041377305,0.904594919586227,1.0852340459823608,1.1996896266937256,0.0,0.9429799914360046
20160328_153620_641_721,Consensus_7of7,0.75,True,1,3,False,0,0.8810146552081122,0.8686095534360304,0.8937792191380841,0.9324399811014585,persistent,1.4922929672909664,0.014325753250362783,0.9856742467496372,1.2108409404754639,1.2284382581710815,1.2641838788986206,0.9812614917755127
20160328_153629_1_361,Consensus_7of7,0.75,True,1,3,False,0,0.9242312492906893,0.8869439756081868,0.9647912348235225,0.9574206449218565,persistent,-1.134183329390538,0.05975710868738382,0.9402428913126162,1.1337509155273438,1.2058054208755493,1.1720433235168457,0.9946486353874207
20160328_153629_641_721,Consensus_7of7,0.75,True,1,5,False,0,0.9428522920202135,0.9222159487193456,0.9644333298596907,0.9812847707707772,persistent,2.3491734616584234,-0.017833855986861824,1.0178338559868618,1.2360090017318726,1.2143514156341553,1.1982989311218262,0.9642729163169861
20160328_153829_1281_361,Consensus_7of7,0.75,True,1,7,False,0,0.8843379701183691,0.8240298706492002,0.954170655631094,0.9501727136576646,persistent,-3.44632704928909,-0.08921880936334037,1.0892188093633404,1.2679508924484253,1.1640909910202026,1.18744957447052,0.9709905982017517
20160328_153829_1281_721,Consensus_7of7,0.75,True,1,3,False,0,0.802721088434416,0.7438619774369745,0.8716951788468852,0.9464503592570834,persistent,2.648600922446234,-0.12329638438707091,1.123296384387071,1.4002381563186646,1.2465428113937378,1.1533150672912598,0.9487777948379517
20160328_153829_1921_1,Consensus_7of7,0.75,True,1,10,False,0,0.8304610464597961,0.7419150033725876,0.9430070106415781,0.9245708494330779,persistent,3.6055046917577847,-0.023243227043848957,1.023243227043849,1.199230670928955,1.171988844871521,1.1615333557128906,0.9959549903869629
20160328_153829_1_1,Consensus_7of7,0.75,True,1,4,False,0,0.8309119951317586,0.7361847425641405,0.9536169469819277,0.924300472982546,persistent,2.037952082381763,-0.020021270400381708,1.0200212704003817,1.2144715785980225,1.1906325817108154,1.1676652431488037,0.9926344156265259
20160328_153829_641_1,Consensus_7of7,0.75,True,1,3,False,0,0.8615006592350289,0.8554510830749491,0.8676364075320693,0.9163880110493009,persistent,0.40355098955682045,0.008022859068638422,0.9919771409313616,1.1399582624435425,1.1491769552230835,1.1337209939956665,0.9936996698379517
20160328_153829_641_1081,Consensus_7of7,0.75,True,1,2,False,0,0.7415978677756344,0.6108374384229911,0.9435897435881827,0.8429853917662683,persistent,1.5558906873429679,-0.037661750293011,1.037661750293011,1.2505971193313599,1.2052059173583984,1.1235510110855103,0.9694417119026184
20160328_153829_641_721,Consensus_7of7,0.75,True,1,2,False,0,0.8209141027906439,0.7038731320503084,0.9846416382210553,0.9130474800468094,persistent,5.525256622258276,-0.11142142087684581,1.1114214208768458,1.3797227144241333,1.2414027452468872,1.2108365297317505,0.9593368172645569
20160329_103807_361_1,Consensus_7of7,0.75,True,1,2,False,0,0.7768425570469547,0.8687536664706582,0.7025185440742183,0.9624703266890237,persistent,2.0043193523130736,0.09310868559152186,0.9068913144084781,1.2421784400939941,1.3697093725204468,1.4966918230056763,0.8546302914619446
20160329_103807_361_1281,Consensus_7of7,0.75,True,1,3,False,0,0.7200717137966393,0.781255526082836,0.6677750906890364,0.7245190658258204,persistent,0.42890413933552307,-0.050630473099182005,1.050630473099182,1.4442600011825562,1.3746592998504639,1.4965314865112305,0.988236129283905
20160329_103807_361_1921,Consensus_7of7,0.75,True,1,3,False,0,0.6483836484941118,0.8521461098726615,0.52326273203221,0.7243150718776745,persistent,0.8640742546365359,-0.01691674272377397,1.016916742723774,1.3345847129821777,1.312382459640503,1.4757235050201416,0.987852931022644
20160330_165956_1281_721,Consensus_7of7,0.75,True,1,5,False,0,0.654900090104068,0.5261006557093365,0.8672094329016463,0.8739712072062411,persistent,0.3595132482363212,0.06050526605156237,0.9394947339484376,1.2059518098831177,1.2836164236068726,1.1623576879501343,0.9905062913894653
20160330_165956_1921_721,Consensus_7of7,0.75,True,1,2,False,0,0.7142146499187202,0.5902363823221066,0.9041246851371156,0.9016374907685164,persistent,0.04487334137515078,0.09640218657993505,0.903597813420065,1.1147772073745728,1.2337085008621216,1.1091896295547485,0.9959458112716675
20160330_165956_1_721,Consensus_7of7,0.75,True,2,3,True,1,0.6931548863789954,0.5525058339809394,0.9298672152591549,0.8789211393634468,persistent,-0.23907170904478756,0.07942737134068334,0.9205726286593167,1.1122175455093384,1.2081791162490845,1.130732774734497,0.9989057183265686
20160330_165956_641_721,Consensus_7of7,0.75,True,1,2,False,0,0.8182161142544768,0.7300442392760819,0.9306117445127736,0.96313210217789,persistent,1.2030024449213346,-0.025454416869943763,1.0254544168699438,1.2915079593658447,1.2594484090805054,1.1015214920043945,0.0
20160330_172309_1281_721,Consensus_7of7,0.75,True,1,3,False,0,0.8718043106144059,0.8404783873941228,0.9055557679803825,0.965286573294148,persistent,1.1627281113774712,-0.009233812060259083,1.009233812060259,1.3053346872329712,1.2933907508850098,1.2199926376342773,0.9851232171058655
20160402_150314_1281_721,Consensus_7of7,0.75,True,1,2,False,0,0.849462795062967,0.8348249332698737,0.8646231400919874,0.9773932458833381,persistent,5.857111989134461,-0.030193474321455804,1.0301934743214558,1.2799816131591797,1.2424662113189697,1.2347424030303955,0.9766019582748413
20160402_151049_1_361,Consensus_7of7,0.75,True,1,2,False,0,0.9049426712114764,0.8646828040562349,0.9491346388230482,0.9257948657782891,persistent,0.342604913050177,0.0628625623437391,0.9371374376562609,1.167762041091919,1.24609375,1.126939058303833,0.9883970022201538
20160402_151054_1921_361,Consensus_7of7,0.75,True,1,3,False,0,0.8683447849161912,0.8101227366625288,0.9355834678261626,0.9606982416753516,persistent,0.3823258032200701,0.04847429099115763,0.9515257090088424,1.2062028646469116,1.2676503658294678,1.168168306350708,0.9897591471672058
20160407_163130_1_721,Consensus_7of7,0.75,True,1,2,False,0,0.8457094716569847,0.9219969822207426,0.7810815317063408,0.908856822592205,persistent,3.1624233930903722,-0.08029187758382128,1.0802918775838213,1.3463330268859863,1.2462668418884277,1.1999918222427368,0.7935498952865601
20160407_163257_1281_1,Consensus_7of7,0.75,True,1,2,False,0,0.8840955524120367,0.8018672938487621,0.9851151387785788,0.9929676511954993,persistent,0.7766467475453466,-0.003805778040858243,1.0038057780408582,1.129117488861084,1.1248356103897095,1.1440064907073975,0.9543613195419312
20160407_163257_1921_1081,Consensus_7of7,0.75,True,1,3,False,0,0.8077819877580823,0.7236292428188986,0.914083113454957,0.9172962831499418,persistent,0.14110998234522482,0.03416335590663211,0.9658366440933679,1.1739567518234253,1.2154806852340698,1.1671346426010132,0.9950318336486816
20160407_163257_641_361,Consensus_7of7,0.75,True,1,2,False,0,0.8604795864639542,0.8257394819026035,0.8982712101519953,0.9955356335966165,persistent,0.1962952010887516,0.04630073864579842,0.9536992613542016,1.1412320137023926,1.1966361999511719,1.1277002096176147,0.9457677602767944
20160407_165001_1281_1081,Consensus_7of7,0.75,True,1,2,False,0,0.55026372944419,0.38909609477798474,0.9393538135568343,0.6353436254243886,persistent,0.2581065190581352,-0.0511062480329707,1.0511062480329707,1.2684162855148315,1.2067431211471558,1.2898725271224976,0.9864304661750793
20160407_165001_1921_721,Consensus_7of7,0.75,True,1,2,False,0,0.7091752046244009,0.5687138529325542,0.9417756156872275,0.9095908135209445,persistent,5.729388436652056,-0.08680708653008429,1.0868070865300843,1.285043716430664,1.1824017763137817,1.1606987714767456,0.983775794506073
IMG_2931_1297_485,Consensus_7of7,0.75,True,1,3,False,0,0.8084629396093478,0.7289034866075571,0.9075180874460286,0.8039998521311597,persistent,1.0920629023771595,0.0339304256355788,0.9660695743644212,1.165805459022522,1.2067500352859497,1.6514956951141357,0.982843279838562
IMG_2931_1945_485,Consensus_7of7,0.75,True,1,2,False,0,0.8778540635471197,0.8140361267385046,0.9525294525278023,0.9669117837580129,persistent,0.6621438040968944,-0.05981470629409724,1.0598147062940972,1.306922435760498,1.2331602573394775,1.4514844417572021,0.9793608784675598
IMG_2941_1_969,Consensus_7of7,0.75,True,1,2,False,0,0.889081534881193,0.8408561318711997,0.9431752178112843,0.9213560219913814,persistent,0.6252700813843972,-0.09637638604463983,1.0963763860446398,1.337557315826416,1.2199790477752686,1.5337470769882202,0.9496861696243286
IMG_2942_1297_485,Consensus_7of7,0.75,True,1,3,False,0,0.5692211055272806,0.4103794946106237,0.928673908585922,0.7876520112254443,persistent,0.9604991598480421,0.003179643178097713,0.9968203568219023,1.2935409545898438,1.297666072845459,1.193234920501709,0.9746048450469971
IMG_2942_1945_485,Consensus_7of7,0.75,True,1,3,False,0,0.5104977988481962,0.3473502304143463,0.962643678157846,0.7189030362389814,persistent,-0.6503488927831766,0.07256704773518863,0.9274329522648114,1.1837146282196045,1.2763334512710571,1.220212697982788,0.9931342601776123
IMG_2942_1_485,Consensus_7of7,0.75,True,1,5,True,1,0.6799913724921417,0.5414472177690159,0.9138164251190072,0.8968586963460801,persistent,-0.7562143471748621,0.021216895523223034,0.978783104476777,1.2122937440872192,1.2385714054107666,1.2236087322235107,0.9769198298454285
IMG_2942_649_485,Consensus_7of7,0.75,True,1,3,False,0,0.33358445080583576,0.20193360087540865,0.9584415584374094,0.5119401288981964,persistent,0.7138069004232275,0.03198564715066232,0.9680143528493377,1.3132774829864502,1.3566704988479614,1.2050490379333496,0.9952067136764526
20160222_115837_1281_361,Cured_by_D2,0.75,True,1,2,False,0,0.7629270544774204,0.630604846402155,0.965527315217746,0.9236329927905681,persistent,-0.6888787016531389,0.10263187764285897,0.897368122357141,1.3171191215515137,1.4677568674087524,1.3785629272460938,0.9850742816925049
20160307_145059_1281_721,Cured_by_D2,0.75,True,1,2,False,0,0.7492221530798853,0.6088495575216107,0.9737161342485865,0.8999364053228266,persistent,0.2516188531391605,0.07870182587906394,0.9212981741209361,1.3215411901474,1.4344327449798584,1.2835850715637207,0.9839896559715271
20160316_143527_1921_361,Cured_by_D2,0.75,True,1,2,False,0,0.7125635971945214,0.5926349496793285,0.8933455924596099,0.8403903511538428,persistent,0.13098655110747343,-0.053620197466165864,1.0536201974661659,1.4524129629135132,1.3784966468811035,1.4635543823242188,0.9582265615463257
20160316_143547_1281_1081,Cured_by_D2,0.75,True,1,2,False,0,0.8768428890530502,0.8543238537409915,0.9005812174949508,0.886995873818714,persistent,-0.49708635248272526,0.10899627257872757,0.8910037274212724,1.137374997138977,1.2765088081359863,1.1835724115371704,0.9176949262619019
20160318_181632_1_361,Cured_by_D2,0.75,True,1,2,False,0,0.9359999999989302,0.9311050477468598,0.9409466911743085,0.9295386733991279,persistent,-0.3586518400802233,-0.15661793444625283,1.1566179344462528,1.4074589014053345,1.2168735265731812,1.3571488857269287,0.9183825254440308
20160407_165001_641_1081,Cured_by_D2,0.75,True,1,2,False,0,0.4774984671974525,0.32374459594226185,0.9093881363806194,0.6233312142403051,persistent,-0.1604564812814998,-0.08783493580776458,1.0878349358077646,1.3247475624084473,1.2177826166152954,1.309957504272461,0.9979552626609802
IMG_2941_1297_969,Cured_by_D2,0.75,True,1,2,False,0,0.7799639413649133,0.6507521255714183,0.9732003129871416,0.875771397907164,persistent,-0.06068506180876901,-0.10122072695195006,1.10122072695195,1.4114785194396973,1.2817388772964478,1.4040557146072388,0.7896112203598022
20160222_164851_641_1,Clean_Control,0.75,False,0,0,False,0,0.8528499101744027,0.8177262762286112,0.8911262798627209,0.9069844866748645,clean,0.816330664693811,-0.004025581878459139,1.0040255818784591,1.239818811416626,1.234846830368042,1.2619171142578125,0.9824594855308533
20160222_164851_641_1081,Clean_Control,0.75,False,0,0,True,1,0.7227640721612018,0.6069593147745107,0.893177879311654,0.820178561120625,clean,0.020830309852820236,0.069767105076467,0.930232894923533,1.1903878450393677,1.279665470123291,1.1884886026382446,0.9967873692512512
20160222_165225_641_361,Clean_Control,0.75,False,0,0,True,1,0.796558082359727,0.7401869158870817,0.8622232974466405,0.925560579862051,clean,-0.20697450048494137,0.08361421484984044,0.9163857851501596,1.2389278411865234,1.351970911026001,1.258312702178955,0.9755301475524902
20160222_165926_1_1081,Clean_Control,0.75,False,0,0,False,0,0.5791058605499674,0.4190412336559871,0.9370314842508469,0.7504303272500327,clean,-3.1250904520699243,0.06494867867364418,0.9350513213263558,1.1153486967086792,1.1928198337554932,1.174039363861084,0.9789793491363525
20160222_165926_641_721,Clean_Control,0.75,False,0,0,False,0,0.7327801389727229,0.5921282163098646,0.9610688373722154,0.9205337756003885,clean,0.722824849928149,0.007718320115154054,0.992281679884846,1.2505427598953247,1.2602689266204834,1.225178599357605,0.9932278394699097
20160307_145059_641_361,Clean_Control,0.75,False,0,0,False,0,0.7060124395295743,0.5571553228615214,0.963410033947636,0.7880313367950731,clean,1.154421453964052,0.005038207702903974,0.994961792297096,1.2416529655456543,1.2479393482208252,1.2886486053466797,0.9871941804885864
20160316_143445_1281_721,Clean_Control,0.75,False,0,0,False,0,0.8221939136586491,0.8332090194498633,0.8114662494407624,0.9229067651274347,clean,-0.864907294213529,-0.15903091873415964,1.1590309187341596,1.5904256105422974,1.372201919555664,1.489217758178711,0.9615592956542969
20160316_143445_1_721,Clean_Control,0.75,False,0,0,False,0,0.5585447875263233,0.4127414435779817,0.8636256204186632,0.6150588377650725,clean,-0.7578440161362617,0.043771444331212384,0.9562285556687876,1.3073084354400635,1.3671495914459229,1.3331072330474854,0.9726560115814209
20160316_143527_1281_1081,Clean_Control,0.75,False,0,0,False,0,0.7866041640268648,0.7858408573109561,0.787368955021316,0.8306783788089115,clean,-0.5141216835241338,-0.09924356254358346,1.0992435625435835,1.5231572389602661,1.385640263557434,1.4764631986618042,0.9588091373443604
20160316_143527_1_1,Clean_Control,0.75,False,0,0,False,0,0.6527527469329383,0.6768748492878263,0.6302907825298862,0.830072643678161,clean,14.325280805454353,0.07896444727424712,0.9210355527257529,1.2256280183792114,1.3307055234909058,1.3385910987854004,0.9116559028625488
20160316_143527_641_721,Clean_Control,0.75,False,0,0,False,0,0.7173276339739433,0.7381883349613259,0.6976135488826827,0.7462892104305401,clean,3.5349677928224006,-0.037066659911168864,1.0370666599111689,1.543556571006775,1.4883860349655151,1.466622233390808,0.9474273920059204
20160316_143547_1921_1081,Clean_Control,0.75,False,0,0,True,1,0.8585967951492295,0.8465348648529627,0.871007424980945,0.9163416130539279,clean,3.7885553309122963,0.027388802759420128,0.9726111972405799,1.2320111989974976,1.266703724861145,1.2791447639465332,0.8923806548118591
20160316_143547_641_361,Clean_Control,0.75,False,0,0,False,0,0.9031886024420274,0.8583494519659198,0.952970651395166,0.9673877819567331,clean,-0.2513274256098003,0.05122122624200098,0.948778773757999,1.219804048538208,1.2856559753417969,1.2330303192138672,0.9652206301689148
20160316_143547_641_721,Clean_Control,0.75,False,0,0,False,0,0.615191462645228,0.9514563106611368,0.454545454541238,0.49940011997600475,clean,-3.845426258459441,-0.09503680801788295,1.095036808017883,1.5036662817001343,1.3731640577316284,1.400097131729126,0.9503487944602966
20160318_181632_641_1,Clean_Control,0.75,False,0,0,False,0,0.8832236842087104,0.9483443708567403,0.8264717198890863,0.8927536231884058,clean,-1.2002567165771914,-0.14116895030521603,1.141168950305216,1.4304929971694946,1.2535320520401,1.3339594602584839,0.9705497622489929
20160326_142521_1281_1081,Clean_Control,0.75,False,0,0,True,1,0.3090402230181023,0.447004608292356,0.23615337796641464,0.3447534183438316,clean,0.14102873082859443,0.015170464047556287,0.9848295359524437,1.296418309211731,1.3163875341415405,1.2931396961212158,0.9769248962402344
20160326_142521_641_1081,Clean_Control,0.75,False,0,0,False,0,0.0,0.0,0.0,0.0,clean,1.0346504793935563,0.0006646632944112829,0.9993353367055887,1.2885806560516357,1.2894366979599,1.3141417503356934,0.9617344737052917
20160326_142745_1281_1081,Clean_Control,0.75,False,0,0,False,0,0.7462305136714206,0.8800482218177214,0.6477373558104531,0.8984959958330621,clean,-0.5308837700397854,0.08801748776714602,0.911982512232854,1.1891517639160156,1.303918480873108,1.22895085811615,0.9972067475318909
20160326_142745_1921_1081,Clean_Control,0.75,False,0,0,False,0,0.6251411366196602,0.7619266055028396,0.5299936183782228,0.6709525534226729,clean,-1.22696251003644,0.026276379063273736,0.9737236209367263,1.2742935419082642,1.3086799383163452,1.2932389974594116,0.9835911989212036
20160328_151057_1281_721,Clean_Control,0.75,False,0,0,True,1,0.8133612473828037,0.8486567553463428,0.7808843823118852,0.9254125838060856,clean,-1.0067135919285028,-0.10914334139360271,1.1091433413936027,1.4726588726043701,1.327743411064148,1.3999587297439575,0.9958677887916565
20160328_151244_1921_1081,Clean_Control,0.75,False,0,0,False,0,0.7341300110172606,0.7888888888874519,0.6864796322702703,0.8235791312432647,clean,1.8414920859662463,0.029176240751461524,0.9708237592485385,1.1457651853561401,1.1801979541778564,1.2211166620254517,0.9587080478668213
20160328_151244_1921_361,Clean_Control,0.75,False,0,0,False,0,0.8744876113977008,0.9353189676591518,0.8210857641483355,0.907858361914317,clean,1.3646116655868896,0.013446031741043751,0.9865539682589562,1.11747145652771,1.132700800895691,1.1744694709777832,0.9730348587036133
20160328_151752_1281_361,Clean_Control,0.75,False,0,0,False,0,0.7524710189137425,0.8049735656936199,0.7063978463825498,0.8717473208305425,clean,0.10321772564011923,-0.06109351646672523,1.0610935164667252,1.2763395309448242,1.2028520107269287,1.2847977876663208,0.9825587272644043
20160328_152022_1921_361,Clean_Control,0.75,False,0,0,False,0,0.7775484210986918,0.7096644887157936,0.85979311349577,0.7853906061987005,clean,1.0454161112169111,-0.0011948352999402445,1.0011948352999402,1.1902467012405396,1.188825249671936,1.1575268507003784,0.9894517064094543
20160328_152022_1_721,Clean_Control,0.75,False,0,0,False,0,0.7586161449747884,0.74165700296258,0.7763690315608628,0.833378998153553,clean,-2.660856758511921,-0.03199347541651165,1.0319934754165117,1.213850736618042,1.1762183904647827,1.1864980459213257,0.9913175702095032
20160328_152305_1281_361,Clean_Control,0.75,False,0,0,False,0,0.886965346386626,0.8549890666354845,0.9214263565885759,0.8933543805642523,clean,-0.7023878992739622,-0.23715222885007647,1.2371522288500765,1.4695289134979248,1.187830924987793,1.3533031940460205,0.9671743512153625
20160328_152305_1281_721,Clean_Control,0.75,False,0,0,False,0,0.7893650138176076,0.6832930048390434,0.9344212980364485,0.8099109347687355,clean,-0.4880563905666754,-0.29336357801862434,1.2933635780186243,1.5388725996017456,1.1898211240768433,1.4243898391723633,0.8557966947555542
20160328_152305_641_361,Clean_Control,0.75,False,0,0,False,0,0.7576860695618102,0.6624023191324285,0.8849877915291025,0.8000927643784786,clean,-0.042922040913442115,-0.05418655851056342,1.0541865585105634,1.3113423585891724,1.2439366579055786,1.3085682392120361,0.9908989071846008
20160328_152305_641_721,Clean_Control,0.75,False,0,0,False,0,0.7945758525693943,0.7393052854866805,0.8587782340858015,0.8516644026857774,clean,1.2479793123619671,0.02726206464135994,0.9727379353586401,1.204531192779541,1.2382885217666626,1.3744181394577026,0.9670436978340149
20160328_152511_1281_361,Clean_Control,0.75,False,0,0,False,0,0.710495707559839,0.6255730030228951,0.8220968982301691,0.8162128823726619,clean,0.13862506197859753,-0.015521403598524053,1.015521403598524,1.3955504894256592,1.3742196559906006,1.398983359336853,0.9801610708236694
20160328_152511_1921_361,Clean_Control,0.75,False,0,0,False,0,0.6838273530938274,0.6431890437754599,0.7299472661664076,0.7725886005348959,clean,-0.8592481551796713,-0.04119978593287277,1.0411997859328728,1.3040289878845215,1.2524281740188599,1.2801817655563354,0.9836679100990295
20160328_152747_1281_361,Clean_Control,0.75,False,0,0,True,1,0.8020683711573842,0.7807606263975865,0.8245717660949923,0.9043840891718512,clean,-0.37527829178628086,-0.11157997273228837,1.1115799727322884,1.4598723649978638,1.3133299350738525,1.4198846817016602,0.9511775970458984
20160328_153548_1281_721,Clean_Control,0.75,False,0,0,False,0,0.8180830254291064,0.8427494589145299,0.794819455197862,0.8603094752470252,clean,0.3619099718662082,0.015324257705138233,0.9846757422948618,1.188385009765625,1.2068785429000854,1.1778959035873413,0.98388671875
20160328_153548_641_721,Clean_Control,0.75,False,0,0,False,0,0.7773028355138261,0.812871084419018,0.74471676878783,0.9461700420519654,clean,2.494331689090474,0.027719084278351125,0.9722809157216489,1.2274928092956543,1.2624868154525757,1.2859046459197998,0.9661945700645447
20160328_153604_1921_361,Clean_Control,0.75,False,0,0,False,0,0.7455461926196677,0.7003542254025155,0.7969726883836813,0.867141649559232,clean,0.05405871712814805,0.017218758985493743,0.9827812410145063,1.1564806699752808,1.1767417192459106,1.155322790145874,0.9970197081565857
20160328_153604_641_721,Clean_Control,0.75,False,0,0,True,1,0.781207707675201,0.7430883344567258,0.8234494939196906,0.8595888872488304,clean,-1.0099799527214302,0.04098969627909388,0.9590103037209061,1.1549251079559326,1.2042875289916992,1.1797288656234741,0.9860508441925049
20160328_153620_1281_361,Clean_Control,0.75,False,0,0,False,0,0.7954418604650239,0.8396504320500688,0.7556557087308334,0.8583689320003528,clean,0.8289695940386147,-0.013204354806414687,1.0132043548064147,1.1882134675979614,1.172727346420288,1.2632733583450317,0.960269570350647
20160328_153629_641_361,Clean_Control,0.75,False,0,0,False,0,0.864254895452627,0.8337755008683251,0.8970472440936051,0.8530802299943181,clean,-0.4981705541412642,0.06205201793607773,0.9379479820639223,1.149523377418518,1.225571632385254,1.1748108863830566,0.9344288110733032
20160328_153829_1921_361,Clean_Control,0.75,False,0,0,False,0,0.8431183830596208,0.7571305099378628,0.9511400651439981,0.9214467651553744,clean,2.0853412845515353,-0.0014118208319615633,1.0014118208319616,1.1380877494812012,1.1364822387695312,1.1350029706954956,0.9766615033149719
20160328_153829_641_361,Clean_Control,0.75,False,0,0,False,0,0.869495398677741,0.7847268673346881,0.9747957346614392,0.9653441030398952,clean,-12.280392905141946,-0.16214111409174192,1.162141114091742,1.36775541305542,1.1769261360168457,1.1912953853607178,0.9475224018096924
20160329_103807_361_641,Clean_Control,0.75,False,0,0,False,0,0.7722178181595497,0.9205070799287878,0.6650770976008015,0.8740816007503517,clean,1.028733123303814,0.004853262548566328,0.9951467374514337,1.1135332584381104,1.1189628839492798,1.30793035030365,0.8806272745132446
20160329_103807_721_1281,Clean_Control,0.75,False,0,0,False,0,0.6760999336708465,0.6279260780261687,0.732279693483083,0.8145985401459854,clean,-0.1910810839371449,-0.14225112778127902,1.142251127781279,1.6183661222457886,1.4168206453323364,1.5860328674316406,0.8762632012367249
20160330_170359_1921_721,Clean_Control,0.75,False,0,0,False,0,0.8772798814922514,0.9620285293664845,0.8062539885127393,0.8312318049324698,clean,1.0797263341312058,0.007551454320090745,0.9924485456799093,1.2374061346054077,1.2468204498291016,1.3649033308029175,0.9750713109970093
20160330_172309_641_721,Clean_Control,0.75,False,0,0,True,1,0.8473762010345953,0.8817380969024394,0.8155920584618717,0.9490028558693592,clean,0.5809823972051933,0.03741397632573862,0.9625860236742614,1.225745677947998,1.2733871936798096,1.1596890687942505,0.9828454852104187
20160402_150314_1_721,Clean_Control,0.75,False,0,0,False,0,0.7716285962487752,0.7293276661507637,0.8191385483337104,0.8814052249781053,clean,0.4031654663256915,0.039054729020496226,0.9609452709795038,1.1623902320861816,1.209631085395813,1.1304787397384644,0.982900857925415
20160402_151049_1281_721,Clean_Control,0.75,False,0,0,False,0,0.9429285245717277,0.9305509641870715,0.9556397996998457,0.9715381280230746,clean,7.369079434257051,-0.11548187913703556,1.1154818791370356,1.4269927740097046,1.279260277748108,1.256065011024475,0.8834834098815918
20160405_171348_1281_721,Clean_Control,0.75,False,0,0,False,0,0.88207717273699,0.877471301020175,0.88673165229977,0.9571659479071576,clean,2.0926018412277116,0.06792634219410298,0.932073657805897,1.2632579803466797,1.3553189039230347,1.439577341079712,0.9049781560897827
20160405_171348_1_721,Clean_Control,0.75,False,0,0,True,1,0.7431004110392515,0.7947040661466339,0.6977898267700461,0.7203914478795942,clean,6.002811936870037,-0.07980428699099051,1.0798042869909905,1.6299799680709839,1.509513258934021,1.4854334592819214,0.9533541798591614
20160405_171348_641_721,Clean_Control,0.75,False,0,0,True,1,0.831147964307114,0.8513489684356518,0.8118834080715214,0.9063808871073818,clean,0.614793446869262,-0.03854657042088783,1.0385465704208878,1.474931001663208,1.4201866388320923,1.5623035430908203,0.8869302868843079
20160407_163130_1281_721,Clean_Control,0.75,False,0,0,False,0,0.8894381689198682,0.9616247995719072,0.8273325056325804,0.9451287793952967,clean,-0.9200708467629826,-0.051913239348159834,1.0519132393481598,1.3511772155761719,1.2844939231872559,1.3192235231399536,0.7785762548446655
20160407_163130_1_361,Clean_Control,0.75,False,0,0,False,0,0.8160521491122101,0.8433684210490806,0.7904498816069833,0.8616966800375522,clean,-0.6095203524345373,-0.04815989484689798,1.048159894846898,1.2654176950454712,1.2072744369506836,1.2433990240097046,0.9716877937316895
20160407_165001_1281_361,Clean_Control,0.75,False,0,0,False,0,0.7929858743299513,0.7410883115058889,0.8526994359380718,0.9225969851779784,clean,1.9127357747898102,-0.011549112099928704,1.0115491120999287,1.2104910612106323,1.196669578552246,1.1815266609191895,0.9610565304756165
20160407_165001_1_1081,Clean_Control,0.75,False,0,0,False,0,0.6109525508378425,0.5099002530884176,0.7619577308103183,0.7869686177739195,clean,-0.41314224807694777,0.05339899284167404,0.946601007158326,1.1627390384674072,1.2283296585083008,1.1819149255752563,0.9971309900283813
20160407_165001_641_721,Clean_Control,0.75,False,0,0,False,0,0.5665424249055766,0.40989847715606,0.9169623846634709,0.38598168646342806,clean,9.775101823977334,0.02885050190824956,0.9711494980917504,1.1930984258651733,1.2285414934158325,1.232580542564392,0.9838421940803528
IMG_2931_649_485,Clean_Control,0.75,False,0,0,False,0,0.9035730727005546,0.8520670540300193,0.9617066184223113,0.9724414166138887,clean,-0.6881820454164334,-0.2029923405576688,1.2029923405576688,1.5077550411224365,1.2533361911773682,1.4040420055389404,0.9576184749603271
IMG_2941_1_485,Clean_Control,0.75,False,0,0,False,0,0.7510094212644675,0.6764182964269009,0.8440903590140297,0.7801783264746227,clean,0.8219394744231577,-0.0220199642119554,1.0220199642119554,1.2700364589691162,1.2426718473434448,1.3963533639907837,0.9877222180366516
20160222_080850_1281_721,Consensus_7of7,0.5,True,1,2,False,0,0.6901689987267124,0.538112779822788,0.9620060790224823,0.8994617582563624,persistent,1.0010135773576443,0.00024285673897717075,0.9997571432610228,1.2859383821487427,1.2862497568130493,1.5934534072875977,0.8001918792724609
20160222_080850_641_361,Consensus_7of7,0.5,True,1,3,False,0,0.7726888349380037,0.6959705159701739,0.8684162119070032,0.8629129587587856,persistent,0.8225236293638367,-0.018459128547029913,1.01845912854703,1.3158496618270874,1.2919994592666626,1.426384687423706,0.9831919074058533
20160222_115224_1281_1,Consensus_7of7,0.5,True,2,8,False,0,0.5226103438934995,0.36639772187910163,0.9110219494904154,0.6931930598888973,persistent,-0.20532400456429042,0.037409668981080335,0.9625903310189197,1.231263279914856,1.279113531112671,1.2394144535064697,0.9951040744781494
20160222_115224_1281_361,Consensus_7of7,0.5,True,1,2,True,1,0.42572311148494,0.2871212121206683,0.8230184581931432,0.5925157308004417,persistent,2.6460898714111165,-0.06937394755573023,1.0693739475557302,1.3318589925765991,1.2454557418823242,1.1929657459259033,0.9101998805999756
20160222_115224_1281_721,Consensus_7of7,0.5,True,1,2,False,0,0.7632223891210662,0.6786166174600329,0.8719291907498701,0.854902884341262,persistent,28.94506846596547,-0.06592966614522977,1.0659296661452298,1.3569759130477905,1.2730435132980347,1.2700400352478027,0.9049890041351318
20160222_115224_641_1,Consensus_7of7,0.5,True,1,2,True,2,0.7236254732436437,0.6497868885725088,0.8163967869427307,0.8688455998607773,persistent,1.6908131933968824,-0.018266225109191625,1.0182662251091916,1.2872490882873535,1.264156699180603,1.2307288646697998,0.9915860891342163
20160222_115224_641_361,Consensus_7of7,0.5,True,1,2,False,0,0.7945866273605862,0.6780242396508621,0.9595469255632377,0.9300424461562647,persistent,-0.15417470332472458,0.06478039621607312,0.9352196037839269,1.215212106704712,1.299385905265808,1.2264560461044312,0.9701777100563049
20160222_115837_1281_1081,Consensus_7of7,0.5,True,1,4,False,0,0.6653671215066077,0.49883086515880976,0.9988294966796769,0.847723704866562,persistent,1.2921725192563538,-0.021651197785933274,1.0216511977859333,1.33907151222229,1.3106924295425415,1.2135611772537231,0.9956956505775452
20160222_164851_1281_1081,Consensus_7of7,0.5,True,1,2,False,0,0.8880399189140121,0.871061486691846,0.9056933842224782,0.9021054184492824,persistent,-3.8496721843557284,-0.03878320783656908,1.038783207836569,1.1926846504211426,1.1481544971466064,1.1573365926742554,0.9548293352127075
20160222_164851_641_361,Consensus_7of7,0.5,True,1,5,True,1,0.8132123575281894,0.7218930972504014,0.9309812001022139,0.8873145368179918,persistent,2.169473323920763,-0.02714463473204831,1.0271446347320483,1.2329604625701904,1.2003756761550903,1.1725128889083862,0.9876129031181335
20160222_165225_1921_721,Consensus_7of7,0.5,True,1,2,False,0,0.6583864348198194,0.5067752930413942,0.9394359685607344,0.8736429157923546,persistent,0.8466299325532629,0.00826470909464716,0.9917352909053528,1.2085368633270264,1.2186073064804077,1.1529462337493896,0.9892086982727051
20160222_165402_1281_361,Consensus_7of7,0.5,True,1,2,False,0,0.8743291139236079,0.78698386655657,0.9834833124490449,0.9064639596431032,persistent,-0.030559991387508298,0.08374722696198211,0.9162527730380179,1.1236631870269775,1.2263671159744263,1.126708745956421,0.9449285268783569
20160222_165926_1281_361,Consensus_7of7,0.5,True,1,2,False,0,0.4873323397904483,0.32248520709979667,0.9969512195045965,0.8,persistent,-0.09763805475536334,0.059200481276238004,0.940799518723762,1.1232075691223145,1.1938852071762085,1.129494547843933,0.9954501986503601
20160222_165926_1921_721,Consensus_7of7,0.5,True,1,4,False,0,0.7177904400120941,0.5850857953804863,0.9283520982580792,0.9232120492509882,persistent,-0.1731991895479634,0.015343893331017155,0.9846561066689828,1.1561871767044067,1.1742030382156372,1.1588468551635742,0.9953001737594604
20160222_165926_1_721,Consensus_7of7,0.5,True,1,2,False,0,0.6013521255865688,0.44049017961987497,0.9472924187691434,0.8344547134935306,persistent,-0.24649947271825262,0.04770629250614522,0.9522937074938548,1.0941635370254517,1.1489759683609009,1.1050028800964355,0.9894349575042725
20160222_165926_641_361,Consensus_7of7,0.5,True,1,2,False,0,0.6415410385252914,0.4746707978304033,0.9893445269583813,0.8990011098779135,persistent,-0.003615933804241969,0.04332750748522518,0.9566724925147748,1.114858865737915,1.1653496026992798,1.1150407791137695,0.9839983582496643
20160302_155857_641_721,Consensus_7of7,0.5,True,1,3,False,0,0.6890458264627791,0.5365830022286381,0.96253802694397,0.8047535950166773,persistent,0.6354622197716785,-0.04922311807536084,1.0492231180753608,1.320449948310852,1.2585015296936035,1.428438425064087,0.9528372883796692
20160307_144202_1281_361,Consensus_7of7,0.5,True,1,5,False,0,0.5751877804100544,0.4217490944034732,0.9041204437386623,0.7556310612257409,persistent,-1.288973772603342,-0.11515706838708573,1.1151570683870857,1.3703795671463013,1.2288658618927002,1.2906899452209473,0.9973294138908386
20160307_144202_1281_721,Consensus_7of7,0.5,True,1,5,False,0,0.5087108013933159,0.34145545523730936,0.9971410419282175,0.5882352941176471,persistent,-1.7605560597532632,-0.09803460113703566,1.0980346011370357,1.3686622381210327,1.246464490890503,1.2907301187515259,0.9954453110694885
20160307_144202_1921_361,Consensus_7of7,0.5,True,1,3,False,0,0.6335317349945393,0.4721807628522089,0.9623964847042737,0.7711598746081506,persistent,-4.3336902988163235,-0.10269766055108254,1.1026976605510825,1.319632887840271,1.196730375289917,1.2197730541229248,0.9939461350440979
20160307_144202_1_361,Consensus_7of7,0.5,True,1,5,False,0,0.7810660344687725,0.6645061868283259,0.9472154025061718,0.8377402673431553,persistent,-0.39179467049337513,-0.04199974784830829,1.0419997478483083,1.2793105840682983,1.2277445793151855,1.2647945880889893,0.9905325174331665
20160307_144202_641_361,Consensus_7of7,0.5,True,1,10,False,0,0.6911332941865038,0.5392486255342398,0.9621253405985811,0.8267550658061606,persistent,-1.0851877054800771,-0.07547546913489378,1.0754754691348938,1.358534812927246,1.2631936073303223,1.308916687965393,0.9976767897605896
20160307_145059_1281_361,Consensus_7of7,0.5,True,1,3,False,0,0.8387076923074342,0.7436974789911908,0.9615493156476919,0.8590028752780341,persistent,0.08672664116149893,-0.057715747587435695,1.0577157475874357,1.2464004755020142,1.1783878803253174,1.252859115600586,0.9919447302818298
20160307_145059_1921_1081,Consensus_7of7,0.5,True,1,2,False,0,0.769340667189964,0.6279151119395663,0.9929928084067988,0.9320531920763672,persistent,2.135743543204729,0.02292641287542818,0.9770735871245718,1.1763014793395996,1.2039016485214233,1.2282030582427979,0.9855477809906006
20160307_145059_1921_721,Consensus_7of7,0.5,True,1,2,False,0,0.8052575107288936,0.711936758892155,0.9267338958614392,0.8899709030725288,persistent,2.080979129935627,-0.010533372048006528,1.0105333720480065,1.2059521675109863,1.1933808326721191,1.1817512512207031,0.9629050493240356
20160307_145059_641_721,Consensus_7of7,0.5,True,1,2,False,0,0.8755771469864393,0.7999413102481109,0.9670095778636333,0.9828571428571428,persistent,-0.36987735899397023,-0.06105145524867317,1.0610514552486732,1.2764824628829956,1.2030344009399414,1.2566509246826172,0.9516835808753967
20160310_114505_1281_1,Consensus_7of7,0.5,True,1,4,False,0,0.42066674303995794,0.26635717394419506,0.9999999999945535,0.7171052631578948,persistent,0.39175847796528834,0.024205451780742737,0.9757945482192573,1.1695277690887451,1.1985379457473755,1.1508427858352661,0.9991050362586975
20160310_114505_641_1,Consensus_7of7,0.5,True,1,4,False,0,0.5563458856342005,0.39577339021689073,0.9361652194298612,0.7499002432776841,persistent,-0.6015121304440239,0.015857602348586686,0.9841423976514133,1.170698642730713,1.1895612478256226,1.1777832508087158,0.9867205023765564
20160310_114505_641_1081,Consensus_7of7,0.5,True,1,3,False,0,0.5941493893775958,0.42343892318548376,0.9954794194599204,0.7279682802492266,persistent,3.5216066778093054,-0.052099013405348726,1.0520990134053487,1.2493573427200317,1.1874892711639404,1.1629540920257568,0.9869483113288879
20160310_114505_641_361,Consensus_7of7,0.5,True,1,5,False,0,0.5368576377747245,0.3688618531249503,0.9858623939656318,0.7314789752734567,persistent,2.8176784641433175,-0.026676490445243006,1.026676490445243,1.221442461013794,1.1897042989730835,1.1722434759140015,0.9974364638328552
20160310_114505_641_721,Consensus_7of7,0.5,True,1,4,False,0,0.5998482444639581,0.42879684418103664,0.9979343585012671,0.7945997261217667,persistent,0.5532176101661298,-0.01307350623941117,1.0130735062394112,1.2068052291870117,1.1912306547164917,1.2260900735855103,0.9941679239273071
20160316_142539_1281_721,Consensus_7of7,0.5,True,1,2,False,0,0.717543936155982,0.5968514219380464,0.8994205750509462,0.7142678807722626,persistent,1.1065747427058594,-0.0033343367082900865,1.00333433670829,1.1924535036087036,1.1884896755218506,1.1512967348098755,0.9097946882247925
20160316_142539_1921_361,Consensus_7of7,0.5,True,2,7,False,0,0.6577889285597293,0.5206476908190231,0.8930131004359012,0.7009418455877546,persistent,0.4932585467238669,0.0075509796902949455,0.992449020309705,1.192000150680542,1.20106840133667,1.1831731796264648,0.9907459020614624
20160316_142539_1_721,Consensus_7of7,0.5,True,2,6,False,0,0.6954713350092512,0.5788766599490627,0.8708799751237011,0.7980057986098205,persistent,3.6478359471555932,-0.04341833249981075,1.0434183324998108,1.264318585395813,1.2117072343826294,1.1918376684188843,0.9567762017250061
20160316_142539_641_721,Consensus_7of7,0.5,True,2,4,True,1,0.575769424118702,0.44755123306684286,0.8069516204784664,0.5615622886627203,persistent,0.17412319433199205,-0.03935050501380233,1.0393505050138023,1.2750213146209717,1.2267471551895142,1.2851991653442383,0.9813203811645508
20160316_143445_1281_1081,Consensus_7of7,0.5,True,1,2,False,0,0.7661545964389586,0.7132803632219903,0.8274953910960562,0.8760393653344044,persistent,0.4737276852958612,-0.005345158371691694,1.0053451583716917,1.2140483856201172,1.2075926065444946,1.2198596000671387,0.9783884882926941
20160316_143445_1281_361,Consensus_7of7,0.5,True,1,2,False,0,0.8904352976010917,0.822427350426788,0.9707045436195861,0.9617821158819742,persistent,0.45954245182448983,-0.06307220100825273,1.0630722010082527,1.252915859222412,1.1785792112350464,1.316123127937317,0.8543558120727539
20160316_143445_1921_1081,Consensus_7of7,0.5,True,1,2,False,0,0.6919182269771246,0.593348078970596,0.8297628594331197,0.764798896187941,persistent,1.1043925206607585,0.005137923489985763,0.9948620765100142,1.2495872974395752,1.2560397386550903,1.3178491592407227,0.9838557839393616
20160316_143527_1281_361,Consensus_7of7,0.5,True,1,2,False,0,0.7416538263983193,0.8049052396848573,0.6876190476168648,0.6107961093440281,persistent,3.6306729264475743,0.007614027767436027,0.992385972232564,1.2015695571899414,1.2107875347137451,1.2142915725708008,0.9807945489883423
20160316_143527_1281_721,Consensus_7of7,0.5,True,1,4,False,0,0.7560374110090838,0.7435134764102213,0.7689904870080131,0.8247017872501384,persistent,-3.8310686867314354,0.040247763142084336,0.9597522368579157,1.2128547430038452,1.2637155055999756,1.253187656402588,0.9938222765922546
20160316_143527_1_361,Consensus_7of7,0.5,True,1,2,False,0,0.7108686529574614,0.566050345287222,0.9552631578911457,0.9198372050484728,persistent,0.9501735734763852,0.0029813476394762173,0.9970186523605238,1.3015151023864746,1.3054059743881226,1.227317452430725,0.9690623879432678
20160316_143527_641_361,Consensus_7of7,0.5,True,1,3,False,0,0.7840568515369121,0.7594421499965527,0.8103206028861857,0.7840960056824045,persistent,0.09669104271778399,-0.03083576685872247,1.0308357668587225,1.2764025926589966,1.2382200956344604,1.2804896831512451,0.9963472485542297
20160318_181632_1281_361,Consensus_7of7,0.5,True,1,6,False,0,0.850444280943906,0.9087143202706494,0.7991968939472399,0.944811460384276,persistent,0.8609736486991,-0.013249017445494893,1.013249017445495,1.1711866855621338,1.1558715105056763,1.2660317420959473,0.9768674373626709
20160318_181632_1921_1,Consensus_7of7,0.5,True,1,3,False,0,0.7792702485958507,0.800288243770228,0.7593279937472958,0.7078903807246643,persistent,0.40588484016139553,-0.056475833444641355,1.0564758334446414,1.2126033306121826,1.147780418395996,1.256888747215271,0.9550153613090515
20160321_185557_1921_361,Consensus_7of7,0.5,True,1,2,False,0,0.7597047908932328,0.6270649779731367,0.963511369644671,0.9520176718681117,persistent,1.168509118437782,0.012665487087645366,0.9873345129123546,1.1294845342636108,1.1439725160598755,1.229949951171875,0.9897103905677795
20160324_170347_1281_1,Consensus_7of7,0.5,True,1,2,False,0,0.8768545994058776,0.8887218045099418,0.8653001464116175,0.9628284561915387,persistent,1.064178390484681,-0.0012378178424530262,1.001237817842453,1.1375871896743774,1.136179804801941,1.1142505407333374,0.9716298580169678
20160324_170347_1281_361,Consensus_7of7,0.5,True,1,5,False,0,0.8100321395771292,0.7233497334965935,0.9203182055282729,0.8928360128617363,persistent,-0.07440969003817574,0.03501814166212358,0.9649818583378764,1.1233254671096802,1.1640887260437012,1.1261485815048218,0.9873104095458984
20160324_170347_641_361,Consensus_7of7,0.5,True,1,3,True,1,0.7496765203535884,0.633473507147799,0.9180887371991271,0.9403097718952408,persistent,-1.090472362008556,0.02099442891225467,0.9790055710877453,1.1708295345306396,1.1959365606307983,1.1839263439178467,0.9705715179443359
20160328_151020_1281_361,Consensus_7of7,0.5,True,1,6,False,0,0.6623574648632119,0.5312383686922256,0.8794120235886986,0.8896699633152259,persistent,4.303085282215932,0.035498503323964425,0.9645014966760356,1.1263006925582886,1.1677532196044922,1.1803028583526611,0.9978364109992981
20160328_151020_641_361,Consensus_7of7,0.5,True,2,5,False,0,0.5983543721568977,0.4583104987078538,0.8616426258450668,0.643332816224068,persistent,-0.620641975308642,0.036577691000934,0.963422308999066,1.1335101127624512,1.176544427871704,1.1499905586242676,0.9858242273330688
20160328_151057_1281_1,Consensus_7of7,0.5,True,1,3,False,0,0.816519174040495,0.7768007483615027,0.8605181347132425,0.9430832356389215,persistent,3.3994777886812604,-0.0694984981329454,1.0694984981329454,1.2694190740585327,1.1869282722473145,1.1525496244430542,0.9659610986709595
20160328_151057_1281_1081,Consensus_7of7,0.5,True,1,2,False,0,0.546210136416527,0.3907199172800947,0.9072629051593419,0.7070141209650936,persistent,0.6569070226843794,0.009320098297682211,0.9906799017023178,1.1841174364089966,1.1952563524246216,1.1627901792526245,0.9152137637138367
20160328_151057_1281_361,Consensus_7of7,0.5,True,1,2,False,0,0.8309825484095696,0.7791392707699056,0.8902168345554206,0.9171115481876931,persistent,-1.7355237208943493,0.057415339957434086,0.9425846600425659,1.110297441482544,1.1779276132583618,1.1532046794891357,0.9204502701759338
20160328_151057_641_1081,Consensus_7of7,0.5,True,1,2,False,0,0.735555976510006,0.6432002650312354,0.858880778586908,0.923611111111111,persistent,1.116356507126408,-0.0007435885643698459,1.0007435885643698,1.1983901262283325,1.1974986791610718,1.1898373365402222,0.9809120297431946
20160328_151057_641_721,Consensus_7of7,0.5,True,1,2,False,0,0.7851476793242319,0.7447966698675236,0.8301213418971626,0.8938088653012409,persistent,10.024778444185838,-0.14707864972600637,1.1470786497260064,1.4059540033340454,1.2256813049316406,1.205706000328064,0.9782921075820923
20160328_151244_1921_721,Consensus_7of7,0.5,True,1,2,False,0,0.8892547009301446,0.8544404577395694,0.927026466726343,0.8970287873545092,persistent,0.9014851611259712,0.0020738996112980024,0.997926100388702,1.1096237897872925,1.1119288206100464,1.0885310173034668,0.9906015992164612
20160328_151752_1921_721,Consensus_7of7,0.5,True,1,3,False,0,0.7620723637897692,0.9039746158979604,0.6586760769040891,0.9287206189509605,persistent,-0.497258762903571,-0.0096521108435208,1.0096521108435208,1.133924126625061,1.1230829954147339,1.1303236484527588,0.989086389541626
20160328_151752_1_721,Consensus_7of7,0.5,True,1,4,False,0,0.47969656403284316,0.31561949500788133,0.9990706319609752,0.4573141440731703,persistent,1.3887136020511672,0.013460561391251957,0.986539438608748,1.0915318727493286,1.1064239740371704,1.1447352170944214,0.9563229084014893
20160328_151752_641_361,Consensus_7of7,0.5,True,1,3,False,0,0.7951847517135704,0.7950518221326861,0.7953177257521283,0.8660051845892555,persistent,-0.2287223178595396,-0.004374580080681145,1.0043745800806811,1.1523616313934326,1.1473414897918701,1.151427149772644,0.9969746470451355
20160328_152022_1_361,Consensus_7of7,0.5,True,1,2,False,0,0.6739830260452532,0.5340909090896705,0.9131641554285759,0.6774193548387097,persistent,1.443963180691441,0.017778916696220892,0.9822210833037791,1.1111860275268555,1.131298303604126,1.1765999794006348,0.9937770962715149
20160328_152022_641_721,Consensus_7of7,0.5,True,1,2,False,0,0.8040750546791747,0.7362706862017833,0.8856345885628973,0.8959651151617167,persistent,57.975203078238565,0.0280603221328094,0.9719396778671906,1.100567102432251,1.1323399543762207,1.1328976154327393,0.9559846520423889
20160328_153548_1921_721,Consensus_7of7,0.5,True,1,2,False,0,0.8980970611415106,0.9025176803389519,0.8937195361079647,0.9637367528814554,persistent,-9.431427429028389,-0.016519474432342918,1.016519474432343,1.1481932401657104,1.1295329332351685,1.1313217878341675,0.9109025597572327
20160328_153548_641_361,Consensus_7of7,0.5,True,1,7,True,1,0.6599372944859984,0.5976454293620531,0.7367252859813271,0.7598950076665194,persistent,0.5006029033670525,-0.022921731610737295,1.0229217316107373,1.1831268072128296,1.1566141843795776,1.2097034454345703,0.9970859885215759
20160328_153604_641_361,Consensus_7of7,0.5,True,1,2,False,0,0.7520977193318243,0.6798130004472672,0.8415835488235183,0.8835432405359156,persistent,-13.051304172249857,-0.08095173727321736,1.0809517372732174,1.2185159921646118,1.1272611618041992,1.1337555646896362,0.9562063813209534
20160328_153620_1281_721,Consensus_7of7,0.5,True,2,11,False,0,0.8518120424261592,0.7669636987799404,0.9577689606416939,0.9319572633104379,persistent,-0.2684268604843068,-0.04061891320430733,1.0406189132043073,1.1970570087432861,1.1503307819366455,1.1871687173843384,0.9916455149650574
20160328_153620_1921_361,Consensus_7of7,0.5,True,1,2,False,0,0.9116042668219118,0.8865067371864732,0.9381642512074169,0.918190402609666,persistent,0.1557511828627879,-0.027425812839409147,1.0274258128394091,1.1601777076721191,1.1292072534561157,1.1658912897109985,0.9922722578048706
20160328_153620_1_361,Consensus_7of7,0.5,True,1,2,False,0,0.9283136914808158,0.9031519315371233,0.9549176410612817,0.9813485025700472,persistent,0.944490937243696,0.055509889603583384,0.9444901103964166,1.0788719654083252,1.142278790473938,0.0,0.9528754949569702
20160328_153620_641_721,Consensus_7of7,0.5,True,1,3,False,0,0.8808882003613859,0.8643466628831423,0.898075222170556,0.9343011282658351,persistent,1.380844418656294,0.01096009892271288,0.9890399010772871,1.1439409255981445,1.1566165685653687,1.1898995637893677,0.9913796782493591
20160328_153629_1_361,Consensus_7of7,0.5,True,1,3,False,0,0.9242327772824365,0.8849540737527068,0.9671602013618694,0.9582068158068946,persistent,-1.6598942634709306,0.03444408413879485,0.9655559158612051,1.1029531955718994,1.142297625541687,1.127505898475647,0.9968013763427734
20160328_153629_641_721,Consensus_7of7,0.5,True,1,5,False,0,0.9418821376527599,0.9195090482016345,0.9653711229200217,0.9806850641161112,persistent,1.912230049659314,-0.006555651882232283,1.0065556518822323,1.15647554397583,1.148942470550537,1.1406846046447754,0.9766900539398193
20160328_153829_1281_361,Consensus_7of7,0.5,True,1,7,False,0,0.8830001284300294,0.820750212223891,0.9554677125471864,0.9494690813463699,persistent,-0.38568733664624844,-0.04743914632278545,1.0474391463227855,1.173561930656433,1.120409607887268,1.1587677001953125,0.9739527702331543
20160328_153829_1281_721,Consensus_7of7,0.5,True,1,3,False,0,0.8016175071351074,0.7406593406577129,0.8735095904591148,0.944515162860352,persistent,2.707431864636172,-0.06292447460836126,1.0629244746083613,1.2397061586380005,1.1663153171539307,1.123332142829895,0.9743083119392395
20160328_153829_1921_1,Consensus_7of7,0.5,True,1,10,False,0,0.8296148296146455,0.7409390118166623,0.9424017753563613,0.9243043798736955,persistent,0.06713734719225992,-0.009062363883997726,1.0090623638839977,1.136368751525879,1.126162052154541,1.1371033191680908,0.9972183704376221
20160328_153829_1_1,Consensus_7of7,0.5,True,1,4,False,0,0.8311201216419587,0.7360955245316981,0.9543153116446753,0.9225163270329833,persistent,-0.4307526557848032,-0.013009685063437137,1.0130096850634371,1.1463267803192139,1.1316039562225342,1.1418942213058472,0.9961070418357849
20160328_153829_641_1,Consensus_7of7,0.5,True,1,3,False,0,0.8630353678552865,0.8536340556173739,0.8726460647025153,0.9174582087420865,persistent,-7.9837515198408315,0.008707161770972749,0.9912928382290273,1.103170394897461,1.1128592491149902,1.1117807626724243,0.9955187439918518
20160328_153829_641_1081,Consensus_7of7,0.5,True,1,2,False,0,0.6838694191066467,0.5365853658531532,0.9425971877569188,0.79188223203544,persistent,1.5347306325558863,-0.018246208904204586,1.0182462089042046,1.1601811647415161,1.1393905878067017,1.1005101203918457,0.9816152453422546
20160328_153829_641_721,Consensus_7of7,0.5,True,1,2,False,0,0.8125440451007531,0.6920768307302159,0.9837883959002398,0.8996636332820528,persistent,47.75051752444857,-0.0673111569695024,1.0673111569695024,1.2379471063613892,1.159873604774475,1.1582036018371582,0.9596204161643982
20160329_103807_361_1,Consensus_7of7,0.5,True,1,2,False,0,0.771353293412989,0.8674711776743521,0.6944109021904888,0.9661763528124083,persistent,2.02453726067366,0.06151611332034468,0.9384838866796553,1.153336524963379,1.22893488407135,1.302722692489624,0.9253695607185364
20160329_103807_361_1281,Consensus_7of7,0.5,True,1,3,False,0,0.722067359721785,0.7890059485412495,0.6655985489719874,0.7278551574408714,persistent,0.4954942441457584,-0.03153312321302604,1.031533123213026,1.2747414112091064,1.2357726097106934,1.3130141496658325,0.9942607283592224
20160329_103807_361_1921,Consensus_7of7,0.5,True,1,2,True,1,0.6478256066574645,0.8499855058455648,0.5233519752497253,0.7276631447220602,persistent,0.775559439698678,-0.020822283628423977,1.020822283628424,1.225446343421936,1.2004492282867432,1.3118244409561157,0.9933624863624573
20160330_165956_1281_721,Consensus_7of7,0.5,True,1,5,False,0,0.6548570227078139,0.5234453781508206,0.8743683323963022,0.8714631031450375,persistent,0.387973670593615,0.025592943570815208,0.9744070564291848,1.154226303100586,1.1845412254333496,1.1350091695785522,0.9953103065490723
20160330_165956_1921_721,Consensus_7of7,0.5,True,1,2,False,0,0.7138617534309918,0.587762166564256,0.9088476070514659,0.908304483727141,persistent,-0.1229447862823775,0.05660491908843279,0.9433950809115672,1.0881476402282715,1.1534368991851807,1.095295786857605,0.996466338634491
20160330_165956_1_721,Consensus_7of7,0.5,True,2,3,True,1,0.6932442774642084,0.5519610015504631,0.9317374228521943,0.8744501224098684,persistent,-0.5267963894837803,0.03644391714304662,0.9635560828569534,1.0988092422485352,1.1403677463531494,1.1131483316421509,0.9993692636489868
20160330_165956_641_721,Consensus_7of7,0.5,True,1,2,False,0,0.822253399524702,0.7343614457824247,0.9340443790597842,0.9622449406546814,persistent,1.1558942257678166,-0.01059855019224365,1.0105985501922436,1.1820629835128784,1.1696652173995972,1.0901384353637695,0.0
20160330_172309_1281_721,Consensus_7of7,0.5,True,1,3,False,0,0.8670156301473577,0.831525364226494,0.9056704775739282,0.960893814967057,persistent,2.105519733358253,-0.02131646290594702,1.021316462905947,1.2161903381347656,1.1908055543899536,1.1678436994552612,0.988214373588562
20160402_150314_1281_721,Consensus_7of7,0.5,True,1,2,False,0,0.8459638218181345,0.8294397999837256,0.863159606471369,0.9711845649700046,persistent,0.32945078158005914,-0.016323174906475613,1.0163231749064756,1.1779944896697998,1.1590737104415894,1.1872905492782593,0.9891882538795471
20160402_151049_1_361,Consensus_7of7,0.5,True,1,2,False,0,0.9019190590418437,0.8608833739563997,0.9470626472735244,0.9209914990195743,persistent,0.43155042412818095,0.033557920767805505,0.9664420792321945,1.126440405845642,1.1655529737472534,1.0967472791671753,0.9932593703269958
20160402_151054_1921_361,Consensus_7of7,0.5,True,1,3,False,0,0.867209551308806,0.8064808110060303,0.9378289242853569,0.958931778899922,persistent,0.11804515976537136,0.032770940233351475,0.9672290597666485,1.1421935558319092,1.180891513824463,1.1370140314102173,0.9917264580726624
20160407_163130_1_721,Consensus_7of7,0.5,True,1,2,False,0,0.8475236838946975,0.9200676951110329,0.7855832823871586,0.9119960849085459,persistent,2.3511490750324877,-0.04274355725820822,1.0427435572582082,1.2185403108596802,1.1685895919799805,1.1316205263137817,0.8899102210998535
20160407_163257_1281_1,Consensus_7of7,0.5,True,1,2,False,0,0.8864630541868428,0.8060054464663852,0.9847649067498601,0.9956958393113342,persistent,0.8599650806307483,-0.0033170951151921813,1.0033170951151922,1.1015293598175049,1.097886562347412,1.123900055885315,0.9665300846099854
20160407_163257_1921_1081,Consensus_7of7,0.5,True,1,3,False,0,0.8037437422906452,0.7175799974080612,0.9134234828480979,0.9114816634395861,persistent,0.12526934860241684,0.02391921245339501,0.976080787546605,1.1236903667449951,1.1512258052825928,1.1197470426559448,0.9957103729248047
20160407_163257_641_361,Consensus_7of7,0.5,True,1,2,False,0,0.8582164090364527,0.8188418950800337,0.9015689017678609,0.994760835544669,persistent,0.0046352316262743025,0.026957680140708762,0.9730423198592912,1.1079074144363403,1.138600468635559,1.107764482498169,0.9501939415931702
20160407_165001_1281_1081,Consensus_7of7,0.5,True,1,2,False,0,0.5376569037652886,0.374479600332666,0.952860169489002,0.6208599479536313,persistent,0.375458985827204,-0.05144564282029962,1.0514456428202996,1.1971819400787354,1.1386046409606934,1.232397198677063,0.9890449047088623
20160407_165001_1921_721,Consensus_7of7,0.5,True,1,2,False,0,0.701313341975818,0.5572874675261513,0.9457281848571819,0.8750131675971768,persistent,41.0083440860215,-0.04920892853092962,1.0492089285309296,1.1821262836456299,1.1266824007034302,1.1252965927124023,0.9878705143928528
IMG_2931_1297_485,Consensus_7of7,0.5,True,1,3,False,0,0.807579768704462,0.7248624312137948,0.9116074237152828,0.8012714389775513,persistent,1.180700848299472,0.03409684935303181,0.9659031506469682,1.1260273456573486,1.1657756567001343,1.3857431411743164,0.98795086145401
IMG_2931_1945_485,Consensus_7of7,0.5,True,1,2,False,0,0.8786504336748001,0.8125091979384658,0.9565142065125494,0.9655060548152128,persistent,0.9303608538050646,-0.006927131895909655,1.0069271318959097,1.1919862031936646,1.1837849617004395,1.301552653312683,0.9904707074165344
IMG_2941_1_969,Consensus_7of7,0.5,True,1,2,False,0,0.8910963607228697,0.8452453321746892,0.9422071636002495,0.9284344652687574,persistent,0.7890238202116263,-0.031977507933451,1.031977507933451,1.2258832454681396,1.1878962516784668,1.3679497241973877,0.9759646058082581
IMG_2942_1297_485,Consensus_7of7,0.5,True,1,3,False,0,0.5605493133579522,0.40301588726290005,0.9202705472414013,0.7861163227016886,persistent,1.0200689465421529,-0.0008680733637640436,1.000868073363764,1.1918739080429077,1.190839171409607,1.139280080795288,0.9866085052490234
IMG_2942_1945_485,Consensus_7of7,0.5,True,1,3,False,0,0.5061037639873633,0.3445290858721785,0.9530651340965739,0.6944444444444444,persistent,-0.6294940119641315,0.04142273148082176,0.9585772685191782,1.1294524669647217,1.1782581806182861,1.1483067274093628,0.9965465664863586
IMG_2942_1_485,Consensus_7of7,0.5,True,1,5,True,1,0.6799216312309121,0.544387636532019,0.9053140096600863,0.8907943287334262,persistent,8.328169698278188,0.013984404809206485,0.9860155951907935,1.1412409543991089,1.157425880432129,1.1596344709396362,0.9895007014274597
IMG_2942_649_485,Consensus_7of7,0.5,True,1,3,False,0,0.32861317149896707,0.19869529763504692,0.9493506493465397,0.49965274816322053,persistent,0.6093269819216328,0.023065812103107874,0.9769341878968921,1.1926045417785645,1.2207614183425903,1.1486886739730835,0.9977672100067139
20160222_115837_1281_361,Cured_by_D2,0.5,True,1,2,False,0,0.7626099028218849,0.6312966864573237,0.9628980426498309,0.9286507692671283,persistent,-1.3830020368821154,0.04825476297018749,0.9517452370298125,1.2323501110076904,1.2948309183120728,1.2686115503311157,0.9899094700813293
20160307_145059_1281_721,Cured_by_D2,0.5,False,0,0,False,0,0.7658827285299745,0.6327032967027404,0.9700768297601158,0.9040004447893174,cured,0.5932773819246909,0.010705705494534201,0.9892942945054658,1.272782325744629,1.2865548133850098,1.252692699432373,0.9895732998847961
20160316_143527_1921_361,Cured_by_D2,0.5,True,1,2,False,0,0.7154725294897345,0.5955983493805627,0.8957591081474591,0.8310648567179897,persistent,0.4937012113641962,-0.022305658930873884,1.0223056589308739,1.2689154148101807,1.2412279844284058,1.2959139347076416,0.9736630916595459
20160316_143547_1281_1081,Cured_by_D2,0.5,True,1,2,False,0,0.8758775205364064,0.8558085230564629,0.8969103701410313,0.8862194628154946,persistent,-0.3498740024451011,0.07578098938668265,0.9242190106133173,1.1012351512908936,1.1915295124053955,1.124638557434082,0.9484944343566895
20160318_181632_1_361,Cured_by_D2,0.5,True,1,2,False,0,0.9365586490176442,0.9301903898437666,0.9430147058801861,0.9295386733991279,persistent,-0.3325450717115411,-0.08664399380426135,1.0866439938042614,1.2451430559158325,1.1458600759506226,1.220366358757019,0.9498474597930908
20160407_165001_641_1081,Cured_by_D2,0.5,True,1,2,False,0,0.4682558413966624,0.31327964629667887,0.9266697804720847,0.6393234672304441,persistent,0.18746028724222247,-0.06841246961469816,1.0684124696146982,1.2236745357513428,1.1453193426132202,1.241751790046692,0.9989210963249207
IMG_2941_1297_969,Cured_by_D2,0.5,True,1,2,False,0,0.7847762837140955,0.6561472715310241,0.9761345852876054,0.8823302429437246,persistent,0.05787457693528883,-0.05504524447081982,1.0550452444708198,1.2745723724365234,1.2080726623535156,1.2786574363708496,0.829825222492218
20160222_164851_641_1,Clean_Control,0.5,False,0,0,False,0,0.8565369871948224,0.8203405717850176,0.8960750853234675,0.9193321953548748,clean,0.7748614396159141,-0.003950010067635734,1.0039500100676357,1.159125566482544,1.1545640230178833,1.1748250722885132,0.9873745441436768
20160222_164851_641_1081,Clean_Control,0.5,False,0,0,False,0,0.7211777452037975,0.6055222602733246,0.8914447770586239,0.8174635153063732,clean,0.2620956547625021,0.02227572456576188,0.9777242754342381,1.1543574333190918,1.1806564331054688,1.1450163125991821,0.997419536113739
20160222_165225_641_361,Clean_Control,0.5,False,0,0,True,1,0.791775531068504,0.7463325837876149,0.8431111648713643,0.9154458095963415,clean,-0.39074888724516943,0.0422019408642923,0.9577980591357077,1.1598544120788574,1.2109582424163818,1.1742126941680908,0.9823550581932068
20160222_165926_1_1081,Clean_Control,0.5,False,0,0,False,0,0.5777566087149851,0.42338568935279797,0.9092953523170219,0.748213360952874,clean,6.932542661262072,0.025099800611733447,0.9749001993882666,1.0978598594665527,1.126124382019043,1.1308887004852295,0.986392617225647
20160222_165926_641_721,Clean_Control,0.5,False,0,0,False,0,0.7319476312587853,0.5915784880543344,0.9596531587312694,0.9180588515979605,clean,1.4309016035153104,-0.0019154998229053977,1.0019154998229054,1.1673532724380493,1.1651204824447632,1.1599388122558594,0.9968846440315247
20160307_145059_641_361,Clean_Control,0.5,False,0,0,False,0,0.7132368365843554,0.566729636625662,0.9619011693682349,0.7973488652339826,clean,0.7479082257608594,-0.0053435514172088805,1.0053435514172089,1.1999229192733765,1.1935441493988037,1.2188475131988525,0.9927822351455688
20160316_143445_1281_721,Clean_Control,0.5,False,0,0,True,1,0.8136590941560756,0.83262179074751,0.7955409029946381,0.907307188749719,clean,-1.0600388081819065,-0.13085996593611604,1.130859965936116,1.397727131843567,1.2359850406646729,1.3144991397857666,0.9821290373802185
20160316_143445_1_721,Clean_Control,0.5,False,0,0,False,0,0.5700031181785391,0.4252646271950386,0.8640983219076718,0.6208947950823833,clean,-0.8553014264023439,0.033486399198687566,0.9665136008013124,1.1940386295318604,1.2354069948196411,1.2131096124649048,0.9851690530776978
20160316_143527_1281_1081,Clean_Control,0.5,False,0,0,False,0,0.7888747346068837,0.7924415628725537,0.7853398714907124,0.8299204516294586,clean,-0.17571704093609583,-0.04341295787800137,1.0434129578780014,1.3029446601867676,1.2487324476242065,1.2948423624038696,0.9766016006469727
20160316_143527_1_1,Clean_Control,0.5,False,0,0,False,0,0.6515186645022887,0.6734571599752265,0.6309644100138868,0.8265384316382174,clean,6.9868688074489675,0.03921843668380376,0.9607815633161962,1.1717414855957031,1.2195701599121094,1.2275590896606445,0.9542814493179321
20160316_143527_641_721,Clean_Control,0.5,False,0,0,False,0,0.7221172022678621,0.7392356071589433,0.7057736720543406,0.7474515977958688,clean,-2.2706412944574117,-0.05312057441053297,1.053120574410533,1.3676520586013794,1.298665165901184,1.3197579383850098,0.9556971192359924
20160316_143547_1921_1081,Clean_Control,0.5,False,0,0,True,1,0.858945451391714,0.8478791251119941,0.8703044681688544,0.9145202941652322,clean,-2.3583991818383554,0.034690202614130694,0.9653097973858693,1.1547008752822876,1.19619619846344,1.1838405132293701,0.9372743368148804
20160316_143547_641_361,Clean_Control,0.5,False,0,0,False,0,0.9034720092674696,0.8620846609006684,0.9490336435211532,0.9689929421474092,clean,-4.4046069103655485,0.0031931268357400233,0.99680687316426,1.2052603960037231,1.209120273590088,1.2084060907363892,0.9669586420059204
20160316_143547_641_721,Clean_Control,0.5,False,0,0,False,0,0.48033707864831227,0.9884393063298139,0.3172541743940886,0.39326679576940266,clean,-2.1154805114570348,-0.05440513902247912,1.0544051390224791,1.3048498630523682,1.2375212907791138,1.2591322660446167,0.9676183462142944
20160318_181632_641_1,Clean_Control,0.5,False,0,0,False,0,0.8939116269580658,0.9493944636637137,0.8445555983037917,0.9022988505747127,clean,-0.5517773348718487,-0.11362553326785085,1.1136255332678509,1.2962546348571777,1.1639940738677979,1.2492257356643677,0.981819212436676
20160326_142521_1281_1081,Clean_Control,0.5,False,0,0,True,1,0.2959304622672937,0.42173423423185963,0.22793670115572753,0.33582580115036975,clean,1.2034989607047413,0.004081260754253413,0.9959187392457466,1.1963845491409302,1.2012863159179688,1.2253737449645996,0.98481684923172
20160326_142521_641_1081,Clean_Control,0.5,False,0,0,False,0,0.0,0.0,0.0,0.0,clean,-0.09080714619738822,-0.04683583599893226,1.0468358359989323,1.2492238283157349,1.1933320760726929,1.2445709705352783,0.9816846251487732
20160326_142745_1281_1081,Clean_Control,0.5,False,0,0,False,0,0.747107438015579,0.8751861781326328,0.6517302573188737,0.896534551635289,clean,-1.2643661437575668,0.04354222759936599,0.956457772400634,1.141132116317749,1.1930805444717407,1.1701388359069824,0.9987414479255676
20160326_142745_1921_1081,Clean_Control,0.5,False,0,0,False,0,0.6357129748571887,0.7481641468666347,0.5526483726857807,0.6926919247155613,clean,0.5247148069128608,-0.008205280558897243,1.0082052805588972,1.2039368152618408,1.1941375732421875,1.2147551774978638,0.9899857044219971
20160328_151057_1281_721,Clean_Control,0.5,False,0,0,True,1,0.8129862825357582,0.8482655190396138,0.7805243895117414,0.9268945691698758,clean,-0.7391075246860118,-0.14594286770519438,1.1459428677051944,1.3870935440063477,1.2104376554489136,1.3120161294937134,0.9979678988456726
20160328_151244_1921_1081,Clean_Control,0.5,False,0,0,False,0,0.7367971286953198,0.7993695531229383,0.6833095577735246,0.839681208644855,clean,2.289682412596744,0.024990991952102304,0.9750090080478977,1.1237941980361938,1.1525977849960327,1.1749316453933716,0.9600364565849304
20160328_151244_1921_361,Clean_Control,0.5,False,0,0,False,0,0.8754948240164182,0.934316116943849,0.823641236599095,0.9045051246749273,clean,0.9924809465000921,-0.0002371730812134043,1.0002371730812134,1.103832483291626,1.103569746017456,1.1385126113891602,0.9808327555656433
20160328_151752_1281_361,Clean_Control,0.5,False,0,0,False,0,0.7506340330611573,0.8044930573743748,0.7035339939282298,0.8698261097846061,clean,0.13197042217952562,-0.06140157610974506,1.061401576109745,1.211183786392212,1.1411163806915283,1.2218364477157593,0.9896568655967712
20160328_152022_1921_361,Clean_Control,0.5,False,0,0,False,0,0.7786246090134414,0.7124601926872607,0.8583361662858247,0.793224244500148,clean,1.45921682626539,-0.0022632600359138166,1.0022632600359138,1.133712649345398,1.131151556968689,1.1255744695663452,0.9931245446205139
20160328_152022_1_721,Clean_Control,0.5,False,0,0,False,0,0.7606656980578783,0.7452122153199466,0.7767736714313774,0.8367832715658802,clean,-0.5893160074745752,-0.039055873969428,1.039055873969428,1.1706477403640747,1.1266446113586426,1.1543314456939697,0.992254376411438
20160328_152305_1281_361,Clean_Control,0.5,False,0,0,False,0,0.8844693004752567,0.8541474121991369,0.9170232558133847,0.8926819697861487,clean,-0.9837702577249143,-0.17623309433957468,1.1762330943395747,1.3397283554077148,1.138998031616211,1.2401843070983887,0.9773800373077393
20160328_152305_1281_721,Clean_Control,0.5,False,0,0,False,0,0.7829031954590038,0.6714178141132361,0.9387831841761759,0.8072843593916605,clean,-0.405951560002684,-0.18226250060401772,1.1822625006040177,1.3447704315185547,1.1374540328979492,1.2849103212356567,0.859150767326355
20160328_152305_641_361,Clean_Control,0.5,False,0,0,False,0,0.754992098836103,0.6582952339195476,0.8849877915291025,0.8042564980441775,clean,-0.07543137036624735,-0.03937935546106308,1.039379355461063,1.215822696685791,1.16975736618042,1.2125916481018066,0.9937138557434082
20160328_152305_641_721,Clean_Control,0.5,False,0,0,False,0,0.7954416493283537,0.7372896213180499,0.8635523613958606,0.8243399424172503,clean,1.0900411560761802,0.008756613856159667,0.9912433861438403,1.1541694402694702,1.1643643379211426,1.277589201927185,0.9719420075416565
20160328_152511_1281_361,Clean_Control,0.5,False,0,0,False,0,0.7177044219017442,0.6376854894924432,0.820687003331427,0.8188183818677156,clean,-0.5406823142014779,-0.02712835288095583,1.0271283528809558,1.271255612373352,1.2376784086227417,1.259472131729126,0.9870924353599548
20160328_152511_1921_361,Clean_Control,0.5,False,0,0,False,0,0.6556948798325254,0.6192943498637887,0.6966416874820088,0.7118435282763571,clean,-0.39919347570255426,-0.055502118092995545,1.0555021180929955,1.2317852973937988,1.1670125722885132,1.2133054733276367,0.9919391870498657
20160328_152747_1281_361,Clean_Control,0.5,False,0,0,True,1,0.8025075834172689,0.7706229610060815,0.8371445447634485,0.8972719005759322,clean,-0.6306043362325606,-0.15427195426104423,1.1542719542610442,1.3957396745681763,1.2091938257217407,1.323596715927124,0.9755920171737671
20160328_153548_1281_721,Clean_Control,0.5,False,0,0,False,0,0.8175616078338133,0.8367662773127835,0.799218695009221,0.8648863210355702,clean,0.2604735516372796,0.007656364047494035,0.992343635952506,1.1341838836669922,1.1429336071014404,1.1311020851135254,0.992355227470398
20160328_153548_641_721,Clean_Control,0.5,False,0,0,False,0,0.7750234924335649,0.8043990045060843,0.7477178942098613,0.9416424299859482,clean,1.7539422651430356,0.014695717584620294,0.9853042824153797,1.1575676202774048,1.1748316287994385,1.1977299451828003,0.9670895934104919
20160328_153604_1921_361,Clean_Control,0.5,False,0,0,False,0,0.7471643163700387,0.6993543758961984,0.8019907864422491,0.8730217262516472,clean,-2.1679690522243713,-0.0086363908518019,1.008636390851802,1.1400120258331299,1.1302497386932373,1.133331298828125,0.9972383975982666
20160328_153604_641_721,Clean_Control,0.5,False,0,0,True,1,0.7817988463147234,0.7437155119553993,0.8239929352619904,0.8545230212249099,clean,2.7788718137480446,0.020152891042169663,0.9798471089578303,1.1204802989959717,1.1435246467590332,1.1564791202545166,0.9894397258758545
20160328_153620_1281_361,Clean_Control,0.5,False,0,0,False,0,0.7945463202758435,0.8375486619492111,0.7557440791797553,0.8573157482635527,clean,1.0626262914317375,0.003241820822235675,0.9967581791777643,1.1272075176239014,1.1308726072311401,1.189395785331726,0.9743970632553101
20160328_153629_641_361,Clean_Control,0.5,False,0,0,False,0,0.8765360983098711,0.8555097451266346,0.8986220472432099,0.8594088710247153,clean,-0.5130349633749322,0.0369634623232471,0.9630365376767529,1.1085995435714722,1.151149034500122,1.1230270862579346,0.9573465585708618
20160328_153829_1921_361,Clean_Control,0.5,False,0,0,False,0,0.845820284267832,0.7602858380234727,0.9530401737216259,0.9367920775495677,clean,-0.8468619602263678,-0.018728684516632788,1.0187286845166328,1.1278396844863892,1.1071040630340576,1.1183315515518188,0.9772264361381531
20160328_153829_641_361,Clean_Control,0.5,False,0,0,False,0,0.8700906344405511,0.7841742609460055,0.9771499792259006,0.9673337042475761,clean,-4.701499300699301,-0.10785695774723703,1.107856957747237,1.2478924989700317,1.1264011859893799,1.147709846496582,0.959869384765625
20160329_103807_361_641,Clean_Control,0.5,False,0,0,True,1,0.7557583175697297,0.9183618280697942,0.6420738624426197,0.8392625635652639,clean,1.1111538345167016,0.00956284993654033,0.9904371500634597,1.0886967182159424,1.0992072820663452,1.1937659978866577,0.8881925940513611
20160329_103807_721_1281,Clean_Control,0.5,False,0,0,False,0,0.6688610928227587,0.6172539489646932,0.7298850574677688,0.7989685798873079,clean,-0.09248387155286564,-0.08538077136926447,1.0853807713692645,1.3690680265426636,1.2613701820373535,1.3599509000778198,0.8810440301895142
20160330_170359_1921_721,Clean_Control,0.5,False,0,0,False,0,0.8740183094007914,0.9628833256535284,0.8001701765578386,0.828922205300702,clean,1.6379051785692462,0.036572787220178093,0.9634272127798219,1.147472620010376,1.1910309791564941,1.2593144178390503,0.984184980392456
20160330_172309_641_721,Clean_Control,0.5,False,0,0,True,1,0.844535985799785,0.8758335648788289,0.8153980469505221,0.9496596199870354,clean,0.5483953998373264,0.017707350363756924,0.9822926496362431,1.1603165864944458,1.1812320947647095,1.1349183320999146,0.9914895296096802
20160402_150314_1_721,Clean_Control,0.5,False,0,0,False,0,0.7619720442040864,0.7122641509427242,0.8191385483337104,0.8579981961120458,clean,0.22385865022106885,0.02409332887782234,0.9759066711221777,1.1163654327392578,1.143925428390503,1.1084164381027222,0.991691529750824
20160402_151049_1281_721,Clean_Control,0.5,False,0,0,False,0,0.9434094117316884,0.9322689354176753,0.9548193623218506,0.9721913236929921,clean,63.01769157994323,-0.06622274798097671,1.0662227479809767,1.2581599950790405,1.1800150871276855,1.1787550449371338,0.9391601085662842
20160405_171348_1281_721,Clean_Control,0.5,False,0,0,False,0,0.8872757988094224,0.872411108227129,0.9026558178251558,0.9635632228890055,clean,2.5367052308909326,0.05994167650746607,0.9400583234925339,1.1621774435043335,1.2362812757492065,1.2845038175582886,0.9498682618141174
20160405_171348_1_721,Clean_Control,0.5,False,0,0,True,2,0.7417499243111424,0.7842710440726308,0.7036024445157599,0.7190470374723748,clean,-1.3519031874357372,-0.04223148911568897,1.042231489115689,1.3727768659591675,1.317150592803955,1.3408021926879883,0.9750986099243164
20160405_171348_641_721,Clean_Control,0.5,False,0,0,False,0,0.8241306744161563,0.8423024024812448,0.806726457398877,0.9016320032941539,clean,-0.3191564649612581,-0.13546058937981664,1.1354605893798166,1.4490704536437988,1.2761951684951782,1.4072450399398804,0.9082092642784119
20160407_163130_1281_721,Clean_Control,0.5,False,0,0,False,0,0.8911222780567319,0.9596265053843919,0.8317469076190592,0.9450949242269809,clean,-0.8830333484355478,-0.027473613991814583,1.0274736139918146,1.2229022979736328,1.1902021169662476,1.207567811012268,0.8625103831291199
20160407_163130_1_361,Clean_Control,0.5,False,0,0,False,0,0.8278403275315704,0.8600595491243724,0.797947908441997,0.8984709069335303,clean,-1.3270743416905098,-0.05001673368171611,1.050016733681716,1.2008904218673706,1.1436859369277954,1.168268084526062,0.9837963581085205
20160407_165001_1281_361,Clean_Control,0.5,False,0,0,False,0,0.7948822851189069,0.738136354216524,0.8610797743748098,0.902584776084733,clean,-0.9938070059484468,-0.0316905552004807,1.0316905552004807,1.1706839799880981,1.1347229480743408,1.152759313583374,0.9671656489372253
20160407_165001_1_1081,Clean_Control,0.5,False,0,0,False,0,0.593318173866894,0.48883124369435244,0.7546162402652845,0.7804012012809239,clean,-0.42511257454260254,0.02170438392791152,0.9782956160720885,1.1325913667678833,1.1577179431915283,1.1400866508483887,0.998175859451294
20160407_165001_641_721,Clean_Control,0.5,False,0,0,False,0,0.5856655290089063,0.4310113864687508,0.9134137686237516,0.4238924114534953,clean,0.9666778376427522,-0.0006659357061689075,1.000665935706169,1.1562107801437378,1.155440330505371,1.1785615682601929,0.985525906085968
IMG_2931_649_485,Clean_Control,0.5,False,0,0,False,0,0.9050255536623705,0.8551307847076759,0.961103573043147,0.9724123534646613,clean,-0.6509330658139102,-0.07138495363834041,1.0713849536383404,1.2866730690002441,1.2009427547454834,1.2528711557388306,0.9603901505470276
IMG_2941_1_485,Clean_Control,0.5,False,0,0,False,0,0.7493112947651743,0.6697378872110091,0.8503428801919114,0.778926400384655,clean,0.9935531401697498,-0.0003196905936440064,1.000319690593644,1.1882610321044922,1.187880277633667,1.2469407320022583,0.9930822253227234
20160222_080850_1281_721,Consensus_7of7,0.25,True,1,2,False,0,0.7095067095053685,0.5658727766036603,0.9508611955372297,0.9073858069332338,persistent,0.9529392449588204,-0.006337769668048665,1.0063377696680487,1.18808114528656,1.1805977821350098,1.3396127223968506,0.934729814529419
20160222_080850_641_361,Consensus_7of7,0.25,True,1,3,False,0,0.7714826357967578,0.7062719722827195,0.8499601447048561,0.8654774746878647,persistent,1.1893472755493832,0.004698974986805937,0.9953010250131941,1.1707009077072144,1.1762269735336304,1.2054117918014526,0.9953095316886902
20160222_115224_1281_1,Consensus_7of7,0.25,True,2,7,True,1,0.5277348066294455,0.38359391732663994,0.8454094878431782,0.6876289538750107,persistent,-4.78168765743073,0.02380534321241734,0.9761946567875827,1.1221039295196533,1.1494663953781128,1.1447337865829468,0.9986293315887451
20160222_115224_1281_361,Consensus_7of7,0.25,True,1,2,True,1,0.436064152578477,0.297105729473721,0.8192182410378979,0.6208215852431183,persistent,1.4983378480289211,-0.015385438409382557,1.0153854384093826,1.1592659950256348,1.1416994333267212,1.1064491271972656,0.9712462425231934
20160222_115224_1281_721,Consensus_7of7,0.25,True,1,2,False,0,0.7644479872453053,0.6841204166062432,0.8661488439290713,0.8514886153865056,persistent,0.06909950270395662,0.013068340241644605,0.9869316597583554,1.1561588048934937,1.1714669466018677,1.1550225019454956,0.972109317779541
20160222_115224_641_1,Consensus_7of7,0.25,True,1,2,True,2,0.7326359115070413,0.6640414507765139,0.817034298099175,0.8736094164932175,persistent,1.0255201510617697,-0.0006019480907519803,1.000601948090752,1.152610182762146,1.1519157886505127,1.1247061491012573,0.9940881133079529
20160222_115224_641_361,Consensus_7of7,0.25,True,1,2,False,0,0.7991891891881092,0.686078886309313,0.956957928799492,0.9384021572463386,persistent,-0.3534557736739039,0.05135203403581312,0.9486479659641869,1.1172075271606445,1.1776829957962036,1.1330007314682007,0.986294686794281
20160222_115837_1281_1081,Consensus_7of7,0.25,True,1,4,False,0,0.6518311291955089,0.4834936804367412,0.9999999999960983,0.8473520249221184,persistent,1.1998255684238281,-0.001987315740799689,1.0019873157407997,1.183790683746338,1.1814417839050293,1.169687032699585,0.9978869557380676
20160222_164851_1281_1081,Consensus_7of7,0.25,True,1,2,False,0,0.8867850715899485,0.8727860773126863,0.9012404580138339,0.8969072164948453,persistent,-1.8622092527903211,-0.029103335837350253,1.0291033358373503,1.1328208446502686,1.100783348083496,1.1119766235351562,0.9583522081375122
20160222_164851_641_361,Consensus_7of7,0.25,True,1,5,True,1,0.8070708568037329,0.7100749918482491,0.9347583483552796,0.8846398170499301,persistent,-3.540068935803533,-0.013496466524690831,1.0134964665246908,1.1318849325180054,1.116810917854309,1.1201311349868774,0.9958168268203735
20160222_165225_1921_721,Consensus_7of7,0.25,True,1,2,False,0,0.6445748110561573,0.49050836550797094,0.9397441824611809,0.8689047215862221,persistent,1.2366130792894712,-0.005079713168739675,1.0050797131687397,1.1245920658111572,1.1189073324203491,1.0948818922042847,0.9953461289405823
20160222_165402_1281_361,Consensus_7of7,0.25,True,1,2,False,0,0.8817061320508967,0.8000742528301465,0.9818885977890626,0.9091668704024064,persistent,-0.5225765108163991,0.03215934534631282,0.9678406546536872,1.0911122560501099,1.1273666620254517,1.10355544090271,0.9715195894241333
20160222_165926_1281_361,Consensus_7of7,0.25,True,1,2,False,0,0.49120179707882594,0.32555831265427904,0.9999999999923781,0.8061224489795918,persistent,-1.2714400471268676,0.022827448702302244,0.9771725512976978,1.0822473764419556,1.1075284481048584,1.0963984727859497,0.9976637959480286
20160222_165926_1921_721,Consensus_7of7,0.25,True,1,4,False,0,0.7142744789612943,0.5799489144309324,0.9295803480021912,0.9192410726193968,persistent,1.3577966819354095,0.005021005834294212,0.9949789941657058,1.098096251487732,1.103636622428894,1.1191213130950928,0.9987768530845642
20160222_165926_1_721,Consensus_7of7,0.25,True,1,2,False,0,0.5920325019742783,0.4306353636505818,0.9469314079388198,0.7936724128975663,persistent,-1.879188900747065,0.020581663510172765,0.9794183364898272,1.0713341236114502,1.093846321105957,1.0860273838043213,0.9960944056510925
20160222_165926_641_361,Consensus_7of7,0.25,True,1,2,False,0,0.6218078638015587,0.4531088465508003,0.990636099447883,0.8900979325353645,persistent,-3.556867910098993,0.01162160150841507,0.9883783984915849,1.08747398853302,1.100259780883789,1.0974539518356323,0.9958506226539612
20160302_155857_641_721,Consensus_7of7,0.25,True,1,3,False,0,0.6909867202459137,0.5408393945348237,0.9565406345059048,0.7958522111969807,persistent,0.9959391486735204,-0.00029656327869842514,1.0002965632786984,1.1658999919891357,1.165553331375122,1.2509198188781738,0.9870114326477051
20160307_144202_1281_361,Consensus_7of7,0.25,True,1,6,False,0,0.5768550790520902,0.4233706532213069,0.9049128367656024,0.7785003168796579,persistent,-2.0317780747396057,-0.06611916493388126,1.0661191649338813,1.2297481298446655,1.1534799337387085,1.1786361932754517,0.9992542862892151
20160307_144202_1281_721,Consensus_7of7,0.25,True,1,4,False,0,0.5311004784684457,0.3632538569420719,0.9872935196919083,0.6096972135600041,persistent,-0.9241360482126049,-0.0484406888357618,1.0484406888357618,1.2183421850204468,1.1620506048202515,1.1913061141967773,0.998745858669281
20160307_144202_1921_361,Consensus_7of7,0.25,True,1,3,False,0,0.6503137478606246,0.4908292430894296,0.9633260098014506,0.7692464385508877,persistent,-10.197449024888284,-0.03936224656445564,1.0393622465644556,1.1909887790679932,1.1458832025527954,1.1499114036560059,0.9973109364509583
20160307_144202_1_361,Consensus_7of7,0.25,True,1,5,False,0,0.7791511936337456,0.6609216092157947,0.9488952060983661,0.8408165852803585,persistent,-17.827477477477476,-0.004320919406521906,1.004320919406522,1.1578822135925293,1.1528996229171753,1.153164267539978,0.9926623106002808
20160307_144202_641_361,Consensus_7of7,0.25,True,1,10,False,0,0.6975715982576556,0.5477769717066288,0.9601271571290098,0.8295727316370619,persistent,-0.8526372299020266,-0.022536221593881578,1.0225362215938816,1.194582462310791,1.1682534217834473,1.1824650764465332,0.9994082450866699
20160307_145059_1281_361,Consensus_7of7,0.25,True,1,2,False,0,0.8554704802882821,0.7755277650293853,0.9537886270629646,0.9084764585097882,persistent,0.49163499669530736,-0.02039875995405871,1.0203987599540587,1.174119472503662,1.150646686553955,1.19681978225708,0.9938809871673584
20160307_145059_1921_1081,Consensus_7of7,0.25,True,1,2,False,0,0.8016460905343795,0.6745152354562144,0.987829614602641,0.9370688533125082,persistent,1.267394406392694,0.009666205571786879,0.9903337944282131,1.1444345712661743,1.1556038856506348,1.1973748207092285,0.9945726990699768
20160307_145059_1921_721,Consensus_7of7,0.25,True,1,2,False,0,0.8091049242760414,0.7232490272361816,0.9180901420026383,0.895637909891545,persistent,1.164542370109962,-0.0020835974560828863,1.0020835974560829,1.1533912420272827,1.1509920358657837,1.1364109516143799,0.9857343435287476
20160307_145059_641_721,Consensus_7of7,0.25,True,1,2,False,0,0.879308939776351,0.8133574551478867,0.9568996097898572,0.9828571428571428,persistent,-0.06899563318777292,-0.01734022485484421,1.0173402248548442,1.1813008785247803,1.1611649990081787,1.1800012588500977,0.967836856842041
20160310_114505_1281_1,Consensus_7of7,0.25,True,1,4,False,0,0.42028156117612414,0.2660483987823996,0.9999999999945535,0.6883116883116883,persistent,4.733476923076923,0.006460388764086611,0.9935396112359134,1.1124064922332764,1.1196388006210327,1.121575951576233,0.9997348785400391
20160310_114505_641_1,Consensus_7of7,0.25,True,1,4,False,0,0.5418719211818952,0.38242394978234434,0.9293593053252068,0.7307720241121359,persistent,1.3803595477465627,0.007700604370399544,0.9922993956296005,1.1194608211517334,1.1281472444534302,1.1509846448898315,0.9884048104286194
20160310_114505_641_1081,Consensus_7of7,0.25,True,1,3,False,0,0.6018298393483165,0.4315974374866381,0.993813942419715,0.7638443493617059,persistent,1.887587287581202,-0.012258586337635213,1.0122585863376352,1.1485271453857422,1.1346173286437988,1.118945837020874,0.9912028908729553
20160310_114505_641_361,Consensus_7of7,0.25,True,1,5,False,0,0.5680843824426212,0.3993876184093394,0.9835061262936299,0.7311649767676082,persistent,-6.3425194966748,-0.01618053536456543,1.0161805353645654,1.148884892463684,1.1305903196334839,1.1330819129943848,0.9981443881988525
20160310_114505_641_721,Consensus_7of7,0.25,True,1,4,False,0,0.6168264110751744,0.4465460526311199,0.9970162956139614,0.7849843182115586,persistent,2.628880770064895,0.020456310834017,0.979543689165983,1.1147642135620117,1.1380434036254883,1.1523349285125732,0.9962183237075806
20160316_142539_1281_721,Consensus_7of7,0.25,True,1,2,False,0,0.7567078685555437,0.7001394700132959,0.8232207281066762,0.8046213049993189,persistent,1.5418809069095538,-0.0047370635760259905,1.004737063576026,1.118952989578247,1.1136764287948608,1.1039389371871948,0.9613242149353027
20160316_142539_1921_361,Consensus_7of7,0.25,True,2,7,False,0,0.6501934695537811,0.5317566067063447,0.83650655021761,0.7140151186028326,persistent,2.558459635013919,0.0010746077449542701,0.9989253922550457,1.117598533630371,1.1187998056411743,1.1195706129074097,0.992203414440155
20160316_142539_1_721,Consensus_7of7,0.25,True,2,6,False,0,0.7306841831423222,0.6280746869406149,0.8733675373127538,0.8334436210360899,persistent,6.868528731542431,-0.03135540107422741,1.0313554010742274,1.1640701293945312,1.1286789178848267,1.1226482391357422,0.969305157661438
20160316_142539_641_721,Consensus_7of7,0.25,True,2,4,False,0,0.683282106106948,0.5959902086486794,0.8005323312973223,0.7325632218604752,persistent,0.13184633506858684,-0.03619510879893806,1.036195108798938,1.1695407629013062,1.128686785697937,1.1757452487945557,0.9937159419059753
20160316_143445_1281_1081,Consensus_7of7,0.25,True,1,2,False,0,0.7910149359040444,0.7146196345076188,0.8856992362368036,0.9090211721386929,persistent,0.9579835146409051,-0.001503326450082998,1.001503326450083,1.1336356401443481,1.1319329738616943,1.1724567413330078,0.984605073928833
20160316_143445_1281_361,Consensus_7of7,0.25,True,1,2,False,0,0.8807661378752537,0.8049709360587927,0.9723186183512449,0.9380896179075239,persistent,0.20803967362575013,-0.06522345858917644,1.0652234585891764,1.1929558515548706,1.1199103593826294,1.212144136428833,0.9299980401992798
20160316_143445_1921_1081,Consensus_7of7,0.25,True,1,2,False,0,0.6981984123208166,0.5966850828724434,0.8413334860799159,0.7730434340747205,persistent,1.5377956953697123,0.027060730530011234,0.9729392694699888,1.1155338287353516,1.1465595960617065,1.2042502164840698,0.9957606792449951
20160316_143527_1281_361,Consensus_7of7,0.25,True,1,2,False,0,0.7494403306341494,0.8189687617583028,0.6907936507914578,0.6275712990725891,persistent,-0.12486741689302806,0.018251240602672247,0.9817487593973278,1.1153367757797241,1.1360704898834229,1.117638349533081,0.9935312867164612
20160316_143527_1281_721,Consensus_7of7,0.25,True,1,4,False,0,0.7498357578599837,0.7435205434829726,0.7562591698609701,0.8200632862883359,persistent,2.113965548752627,0.020195721658849863,0.9798042783411501,1.1280721426010132,1.1513229608535767,1.1721950769424438,0.9977356195449829
20160316_143527_1_361,Consensus_7of7,0.25,True,1,2,False,0,0.6876281613114318,0.5402792696014173,0.9454887218009569,0.8842593104668783,persistent,0.8585279346676006,0.004832697115509266,0.9951673028844907,1.1654026508331299,1.1710610389709473,1.131064534187317,0.977049708366394
20160316_143527_641_361,Consensus_7of7,0.25,True,1,2,False,0,0.7913160446708195,0.7755227175174594,0.8077659982112608,0.799175579824978,persistent,1.0445396513914242,0.0011842746463739395,0.9988157253536261,1.146407127380371,1.1477653980255127,1.178261160850525,0.9982360601425171
20160318_181632_1281_361,Consensus_7of7,0.25,True,1,6,False,0,0.850120172153478,0.8957302709066857,0.8089299010741388,0.9451896659705447,persistent,0.8952416636680851,-0.006857503309106505,1.0068575033091065,1.1107150316238403,1.103149175643921,1.1753711700439453,0.9834132790565491
20160318_181632_1921_1,Consensus_7of7,0.25,True,1,3,False,0,0.7737012034039978,0.7749901999200804,0.7724164875937245,0.709736617104248,persistent,0.4201886095478151,-0.02309356083958969,1.0230935608395897,1.1273279190063477,1.1018805503845215,1.1457695960998535,0.9775035381317139
20160321_185557_1921_361,Consensus_7of7,0.25,True,1,2,False,0,0.7564998139954712,0.6209119283480655,0.9678476996288018,0.9570500081331289,persistent,1.10011482117402,0.0030439935817880848,0.9969560064182119,1.0998934507369995,1.1032507419586182,1.1367851495742798,0.9941538572311401
20160324_170347_1281_1,Consensus_7of7,0.25,True,1,2,False,0,0.8706213434045245,0.8808631799776999,0.860614934112942,0.9641414868598776,persistent,4.999597126166655,0.006478137714452825,0.9935218622855472,1.0891731977462769,1.0962740182876587,1.0980494022369385,0.9832178354263306
20160324_170347_1281_361,Consensus_7of7,0.25,True,1,5,False,0,0.8093318953279166,0.716554427579941,0.9297078768897631,0.9006733144081084,persistent,-3.6654284491812206,0.025716035325073716,0.9742839646749263,1.0834616422653198,1.112058401107788,1.105928897857666,0.9919770359992981
20160324_170347_641_361,Consensus_7of7,0.25,True,1,3,True,1,0.7474109872761145,0.627629617358576,0.9236957581644961,0.9387246897452646,persistent,1.4887206015679164,0.013729358462015617,0.9862706415379844,1.098746418952942,1.114040493965149,1.1453346014022827,0.989596962928772
20160328_151020_1281_361,Consensus_7of7,0.25,True,1,6,False,0,0.701390359234702,0.5853802202977054,0.8747469412896094,0.9271056950674011,persistent,2.2630503640527087,0.019760424459756232,0.9802395755402438,1.0894737243652344,1.1114351749420166,1.1288228034973145,0.9992805123329163
20160328_151020_641_361,Consensus_7of7,0.25,True,2,5,False,0,0.6024295683636068,0.4642657955537692,0.8576685310555524,0.6432851357875847,persistent,-5.213507715158016,0.016178979520927728,0.9838210204790723,1.091774344444275,1.1097276210784912,1.1068382263183594,0.990544855594635
20160328_151057_1281_1,Consensus_7of7,0.25,True,1,3,False,0,0.8107841200861042,0.774382192037777,0.8507772020707756,0.9391553855208946,persistent,4.644512147488477,-0.024750947984560234,1.0247509479845602,1.1512622833251953,1.1234546899795532,1.1158246994018555,0.9822630286216736
20160328_151057_1281_1081,Consensus_7of7,0.25,True,1,2,False,0,0.5505792210156429,0.3954920718118261,0.9057623049192505,0.7158493983697761,persistent,0.3901790825087906,0.00794302089269816,0.9920569791073018,1.1104605197906494,1.119350552558899,1.1047724485397339,0.9447059035301208
20160328_151057_1281_361,Consensus_7of7,0.25,True,1,2,False,0,0.8278576592490738,0.7817050970861928,0.8798019463874341,0.9034698561423434,persistent,-2.406027748630057,0.031170215694994674,0.9688297843050053,1.0824649333953857,1.1172901391983032,1.1070655584335327,0.9258691072463989
20160328_151057_641_1081,Consensus_7of7,0.25,True,1,2,False,0,0.7357425183505215,0.6402948402937915,0.8646317186444047,0.9171175602557796,persistent,2.972028673116447,0.008381752325031577,0.9916182476749684,1.109763503074646,1.1191428899765015,1.1238991022109985,0.993262767791748
20160328_151057_641_721,Consensus_7of7,0.25,True,1,2,False,0,0.7924655798624947,0.7523656776250964,0.8370806566723107,0.9156044483854281,persistent,73.17722942577402,-0.11495916154651864,1.1149591615465186,1.2614185810089111,1.1313575506210327,1.129555583000183,0.9841982126235962
20160328_151244_1921_721,Consensus_7of7,0.25,True,1,2,False,0,0.8868794326240153,0.8545497255854839,0.9217515490749496,0.8972206044267854,persistent,2.8311350108225106,-0.0059293622680638425,1.0059293622680638,1.0948247909545898,1.088370442390442,1.0848456621170044,0.9932215809822083
20160328_151752_1921_721,Consensus_7of7,0.25,True,1,3,False,0,0.7631085264044736,0.9044469149522487,0.6599740407233471,0.9349913561965055,persistent,1.8582417709916579,0.008070000084205886,0.9919299999157941,1.0839976072311401,1.092815637588501,1.1030901670455933,0.9950666427612305
20160328_151752_1_721,Consensus_7of7,0.25,True,1,4,False,0,0.4858372988885433,0.32124662870745807,0.9962825278717818,0.4537240036881467,persistent,1.4248919050958313,0.01400354878534682,0.9859964512146532,1.073164701461792,1.0884052515029907,1.124274492263794,0.9590092301368713
20160328_151752_641_361,Consensus_7of7,0.25,True,1,3,False,0,0.791655814173563,0.7847251560809347,0.7987099856661257,0.8549026781509432,persistent,1.2179932442076218,0.0049696137680137475,0.9950303862319863,1.0938515663146973,1.099313735961914,1.1243703365325928,0.9976879954338074
20160328_152022_1_361,Consensus_7of7,0.25,True,1,2,False,0,0.6590812117754813,0.5138611665546378,0.9187153053096007,0.6613545816733067,persistent,1.2375435938886596,0.009142186185613244,0.9908578138143868,1.0860694646835327,1.0960891246795654,1.1382694244384766,0.9983537197113037
20160328_152022_641_721,Consensus_7of7,0.25,True,1,2,False,0,0.8022225388229657,0.7285854769418101,0.8924179028775882,0.8972250232448501,persistent,2.0296074360668115,0.014315306340444867,0.9856846936595551,1.0747591257095337,1.090367078781128,1.1055262088775635,0.9870030879974365
20160328_153548_1921_721,Consensus_7of7,0.25,True,1,2,False,0,0.8968154288423075,0.8935483870962772,0.9001064485400302,0.9691349946720009,persistent,1.673545966228893,0.0034405948052398383,0.9965594051947602,1.0911191701889038,1.094885230064392,1.100476622581482,0.9553714394569397
20160328_153548_641_361,Consensus_7of7,0.25,True,1,7,True,1,0.6570707820146482,0.5810261120580226,0.7560184394728428,0.7665616582203351,persistent,0.9171803848279856,-0.0033779784218741504,1.0033779784218742,1.113822340965271,1.1100715398788452,1.1553603410720825,0.9988718032836914
20160328_153604_641_361,Consensus_7of7,0.25,True,1,2,False,0,0.7515453202776786,0.6761318897634467,0.8458933628858232,0.8830183037581915,persistent,0.01975256376691306,-0.019101920375341752,1.0191019203753418,1.119131088256836,1.0981532335281372,1.119553804397583,0.9569380283355713
20160328_153620_1281_721,Consensus_7of7,0.25,True,2,11,False,0,0.8485104160387215,0.7582579347979469,0.9631504537780073,0.9334891720592569,persistent,0.44881869681160075,-0.02095813077082842,1.0209581307708284,1.129430890083313,1.1062450408935547,1.1483107805252075,0.9952549338340759
20160328_153620_1921_361,Consensus_7of7,0.25,True,1,2,False,0,0.9089094246062226,0.8794043428141439,0.9404631017821288,0.9180311210208092,persistent,0.7040174169683093,-0.009686541587750952,1.009686541587751,1.1114672422409058,1.100803256034851,1.136832356452942,0.9948464035987854
20160328_153620_1_361,Consensus_7of7,0.25,True,1,2,False,0,0.9231851478030734,0.887660275261473,0.9616720298209571,0.9836741038389172,persistent,0.9732914846896457,0.026709396522915374,0.9732906034770846,1.0749908685684204,1.1044901609420776,0.0,0.9588450193405151
20160328_153620_641_721,Consensus_7of7,0.25,True,1,3,False,0,0.8800718792753998,0.854169969874573,0.9075938171248563,0.9380046513776716,persistent,1.26996151996152,0.007965242374899262,0.9920347576251007,1.1000627279281616,1.1088943481445312,1.141608715057373,0.9976000189781189
20160328_153629_1_361,Consensus_7of7,0.25,True,1,3,False,0,0.922815874351294,0.8764784230152167,0.974326325140369,0.9609333254709493,persistent,-11.643604546274581,0.015186884321409466,0.9848131156785905,1.0835950374603271,1.1003042459487915,1.0989826917648315,0.998103678226471
20160328_153629_641_721,Consensus_7of7,0.25,True,1,6,False,0,0.9394883540763361,0.911920486496792,0.9687749643982603,0.982171032372148,persistent,-0.07876536885245902,0.0018175466210560431,0.998182453378944,1.103436827659607,1.1054450273513794,1.1035834550857544,0.9847047924995422
20160328_153829_1281_361,Consensus_7of7,0.25,True,1,7,False,0,0.8808617063603591,0.8158248006104563,0.9571662394611169,0.9558671495341566,persistent,0.6182033183924712,-0.016985934956429194,1.0169859349564292,1.1106723546981812,1.09212064743042,1.1407111883163452,0.9756054878234863
20160328_153829_1281_721,Consensus_7of7,0.25,True,1,3,False,0,0.7969006809100764,0.7283261802559479,0.8797304302724736,0.9493340771215397,persistent,2.8573710836957487,-0.01345201979296573,1.0134520197929657,1.127599835395813,1.1126316785812378,1.1045728921890259,0.9907780289649963
20160328_153829_1921_1,Consensus_7of7,0.25,True,1,10,False,0,0.8281606521785455,0.7384056253453668,0.9427548292727378,0.9247521442111257,persistent,1.0395190706058333,0.0009113834769064466,0.9990886165230936,1.0955508947372437,1.0965492725372314,1.1218124628067017,0.9980181455612183
20160328_153829_1_1,Consensus_7of7,0.25,True,1,4,False,0,0.8302153194491377,0.7324169224606377,0.9581563172897875,0.9274885871247293,persistent,0.7329531851916339,-0.008028248901923885,1.0080282489019239,1.1018140316009521,1.0930378437042236,1.125901699066162,0.998253583908081
20160328_153829_641_1,Consensus_7of7,0.25,True,1,3,False,0,0.8662284597616906,0.8501685458556025,0.8829068083046336,0.9214582130681509,persistent,2.1182615348399247,0.008315531477029015,0.991684468522971,1.0806608200073242,1.089721441268921,1.0978238582611084,0.9965577125549316
20160328_153829_641_1081,Consensus_7of7,0.25,True,1,2,False,0,0.6400809944312728,0.4849156297933484,0.9412737799819003,0.7869555758012537,persistent,1.5114251352976549,-0.004623739269386418,1.0046237392693864,1.1012320518493652,1.0961626768112183,1.0862504243850708,0.9891788959503174
20160328_153829_641_721,Consensus_7of7,0.25,True,1,2,False,0,0.7754621848726463,0.6397670549067117,0.9842150170606476,0.8545449984950336,persistent,-0.808790921321441,-0.0313101971438392,1.0313101971438392,1.140263319015503,1.1056443452835083,1.1247836351394653,0.9596540331840515
20160329_103807_361_1,Consensus_7of7,0.25,True,1,2,True,1,0.7584233183423299,0.8572826618817717,0.6800069001204588,0.9699321047526672,persistent,2.1404251261589016,0.03275781628846919,0.9672421837115308,1.0945848226547241,1.1316543817520142,1.1641594171524048,0.9783250689506531
20160329_103807_361_1281,Consensus_7of7,0.25,True,1,3,False,0,0.7239934952938248,0.7927623295799155,0.66620314389339,0.7396803062303916,persistent,0.6431333838543429,-0.013361932228632467,1.0133619322286325,1.1536891460418701,1.1384758949279785,1.1811059713363647,0.997916579246521
20160329_103807_361_1921,Consensus_7of7,0.25,True,1,2,False,0,0.6527028768105405,0.8559497948342476,0.5274571632554357,0.7539280973512765,persistent,0.6529874778145418,-0.022457905551704904,1.022457905551705,1.1491700410842896,1.1239279508590698,1.196669101715088,0.9967240691184998
20160330_165956_1281_721,Consensus_7of7,0.25,True,1,5,False,0,0.6501627991107292,0.514519427402442,0.8829309376742238,0.8706589659792947,persistent,-6.080399727458551,-0.0033260231941429907,1.003326023194143,1.12076997756958,1.1170536279678345,1.1175785064697266,0.9982844591140747
20160330_165956_1921_721,Consensus_7of7,0.25,True,1,2,False,0,0.7118727050179241,0.5822987585096292,0.9156171284620346,0.9058429790579119,persistent,-1.14688,0.0254517538628235,0.9745482461371765,1.0718575716018677,1.0998497009277344,1.0868111848831177,0.9968026280403137
20160330_165956_1_721,Consensus_7of7,0.25,True,2,3,True,1,0.6764289088327982,0.5291385135129548,0.9373480456313122,0.8715874360043502,persistent,1.8962308506053365,0.004976722668581179,0.9950232773314188,1.0905890464782715,1.0960427522659302,1.1021279096603394,0.9996472001075745
20160330_165956_641_721,Consensus_7of7,0.25,True,1,2,False,0,0.8209378174620002,0.727953726530696,0.9411548363357348,0.9642012465754022,persistent,0.8934440800291532,0.0025764271421357954,0.9974235728578642,1.1069260835647583,1.1097843647003174,1.0829601287841797,0.0
20160330_172309_1281_721,Consensus_7of7,0.25,True,1,3,False,0,0.8576544638979783,0.8137635146727943,0.9065499177911113,0.9498765481662886,persistent,-1.739949405470203,-0.033072811471329455,1.0330728114713295,1.1574681997299194,1.120411992073059,1.1339364051818848,0.9900178909301758
20160402_150314_1281_721,Consensus_7of7,0.25,True,1,2,False,0,0.8469795999204408,0.8258149235278651,0.8692576632239456,0.9725107493115609,persistent,0.8603312316613106,-0.0069160634607994265,1.0069160634607994,1.1101911067962646,1.1025646924972534,1.1571682691574097,0.9969799518585205
20160402_151049_1_361,Consensus_7of7,0.25,True,1,2,False,0,0.8989792191312984,0.8532019704430384,0.9499471845287438,0.9258159513691157,persistent,0.6557358128530105,0.01024025031737763,0.9897597496826224,1.0998752117156982,1.1112537384033203,1.0782020092010498,0.9962273836135864
20160402_151054_1921_361,Consensus_7of7,0.25,True,1,3,False,0,0.8641061137758398,0.7983343248061877,0.941688302574597,0.9587457811842761,persistent,-2.92058256052779,0.020060360223873364,0.9799396397761266,1.100516676902771,1.1230443716049194,1.1172983646392822,0.9928081035614014
20160407_163130_1_721,Consensus_7of7,0.25,True,1,2,False,0,0.8558998490630514,0.9154216257274529,0.8036458622793288,0.9118764852212662,persistent,1.5568316289034765,-0.014315313786199324,1.0143153137861993,1.132694959640503,1.1167079210281372,1.0879971981048584,0.9654689431190491
20160407_163257_1281_1,Consensus_7of7,0.25,True,1,2,False,0,0.8884501480746738,0.8091196777899818,0.9850275807713991,0.9958041958041958,persistent,0.8833958180342442,-0.0033274871910786707,1.0033274871910787,1.0841180086135864,1.080521583557129,1.1113646030426025,0.9743836522102356
20160407_163257_1921_1081,Consensus_7of7,0.25,True,1,3,False,0,0.7933789954332239,0.6991951710252777,0.916886543534108,0.9077688040697842,persistent,0.11515943975215276,0.016150354532461608,0.9838496454675384,1.0910325050354004,1.1089413166046143,1.0887017250061035,0.9960991740226746
20160407_163257_641_361,Consensus_7of7,0.25,True,1,2,False,0,0.8503582970348693,0.8002468265155145,0.9071649845099358,0.9940038046695314,persistent,-1.5686691841171758,0.012158688275531127,0.9878413117244689,1.0871336460113525,1.1005134582519531,1.0953046083450317,0.9528049230575562
20160407_165001_1281_1081,Consensus_7of7,0.25,True,1,2,False,0,0.4688304997420989,0.3097345132740727,0.9639830508449048,0.5806053844572971,persistent,0.4341571279608147,-0.0519702459459237,1.0519702459459237,1.1509556770324707,1.0940942764282227,1.1945840120315552,0.9904063940048218
20160407_165001_1921_721,Consensus_7of7,0.25,True,1,2,False,0,0.6590191538619979,0.5039433445996266,0.9519610823944178,0.8207452165156093,persistent,-0.834107090607627,-0.020556197191555325,1.0205561971915553,1.1129112243652344,1.0904937982559204,1.102716326713562,0.9901631474494934
IMG_2931_1297_485,Consensus_7of7,0.25,True,1,3,False,0,0.8069690265475568,0.719960523067555,0.9178987102833662,0.8014548211683588,persistent,1.6903789353227456,0.032752039749678774,0.9672479602503212,1.1002306938171387,1.1374846696853638,1.191446304321289,0.9910879731178284
IMG_2931_1945_485,Consensus_7of7,0.25,True,1,2,False,0,0.8807441564629664,0.8138407287675378,0.9596327096310471,0.9548881071333551,persistent,1.6590501321779296,0.028669215148593552,0.9713307848514064,1.1156909465789795,1.1486200094223022,1.1985844373703003,0.9972485303878784
IMG_2941_1_969,Consensus_7of7,0.25,True,1,2,False,0,0.8812912025456324,0.8308615516495235,0.9382381413350065,0.9099824786274533,persistent,1.2140463343890082,0.015427839602433657,0.9845721603975663,1.1487253904342651,1.166724443435669,1.2508139610290527,0.9926577210426331
IMG_2942_1297_485,Consensus_7of7,0.25,True,1,3,False,0,0.5436316375785718,0.3893962230690758,0.9001844640276693,0.7520891364902507,persistent,1.3321253184169752,-0.004043531308898229,1.0040435313088982,1.1228314638137817,1.1183085441589355,1.104690432548523,0.9941359162330627
IMG_2942_1945_485,Consensus_7of7,0.25,True,1,3,False,0,0.49882075471656095,0.3387871853543034,0.9454022988475562,0.665989847715736,persistent,-0.552588164716973,0.015542780636957576,0.9844572193630424,1.0943711996078491,1.1116483211517334,1.100520372390747,0.9986596703529358
IMG_2942_1_485,Consensus_7of7,0.25,True,1,4,False,0,0.6787224733843672,0.5450286918836572,0.8993236714958467,0.8829257501462359,persistent,1.5875784951878147,0.007741278996396872,0.9922587210036031,1.095304250717163,1.1038484573364258,1.1183898448944092,0.9970780611038208
IMG_2942_649_485,Consensus_7of7,0.25,True,1,3,False,0,0.3210927004028056,0.19399350649333152,0.9311688311648002,0.48921803166150074,persistent,-0.08456068852261686,0.01335486303109823,0.9866451369689018,1.111015796661377,1.1260530948638916,1.1121882200241089,0.9993296265602112
20160222_115837_1281_361,Cured_by_D2,0.25,True,1,2,False,0,0.7547126436772934,0.6221337881360203,0.9591002044961756,0.9177708742788309,persistent,0.7383950690102631,-0.005424431280062425,1.0054244312800624,1.1758074760437012,1.16946280002594,1.1937156915664673,0.9927079677581787
20160307_145059_1281_721,Cured_by_D2,0.25,False,0,0,False,0,0.783413672216924,0.6598689674258006,0.9638765332242029,0.9308953166678235,cured,-0.16304065076227778,-0.04815192381585898,1.048151923815859,1.2413707971572876,1.1843414306640625,1.233376145362854,0.9928893446922302
20160316_143527_1921_361,Cured_by_D2,0.25,True,1,2,False,0,0.7159878082568043,0.598471396587201,0.8909320767717607,0.8255753730618587,persistent,1.0605263066882935,0.0018233648473818809,0.9981766351526181,1.1426544189453125,1.1447407007217407,1.1792097091674805,0.9835155606269836
20160316_143547_1281_1081,Cured_by_D2,0.25,True,1,2,False,0,0.8755092802159717,0.8639070875495417,0.8874273478100722,0.8858230256898192,persistent,-0.16047149649105966,0.04831066150773511,0.9516893384922649,1.0787752866744995,1.1335362195968628,1.0863476991653442,0.9684218168258667
20160318_181632_1_361,Cured_by_D2,0.25,True,1,2,False,0,0.9336487552090417,0.9158011049703518,0.9522058823507532,0.9144745044258821,persistent,-0.2329976903776814,-0.03221541824321039,1.0322154182432104,1.1337060928344727,1.0983221530914307,1.1270196437835693,0.9706621766090393
20160407_165001_641_1081,Cured_by_D2,0.25,True,1,2,False,0,0.46412179558886807,0.30521201413382626,0.9682391405839877,0.6497064579256361,persistent,0.404564437669124,-0.05372298769615291,1.053722987696153,1.1570924520492554,1.0980982780456543,1.1971756219863892,0.9994935393333435
IMG_2941_1297_969,Cured_by_D2,0.25,True,1,2,False,0,0.7947083200503707,0.6705217859054996,0.9753521126741483,0.8973139449777146,persistent,0.24145217239795352,-0.024698755409601203,1.0246987554096012,1.1842010021209717,1.1556566953659058,1.1932868957519531,0.853898286819458
20160222_164851_641_1,Clean_Control,0.25,False,0,0,False,0,0.8572684057041277,0.8059791181545812,0.9155290102381266,0.9113744914204847,clean,0.6732502133445188,-0.004891959087840014,1.00489195908784,1.1061699390411377,1.1007839441299438,1.1172674894332886,0.99034184217453
20160222_164851_641_1081,Clean_Control,0.25,False,0,0,False,0,0.7198937985961692,0.601140202702068,0.8971167480685409,0.8116435712596023,clean,-3.5769709174909674,-0.016546389761630476,1.0165463897616305,1.1317962408065796,1.1133729219436646,1.1173981428146362,0.9978200197219849
20160222_165225_641_361,Clean_Control,0.25,False,0,0,True,1,0.7882211950004062,0.7461106309412855,0.8353695415497333,0.9105337477837578,clean,2.526413418330024,0.006250392290636175,0.9937496077093638,1.1074926853179932,1.1144574880599976,1.1190203428268433,0.9860022068023682
20160222_165926_1_1081,Clean_Control,0.25,False,0,0,True,1,0.5423814328946963,0.4087452471467348,0.8058470764557284,0.6849307830497728,clean,0.785002032568928,-0.003957857742105997,1.003957857742106,1.087256669998169,1.0829694271087646,1.1029102802276611,0.990972638130188
20160222_165926_641_721,Clean_Control,0.25,False,0,0,False,0,0.7260872487727861,0.5854107955770805,0.955760042468668,0.9193178925935351,clean,0.3246595728848873,-0.009822555247295917,1.009822555247296,1.11219322681427,1.1013739109039307,1.1173944473266602,0.9990853071212769
20160307_145059_641_361,Clean_Control,0.25,False,0,0,False,0,0.7114525139659836,0.5648702594804115,0.960769520933684,0.7716849451645066,clean,-0.022362492622608646,-0.014633954440077979,1.014633954440078,1.1739729642868042,1.1570398807525635,1.17360258102417,0.9960501790046692
20160316_143445_1281_721,Clean_Control,0.25,False,0,0,False,0,0.825590595681919,0.8351246284010775,0.8162717925788912,0.929157417758983,clean,-1.3315550386034967,-0.10640272709968546,1.1064027270996855,1.2622448205947876,1.140853762626648,1.1929181814193726,0.9952428936958313
20160316_143445_1_721,Clean_Control,0.25,True,1,2,False,0,0.5470315537606198,0.40008749863239623,0.8645710233966803,0.6008061779834692,created,-1.3520192623399365,0.022406461269672495,0.9775935387303275,1.1177806854248047,1.1433992385864258,1.132507085800171,0.9926995038986206
20160316_143527_1281_1081,Clean_Control,0.25,False,0,0,False,0,0.7949065768167002,0.8238548752826994,0.7679235711863646,0.8372713202224308,clean,1.4934629834254143,0.005780114535338221,0.9942198854646618,1.1448129415512085,1.1514675617218018,1.1649531126022339,0.9879860877990723
20160316_143527_1_1,Clean_Control,0.25,False,0,0,False,0,0.6510495187286031,0.673222208897142,0.6302907825298862,0.832425600950222,clean,1.6719742027946973,0.004891162667313709,0.9951088373326863,1.137362003326416,1.1429513692855835,1.1512691974639893,0.9829449653625488
20160316_143527_641_721,Clean_Control,0.25,False,0,0,False,0,0.7251021049318841,0.7400994067648868,0.7107005388749643,0.7492727202203173,clean,-0.4543365894257304,-0.06811417328781899,1.068114173287819,1.2412710189819336,1.1621135473251343,1.21654212474823,0.9612070918083191
20160316_143547_1921_1081,Clean_Control,0.25,False,0,0,False,0,0.8595536082248749,0.8488561391479527,0.8705241421726327,0.917129507185048,clean,-0.5972382715589186,0.04006106156256273,0.9599389384374373,1.1016027927398682,1.1475749015808105,1.1187926530838013,0.9687318801879883
20160316_143547_641_361,Clean_Control,0.25,False,0,0,False,0,0.903267839385213,0.8669123938650254,0.9428060128840781,0.9669253768338213,clean,-0.08787640323124608,-0.03493968112797985,1.0349396811279798,1.1959222555160522,1.15554678440094,1.1926608085632324,0.9681086540222168
20160316_143547_641_721,Clean_Control,0.25,False,0,0,True,1,0.29160063391211094,0.9999999999456521,0.17068645639915878,0.2929936305732484,clean,-0.1684188393608074,-0.019708724175657943,1.019708724175658,1.1652731895446777,1.1427500247955322,1.1620266437530518,0.9789327383041382
20160318_181632_641_1,Clean_Control,0.25,False,0,0,False,0,0.9354275741692157,0.9429241594959229,0.9280492497078567,0.9505494505494505,clean,-0.15048738563007188,-0.09228656475980013,1.0922865647598001,1.2049850225448608,1.1031756401062012,1.1916680335998535,0.9887380003929138
20160326_142521_1281_1081,Clean_Control,0.25,False,0,0,True,1,0.3039879608722649,0.3980295566482856,0.24589166159389564,0.35798203178991017,clean,0.8759262399943049,-0.006284198350539283,1.0062841983505393,1.131009817123413,1.123945713043213,1.1808804273605347,0.9893388748168945
20160326_142521_641_1081,Clean_Control,0.25,False,0,0,False,0,0.0,0.0,0.0,0.0,clean,-0.36128434574239593,-0.08326996253315366,1.0832699625331537,1.2236965894699097,1.1296311616897583,1.1987316608428955,0.9944407939910889
20160326_142745_1281_1081,Clean_Control,0.25,False,0,0,False,0,0.7476046394342567,0.865946261679714,0.6577196095815047,0.8974387453628629,clean,1.5661029577391576,0.006963340881710689,0.9930366591182893,1.110996127128601,1.1187856197357178,1.1325454711914062,0.9996641278266907
20160326_142745_1921_1081,Clean_Control,0.25,False,0,0,False,0,0.6123835234689433,0.6742090124627532,0.5609444798969991,0.6874155307564582,clean,0.10931469397500584,-0.03622698376731326,1.0362269837673133,1.157492995262146,1.1170254945755005,1.1624596118927002,0.9938591718673706
20160328_151057_1281_721,Clean_Control,0.25,False,0,0,True,1,0.8112474949897259,0.8483856179181031,0.7772244555104234,0.9248201264890948,clean,-0.6105585889894347,-0.17709743127257171,1.1770974312725717,1.3298107385635376,1.1297361850738525,1.2539629936218262,0.9992271065711975
20160328_151244_1921_1081,Clean_Control,0.25,False,0,0,False,0,0.7369055823563603,0.807133421398741,0.6779204311290571,0.8516906245759085,clean,3.4722724853645555,0.021952980091009544,0.9780470199089905,1.1102720499038696,1.1351919174194336,1.1452716588974,0.9608596563339233
20160328_151244_1921_361,Clean_Control,0.25,False,0,0,False,0,0.878430079155528,0.9328243205376391,0.8300299177259941,0.908287619485596,clean,0.65339027840388,-0.009799799788375418,1.0097997997883754,1.0954898595809937,1.08485746383667,1.1155328750610352,0.9854049682617188
20160328_151752_1281_361,Clean_Control,0.25,False,0,0,False,0,0.7441403853231242,0.801215564510272,0.6946560513198381,0.8606003364717689,clean,0.13841782646495243,-0.06370816532770851,1.0637081653277085,1.1696819067001343,1.0996257066726685,1.1809368133544922,0.9939528703689575
20160328_152022_1921_361,Clean_Control,0.25,False,0,0,False,0,0.7717431431734084,0.6979731322174962,0.8629498324506517,0.7493374817648589,clean,0.6463041687575152,-0.0040734684534409205,1.004073468453441,1.0974524021148682,1.0929991006851196,1.1055898666381836,0.9954372048377991
20160328_152022_1_721,Clean_Control,0.25,False,0,0,False,0,0.7588453769461401,0.7340224379166342,0.7854059886690243,0.8452254618054931,clean,-0.2324539676535137,-0.044712857404951345,1.0447128574049513,1.1433687210083008,1.0944324731826782,1.134138822555542,0.9928395748138428
20160328_152305_1281_361,Clean_Control,0.25,False,0,0,False,0,0.8818358190854609,0.8625392871963099,0.9020155038754095,0.9083543351850775,clean,-1.4728616658399318,-0.13054027479346986,1.1305402747934699,1.2506542205810547,1.1062437295913696,1.1646418571472168,0.9836385846138
20160328_152305_1281_721,Clean_Control,0.25,False,0,0,False,0,0.7749040337295403,0.6661617527721578,0.9260735504242114,0.8102314947127751,clean,-0.25004958784740167,-0.10022268173726379,1.1002226817372638,1.2123557329177856,1.1019175052642822,1.1902645826339722,0.8616107106208801
20160328_152305_641_361,Clean_Control,0.25,False,0,0,False,0,0.7518037518034806,0.6577037177298127,0.8773259240541573,0.7375521870016783,clean,-0.14600173006900158,-0.030330623116442856,1.0303306231164429,1.1534078121185303,1.1194530725479126,1.1490819454193115,0.9954920411109924
20160328_152305_641_721,Clean_Control,0.25,False,0,0,False,0,0.7999906219959206,0.7362447676171682,0.87582135523569,0.809756344407054,clean,0.9176446407894375,-0.007371767942867313,1.0073717679428673,1.1225723028182983,1.114356517791748,1.2141166925430298,0.9747434854507446
20160328_152511_1281_361,Clean_Control,0.25,False,0,0,False,0,0.7184765826038094,0.6486319050070741,0.8051781594452638,0.7979375944528403,clean,-1.2370369916256942,-0.03803805911792102,1.038038059117921,1.1870529651641846,1.143553376197815,1.1629985570907593,0.9914926290512085
20160328_152511_1921_361,Clean_Control,0.25,False,0,0,False,0,0.6205161570155625,0.5841090968474734,0.6617633453597356,0.6230756265477316,clean,-0.261497960249995,-0.06739919658967031,1.0673991965896703,1.1850920915603638,1.1102603673934937,1.169580101966858,0.9970817565917969
20160328_152747_1281_361,Clean_Control,0.25,False,0,0,True,1,0.7979541608980164,0.7330601285941263,0.8754535482230398,0.9157104252461847,clean,-0.7732544887942248,-0.18907745381068475,1.1890774538106847,1.3531346321105957,1.1379691362380981,1.2593084573745728,0.991417407989502
20160328_153548_1281_721,Clean_Control,0.25,False,0,0,False,0,0.8138034028480072,0.8222972730209384,0.8054832125005963,0.8697754423051859,clean,1.4433516413335037,0.00037685749602733853,0.9996231425039727,1.1002013683319092,1.10061514377594,1.101548433303833,0.997540295124054
20160328_153548_641_721,Clean_Control,0.25,False,0,0,False,0,0.7732050145622473,0.7831217134790411,0.7635363261218184,0.9314783713774387,clean,1.1467719035769355,0.0030817742802521364,0.9969182257197479,1.1125524044036865,1.1159906387329102,1.1394163370132446,0.9677516222000122
20160328_153604_1921_361,Clean_Control,0.25,False,0,0,False,0,0.7529286474970512,0.7001980758342528,0.8142481079295704,0.8730217262516472,clean,-0.5197215919543754,-0.026853466950516713,1.0268534669505167,1.1296440362930298,1.1001014709472656,1.1195409297943115,0.9973635077476501
20160328_153604_641_721,Clean_Control,0.25,False,0,0,True,1,0.7801537567023773,0.7437334482966411,0.820324706201467,0.8518627653726762,clean,1.1301297156963153,0.004516347409652344,0.9954836525903477,1.0986300706863403,1.1036133766174316,1.1419082880020142,0.9915419816970825
20160328_153620_1281_361,Clean_Control,0.25,False,0,0,False,0,0.7922002598365823,0.8339927706133172,0.7543964298336969,0.8613196000814118,clean,1.4277490518290523,0.014349197838002481,0.9856508021619975,1.0879794359207153,1.103817343711853,1.1408435106277466,0.98343825340271
20160328_153629_641_361,Clean_Control,0.25,False,0,0,False,0,0.8775714763014283,0.851913631729356,0.9048228346447786,0.8661797005229759,clean,-0.6132513646943398,0.01672722065746557,0.9832727793425344,1.08315908908844,1.101584553718567,1.090163230895996,0.9726719856262207
20160328_153829_1921_361,Clean_Control,0.25,False,0,0,False,0,0.8445348002860026,0.7548097477538376,0.9584690553719911,0.9366135854690221,clean,-0.7052867769103092,-0.030374703342551213,1.0303747033425512,1.1217213869094849,1.0886528491973877,1.1080446243286133,0.9775794148445129
20160328_153829_641_361,Clean_Control,0.25,False,0,0,False,0,0.8669848262353971,0.7766085717409003,0.9811660434829232,0.9640998643367689,clean,-1.7896945170066185,-0.06740373440849123,1.0674037344084912,1.1672701835632324,1.0935591459274292,1.1199817657470703,0.9678118228912354
20160329_103807_361_641,Clean_Control,0.25,False,0,0,True,1,0.7466464249271115,0.9157814407811612,0.6302466282927965,0.8342802980713339,clean,1.478482609403912,0.012565697754626792,0.9874343022453732,1.0731829404830933,1.0868388414382935,1.1153788566589355,0.8923128247261047
20160329_103807_721_1281,Clean_Control,0.25,False,0,0,False,0,0.6532205595301384,0.5969084423281931,0.7212643678126377,0.7886612672701288,clean,0.12916184161258887,-0.036344674312527525,1.0363446743125275,1.1937243938446045,1.1518594026565552,1.1999337673187256,0.883557915687561
20160330_170359_1921_721,Clean_Control,0.25,False,0,0,False,0,0.8697846096339603,0.9645096109004898,0.7920017017652448,0.8265933516620845,clean,2.7763348147950717,0.05513245847640824,0.9448675415235918,1.0893049240112305,1.1528642177581787,1.188645362854004,0.9898372888565063
20160330_172309_641_721,Clean_Control,0.25,False,0,0,False,0,0.8458225101106689,0.8603344481602474,0.8317920196595642,0.9545574937322647,clean,0.7338834450747808,-0.00021906144970995634,1.00021906144971,1.1188716888427734,1.1186256408691406,1.1195502281188965,0.9966317415237427
20160402_150314_1_721,Clean_Control,0.25,False,0,0,False,0,0.7455330846255912,0.6807709547282108,0.8239123359001584,0.8319284384278597,clean,-1.1905282260425,0.012159394014721214,0.9878406059852788,1.0872634649276733,1.100645661354065,1.094536542892456,0.9970992803573608
20160402_151049_1281_721,Clean_Control,0.25,False,0,0,False,0,0.9426447825297455,0.9294632053676908,0.9562056185812217,0.9725932737520487,clean,-1.0930880619632934,-0.026638745994947532,1.0266387459949475,1.142168402671814,1.1125309467315674,1.1266906261444092,0.9779653549194336
20160405_171348_1281_721,Clean_Control,0.25,False,0,0,True,1,0.8879700625440442,0.8658994054148402,0.911195252289022,0.9658140723639387,clean,3.3733071532616825,0.04988529185682977,0.9501147081431702,1.0950045585632324,1.1524962186813354,1.1767204999923706,0.9796319007873535
20160405_171348_1_721,Clean_Control,0.25,False,0,0,True,1,0.7383296092758334,0.7783493340801196,0.7022239580938515,0.7132486533006088,clean,0.9113439856537618,-0.004511977985950155,1.0045119779859502,1.1832683086395264,1.1779524087905884,1.2379133701324463,0.9891898036003113
20160405_171348_641_721,Clean_Control,0.25,False,0,0,False,0,0.8234372552090321,0.8371123273388247,0.810201793721746,0.8998552415491519,clean,-1.117675994012011,-0.22244139571019228,1.2224413957101923,1.4327448606491089,1.1720346212387085,1.295146107673645,0.9220321178436279
20160407_163130_1281_721,Clean_Control,0.25,False,0,0,False,0,0.8966022261274906,0.9555174028401459,0.8445302800382376,0.9463087248322147,clean,-0.4729336593549769,-0.008735296570797857,1.0087352965707979,1.1359561681747437,1.1261181831359863,1.132797360420227,0.9319533109664917
20160407_163130_1_361,Clean_Control,0.25,False,0,0,False,0,0.8369652945907244,0.8563170933077774,0.818468823990456,0.8993620622314803,clean,-2.401751893939394,-0.05286274833426052,1.0528627483342605,1.1599255800247192,1.1016863584518433,1.1188067197799683,0.9911853671073914
20160407_165001_1281_361,Clean_Control,0.25,False,0,0,False,0,0.7968580322881355,0.7233832807566224,0.8869460112805101,0.9179480870955837,clean,-0.2690599038041102,-0.04743360522005413,1.0474336052200541,1.1459921598434448,1.0940942764282227,1.1349890232086182,0.970629096031189
20160407_165001_1_1081,Clean_Control,0.25,False,0,0,True,1,0.5280499436395317,0.4326513213975097,0.6774193548372026,0.7284994547102285,clean,-0.01409434044595715,-0.0024927131471592645,1.0024927131471593,1.1137772798538208,1.1110068559646606,1.113738775253296,0.9987521171569824
20160407_165001_641_721,Clean_Control,0.25,False,0,0,False,0,0.6331608770617562,0.4849056603755287,0.9119943222078638,0.5073133905822402,clean,0.29394644562827343,-0.02372049870708315,1.0237204987070831,1.1332306861877441,1.1069717407226562,1.144162893295288,0.9864320158958435
IMG_2931_649_485,Clean_Control,0.25,False,0,0,False,0,0.9131186513936629,0.8743791390722444,0.9554500226134814,0.9794808459799095,clean,-1.2786773699686516,0.02883120663202665,0.9711687933679733,1.12962007522583,1.1631542444229126,1.148437738418579,0.9623648524284363
IMG_2941_1_485,Clean_Control,0.25,False,0,0,False,0,0.7348740586854194,0.643669446549441,0.856192012906704,0.7564827366760091,clean,-1.5149213239283776,0.014415927141792517,0.9855840728582075,1.1333352327346802,1.1499112844467163,1.1433202028274536,0.996444821357727
20160222_080850_1281_721,Consensus_7of7,0.0,True,1,2,True,1,0.3835021707656169,0.6708860759408749,0.26849037487199345,0.5145118733509234,persistent,0.9063031209628069,-0.008368799516004888,1.0083687995160049,1.1478838920593262,1.1383562088012695,1.2400424480438232,0.9943416714668274
20160222_080850_641_361,Consensus_7of7,0.0,False,0,0,True,2,0.693036335380488,0.873845292525078,0.5742228217545071,0.756216688023474,cured,-0.28358292251883543,0.014551024439988569,0.9854489755600114,1.1141659021377563,1.130616545677185,1.1178003549575806,0.9992634654045105
20160222_115224_1281_1,Consensus_7of7,0.0,False,0,0,True,1,0.20655737704875707,0.7838258164730354,0.11895208874175371,0.18843042621167838,cured,2.7959846687351706,0.015999397184703223,0.9840006028152968,1.082235336303711,1.099830985069275,1.1096282005310059,0.9998096227645874
20160222_115224_1281_361,Consensus_7of7,0.0,False,0,0,True,1,0.4001187295921635,0.4413883431536255,0.36590662323362705,0.3788108108108108,cured,0.7338319116062271,0.006652041311327128,0.9933479586886729,1.09494149684906,1.102272868156433,1.0747287273406982,0.9932398200035095
20160222_115224_1281_721,Consensus_7of7,0.0,False,0,0,False,0,0.7591447252157986,0.7429955032847751,0.7760115606922399,0.8787695445066538,cured,-1.4125578036365332,0.043622940073286265,0.9563770599267137,1.082645297050476,1.1320266723632812,1.111558198928833,0.9973405003547668
20160222_115224_641_1,Consensus_7of7,0.0,False,0,0,True,3,0.6358597962847244,0.7705572699205472,0.5412469718213168,0.7202206606685494,cured,0.6778274726157637,0.006464985486294705,0.9935350145137053,1.1020656824111938,1.1092358827590942,1.0869801044464111,0.9947631359100342
20160222_115224_641_361,Consensus_7of7,0.0,False,0,0,True,1,0.7176470588221676,0.8674311926565714,0.6119741100303819,0.8138548734072479,cured,-0.47438606412367745,0.04070099089512147,0.9592990091048785,1.0841891765594482,1.13018798828125,1.0989893674850464,0.9920716881752014
20160222_115837_1281_1081,Consensus_7of7,0.0,True,1,4,False,0,0.6790123456781012,0.5174882389026029,0.9871244635154619,0.8037676609105181,persistent,1.3217617704491214,0.006889034932865634,0.9931109650671344,1.1214996576309204,1.129278302192688,1.1534534692764282,0.9986839890480042
20160222_164851_1281_1081,Consensus_7of7,0.0,True,1,2,False,0,0.8828458498016736,0.8777114115044362,0.8880407124667811,0.8952494634852506,persistent,-1.245438598136978,-0.02632835750261653,1.0263283575026165,1.1122947931289673,1.083760142326355,1.0964679718017578,0.9597623944282532
20160222_164851_641_361,Consensus_7of7,0.0,True,1,5,True,1,0.7527445915398964,0.710367943931812,0.80049789681449,0.8751838998559558,persistent,0.4499125092351363,-0.007765127273518857,1.0077651272735189,1.0941866636276245,1.085754632949829,1.1010831594467163,0.998562216758728
20160222_165225_1921_721,Consensus_7of7,0.0,True,1,2,False,0,0.608601929788232,0.45625240477071466,0.9137001078734571,0.824822909322859,persistent,2.6379025664865905,-0.011256767023441583,1.0112567670234416,1.094114065170288,1.0819339752197266,1.0744975805282593,0.9974027276039124
20160222_165402_1281_361,Consensus_7of7,0.0,True,1,2,False,0,0.8541089566015932,0.7769482034523779,0.9482856817394368,0.9096863150637712,persistent,2.985527414416922,0.009360425372925474,0.9906395746270745,1.0801575183868408,1.090362787246704,1.0955026149749756,0.9810804724693298
20160222_165926_1281_361,Consensus_7of7,0.0,False,0,0,False,0,0.5385102342254937,0.3723373212711633,0.9725609756023433,0.9159006519797759,cured,1.745984555984556,0.006425468466191964,0.993574531533808,1.0686105489730835,1.0755202770233154,1.0847828388214111,0.9984406232833862
20160222_165926_1921_721,Consensus_7of7,0.0,True,1,4,False,0,0.6955253664896035,0.5563605108048179,0.9275332650953377,0.9034694868612745,persistent,1.0317838645115636,0.0008109335235551018,0.9991890664764449,1.0765650272369385,1.0774377584457397,1.104896068572998,0.999922513961792
20160222_165926_1_721,Consensus_7of7,0.0,True,1,2,False,0,0.5671208398474792,0.410575679171393,0.9166064981916369,0.7627597589337067,persistent,2.7410818469744958,0.009275673120706762,0.9907243268792932,1.0640183687210083,1.0739792585372925,1.0797003507614136,0.9982410669326782
20160222_165926_641_361,Consensus_7of7,0.0,True,1,2,True,1,0.5616771318608854,0.4091781024045903,0.895382628347125,0.8380451674767716,persistent,0.8971319776391476,-0.0014050488129069283,1.001405048812907,1.0780590772628784,1.0765454769134521,1.091259479522705,0.9999387264251709
20160302_155857_641_721,Consensus_7of7,0.0,True,1,2,True,2,0.759163091743524,0.6693874842387223,0.8767492394603418,0.8254499944785952,persistent,1.4638407871319623,0.021727066315770482,0.9782729336842295,1.1037832498550415,1.1282968521118164,1.1811460256576538,0.9993120431900024
20160307_144202_1281_361,Consensus_7of7,0.0,False,0,0,True,2,0.6434320803247502,0.6753178888683586,0.6144215530893591,0.7236385315743892,cured,-3.2015243347791533,-0.046530359027279866,1.0465303590272799,1.1764861345291138,1.1241767406463623,1.1366268396377563,0.9998748898506165
20160307_144202_1281_721,Consensus_7of7,0.0,True,1,3,False,0,0.7156862745088558,0.6138636363622413,0.8580050825893965,0.7599895888736745,persistent,-0.22222376066719282,-0.02797320759523103,1.027973207595231,1.1600677967071533,1.1284990310668945,1.1543279886245728,0.9998356699943542
20160307_144202_1921_361,Consensus_7of7,0.0,True,1,2,False,0,0.7776489346279252,0.6807511737084883,0.906709481155225,0.8770173583129138,persistent,10.157551906635907,-0.014284227041192699,1.0142842270411927,1.1423625946044922,1.1262736320495605,1.1245167255401611,0.9985433220863342
20160307_144202_1_361,Consensus_7of7,0.0,True,1,4,False,0,0.8234292835645998,0.7775099018421574,0.8751130637027554,0.8685329991350854,persistent,0.0026810696980628054,0.01085183743974738,0.9891481625602526,1.1116355657577515,1.1238301992416382,1.111602783203125,0.9934531450271606
20160307_144202_641_361,Consensus_7of7,0.0,True,3,9,True,1,0.7648141948440054,0.7091417041745234,0.8299727520428428,0.8398350257586135,persistent,1.0451371497598774,0.00016238695683745696,0.9998376130431625,1.1306253671646118,1.1308079957962036,1.1348540782928467,0.9999863505363464
20160307_145059_1281_361,Consensus_7of7,0.0,True,1,2,False,0,0.888254317759276,0.8668412570501833,0.9107520812749323,0.920725361535587,persistent,0.771312311902394,-0.007355523938004538,1.0073555239380045,1.148624300956726,1.140236258506775,1.1769152879714966,0.9944446086883545
20160307_145059_1921_1081,Consensus_7of7,0.0,True,1,2,True,1,0.8454348188943035,0.7722213752084582,0.9339848792164227,0.9267993122083027,persistent,1.0612943040127507,0.0026443972751228895,0.9973556027248771,1.1346466541290283,1.1376540660858154,1.1867191791534424,0.9973773956298828
20160307_145059_1921_721,Consensus_7of7,0.0,True,1,2,False,0,0.7926988265963366,0.7730829420955143,0.8133360773805035,0.8689565280359168,persistent,1.0242322811660765,-0.00032596633457271373,1.0003259663345727,1.135758876800537,1.1353877782821655,1.1200735569000244,0.9935782551765442
20160307_145059_641_721,Consensus_7of7,0.0,True,1,2,False,0,0.8811645124855142,0.8339007204490271,0.9341078396586252,0.9820999099921853,persistent,1.124161879606199,0.0007005505755590669,0.9992994494244409,1.1444752216339111,1.1452765464782715,1.1517304182052612,0.9738230109214783
20160310_114505_1281_1,Consensus_7of7,0.0,False,0,0,False,0,0.0,0.0,0.0,0.0,cured,0.9264693289184484,-0.0014071108082087669,1.0014071108082088,1.0920069217681885,1.0904715061187744,1.111352801322937,0.9999508261680603
20160310_114505_641_1,Consensus_7of7,0.0,True,1,2,True,2,0.5821551394721225,0.49089737393186583,0.7150903543752286,0.673936426165473,persistent,1.0995784031087512,0.0033219843682928962,0.9966780156317071,1.1010268926620483,1.1046956777572632,1.1415388584136963,0.9890900254249573
20160310_114505_641_1081,Consensus_7of7,0.0,True,1,2,False,0,0.7902224003197853,0.6824710157454881,0.9383773495100205,0.9033049361506172,persistent,0.5707478120036129,0.0044225374361891445,0.9955774625638109,1.1097757816314697,1.1147046089172363,1.1032222509384155,0.9926603436470032
20160310_114505_641_361,Consensus_7of7,0.0,True,1,5,False,0,0.714668196595224,0.601383971675891,0.8805372290271429,0.8565701625034272,persistent,-0.30101929918890785,-0.012226692580010079,1.01222669258001,1.1222939491271973,1.1087367534637451,1.1191571950912476,0.9984316825866699
20160310_114505_641_721,Consensus_7of7,0.0,True,1,2,False,0,0.7326530612238101,0.6148217343910715,0.9063575854925262,0.8227859007171273,persistent,5.925016955568524,0.033298925547946334,0.9667010744520537,1.0806562900543213,1.1178795099258423,1.1254374980926514,0.9969149231910706
20160316_142539_1281_721,Consensus_7of7,0.0,True,1,2,True,1,0.7313175222139414,0.8805418719198268,0.625341642067754,0.8997260204523515,persistent,-2.7449097195543604,-0.006417717507045229,1.0064177175070452,1.0932317972183228,1.0862594842910767,1.0881212949752808,0.9820641875267029
20160316_142539_1921_361,Consensus_7of7,0.0,False,0,0,True,1,0.5481191408564446,0.8547372316786552,0.40340611353676553,0.5761260823037261,cured,0.805583641439674,-0.0014100160099488335,1.0014100160099488,1.090014100074768,1.0884783267974854,1.0963777303695679,0.9927977919578552
20160316_142539_1_721,Consensus_7of7,0.0,True,2,5,True,1,0.6669753229313083,0.8246136233533776,0.559934701492102,0.7930586410697069,persistent,-137.94079304725693,-0.027777396542657984,1.027777396542658,1.128202199935913,1.0977096557617188,1.0979291200637817,0.9739521741867065
20160316_142539_641_721,Consensus_7of7,0.0,True,1,2,True,1,0.5211019283743685,0.8796502976174114,0.37020510411744934,0.5964891952957534,persistent,0.1121156272829913,-0.03502605659137892,1.035026056591379,1.1302249431610107,1.091976284980774,1.1350547075271606,0.997904896736145
20160316_143445_1281_1081,Consensus_7of7,0.0,True,1,2,False,0,0.6829127613544587,0.7546207775629235,0.6236502501958819,0.7472728035579425,persistent,0.9938526744721268,-0.00028326836693781665,1.0002832683669378,1.1039997339248657,1.1036860942840576,1.154706597328186,0.9876284003257751
20160316_143445_1281_361,Consensus_7of7,0.0,True,1,2,True,1,0.6850925341231432,0.8604197169340404,0.5691227503828834,0.8685340511071923,persistent,0.04483052421860486,-0.06473381886617524,1.0647338188661752,1.1693764925003052,1.098279595375061,1.1727133989334106,0.9602676630020142
20160316_143445_1921_1081,Consensus_7of7,0.0,False,0,0,False,0,0.2269587527134133,0.8185053380724662,0.13174475884966003,0.29455236486486486,cured,1.678069300983601,0.03470953124668652,0.9652904687533135,1.066654086112976,1.1050074100494385,1.1615699529647827,0.9998888373374939
20160316_143527_1281_361,Consensus_7of7,0.0,True,1,2,False,0,0.7253074916125134,0.8781588447613802,0.6177777777758166,0.6431689810818144,persistent,0.11854657152669135,0.019887756800973322,0.9801122431990267,1.085741639137268,1.1077717542648315,1.082778811454773,0.9978064894676208
20160316_143527_1281_721,Consensus_7of7,0.0,True,1,2,True,2,0.5490006135165653,0.8639227642267643,0.40233801883647957,0.632458987963943,persistent,1.3568066204724187,0.010920558233362354,0.9890794417666376,1.0959044694900513,1.1080034971237183,1.1419126987457275,0.998980700969696
20160316_143527_1_361,Consensus_7of7,0.0,False,0,0,False,0,0.43833617124680535,0.6209510682245283,0.33872180451000483,0.42546385156749844,cured,0.7317930423034704,0.005419718038391919,0.9945802819616081,1.1119792461395264,1.1180377006530762,1.0954489707946777,0.9806000590324402
20160316_143527_641_361,Consensus_7of7,0.0,True,1,2,True,1,0.5378761969901941,0.8134212567871562,0.40177545024881733,0.5916617916184372,persistent,1.6063228626586983,0.014766588952439208,0.9852334110475608,1.0966906547546387,1.1131267547607422,1.1402345895767212,0.9987941384315491
20160318_181632_1281_361,Consensus_7of7,0.0,True,2,6,True,1,0.7436542126418104,0.9347397238210335,0.6174343154981871,0.8553928235911574,persistent,0.9181068027126852,-0.004374003902340551,1.0043740039023406,1.088596224784851,1.0838544368743896,1.141756534576416,0.9858432412147522
20160318_181632_1921_1,Consensus_7of7,0.0,True,1,2,True,1,0.7524501325945434,0.9181204276845298,0.6374291853865258,0.6139918781428216,persistent,0.3992343964556831,-0.010187152908468056,1.010187152908468,1.096322774887085,1.0852659940719604,1.1036704778671265,0.9858736991882324
20160321_185557_1921_361,Consensus_7of7,0.0,False,0,0,False,0,0.37684377478162023,0.7530903328026843,0.2512956107876771,0.45612554005065303,cured,0.8891603107096412,-0.0013805121277148391,1.0013805121277148,1.0900161266326904,1.0885124206542969,1.102078914642334,0.9956270456314087
20160324_170347_1281_1,Consensus_7of7,0.0,True,1,2,False,0,0.8298911002622381,0.8519660755576686,0.8089311859431787,0.9461500735654733,persistent,1.9029308588887632,0.008793082058556001,0.991206917941444,1.0723543167114258,1.0818662643432617,1.0924007892608643,0.9878891110420227
20160324_170347_1281_361,Consensus_7of7,0.0,True,1,3,False,0,0.8050364630806717,0.7147915823545985,0.9213615023462163,0.9019302984386323,persistent,5.309370383849629,0.021949851165292023,0.978050148834708,1.0692782402038574,1.093274474143982,1.0988428592681885,0.9936602711677551
20160324_170347_641_361,Consensus_7of7,0.0,True,1,3,True,1,0.7372987563860625,0.6097911018966516,0.9322281813726665,0.9456753277820178,persistent,1.2107968145998322,0.009486531733392645,0.9905134682666074,1.0732059478759766,1.0834834575653076,1.1322389841079712,0.9957935214042664
20160328_151020_1281_361,Consensus_7of7,0.0,True,1,5,False,0,0.7668152267241416,0.716020158826576,0.825367485255853,0.9534196442306914,persistent,1.7400536693501343,0.01316993632885266,0.9868300636711473,1.0765825510025024,1.090949296951294,1.1103624105453491,0.999792754650116
20160328_151020_641_361,Consensus_7of7,0.0,True,2,5,False,0,0.6589042774845821,0.5644687106251948,0.7912864292010726,0.6656139924693307,persistent,2.4286399904013436,0.007847885789686204,0.9921521142103138,1.076812982559204,1.085329532623291,1.091290831565857,0.9917569160461426
20160328_151057_1281_1,Consensus_7of7,0.0,True,1,3,False,0,0.7927594363871306,0.7868517762335916,0.7987564766822823,0.9339547162298183,persistent,-0.9455125740213797,-0.005483385902982807,1.0054833859029828,1.105787754058838,1.0997563600540161,1.1028565168380737,0.9876309037208557
20160328_151057_1281_1081,Consensus_7of7,0.0,False,0,0,True,1,0.06974063400556271,0.8768115941393614,0.036314525810215145,0.08333333333333333,cured,-0.2671046868155935,0.007902184390073064,0.9920978156099269,1.0824958086013794,1.091117024421692,1.084313154220581,0.9571830630302429
20160328_151057_1281_361,Consensus_7of7,0.0,True,1,2,False,0,0.7997494631345743,0.8401955254731337,0.7630186102087024,0.8879956575213517,persistent,-4.33238444193912,0.02059723720384188,0.9794027627961581,1.0724740028381348,1.0950275659561157,1.090798020362854,0.928261399269104
20160328_151057_641_1081,Consensus_7of7,0.0,False,0,0,False,0,0.5048084036092546,0.7622877569224206,0.3773501437726668,0.5479683179453531,cured,2.4778572883773045,0.012688538919909842,0.9873114610800902,1.0766767263412476,1.090512752532959,1.0998749732971191,0.9976787567138672
20160328_151057_641_721,Consensus_7of7,0.0,True,1,2,True,2,0.6519916142550817,0.7901422764207567,0.5549607423259191,0.7392587562357981,persistent,-16.937369038236028,-0.10149104394519193,1.101491043945192,1.207202672958374,1.0959703922271729,1.102171540260315,0.9862940907478333
20160328_151244_1921_721,Consensus_7of7,0.0,True,1,2,False,0,0.8623982378253424,0.8503582624270376,0.8747840508601399,0.8491674163759452,persistent,-1.5330952224916443,-0.008531394323518793,1.0085313943235188,1.0892810821533203,1.0800656080245972,1.083703637123108,0.9942929744720459
20160328_151752_1921_721,Consensus_7of7,0.0,True,1,3,False,0,0.7590718399656896,0.9130980213258179,0.6495092074305794,0.933426236777095,persistent,2.3732120190717967,0.014185559931782499,0.9858144400682175,1.066597580909729,1.0819445848464966,1.0931205749511719,0.9970670938491821
20160328_151752_1_721,Consensus_7of7,0.0,True,1,4,False,0,0.49394313967739445,0.33647692825753966,0.9284386617014087,0.5100714749837556,persistent,1.4183080335667326,0.01379916453805774,0.9862008354619423,1.0668872594833374,1.0818144083023071,1.1174989938735962,0.9599164128303528
20160328_151752_641_361,Consensus_7of7,0.0,True,1,3,False,0,0.7980250036481983,0.8127724930634103,0.7838031533679962,0.8767405796869755,persistent,1.269703440611858,0.008184630481095523,0.9918153695189045,1.072939157485962,1.0817922353744507,1.1146174669265747,0.9979364275932312
20160328_152022_1_361,Consensus_7of7,0.0,True,1,2,False,0,0.6783675799077078,0.5298707088708652,0.9425059476568497,0.6829268292682926,persistent,1.1444364730186445,0.005516388234233172,0.9944836117657668,1.077514886856079,1.0834908485412598,1.124865174293518,0.9998905658721924
20160328_152022_641_721,Consensus_7of7,0.0,True,1,2,False,0,0.8149503397802129,0.7519292604497578,0.88950171167688,0.8999556332126484,persistent,1.4982321508728562,0.008983872379019098,0.9910161276209809,1.065605878829956,1.0752649307250977,1.0946515798568726,0.9982160329818726
20160328_153548_1921_721,Consensus_7of7,0.0,True,1,2,False,0,0.89751918015319,0.8971172684014009,0.897921452181692,0.9742386224209508,persistent,2.683206872346826,0.011091356447842537,0.9889086435521575,1.0705410242080688,1.0825469493865967,1.0896797180175781,0.9719494581222534
20160328_153548_641_361,Consensus_7of7,0.0,True,1,7,True,1,0.6426080363907182,0.5779353606974255,0.7235786238676395,0.7548041237113402,persistent,1.1036869915619274,0.0040297577277196295,0.9959702422722804,1.0889064073562622,1.0933111906051636,1.1357927322387695,0.9995137453079224
20160328_153604_641_361,Consensus_7of7,0.0,True,1,2,False,0,0.7511695005460234,0.6891093179828909,0.8255140992483527,0.8821577513017663,persistent,1.1824108580221109,0.004496010862040323,0.9955039891379597,1.0829017162322998,1.0877914428710938,1.1145975589752197,0.9573673009872437
20160328_153620_1281_721,Consensus_7of7,0.0,True,2,11,False,0,0.8587760173965292,0.7865923059409717,0.9455465863998971,0.9196880662019332,persistent,0.6756688990261736,-0.013152990137236253,1.0131529901372363,1.1045494079589844,1.090208888053894,1.1344245672225952,0.9964491724967957
20160328_153620_1921_361,Consensus_7of7,0.0,True,1,2,False,0,0.9026628024272809,0.868949996916928,0.9390971181073,0.9098439682600187,persistent,0.9320489674288744,-0.0022124795750477766,1.0022124795750478,1.0929851531982422,1.0905712842941284,1.126094937324524,0.9958996176719666
20160328_153620_1_361,Consensus_7of7,0.0,True,1,2,False,0,0.9115703378891774,0.890292795528827,0.9338898269981413,0.9727473310253029,persistent,0.9842360937098569,0.015764808541990916,0.9842351914580091,1.0736689567565918,1.0908652544021606,0.0,0.9606152176856995
20160328_153620_641_721,Consensus_7of7,0.0,True,1,3,False,0,0.8653526428607868,0.8593947953226736,0.8713936739247629,0.917900512693225,persistent,1.2345363334403254,0.007102927608420573,0.9928970723915794,1.083827257156372,1.0915796756744385,1.1246339082717896,0.9997197985649109
20160328_153629_1_361,Consensus_7of7,0.0,True,1,3,False,0,0.9258862045607184,0.8844017900466695,0.9714539532126233,0.9636536246515153,persistent,3.134245642279947,0.0075742859872506285,0.9924257140127494,1.0768438577651978,1.0850614309310913,1.088911771774292,0.9985474944114685
20160328_153629_641_721,Consensus_7of7,0.0,True,1,4,False,0,0.9411405398983761,0.9199893849927288,0.9632871383415084,0.9710730306563267,persistent,8.399369717805472,0.005652211812053443,0.9943477881879466,1.0834599733352661,1.0896177291870117,1.0904499292373657,0.9879916310310364
20160328_153829_1281_361,Consensus_7of7,0.0,True,1,6,False,0,0.8837209302324309,0.8278922944094464,0.9476236064355802,0.9517345244060597,persistent,0.884519811037383,-0.005589977934035595,1.0055899779340356,1.088098168373108,1.0820485353469849,1.1344352960586548,0.9759268164634705
20160328_153829_1281_721,Consensus_7of7,0.0,True,1,3,False,0,0.8027648671185761,0.742995808513693,0.872991187141335,0.9486584374307043,persistent,2.4114867726046936,0.006908170418468473,0.9930918295815315,1.0854684114456177,1.0930181741714478,1.0983669757843018,0.9968462586402893
20160328_153829_1921_1,Consensus_7of7,0.0,True,1,10,False,0,0.8310223161110118,0.7494527766515,0.9325162656978199,0.9329145221693161,persistent,1.1555097112983954,0.0043699882575791715,0.9956300117424208,1.0812181234359741,1.0859627723693848,1.1164730787277222,0.9983510375022888
20160328_153829_1_1,Consensus_7of7,0.0,True,1,4,False,0,0.8289065106369932,0.7413698127062333,0.9398824419478904,0.9249442547821668,persistent,0.8376309800251851,-0.00620889343507125,1.0062088934350712,1.0859119892120361,1.0792102813720703,1.1204848289489746,0.9990479350090027
20160328_153829_641_1,Consensus_7of7,0.0,True,1,3,False,0,0.8665660957787245,0.8497012587732178,0.8841139546107653,0.9166969807202618,persistent,1.7270936275345032,0.0075257645282117425,0.9924742354717883,1.073511004447937,1.0816502571105957,1.0928444862365723,0.9968079924583435
20160328_153829_641_1081,Consensus_7of7,0.0,True,1,2,False,0,0.7468423197061341,0.6334523672380676,0.9096774193533339,0.8553029550944771,persistent,0.7939068100358423,-0.0001639923694678469,1.0001639923694678,1.080824375152588,1.0806461572647095,1.0815109014511108,0.9919283390045166
20160328_153829_641_721,Consensus_7of7,0.0,True,1,2,False,0,0.791293663330189,0.6722338204572853,0.9616040955590376,0.8744389544751631,persistent,0.31052160504767645,-0.017076428320606407,1.0170764283206064,1.1047712564468384,1.08622145652771,1.1131255626678467,0.9594382643699646
20160329_103807_361_1,Consensus_7of7,0.0,False,0,0,True,1,0.23111540893359947,0.8399567450639633,0.1339917198550397,0.21827984881049434,cured,2.4019479711227283,0.01961006509189156,0.9803899349081084,1.074073076248169,1.0955560207366943,1.11087965965271,0.9987691640853882
20160329_103807_361_1281,Consensus_7of7,0.0,False,0,0,True,1,0.041514113617561854,0.89213197968411,0.021251511487297085,0.05118729143109296,cured,0.7939527142369409,-0.005222741550089172,1.0052227415500892,1.1075788736343384,1.101823329925537,1.1297564506530762,0.9991418123245239
20160329_103807_361_1921,Consensus_7of7,0.0,False,0,0,True,1,0.0033262057495832367,0.9999999998214285,0.0016658733936215893,0.0,cured,0.5897979136135989,-0.02159115273321288,1.0215911527332129,1.1193333864212036,1.0956754684448242,1.1533492803573608,0.9978798031806946
20160330_165956_1281_721,Consensus_7of7,0.0,True,1,5,False,0,0.6494936380157623,0.5154562690623069,0.8777372262761401,0.8607167994963694,persistent,0.12802424362859555,-0.015325057025067812,1.0153250570250678,1.1089290380477905,1.092190146446228,1.1113866567611694,0.9993916153907776
20160330_165956_1921_721,Consensus_7of7,0.0,True,1,2,False,0,0.7026309437601359,0.56966731898183,0.9165617128449046,0.9002232036852353,persistent,4.609386804331403,0.012654917539887789,0.9873450824601122,1.0665342807769775,1.0802031755447388,1.083990216255188,0.9969534277915955
20160330_165956_1_721,Consensus_7of7,0.0,True,2,4,True,1,0.6170212765953562,0.4650346332664721,0.9165887413485757,0.831199344603542,persistent,0.5775259287951542,-0.006979650359821177,1.0069796503598212,1.0878492593765259,1.0803080797195435,1.0981581211090088,0.9997391104698181
20160330_165956_641_721,Consensus_7of7,0.0,True,1,2,False,0,0.790225487194781,0.6767147225856909,0.949491234521332,0.954199503900759,persistent,-0.14313576253448768,0.007900069821466071,0.9920999301785339,1.0793895721435547,1.0879837274551392,1.0804656744003296,0.0
20160330_172309_1281_721,Consensus_7of7,0.0,True,1,3,False,0,0.828370751729238,0.7708594007241453,0.8951554314989121,0.8766062312973067,persistent,-0.45776990611777335,-0.03757350461182063,1.0375735046118206,1.1352483034133911,1.0941367149353027,1.1223384141921997,0.9905229210853577
20160402_150314_1281_721,Consensus_7of7,0.0,True,1,2,False,0,0.84328946822166,0.8614927904996933,0.8258394991456005,0.9579826048684363,persistent,0.9439810693890409,-0.003369486712858638,1.0033694867128586,1.0854524374008179,1.0818063020706177,1.146893858909607,0.999620795249939
20160402_151049_1_361,Consensus_7of7,0.0,True,1,2,True,1,0.911484604747909,0.8753600418954568,0.9507191029491546,0.973015653418006,persistent,0.959045977154055,0.0007222648694397149,0.9992777351305603,1.0905816555023193,1.0913689136505127,1.072145938873291,0.9972542524337769
20160402_151054_1921_361,Consensus_7of7,0.0,True,1,3,False,0,0.8447241045495822,0.7819463528282562,0.9184618623248063,0.9571092563997315,persistent,2.9698399495181276,0.014858479473835451,0.9851415205261645,1.0856729745864868,1.1020467281341553,1.1103589534759521,0.9930031299591064
20160407_163130_1_721,Consensus_7of7,0.0,True,1,2,False,0,0.8333487042328896,0.9324435883317745,0.753292947256848,0.9066345830316995,persistent,1.1406689063155206,-0.0031684732386250136,1.003168473238625,1.1012065410614014,1.0977274179458618,1.0729947090148926,0.9948638081550598
20160407_163257_1281_1,Consensus_7of7,0.0,True,1,2,False,0,0.8890386521304702,0.8123007823813297,0.981787934505751,0.9901269393511989,persistent,0.8995328126140594,-0.003053433197564237,1.0030534331975642,1.0775972604751587,1.0743159055709839,1.106976866722107,0.9774875044822693
20160407_163257_1921_1081,Consensus_7of7,0.0,True,1,3,False,0,0.7771267207901326,0.6794222935431682,0.9076517150380811,0.9111960481906167,persistent,0.07699560973401928,0.013339296566171388,0.9866607034338286,1.0789732933044434,1.0935596227645874,1.0777565240859985,0.9961961507797241
20160407_163257_641_361,Consensus_7of7,0.0,True,1,2,False,0,0.8475011462627934,0.783021265779223,0.9235535125402982,0.998502133393218,persistent,2.6751064631072743,0.006344177723836553,0.9936558222761634,1.079777717590332,1.0866707563400269,1.0907857418060303,0.9535282850265503
20160407_165001_1281_1081,Consensus_7of7,0.0,False,0,0,False,0,0.3218560117836092,0.5280966767339692,0.23146186440616667,0.37111197511664074,cured,0.4374922194674451,-0.05345743621401011,1.0534574362140101,1.1357805728912354,1.0781446695327759,1.1806070804595947,0.9904868602752686
20160407_165001_1921_721,Consensus_7of7,0.0,True,1,2,False,0,0.6968854926475067,0.5627337322358239,0.9150197628444587,0.858570401089568,persistent,0.35211823933698644,-0.009979600118803056,1.009979600118803,1.0882741212844849,1.0775198936462402,1.0941189527511597,0.990616500377655
IMG_2931_1297_485,Consensus_7of7,0.0,True,1,2,False,0,0.7979657882558207,0.7821752265837397,0.8144070462383944,0.7988343538194559,persistent,-2.154049811636668,0.03188503635640261,0.9681149636435974,1.090955138206482,1.126884937286377,1.1154932975769043,0.9922112226486206
IMG_2931_1945_485,Consensus_7of7,0.0,True,1,2,False,0,0.8805306019638313,0.8542107835138391,0.9085239085223346,0.9457196785192401,persistent,2.8055194057759256,0.040363219673659856,0.9596367803263401,1.0892170667648315,1.1350295543670654,1.1604031324386597,0.9994584321975708
IMG_2941_1_969,Consensus_7of7,0.0,True,1,2,False,0,0.8714907456115206,0.8612345212204733,0.8819941916738799,0.9028055120966412,persistent,1.8100824057177236,0.033375467937179715,0.9666245320628203,1.1203898191452026,1.1590734720230103,1.2068262100219727,0.9984927773475647
IMG_2942_1297_485,Consensus_7of7,0.0,True,1,3,False,0,0.5044349242741178,0.35744826406673724,0.856732937075514,0.6565040650406505,persistent,-6.442252510760402,-0.004529730567661927,1.004529730567662,1.0968314409255981,1.0918844938278198,1.092549204826355,0.9969297051429749
IMG_2942_1945_485,Consensus_7of7,0.0,True,1,3,False,0,0.46686385802185076,0.311400234616283,0.9323116219638177,0.5745614035087719,persistent,-0.33248056676178295,0.0044566204626314,0.9955433795373686,1.0820775032043457,1.0869204998016357,1.083285927772522,0.9994460940361023
IMG_2942_1_485,Consensus_7of7,0.0,True,1,5,True,2,0.6409986675077909,0.5030823425798072,0.8830917874379071,0.8404892969880784,persistent,1.2870823171109158,0.0050982667056307385,0.9949017332943693,1.0790683031082153,1.084596872329712,1.1038546562194824,0.9994423985481262
IMG_2942_649_485,Consensus_7of7,0.0,True,1,2,False,0,0.3072043497958713,0.18605927552123483,0.8805194805156688,0.40146187496539126,persistent,2.122949894142555,0.008695606846339743,0.9913043931536603,1.0813424587249756,1.0908268690109253,1.0992728471755981,0.9998395442962646
20160222_115837_1281_361,Cured_by_D2,0.0,False,0,0,True,1,0.7573036549882923,0.6677074041019899,0.8746713409264544,0.8310117010268248,cured,0.26481653703077446,-0.029603001145374952,1.029603001145375,1.1536872386932373,1.1205155849456787,1.1656358242034912,0.9934229254722595
20160307_145059_1281_721,Cured_by_D2,0.0,False,0,0,False,0,0.77917154485099,0.664384864041962,0.9419059172382506,0.9185757573397103,cured,-0.031850601542143364,-0.07275719024806837,1.0727571902480684,1.2291980981826782,1.145829677581787,1.2266247272491455,0.9938393831253052
20160316_143527_1921_361,Cured_by_D2,0.0,False,0,0,False,0,0.6491561984515613,0.7245432658253441,0.5879783932874519,0.6995793030152193,cured,1.4328701203892888,0.010782644891701887,0.9892173551082981,1.0960228443145752,1.1079686880111694,1.1355655193328857,0.9870296120643616
20160316_143547_1281_1081,Cured_by_D2,0.0,False,0,0,False,0,0.8603482920280302,0.9504254531966319,0.7858672376849621,0.8541666666666666,cured,-0.04235763931227899,0.03666638512075626,0.9633336148792437,1.070959210395813,1.1117210388183594,1.072615623474121,0.975246787071228
20160318_181632_1_361,Cured_by_D2,0.0,True,1,2,False,0,0.9294923916820426,0.9398637538150344,0.9193474264684758,0.9004358028830036,persistent,0.0652433919387633,-0.01034030224860194,1.010340302248602,1.0923044681549072,1.0811243057250977,1.0930848121643066,0.9787663817405701
20160407_165001_641_1081,Cured_by_D2,0.0,False,0,0,False,0,0.534736842103856,0.6124171187425412,0.4745446053223982,0.5796472184531886,cured,0.4812782991009909,-0.04793028636595853,1.0479302863659585,1.133124589920044,1.081296682357788,1.1812113523483276,0.9996708631515503
IMG_2941_1297_969,Cured_by_D2,0.0,False,0,0,False,0,0.781971356359914,0.6867416395373088,0.9078638497634823,0.8416530564629026,cured,0.2797881935081961,-0.016265576853586206,1.0162655768535862,1.1537959575653076,1.1353281736373901,1.1609703302383423,0.8598586916923523
20160222_164851_641_1,Clean_Control,0.0,False,0,0,False,0,0.8529063391090796,0.8777426636560922,0.8294368600675516,0.9147699814947962,clean,0.6312059451557848,-0.005312286016927903,1.005312286016928,1.0868858098983765,1.081141471862793,1.0967174768447876,0.991327166557312
20160222_164851_641_1081,Clean_Control,0.0,False,0,0,False,0,0.7189999223536617,0.7088181261471084,0.729478493775438,0.7563706818227416,clean,-0.8356434302322001,-0.032650364503511,1.032650364503511,1.123946189880371,1.0884082317352295,1.107768177986145,0.9979881644248962
20160222_165225_641_361,Clean_Control,0.0,False,0,0,True,1,0.7658188053725259,0.7259427828340638,0.8103302286188334,0.8888586123505569,clean,0.5445057445114322,-0.008847648589584756,1.0088476485895848,1.0884625911712646,1.0789157152175903,1.0998750925064087,0.9864024519920349
20160222_165926_1_1081,Clean_Control,0.0,False,0,0,False,0,0.5664648591719756,0.43651115618484176,0.806596701643129,0.7234869227359253,clean,0.3441468808360439,-0.015330546864442463,1.0153305468644425,1.0840471982955933,1.0676780939102173,1.0926365852355957,0.9926478862762451
20160222_165926_641_721,Clean_Control,0.0,False,0,0,True,1,0.6938638799566627,0.5582623692998185,0.9164749601824165,0.908661124124291,clean,0.4220687160233095,-0.013070824926014524,1.0130708249260145,1.0921845436096191,1.0780919790267944,1.1024764776229858,0.9998060464859009
20160307_145059_641_361,Clean_Control,0.0,False,0,0,False,0,0.6930500590150016,0.5484012745846077,0.9413428894738941,0.7886550450984453,clean,-0.4820171592929781,-0.01885298948409586,1.0188529894840959,1.165069341659546,1.1435097455978394,1.1580572128295898,0.996959388256073
20160316_143445_1281_721,Clean_Control,0.0,False,0,0,True,1,0.6234434118206578,0.9098316714903936,0.47418417523442435,0.7026363432453216,clean,-1.5021391534627024,-0.09705727988749158,1.0970572798874916,1.2120013236999512,1.1047738790512085,1.1476281881332397,0.9998522400856018
20160316_143445_1_721,Clean_Control,0.0,False,0,0,True,1,0.5551612903216853,0.8740477399650887,0.4067596312918772,0.44086639831320684,clean,-2.704103181271146,0.01753804437094253,0.9824619556290575,1.0894004106521606,1.1088464260101318,1.103596568107605,0.9949214458465576
20160316_143527_1281_1081,Clean_Control,0.0,False,0,0,True,1,0.4085781741865106,0.9108187134476292,0.26335813324292917,0.44943820224719105,clean,36.30298527623936,0.027965875695249554,0.9720341243047504,1.0829198360443115,1.114074945449829,1.1149574518203735,0.9922493696212769
20160316_143527_1_1,Clean_Control,0.0,False,0,0,True,1,0.6446485570968375,0.7678460583476601,0.5555181318058207,0.8013456569347294,clean,-0.2525738190313205,-0.00986739171921136,1.0098673917192114,1.1250377893447876,1.1140440702438354,1.1228209733963013,0.9933929443359375
20160316_143527_641_721,Clean_Control,0.0,False,0,0,True,1,0.5318599607554148,0.8077164366348566,0.3964588144720609,0.5397887349058151,clean,-0.23238862872760824,-0.07610096725938043,1.0761009672593804,1.1933081150054932,1.1089173555374146,1.1773947477340698,0.9638303518295288
20160316_143547_1921_1081,Clean_Control,0.0,False,0,0,False,0,0.8309872505803994,0.9020424962695364,0.7703088616489739,0.8949432513191489,clean,-0.36592115667005537,0.040855175330679616,0.9591448246693204,1.0829856395721436,1.1291148662567139,1.0953433513641357,0.9816476702690125
20160316_143547_641_361,Clean_Control,0.0,False,0,0,True,1,0.8985561040789508,0.9331585845340118,0.8664280601282273,0.9659960594566339,clean,-0.09553256594658457,-0.05034971192145998,1.05034971192146,1.192150592803955,1.1350024938583374,1.1871671676635742,0.9686628580093384
20160316_143547_641_721,Clean_Control,0.0,False,0,0,False,0,0.035958904109281174,0.23333333330740744,0.019480519480338774,0.04195804195804195,clean,0.850826270243462,-0.002526529148664247,1.0025265291486642,1.109360933303833,1.1065641641616821,1.1253125667572021,0.9837502241134644
20160318_181632_641_1,Clean_Control,0.0,False,0,0,True,1,0.562692702979027,0.846867749413404,0.42131589072558173,0.5714934327874169,clean,-0.012680704356574868,-0.08406505670939413,1.0840650567093941,1.1713001728057861,1.0804693698883057,1.1701627969741821,0.9908438920974731
20160326_142521_1281_1081,Clean_Control,0.0,False,0,0,True,1,0.25314009661786835,0.3467443091564492,0.19933049300000205,0.30184804928131415,clean,0.8323008650596826,-0.010546940634426294,1.0105469406344263,1.1074674129486084,1.0959079265594482,1.1648378372192383,0.9903250932693481
20160326_142521_641_1081,Clean_Control,0.0,False,0,0,False,0,0.0,0.0,0.0,0.0,clean,-0.42380530260294946,-0.09704134718527158,1.0970413471852716,1.214310646057129,1.1068949699401855,1.1823376417160034,0.9989882707595825
20160326_142745_1281_1081,Clean_Control,0.0,False,0,0,True,1,0.0044120891241905755,0.39999999984,0.002218278615789223,0.01702127659574468,clean,0.6738193939911962,-0.008332777355629872,1.0083327773556299,1.100859522819519,1.0917611122131348,1.119654893875122,0.9999717473983765
20160326_142745_1921_1081,Clean_Control,0.0,False,0,0,False,0,0.0006365372374273766,0.124999999921875,0.00031908104658532374,0.0,clean,0.04173880142282369,-0.04768917298740516,1.0476891729874052,1.1408202648162842,1.0888909101486206,1.1430821418762207,0.9951598644256592
20160328_151057_1281_721,Clean_Control,0.0,False,0,0,False,0,0.7477857735950914,0.8831412927998012,0.6484070318589737,0.8296714025301937,clean,-0.5567058106058648,-0.18926330515326417,1.1892633051532642,1.3078535795211792,1.0997164249420166,1.2334200143814087,0.9996364116668701
20160328_151244_1921_1081,Clean_Control,0.0,False,0,0,False,0,0.7293832293825975,0.8042024832840416,0.6673006815649591,0.8459444746869896,clean,5.061752739953504,0.020661639617782668,0.9793383603822173,1.105709195137024,1.1290359497070312,1.1347789764404297,0.9611713290214539
20160328_151244_1921_361,Clean_Control,0.0,False,0,0,False,0,0.8827523025830022,0.9290953545229074,0.8408127648962724,0.9142447084855422,clean,0.5060222359481161,-0.013438435568147389,1.0134384355681474,1.0927646160125732,1.0782732963562012,1.1076092720031738,0.9866323471069336
20160328_151752_1281_361,Clean_Control,0.0,False,0,0,False,0,0.7160315415787389,0.7929306985800215,0.6527292513885945,0.8483636436069557,clean,0.1416018135162727,-0.0649765445494459,1.064976544549446,1.154908537864685,1.0844440460205078,1.1665323972702026,0.9953588247299194
20160328_152022_1921_361,Clean_Control,0.0,False,0,0,False,0,0.8031714477240927,0.7663431848254229,0.8437181292793726,0.8350186444238951,clean,0.7400241245660334,-0.004689010362377788,1.0046890103623778,1.0842876434326172,1.0792261362075806,1.0986952781677246,0.9963499903678894
20160328_152022_1_721,Clean_Control,0.0,False,0,0,False,0,0.7852896446835439,0.805445263753821,0.7661181548411571,0.9286565529680807,clean,-0.1551248930317436,-0.047094507301998156,1.0470945073019982,1.1341239213943481,1.0831141471862793,1.127273678779602,0.9930707812309265
20160328_152305_1281_361,Clean_Control,0.0,False,0,0,False,0,0.8736855603998225,0.9043605229966786,0.8450232558134294,0.9058735756918068,clean,-1.855200342317298,-0.11121889185358458,1.1112188918535846,1.2159528732299805,1.0942504405975342,1.1368752717971802,0.9857087135314941
20160328_152305_1281_721,Clean_Control,0.0,False,0,0,False,0,0.8368637018961085,0.822960593281356,0.851244641647852,0.8352727379312367,clean,-0.13610252034492099,-0.0702659605382625,1.0702659605382625,1.1652716398239136,1.0887672901153564,1.1561065912246704,0.8631635308265686
20160328_152305_641_361,Clean_Control,0.0,False,0,0,False,0,0.7614125073976085,0.7164389664384344,0.8124105413818199,0.7483297914307165,clean,-0.1806301543666737,-0.0272093970905678,1.0272093970905678,1.1306582689285278,1.1007076501846313,1.1260759830474854,0.9962169528007507
20160328_152305_641_721,Clean_Control,0.0,False,0,0,False,0,0.7404625850338121,0.7878401852919583,0.6984599589318796,0.6854536485993042,clean,0.8347326176105839,-0.014363335356422313,1.0143633353564223,1.1117534637451172,1.0960100889205933,1.191270112991333,0.9753491282463074
20160328_152511_1281_361,Clean_Control,0.0,False,0,0,True,1,0.3566403932533633,0.5263947960957558,0.269674442450308,0.4661878114646844,clean,-1.5207941293292615,-0.04162921489569671,1.0416292148956967,1.1547266244888306,1.1085764169692993,1.1268842220306396,0.993256688117981
20160328_152511_1921_361,Clean_Control,0.0,False,0,0,False,0,0.5921362759799699,0.7032701361487425,0.5113331483018675,0.6555468208360771,clean,-0.22802014261206224,-0.07258655963632621,1.0725865596363262,1.1688505411148071,1.0897483825683594,1.1541627645492554,0.9989734292030334
20160328_152747_1281_361,Clean_Control,0.0,False,0,0,True,1,0.5590538424147761,0.7764776477636116,0.4367563918652968,0.6762755181226524,clean,-0.8225520106175777,-0.2041318945628543,1.2041318945628543,1.33837890625,1.111487627029419,1.235978603363037,0.9971240758895874
20160328_153548_1281_721,Clean_Control,0.0,False,0,0,True,1,0.7717189642653925,0.9036554264659943,0.6734004364043523,0.7084809015811965,clean,0.3785833399507663,-0.003437261998576524,1.0034372619985765,1.0890388488769531,1.0853073596954346,1.0913121700286865,0.9993030428886414
20160328_153548_641_721,Clean_Control,0.0,False,0,0,True,1,0.761181968307241,0.868853773962566,0.677253970238416,0.9067458766512937,clean,0.89493694636738,-0.0023169134282710058,1.002316913428271,1.09689462184906,1.0943580865859985,1.11850106716156,0.9681773781776428
20160328_153604_1921_361,Clean_Control,0.0,False,0,0,False,0,0.7449340101519817,0.7355842489367747,0.7545245146423539,0.8302856477070136,clean,-0.4438646113232452,-0.0335174714358597,1.0335174714358597,1.1258313655853271,1.089319109916687,1.1146069765090942,0.9973946809768677
20160328_153604_641_721,Clean_Control,0.0,False,0,0,False,0,0.7754765017543606,0.7856395956773888,0.7655729909647676,0.8313446842740313,clean,0.9653768228821009,-0.0015121812221743358,1.0015121812221743,1.0908474922180176,1.089199423789978,1.1367995738983154,0.9923219680786133
20160328_153620_1281_361,Clean_Control,0.0,False,0,0,False,0,0.7897146633309587,0.8475859972640845,0.7392408978435978,0.8534875396862315,clean,1.6753843155407215,0.018122720985645602,0.9818772790143544,1.0743590593338013,1.0941877365112305,1.123546838760376,0.9869399666786194
20160328_153629_641_361,Clean_Control,0.0,False,0,0,False,0,0.8748424624329254,0.8618911174776868,0.8881889763770785,0.8505186089078707,clean,-0.8661094074587001,0.008301977342754285,0.9916980226572457,1.074636459350586,1.0836317539215088,1.0788114070892334,0.9790797829627991
20160328_153829_1921_361,Clean_Control,0.0,False,0,0,False,0,0.8486960701828521,0.7614837179194275,0.9584690553719911,0.9370761939482319,clean,-0.6851702540060551,-0.0347619396192409,1.034761939619241,1.119870662689209,1.082248568534851,1.1045739650726318,0.9777202010154724
20160328_153829_641_361,Clean_Control,0.0,False,0,0,False,0,0.8743047830917845,0.7894208235679171,0.9796427087647422,0.9600558749063774,clean,-0.911762999792832,-0.05084776751836406,1.050847767518364,1.1367146968841553,1.0817110538482666,1.1104822158813477,0.9711204767227173
20160329_103807_361_641,Clean_Control,0.0,False,0,0,True,1,0.0016791906301159315,0.99999999975,0.0008403008276961388,0.0,clean,4.357318092362441,0.013715008426502417,0.9862849915734976,1.0676530599594116,1.082498550415039,1.0869203805923462,0.8927135467529297
20160329_103807_721_1281,Clean_Control,0.0,False,0,0,True,1,0.4431741761921884,0.7437923250480385,0.31561302681841186,0.4832214765100672,clean,0.2729469941104567,-0.01966812523500261,1.0196681252350026,1.1321512460708618,1.1103124618530273,1.1403498649597168,0.883748471736908
20160330_170359_1921_721,Clean_Control,0.0,False,0,0,False,0,0.844454051976547,0.9696618677252083,0.7478834290573291,0.8033217251540317,clean,3.9193670196005863,0.06111050312500954,0.9388894968749905,1.0690791606903076,1.1386624574661255,1.1624975204467773,0.9918516278266907
20160330_172309_641_721,Clean_Control,0.0,False,0,0,True,1,0.8177933046160809,0.8598787446501927,0.7796352583584105,0.9126539652722636,clean,0.5067053211195413,-0.008460722303173629,1.0084607223031736,1.1047821044921875,1.0955122709274292,1.1143039464950562,0.9981409907341003
20160402_150314_1_721,Clean_Control,0.0,False,0,0,False,0,0.6681318681314231,0.8651259054831578,0.5442117825750848,0.7184291780599305,clean,2.839139670738184,0.007610619875929148,0.9923893801240709,1.0767621994018555,1.0850188732147217,1.089508295059204,0.9989437460899353
20160402_151049_1281_721,Clean_Control,0.0,False,0,0,False,0,0.9410295545995642,0.9233995043975375,0.9593459133728579,0.9695283490621243,clean,0.4592273370068757,-0.009722322304134279,1.0097223223041343,1.0982667207717896,1.087690830230713,1.1072478294372559,0.9913783073425293
20160405_171348_1281_721,Clean_Control,0.0,False,0,0,True,1,0.6578206391664336,0.954301761551721,0.5018931765083644,0.740508167239447,clean,4.153244428398432,0.04460131061421346,0.9553986893857865,1.0705453157424927,1.120521068572998,1.136370062828064,0.9895696043968201
20160405_171348_1_721,Clean_Control,0.0,False,0,0,True,1,0.5279531039187805,0.8122345755590913,0.39107659789542093,0.5295364262713187,clean,1.2033547886255407,0.013456661015773363,0.9865433389842266,1.108116865158081,1.1232308149337769,1.1975538730621338,0.9944050908088684
20160405_171348_641_721,Clean_Control,0.0,False,0,0,True,1,0.6898898540340844,0.9555941453728823,0.5397982062778757,0.7362748787008615,clean,-1.4519006744328633,-0.2612756008898802,1.2612756008898802,1.4268170595169067,1.1312482357025146,1.2517950534820557,0.927638828754425
20160407_163130_1281_721,Clean_Control,0.0,False,0,0,False,0,0.8718769538574787,0.9557517271625421,0.8015358440240945,0.9344159797781613,clean,1.112079973731256,0.0003331248118075836,0.9996668751881924,1.1019551753997803,1.1023213863372803,1.1055887937545776,0.964116096496582
20160407_163130_1_361,Clean_Control,0.0,False,0,0,False,0,0.8181641005635975,0.8082402772398605,0.8283346487733689,0.9051229809489802,clean,-3.186749997882845,-0.054238335089936474,1.0542383350899365,1.1455118656158447,1.0865767002105713,1.1006532907485962,0.9934276938438416
20160407_165001_1281_361,Clean_Control,0.0,False,0,0,True,1,0.6960708451548895,0.7460375967556707,0.6523771152291278,0.8060515976859897,clean,-0.17679019359560136,-0.053981719043473264,1.0539817190434733,1.1377756595611572,1.0795012712478638,1.1290210485458374,0.9713617563247681
20160407_165001_1_1081,Clean_Control,0.0,False,0,0,False,0,0.55012594458369,0.6339622641491032,0.48587319243495913,0.6611889801836636,clean,-0.2656471387252778,-0.011773743424627447,1.0117737434246274,1.1071606874465942,1.094275951385498,1.1044563055038452,0.9988598227500916
20160407_165001_641_721,Clean_Control,0.0,False,0,0,False,0,0.7042253521107312,0.5764014466520054,0.9048970901284252,0.6584200857317821,clean,0.16007641415347446,-0.03270522069547277,1.0327052206954728,1.1253615617752075,1.0897209644317627,1.132154107093811,0.9865558743476868
IMG_2931_649_485,Clean_Control,0.0,False,0,0,False,0,0.9103284769221405,0.9237873496306372,0.8972561435241239,0.966566877171514,clean,-1.006512816731795,0.06780964099346398,0.932190359006536,1.0703794956207275,1.148240327835083,1.109436273574829,0.9635292291641235
IMG_2941_1_485,Clean_Control,0.0,False,0,0,True,1,0.6673487949060171,0.764721208961009,0.5919725695833159,0.709248642889757,clean,0.23660374356468275,0.02115368199979717,0.9788463180002028,1.1116453409194946,1.1356679201126099,1.1041998863220215,0.9977710843086243
