case_name,dice,iou,precision,recall,tp,fp,fn,tn,gt_area,pred_area,fp_area_ratio,fn_area_ratio,num_gt_cc,num_pred_cc,mean_component_size,perimeter,boundary_to_area_ratio,thinness_score,fragmentation_ratio,mean_routing_entropy,cnn_expert_fraction,vit_expert_fraction,expert_hhi_concentration,mean_gs,cnn_expert_selections,vit_expert_selections,error_taxonomy,primary_error_category,performance_tier
20160222_080850_1281_361,0.8594416024990831,0.7535270481390606,0.9471520840004979,0.786599043798596,16130,900,4376,208994,20506,17030,0.05284791544333529,0.21340095581780943,1,1,20506.0,3739,0.18233687701160636,0.09116843850580318,1.0,0.9999890030351846,0.5,0.5,0.171875,0.49787499999999996,8,8,['high_quality'],high_quality,Medium_Dice (25-75%)
20160222_080850_1281_721,0.7213242439701573,0.5641181828689669,0.5858905391145506,0.9381965504650631,1852,1309,122,227117,1974,3161,0.4141094590319519,0.06180344478216818,2,1,987.0,936,0.47416413373860183,0.23708206686930092,0.5,0.9999949599164715,0.4375,0.5625,0.1875,0.4990875,7,9,['moderate_general_error'],moderate_general_error,Medium_Dice (25-75%)
20160222_080850_1921_1,0.4508143307791064,0.29100083981917224,0.34651977793430255,0.6449207768413721,692,1305,381,228022,1073,1997,0.6534802203304958,0.3550792171481827,1,7,1073.0,330,0.30754892823858343,0.15377446411929171,7.0,0.9999869619911171,0.4375,0.5625,0.15625,0.4981625,7,9,"['false_crack_high_fp', 'thin_low_area_failure', 'fragmented_prediction']",false_crack_high_fp,Low_Dice (<25%)
20160222_080850_1921_361,0.8598871874746536,0.7542123709407371,0.9370565500969045,0.7944609882105652,13339,896,3451,212714,16790,14235,0.06294344924481911,0.20553901131625968,1,2,16790.0,2880,0.17153067301965455,0.08576533650982728,2.0,0.9999872626682473,0.5,0.5,0.15625,0.497475,8,8,['high_quality'],high_quality,Medium_Dice (25-75%)
20160222_080850_1_361,0.8400923463779909,0.7242751987666084,0.8750850760583125,0.8077905755778888,19286,2753,4589,203772,23875,22039,0.12491492354462544,0.19220942408376962,1,1,23875.0,3950,0.16544502617801046,0.08272251308900523,1.0,0.9999869739577026,0.4375,0.5625,0.1484375,0.4976625,7,9,['boundary_margin_error'],boundary_margin_error,Medium_Dice (25-75%)
20160222_080850_641_361,0.7847339615527538,0.6457301831255103,0.7365533558861052,0.839659083426538,13694,4898,2615,209193,16309,18592,0.2634466437177281,0.16034091605861794,4,2,4077.25,4122,0.25274388374517137,0.12637194187258569,0.5,0.9999900145584899,0.5,0.5,0.171875,0.49782499999999996,8,8,['boundary_margin_error'],boundary_margin_error,Medium_Dice (25-75%)
20160222_080850_641_721,0.7693414150114647,0.6251461001416829,0.6716899880306961,0.9002163960081356,3744,1830,415,224411,4159,5574,0.32831001076426264,0.09978360182736234,1,1,4159.0,1886,0.45347439288290453,0.22673719644145227,1.0,0.9999892871394218,0.5,0.5,0.1875,0.49865000000000004,8,8,['boundary_margin_error'],boundary_margin_error,Medium_Dice (25-75%)
20160222_115224_1281_1,0.5292467383018329,0.3598474007059157,0.3765093300304268,0.8904885511199232,3773,6248,464,219915,4237,10021,0.6234906695938529,0.10951144677838093,10,3,423.7,4075,0.9617654000472032,0.4808827000236016,0.3,0.9999938172489631,0.375,0.625,0.2109375,0.49625,6,10,"['thin_low_area_failure', 'over_segmentation', 'complex_topology']",thin_low_area_failure,Low_Dice (<25%)
20160222_115224_1281_1081,0.8525847782646807,0.7430481678422001,0.8041440539316822,0.9072356198381529,4890,1191,500,223819,5390,6081,0.19585594474592993,0.09276437847866419,1,1,5390.0,2275,0.42207792207792205,0.21103896103896103,1.0,0.9999910783688057,0.5625,0.4375,0.203125,0.497625,9,7,['high_quality'],high_quality,Medium_Dice (25-75%)
20160222_115224_1281_361,0.46545454471864894,0.30331753492001334,0.32835154956870055,0.7991313745975496,1472,3011,370,225547,1842,4483,0.6716484496988624,0.2008686210640608,6,3,307.0,1801,0.9777415852334419,0.48887079261672095,0.5,0.9999877978389681,0.5,0.5,0.1875,0.49727499999999997,8,8,"['false_crack_high_fp', 'thin_low_area_failure', 'over_segmentation', 'complex_topology']",false_crack_high_fp,Low_Dice (<25%)
20160222_115224_1281_721,0.7712997255827833,0.6277362686751393,0.6958732916363364,0.8650650273391167,4789,2093,747,222771,5536,6882,0.3041267073525138,0.13493497109826588,4,3,1384.0,2724,0.4920520231213873,0.24602601156069365,0.75,0.9999917994125849,0.4375,0.5625,0.15625,0.497275,7,9,['boundary_margin_error'],boundary_margin_error,Medium_Dice (25-75%)
20160222_115224_1921_1081,0.8154703349214344,0.6884338644801667,0.7088319047929806,0.9598765358034218,1244,511,52,228593,1296,1755,0.29116809116809117,0.040123456790123455,1,1,1296.0,552,0.42592592592592593,0.21296296296296297,1.0,0.9999830728850716,0.5625,0.4375,0.171875,0.4980375,9,7,['boundary_margin_error'],boundary_margin_error,Medium_Dice (25-75%)
20160222_115224_641_1,0.7120554580893561,0.5528618934422703,0.638080807436282,0.8054315940259702,6317,3583,1526,218974,7843,9900,0.3619191919191919,0.19456840494708658,4,5,1960.75,4660,0.5941603978069616,0.2970801989034808,1.25,0.9999888074827913,0.4375,0.5625,0.1796875,0.49687499999999996,7,9,['boundary_margin_error'],boundary_margin_error,Low_Dice (<25%)
20160222_115224_641_1081,0.023108543469493897,0.011689333470058072,0.01426611795025224,0.06078316738291545,104,7186,1607,221503,1711,7290,0.9857338820301783,0.9392168322618352,1,7,1711.0,1669,0.9754529514903565,0.48772647574517825,7.0,0.9999907778005288,0.4375,0.5625,0.203125,0.49805,7,9,"['missed_crack_high_fn', 'false_crack_high_fp', 'thin_low_area_failure', 'over_segmentation', 'fragmented_prediction']",missed_crack_high_fn,Low_Dice (<25%)
20160222_115224_641_361,0.7896688731262664,0.6524403575127153,0.6683856487255928,0.9647249159717639,2981,1479,109,225831,3090,4460,0.33161434977578474,0.035275080906148865,2,2,1545.0,1649,0.5336569579288026,0.2668284789644013,1.0,0.9999856183746364,0.625,0.375,0.21875,0.4977625,10,6,['boundary_margin_error'],boundary_margin_error,Medium_Dice (25-75%)
20160222_115224_641_721,0.22302704584203106,0.1255095331193231,0.14694788688557625,0.462451549267317,1909,11082,2219,215190,4128,12991,0.8530521130013086,0.5375484496124031,5,3,825.6,2219,0.5375484496124031,0.26877422480620156,0.6,0.999987359025639,0.4375,0.5625,0.1875,0.49768749999999995,7,9,"['false_crack_high_fp', 'thin_low_area_failure', 'over_segmentation', 'complex_topology']",false_crack_high_fp,Low_Dice (<25%)
20160222_115837_1281_1,0.7357982929235158,0.5820260238574413,0.6128040965264993,0.9205616446998238,4786,3024,413,222177,5199,7810,0.38719590268886045,0.07943835352952491,1,4,5199.0,2135,0.41065589536449315,0.20532794768224658,4.0,0.9999968586623286,0.625,0.375,0.15625,0.496575,10,6,['boundary_margin_error'],boundary_margin_error,Medium_Dice (25-75%)
20160222_115837_1281_1081,0.6943991290179458,0.5318617231739656,0.5328604203361977,0.9964884861627448,2554,2239,9,225598,2563,4793,0.46713957855205507,0.00351150994927819,4,2,640.75,1867,0.7284432305891534,0.3642216152945767,0.5,0.9999987381562223,0.5,0.5,0.1875,0.4970375,8,8,['moderate_general_error'],moderate_general_error,Low_Dice (<25%)
20160222_115837_1281_361,0.7663508195443138,0.6212064431974402,0.6339132084994968,0.9687408677512682,3316,1915,107,225062,3423,5231,0.36608679028866375,0.03125912941863862,4,3,855.75,2052,0.5994741454864154,0.2997370727432077,0.75,0.9999978092729976,0.5625,0.4375,0.1640625,0.4965625,9,7,['boundary_margin_error'],boundary_margin_error,Medium_Dice (25-75%)
20160222_115837_1281_721,0.7412335402061906,0.5888570786415832,0.590939225213394,0.9940520409143047,2674,1851,16,225859,2690,4525,0.409060773480663,0.005947955390334572,1,1,2690.0,2008,0.7464684014869889,0.37323420074349445,1.0,0.9999985059845989,0.5625,0.4375,0.1953125,0.4971,9,7,['moderate_general_error'],moderate_general_error,Medium_Dice (25-75%)
20160222_164851_1281_1081,0.8815165869928393,0.7881355921254021,0.8617651513568811,0.9021946550537617,5673,910,615,223202,6288,6583,0.13823484733404223,0.09780534351145038,2,1,3144.0,1152,0.183206106870229,0.0916030534351145,0.5,0.9999952529778438,0.375,0.625,0.1640625,0.496975,6,10,['high_quality'],high_quality,High_Dice (>75%)
20160222_164851_641_1,0.8634677317202218,0.7597388616401902,0.8267624320190784,0.9035836169764645,10590,2219,1130,216461,11720,12809,0.17323756733546725,0.09641638225255973,2,2,5860.0,2308,0.1969283276450512,0.0984641638225256,1.0,0.9999957981186548,0.5625,0.4375,0.2109375,0.4961249999999999,9,7,['high_quality'],high_quality,Medium_Dice (25-75%)
20160222_164851_641_1081,0.7239028014357161,0.5672787325684653,0.5967296876885747,0.9199621854104897,5839,3946,508,220107,6347,9785,0.40327031170158406,0.08003781314006617,3,3,2115.6666666666665,2372,0.3737198676540098,0.1868599338270049,1.0,0.9999966138916488,0.375,0.625,0.171875,0.4964375,6,10,['moderate_general_error'],moderate_general_error,Medium_Dice (25-75%)
20160222_164851_641_361,0.8084132838345338,0.6784342867097521,0.708950876507054,0.94033822564998,10954,4497,695,214254,11649,15451,0.29104912303410785,0.059661773542793374,7,4,1664.142857142857,3669,0.31496265773886173,0.15748132886943086,0.5714285714285714,0.9999987223803658,0.3125,0.6875,0.2578125,0.4956375,5,11,"['complex_topology', 'boundary_margin_error']",complex_topology,Medium_Dice (25-75%)
20160222_164851_641_721,0.8544488390049747,0.7458844860868551,0.7604722276079424,0.9749270596508689,10693,3368,275,216064,10968,14061,0.23952777185121968,0.025072939460247995,3,3,3656.0,2773,0.25282640408460977,0.12641320204230488,1.0,0.9999980603196607,0.375,0.625,0.171875,0.4961875,6,10,['high_quality'],high_quality,Medium_Dice (25-75%)
20160222_165225_1281_361,0.806440975595493,0.675660741619246,0.7015010988607887,0.9483003735966132,7337,3122,400,219541,7737,10459,0.29849890046849603,0.051699625177717465,1,1,7737.0,3094,0.39989660074964456,0.19994830037482228,1.0,0.9999988157061901,0.4375,0.5625,0.2109375,0.4952625,7,9,['boundary_margin_error'],boundary_margin_error,Medium_Dice (25-75%)
20160222_165225_1281_721,0.765060238659457,0.6195121920999405,0.669831220095827,0.8918539263212505,1270,626,154,228350,1424,1896,0.33016877637130804,0.10814606741573034,1,1,1424.0,650,0.45646067415730335,0.22823033707865167,1.0,0.9999935492315808,0.4375,0.5625,0.1953125,0.4964,7,9,['boundary_margin_error'],boundary_margin_error,Medium_Dice (25-75%)
20160222_165225_1921_721,0.6941838645085695,0.5316091949249199,0.5602346923817217,0.9123131439169161,5920,4647,569,219264,6489,10567,0.43976530708810446,0.08768685467714595,2,2,3244.5,3365,0.5185698875019263,0.25928494375096317,1.0,0.9999954377203033,0.5,0.5,0.234375,0.4958625,8,8,['moderate_general_error'],moderate_general_error,Low_Dice (<25%)
20160222_165225_1_361,0.775043619051174,0.632711197806767,0.7101433288752554,0.8529996015719777,6441,2629,1110,220220,7551,9070,0.2898566703417861,0.14700039729837108,1,1,7551.0,3404,0.4508012183816713,0.22540060919083565,1.0,0.9999972090845202,0.5,0.5,0.21875,0.49558750000000007,8,8,['boundary_margin_error'],boundary_margin_error,Medium_Dice (25-75%)
20160222_165225_641_361,0.7983667985914387,0.6644014143880084,0.7425093625233985,0.8633119621830023,7137,2475,1130,219658,8267,9612,0.25749063670411987,0.13668803677271077,4,2,2066.75,4037,0.4883270835853393,0.24416354179266966,0.5,0.999999210334429,0.5,0.5,0.2109375,0.49560000000000004,8,8,['boundary_margin_error'],boundary_margin_error,Medium_Dice (25-75%)
20160222_165402_1281_1,0.9096237872164427,0.8342293022830327,0.8432961161512735,0.9872758808707046,8535,1586,110,220169,8645,10121,0.1567038830155123,0.012724117987275883,1,1,8645.0,2045,0.23655292076344708,0.11827646038172354,1.0,0.9999984558315713,0.5,0.5,0.1953125,0.49621250000000006,8,8,['high_quality'],high_quality,High_Dice (>75%)
20160222_165402_1281_361,0.8645590347587677,0.7614301942814667,0.7660510107598496,0.9921403337599495,8710,2660,69,218961,8779,11370,0.2339489885664028,0.007859665109921404,2,1,4389.5,2052,0.2337396058776626,0.1168698029388313,0.5,0.9999973788796275,0.5,0.5,0.1640625,0.4965375000000001,8,8,['high_quality'],high_quality,Medium_Dice (25-75%)
20160222_165402_641_1081,0.9261145553121809,0.862396040372262,0.9050710517888834,0.9481599025556111,12547,1316,686,215851,13233,13863,0.09492894755824857,0.051840096727877275,1,1,13233.0,1717,0.12975137912793774,0.06487568956396887,1.0,0.9999921105224416,0.5625,0.4375,0.1796875,0.496375,9,7,['high_quality'],high_quality,High_Dice (>75%)
20160222_165402_641_721,0.8691868892636629,0.768638850232012,0.7729343987851995,0.9928216444032892,8990,2641,65,218704,9055,11631,0.22706560055025363,0.00717835450027609,1,1,9055.0,1678,0.1853119823302043,0.09265599116510215,1.0,0.9999913144806181,0.4375,0.5625,0.1875,0.496275,7,9,['high_quality'],high_quality,Medium_Dice (25-75%)
20160222_165926_1281_361,0.4584206840349045,0.29737080621629464,0.29737080621629464,0.9999999923780488,1312,3100,0,225988,1312,4412,0.7026291931097008,0.0,2,3,656.0,1592,1.2134146341463414,0.6067073170731707,1.5,0.9999958719266642,0.3125,0.6875,0.1875,0.496675,5,11,"['false_crack_high_fp', 'thin_low_area_failure', 'over_segmentation']",false_crack_high_fp,Low_Dice (<25%)
20160222_165926_1281_721,0.6949473519468621,0.5325052234356801,0.5392030086526355,0.9772049403979444,4587,3920,107,221786,4694,8507,0.46079699071353003,0.022795057520238603,1,1,4694.0,3164,0.674051981252663,0.3370259906263315,1.0,0.9999991874672345,0.3125,0.6875,0.1640625,0.49665000000000004,5,11,['moderate_general_error'],moderate_general_error,Low_Dice (<25%)
20160222_165926_1921_721,0.7198930223236899,0.5623694229293728,0.5845682159113845,0.9367451362605013,4576,3252,309,222263,4885,7828,0.41543178334184977,0.06325486182190379,4,1,1221.25,3742,0.7660184237461617,0.38300921187308085,0.25,0.9999968921614599,0.375,0.625,0.1796875,0.49646250000000003,6,10,['moderate_general_error'],moderate_general_error,Medium_Dice (25-75%)
20160222_165926_1_1081,0.5506927632489713,0.3799696498331725,0.38966697668948963,0.938530727597221,1252,1961,82,227105,1334,3213,0.610333022097728,0.06146926536731634,4,3,333.5,1166,0.8740629685157422,0.4370314842578711,0.75,0.9999991726058728,0.4375,0.5625,0.1484375,0.49685,7,9,['over_segmentation'],over_segmentation,Low_Dice (<25%)
20160222_165926_1_721,0.5822646053027901,0.4107004787216631,0.41807020239560805,0.9588447618814268,2656,3697,114,223933,2770,6353,0.5819297969463245,0.04115523465703971,5,4,554.0,2358,0.8512635379061372,0.4256317689530686,0.8,0.9999948355873727,0.3125,0.6875,0.171875,0.4968625,5,11,"['over_segmentation', 'complex_topology']",over_segmentation,Low_Dice (<25%)
20160222_165926_641_1,0.7161747335110098,0.557844398458995,0.5670218721872838,0.9718039058897663,3033,2316,88,224963,3121,5349,0.43297812675266406,0.02819609099647549,1,1,3121.0,1933,0.619352771547581,0.3096763857737905,1.0,0.9999944677505193,0.4375,0.5625,0.15625,0.49736250000000004,7,9,['moderate_general_error'],moderate_general_error,Medium_Dice (25-75%)
20160222_165926_641_361,0.6281881916185467,0.4579259252475172,0.4583333326537169,0.9980626380430654,3091,3653,6,223650,3097,6744,0.5416666666666666,0.0019373587342589602,2,2,1548.5,2230,0.7200516628995802,0.3600258314497901,1.0,0.9999957436693188,0.375,0.625,0.1640625,0.4972,6,10,['over_segmentation'],over_segmentation,Low_Dice (<25%)
20160222_165926_641_721,0.7236989639709129,0.5670284231865339,0.5768664557551352,0.9708016263125082,5486,4024,165,220725,5651,9510,0.4231335436382755,0.02919837196956291,2,2,2825.5,4142,0.7329676163510883,0.36648380817554416,1.0,0.9999983681189678,0.3125,0.6875,0.1640625,0.49653749999999997,5,11,['moderate_general_error'],moderate_general_error,Medium_Dice (25-75%)
20160302_155857_1281_1,0.6474629190886316,0.4787025274400294,0.5675379765053539,0.7535889501115957,4147,3160,1356,221737,5503,7307,0.4324620227179417,0.24641104851898965,2,2,2751.5,1899,0.3450844993639833,0.17254224968199164,1.0,0.9999922146072089,0.5625,0.4375,0.1875,0.4977875,9,7,['moderate_general_error'],moderate_general_error,Low_Dice (<25%)
20160302_155857_1281_361,0.7678749775172581,0.6232119009887356,0.7182107916054393,0.824917948971323,6535,2564,1387,219914,7922,9099,0.28178920760523135,0.17508204998737692,1,4,7922.0,2828,0.35698056046452914,0.17849028023226457,4.0,0.9999879022021692,0.5625,0.4375,0.171875,0.4974625,9,7,['boundary_margin_error'],boundary_margin_error,Medium_Dice (25-75%)
20160302_155857_1281_721,0.3748431612690666,0.23065045313520469,0.23163403715519668,0.9819227528190406,1195,3964,22,225219,1217,5159,0.7683659623958131,0.018077239112571898,1,1,1217.0,430,0.3533278553820871,0.17666392769104355,1.0,0.9999909417903244,0.5625,0.4375,0.171875,0.4980375,9,7,"['false_crack_high_fp', 'thin_low_area_failure', 'over_segmentation']",false_crack_high_fp,Low_Dice (<25%)
20160302_155857_1_721,0.8807384952105983,0.7868925103220776,0.900490223192376,0.8618346541218602,15981,1766,2562,210091,18543,17747,0.09950977630021976,0.13816534541336353,1,1,18543.0,3212,0.17321900447608263,0.08660950223804131,1.0,0.9999889783427567,0.3125,0.6875,0.2109375,0.497075,5,11,['high_quality'],high_quality,High_Dice (>75%)
20160302_155857_641_721,0.7487201827147659,0.5983635094020638,0.6429105869541647,0.8962190344231039,10311,5727,1194,213168,11505,16038,0.3570894126449682,0.10378096479791395,3,2,3835.0,3366,0.2925684485006519,0.14628422425032594,0.6666666666666666,0.9999913994968537,0.4375,0.5625,0.1796875,0.497425,7,9,['boundary_margin_error'],boundary_margin_error,Medium_Dice (25-75%)
20160307_144202_1281_361,0.6292197626709033,0.45902307717603924,0.48601277802969023,0.8920760683168367,5629,5953,681,218137,6310,11582,0.5139872215506821,0.10792393026941363,10,2,631.0,3310,0.5245641838351822,0.2622820919175911,0.2,0.9999952872697558,0.25,0.75,0.203125,0.49678750000000005,4,12,['complex_topology'],complex_topology,Low_Dice (<25%)
20160307_144202_1281_721,0.5822498581286509,0.41068580487681317,0.4138762383955582,0.9815756004397217,3090,4376,58,222876,3148,7466,0.5861237610500938,0.018424396442185513,5,2,629.6,1470,0.4669631512071156,0.2334815756035578,0.4,0.9999939382149281,0.3125,0.6875,0.203125,0.49658749999999996,5,11,"['over_segmentation', 'complex_topology']",over_segmentation,Low_Dice (<25%)
20160307_144202_1921_361,0.5861990086195961,0.4146262537609656,0.4191777832797144,0.9744803101449381,11532,15979,302,202587,11834,27511,0.5808222165679183,0.025519689031603853,5,1,2366.8,4983,0.42107486902146357,0.21053743451073179,0.2,0.999993170807778,0.3125,0.6875,0.265625,0.4955125,5,11,"['over_segmentation', 'complex_topology']",over_segmentation,Low_Dice (<25%)
20160307_144202_1_361,0.8105941701764029,0.6815118522637674,0.7158202154658845,0.9342938358093463,14461,5741,1017,209181,15478,20202,0.2841797841797842,0.06570616358702674,7,2,2211.1428571428573,4184,0.2703191626825171,0.13515958134125855,0.2857142857142857,0.9999903842093414,0.3125,0.6875,0.1875,0.4966125,5,11,"['complex_topology', 'boundary_margin_error']",complex_topology,Medium_Dice (25-75%)
20160307_144202_641_361,0.7083821312670631,0.5484455955707536,0.5607947016896452,0.9613987275554962,10585,8290,425,211100,11010,18875,0.43920529801324504,0.03860127157129882,10,2,1101.0,4281,0.3888283378746594,0.1944141689373297,0.2,0.9999951007645546,0.1875,0.8125,0.234375,0.4961625,3,13,['complex_topology'],complex_topology,Low_Dice (<25%)
20160307_145059_1281_361,0.8721424686280198,0.773273613349998,0.7974624330249299,0.9622548321135496,13639,3464,535,212762,14174,17103,0.20253756650879962,0.03774516720756314,4,1,3543.5,3270,0.23070410610977846,0.11535205305488923,0.25,0.9999920335153992,0.5625,0.4375,0.1875,0.49641250000000003,9,7,['high_quality'],high_quality,Medium_Dice (25-75%)
20160307_145059_1281_721,0.7460449621429824,0.5949535187624888,0.6076121042573434,0.9661679458604018,7168,4629,251,218352,7419,11797,0.39238789522760026,0.03383205283730961,3,3,2473.0,3748,0.5051893786224558,0.2525946893112279,1.0,0.9999867374673557,0.5625,0.4375,0.1953125,0.49695,9,7,['boundary_margin_error'],boundary_margin_error,Medium_Dice (25-75%)
20160307_145059_1921_1081,0.7515337418073524,0.6019656012933152,0.6041923544398696,0.9939148054694545,5390,3531,33,221446,5423,8921,0.3958076448828607,0.006085192697768763,3,1,1807.6666666666667,2182,0.4023603171676194,0.2011801585838097,0.3333333333333333,0.9999848995525414,0.4375,0.5625,0.1953125,0.4973125,7,9,['boundary_margin_error'],boundary_margin_error,Medium_Dice (25-75%)
20160307_145059_1921_361,0.8591271343988133,0.7530437091656951,0.8478016621617844,0.8707592885062241,11319,2032,1680,215369,12999,13351,0.15219833720320575,0.12924071082390953,1,1,12999.0,3074,0.23647972920993923,0.11823986460496962,1.0,0.9999878390660982,0.4375,0.5625,0.2109375,0.4963375,7,9,['high_quality'],high_quality,Medium_Dice (25-75%)
20160307_145059_1921_721,0.7969301333830892,0.6624138427006689,0.6973907662538354,0.9296151452364373,4517,1960,342,223581,4859,6477,0.3026092326694457,0.07038485285038074,3,2,1619.6666666666667,1757,0.3615970364272484,0.1807985182136242,0.6666666666666666,0.9999776305267423,0.5,0.5,0.1875,0.4983125,8,8,['boundary_margin_error'],boundary_margin_error,Medium_Dice (25-75%)
20160307_145059_1_361,0.9052988190644757,0.8269825910764191,0.8480610920876117,0.9708219789159606,8551,1532,257,220060,8808,10083,0.15193890707130814,0.029178019981834696,1,1,8808.0,2411,0.27372842870118075,0.13686421435059037,1.0,0.9999960659084368,0.6875,0.3125,0.1953125,0.49627499999999997,11,5,['high_quality'],high_quality,High_Dice (>75%)
20160307_145059_1_721,0.8083695871774259,0.6783727391303052,0.706713353408943,0.9441845443713752,5853,2429,346,221772,6199,8282,0.2932866457377445,0.055815454105500886,1,1,6199.0,1626,0.2623003710275851,0.13115018551379254,1.0,0.9999953673890283,0.5625,0.4375,0.2265625,0.4967125,9,7,['boundary_margin_error'],boundary_margin_error,Medium_Dice (25-75%)
20160307_145059_641_361,0.735028127369488,0.5810628230341558,0.5904358762264776,0.9734062599520817,5161,3580,141,221518,5302,8741,0.4095641230980437,0.026593738211995472,2,2,2651.0,2106,0.3972086005281026,0.1986043002640513,1.0,0.9999935382461174,0.625,0.375,0.2109375,0.4968625,10,6,['moderate_general_error'],moderate_general_error,Medium_Dice (25-75%)
20160307_145059_641_721,0.8587411489814415,0.7524508118513397,0.7682508568851047,0.9733948199952157,10976,3311,300,215813,11276,14287,0.23174914257716805,0.026605179141539554,2,1,5638.0,3040,0.2695991486342675,0.13479957431713374,0.5,0.9999829008888128,0.5,0.5,0.21875,0.4965625,8,8,['high_quality'],high_quality,Medium_Dice (25-75%)
20160307_162438_1281_361,0.8034707146732166,0.6715010861215831,0.9999999964002879,0.6715010861215831,2778,0,1359,226263,4137,2778,0.0,0.32849891225525746,1,1,4137.0,396,0.09572153734590283,0.047860768672951415,1.0,0.9999911446368364,0.375,0.625,0.15625,0.4966625,6,10,['boundary_margin_error'],boundary_margin_error,Medium_Dice (25-75%)
20160307_162438_1281_721,0.8932802286061273,0.8071421977770163,0.9639275608992662,0.8322813914706203,26241,982,5288,197889,31529,27223,0.036072438746648054,0.16771860826540644,1,1,31529.0,3073,0.09746582511338768,0.04873291255669384,1.0,0.9999952994071555,0.375,0.625,0.1875,0.4956875,6,10,['high_quality'],high_quality,High_Dice (>75%)
20160307_162438_1921_1081,0.6954903457194874,0.5331431189009308,0.534341009786886,0.9958127131749023,10464,9119,44,210773,10508,19583,0.4656589899402543,0.004187285877426722,2,1,5254.0,2256,0.21469356680624285,0.10734678340312143,0.5,0.9999979225467088,0.5,0.5,0.1953125,0.49701249999999997,8,8,['moderate_general_error'],moderate_general_error,Low_Dice (<25%)
20160307_162438_1921_721,0.8933021454515536,0.8071779860963386,0.9028870193667257,0.8839186358285848,19859,2136,2608,205797,22467,21995,0.09711298022277791,0.11608136377798549,1,1,22467.0,2708,0.12053233631548493,0.06026616815774247,1.0,0.999996103284985,0.5,0.5,0.203125,0.49597499999999994,8,8,['high_quality'],high_quality,High_Dice (>75%)
20160307_162438_1_361,0.8739299933581306,0.7760885097759928,0.9325792790298227,0.8222210617599798,31496,2277,6810,189817,38306,33773,0.06742072069404553,0.17777893802537462,1,1,38306.0,3094,0.08077063645381924,0.04038531822690962,1.0,0.9999949481972108,0.6875,0.3125,0.2265625,0.49592499999999995,11,5,['high_quality'],high_quality,High_Dice (>75%)
20160307_162438_641_361,0.8490922493666269,0.7377587377436207,0.8609540714568266,0.837552838126652,18427,2976,3574,205423,22001,21403,0.13904592814091482,0.16244716149265942,1,1,22001.0,2516,0.11435843825280669,0.05717921912640334,1.0,0.9999939000670137,0.5,0.5,0.1796875,0.49583750000000004,8,8,['boundary_margin_error'],boundary_margin_error,Medium_Dice (25-75%)
20160307_162438_641_721,0.7287351694290937,0.5732363170165177,0.6100325433621002,0.9047936070159893,5436,3475,572,220917,6008,8911,0.3899674559533161,0.0952063914780293,1,2,6008.0,705,0.11734354194407456,0.05867177097203728,2.0,0.9999946812961638,0.375,0.625,0.15625,0.496075,6,10,['boundary_margin_error'],boundary_margin_error,Medium_Dice (25-75%)
20160310_114505_1281_1,0.4105086635992078,0.25826417181282296,0.25826417181282296,0.999999994553377,1836,5273,0,223291,1836,7109,0.7417358278238853,0.0,4,1,459.0,1931,1.051742919389978,0.525871459694989,0.25,0.9999934068454287,0.3125,0.6875,0.15625,0.4965,5,11,"['false_crack_high_fp', 'thin_low_area_failure', 'over_segmentation']",false_crack_high_fp,Low_Dice (<25%)
20160310_114505_641_1,0.5299302719839953,0.3604796846603905,0.3681564753055877,0.9453179982508378,4028,6913,233,219226,4261,10941,0.6318435243579198,0.054681999530626614,4,1,1065.25,2348,0.551044355785027,0.2755221778925135,0.25,0.9999953136573492,0.3125,0.6875,0.1953125,0.49622499999999997,5,11,"['thin_low_area_failure', 'over_segmentation']",thin_low_area_failure,Low_Dice (<25%)
20160310_114505_641_1081,0.5730866385108987,0.4016267938740414,0.40185752546739034,0.9985724458753927,4197,6247,6,219950,4203,10444,0.5981424741478361,0.0014275517487508922,3,4,1401.0,1842,0.4382583868665239,0.21912919343326195,1.3333333333333333,0.9999981390722399,0.3125,0.6875,0.1796875,0.495675,5,11,['over_segmentation'],over_segmentation,Low_Dice (<25%)
20160310_114505_641_361,0.5099504007654458,0.3422371986995667,0.3445023576201685,0.9811498563120881,4164,7923,80,218233,4244,12087,0.6554976420948126,0.01885014137606032,5,2,848.8,2457,0.5789349670122526,0.2894674835061263,0.4,0.9999981959944495,0.3125,0.6875,0.2109375,0.49582499999999996,5,11,"['false_crack_high_fp', 'thin_low_area_failure', 'over_segmentation', 'complex_topology']",false_crack_high_fp,Low_Dice (<25%)
20160310_114505_641_721,0.5821294806165533,0.4105660373485226,0.41075979196719226,0.998852419098342,4352,6243,5,219800,4357,10595,0.5892402076451156,0.0011475786091347257,4,1,1089.25,1798,0.41266926784484737,0.20633463392242368,0.25,0.9999976226234681,0.375,0.625,0.171875,0.4963,6,10,['over_segmentation'],over_segmentation,Low_Dice (<25%)
20160316_142539_1281_361,0.855841981348616,0.7480102987499879,0.8457059668576076,0.8662239077443428,6391,1166,987,221856,7378,7557,0.15429403202328967,0.13377609108159394,1,2,7378.0,1653,0.22404445649227434,0.11202222824613717,2.0,0.9999987513486146,0.25,0.75,0.234375,0.49597500000000005,4,12,['high_quality'],high_quality,Medium_Dice (25-75%)
20160316_142539_1281_721,0.8205155513312125,0.6956560997962106,0.7999792285803519,0.8421340320956225,7703,1926,1444,219327,9147,9629,0.20002077058884618,0.1578659669837105,2,1,4573.5,2578,0.2818410407783973,0.14092052038919864,0.5,0.9999890023572617,0.3125,0.6875,0.2109375,0.49582499999999996,5,11,['boundary_margin_error'],boundary_margin_error,Medium_Dice (25-75%)
20160316_142539_1921_361,0.7104739438672979,0.5509574160897642,0.6145753630358484,0.841834060400145,9639,6045,1811,212905,11450,15684,0.38542463657230297,0.15816593886462882,7,3,1635.7142857142858,4030,0.3519650655021834,0.1759825327510917,0.42857142857142855,0.9999953568063561,0.375,0.625,0.203125,0.49575,6,10,"['complex_topology', 'boundary_margin_error']",complex_topology,Low_Dice (<25%)
20160316_142539_1_721,0.6896280852322946,0.5262842384366484,0.5640227326098232,0.8872046013003696,11413,8822,1451,208714,12864,20235,0.4359772671114406,0.11279539800995025,7,2,1837.7142857142858,4023,0.3127332089552239,0.15636660447761194,0.2857142857142857,0.9999922053804369,0.3125,0.6875,0.1953125,0.49563749999999995,5,11,['complex_topology'],complex_topology,Low_Dice (<25%)
20160316_142539_641_721,0.6447120810924878,0.4757011938925756,0.5378335946950112,0.8046030994170948,10278,8832,2496,208794,12774,19110,0.4621664050235479,0.19539689995302958,4,3,3193.5,4538,0.35525285736652573,0.17762642868326287,0.75,0.9999918217949356,0.25,0.75,0.234375,0.496,4,12,['moderate_general_error'],moderate_general_error,Low_Dice (<25%)
20160316_143445_1281_1,0.8740833303054742,0.7763303926769494,0.8246974863017701,0.9297607381210573,13290,2825,1004,213281,14294,16115,0.17530251318647222,0.07023926122848748,1,3,14294.0,2297,0.16069679585840213,0.08034839792920107,3.0,0.9999981178760219,0.3125,0.6875,0.1640625,0.49596250000000003,5,11,['high_quality'],high_quality,High_Dice (>75%)
20160316_143445_1281_1081,0.7704163782258842,0.6265668837669469,0.683888093355344,0.882012112504577,3349,1548,448,225055,3797,4897,0.3161119052481111,0.11798788517250461,4,2,949.25,1205,0.3173558072162233,0.15867790360811165,0.5,0.9999935124627339,0.375,0.625,0.21875,0.4970375,6,10,['boundary_margin_error'],boundary_margin_error,Medium_Dice (25-75%)
20160316_143445_1281_361,0.8352617077013562,0.7171239352429495,0.7284521588513111,0.9787749164887621,12128,4521,263,213488,12391,16649,0.27154784071115384,0.02122508272133,2,2,6195.5,2403,0.19393107900895812,0.09696553950447906,1.0,0.9999960726442112,0.3125,0.6875,0.1640625,0.4960875,5,11,['boundary_margin_error'],boundary_margin_error,Medium_Dice (25-75%)
20160316_143445_1281_721,0.840319729643517,0.7246132844746982,0.7959122478657178,0.8899754130029194,15927,4084,1969,208420,17896,20011,0.2040877517365449,0.11002458649977649,2,2,8948.0,4941,0.2760952168082253,0.13804760840411265,1.0,0.9999912292490831,0.25,0.75,0.203125,0.4956999999999999,4,12,['boundary_margin_error'],boundary_margin_error,Medium_Dice (25-75%)
20160316_143445_1921_1081,0.6858965592682176,0.5219502042291766,0.5694612586490154,0.8621835251893877,7526,5690,1203,215981,8729,13216,0.43053874092009686,0.13781647382288922,2,1,4364.5,2735,0.31332340474281134,0.15666170237140567,0.5,0.999991704338687,0.375,0.625,0.21875,0.4968,6,10,['moderate_general_error'],moderate_general_error,Low_Dice (<25%)
20160316_143445_1_1081,0.8753073406215528,0.7782635845647689,0.863906496767129,0.8870131181867049,8722,1374,1111,219193,9833,10096,0.13609350237717907,0.11298688091121734,1,1,9833.0,2466,0.2507881623105868,0.1253940811552934,1.0,0.999991685095996,0.4375,0.5625,0.203125,0.4967125,7,9,['high_quality'],high_quality,High_Dice (>75%)
20160316_143445_1_721,0.5606333773139192,0.38950005403605265,0.41942294109849526,0.845190260351713,3576,4950,655,221219,4231,8526,0.5805770584095707,0.1548097376506736,2,3,2115.5,1268,0.2996927440321437,0.14984637201607184,1.5,0.99999173414218,0.4375,0.5625,0.2265625,0.4972625,7,9,['over_segmentation'],over_segmentation,Low_Dice (<25%)
20160316_143445_641_361,0.864096227859529,0.7607125260542501,0.7919159111332115,0.9507540772024684,9267,2435,480,218218,9747,11702,0.20808408819005297,0.04924592182209911,1,1,9747.0,2796,0.2868574946137273,0.14342874730686364,1.0,0.9999946418539761,0.3125,0.6875,0.1796875,0.49631250000000005,5,11,['high_quality'],high_quality,Medium_Dice (25-75%)
20160316_143445_641_721,0.8587117207715356,0.7524056247664641,0.8069862054113465,0.9175222826159063,8132,1945,731,219592,8863,10077,0.19301379378783368,0.08247771634886607,1,2,8863.0,2133,0.2406634322464177,0.12033171612320885,2.0,0.9999946572737604,0.375,0.625,0.1875,0.4968625,6,10,['high_quality'],high_quality,Medium_Dice (25-75%)
20160316_143527_1281_1081,0.7843747437620282,0.6452438691422502,0.7605208823562642,0.8097734183211249,9578,3016,2250,215556,11828,12594,0.23947911703986025,0.19022658099425094,4,3,2957.0,4261,0.360246871829557,0.1801234359147785,0.75,0.9999899041635311,0.25,0.75,0.1796875,0.4962875,4,12,['boundary_margin_error'],boundary_margin_error,Medium_Dice (25-75%)
20160316_143527_1281_361,0.6149417005686747,0.4439825390896227,0.5625493796087717,0.6780952359425547,2136,1661,1014,225589,3150,3797,0.4374506189096655,0.3219047619047619,4,2,787.5,1101,0.3495238095238095,0.17476190476190476,0.5,0.999996813937803,0.375,0.625,0.171875,0.49675,6,10,['moderate_general_error'],moderate_general_error,Low_Dice (<25%)
20160316_143527_1281_721,0.7481316036534379,0.5976120220278556,0.6848044031119307,0.824364616960403,17418,8017,3711,201254,21129,25435,0.31519559661883234,0.17563538264943915,7,3,3018.4285714285716,7452,0.35269061479483177,0.17634530739741588,0.42857142857142855,0.999990572286851,0.25,0.75,0.203125,0.4957875,4,12,"['complex_topology', 'boundary_margin_error']",complex_topology,Medium_Dice (25-75%)
20160316_143527_1921_361,0.6813941652470343,0.5167534886380131,0.5398777124639671,0.9234570728382289,8035,6848,666,214851,8701,14883,0.46012228717328496,0.07654292610044823,2,3,4350.5,4261,0.48971382599701185,0.24485691299850593,1.5,0.9999946033207361,0.1875,0.8125,0.2109375,0.4959125,3,13,['moderate_general_error'],moderate_general_error,Low_Dice (<25%)
20160316_143527_1_1,0.627125988177269,0.45679791647060847,0.6058608052267286,0.6499382500842728,5789,3766,3118,217727,8907,9555,0.3941391941391941,0.35006174918603344,2,1,4453.5,3323,0.37307735488941285,0.18653867744470642,0.5,0.9999935349421869,0.25,0.75,0.21875,0.49605,4,12,['moderate_general_error'],moderate_general_error,Low_Dice (<25%)
20160316_143527_1_361,0.6376567012564408,0.4680587498353234,0.4693044704235194,0.9943608985174401,2645,2991,15,224749,2660,5636,0.5306955287437899,0.005639097744360902,2,4,1330.0,1788,0.6721804511278195,0.3360902255639098,2.0,0.9999951342151305,0.4375,0.5625,0.1640625,0.496975,7,9,['over_segmentation'],over_segmentation,Low_Dice (<25%)
20160316_143527_641_1,0.8220385670813731,0.6978484559079442,0.7581300806003972,0.8977135970925352,8206,2618,935,218641,9141,10824,0.241869918699187,0.1022864019253911,1,1,9141.0,2978,0.3257849250629034,0.1628924625314517,1.0,0.9999960451507167,0.3125,0.6875,0.203125,0.49622499999999997,5,11,['boundary_margin_error'],boundary_margin_error,Medium_Dice (25-75%)
20160316_143527_641_361,0.7657102620531272,0.6203650881249453,0.7081614929953541,0.8334397746625113,13050,5378,2608,209364,15658,18428,0.2918385066203603,0.1665602248052114,8,3,1957.25,5907,0.37725124536977905,0.18862562268488953,0.375,0.9999935798873457,0.3125,0.6875,0.1875,0.49595,5,11,"['complex_topology', 'boundary_margin_error']",complex_topology,Medium_Dice (25-75%)
20160316_143527_641_721,0.7014049708959357,0.5401260248007062,0.7033596521081288,0.6994611228645711,4543,1916,1952,221989,6495,6459,0.2966403468029107,0.30053887605850654,3,2,2165.0,2013,0.3099307159353349,0.15496535796766744,0.6666666666666666,0.9999927313816603,0.4375,0.5625,0.171875,0.49706249999999996,7,9,['boundary_margin_error'],boundary_margin_error,Low_Dice (<25%)
20160316_143547_1281_1081,0.883552725468606,0.791396732854634,0.8380900086770307,0.9342306487175569,3054,590,215,226541,3269,3644,0.1619099890230516,0.06576934842459468,3,1,1089.6666666666667,774,0.23676965432854083,0.11838482716427041,0.3333333333333333,0.9999948043544258,0.4375,0.5625,0.1796875,0.49687499999999996,7,9,['high_quality'],high_quality,High_Dice (>75%)
20160316_143547_1281_361,0.29395261799570976,0.17230038338699,0.17459729647362102,0.9290640302555269,943,4458,72,224927,1015,5401,0.8254027032031105,0.07093596059113301,1,2,1015.0,210,0.20689655172413793,0.10344827586206896,2.0,0.999997969497768,0.375,0.625,0.171875,0.49695,6,10,"['false_crack_high_fp', 'thin_low_area_failure', 'over_segmentation']",false_crack_high_fp,Low_Dice (<25%)
20160316_143547_1281_721,0.8882869260240462,0.7990253481927296,0.8389924629754096,0.9437354984188223,21151,4059,1261,203929,22412,25210,0.16100753669178897,0.05626450116009281,1,1,22412.0,4400,0.19632339817954667,0.09816169908977333,1.0,0.9999917939240108,0.375,0.625,0.1875,0.49573749999999994,6,10,['high_quality'],high_quality,High_Dice (>75%)
20160316_143547_1921_1081,0.8481869491912217,0.7363928969164252,0.8063519718016982,0.8946004125940862,20362,4890,2399,202749,22761,25252,0.1936480278789799,0.1053995870128729,3,3,7587.0,5059,0.2222661570229779,0.11113307851148894,1.0,0.9999934828296081,0.375,0.625,0.15625,0.49582499999999996,6,10,['boundary_margin_error'],boundary_margin_error,Medium_Dice (25-75%)
20160316_143547_1_1,0.7757041480584875,0.6335920740304402,0.8113923217504465,0.7430231160959258,12407,2884,4291,210818,16698,15291,0.18860767771891962,0.2569768834590969,1,1,16698.0,4621,0.2767397293088993,0.13836986465444964,1.0,0.9999965616928556,0.3125,0.6875,0.1796875,0.49618749999999995,5,11,['boundary_margin_error'],boundary_margin_error,Medium_Dice (25-75%)
20160316_143547_641_1,0.8456104916057501,0.7325174782487327,0.7697489236390146,0.9380596944920918,1257,376,83,228684,1340,1633,0.23025107164727496,0.06194029850746269,1,1,1340.0,445,0.332089552238806,0.166044776119403,1.0,0.9999966122822029,0.4375,0.5625,0.171875,0.49725,7,9,['boundary_margin_error'],boundary_margin_error,Medium_Dice (25-75%)
20160316_143547_641_361,0.8904366106342401,0.8025108066545208,0.8228793485804364,0.970078739463079,13552,2917,418,213513,13970,16469,0.17712065091991014,0.029921259842519685,2,1,6985.0,3890,0.278453829634932,0.139226914817466,0.5,0.9999953646182088,0.3125,0.6875,0.1953125,0.49620000000000003,5,11,['high_quality'],high_quality,High_Dice (>75%)
20160316_143547_641_721,0.6860304256061298,0.5221052594939982,0.6819431651517583,0.6901669694789706,744,347,334,228975,1078,1091,0.31805682859761686,0.3098330241187384,2,1,539.0,561,0.5204081632653061,0.2602040816326531,0.5,0.9999937758542449,0.4375,0.5625,0.1875,0.49682500000000007,7,9,['boundary_margin_error'],boundary_margin_error,Low_Dice (<25%)
20160318_181632_1281_1081,0.8617886176830944,0.7571428568293405,0.8192938431672668,0.9089327429989895,18285,4033,1832,206250,20117,22318,0.18070615646563312,0.09106725654918725,1,1,20117.0,3066,0.1524084107968385,0.07620420539841925,1.0,0.9999940214082315,0.3125,0.6875,0.234375,0.4955375000000001,5,11,['high_quality'],high_quality,Medium_Dice (25-75%)
20160318_181632_1281_361,0.8545994064085718,0.746113989454953,0.9021276593078819,0.8118285286640174,30528,3312,7076,189484,37604,33840,0.09787234042553192,0.1881714711200936,8,1,4700.5,5071,0.13485267524731412,0.06742633762365706,0.125,0.9999931809496554,0.3125,0.6875,0.1953125,0.49563749999999995,5,11,"['complex_topology', 'high_quality']",complex_topology,Medium_Dice (25-75%)
20160318_181632_1281_721,0.8913652740577059,0.8040207051065283,0.865006043487737,0.9193814807197479,20037,3127,1757,205479,21794,23164,0.13499395613883614,0.08061851885840139,1,2,21794.0,2539,0.1164999541158117,0.05824997705790585,2.0,0.9999932127405506,0.4375,0.5625,0.171875,0.49675,7,9,['high_quality'],high_quality,High_Dice (>75%)
20160318_181632_1921_1,0.7853255384143061,0.6465316949111655,0.8111596901703942,0.7610861481518145,3896,907,1223,224374,5119,4803,0.18884030814074537,0.2389138503613987,5,1,1023.8,1148,0.22426255127954678,0.11213127563977339,0.2,0.9999959432607082,0.5,0.5,0.140625,0.496675,8,8,"['complex_topology', 'boundary_margin_error']",complex_topology,Medium_Dice (25-75%)
20160318_181632_1921_361,0.8796554551108171,0.7851651165024658,0.9087673202640928,0.8523508601198876,21446,2153,3715,203086,25161,23599,0.09123267935081995,0.14764913954135367,1,2,25161.0,3071,0.12205397241763045,0.06102698620881523,2.0,0.9999915454647189,0.3125,0.6875,0.1796875,0.49573749999999994,5,11,['high_quality'],high_quality,High_Dice (>75%)
20160318_181632_1_1,0.9413253249376781,0.8891544750348016,0.9205975308841917,0.9630080156691906,30875,2663,1186,195676,32061,33538,0.07940246884131433,0.03699198403044197,1,1,32061.0,3190,0.0994978322572596,0.0497489161286298,1.0,0.9999938603068459,0.375,0.625,0.15625,0.495675,6,10,['high_quality'],high_quality,High_Dice (>75%)
20160318_181632_1_361,0.9215009197496536,0.8544290269916136,0.9232011048819163,0.9198069831805906,4003,333,349,225715,4352,4336,0.07679889298892989,0.08019301470588236,2,1,2176.0,534,0.12270220588235294,0.06135110294117647,0.5,0.9999950173666688,0.4375,0.5625,0.1484375,0.4972375,7,9,['high_quality'],high_quality,High_Dice (>75%)
20160318_181632_641_1,0.8323748651067628,0.712878508891359,0.9322519039491798,0.7518276231172465,1954,142,645,227659,2599,2096,0.06774809160305344,0.24817237398999614,2,2,1299.5,488,0.1877645248172374,0.0938822624086187,1.0,0.9999958724036033,0.4375,0.5625,0.15625,0.49745,7,9,['boundary_margin_error'],boundary_margin_error,Medium_Dice (25-75%)
20160318_181632_641_361,0.9144109645714723,0.8423177968175737,0.9546996054606689,0.8773850244831153,34626,1643,4839,189292,39465,36269,0.04530039427610356,0.1226149752945648,1,1,39465.0,3248,0.08230077283669074,0.04115038641834537,1.0,0.9999926461088324,0.375,0.625,0.15625,0.49548749999999997,6,10,['high_quality'],high_quality,High_Dice (>75%)
20160318_181632_641_721,0.21420560727644336,0.11994975913758661,0.12025183618021844,0.9794871711154943,1146,8384,24,220846,1170,9530,0.8797481636935992,0.020512820512820513,1,3,1170.0,668,0.5709401709401709,0.28547008547008546,3.0,0.9999975730567316,0.5,0.5,0.1640625,0.49691250000000003,8,8,"['false_crack_high_fp', 'thin_low_area_failure', 'over_segmentation']",false_crack_high_fp,Low_Dice (<25%)
20160321_183947_1281_361,0.7577229439329262,0.6099468232407043,0.6581167713192143,0.8928571387689691,1950,1013,234,227203,2184,2963,0.34188322645966923,0.10714285714285714,1,2,2184.0,385,0.1762820512820513,0.08814102564102565,2.0,0.999997484195259,0.4375,0.5625,0.1796875,0.49683750000000004,7,9,['boundary_margin_error'],boundary_margin_error,Medium_Dice (25-75%)
20160321_183947_1281_721,0.9327664096336205,0.874003983807709,0.9170970118907239,0.9489805652377682,29835,2697,1604,196264,31439,32532,0.08290298782736998,0.0510194344603836,1,1,31439.0,3118,0.09917618244855116,0.04958809122427558,1.0,0.9999963013848354,0.4375,0.5625,0.15625,0.49574999999999997,7,9,['high_quality'],high_quality,High_Dice (>75%)
20160321_183947_1921_721,0.9042462467772214,0.8252276062187289,0.8756037515578811,0.9348260027497418,28099,3992,1959,196350,30058,32091,0.12439624816926864,0.06517399693925079,1,1,30058.0,3092,0.10286778894138,0.05143389447069,1.0,0.9999957988066225,0.375,0.625,0.15625,0.49582499999999996,6,10,['high_quality'],high_quality,High_Dice (>75%)
20160321_183947_1_721,0.875439195205951,0.7784720857012958,0.8398759533015109,0.9141473435124853,43603,8313,4095,174389,47698,51916,0.16012404653671314,0.08585265629586146,1,2,47698.0,3492,0.07321061679735,0.036605308398675,2.0,0.9999979254439791,0.375,0.625,0.21875,0.49551249999999997,6,10,['high_quality'],high_quality,High_Dice (>75%)
20160321_183947_641_721,0.8925953524974466,0.8060245679033855,0.8122657326858685,0.9905572426576377,32939,7613,314,189534,33253,40552,0.18773426711382915,0.00944275704447719,1,1,33253.0,3297,0.0991489489670105,0.04957447448350525,1.0,0.999991464085084,0.375,0.625,0.1953125,0.4952875,6,10,['high_quality'],high_quality,High_Dice (>75%)
20160321_185557_1281_721,0.8754967898052015,0.7785631751585118,0.8635832481949628,0.8877436351037534,22910,3619,2897,200974,25807,26529,0.136416751479513,0.11225636455225327,3,1,8602.333333333334,3922,0.1519742705467509,0.07598713527337544,0.3333333333333333,0.9999958323702329,0.375,0.625,0.15625,0.49592499999999995,6,10,['high_quality'],high_quality,High_Dice (>75%)
20160321_185557_1921_1,0.8731742069499581,0.7748972488342576,0.8197324407861769,0.93407012106129,9804,2156,692,217748,10496,11960,0.1802675585284281,0.06592987804878049,1,1,10496.0,2096,0.19969512195121952,0.09984756097560976,1.0,0.9999975083189356,0.1875,0.8125,0.2421875,0.49677499999999997,3,13,['high_quality'],high_quality,Medium_Dice (25-75%)
20160321_185557_1921_1081,0.7895406999592812,0.6522653838363022,0.7468169298461658,0.8374493528483028,8681,2943,1685,217091,10366,11624,0.25318306951135583,0.16255064634381633,1,1,10366.0,1930,0.18618560679143353,0.09309280339571677,1.0,0.9999981729942089,0.25,0.75,0.1875,0.49651249999999997,4,12,['boundary_margin_error'],boundary_margin_error,Medium_Dice (25-75%)
20160321_185557_1921_361,0.7425237050236957,0.5904872385985517,0.6018524596979226,0.9690111042104589,9162,6061,293,214884,9455,15223,0.3981475399067201,0.030988894764674774,2,1,4727.5,2665,0.28186144896879956,0.14093072448439978,0.5,0.9999982508331066,0.375,0.625,0.15625,0.49615,6,10,['boundary_margin_error'],boundary_margin_error,Medium_Dice (25-75%)
20160321_185557_1921_721,0.9060495390644597,0.8282363520278709,0.9046287546175595,0.9074747930757809,23941,2524,2441,201494,26382,26465,0.09537124504061968,0.0925252065802441,1,3,26382.0,3311,0.1255022363732848,0.0627511181866424,3.0,0.9999970772531124,0.375,0.625,0.171875,0.495775,6,10,['high_quality'],high_quality,High_Dice (>75%)
20160321_185557_1_361,0.31135719764182695,0.18438310174716624,0.18542944756835975,0.9703049681355942,1209,5311,37,223843,1246,6520,0.8145705521472393,0.02969502407704655,1,3,1246.0,314,0.2520064205457464,0.1260032102728732,3.0,0.9999989927933832,0.375,0.625,0.1875,0.49688750000000004,6,10,"['false_crack_high_fp', 'thin_low_area_failure', 'over_segmentation']",false_crack_high_fp,Low_Dice (<25%)
20160321_185557_1_721,0.8477444990193674,0.7357261460655996,0.7686490811046444,0.9449852340889285,17280,5201,1006,206913,18286,22481,0.23135091855344514,0.05501476539429071,1,1,18286.0,3861,0.21114513835721316,0.10557256917860658,1.0,0.9999950639705474,0.4375,0.5625,0.15625,0.496325,7,9,['boundary_margin_error'],boundary_margin_error,Medium_Dice (25-75%)
20160321_185557_641_721,0.9048004624858761,0.8261512459543088,0.897965743262173,0.9117400219546158,19555,2222,1893,206730,21448,21777,0.10203425632548101,0.08825997762029093,1,2,21448.0,3301,0.1539071242073853,0.07695356210369265,2.0,0.9999944098790651,0.375,0.625,0.1796875,0.49577499999999997,6,10,['high_quality'],high_quality,High_Dice (>75%)
20160324_170347_1281_1,0.878924397522931,0.7840010036619353,0.846393708180052,0.9140556355577517,6243,1133,587,222437,6830,7376,0.15360629067245118,0.08594436310395315,2,1,3415.0,2141,0.31346998535871157,0.15673499267935578,0.5,0.9999954946201626,0.5,0.5,0.15625,0.49662500000000004,8,8,['high_quality'],high_quality,High_Dice (>75%)
20160324_170347_1281_1081,0.8274571874892379,0.7056946481275226,0.8584652122148922,0.7986111100019291,5750,948,1450,222252,7200,6698,0.14153478650343387,0.2013888888888889,1,1,7200.0,2631,0.36541666666666667,0.18270833333333333,1.0,0.9999969936143804,0.4375,0.5625,0.1640625,0.49672499999999997,7,9,['boundary_margin_error'],boundary_margin_error,Medium_Dice (25-75%)
20160324_170347_1281_361,0.808172141004823,0.6780946886794443,0.7200693445644816,0.9208398527375589,7061,2745,607,219987,7668,9806,0.2799306547012033,0.07916014606155451,5,1,1533.6,2600,0.33907146583202924,0.16953573291601462,0.2,0.9999962357660543,0.3125,0.6875,0.15625,0.4962,5,11,"['complex_topology', 'boundary_margin_error']",complex_topology,Medium_Dice (25-75%)
20160324_170347_1281_721,0.7456428128226149,0.5944421736048695,0.7839818898523425,0.7108787012893376,7273,2004,2958,218165,10231,9277,0.21601810930257626,0.28912129801583425,1,1,10231.0,4382,0.4283061284331932,0.2141530642165966,1.0,0.9999998110064148,0.5625,0.4375,0.15625,0.4962375,9,7,['boundary_margin_error'],boundary_margin_error,Medium_Dice (25-75%)
20160324_170347_641_1,0.7109616668312554,0.551544239249699,0.5697348554219986,0.9452789665762554,2643,1996,153,225608,2796,4639,0.4302651433498599,0.05472103004291846,1,2,2796.0,2183,0.780758226037196,0.390379113018598,2.0,0.9999963871380702,0.5625,0.4375,0.1640625,0.49658749999999996,9,7,['moderate_general_error'],moderate_general_error,Low_Dice (<25%)
20160324_170347_641_361,0.7436521055125478,0.5919157494317551,0.6187469635442011,0.9317406120630409,3822,2355,280,223943,4102,6177,0.38125303545410394,0.06825938566552901,3,2,1367.3333333333333,2940,0.7167235494880546,0.3583617747440273,0.6666666666666666,0.9999990564081386,0.5,0.5,0.15625,0.495975,8,8,['boundary_margin_error'],boundary_margin_error,Medium_Dice (25-75%)
20160324_170347_641_721,0.8080937838315501,0.6779843689625858,0.7373974187063381,0.8937833005549438,2516,896,299,226689,2815,3412,0.26260257913247365,0.10621669626998224,1,1,2815.0,1498,0.5321492007104796,0.2660746003552398,1.0,0.9999954424794958,0.4375,0.5625,0.1640625,0.49655,7,9,['boundary_margin_error'],boundary_margin_error,Medium_Dice (25-75%)
20160326_141808_1281_1,0.25794979052515715,0.1480725349488741,0.24367588884649036,0.27399999939111114,1233,3827,3267,222073,4500,5060,0.7563241106719367,0.726,4,9,1125.0,1265,0.2811111111111111,0.14055555555555554,2.25,0.99999818483717,0.5,0.5,0.2109375,0.49742499999999995,8,8,"['missed_crack_high_fn', 'false_crack_high_fp', 'thin_low_area_failure']",missed_crack_high_fn,Low_Dice (<25%)
20160326_141808_641_1,0.8793969812420561,0.7847533573635773,0.8052147177514208,0.9686346774111192,1050,254,34,229062,1084,1304,0.19478527607361965,0.03136531365313653,1,3,1084.0,178,0.16420664206642066,0.08210332103321033,3.0,0.9999957166640685,0.625,0.375,0.21875,0.497975,10,6,['high_quality'],high_quality,High_Dice (>75%)
20160326_141808_641_361,0.76973367908387,0.6256642695954484,0.6916033166105707,0.8677650109822621,8006,3570,1220,217604,9226,11576,0.3083966827919834,0.1322349880771732,1,1,9226.0,1956,0.21200953826143507,0.10600476913071753,1.0,0.9999947427727733,0.625,0.375,0.2109375,0.4971875,10,6,['boundary_margin_error'],boundary_margin_error,Medium_Dice (25-75%)
20160326_141808_641_721,0.4396887155813833,0.28179551091640953,0.5337851703968265,0.3737954834261535,2599,2270,4354,221177,6953,4869,0.4662148285068803,0.6262045160362434,4,5,1738.25,1926,0.27700273263339564,0.13850136631669782,1.25,0.9999927533776294,0.5625,0.4375,0.1796875,0.49741250000000004,9,7,['thin_low_area_failure'],thin_low_area_failure,Low_Dice (<25%)
20160326_142521_1281_1,0.4413166853340995,0.2831342846758416,0.9025069616933451,0.29206730747290616,3888,420,9424,216668,13312,4308,0.09749303621169916,0.7079326923076923,1,3,13312.0,1582,0.11884014423076923,0.059420072115384616,3.0,0.999997072401958,0.5625,0.4375,0.1875,0.49735,9,7,['missed_crack_high_fn'],missed_crack_high_fn,Low_Dice (<25%)
20160326_142521_1281_1081,0.412302283985409,0.2596856314817675,0.4879367700169019,0.3569689581346045,1173,1231,2113,225883,3286,2404,0.512063227953411,0.6430310407790627,2,3,1643.0,933,0.2839318320146074,0.1419659160073037,1.5,0.9999974455409595,0.5,0.5,0.1875,0.49716249999999995,8,8,['thin_low_area_failure'],thin_low_area_failure,Low_Dice (<25%)
20160326_142521_1281_361,0.6896415127156259,0.5262998785506854,0.8867572141141643,0.5642216694779932,5223,667,4034,220476,9257,5890,0.1132427843803056,0.43577832991249865,1,4,9257.0,1801,0.19455547153505456,0.09727773576752728,4.0,0.999995415738953,0.5,0.5,0.1796875,0.4971625,8,8,['fragmented_prediction'],fragmented_prediction,Low_Dice (<25%)
20160326_142521_1281_721,0.6800662613583289,0.5152275765434843,0.8798399758824975,0.5542255417566145,6158,841,4953,218448,11111,6999,0.12016002286040862,0.44577445774457747,1,3,11111.0,1846,0.16614166141661416,0.08307083070830708,3.0,0.9999947573764009,0.5,0.5,0.1796875,0.4968125,8,8,['moderate_general_error'],moderate_general_error,Low_Dice (<25%)
20160326_142521_641_1,0.0,0.0,0.0,0.0,0,805,1355,228240,1355,805,1.0,1.0,1,4,1355.0,291,0.21476014760147602,0.10738007380073801,4.0,0.999998176469556,0.5,0.5,0.1796875,0.4968125,8,8,"['missed_crack_high_fn', 'false_crack_high_fp', 'thin_low_area_failure', 'fragmented_prediction']",missed_crack_high_fn,Low_Dice (<25%)
20160326_142521_641_1081,0.0,0.0,0.0,0.0,0,1766,2487,226147,2487,1766,1.0,1.0,2,2,1243.5,797,0.32046642541214315,0.16023321270607158,1.0,0.9999971044481167,0.4375,0.5625,0.1953125,0.4971625,7,9,"['missed_crack_high_fn', 'false_crack_high_fp', 'thin_low_area_failure']",missed_crack_high_fn,Low_Dice (<25%)
20160326_142745_1281_1081,0.7846439618766019,0.6456083133368488,0.8881412927161724,0.702750663924688,3168,399,1340,225493,4508,3567,0.1118587047939445,0.2972493345164153,2,1,2254.0,1217,0.2699645075421473,0.13498225377107365,0.5,0.9999964425829163,0.5,0.5,0.15625,0.49755,8,8,['boundary_margin_error'],boundary_margin_error,Medium_Dice (25-75%)
20160326_142745_1281_361,0.2866346908965318,0.16729339001646745,0.9083484532289089,0.17016574571171633,2002,202,9763,218433,11765,2204,0.09165154264972777,0.8298342541436464,1,1,11765.0,1303,0.11075223119422015,0.05537611559711007,1.0,0.9999982549138213,0.5,0.5,0.15625,0.49734999999999996,8,8,['missed_crack_high_fn'],missed_crack_high_fn,Low_Dice (<25%)
20160326_142745_1281_721,0.7217290619060437,0.5646135262859232,0.8745128598016267,0.6143905373921856,11220,1610,7042,210528,18262,12830,0.1254871395167576,0.3856094622713832,1,2,18262.0,3193,0.17484393823239514,0.08742196911619757,2.0,0.9999986772916949,0.4375,0.5625,0.171875,0.4960875,7,9,['boundary_margin_error'],boundary_margin_error,Medium_Dice (25-75%)
20160326_142745_1921_1081,0.6452380946472179,0.47627416455823424,0.7573086828088808,0.5620612626642291,3523,1129,2745,223003,6268,4652,0.24269131556319862,0.4379387364390555,2,1,3134.0,2013,0.3211550733886407,0.16057753669432034,0.5,0.9999988048241661,0.5625,0.4375,0.15625,0.4971875,9,7,['moderate_general_error'],moderate_general_error,Low_Dice (<25%)
20160326_142745_1_1,0.5524278359577409,0.38162369357470866,0.9228468885722984,0.3942006767617036,6172,516,9485,214227,15657,6688,0.07715311004784689,0.6057993229865236,1,1,15657.0,3472,0.2217538481190522,0.1108769240595261,1.0,0.9999984057933848,0.5,0.5,0.1484375,0.4965375,8,8,['moderate_general_error'],moderate_general_error,Low_Dice (<25%)
20160326_142745_641_361,0.8368371994519372,0.7194497615102837,0.9000835416875057,0.7818955920548185,16161,1794,4508,207937,20669,17955,0.09991645781119465,0.21810440756688762,1,1,20669.0,4010,0.19401035366974698,0.09700517683487349,1.0,0.9999982291726415,0.5625,0.4375,0.15625,0.4968125,9,7,['boundary_margin_error'],boundary_margin_error,Medium_Dice (25-75%)
20160328_151020_1281_361,0.5990445115943123,0.4275971053698756,0.4476858098803998,0.90502596522751,10282,12685,1079,206354,11361,22967,0.5523141899246745,0.0949740339758824,6,1,1893.5,3906,0.3438077634011091,0.17190388170055454,0.16666666666666666,0.9999971096010583,0.4375,0.5625,0.203125,0.4958125,7,9,"['over_segmentation', 'complex_topology']",over_segmentation,Low_Dice (<25%)
20160328_151020_1921_361,0.5336651137022467,0.3639449069166325,0.3744062358920035,0.9287009054091633,9222,15409,708,205061,9930,24631,0.6255937639559904,0.07129909365558912,1,1,9930.0,4010,0.4038267875125881,0.20191339375629405,1.0,0.999996409626025,0.3125,0.6875,0.1875,0.4956,5,11,['over_segmentation'],over_segmentation,Low_Dice (<25%)
20160328_151020_1_1,0.6769867461163531,0.5117006531333594,0.5510874198076386,0.8774443231413334,12923,10527,1805,205145,14728,23450,0.44891257995735606,0.12255567626290059,1,1,14728.0,4702,0.3192558392178164,0.1596279196089082,1.0,0.9999969984710909,0.3125,0.6875,0.2109375,0.495925,5,11,['moderate_general_error'],moderate_general_error,Low_Dice (<25%)
20160328_151020_1_361,0.3811414389357381,0.23543838115491078,0.23674475934759137,0.9770992330894247,2688,8666,63,218983,2751,11354,0.7632552404438965,0.022900763358778626,1,2,2751.0,1264,0.45946928389676484,0.22973464194838242,2.0,0.9999945603673233,0.5,0.5,0.1640625,0.49626249999999994,8,8,"['false_crack_high_fp', 'thin_low_area_failure', 'over_segmentation']",false_crack_high_fp,Low_Dice (<25%)
20160328_151020_641_361,0.5575531167137272,0.3865328582800046,0.4083168043168615,0.8787165132783096,5970,8651,824,214955,6794,14621,0.5916831954038712,0.1212834854283191,5,3,1358.8,2741,0.4034442154842508,0.2017221077421254,0.6,0.9999963004709252,0.1875,0.8125,0.2265625,0.49602500000000005,3,13,"['over_segmentation', 'complex_topology']",over_segmentation,Low_Dice (<25%)
20160328_151020_641_721,0.7229953373232034,0.5661649941102759,0.6363636359649373,0.8369314429491337,10157,5804,1979,212460,12136,15961,0.36363636363636365,0.1630685563612393,1,3,12136.0,3877,0.3194627554383652,0.1597313777191826,3.0,0.9999882319816323,0.375,0.625,0.203125,0.49560000000000004,6,10,['boundary_margin_error'],boundary_margin_error,Medium_Dice (25-75%)
20160328_151057_1281_1,0.8178287038086729,0.691802200276323,0.76941348297202,0.8727461121808371,4211,1262,614,224313,4825,5473,0.23058651562214508,0.1272538860103627,3,1,1608.3333333333333,1961,0.40642487046632125,0.20321243523316063,0.3333333333333333,0.9999944203065143,0.3125,0.6875,0.203125,0.49698749999999997,5,11,['boundary_margin_error'],boundary_margin_error,Medium_Dice (25-75%)
20160328_151057_1281_1081,0.5342354528333465,0.36447562732093103,0.3819166769225891,0.8886554595178408,2961,4792,371,222276,3332,7753,0.6180833225848059,0.11134453781512606,4,4,833.0,2058,0.6176470588235294,0.3088235294117647,1.0,0.9999985751003952,0.3125,0.6875,0.1953125,0.49634999999999996,5,11,"['thin_low_area_failure', 'over_segmentation']",thin_low_area_failure,Low_Dice (<25%)
20160328_151057_1281_361,0.8258474898566074,0.7033562358570874,0.7567529133398452,0.9088270430103688,5323,1711,534,222832,5857,7034,0.2432470855843048,0.0911729554379375,2,1,2928.5,2153,0.3675943315690627,0.18379716578453134,0.5,0.9999965888276027,0.3125,0.6875,0.203125,0.49670000000000003,5,11,['boundary_margin_error'],boundary_margin_error,Medium_Dice (25-75%)
20160328_151057_1281_721,0.8150491607533733,0.6878337343273826,0.8436496719894377,0.7883242330423447,13139,2435,3528,211298,16667,15574,0.15635032746885835,0.21167576648467032,2,3,8333.5,5496,0.32975340493190136,0.16487670246595068,1.5,0.9999978283710884,0.3125,0.6875,0.21875,0.4956,5,11,['boundary_margin_error'],boundary_margin_error,Medium_Dice (25-75%)
20160328_151057_1921_721,0.8283720263835294,0.707026500764222,0.8950446281983743,0.7709437957131992,8724,1023,2592,218061,11316,9747,0.10495537088334872,0.22905620360551432,1,1,11316.0,3174,0.2804878048780488,0.1402439024390244,1.0,0.9999975826755296,0.3125,0.6875,0.234375,0.49618750000000006,5,11,['boundary_margin_error'],boundary_margin_error,Medium_Dice (25-75%)
20160328_151057_641_1081,0.7351137107340627,0.581169799192525,0.6410467402221087,0.8615350567097212,3895,2181,626,223698,4521,6076,0.35895325872284395,0.1384649413846494,2,1,2260.5,2225,0.49214775492147755,0.24607387746073878,0.5,0.999997981028847,0.375,0.625,0.1796875,0.496675,6,10,['boundary_margin_error'],boundary_margin_error,Medium_Dice (25-75%)
20160328_151057_641_721,0.7815682274426611,0.6414542406443039,0.7451456298622239,0.8217344739083967,4605,1575,999,223221,5604,6180,0.25485436893203883,0.17826552462526768,2,1,2802.0,1913,0.3413633119200571,0.17068165596002854,0.5,0.9999974050426104,0.4375,0.5625,0.171875,0.49708749999999996,7,9,['boundary_margin_error'],boundary_margin_error,Medium_Dice (25-75%)
20160328_151244_1281_1081,0.8812295835327016,0.7876768732545942,0.8071655986776763,0.9702586798680045,21042,5027,645,203686,21687,26069,0.19283440101269708,0.029741319684603678,1,2,21687.0,1886,0.08696454096924425,0.043482270484622124,2.0,0.9999882837361159,0.375,0.625,0.1796875,0.496625,6,10,['high_quality'],high_quality,High_Dice (>75%)
20160328_151244_1281_361,0.8964081849493254,0.8122642563348156,0.8856945062973105,0.9073842299093099,21750,2807,2220,203623,23970,24557,0.1143054933420206,0.09261576971214018,1,1,23970.0,3379,0.14096787651230705,0.07048393825615352,1.0,0.999995687084192,0.3125,0.6875,0.1796875,0.49617500000000003,5,11,['high_quality'],high_quality,High_Dice (>75%)
20160328_151244_1281_721,0.8436035485271919,0.7295106686402942,0.8327667080877982,0.8547261482211294,38702,7772,6578,177348,45280,46474,0.16723329173301202,0.145273851590106,6,4,7546.666666666667,6598,0.1457155477031802,0.0728577738515901,0.6666666666666666,0.9999931741137214,0.375,0.625,0.15625,0.495525,6,10,"['complex_topology', 'boundary_margin_error']",complex_topology,Medium_Dice (25-75%)
20160328_151244_1921_1081,0.7270134222088813,0.5711084742703196,0.7722331121507163,0.6867966386324352,4333,1278,1976,222813,6309,5611,0.22776688647299947,0.31320336027896656,3,2,2103.0,1675,0.26549373910286894,0.13274686955143447,0.6666666666666666,0.9999937928791343,0.5625,0.4375,0.140625,0.4976625,9,7,['boundary_margin_error'],boundary_margin_error,Medium_Dice (25-75%)
20160328_151244_1921_361,0.8751908023651082,0.7780793437725704,0.9136773577969495,0.8398155070930517,26948,2546,5140,195766,32088,29494,0.08632264189326642,0.16018449264522563,2,1,16044.0,3054,0.09517576664173523,0.047587883320867615,0.5,0.9999972919626422,0.375,0.625,0.171875,0.4963125,6,10,['high_quality'],high_quality,High_Dice (>75%)
20160328_151244_1921_721,0.8837051765745575,0.7916413818554093,0.8405420570655452,0.9315412431917763,40441,7672,2972,179315,43413,48113,0.15945794275975309,0.06845875659364706,4,2,10853.25,5681,0.1308594199894041,0.06542970999470205,0.5,0.999997368543098,0.4375,0.5625,0.15625,0.4961125,7,9,['high_quality'],high_quality,High_Dice (>75%)
20160328_151244_1_1,0.8615949669330529,0.7568439543980693,0.896002722498959,0.8297320956646009,23693,2750,4862,199095,28555,26443,0.10399727716219793,0.17026790404482578,1,1,28555.0,4036,0.1413412712309578,0.0706706356154789,1.0,0.9999922610782355,0.4375,0.5625,0.140625,0.49668750000000006,7,9,['high_quality'],high_quality,Medium_Dice (25-75%)
20160328_151244_1_1081,0.8374280493911077,0.7203236315416935,0.8671318492991251,0.809691868047113,5965,914,1402,222119,7367,6879,0.13286814944032563,0.19030813085380752,1,1,7367.0,1519,0.20618976516899687,0.10309488258449843,1.0,0.9999890315646911,0.6875,0.3125,0.15625,0.49846250000000003,11,5,['boundary_margin_error'],boundary_margin_error,Medium_Dice (25-75%)
20160328_151244_1_721,0.8912042763720228,0.8037587604108036,0.8719128325075483,0.9113686976557154,18005,2645,1751,207999,19756,20650,0.12808716707021792,0.08863130188297226,1,1,19756.0,2941,0.14886616724033205,0.07443308362016603,1.0,0.999992777383802,0.5,0.5,0.1484375,0.49725,8,8,['high_quality'],high_quality,High_Dice (>75%)
20160328_151244_641_1,0.8919425642738378,0.80496058734474,0.8914941263807787,0.8923914531306257,19505,2374,2352,206169,21857,21879,0.10850587321175556,0.10760854646108799,1,3,21857.0,3341,0.15285720821704718,0.07642860410852359,3.0,0.9999934975588629,0.375,0.625,0.15625,0.4965375,6,10,['high_quality'],high_quality,High_Dice (>75%)
20160328_151244_641_361,0.8914604028910984,0.8041755163424466,0.8681767332952032,0.9160273805523266,15523,2357,1423,211097,16946,17880,0.13182326621923937,0.08397261890711673,1,1,16946.0,2183,0.12882096069868995,0.06441048034934498,1.0,0.9999909010852713,0.5,0.5,0.1796875,0.4971375,8,8,['high_quality'],high_quality,High_Dice (>75%)
20160328_151244_641_721,0.887257601860624,0.7973611892062469,0.8843852938388578,0.8901486278791637,46715,6107,5765,171813,52480,52822,0.11561470599371473,0.10985137195121951,1,1,52480.0,5253,0.1000952743902439,0.05004763719512195,1.0,0.9999919420333576,0.4375,0.5625,0.1796875,0.49587500000000007,7,9,['high_quality'],high_quality,High_Dice (>75%)
20160328_151752_1281_361,0.740120419102014,0.5874533013500299,0.7934469195324726,0.693510509941285,12108,3152,5351,209789,17459,15260,0.20655307994757535,0.30648948966149264,2,1,8729.5,2428,0.13906867518185462,0.06953433759092731,0.5,0.9999961408054638,0.4375,0.5625,0.1796875,0.49605,7,9,['boundary_margin_error'],boundary_margin_error,Medium_Dice (25-75%)
20160328_151752_1281_721,0.8059313606925542,0.6749455886890979,0.8847121985488972,0.7400336879000089,5272,687,1852,222589,7124,5959,0.11528779996643732,0.25996631106120155,1,2,7124.0,1432,0.20101066816395283,0.10050533408197641,2.0,0.9999983723314222,0.5625,0.4375,0.15625,0.4965875,9,7,['boundary_margin_error'],boundary_margin_error,Medium_Dice (25-75%)
20160328_151752_1921_721,0.7716843484289497,0.6282459622182164,0.8918559493101463,0.680051918276932,16766,2033,7888,203713,24654,18799,0.108144050215437,0.31994808144722964,4,1,6163.5,4532,0.18382412590249048,0.09191206295124524,0.25,0.9999977250832925,0.375,0.625,0.15625,0.496175,6,10,['boundary_margin_error'],boundary_margin_error,Medium_Dice (25-75%)
20160328_151752_1_361,0.7453186863310652,0.5940302754263607,0.6381525282228016,0.8957423964967854,12518,7098,1457,209327,13975,19616,0.361847471451876,0.10425760286225402,1,1,13975.0,2708,0.19377459749552772,0.09688729874776386,1.0,0.9999989433950642,0.4375,0.5625,0.1640625,0.49600000000000005,7,9,['boundary_margin_error'],boundary_margin_error,Medium_Dice (25-75%)
20160328_151752_1_721,0.46955759862120544,0.30681167628273703,0.3071633229021108,0.9962825186219098,1072,2418,4,226906,1076,3490,0.692836676217765,0.0037174721189591076,5,2,215.2,573,0.5325278810408922,0.2662639405204461,0.4,0.9999979934697292,0.5625,0.4375,0.1875,0.4969625,9,7,"['false_crack_high_fp', 'thin_low_area_failure', 'over_segmentation', 'complex_topology']",false_crack_high_fp,Low_Dice (<25%)
20160328_151752_641_361,0.7844624275642861,0.6453625501615451,0.7600358419533889,0.8105112275152837,16964,5356,3966,204114,20930,22320,0.2399641577060932,0.18948877209746776,5,1,4186.0,3827,0.18284758719541327,0.09142379359770664,0.2,0.9999973824772781,0.3125,0.6875,0.1875,0.49607500000000004,5,11,"['complex_topology', 'boundary_margin_error']",complex_topology,Medium_Dice (25-75%)
20160328_152022_1281_721,0.9024829297171814,0.8222951188218157,0.8524272980615538,0.9587839616991612,29078,5034,1250,195038,30328,34112,0.14757270168855535,0.04121603798470061,1,1,30328.0,3008,0.09918227380638354,0.04959113690319177,1.0,0.9999970310781243,0.25,0.75,0.203125,0.4954875,4,12,['high_quality'],high_quality,High_Dice (>75%)
20160328_152022_1921_1,0.8308587168575648,0.7106572394949313,0.7536795327652693,0.9256480207757526,8142,2661,654,218943,8796,10803,0.24632046653707304,0.07435197817189632,1,2,8796.0,850,0.09663483401546158,0.04831741700773079,2.0,0.999998715007132,0.375,0.625,0.171875,0.49660000000000004,6,10,['boundary_margin_error'],boundary_margin_error,Medium_Dice (25-75%)
20160328_152022_1921_361,0.7574610100426885,0.609607437806609,0.6769271946019704,0.8597445481716554,17703,8449,2888,201360,20591,26152,0.3230728051391863,0.14025545141081056,3,4,6863.666666666667,3230,0.15686464960419602,0.07843232480209801,1.3333333333333333,0.9999995924191352,0.3125,0.6875,0.1796875,0.49545000000000006,5,11,['boundary_margin_error'],boundary_margin_error,Medium_Dice (25-75%)
20160328_152022_1921_721,0.8654289195169044,0.7627806969559001,0.8044847561900691,0.9363636354483249,9579,2328,651,217842,10230,11907,0.19551524313429075,0.06363636363636363,1,1,10230.0,1710,0.16715542521994134,0.08357771260997067,1.0,0.9999985605688194,0.375,0.625,0.140625,0.4968125,6,10,['high_quality'],high_quality,Medium_Dice (25-75%)
20160328_152022_1_1081,0.7084642573112411,0.5485440579726724,0.5843524738119766,0.8995137752156667,7215,5132,806,217247,8021,12347,0.4156475257147485,0.10048622366288493,1,3,8021.0,2299,0.28662261563396085,0.14331130781698043,3.0,0.999996032347787,0.3125,0.6875,0.1796875,0.496175,5,11,['moderate_general_error'],moderate_general_error,Low_Dice (<25%)
20160328_152022_1_361,0.7040816315965162,0.5433070853559354,0.5663930454698382,0.9302141120927275,2346,1796,176,226082,2522,4142,0.4336069531627233,0.06978588421887391,2,1,1261.0,818,0.32434575733544807,0.16217287866772404,0.5,0.9999911399012017,0.4375,0.5625,0.1796875,0.4966375,7,9,['moderate_general_error'],moderate_general_error,Low_Dice (<25%)
20160328_152022_1_721,0.7386181986036243,0.5855627517266847,0.6582251760491451,0.8413811696231708,6238,3239,1176,219747,7414,9477,0.34177482325630476,0.15861882924197465,2,3,3707.0,1733,0.23374696520097113,0.11687348260048556,1.5,0.9999924517249806,0.4375,0.5625,0.171875,0.49689999999999995,7,9,['boundary_margin_error'],boundary_margin_error,Medium_Dice (25-75%)
20160328_152022_641_361,0.836251402683431,0.7185842411425478,0.8051653334746243,0.8698342278368935,14902,3606,2230,209662,17132,18508,0.1948346660903393,0.13016577165538173,1,1,17132.0,2760,0.16110203128648143,0.08055101564324071,1.0,0.9999984279232684,0.25,0.75,0.203125,0.49560000000000004,4,12,['boundary_margin_error'],boundary_margin_error,Medium_Dice (25-75%)
20160328_152022_641_721,0.8128654968474849,0.6847290637150771,0.7303223195259562,0.9164447819725848,14456,5338,1318,209288,15774,19794,0.26967768010508236,0.08355521744643084,3,2,5258.0,2652,0.1681247622670217,0.08406238113351085,0.6666666666666666,0.9999983529265553,0.25,0.75,0.1875,0.49568750000000006,4,12,['boundary_margin_error'],boundary_margin_error,Medium_Dice (25-75%)
20160328_152305_1281_361,0.8937845138956102,0.8079660112543994,0.8490429148674352,0.9435038753838736,15214,2705,911,211570,16125,17919,0.1509570846587421,0.056496124031007754,2,2,8062.5,1636,0.10145736434108527,0.05072868217054263,1.0,0.9999981637003209,0.25,0.75,0.203125,0.496325,4,12,['high_quality'],high_quality,High_Dice (>75%)
20160328_152305_1281_721,0.80368760188583,0.6718041233650495,0.6810723240588041,0.9801458968337626,13033,6103,264,211000,13297,19136,0.3189276755852843,0.01985410242911935,2,2,6648.5,1594,0.11987666390915244,0.05993833195457622,1.0,0.9999973246425364,0.3125,0.6875,0.1796875,0.49616249999999995,5,11,['boundary_margin_error'],boundary_margin_error,Medium_Dice (25-75%)
20160328_152305_1921_361,0.8327349261622023,0.7134068728915971,0.7737556558118891,0.9014474620704755,20178,5900,2206,202116,22384,26078,0.22624434389140272,0.09855253752680486,3,2,7461.333333333333,2186,0.0976590421729807,0.04882952108649035,0.6666666666666666,0.9999968995464601,0.1875,0.8125,0.203125,0.4956875,3,13,['boundary_margin_error'],boundary_margin_error,Medium_Dice (25-75%)
20160328_152305_1921_721,0.9256463190072886,0.8615843510230113,0.9007496246472266,0.9519584225174557,15020,1655,758,212967,15778,16675,0.0992503748125937,0.04804157687919888,1,2,15778.0,1312,0.08315375839776905,0.041576879198884524,2.0,0.999997493096542,0.25,0.75,0.203125,0.49570000000000003,4,12,['high_quality'],high_quality,High_Dice (>75%)
20160328_152305_1_361,0.7765791387919876,0.6347604192601302,0.6987515601131389,0.8739167765837171,11194,4826,1615,212765,12809,16020,0.30124843945068663,0.12608322273401515,1,1,12809.0,3367,0.26286205012100866,0.13143102506050433,1.0,0.999998218430404,0.375,0.625,0.15625,0.49615,6,10,['boundary_margin_error'],boundary_margin_error,Medium_Dice (25-75%)
20160328_152305_641_361,0.7668442949241389,0.6218552059303527,0.6768249464101379,0.884482612709874,10505,5016,1372,213507,11877,15521,0.32317505315379164,0.11551738654542393,2,2,5938.5,2578,0.2170581796750021,0.10852908983750105,1.0,0.999998966695264,0.375,0.625,0.15625,0.49651249999999997,6,10,['boundary_margin_error'],boundary_margin_error,Medium_Dice (25-75%)
20160328_152305_641_721,0.7857481283081237,0.6471047289499358,0.7295442544740699,0.8513347018216968,16584,6148,2896,204772,19480,22732,0.2704557452049974,0.1486652977412731,2,3,9740.0,2953,0.15159137577002055,0.07579568788501027,1.5,0.9999960970726902,0.375,0.625,0.1953125,0.495825,6,10,['boundary_margin_error'],boundary_margin_error,Medium_Dice (25-75%)
20160328_152511_1281_361,0.6969791016465037,0.5348947990989323,0.5843018208288796,0.8634965382421219,6737,4793,1065,217805,7802,11530,0.4156981786643539,0.1365034606511151,3,3,2600.6666666666665,2301,0.2949243783645219,0.14746218918226095,1.0,0.9999973812561026,0.3125,0.6875,0.2109375,0.49634999999999996,5,11,['moderate_general_error'],moderate_general_error,Low_Dice (<25%)
20160328_152511_1281_721,0.8262567099184507,0.7039501029744282,0.7275461957777594,0.9559570845925898,5079,1902,234,223185,5313,6981,0.2724538031800602,0.044042913608131,1,1,5313.0,1252,0.23564840956145303,0.11782420478072651,1.0,0.9999977961436239,0.375,0.625,0.1953125,0.49648749999999997,6,10,['boundary_margin_error'],boundary_margin_error,Medium_Dice (25-75%)
20160328_152511_1921_361,0.7339534880617533,0.5797207931469369,0.6758819401324804,0.8029419920409455,8679,4162,2130,215429,10809,12841,0.3241180593411728,0.19705800721620872,2,2,5404.5,1974,0.1826255897862892,0.0913127948931446,1.0,0.9999948642227412,0.25,0.75,0.21875,0.49595,4,12,['boundary_margin_error'],boundary_margin_error,Medium_Dice (25-75%)
20160328_152511_1921_721,0.4709013480563331,0.3079600831887212,0.7710633330300309,0.33895274541640774,2654,788,5176,221782,7830,3442,0.22893666472980825,0.6610472541507024,1,2,7830.0,1447,0.18480204342273307,0.09240102171136653,2.0,0.9999964108784067,0.375,0.625,0.1875,0.4966,6,10,"['missed_crack_high_fn', 'thin_low_area_failure']",missed_crack_high_fn,Low_Dice (<25%)
20160328_152511_1_361,0.6515082264429052,0.483138450837068,0.5506341334252017,0.7976312591647569,8553,6980,2170,212697,10723,15533,0.44936586622030517,0.20236874009139233,1,1,10723.0,3459,0.3225776368553576,0.1612888184276788,1.0,0.9999972175281472,0.3125,0.6875,0.1875,0.49536250000000004,5,11,['moderate_general_error'],moderate_general_error,Low_Dice (<25%)
20160328_152511_641_361,0.7847913901801501,0.6458079574473163,0.6532340859069641,0.9827013661420176,12725,6755,224,210696,12949,19480,0.3467659137577002,0.01729863309908101,1,1,12949.0,2798,0.21607846165727082,0.10803923082863541,1.0,0.9999977739032007,0.25,0.75,0.203125,0.49568749999999995,4,12,['boundary_margin_error'],boundary_margin_error,Medium_Dice (25-75%)
20160328_152511_641_721,0.6807583336658132,0.5160224627815577,0.5556741353408959,0.8785151806607695,1562,1249,216,227373,1778,2811,0.44432586268231944,0.12148481439820022,1,2,1778.0,514,0.2890888638920135,0.14454443194600675,2.0,0.9999972236302547,0.375,0.625,0.171875,0.4972625,6,10,['moderate_general_error'],moderate_general_error,Low_Dice (<25%)
20160328_152747_1281_361,0.7937711792828097,0.6580602002287222,0.7604545097314258,0.830140915677883,9838,3099,2013,215450,11851,12937,0.23954548968076061,0.1698590836216353,2,2,5925.5,3166,0.26715045143869715,0.13357522571934857,1.0,0.9999983594234005,0.3125,0.6875,0.1796875,0.49593750000000003,5,11,['boundary_margin_error'],boundary_margin_error,Medium_Dice (25-75%)
20160328_152747_1281_721,0.7235176532899897,0.5668058435392976,0.6011070088520036,0.9085331795396923,1629,1081,164,227526,1793,2710,0.3988929889298893,0.09146681539319576,1,1,1793.0,390,0.21751254880089235,0.10875627440044618,1.0,0.9999985222250982,0.25,0.75,0.1796875,0.496575,4,12,['boundary_margin_error'],boundary_margin_error,Medium_Dice (25-75%)
20160328_152747_1921_361,0.7915585944377627,0.6550243899243784,0.8290424147502362,0.7573176917504271,13428,2769,4303,209900,17731,16197,0.17095758473791442,0.24268230782245784,1,1,17731.0,3321,0.18729908070610796,0.09364954035305398,1.0,0.9999986825311432,0.25,0.75,0.203125,0.4959125,4,12,['boundary_margin_error'],boundary_margin_error,Medium_Dice (25-75%)
20160328_152747_1_361,0.7687687684567938,0.6243902434908436,0.6787531345906462,0.8863104698359592,9472,4483,1215,215230,10687,13955,0.32124686492296667,0.11368952933470572,1,1,10687.0,2884,0.26986057827266774,0.13493028913633387,1.0,0.9999992257262481,0.5625,0.4375,0.171875,0.49602500000000005,9,7,['boundary_margin_error'],boundary_margin_error,Medium_Dice (25-75%)
20160328_152747_641_361,0.7570568559340947,0.6090840595150769,0.6805772695847401,0.8529012804424255,11318,5312,1952,211818,13270,16630,0.31942273000601323,0.14709871891484552,1,1,13270.0,3624,0.27309721175584023,0.13654860587792012,1.0,0.9999986243191111,0.5625,0.4375,0.140625,0.4960625,9,7,['boundary_margin_error'],boundary_margin_error,Medium_Dice (25-75%)
20160328_153548_1281_1081,0.6861258503179459,0.5222158077194703,0.6581818133950413,0.716547896147681,905,470,358,228667,1263,1375,0.3418181818181818,0.283452098178939,1,2,1263.0,218,0.1726049089469517,0.08630245447347586,2.0,0.999995428640424,0.4375,0.5625,0.15625,0.49715000000000004,7,9,['boundary_margin_error'],boundary_margin_error,Low_Dice (<25%)
20160328_153548_1281_361,0.8668452773832249,0.7649840397624021,0.9502202629218499,0.7969211812845799,6471,339,1649,221941,8120,6810,0.04977973568281938,0.20307881773399014,1,2,8120.0,1052,0.12955665024630542,0.06477832512315271,2.0,0.999998506265049,0.4375,0.5625,0.15625,0.4965375,7,9,['high_quality'],high_quality,Medium_Dice (25-75%)
20160328_153548_1281_721,0.8164216247213192,0.6897909270512717,0.818893176780479,0.8139649465707169,23128,5115,5286,196871,28414,28243,0.18110682292957547,0.18603505314281693,3,3,9471.333333333334,4591,0.161575279791652,0.080787639895826,1.0,0.9999963127721216,0.3125,0.6875,0.203125,0.4951499999999999,5,11,['boundary_margin_error'],boundary_margin_error,Medium_Dice (25-75%)
20160328_153548_1921_361,0.9084268193848807,0.832217972663058,0.9155585599011655,0.901405324777067,12187,1124,1333,215756,13520,13311,0.08444143941101345,0.09859467455621301,1,1,13520.0,1494,0.11050295857988165,0.05525147928994083,1.0,0.9999990584430445,0.375,0.625,0.15625,0.49641250000000003,6,10,['high_quality'],high_quality,High_Dice (>75%)
20160328_153548_1921_721,0.9010237021878469,0.8198754640856305,0.8877229225273364,0.9147291159646316,16327,2065,1522,210486,17849,18392,0.11227707698999564,0.08527088352288643,2,1,8924.5,2779,0.15569499691859487,0.07784749845929743,0.5,0.9999993062880002,0.3125,0.6875,0.1953125,0.4958,5,11,['high_quality'],high_quality,High_Dice (>75%)
20160328_153548_1_1,0.7895860874632395,0.6523273396688257,0.8390792170976552,0.7456064531136049,15528,2978,5298,206596,20826,18506,0.16092078244893548,0.254393546528378,1,1,20826.0,3686,0.1769903005858062,0.0884951502929031,1.0,0.9999976443699958,0.5,0.5,0.15625,0.49621250000000006,8,8,['boundary_margin_error'],boundary_margin_error,Medium_Dice (25-75%)
20160328_153548_1_1081,0.7466539195751029,0.5957284514122225,0.7431018075664124,0.7502401534581363,23430,8100,7800,191070,31230,31530,0.25689819219790677,0.24975984630163303,1,1,31230.0,4278,0.13698366954851104,0.06849183477425552,1.0,0.9999975837070048,0.3125,0.6875,0.1953125,0.495475,5,11,['boundary_margin_error'],boundary_margin_error,Medium_Dice (25-75%)
20160328_153548_641_1,0.7973584215692433,0.663005866311109,0.7506387314756622,0.8502797591158021,4407,1464,776,223753,5183,5871,0.24936126724578436,0.14972023924368127,1,2,5183.0,1078,0.20798765193903146,0.10399382596951573,2.0,0.9999948228386182,0.5,0.5,0.1640625,0.4968375,8,8,['boundary_margin_error'],boundary_margin_error,Medium_Dice (25-75%)
20160328_153548_641_1081,0.7214318492774796,0.5642498202929564,0.6823962000498461,0.7652044434971914,13362,6219,4100,206719,17462,19581,0.3176037996016547,0.2347955560645974,1,1,17462.0,3550,0.2032985912266636,0.1016492956133318,1.0,0.9999992579457815,0.3125,0.6875,0.1796875,0.49573749999999994,5,11,['boundary_margin_error'],boundary_margin_error,Medium_Dice (25-75%)
20160328_153548_641_361,0.6588253029790958,0.49123004217311667,0.589927085349815,0.745945021775747,4369,3037,1488,221506,5857,7406,0.4100729138536322,0.2540549769506573,10,3,585.7,2268,0.38722895680382446,0.19361447840191223,0.3,0.9999988248412853,0.3125,0.6875,0.1953125,0.4958,5,11,['complex_topology'],complex_topology,Low_Dice (<25%)
20160328_153548_641_721,0.7966107152947548,0.6619725847815525,0.8217347950669759,0.7729773660291501,12363,2682,3631,211724,15994,15045,0.1782652043868395,0.22702263348755783,2,2,7997.0,3223,0.2015130674002751,0.10075653370013755,1.0,0.9999985247369334,0.375,0.625,0.1875,0.495475,6,10,['boundary_margin_error'],boundary_margin_error,Medium_Dice (25-75%)
20160328_153604_1281_1,0.6451692914267833,0.476199193998353,0.5022689963287931,0.9017160670797087,5202,5155,567,219476,5769,10357,0.49773100318625085,0.09828393135725429,1,1,5769.0,1772,0.3071589530247877,0.15357947651239384,1.0,0.999992179185249,0.4375,0.5625,0.1640625,0.49672499999999997,7,9,['moderate_general_error'],moderate_general_error,Low_Dice (<25%)
20160328_153604_1281_361,0.7908424092045891,0.654044117346487,0.7463030934733597,0.8410353381154501,14232,4838,2690,208640,16922,19070,0.25369690613529106,0.15896466138754284,1,1,16922.0,3158,0.18662096678879564,0.09331048339439782,1.0,0.9999950346602811,0.4375,0.5625,0.15625,0.49615,7,9,['boundary_margin_error'],boundary_margin_error,Medium_Dice (25-75%)
20160328_153604_1281_721,0.7217108447914351,0.5645912287143523,0.607196925231631,0.8894575222710188,10428,6746,1296,211930,11724,17174,0.3928030744148131,0.1105424769703173,1,2,11724.0,2934,0.2502558853633572,0.1251279426816786,2.0,0.9999991518278906,0.375,0.625,0.1875,0.4962375,6,10,['boundary_margin_error'],boundary_margin_error,Medium_Dice (25-75%)
20160328_153604_1921_361,0.7424623584491187,0.5904096497131198,0.6829453611363229,0.8133432043325575,9887,4590,2269,213654,12156,14477,0.31705463839193204,0.18665679499835472,2,2,6078.0,3155,0.25954261270154655,0.12977130635077327,1.0,0.9999968082546093,0.375,0.625,0.1640625,0.49691250000000003,6,10,['boundary_margin_error'],boundary_margin_error,Medium_Dice (25-75%)
20160328_153604_1921_721,0.8002600478793606,0.6670279225634146,0.6992114403239699,0.935449261568664,10463,4501,722,214714,11185,14964,0.30078855920876774,0.06455073759499329,1,2,11185.0,2448,0.218864550737595,0.1094322753687975,2.0,0.999998581046984,0.3125,0.6875,0.1875,0.4962375,5,11,['boundary_margin_error'],boundary_margin_error,Medium_Dice (25-75%)
20160328_153604_1_1,0.8251478029192983,0.7023417966699501,0.7595504013946429,0.9031466749254384,10677,3380,1145,215198,11822,14057,0.24044959806502098,0.09685332431060734,1,1,11822.0,2152,0.18203349687024192,0.09101674843512096,1.0,0.999998034989405,0.4375,0.5625,0.15625,0.49641250000000003,7,9,['boundary_margin_error'],boundary_margin_error,Medium_Dice (25-75%)
20160328_153604_1_361,0.7611185270986024,0.614359439338536,0.669364804331831,0.88202247119197,10833,5351,1449,212767,12282,16184,0.3306351952545724,0.11797752808988764,1,1,12282.0,2675,0.21779840416870216,0.10889920208435108,1.0,0.9999981473438789,0.375,0.625,0.1640625,0.496475,6,10,['boundary_margin_error'],boundary_margin_error,Medium_Dice (25-75%)
20160328_153604_641_1,0.7847917042092089,0.6458083827501434,0.6886973174579364,0.9120507389936039,8628,3900,832,217040,9460,12528,0.3113026819923372,0.0879492600422833,1,2,9460.0,1886,0.19936575052854122,0.09968287526427061,2.0,0.9999959405162148,0.5,0.5,0.1484375,0.4965,8,8,['boundary_margin_error'],boundary_margin_error,Medium_Dice (25-75%)
20160328_153604_641_1081,0.8529054593047294,0.7435354533095164,0.8566905424806963,0.8491536755419284,16505,2761,2932,208202,19437,19266,0.14330945707463927,0.1508463240211967,1,1,19437.0,2413,0.1241446725317693,0.06207233626588465,1.0,0.9999990318464127,0.375,0.625,0.171875,0.4958125,6,10,['high_quality'],high_quality,Medium_Dice (25-75%)
20160328_153604_641_361,0.7730236566328006,0.630023276986243,0.6872843998240301,0.8832040383676862,14345,6527,1897,207631,16242,20872,0.31271559984668457,0.11679596108853589,3,1,5414.0,4470,0.27521241226449944,0.13760620613224972,0.3333333333333333,0.9999945469878964,0.3125,0.6875,0.1796875,0.4957125,5,11,['boundary_margin_error'],boundary_margin_error,Medium_Dice (25-75%)
20160328_153604_641_721,0.7817176416689938,0.6416555540867497,0.72368116570819,0.8498743286122721,12511,4777,2210,210902,14721,17288,0.2763188338732068,0.1501256708104069,2,2,7360.5,3390,0.23028326879967392,0.11514163439983696,1.0,0.9999967165215479,0.4375,0.5625,0.1484375,0.49612500000000004,7,9,['boundary_margin_error'],boundary_margin_error,Medium_Dice (25-75%)
20160328_153620_1281_1081,0.8767511954659494,0.7805494133863295,0.9148778648598154,0.8416751758880654,2472,230,465,227233,2937,2702,0.0851221317542561,0.15832482124616956,1,1,2937.0,555,0.18896833503575078,0.09448416751787539,1.0,0.9999939916555876,0.4375,0.5625,0.15625,0.4970375,7,9,['high_quality'],high_quality,High_Dice (>75%)
20160328_153620_1281_361,0.799017928423088,0.6653037937310442,0.8269512596731075,0.7729100387122414,34985,7321,10279,177815,45264,42306,0.17304874013142343,0.22708996111700247,2,1,22632.0,7174,0.1584924001413927,0.07924620007069635,0.5,0.9999956827405418,0.4375,0.5625,0.1484375,0.494675,7,9,['boundary_margin_error'],boundary_margin_error,Medium_Dice (25-75%)
20160328_153620_1281_721,0.8468941027605272,0.7344460771452005,0.7593704772940049,0.9572216897171425,20989,6651,938,201822,21927,27640,0.24062952243125904,0.042778309846308205,12,2,1827.25,5996,0.2734528207233092,0.1367264103616546,0.16666666666666666,0.9999979445108927,0.375,0.625,0.171875,0.4953875,6,10,"['complex_topology', 'boundary_margin_error']",complex_topology,Medium_Dice (25-75%)
20160328_153620_1921_1081,0.8983310949077637,0.815427476218503,0.8952399150303576,0.9014436949937982,9366,1096,1024,218914,10390,10462,0.10476008411393616,0.0985563041385948,1,2,10390.0,1998,0.1923002887391723,0.09615014436958615,2.0,0.9999986199117188,0.375,0.625,0.15625,0.4969125,6,10,['high_quality'],high_quality,High_Dice (>75%)
20160328_153620_1921_361,0.9004091899150717,0.8188584168373755,0.8622834835135753,0.9420623018683784,28276,4516,1739,195869,30015,32792,0.13771651622346914,0.05793769781775779,2,1,15007.5,4710,0.15692153923038482,0.07846076961519241,0.5,0.9999978487059185,0.375,0.625,0.1796875,0.4961625,6,10,['high_quality'],high_quality,High_Dice (>75%)
20160328_153620_1_361,0.9267178553400072,0.8634429073014943,0.8769480147659685,0.9824768213010238,30837,4327,550,194686,31387,35164,0.12305198498464338,0.01752317838595597,2,1,15693.5,3918,0.1248287507566827,0.06241437537834135,0.5,0.9999964613808475,0.375,0.625,0.15625,0.4951875,6,10,['high_quality'],high_quality,High_Dice (>75%)
20160328_153620_1_721,0.9469026541190719,0.899159662516267,0.9141113639754213,0.9821340747711292,5992,563,109,223736,6101,6555,0.08588863463005339,0.01786592361907884,1,5,6101.0,709,0.11621045730208163,0.05810522865104081,5.0,0.999997824572078,0.5,0.5,0.140625,0.49655,8,8,['high_quality'],high_quality,High_Dice (>75%)
20160328_153620_641_361,0.8755983909647039,0.7787238864910038,0.8053305144941523,0.9593006979590201,6859,1658,291,221592,7150,8517,0.19466948456029118,0.0406993006993007,4,2,1787.5,1854,0.2593006993006993,0.12965034965034966,0.5,0.9999985308479056,0.4375,0.5625,0.15625,0.49621250000000006,7,9,['high_quality'],high_quality,High_Dice (>75%)
20160328_153620_641_721,0.8772269050548126,0.7813038173110461,0.8406129970777222,0.9171755884013866,43553,8258,3933,174656,47486,51811,0.15938700276003165,0.08282441140546687,3,1,15828.666666666666,8363,0.17611506549298742,0.08805753274649371,0.3333333333333333,0.9999894210602104,0.375,0.625,0.15625,0.49412500000000004,6,10,['high_quality'],high_quality,High_Dice (>75%)
20160328_153629_1281_361,0.9632389191019345,0.929084759111092,0.9321386905607691,0.9964860564537679,8791,640,31,220938,8822,9431,0.06786130845085357,0.003513942416685559,1,1,8822.0,698,0.07912038086601678,0.03956019043300839,1.0,0.9999977277239855,0.4375,0.5625,0.1796875,0.49693750000000003,7,9,['high_quality'],high_quality,High_Dice (>75%)
20160328_153629_1281_721,0.9106352929512086,0.8359324357204665,0.8983036954444383,0.9233101701733796,21924,2482,1821,204173,23745,24406,0.10169630418749488,0.07668982943777637,1,1,23745.0,3705,0.1560328490208465,0.07801642451042325,1.0,0.9999981226600259,0.375,0.625,0.171875,0.49534999999999996,6,10,['high_quality'],high_quality,High_Dice (>75%)
20160328_153629_1921_361,0.9203775296341502,0.8524994198409592,0.9023694061437697,0.9391190465585592,29401,3181,1906,195912,31307,32582,0.0976305935792769,0.060880953141469955,1,1,31307.0,3988,0.1273836522183537,0.06369182610917686,1.0,0.9999981400105635,0.4375,0.5625,0.15625,0.49595,7,9,['high_quality'],high_quality,High_Dice (>75%)
20160328_153629_1_361,0.9167710506726832,0.8463317484655449,0.8648897056552285,0.9752739114671974,32935,5145,835,191485,33770,38080,0.13511029411764705,0.024726088244003554,3,1,11256.666666666666,4891,0.14483269173822919,0.07241634586911459,0.3333333333333333,0.9999974976413071,0.375,0.625,0.203125,0.49575,6,10,['high_quality'],high_quality,High_Dice (>75%)
20160328_153629_641_361,0.8446544049696582,0.7310837628177184,0.7908614611432951,0.9062992117063985,9208,2435,952,217805,10160,11643,0.20913853817744568,0.09370078740157481,2,1,5080.0,1951,0.19202755905511812,0.09601377952755906,0.5,0.9999990851389492,0.375,0.625,0.140625,0.4964875,6,10,['boundary_margin_error'],boundary_margin_error,Medium_Dice (25-75%)
20160328_153629_641_721,0.9379783055603284,0.883200701521649,0.9001500779448383,0.9791254207984699,28190,3127,601,198482,28791,31317,0.09984992176772998,0.02087457886144976,6,1,4798.5,3676,0.12767878851029835,0.06383939425514917,0.16666666666666666,0.9999960047634509,0.375,0.625,0.171875,0.4950375,6,10,"['complex_topology', 'high_quality']",complex_topology,High_Dice (>75%)
20160328_153829_1281_361,0.8741952564206411,0.7765069932475536,0.7965008504617707,0.968685339869465,31367,8014,1014,190005,32381,39381,0.2034991493359742,0.0313146598313826,7,1,4625.857142857143,7820,0.24149964485346345,0.12074982242673173,0.14285714285714285,0.9999968243222926,0.4375,0.5625,0.140625,0.49541250000000003,7,9,"['complex_topology', 'high_quality']",complex_topology,High_Dice (>75%)
20160328_153829_1281_721,0.7952857975306001,0.6601447844645965,0.7291981829928719,0.8745463948301027,3374,1253,484,225289,3858,4627,0.2708018154311649,0.12545360290305857,3,1,1286.0,1468,0.3805080352514256,0.1902540176257128,0.3333333333333333,0.9999960921016848,0.375,0.625,0.171875,0.49706249999999996,6,10,['boundary_margin_error'],boundary_margin_error,Medium_Dice (25-75%)
20160328_153829_1921_1,0.8173226305849036,0.6910782701364429,0.714221065462073,0.955212588412159,18939,7578,888,202995,19827,26517,0.2857789342685824,0.04478741110606748,14,1,1416.2142857142858,6747,0.3402935391133303,0.17014676955666516,0.07142857142857142,0.9999956626257542,0.3125,0.6875,0.1484375,0.4956125,5,11,"['complex_topology', 'boundary_margin_error']",complex_topology,Medium_Dice (25-75%)
20160328_153829_1921_361,0.8258565868057735,0.7033694330056771,0.729257640404954,0.9519543948101129,3507,1302,177,225414,3684,4809,0.27074235807860264,0.04804560260586319,2,2,1842.0,976,0.26492942453854507,0.13246471226927253,1.0,0.9999958748647306,0.375,0.625,0.15625,0.49765000000000004,6,10,['boundary_margin_error'],boundary_margin_error,Medium_Dice (25-75%)
20160328_153829_1_1,0.8263380630255568,0.7040682133355669,0.7220167917857847,0.9658965250736795,16597,6390,586,206827,17183,22987,0.27798320790011743,0.034103474364197174,4,1,4295.75,5674,0.33021009136937673,0.16510504568468837,0.25,0.9999965396891777,0.4375,0.5625,0.140625,0.49605,7,9,['boundary_margin_error'],boundary_margin_error,Medium_Dice (25-75%)
20160328_153829_1_721,0.8685592707475838,0.7676577732193469,0.8683860663807683,0.868732543065923,6532,990,987,221891,7519,7522,0.13161393246477002,0.13126745577869398,1,1,7519.0,1642,0.2183801037371991,0.10919005186859955,1.0,0.9999982958693843,0.4375,0.5625,0.1640625,0.4966625,7,9,['high_quality'],high_quality,Medium_Dice (25-75%)
20160328_153829_641_1,0.8681182507617518,0.7669690330690392,0.8491284769426709,0.8879768222549633,14712,2614,1856,211218,16568,17326,0.15087152256723999,0.11202317720907774,5,2,3313.6,3613,0.21807098020280058,0.10903549010140029,0.4,0.9999934134160439,0.4375,0.5625,0.171875,0.49632500000000007,7,9,"['complex_topology', 'high_quality']",complex_topology,Medium_Dice (25-75%)
20160328_153829_641_1081,0.6967064780451765,0.5345737290247397,0.548276843683398,0.95533498601268,5775,4758,270,219597,6045,10533,0.4517231557960695,0.04466501240694789,2,2,3022.5,1958,0.323904052936311,0.1619520264681555,1.0,0.9999987301540887,0.3125,0.6875,0.171875,0.49605,5,11,['moderate_general_error'],moderate_general_error,Low_Dice (<25%)
20160328_153829_641_361,0.8434165817229442,0.7292310856223139,0.7403725400372828,0.9797811923836295,7075,2481,146,220698,7221,9556,0.2596274591879447,0.02021880625952084,2,1,3610.5,2066,0.2861099570696579,0.14305497853482896,0.5,0.9999937761797193,0.5,0.5,0.140625,0.49693750000000003,8,8,['boundary_margin_error'],boundary_margin_error,Medium_Dice (25-75%)
20160328_153829_641_721,0.805064167871897,0.6737300415856893,0.6782583264808347,0.9901877090862298,2321,1101,23,226955,2344,3422,0.3217416715371128,0.009812286689419795,2,2,1172.0,1120,0.4778156996587031,0.23890784982935154,1.0,0.999995433587784,0.375,0.625,0.171875,0.4969,6,10,['boundary_margin_error'],boundary_margin_error,Medium_Dice (25-75%)
20160329_103807_1081_1,0.17490082911124988,0.09583086327636661,0.13009656617463367,0.26677667620034834,485,3243,1333,225339,1818,3728,0.8699034334763949,0.7332233223322332,1,8,1818.0,702,0.38613861386138615,0.19306930693069307,8.0,0.9999907314678504,0.4375,0.5625,0.1484375,0.49662500000000004,7,9,"['missed_crack_high_fn', 'false_crack_high_fp', 'thin_low_area_failure', 'over_segmentation', 'fragmented_prediction']",missed_crack_high_fn,Low_Dice (<25%)
20160329_103807_361_1,0.764505119271461,0.6187845301476704,0.8559670777318331,0.690702086988657,16016,2695,7172,204517,23188,18711,0.1440329218106996,0.3092979127134725,2,1,11594.0,1985,0.08560462308090391,0.04280231154045196,0.5,0.999989009305482,0.3125,0.6875,0.171875,0.49605,5,11,['boundary_margin_error'],boundary_margin_error,Medium_Dice (25-75%)
20160329_103807_361_1281,0.7270784220136605,0.5711887005355354,0.7571849424690066,0.6992744858829278,23132,7418,9948,189902,33080,30550,0.2428150572831424,0.3007255139056832,4,1,8270.0,5043,0.1524486094316808,0.0762243047158404,0.25,0.9999925920120603,0.375,0.625,0.1796875,0.4957875,6,10,['boundary_margin_error'],boundary_margin_error,Medium_Dice (25-75%)
20160329_103807_361_1921,0.6767495782959616,0.5114297091433878,0.8263126283346292,0.5730306994963615,19263,4049,14353,192735,33616,23312,0.17368737131091283,0.4269693003331747,6,2,5602.666666666667,5092,0.15147548786292242,0.07573774393146121,0.3333333333333333,0.9999941979351445,0.375,0.625,0.1796875,0.4958125,6,10,['complex_topology'],complex_topology,Low_Dice (<25%)
20160329_103807_361_641,0.8176672776331728,0.691571215246706,0.8993144813500391,0.7496113607097157,35683,3995,11919,178803,47602,39678,0.10068551842330763,0.25038863913280957,3,2,15867.333333333334,4507,0.09468089576068232,0.04734044788034116,0.6666666666666666,0.9999888883969157,0.4375,0.5625,0.1484375,0.4957125,7,9,['boundary_margin_error'],boundary_margin_error,Medium_Dice (25-75%)
20160329_103807_721_1,0.655875831324002,0.4879577695340893,0.6862401398740836,0.6280847446665953,13311,6086,7882,203121,21193,19397,0.3137598597721297,0.37191525503704054,1,2,21193.0,3008,0.14193365733968763,0.07096682866984381,2.0,0.9999905371369855,0.3125,0.6875,0.171875,0.4961500000000001,5,11,['boundary_margin_error'],boundary_margin_error,Low_Dice (<25%)
20160329_103807_721_1281,0.6453232880407548,0.4763670050158572,0.5730211795874351,0.7385057435895318,1542,1149,546,227163,2088,2691,0.4269788182831661,0.2614942528735632,2,2,1044.0,664,0.31800766283524906,0.15900383141762453,1.0,0.9999937115501959,0.375,0.625,0.1796875,0.4968,6,10,['moderate_general_error'],moderate_general_error,Low_Dice (<25%)
20160330_165956_1281_721,0.6604463761541397,0.4930346679649876,0.5306244138933262,0.8743683311701737,6229,5510,895,217766,7124,11739,0.4693755856546554,0.12563166760247052,5,1,1424.8,3495,0.49059517125210556,0.24529758562605278,0.2,0.9999921887495542,0.5,0.5,0.203125,0.49652500000000005,8,8,['complex_topology'],complex_topology,Low_Dice (<25%)
20160330_165956_1921_721,0.7387353029941307,0.5857099661536733,0.6194180958974549,0.9149874041010904,5812,3571,540,220477,6352,9383,0.38058190344239584,0.08501259445843828,2,1,3176.0,3591,0.5653337531486146,0.2826668765743073,0.5,0.9999936209897808,0.4375,0.5625,0.15625,0.49685,7,9,['boundary_margin_error'],boundary_margin_error,Medium_Dice (25-75%)
20160330_165956_1_1081,0.8384294063834979,0.7218066736461386,0.8246959561469311,0.8526280008465927,7527,1600,1301,219972,8828,9127,0.17530404294949054,0.14737199818758495,1,1,8828.0,3489,0.3952197553239692,0.1976098776619846,1.0,0.9999935782321505,0.5625,0.4375,0.171875,0.49741250000000004,9,7,['boundary_margin_error'],boundary_margin_error,Medium_Dice (25-75%)
20160330_165956_1_721,0.7038016984376816,0.5429737854072048,0.5606211862888284,0.9452029157561195,5054,3961,293,221092,5347,9015,0.4393788130892956,0.054797082476154856,5,3,1069.4,4121,0.7707125490929493,0.38535627454647464,0.6,0.9999874630715389,0.3125,0.6875,0.1640625,0.49720000000000003,5,11,['complex_topology'],complex_topology,Low_Dice (<25%)
20160330_165956_641_721,0.8193870426604116,0.6940352785106062,0.7287569212060752,0.9357606951872494,7633,2841,524,219402,8157,10474,0.2712430780981478,0.06423930366556332,2,1,4078.5,4056,0.49724163295329166,0.24862081647664583,0.5,0.9999940645956601,0.375,0.625,0.171875,0.4969,6,10,['boundary_margin_error'],boundary_margin_error,Medium_Dice (25-75%)
20160330_170359_1281_721,0.8215457987345285,0.697138503857273,0.9285895481581083,0.7366302760133243,29284,2252,10470,188394,39754,31536,0.07141045154743784,0.26336972380137846,1,2,39754.0,3228,0.08119937616340495,0.04059968808170247,2.0,0.999989064521868,0.1875,0.8125,0.2109375,0.49582500000000007,3,13,['boundary_margin_error'],boundary_margin_error,Medium_Dice (25-75%)
20160330_170359_1921_361,0.8686569529923956,0.7678103960509488,0.8510362689891003,0.8870227353853093,16425,2875,2092,209008,18517,19300,0.1489637305699482,0.11297726413565913,1,1,18517.0,1564,0.08446292595992871,0.04223146297996436,1.0,0.9999941777869821,0.1875,0.8125,0.2109375,0.4956875,3,13,['high_quality'],high_quality,Medium_Dice (25-75%)
20160330_170359_1921_721,0.8938784627136106,0.808119571477229,0.9411903077199764,0.8510955112311868,20005,1250,3500,205645,23505,21255,0.058809691837214774,0.14890448840672196,2,2,11752.5,1744,0.07419697936609232,0.03709848968304616,1.0,0.9999916937526275,0.25,0.75,0.171875,0.496,4,12,['high_quality'],high_quality,High_Dice (>75%)
20160330_170359_1_721,0.852255749214257,0.7425484803176358,0.8478164238115855,0.8567418093661767,30518,5478,5103,189301,35621,35996,0.15218357595288365,0.1432581903933073,1,1,35621.0,3446,0.09674068667359143,0.04837034333679571,1.0,0.9999909855990693,0.1875,0.8125,0.2109375,0.4958625,3,13,['high_quality'],high_quality,Medium_Dice (25-75%)
20160330_170359_641_721,0.8659920752575508,0.763656105361196,0.8608957657132872,0.8711490818550629,27429,4432,4057,194482,31486,31861,0.1391042340165092,0.12885091786825892,1,1,31486.0,3540,0.11243092167947659,0.056215460839738295,1.0,0.9999900934759114,0.25,0.75,0.1796875,0.49611249999999996,4,12,['high_quality'],high_quality,Medium_Dice (25-75%)
20160330_172309_1281_361,0.8804785888661973,0.7864776681443608,0.85121149293655,0.9118299192489502,6991,1222,676,221511,7667,8213,0.1487885060270303,0.08817007956175818,1,1,7667.0,2848,0.37146211034302856,0.18573105517151428,1.0,0.9999970007640439,0.3125,0.6875,0.1875,0.4962000000000001,5,11,['high_quality'],high_quality,High_Dice (>75%)
20160330_172309_1281_721,0.8578970977504576,0.7511556936425791,0.7816695485673103,0.9505984013495208,24861,6944,1292,197303,26153,31805,0.2183304511869203,0.049401598287003405,4,2,6538.25,4491,0.1717202615378733,0.08586013076893664,0.5,0.9999977137818035,0.3125,0.6875,0.203125,0.49555,5,11,['high_quality'],high_quality,Medium_Dice (25-75%)
20160330_172309_1921_361,0.8957325916054966,0.811155508888743,0.8211792082338584,0.9851748431158258,14819,3227,223,212131,15042,18046,0.17882079131109388,0.014825156229224838,1,1,15042.0,1696,0.1127509639675575,0.05637548198377875,1.0,0.9999983472066718,0.375,0.625,0.1953125,0.496375,6,10,['high_quality'],high_quality,High_Dice (>75%)
20160330_172309_1921_721,0.8696361224977993,0.7693417489768523,0.8220049131355052,0.9231268591165124,17064,3695,1421,208220,18485,20759,0.1779950864685197,0.0768731403840952,1,1,18485.0,2827,0.15293481200973763,0.07646740600486882,1.0,0.9999992353998384,0.3125,0.6875,0.1796875,0.49615,5,11,['high_quality'],high_quality,Medium_Dice (25-75%)
20160330_172309_1_721,0.8876293869541445,0.7979619171380912,0.9158247304437598,0.8611182813459042,16679,1533,2690,209498,19369,18212,0.0841752690533714,0.13888171820951004,1,1,19369.0,3466,0.17894573803500438,0.08947286901750219,1.0,0.9999981054781717,0.5,0.5,0.15625,0.4961625,8,8,['high_quality'],high_quality,High_Dice (>75%)
20160330_172309_641_361,0.8060150358624811,0.6750629698630335,0.6782357169984247,0.9931180466219267,1876,890,13,227621,1889,2766,0.32176428054953,0.006881948120698782,1,2,1889.0,624,0.33033350979354154,0.16516675489677077,2.0,0.9999952998015158,0.4375,0.5625,0.1796875,0.4971875,7,9,['boundary_margin_error'],boundary_margin_error,Medium_Dice (25-75%)
20160330_172309_641_721,0.8461426514163053,0.7333165165129861,0.8462658081811736,0.84601953021858,26164,4753,4762,194721,30926,30917,0.15373419154510465,0.15398046950785746,3,1,10308.666666666666,6929,0.2240509603569812,0.1120254801784906,0.3333333333333333,0.9999938177900757,0.4375,0.5625,0.1640625,0.494675,7,9,['boundary_margin_error'],boundary_margin_error,Medium_Dice (25-75%)
20160402_150314_1281_1081,0.8214898060173561,0.6970578703619208,0.7136709675151572,0.9676840172007,2156,865,72,227307,2228,3021,0.286329030122476,0.03231597845601436,1,1,2228.0,838,0.3761220825852783,0.18806104129263915,1.0,0.9999984472526547,0.4375,0.5625,0.15625,0.49670000000000003,7,9,['boundary_margin_error'],boundary_margin_error,Medium_Dice (25-75%)
20160402_150314_1281_361,0.8437773005767792,0.7297705718783204,0.7483798242485492,0.9670489696576571,5312,1786,181,223121,5493,7098,0.2516201746970978,0.032951028581831424,1,1,5493.0,1826,0.3324230839249954,0.1662115419624977,1.0,0.9999978037961773,0.375,0.625,0.171875,0.4966125,6,10,['boundary_margin_error'],boundary_margin_error,Medium_Dice (25-75%)
20160402_150314_1281_721,0.8464498897084316,0.7337781706721739,0.8186099500048538,0.8762501009218229,10777,2388,1522,215713,12299,13165,0.18139004937333839,0.12374989836572078,3,2,4099.666666666667,3719,0.30238230750467515,0.15119115375233758,0.6666666666666666,0.9999991592264446,0.5,0.5,0.171875,0.49611249999999996,8,8,['boundary_margin_error'],boundary_margin_error,Medium_Dice (25-75%)
20160402_150314_1921_1,0.8469794828804239,0.7345745112986453,0.8018884884875104,0.8974436383882411,8917,2203,1019,218261,9936,11120,0.1981115107913669,0.10255636070853462,2,1,4968.0,2878,0.2896537842190016,0.1448268921095008,0.5,0.999997772323222,0.3125,0.6875,0.1953125,0.496425,5,11,['boundary_margin_error'],boundary_margin_error,Medium_Dice (25-75%)
20160402_150314_1921_361,0.8659466314073275,0.7635854320347747,0.7822094669090115,0.9697616472082473,2726,759,85,226830,2811,3485,0.21779053084648495,0.03023834934187122,1,1,2811.0,1008,0.35859124866595515,0.17929562433297758,1.0,0.9999965371086315,0.4375,0.5625,0.1796875,0.49726249999999994,7,9,['high_quality'],high_quality,Medium_Dice (25-75%)
20160402_150314_1_361,0.8982142855629692,0.815235007854428,0.9044920944206786,0.8920230205139453,26659,2815,3227,197699,29886,29474,0.09550790527244352,0.10797697918757947,1,1,29886.0,5157,0.172555711704477,0.0862778558522385,1.0,0.9999985845232955,0.5,0.5,0.171875,0.495775,8,8,['high_quality'],high_quality,High_Dice (>75%)
20160402_150314_1_721,0.795824718473186,0.6608877716407975,0.7434520437691238,0.8561354010457466,7891,2723,1326,218460,9217,10614,0.2565479555304315,0.14386459802538787,2,1,4608.5,3065,0.3325377020722578,0.1662688510361289,0.5,0.9999977918042617,0.375,0.625,0.1796875,0.49621249999999995,6,10,['boundary_margin_error'],boundary_margin_error,Medium_Dice (25-75%)
20160402_150314_641_361,0.8699585369581866,0.7698465635202951,0.9106931462439917,0.8327119653244595,6924,679,1391,221406,8315,7603,0.08930685255820071,0.167288033674083,1,2,8315.0,1802,0.21671677690920024,0.10835838845460012,2.0,0.9999978438798373,0.375,0.625,0.1640625,0.49645,6,10,['high_quality'],high_quality,Medium_Dice (25-75%)
20160402_150314_641_721,0.8528013311568267,0.7433771972702735,0.860334971874991,0.8453984835046944,21523,3494,3936,201447,25459,25017,0.13966502778110884,0.15460151616324286,1,1,25459.0,7162,0.28131505557955927,0.14065752778977963,1.0,0.9999981960011638,0.1875,0.8125,0.203125,0.494875,3,13,['high_quality'],high_quality,Medium_Dice (25-75%)
20160402_151049_1281_721,0.9421489867926754,0.8906254047402675,0.9139338809771711,0.9721617107612635,34363,3236,984,191817,35347,37599,0.08606611877975479,0.027838288963702718,2,1,17673.5,3596,0.10173423487141765,0.05086711743570883,0.5,0.9999980618925246,0.5,0.5,0.171875,0.49568749999999995,8,8,['high_quality'],high_quality,High_Dice (>75%)
20160402_151049_1921_1081,0.9299724382729997,0.8691107327852803,0.9029358270184797,0.9586781413667229,17377,1868,749,210406,18126,19245,0.09706417251234087,0.041321858104380445,1,1,18126.0,1926,0.10625620655412116,0.05312810327706058,1.0,0.9999981168729455,0.5625,0.4375,0.1640625,0.49644999999999995,9,7,['high_quality'],high_quality,High_Dice (>75%)
20160402_151049_1921_721,0.9254551089769555,0.8612530911536467,0.9024706284975507,0.949640941300954,20894,2258,1108,206140,22002,23152,0.09752937111264685,0.050359058267430236,1,1,22002.0,2377,0.10803563312426143,0.05401781656213071,1.0,0.9999975495561091,0.5,0.5,0.171875,0.49601249999999997,8,8,['high_quality'],high_quality,High_Dice (>75%)
20160402_151049_1_361,0.896821627202002,0.8129434453354882,0.8422724187837589,0.9589258141874845,23603,4420,1011,201366,24614,28023,0.1577275809156764,0.04107418542293004,2,2,12307.0,4093,0.16628747867067523,0.08314373933533761,1.0,0.9999981141910019,0.5,0.5,0.15625,0.49618750000000006,8,8,['high_quality'],high_quality,High_Dice (>75%)
20160402_151049_1_721,0.8547864958494459,0.7463992458624313,0.7776635029789802,0.9488905362221832,16635,4756,896,208113,17531,21391,0.22233649665747277,0.05110946323655239,1,1,17531.0,4794,0.2734584450402145,0.13672922252010725,1.0,0.9999980351961725,0.3125,0.6875,0.234375,0.49588750000000004,5,11,['high_quality'],high_quality,Medium_Dice (25-75%)
20160402_151049_641_361,0.810544952172841,0.6814422736306904,0.6852960722378706,0.9918151131833648,2060,946,17,227377,2077,3006,0.3147039254823686,0.008184882041405874,1,1,2077.0,517,0.24891670678863745,0.12445835339431872,1.0,0.9999961228803662,0.4375,0.5625,0.1796875,0.4967625,7,9,['boundary_margin_error'],boundary_margin_error,Medium_Dice (25-75%)
20160402_151049_641_721,0.9184930327520507,0.8492714892898832,0.8700110802637557,0.9726972403389289,40044,5983,1124,183249,41168,46027,0.12998891954722228,0.027302759424795958,1,1,41168.0,4241,0.10301690633501749,0.051508453167508746,1.0,0.9999953055238666,0.5625,0.4375,0.171875,0.495275,9,7,['high_quality'],high_quality,High_Dice (>75%)
20160402_151054_1281_1081,0.933171035557055,0.8747147543414512,0.929500827460669,0.9368703422134901,15716,1192,1059,212433,16775,16908,0.07049917198959073,0.06312965722801789,1,1,16775.0,2057,0.12262295081967213,0.061311475409836065,1.0,0.9999992711934728,0.5625,0.4375,0.140625,0.49590000000000006,9,7,['high_quality'],high_quality,High_Dice (>75%)
20160402_151054_1281_361,0.9185740482346487,0.849410028245708,0.8583991640208688,0.9878216106555376,5759,950,71,223620,5830,6709,0.14160083469965717,0.012178387650085764,1,1,5830.0,732,0.12555746140651802,0.06277873070325901,1.0,0.9999933795311746,0.4375,0.5625,0.1484375,0.49728750000000005,7,9,['high_quality'],high_quality,High_Dice (>75%)
20160402_151054_1281_721,0.9509350375571423,0.9064596298619966,0.9301076480038573,0.9727165444954645,41214,3097,1156,184933,42370,44311,0.06989235178623818,0.027283455274958696,1,1,42370.0,4055,0.09570450790653764,0.04785225395326882,1.0,0.9999910194632355,0.3125,0.6875,0.203125,0.49488750000000004,5,11,['high_quality'],high_quality,High_Dice (>75%)
20160402_151054_1921_361,0.8625055669458213,0.7582503631512192,0.7889192802252696,0.9512314918593562,13556,3627,695,212522,14251,17183,0.21108071931560263,0.04876850747315978,3,1,4750.333333333333,3394,0.23815872570345942,0.11907936285172971,0.3333333333333333,0.9999969162767548,0.5,0.5,0.1640625,0.4965375,8,8,['high_quality'],high_quality,Medium_Dice (25-75%)
20160402_151054_1_361,0.885290318445757,0.7941891356064963,0.9280206078488712,0.8463218129890336,56200,4359,10205,159636,66405,60559,0.07197939199788636,0.1536781868835178,1,1,66405.0,5533,0.08332203900308711,0.04166101950154356,1.0,0.9999892425207884,0.4375,0.5625,0.140625,0.4949,7,9,['high_quality'],high_quality,High_Dice (>75%)
20160402_151054_1_721,0.2845094172490598,0.16584726264881264,0.7563527540156539,0.1752077556260119,506,163,2382,227349,2888,669,0.2436472346786248,0.824792243767313,1,5,2888.0,396,0.1371191135734072,0.0685595567867036,5.0,0.9999956539563088,0.5,0.5,0.140625,0.4973,8,8,"['missed_crack_high_fn', 'thin_low_area_failure', 'fragmented_prediction']",missed_crack_high_fn,Low_Dice (<25%)
20160402_151054_641_361,0.9136154836937005,0.8409688006231784,0.9303360572839818,0.8974853229672433,10243,767,1170,218220,11413,11010,0.06966394187102634,0.1025146762463857,1,2,11413.0,1572,0.13773766757206693,0.06886883378603346,2.0,0.9999936957109623,0.5625,0.4375,0.140625,0.4974125,9,7,['high_quality'],high_quality,High_Dice (>75%)
20160402_151054_641_721,0.9420781069186592,0.8904987344337202,0.9130052720256904,0.9730633719961364,21819,2079,604,205898,22423,23898,0.08699472759226713,0.0269366275699059,1,1,22423.0,2562,0.11425768184453464,0.05712884092226732,1.0,0.9999956684291207,0.375,0.625,0.1875,0.49607499999999993,6,10,['high_quality'],high_quality,High_Dice (>75%)
20160405_171348_1281_361,0.642210807918291,0.47298270722988933,0.47298270722988933,0.9999999923838538,1313,1463,0,227624,1313,2776,0.5270172910662824,0.0,1,5,1313.0,228,0.17364813404417365,0.08682406702208682,5.0,0.9999947156844485,0.375,0.625,0.203125,0.4969625,6,10,"['over_segmentation', 'fragmented_prediction']",over_segmentation,Low_Dice (<25%)
20160405_171348_1281_721,0.8847357641282427,0.7932969924716364,0.8501237621658109,0.9222857754176305,34345,6055,2894,187106,37239,40400,0.14987623762376237,0.07771422433470286,2,1,18619.5,4149,0.11141545154273745,0.055707725771368725,0.5,0.9999899447417298,0.3125,0.6875,0.2109375,0.49549999999999994,5,11,['high_quality'],high_quality,High_Dice (>75%)
20160405_171348_1921_721,0.835323109818389,0.7172144625348708,0.8758869993638004,0.7983500925514131,32710,4635,8262,184793,40972,37345,0.12411300040166019,0.20164990725373425,4,3,10243.0,5734,0.13994923362296202,0.06997461681148101,0.75,0.9999878919920796,0.3125,0.6875,0.1953125,0.4957125,5,11,['boundary_margin_error'],boundary_margin_error,Medium_Dice (25-75%)
20160405_171348_1_721,0.7544318034476758,0.6056928922365781,0.769791741202259,0.7396728390525954,32195,9628,11331,177246,43526,41823,0.23020825861368147,0.2603271607774663,5,4,8705.2,8064,0.18526857510453523,0.09263428755226762,0.8,0.9999897687992346,0.0625,0.9375,0.2421875,0.495225,1,15,"['complex_topology', 'boundary_margin_error']",complex_topology,Medium_Dice (25-75%)
20160405_171348_641_721,0.8401326609269916,0.7243351309456166,0.8094248452201837,0.8732623315938165,31158,7336,4522,187384,35680,38494,0.1905751545695433,0.12673766816143497,3,2,11893.333333333334,4812,0.13486547085201794,0.06743273542600897,0.6666666666666666,0.9999888367989764,0.3125,0.6875,0.171875,0.495625,5,11,['boundary_margin_error'],boundary_margin_error,Medium_Dice (25-75%)
20160407_163130_1281_721,0.8963556599033512,0.8121780063900436,0.9596452555837294,0.8408975946839116,18287,769,3460,207884,21747,19056,0.040354743912678424,0.15910240492941555,2,1,10873.5,4406,0.2026026578378627,0.10130132891893134,0.5,0.9999937714803202,0.4375,0.5625,0.203125,0.496275,7,9,['high_quality'],high_quality,High_Dice (>75%)
20160407_163130_1921_721,0.890515998590223,0.8026397834116401,0.969556210552033,0.8233914383371228,15446,485,3313,211156,18759,15931,0.03044378883936978,0.17660856122394583,1,1,18759.0,3963,0.2112585958739805,0.10562929793699025,1.0,0.9999956357683651,0.375,0.625,0.171875,0.49635,6,10,['high_quality'],high_quality,High_Dice (>75%)
20160407_163130_1_361,0.797286820160297,0.662906862188505,0.783320636773341,0.8117600599378055,2057,569,477,227297,2534,2626,0.21667936024371667,0.1882399368587214,2,2,1267.0,693,0.27348066298342544,0.13674033149171272,1.0,0.9999939804396667,0.625,0.375,0.1875,0.49687500000000007,10,6,['boundary_margin_error'],boundary_margin_error,Medium_Dice (25-75%)
20160407_163130_1_721,0.8566596442878498,0.7492603930299162,0.9189051553667058,0.8023120097802968,14436,1274,3557,211133,17993,15710,0.08109484404837683,0.19768798977380092,4,2,4498.25,3803,0.21135997332295892,0.10567998666147946,0.5,0.9999965728094975,0.4375,0.5625,0.1640625,0.4960375,7,9,['high_quality'],high_quality,Medium_Dice (25-75%)
20160407_163130_641_721,0.8789789712134816,0.7840878526292748,0.954753847312109,0.8143475625835168,17493,829,3988,208090,21481,18322,0.04524615216679402,0.18565243703738188,1,2,21481.0,3919,0.1824402960756017,0.09122014803780085,2.0,0.9999952839929167,0.4375,0.5625,0.171875,0.496325,7,9,['high_quality'],high_quality,High_Dice (>75%)
20160407_163257_1281_1,0.8857847161694312,0.7949852501791086,0.8007215614029983,0.9910690823999045,11319,2817,102,216162,11421,14136,0.19927843803056028,0.008930916732335172,2,1,5710.5,2159,0.18903773750109448,0.09451886875054724,0.5,0.999992800830837,0.5625,0.4375,0.1328125,0.4971375,9,7,['high_quality'],high_quality,High_Dice (>75%)
20160407_163257_1281_361,0.8951637742084527,0.8102230478251407,0.8405862307381975,0.9573206435158707,13077,2480,583,214260,13660,15557,0.15941376872147586,0.042679355783308934,1,1,13660.0,3222,0.23587115666178624,0.11793557833089312,1.0,0.9999956510658397,0.4375,0.5625,0.140625,0.4968,7,9,['high_quality'],high_quality,High_Dice (>75%)
20160407_163257_1281_721,0.8792726272359361,0.784555324161821,0.8459615879426973,0.9153145446693502,6431,1171,595,222203,7026,7602,0.15403841094448828,0.08468545402789639,1,1,7026.0,1974,0.28095644748078563,0.14047822374039282,1.0,0.9999907868285918,0.5,0.5,0.140625,0.49672499999999997,8,8,['high_quality'],high_quality,High_Dice (>75%)
20160407_163257_1921_1081,0.7932412530370601,0.6573320931241784,0.6899621896695181,0.9328825842135842,5657,2542,407,221794,6064,8199,0.3100378094889621,0.0671174142480211,3,1,2021.3333333333333,2190,0.3611477572559367,0.18057387862796834,0.3333333333333333,0.9999948737623204,0.5625,0.4375,0.1484375,0.4968625,9,7,['boundary_margin_error'],boundary_margin_error,Medium_Dice (25-75%)
20160407_163257_1921_721,0.8660234213257543,0.7637048574126983,0.8394973570762568,0.8942804975748699,5879,1124,695,222702,6574,7003,0.160502641724975,0.10571950106480073,1,1,6574.0,2038,0.31000912686340126,0.15500456343170063,1.0,0.9999942179032003,0.5,0.5,0.1328125,0.49673749999999994,8,8,['high_quality'],high_quality,Medium_Dice (25-75%)
20160407_163257_1_1,0.8872398636567284,0.7973325379648815,0.8344510286693302,0.9471587883278821,10701,2123,597,216979,11298,12824,0.16554897067997504,0.05284121083377589,1,1,11298.0,3246,0.2873074880509825,0.14365374402549125,1.0,0.9999976429841722,0.5,0.5,0.140625,0.49643750000000003,8,8,['high_quality'],high_quality,High_Dice (>75%)
20160407_163257_641_361,0.8575478380073008,0.7506203467736805,0.8133177981597798,0.9068651934577144,9075,2083,932,218310,10007,11158,0.18668220111131026,0.09313480563605477,2,1,5003.5,3413,0.341061257120016,0.170530628560008,0.5,0.9999912953004262,0.375,0.625,0.1484375,0.49643750000000003,6,10,['high_quality'],high_quality,Medium_Dice (25-75%)
20160407_165001_1281_1081,0.47784684533934213,0.31392822980803875,0.31843821583074366,0.9568326245846593,3613,7733,163,218891,3776,11346,0.6815617838885951,0.043167372881355935,2,3,1888.0,1841,0.4875529661016949,0.24377648305084745,1.5,0.9999986920635838,0.375,0.625,0.1640625,0.4961125,6,10,"['false_crack_high_fp', 'thin_low_area_failure', 'over_segmentation']",false_crack_high_fp,Low_Dice (<25%)
20160407_165001_1281_361,0.7708655183801705,0.6271612503818754,0.7239719720263487,0.8242546326960075,10229,3900,2181,214090,12410,14129,0.27602802746124994,0.1757453666398066,2,2,6205.0,2498,0.20128928283642225,0.10064464141821113,1.0,0.999998440797523,0.375,0.625,0.15625,0.49622499999999997,6,10,['boundary_margin_error'],boundary_margin_error,Medium_Dice (25-75%)
20160407_165001_1281_721,0.7855521555456901,0.6468389393030409,0.8291666649392362,0.7462966421408276,3980,820,1353,224247,5333,4800,0.17083333333333334,0.25370335645977876,1,2,5333.0,1172,0.21976373523345208,0.10988186761672604,2.0,0.9999990843125512,0.4375,0.5625,0.140625,0.49612500000000004,7,9,['boundary_margin_error'],boundary_margin_error,Medium_Dice (25-75%)
20160407_165001_1921_361,0.6454112690740493,0.47646289559257454,0.5618735532731813,0.7581274362597465,2915,2273,930,224282,3845,5188,0.4381264456437934,0.24187256176853056,1,1,3845.0,1108,0.2881664499349805,0.14408322496749024,1.0,0.9999975440287054,0.375,0.625,0.1484375,0.4968125,6,10,['moderate_general_error'],moderate_general_error,Low_Dice (<25%)
20160407_165001_1921_721,0.7112199005457848,0.5518551231874071,0.5684775679602534,0.9496807525848575,6247,4742,331,219080,6578,10989,0.4315224315224315,0.05031924597141989,2,2,3289.0,2875,0.4370629370629371,0.21853146853146854,1.0,0.9999988410456979,0.375,0.625,0.15625,0.49592499999999995,6,10,['moderate_general_error'],moderate_general_error,Low_Dice (<25%)
20160407_165001_1_1081,0.6243088909414404,0.4538147312507383,0.5267665944833794,0.7661846479061521,3444,3094,1051,222811,4495,6538,0.4732334047109208,0.23381535038932147,2,2,2247.5,2332,0.5187986651835372,0.2593993325917686,1.0,0.9999968849136635,0.375,0.625,0.15625,0.49658749999999996,6,10,['moderate_general_error'],moderate_general_error,Low_Dice (<25%)
20160407_165001_1_721,0.8671819260204572,0.7655085542324401,0.9175893300719745,0.8220243457946211,14586,1310,3158,211346,17744,15896,0.08241066935078006,0.17797565374211,1,1,17744.0,3895,0.2195108205590622,0.1097554102795311,1.0,0.9999983179812675,0.375,0.625,0.1640625,0.4958375,6,10,['high_quality'],high_quality,Medium_Dice (25-75%)
20160407_165001_641_1081,0.43857890584855896,0.28088445038390236,0.2879496924715565,0.919663704251921,1969,4869,172,223390,2141,6838,0.7120503071073413,0.08033629145259225,2,5,1070.5,1225,0.572162540868753,0.2860812704343765,2.5,0.999997011894603,0.375,0.625,0.1796875,0.49634999999999996,6,10,"['false_crack_high_fp', 'thin_low_area_failure', 'over_segmentation']",false_crack_high_fp,Low_Dice (<25%)
20160407_165001_641_361,0.8795876929940379,0.7850571503846907,0.8566040026424506,0.9038387463706261,14080,2357,1498,212465,15578,16437,0.14339599683640566,0.0961612530491719,1,1,15578.0,3166,0.2032353318782899,0.10161766593914495,1.0,0.9999975814307902,0.3125,0.6875,0.203125,0.49567500000000003,5,11,['high_quality'],high_quality,High_Dice (>75%)
20160407_165001_641_721,0.5443247710349529,0.3739328390041752,0.3843229003090877,0.9325762886261442,1314,2105,95,226886,1409,3419,0.6156770985668324,0.06742370475514549,2,4,704.5,474,0.33640880056777855,0.16820440028388928,2.0,0.9999945016999207,0.4375,0.5625,0.171875,0.496925,7,9,"['thin_low_area_failure', 'over_segmentation']",thin_low_area_failure,Low_Dice (<25%)
IMG_2931_1297_485,0.8167724777546546,0.6902919872965011,0.7696160245697939,0.8700849296316925,2766,828,413,309625,3179,3594,0.2303839732888147,0.1299150676313306,8,3,397.375,1061,0.33375275243787356,0.16687637621893678,0.375,0.9999966690725428,0.625,0.375,0.203125,0.4985125,10,6,"['complex_topology', 'boundary_margin_error']",complex_topology,Medium_Dice (25-75%)
IMG_2931_1297_969,0.9103771495289485,0.8354974834965935,0.8954509864351996,0.9258093516854232,10295,1202,825,301310,11120,11497,0.10454901278594415,0.07419064748201439,1,1,11120.0,2558,0.23003597122302158,0.11501798561151079,1.0,0.9999938299143889,0.625,0.375,0.1796875,0.4983875,10,6,['high_quality'],high_quality,High_Dice (>75%)
IMG_2931_1945_485,0.8880492805847645,0.7986408615768343,0.8442917369291086,0.936590434967792,5406,997,366,306863,5772,6403,0.1557082617523036,0.06340956340956341,2,1,2886.0,1530,0.26507276507276506,0.13253638253638253,0.5,0.9999938020734833,0.5625,0.4375,0.1953125,0.4982,9,7,['high_quality'],high_quality,High_Dice (>75%)
IMG_2931_1945_969,0.8731744805581899,0.7748976798029299,0.853901871185046,0.8933371448479595,6248,1069,746,305569,6994,7317,0.14609812764794314,0.10666285387474979,1,1,6994.0,1920,0.2745210180154418,0.1372605090077209,1.0,0.999991350031238,0.625,0.375,0.1875,0.49815000000000004,10,6,['high_quality'],high_quality,High_Dice (>75%)
IMG_2931_1_485,0.8976085946343062,0.8142376566665491,0.9151006333175244,0.8807727292338136,16459,1527,2228,293418,18687,17986,0.08489936617369065,0.11922727029485738,1,1,18687.0,3905,0.20896880184085193,0.10448440092042596,1.0,0.9999786112931962,0.5625,0.4375,0.171875,0.4978625,9,7,['high_quality'],high_quality,High_Dice (>75%)
IMG_2931_649_485,0.8993018664063963,0.81702861026058,0.9053475928912548,0.8933363478868263,11851,1239,1415,299127,13266,13090,0.0946524064171123,0.10666365143977084,2,2,6633.0,3277,0.2470224634403739,0.12351123172018695,1.0,0.999987120064214,0.5625,0.4375,0.171875,0.4980875,9,7,['high_quality'],high_quality,High_Dice (>75%)
IMG_2931_649_969,0.7061351140937333,0.5457564555507142,0.5549718553284357,0.9704724345769525,1479,1186,45,310922,1524,2665,0.4450281425891182,0.02952755905511811,1,3,1524.0,436,0.28608923884514437,0.14304461942257218,3.0,0.9999922434642289,0.5625,0.4375,0.1953125,0.498475,9,7,['moderate_general_error'],moderate_general_error,Low_Dice (<25%)
IMG_2941_1297_485,0.8826250852970249,0.7899095224736163,0.822646330094509,0.9520377035837375,10302,2221,519,300590,10821,12523,0.17735366924858262,0.04796229553645689,1,1,10821.0,2685,0.24812863875797062,0.12406431937898531,1.0,0.9999960638692986,0.4375,0.5625,0.1953125,0.49822500000000003,7,9,['high_quality'],high_quality,High_Dice (>75%)
IMG_2941_1297_969,0.822248480062248,0.6981510667935344,0.7231294526081807,0.9528560231751643,4871,1865,241,306655,5112,6736,0.2768705463182898,0.04714397496087637,2,2,2556.0,2222,0.43466353677621283,0.21733176838810642,1.0,0.9999952511033385,0.625,0.375,0.1796875,0.4986,10,6,['boundary_margin_error'],boundary_margin_error,Medium_Dice (25-75%)
IMG_2941_1945_485,0.9064569255129384,0.8289174397068191,0.8633627859755649,0.9540791049642121,13484,2134,649,297365,14133,15618,0.1366372134716353,0.04592089436071606,1,1,14133.0,3879,0.2744640203778391,0.13723201018891956,1.0,0.9999928228568497,0.5625,0.4375,0.1640625,0.49773749999999994,9,7,['high_quality'],high_quality,High_Dice (>75%)
IMG_2941_1_485,0.7511362575353527,0.601455732915247,0.6953460403651966,0.8166599418784593,4049,1774,909,306900,4958,5823,0.30465395844066634,0.18334005647438484,3,4,1652.6666666666667,1490,0.30052440500201694,0.15026220250100847,1.3333333333333333,0.999993412546263,0.625,0.375,0.1875,0.4988,10,6,['boundary_margin_error'],boundary_margin_error,Medium_Dice (25-75%)
IMG_2941_1_969,0.8995246523909383,0.8173964590349823,0.8672717461652842,0.9342691181662448,9651,1477,679,301825,10330,11128,0.13272825305535585,0.06573088092933205,3,3,3443.3333333333335,2424,0.2346563407550823,0.11732817037754115,1.0,0.9999914382231623,0.625,0.375,0.1875,0.4985375,10,6,['high_quality'],high_quality,High_Dice (>75%)
IMG_2941_649_969,0.9051162428557211,0.8266779344836411,0.8818933126356925,0.9295953108976042,11738,1572,889,299433,12627,13310,0.11810668670172803,0.07040468836619941,1,1,12627.0,3828,0.30315989546210503,0.15157994773105252,1.0,0.9999915017612645,0.5,0.5,0.1875,0.49791250000000004,8,8,['high_quality'],high_quality,High_Dice (>75%)
IMG_2942_1297_485,0.5998507154781497,0.42841911366829594,0.4483668082284776,0.9059233430909545,4420,5438,459,303315,4879,9858,0.5516331913166971,0.09407665505226481,3,1,1626.3333333333333,2380,0.4878048780487805,0.24390243902439024,0.3333333333333333,0.9999956286871918,0.5,0.5,0.1640625,0.496075,8,8,['over_segmentation'],over_segmentation,Low_Dice (<25%)
IMG_2942_1945_485,0.5439383065423796,0.37356817296025596,0.37817955065064895,0.9683908015057764,3033,4987,99,305513,3132,8020,0.6218204488778055,0.031609195402298854,3,2,1044.0,1994,0.6366538952745849,0.31832694763729247,0.6666666666666666,0.999994064402035,0.5,0.5,0.171875,0.49665000000000004,8,8,"['thin_low_area_failure', 'over_segmentation']",thin_low_area_failure,Low_Dice (<25%)
IMG_2942_1_485,0.688263966487991,0.5246970037449153,0.5623774502912041,0.8867632833106024,4589,3571,586,304886,5175,8160,0.43762254901960784,0.1132367149758454,5,2,1035.0,3132,0.6052173913043478,0.3026086956521739,0.4,0.9999892810831764,0.625,0.375,0.1953125,0.4961875,10,6,['complex_topology'],complex_topology,Low_Dice (<25%)
IMG_2942_649_485,0.3725440590500514,0.2289119168612312,0.23133312364505904,0.9562770521373287,2209,7340,101,303982,2310,9549,0.7686668761126819,0.043722943722943726,3,1,770.0,1534,0.664069264069264,0.332034632034632,0.3333333333333333,0.9999933058233715,0.5,0.5,0.171875,0.4959625000000001,8,8,"['false_crack_high_fp', 'thin_low_area_failure', 'over_segmentation']",false_crack_high_fp,Low_Dice (<25%)
