case_name,dice,iou,precision,recall,tp,fp,fn,tn,gt_area,pred_area,fp_area_ratio,fn_area_ratio,num_gt_cc,num_pred_cc,mean_component_size,perimeter,boundary_to_area_ratio,thinness_score,fragmentation_ratio,mean_routing_entropy,cnn_expert_fraction,vit_expert_fraction,expert_hhi_concentration,mean_gs,cnn_expert_selections,vit_expert_selections,error_taxonomy,primary_error_category,performance_tier
20160222_080850_1281_361,0.8461722804297237,0.7333610261546382,0.9319608182697162,0.7748463860456226,15889,1160,4617,208734,20506,17049,0.06803918118364713,0.2251536135765142,1,1,20506.0,3739,0.18233687701160636,0.09116843850580318,1.0,1.9999237181321265,0.40625,0.59375,0.15234375,0.5011000000000001,13,19,['boundary_margin_error'],boundary_margin_error,Medium_Dice (25-75%)
20160222_080850_1281_721,0.7422852361503645,0.5901856744357239,0.63075832519221,0.9017223865160974,1780,1042,194,227384,1974,2822,0.3692416725726435,0.09827760891590678,2,1,987.0,936,0.47416413373860183,0.23708206686930092,0.5,1.9999130670809597,0.4375,0.5625,0.14453125,0.50215,14,18,['boundary_margin_error'],boundary_margin_error,Medium_Dice (25-75%)
20160222_080850_1921_1,0.05071340564734573,0.026016392763521433,0.02648621719259124,0.5945945890531725,638,23450,435,205877,1073,24088,0.9735137827964131,0.40540540540540543,1,12,1073.0,330,0.30754892823858343,0.15377446411929171,12.0,1.999919096354258,0.3125,0.6875,0.171875,0.50125,10,22,"['false_crack_high_fp', 'thin_low_area_failure', 'over_segmentation', 'fragmented_prediction']",false_crack_high_fp,Low_Dice (<25%)
20160222_080850_1921_361,0.8558139532157331,0.7479674792582874,0.919999999369863,0.799999999523526,13432,1168,3358,212442,16790,14600,0.08,0.2,1,2,16790.0,2880,0.17153067301965455,0.08576533650982728,2.0,1.9999218187722778,0.34375,0.65625,0.15234375,0.5011625000000001,11,21,['high_quality'],high_quality,Medium_Dice (25-75%)
20160222_080850_1_361,0.8000893181762637,0.666790728923434,0.7762634416133204,0.8254240834239062,19707,5680,4168,200845,23875,25387,0.22373655808090756,0.1745759162303665,1,1,23875.0,3950,0.16544502617801046,0.08272251308900523,1.0,1.999914782247878,0.375,0.625,0.15234375,0.5009875,12,20,['boundary_margin_error'],boundary_margin_error,Medium_Dice (25-75%)
20160222_080850_641_361,0.7657452022527276,0.620410958620817,0.708468035922167,0.833098288777302,13587,5591,2722,208500,16309,19178,0.2915319637084159,0.16690171071187687,4,1,4077.25,4122,0.25274388374517137,0.12637194187258569,0.25,1.9999244516718924,0.40625,0.59375,0.15234375,0.5009375,13,19,['boundary_margin_error'],boundary_margin_error,Medium_Dice (25-75%)
20160222_080850_641_721,0.5560961846441744,0.3851338148221002,0.39343444383013926,0.9480644362874142,3943,6079,216,220162,4159,10022,0.60656555577729,0.051935561433036785,1,1,4159.0,1886,0.45347439288290453,0.22673719644145227,1.0,1.9999166633879057,0.375,0.625,0.158203125,0.501725,12,20,['over_segmentation'],over_segmentation,Low_Dice (<25%)
20160222_115224_1281_1,0.5371467248797201,0.3671911147996401,0.4186782740816802,0.7491149380478761,3174,4407,1063,221756,4237,7581,0.5813217253660466,0.2508850601840925,10,6,423.7,4075,0.9617654000472032,0.4808827000236016,0.6,1.9999020705507753,0.28125,0.71875,0.173828125,0.5007874999999999,9,23,"['thin_low_area_failure', 'complex_topology']",thin_low_area_failure,Low_Dice (<25%)
20160222_115224_1281_1081,0.8626544574071878,0.7584805365663897,0.8281276654239159,0.9001855270868544,4852,1007,538,224003,5390,5859,0.17187233316265574,0.09981447124304267,1,1,5390.0,2275,0.42207792207792205,0.21103896103896103,1.0,1.9999141439089236,0.34375,0.65625,0.171875,0.5018875,11,21,['high_quality'],high_quality,Medium_Dice (25-75%)
20160222_115224_1281_361,0.450303029620753,0.29057489188389735,0.3123160985449431,0.8067318088668197,1486,3272,356,225286,1842,4758,0.6876839007986549,0.19326818675352878,6,3,307.0,1801,0.9777415852334419,0.48887079261672095,0.5,1.9998916134342792,0.28125,0.71875,0.17578125,0.5008375,9,23,"['false_crack_high_fp', 'thin_low_area_failure', 'over_segmentation', 'complex_topology']",false_crack_high_fp,Low_Dice (<25%)
20160222_115224_1281_721,0.7822316747527556,0.6423485145205583,0.7148624391225143,0.8636199406365247,4781,1907,755,222957,5536,6688,0.28513755980861244,0.1363800578034682,4,2,1384.0,2724,0.4920520231213873,0.24602601156069365,0.5,1.9999095709882306,0.375,0.625,0.158203125,0.5013,12,20,['boundary_margin_error'],boundary_margin_error,Medium_Dice (25-75%)
20160222_115224_1921_1081,0.8002632418550074,0.6670323605757962,0.6976477297897434,0.9382715976985216,1216,527,80,228577,1296,1743,0.3023522662076879,0.06172839506172839,1,1,1296.0,552,0.42592592592592593,0.21296296296296297,1.0,1.9999052532595558,0.46875,0.53125,0.142578125,0.50255,15,17,['boundary_margin_error'],boundary_margin_error,Medium_Dice (25-75%)
20160222_115224_641_1,0.7219404112168735,0.5648722622583282,0.6651267719540968,0.7893663129040338,6191,3117,1652,219440,7843,9308,0.3348732273313279,0.21063368608950656,4,4,1960.75,4660,0.5941603978069616,0.2970801989034808,1.0,1.9999065817525463,0.3125,0.6875,0.17578125,0.501425,10,22,['boundary_margin_error'],boundary_margin_error,Medium_Dice (25-75%)
20160222_115224_641_1081,0.0,0.0,0.0,0.0,0,2267,1711,226422,1711,2267,1.0,1.0,1,9,1711.0,1669,0.9754529514903565,0.48772647574517825,9.0,1.9999058515030517,0.34375,0.65625,0.15234375,0.502275,11,21,"['missed_crack_high_fn', 'false_crack_high_fp', 'thin_low_area_failure', 'fragmented_prediction']",missed_crack_high_fn,Low_Dice (<25%)
20160222_115224_641_361,0.8176100617752119,0.6914893601029386,0.707859846809044,0.9676375373215613,2990,1234,100,226076,3090,4224,0.2921401515151515,0.032362459546925564,2,1,1545.0,1649,0.5336569579288026,0.2668284789644013,0.5,1.9999029159344073,0.40625,0.59375,0.158203125,0.5022375,13,19,['boundary_margin_error'],boundary_margin_error,Medium_Dice (25-75%)
20160222_115224_641_721,0.4838115287130672,0.319097221668234,0.5296829955916916,0.44525193690588194,1838,1632,2290,224640,4128,3470,0.47031700288184436,0.5547480620155039,5,3,825.6,2219,0.5375484496124031,0.26877422480620156,0.6,1.9999050225285333,0.375,0.625,0.15234375,0.5021375,12,20,"['thin_low_area_failure', 'complex_topology']",thin_low_area_failure,Low_Dice (<25%)
20160222_115837_1281_1,0.7480739593620386,0.5975384608030296,0.6239557889423522,0.9338334277094953,4855,2926,344,222275,5199,7781,0.3760442102557512,0.06616657049432584,1,2,5199.0,2135,0.41065589536449315,0.20532794768224658,2.0,1.999899305285125,0.375,0.625,0.162109375,0.500725,12,20,['boundary_margin_error'],boundary_margin_error,Medium_Dice (25-75%)
20160222_115837_1281_1081,0.687373940181022,0.5236631827009565,0.5244152635937316,0.9972688217039842,2556,2318,7,225519,2563,4874,0.4755847353303242,0.0027311744049941474,4,1,640.75,1867,0.7284432305891534,0.3642216152945767,0.25,1.9999044387972365,0.3125,0.6875,0.1640625,0.5010749999999999,10,22,['moderate_general_error'],moderate_general_error,Low_Dice (<25%)
20160222_115837_1281_361,0.7573870703527827,0.609511660696954,0.6182994443284668,0.9772129682231581,3345,2065,78,224912,3423,5410,0.38170055452865065,0.022787028921998246,4,3,855.75,2052,0.5994741454864154,0.2997370727432077,0.75,1.9999002121479688,0.375,0.625,0.15625,0.5007999999999999,12,20,['boundary_margin_error'],boundary_margin_error,Medium_Dice (25-75%)
20160222_115837_1281_721,0.7233062320822409,0.566546379608265,0.5690831544369229,0.9921933048617348,2669,2021,21,225689,2690,4690,0.4309168443496802,0.007806691449814126,1,1,2690.0,2008,0.7464684014869889,0.37323420074349445,1.0,1.9998967836591326,0.34375,0.65625,0.15625,0.50095,11,21,['moderate_general_error'],moderate_general_error,Medium_Dice (25-75%)
20160222_164851_1281_1081,0.8734236331360551,0.7752902145172883,0.855443731540952,0.8921755711002297,5610,948,678,223164,6288,6558,0.1445562671546203,0.10782442748091603,2,1,3144.0,1152,0.183206106870229,0.0916030534351145,0.5,1.9999029802668273,0.4375,0.5625,0.15234375,0.5013375,14,18,['high_quality'],high_quality,High_Dice (>75%)
20160222_164851_641_1,0.8574991950203174,0.7505458125568379,0.8112819725858085,0.9093003405210748,10657,2479,1063,216201,11720,13136,0.18871802679658953,0.09069965870307167,2,2,5860.0,2308,0.1969283276450512,0.0984641638225256,1.0,1.9998928936385196,0.40625,0.59375,0.146484375,0.501075,13,19,['high_quality'],high_quality,Medium_Dice (25-75%)
20160222_164851_641_1081,0.7161614323735939,0.5578282584995492,0.5813359522776661,0.9324090106626611,5918,4262,429,219791,6347,10180,0.41866404715127703,0.06759098786828423,3,3,2115.6666666666665,2372,0.3737198676540098,0.1868599338270049,1.0,1.9998946127168329,0.375,0.625,0.146484375,0.5011625,12,20,['moderate_general_error'],moderate_general_error,Medium_Dice (25-75%)
20160222_164851_641_361,0.8170713426195026,0.6907190366229211,0.7249817137276536,0.9359601674513176,10903,4136,746,214615,11649,15039,0.2750182857902786,0.06403983174521419,7,3,1664.142857142857,3669,0.31496265773886173,0.15748132886943086,0.42857142857142855,1.9998911560008157,0.3125,0.6875,0.16015625,0.5004375,10,22,"['complex_topology', 'boundary_margin_error']",complex_topology,Medium_Dice (25-75%)
20160222_164851_641_721,0.8402155850224032,0.7244584201785755,0.7562185420116576,0.9452042296269109,10367,3342,601,216090,10968,13709,0.2437814574367204,0.05479576951130562,3,3,3656.0,2773,0.25282640408460977,0.12641320204230488,1.0,1.9998975444683968,0.375,0.625,0.16015625,0.5011749999999999,12,20,['boundary_margin_error'],boundary_margin_error,Medium_Dice (25-75%)
20160222_165225_1281_361,0.7991266371290198,0.6654545448643419,0.6795580104342378,0.9697557180176352,7503,3538,234,219125,7737,11041,0.32044198895027626,0.030244280728964713,1,1,7737.0,3094,0.39989660074964456,0.19994830037482228,1.0,1.9998915086501525,0.40625,0.59375,0.14453125,0.50035,13,19,['boundary_margin_error'],boundary_margin_error,Medium_Dice (25-75%)
20160222_165225_1281_721,0.7595576595274639,0.6123280661623633,0.6904078076369454,0.8441011176678292,1202,539,222,228437,1424,1741,0.3095921883974727,0.15589887640449437,1,1,1424.0,650,0.45646067415730335,0.22823033707865167,1.0,1.999887993095173,0.40625,0.59375,0.1484375,0.5017,13,19,['boundary_margin_error'],boundary_margin_error,Medium_Dice (25-75%)
20160222_165225_1921_721,0.6936462503184624,0.5309788795627212,0.551771240732382,0.9337340099649654,6059,4922,430,218989,6489,10981,0.4482287587651398,0.06626598859608568,2,2,3244.5,3365,0.5185698875019263,0.25928494375096317,1.0,1.9999002629375804,0.4375,0.5625,0.140625,0.50095,14,18,['moderate_general_error'],moderate_general_error,Low_Dice (<25%)
20160222_165225_1_361,0.7616102679337163,0.6150004705408457,0.6806757736148965,0.8643888215277595,6527,3062,1024,219787,7551,9589,0.31932422567525287,0.1356111773275063,1,1,7551.0,3404,0.4508012183816713,0.22540060919083565,1.0,1.999898545741294,0.40625,0.59375,0.142578125,0.500475,13,19,['boundary_margin_error'],boundary_margin_error,Medium_Dice (25-75%)
20160222_165225_641_361,0.7983183852027363,0.6643343589286926,0.7438629470971869,0.8613765563549334,7121,2452,1146,219681,8267,9573,0.25613705212577037,0.13862344260312084,4,2,2066.75,4037,0.4883270835853393,0.24416354179266966,0.5,1.9998924927495056,0.375,0.625,0.150390625,0.5004124999999999,12,20,['boundary_margin_error'],boundary_margin_error,Medium_Dice (25-75%)
20160222_165402_1281_1,0.9138213150900942,0.8413176651186928,0.8645887079527416,0.9689994205101221,8377,1312,268,220443,8645,9689,0.13541129115491796,0.031000578368999422,1,1,8645.0,2045,0.23655292076344708,0.11827646038172354,1.0,1.999901060859568,0.375,0.625,0.154296875,0.500825,12,20,['high_quality'],high_quality,High_Dice (>75%)
20160222_165402_1281_361,0.8815393248193032,0.7881719441560903,0.7985944139091969,0.9837111277096354,8636,2178,143,219443,8779,10814,0.20140558535232106,0.01628887116983711,2,1,4389.5,2052,0.2337396058776626,0.1168698029388313,0.5,1.9998994084423736,0.375,0.625,0.154296875,0.50125,12,20,['high_quality'],high_quality,High_Dice (>75%)
20160222_165402_641_1081,0.9287005271186233,0.8668916121285694,0.9071191807846093,0.951333786026348,12589,1289,644,215878,13233,13878,0.09288081856175241,0.048666213254741936,1,1,13233.0,1717,0.12975137912793774,0.06487568956396887,1.0,1.9998948238382304,0.40625,0.59375,0.146484375,0.5015499999999999,13,19,['high_quality'],high_quality,High_Dice (>75%)
20160222_165402_641_721,0.8874851949824886,0.7977288850268551,0.8022125070905411,0.9930425168492076,8992,2217,63,219128,9055,11209,0.19778749219377287,0.006957482054113749,1,1,9055.0,1678,0.1853119823302043,0.09265599116510215,1.0,1.999887017060578,0.375,0.625,0.14453125,0.5014625,12,20,['high_quality'],high_quality,High_Dice (>75%)
20160222_165926_1281_361,0.49175412201695257,0.3260437367643048,0.3260437367643048,0.9999999923780488,1312,2712,0,226376,1312,4024,0.6739562624254473,0.0,2,1,656.0,1592,1.2134146341463414,0.6067073170731707,0.5,1.9999041714862238,0.4375,0.5625,0.150390625,0.50115,14,18,"['false_crack_high_fp', 'thin_low_area_failure', 'over_segmentation']",false_crack_high_fp,Low_Dice (<25%)
20160222_165926_1281_721,0.7140418923863135,0.5552606170906604,0.5614934107351227,0.980400509202385,4602,3594,92,222112,4694,8196,0.438506588579795,0.0195994887089902,1,2,4694.0,3164,0.674051981252663,0.3370259906263315,2.0,1.9998978980049888,0.34375,0.65625,0.15625,0.50095,11,21,['moderate_general_error'],moderate_general_error,Low_Dice (<25%)
20160222_165926_1921_721,0.705964260303269,0.5455523666361163,0.5673961694013975,0.9340839284870339,4563,3479,322,222036,4885,8042,0.43260382989306145,0.06591606960081883,4,1,1221.25,3742,0.7660184237461617,0.38300921187308085,0.25,1.9998953752941322,0.34375,0.65625,0.15625,0.5009,11,21,['moderate_general_error'],moderate_general_error,Low_Dice (<25%)
20160222_165926_1_1081,0.5860769022717344,0.41450408668857414,0.4408317563673657,0.874062961963546,1166,1479,168,227587,1334,2645,0.5591682419659736,0.12593703148425786,4,3,333.5,1166,0.8740629685157422,0.4370314842578711,0.75,1.9999032179347438,0.34375,0.65625,0.146484375,0.50135,11,21,['moderate_general_error'],moderate_general_error,Low_Dice (<25%)
20160222_165926_1_721,0.6105166256926514,0.43938390122659177,0.44806620427619287,0.9577617293943619,2653,3268,117,224362,2770,5921,0.5519337949670664,0.04223826714801444,5,4,554.0,2358,0.8512635379061372,0.4256317689530686,0.8,1.9999036246471646,0.34375,0.65625,0.154296875,0.5008999999999999,11,21,"['over_segmentation', 'complex_topology']",over_segmentation,Low_Dice (<25%)
20160222_165926_641_1,0.720891628265483,0.5635891721105133,0.5721814406697131,0.9740467767572996,3040,2273,81,225006,3121,5313,0.42781855825334086,0.025953220121755848,1,1,3121.0,1933,0.619352771547581,0.3096763857737905,1.0,1.9999096072861726,0.375,0.625,0.15234375,0.5015625,12,20,['moderate_general_error'],moderate_general_error,Medium_Dice (25-75%)
20160222_165926_641_361,0.6645084702012426,0.49757595265420823,0.49902755186543346,0.9941879205870586,3079,3091,18,224212,3097,6170,0.5009724473257698,0.005812076202776881,2,2,1548.5,2230,0.7200516628995802,0.3600258314497901,1.0,1.9999068187405415,0.40625,0.59375,0.150390625,0.50145,13,19,['moderate_general_error'],moderate_general_error,Low_Dice (<25%)
20160222_165926_641_721,0.7344110849514937,0.5802919701800215,0.5959651630515211,0.956644839928075,5406,3665,245,221084,5651,9071,0.40403483629147835,0.04335515837904796,2,2,2825.5,4142,0.7329676163510883,0.36648380817554416,1.0,1.9999025269371105,0.34375,0.65625,0.15625,0.5006125,11,21,['moderate_general_error'],moderate_general_error,Medium_Dice (25-75%)
20160302_155857_1281_1,0.6444734547109998,0.47544141201129864,0.5362703674879055,0.807377792463424,4443,3842,1060,221055,5503,8285,0.4637296318648159,0.19262220606941668,2,2,2751.5,1899,0.3450844993639833,0.17254224968199164,1.0,1.9999241755449044,0.40625,0.59375,0.154296875,0.502,13,19,['moderate_general_error'],moderate_general_error,Low_Dice (<25%)
20160302_155857_1281_361,0.7761176671262615,0.6341440237182747,0.7193663102496322,0.8425902539225066,6675,2604,1247,219874,7922,9279,0.2806336889751051,0.15740974501388538,1,3,7922.0,2828,0.35698056046452914,0.17849028023226457,3.0,1.999926337115332,0.34375,0.65625,0.1640625,0.5014,11,21,['boundary_margin_error'],boundary_margin_error,Medium_Dice (25-75%)
20160302_155857_1281_721,0.3993437237090341,0.2494874943634943,0.2494874943634943,0.9999999917830732,1217,3661,0,225522,1217,4878,0.7505125051250513,0.0,1,1,1217.0,430,0.3533278553820871,0.17666392769104355,1.0,1.999920805942038,0.375,0.625,0.158203125,0.5023124999999999,12,20,"['false_crack_high_fp', 'thin_low_area_failure', 'over_segmentation']",false_crack_high_fp,Low_Dice (<25%)
20160302_155857_1_721,0.8874598068361575,0.7976878608874336,0.8819300203004048,0.8930593750239663,16560,2217,1983,209640,18543,18777,0.11806997922990893,0.10694062449441838,1,1,18543.0,3212,0.17321900447608263,0.08660950223804131,1.0,1.999938875083322,0.375,0.625,0.154296875,0.5018374999999999,12,20,['high_quality'],high_quality,High_Dice (>75%)
20160302_155857_641_721,0.7269616395555002,0.5710445671893745,0.5995033296085882,0.9232507597364183,10622,7096,883,211799,11505,17718,0.4004966700530534,0.07674923946110387,3,2,3835.0,3366,0.2925684485006519,0.14628422425032594,0.6666666666666666,1.9999317520943811,0.3125,0.6875,0.158203125,0.5014875,10,22,['moderate_general_error'],moderate_general_error,Medium_Dice (25-75%)
20160307_144202_1281_361,0.612094234821358,0.441020024686311,0.4654887710819941,0.8935023757630708,5638,6474,672,217616,6310,12112,0.5345112285336856,0.10649762282091918,10,3,631.0,3310,0.5245641838351822,0.2622820919175911,0.3,1.9999151253515863,0.3125,0.6875,0.162109375,0.50115,10,22,['complex_topology'],complex_topology,Low_Dice (<25%)
20160307_144202_1281_721,0.5765426278129603,0.4050297810654801,0.4098031332398512,0.9720457402412778,3060,4407,88,222845,3148,7467,0.5901968662113298,0.02795425667090216,5,1,629.6,1470,0.4669631512071156,0.2334815756035578,0.2,1.9999108823169445,0.3125,0.6875,0.158203125,0.501125,10,22,"['over_segmentation', 'complex_topology']",over_segmentation,Low_Dice (<25%)
20160307_144202_1921_361,0.613107822243967,0.4420731705589145,0.4513168394049015,0.9557208036541146,11310,13750,524,204816,11834,25060,0.548683160415004,0.04427919553827953,5,2,2366.8,4983,0.42107486902146357,0.21053743451073179,0.4,1.9999209374360505,0.25,0.75,0.17578125,0.500875,8,24,"['over_segmentation', 'complex_topology']",over_segmentation,Low_Dice (<25%)
20160307_144202_1_361,0.8250744884650771,0.7022355718425076,0.7470012043648834,0.9213722697238841,14261,4830,1217,210092,15478,19091,0.2529987952438322,0.07862772968083732,7,3,2211.1428571428573,4184,0.2703191626825171,0.13515958134125855,0.42857142857142855,1.9999169731011863,0.3125,0.6875,0.158203125,0.5010125,10,22,"['complex_topology', 'boundary_margin_error']",complex_topology,Medium_Dice (25-75%)
20160307_144202_641_361,0.7199670869720354,0.5624598239969681,0.5782575170292668,0.9536784732482485,10500,7658,510,211732,11010,18158,0.4217424826522745,0.04632152588555858,10,2,1101.0,4281,0.3888283378746594,0.1944141689373297,0.2,1.9999107885318133,0.3125,0.6875,0.158203125,0.5008,10,22,['complex_topology'],complex_topology,Medium_Dice (25-75%)
20160307_145059_1281_361,0.8754514961056981,0.7784915395592248,0.8062848991289742,0.9575984189659952,13573,3261,601,212965,14174,16834,0.1937151003920637,0.04240158035840271,4,2,3543.5,3270,0.23070410610977846,0.11535205305488923,0.5,1.9998929778249375,0.3125,0.6875,0.158203125,0.499675,10,22,['high_quality'],high_quality,High_Dice (>75%)
20160307_145059_1281_721,0.7719031588470833,0.628536067336867,0.6461874028481438,0.9583501806734733,7110,3893,309,219088,7419,11003,0.3538125965645733,0.041649818034775576,3,4,2473.0,3748,0.5051893786224558,0.2525946893112279,1.3333333333333333,1.999901995590721,0.28125,0.71875,0.18359375,0.5007625,9,23,['boundary_margin_error'],boundary_margin_error,Medium_Dice (25-75%)
20160307_145059_1921_1081,0.8003884649631045,0.6672063760528006,0.6727364050323541,0.9878296127829069,5357,2606,66,222371,5423,7963,0.327263594122818,0.012170385395537525,3,3,1807.6666666666667,2182,0.4023603171676194,0.2011801585838097,1.0,1.9999122536848657,0.34375,0.65625,0.1640625,0.5008375,11,21,['boundary_margin_error'],boundary_margin_error,Medium_Dice (25-75%)
20160307_145059_1921_361,0.8666519236080451,0.7646829263319136,0.8318828268365649,0.9044541880879651,11757,2376,1242,215025,12999,14133,0.1681171725748249,0.0955458112162474,1,1,12999.0,3074,0.23647972920993923,0.11823986460496962,1.0,1.9999018295733313,0.28125,0.71875,0.18359375,0.5001125,9,23,['high_quality'],high_quality,Medium_Dice (25-75%)
20160307_145059_1921_721,0.8061297213060141,0.6752238795892181,0.7107619784591328,0.9310557708766088,4524,1841,335,223700,4859,6365,0.28923802042419483,0.06894422720724429,3,2,1619.6666666666667,1757,0.3615970364272484,0.1807985182136242,0.6666666666666666,1.9999164991438507,0.3125,0.6875,0.1640625,0.5018125,10,22,['boundary_margin_error'],boundary_margin_error,Medium_Dice (25-75%)
20160307_145059_1_361,0.9079630999321583,0.8314399448184873,0.8517008147486564,0.9721843767345772,8563,1491,245,220101,8808,10054,0.14829918440421722,0.02781562216167121,1,1,8808.0,2411,0.27372842870118075,0.13686421435059037,1.0,1.9999018039417742,0.375,0.625,0.150390625,0.5008999999999999,12,20,['high_quality'],high_quality,High_Dice (>75%)
20160307_145059_1_721,0.8193402231209541,0.6939681008586545,0.7300365829064759,0.9335376658597554,5787,2140,412,222061,6199,7927,0.26996341617257474,0.06646233263429585,1,1,6199.0,1626,0.2623003710275851,0.13115018551379254,1.0,1.9998949242899986,0.375,0.625,0.1484375,0.500425,12,20,['boundary_margin_error'],boundary_margin_error,Medium_Dice (25-75%)
20160307_145059_641_361,0.7372899684594433,0.5838949165232497,0.5968476350299502,0.9641644644206631,5112,3453,190,221645,5302,8565,0.4031523642732049,0.035835533760844966,2,2,2651.0,2106,0.3972086005281026,0.1986043002640513,1.0,1.9998891878443266,0.3125,0.6875,0.171875,0.500625,10,22,['moderate_general_error'],moderate_general_error,Medium_Dice (25-75%)
20160307_145059_641_721,0.8684168525102072,0.7674353002133593,0.7893095439590154,0.9651472144686527,10883,2905,393,216219,11276,13788,0.21069045546852336,0.03485278467541682,2,1,5638.0,3040,0.2695991486342675,0.13479957431713374,0.5,1.99989722873944,0.28125,0.71875,0.171875,0.5002625,9,23,['high_quality'],high_quality,Medium_Dice (25-75%)
20160307_162438_1281_361,0.7928217087936654,0.6567561018690934,0.9999999963194699,0.6567561018690934,2717,0,1420,226263,4137,2717,0.0,0.34324389654338894,1,1,4137.0,396,0.09572153734590283,0.047860768672951415,1.0,1.9998894798153963,0.40625,0.59375,0.138671875,0.5012375,13,19,['boundary_margin_error'],boundary_margin_error,Medium_Dice (25-75%)
20160307_162438_1281_721,0.8997850480003071,0.8178265950348205,0.9646875223326241,0.8430651143889546,26581,973,4948,197898,31529,27554,0.03531247731726791,0.15693488534365188,1,1,31529.0,3073,0.09746582511338768,0.04873291255669384,1.0,1.999904709746417,0.40625,0.59375,0.142578125,0.5001,13,19,['high_quality'],high_quality,High_Dice (>75%)
20160307_162438_1921_1081,0.7699009534253939,0.6258853346560164,0.7429203533248493,0.7989151115351018,8395,2905,2113,216987,10508,11300,0.2570796460176991,0.201084887704606,2,3,5254.0,2256,0.21469356680624285,0.10734678340312143,1.5,1.9998992600330667,0.40625,0.59375,0.146484375,0.501,13,19,['boundary_margin_error'],boundary_margin_error,Medium_Dice (25-75%)
20160307_162438_1921_721,0.8907855221633395,0.8030777996160575,0.9039501416442352,0.8779988423563454,19726,2096,2741,205837,22467,21822,0.0960498579415269,0.12200115725285975,1,1,22467.0,2708,0.12053233631548493,0.06026616815774247,1.0,1.9999107238754208,0.40625,0.59375,0.142578125,0.5002375,13,19,['high_quality'],high_quality,High_Dice (>75%)
20160307_162438_1_361,0.8596437854887378,0.7538379451522231,0.9139370770614709,0.8114394609691851,31083,2927,7223,189167,38306,34010,0.086062922669803,0.18856053881898396,1,1,38306.0,3094,0.08077063645381924,0.04038531822690962,1.0,1.999898169060802,0.40625,0.59375,0.142578125,0.49987499999999996,13,19,['high_quality'],high_quality,Medium_Dice (25-75%)
20160307_162438_641_361,0.8679339895906423,0.7666814316567948,0.870513464921351,0.8653697555268535,19039,2832,2962,205567,22001,21871,0.12948653468062732,0.13463024407981455,1,1,22001.0,2516,0.11435843825280669,0.05717921912640334,1.0,1.9999022486291569,0.40625,0.59375,0.142578125,0.4999,13,19,['high_quality'],high_quality,Medium_Dice (25-75%)
20160307_162438_641_721,0.7318971876170075,0.5771591865186715,0.6131789040670428,0.9076231675971652,5453,3440,555,220952,6008,8893,0.38682109524344993,0.09237683089214381,1,1,6008.0,705,0.11734354194407456,0.05867177097203728,1.0,1.9998860129088332,0.3125,0.6875,0.162109375,0.5005125,10,22,['boundary_margin_error'],boundary_margin_error,Medium_Dice (25-75%)
20160310_114505_1281_1,0.44102810420246447,0.28289676381680007,0.28289676381680007,0.999999994553377,1836,4654,0,223910,1836,6490,0.7171032357473035,0.0,4,1,459.0,1931,1.051742919389978,0.525871459694989,0.25,1.9999018167342948,0.28125,0.71875,0.1796875,0.5010375,9,23,"['false_crack_high_fp', 'thin_low_area_failure', 'over_segmentation']",false_crack_high_fp,Low_Dice (<25%)
20160310_114505_641_1,0.5423774522672932,0.37209732595790795,0.3805108794886368,0.9439098780945556,4022,6548,239,219591,4261,10570,0.6194891201513718,0.05609011969021357,4,5,1065.25,2348,0.551044355785027,0.2755221778925135,1.25,1.9999069586743472,0.25,0.75,0.169921875,0.5009375,8,24,"['thin_low_area_failure', 'over_segmentation']",thin_low_area_failure,Low_Dice (<25%)
20160310_114505_641_1081,0.5967868614089348,0.4253002234629552,0.42634156251138383,0.9942897906393297,4179,5623,24,220574,4203,9802,0.5736584370536625,0.005710206995003569,3,6,1401.0,1842,0.4382583868665239,0.21912919343326195,2.0,1.999905267294333,0.28125,0.71875,0.166015625,0.5009250000000001,9,23,['over_segmentation'],over_segmentation,Low_Dice (<25%)
20160310_114505_641_361,0.47914634818475915,0.3150509239418703,0.31667551352341283,0.9839773775118347,4176,9011,68,217145,4244,13187,0.683324486236445,0.016022620169651274,5,4,848.8,2457,0.5789349670122526,0.2894674835061263,0.8,1.999905361405684,0.28125,0.71875,0.166015625,0.501025,9,23,"['false_crack_high_fp', 'thin_low_area_failure', 'over_segmentation', 'complex_topology']",false_crack_high_fp,Low_Dice (<25%)
20160310_114505_641_721,0.602716938866983,0.43134920592128057,0.43173468331671666,0.9979343562131413,4348,5723,9,220320,4357,10071,0.5682653162545924,0.0020656414964425065,4,2,1089.25,1798,0.41266926784484737,0.20633463392242368,0.5,1.9999051877617937,0.34375,0.65625,0.142578125,0.50105,11,21,['over_segmentation'],over_segmentation,Low_Dice (<25%)
20160316_142539_1281_361,0.8209823957829483,0.6963275127076128,0.8618479867930731,0.7838167514450844,5783,927,1595,222095,7378,6710,0.13815201192250373,0.21618324749254542,1,1,7378.0,1653,0.22404445649227434,0.11202222824613717,1.0,1.9998922188431374,0.34375,0.65625,0.16796875,0.50125,11,21,['boundary_margin_error'],boundary_margin_error,Medium_Dice (25-75%)
20160316_142539_1281_721,0.7939231813486483,0.6582691658367349,0.7373898361734579,0.8598447569040727,7865,2801,1282,218452,9147,10666,0.262610163135196,0.1401552421558981,2,1,4573.5,2578,0.2818410407783973,0.14092052038919864,0.5,1.9998918433421664,0.28125,0.71875,0.166015625,0.5007875,9,23,['boundary_margin_error'],boundary_margin_error,Medium_Dice (25-75%)
20160316_142539_1921_361,0.6966816267813968,0.5345444682567546,0.5850893330651812,0.8608733616935604,9857,6990,1593,211960,11450,16847,0.414910666587523,0.13912663755458515,7,4,1635.7142857142858,4030,0.3519650655021834,0.1759825327510917,0.5714285714285714,1.999908112582557,0.3125,0.6875,0.1640625,0.5010875,10,22,['complex_topology'],complex_topology,Low_Dice (<25%)
20160316_142539_1_721,0.6919172930163167,0.5289553094175623,0.5795025185875826,0.8584421635117832,11043,8013,1821,209523,12864,19056,0.42049748110831237,0.1415578358208955,7,2,1837.7142857142858,4023,0.3127332089552239,0.15636660447761194,0.2857142857142857,1.9999026539922808,0.28125,0.71875,0.169921875,0.501125,9,23,['complex_topology'],complex_topology,Low_Dice (<25%)
20160316_142539_641_721,0.5742374887254256,0.40275816216550714,0.4618022478272994,0.7590418030694835,9696,11300,3078,206326,12774,20996,0.5381977519527529,0.24095819633630813,4,4,3193.5,4538,0.35525285736652573,0.17762642868326287,1.0,1.9998955225729786,0.3125,0.6875,0.166015625,0.501225,10,22,['moderate_general_error'],moderate_general_error,Low_Dice (<25%)
20160316_143445_1281_1,0.8779566079974502,0.7824622597086291,0.847943687122503,0.9101720995451433,13010,2333,1284,213773,14294,15343,0.15205631232483868,0.0898278998181055,1,1,14294.0,2297,0.16069679585840213,0.08034839792920107,1.0,1.9999121873448367,0.375,0.625,0.1484375,0.501225,12,20,['high_quality'],high_quality,High_Dice (>75%)
20160316_143445_1281_1081,0.7854518726604802,0.6467029630032205,0.7340352466604825,0.8446141668564283,3207,1162,590,225441,3797,4369,0.26596475165941863,0.1553858309191467,4,2,949.25,1205,0.3173558072162233,0.15867790360811165,0.5,1.999911374038837,0.375,0.625,0.1484375,0.50245,12,20,['boundary_margin_error'],boundary_margin_error,Medium_Dice (25-75%)
20160316_143445_1281_361,0.8680287934021563,0.7668293931353871,0.7898114450613223,0.9634412065503662,11938,3177,453,214832,12391,15115,0.2101885544161429,0.036558792672100715,2,2,6195.5,2403,0.19393107900895812,0.09696553950447906,1.0,1.9999067133406618,0.34375,0.65625,0.146484375,0.501425,11,21,['high_quality'],high_quality,Medium_Dice (25-75%)
20160316_143445_1281_721,0.8107240415639065,0.6816954768260973,0.8172372674631027,0.8043138126931639,14394,3219,3502,209285,17896,17613,0.1827627320729007,0.1956861868573983,2,3,8948.0,4941,0.2760952168082253,0.13804760840411265,1.5,1.999913139757402,0.3125,0.6875,0.15234375,0.5012125,10,22,['boundary_margin_error'],boundary_margin_error,Medium_Dice (25-75%)
20160316_143445_1921_1081,0.6921433654440335,0.5292196003417644,0.5909533069139483,0.835147209491182,7290,5046,1439,216625,8729,12336,0.4090466926070039,0.1648527895520678,2,1,4364.5,2735,0.31332340474281134,0.15666170237140567,0.5,1.9999084444392041,0.375,0.625,0.14453125,0.5026375000000001,12,20,['moderate_general_error'],moderate_general_error,Low_Dice (<25%)
20160316_143445_1_1081,0.8425925921442142,0.7279999993305747,0.8836923753949186,0.8051459363315917,7917,1042,1916,219525,9833,8959,0.11630762361870745,0.19485406284958812,1,1,9833.0,2466,0.2507881623105868,0.1253940811552934,1.0,1.999913736731004,0.375,0.625,0.14453125,0.5019875,12,20,['boundary_margin_error'],boundary_margin_error,Medium_Dice (25-75%)
20160316_143445_1_721,0.5598000151864698,0.3886960290858147,0.41808634723677207,0.8468447155593366,3583,4987,648,221182,4231,8570,0.5819136522753793,0.15315528243913967,2,5,2115.5,1268,0.2996927440321437,0.14984637201607184,2.5,1.9999056341913022,0.375,0.625,0.1484375,0.5024875,12,20,['over_segmentation'],over_segmentation,Low_Dice (<25%)
20160316_143445_641_361,0.8724832210582535,0.7738095231515225,0.8188607929282276,0.9336206002527746,9100,2013,647,218640,9747,11113,0.18113920633492306,0.06637939878937109,1,1,9747.0,2796,0.2868574946137273,0.14342874730686364,1.0,1.999907380086098,0.3125,0.6875,0.158203125,0.501425,10,22,['high_quality'],high_quality,Medium_Dice (25-75%)
20160316_143445_641_721,0.8637215524156779,0.7601319502732027,0.8219527101284624,0.9099627655309006,8065,1747,798,219790,8863,9812,0.17804728903383613,0.090037233442401,1,1,8863.0,2133,0.2406634322464177,0.12033171612320885,1.0,1.9999055411615183,0.34375,0.65625,0.142578125,0.5021125,11,21,['high_quality'],high_quality,Medium_Dice (25-75%)
20160316_143527_1281_1081,0.7863514899131134,0.6479235819741728,0.7653036722691017,0.8085897862626059,9564,2933,2264,215639,11828,12497,0.23469632711850844,0.1914102130537707,4,3,2957.0,4261,0.360246871829557,0.1801234359147785,0.75,1.9999186067393364,0.3125,0.6875,0.150390625,0.501525,10,22,['boundary_margin_error'],boundary_margin_error,Medium_Dice (25-75%)
20160316_143527_1281_361,0.64474667367397,0.4757388608827992,0.6091499559188084,0.6847619025880574,2157,1384,993,225866,3150,3541,0.390850042360915,0.31523809523809526,4,2,787.5,1101,0.3495238095238095,0.17476190476190476,0.5,1.999897336154766,0.40625,0.59375,0.13671875,0.50215,13,19,['moderate_general_error'],moderate_general_error,Low_Dice (<25%)
20160316_143527_1281_721,0.7807642411568847,0.6403718357946794,0.7519947388198182,0.8118226130854169,17153,5657,3976,203614,21129,22810,0.24800526085050417,0.18817738653036112,7,2,3018.4285714285716,7452,0.35269061479483177,0.17634530739741588,0.2857142857142857,1.9999127926905789,0.375,0.625,0.14453125,0.5012749999999999,12,20,"['complex_topology', 'boundary_margin_error']",complex_topology,Medium_Dice (25-75%)
20160316_143527_1921_361,0.705918564459626,0.5454977909986424,0.5716829281591889,0.9225376382915325,8027,6014,674,215685,8701,14041,0.42831707143365855,0.07746236064820136,2,2,4350.5,4261,0.48971382599701185,0.24485691299850593,1.0,1.9999085904974128,0.3125,0.6875,0.150390625,0.50155,10,22,['moderate_general_error'],moderate_general_error,Low_Dice (<25%)
20160316_143527_1_1,0.6685480615858158,0.5021195600812185,0.6863765365582113,0.6516223187923854,5804,2652,3103,218841,8907,8456,0.31362346263008517,0.34837768047603007,2,1,4453.5,3323,0.37307735488941285,0.18653867744470642,0.5,1.9999085381687147,0.28125,0.71875,0.158203125,0.501175,9,23,['boundary_margin_error'],boundary_margin_error,Low_Dice (<25%)
20160316_143527_1_361,0.6593802228888,0.4918473038713844,0.5010748475648332,0.9639097708123692,2564,2553,96,225187,2660,5117,0.4989251514559312,0.03609022556390978,2,3,1330.0,1788,0.6721804511278195,0.3360902255639098,1.5,1.9999065168096226,0.375,0.625,0.150390625,0.5021875,12,20,['moderate_general_error'],moderate_general_error,Low_Dice (<25%)
20160316_143527_641_1,0.8330876153995959,0.7139247353903757,0.8030656777960962,0.8654414168412193,7911,1940,1230,219319,9141,9851,0.1969343213886915,0.1345585822120118,1,1,9141.0,2978,0.3257849250629034,0.1628924625314517,1.0,1.9999015768188508,0.28125,0.71875,0.16015625,0.500975,9,23,['boundary_margin_error'],boundary_margin_error,Medium_Dice (25-75%)
20160316_143527_641_361,0.7845743026813096,0.6455139992614378,0.7634759482937661,0.8068718860602427,12634,3914,3024,210828,15658,16548,0.23652405124486342,0.19312811342444758,8,3,1957.25,5907,0.37725124536977905,0.18862562268488953,0.375,1.9999043534300922,0.3125,0.6875,0.15625,0.5012875,10,22,"['complex_topology', 'boundary_margin_error']",complex_topology,Medium_Dice (25-75%)
20160316_143527_641_721,0.6714580746208525,0.505409774275078,0.7244206760705514,0.6257120852567943,4064,1546,2431,222359,6495,5610,0.27557932263814616,0.3742879137798306,3,2,2165.0,2013,0.3099307159353349,0.15496535796766744,0.6666666666666666,1.9999057975217673,0.34375,0.65625,0.142578125,0.5023,11,21,['boundary_margin_error'],boundary_margin_error,Low_Dice (<25%)
20160316_143547_1281_1081,0.8897002877077433,0.8013154266886395,0.8849878907839349,0.8944631358382895,2924,380,345,226751,3269,3304,0.11501210653753027,0.10553686142551238,3,1,1089.6666666666667,774,0.23676965432854083,0.11838482716427041,0.3333333333333333,1.9999072704807865,0.34375,0.65625,0.15234375,0.5025000000000001,11,21,['high_quality'],high_quality,High_Dice (>75%)
20160316_143547_1281_361,0.30956634674424827,0.18312836244594857,0.18533644460261292,0.9389162469072291,953,4189,62,225196,1015,5142,0.8146635550369506,0.061083743842364535,1,2,1015.0,210,0.20689655172413793,0.10344827586206896,2.0,1.9998978574332493,0.375,0.625,0.146484375,0.5023375,12,20,"['false_crack_high_fp', 'thin_low_area_failure', 'over_segmentation']",false_crack_high_fp,Low_Dice (<25%)
20160316_143547_1281_721,0.8947446648487642,0.8095366169178757,0.8535834376479425,0.9400767441816541,21069,3614,1343,204374,22412,24683,0.14641656200623912,0.05992325539889345,1,1,22412.0,4400,0.19632339817954667,0.09816169908977333,1.0,1.999911746500366,0.34375,0.65625,0.158203125,0.5013375,11,21,['high_quality'],high_quality,High_Dice (>75%)
20160316_143547_1921_1081,0.8499665661881547,0.7390798747223345,0.8104403264353695,0.8935459773764132,20338,4757,2423,202882,22761,25095,0.1895596732416816,0.10645402223100918,3,3,7587.0,5059,0.2222661570229779,0.11113307851148894,1.0,1.9999162444231269,0.3125,0.6875,0.16796875,0.5015125,10,22,['boundary_margin_error'],boundary_margin_error,Medium_Dice (25-75%)
20160316_143547_1_1,0.7642548168946602,0.6184566424723115,0.8438992612216679,0.6983471070197945,11661,2157,5037,211545,16698,13818,0.15610073816760747,0.30165289256198347,1,2,16698.0,4621,0.2767397293088993,0.13836986465444964,2.0,1.9999076589169125,0.3125,0.6875,0.16796875,0.5013000000000001,10,22,['boundary_margin_error'],boundary_margin_error,Medium_Dice (25-75%)
20160316_143547_641_1,0.8501488559373177,0.7393555768736734,0.7635175236867646,0.9589552167242148,1285,398,55,228662,1340,1683,0.23648247177658943,0.041044776119402986,1,1,1340.0,445,0.332089552238806,0.166044776119403,1.0,1.9998990376791381,0.375,0.625,0.154296875,0.502,12,20,['high_quality'],high_quality,Medium_Dice (25-75%)
20160316_143547_641_361,0.8978019029292984,0.8145558455556905,0.8439586740305162,0.9589835354624313,13397,2477,573,213953,13970,15874,0.15604132543782284,0.04101646385110952,2,1,6985.0,3890,0.278453829634932,0.139226914817466,0.5,1.9999050078611775,0.3125,0.6875,0.16015625,0.5013624999999999,10,22,['high_quality'],high_quality,High_Dice (>75%)
20160316_143547_641_721,0.7040261115123716,0.5432409694102354,0.8513157782721609,0.6001855231893737,647,113,431,229209,1078,760,0.14868421052631578,0.39981447124304265,2,1,539.0,561,0.5204081632653061,0.2602040816326531,0.5,1.9998999021738313,0.40625,0.59375,0.14453125,0.502525,13,19,['boundary_margin_error'],boundary_margin_error,Low_Dice (<25%)
20160318_181632_1281_1081,0.8569157390683354,0.7496522945473074,0.8089163536486796,0.910970820246075,18326,4329,1791,205954,20117,22655,0.19108364599426175,0.08902917930108863,1,1,20117.0,3066,0.1524084107968385,0.07620420539841925,1.0,1.9999065455772933,0.40625,0.59375,0.142578125,0.50095,13,19,['high_quality'],high_quality,Medium_Dice (25-75%)
20160318_181632_1281_361,0.8556098656026166,0.7476557512033836,0.9067039768674969,0.8099670245692034,30458,3134,7146,189662,37604,33592,0.09329602286258633,0.1900329752154026,8,1,4700.5,5071,0.13485267524731412,0.06742633762365706,0.125,1.9999041336399557,0.375,0.625,0.14453125,0.500875,12,20,"['complex_topology', 'high_quality']",complex_topology,Medium_Dice (25-75%)
20160318_181632_1281_721,0.888810556963096,0.7998731112257135,0.8548544302856912,0.9255758461385813,20172,3425,1622,205181,21794,23597,0.14514556935203626,0.0744241534367257,1,2,21794.0,2539,0.1164999541158117,0.05824997705790585,2.0,1.999906161402034,0.375,0.625,0.1640625,0.502075,12,20,['high_quality'],high_quality,High_Dice (>75%)
20160318_181632_1921_1,0.7716966372442371,0.6282622523420397,0.7721494215291426,0.7712443821620544,3948,1165,1171,224116,5119,5113,0.22785057696068844,0.22875561633131472,5,1,1023.8,1148,0.22426255127954678,0.11213127563977339,0.2,1.9999127090378757,0.34375,0.65625,0.1640625,0.5021625,11,21,"['complex_topology', 'boundary_margin_error']",complex_topology,Medium_Dice (25-75%)
20160318_181632_1921_361,0.886865738941025,0.796728454029714,0.918248361171909,0.8575573304488863,21577,1921,3584,203318,25161,23498,0.08175163843731381,0.14244266921028576,1,2,25161.0,3071,0.12205397241763045,0.06102698620881523,2.0,1.9999126730151846,0.34375,0.65625,0.15234375,0.5011375,11,21,['high_quality'],high_quality,High_Dice (>75%)
20160318_181632_1_1,0.9412986059844431,0.88910679754013,0.9218899518774252,0.9615420601473622,30828,2612,1233,195727,32061,33440,0.07811004784688995,0.03845793955272761,1,1,32061.0,3190,0.0994978322572596,0.0497489161286298,1.0,1.999903427595043,0.34375,0.65625,0.15234375,0.5008874999999999,11,21,['high_quality'],high_quality,High_Dice (>75%)
20160318_181632_1_361,0.9167355605093475,0.8462712585122738,0.9431348701260392,0.8917738950097108,3881,234,471,225814,4352,4115,0.05686512758201701,0.10822610294117647,2,1,2176.0,534,0.12270220588235294,0.06135110294117647,0.5,1.9998926048805081,0.375,0.625,0.1484375,0.5021125000000001,12,20,['high_quality'],high_quality,High_Dice (>75%)
20160318_181632_641_1,0.7482742734738282,0.5977941154492863,0.9307384033729914,0.6256252380699298,1626,121,973,227680,2599,1747,0.06926159129937035,0.3743747595228934,2,2,1299.5,488,0.1877645248172374,0.0938822624086187,1.0,1.9998932969956464,0.40625,0.59375,0.150390625,0.502225,13,19,['boundary_margin_error'],boundary_margin_error,Medium_Dice (25-75%)
20160318_181632_641_361,0.9186487640103778,0.8495378129102117,0.9392872270336561,0.8988977572788805,35475,2293,3990,188642,39465,37768,0.06071277271764457,0.10110224249334854,1,1,39465.0,3248,0.08230077283669074,0.04115038641834537,1.0,1.9999033945395355,0.375,0.625,0.140625,0.5009250000000001,12,20,['high_quality'],high_quality,High_Dice (>75%)
20160318_181632_641_721,0.20526825812239605,0.11437266825606453,0.11442883791923304,0.995726487216013,1165,9016,5,220214,1170,10181,0.8855711619683725,0.004273504273504274,1,3,1170.0,668,0.5709401709401709,0.28547008547008546,3.0,1.9999000164940377,0.5,0.5,0.140625,0.5024375000000001,16,16,"['false_crack_high_fp', 'thin_low_area_failure', 'over_segmentation']",false_crack_high_fp,Low_Dice (<25%)
20160321_183947_1281_361,0.7959352949068119,0.6610403008575945,0.7274450313591924,0.8786629996398213,1919,719,265,227497,2184,2638,0.2725549658832449,0.12133699633699634,1,2,2184.0,385,0.1762820512820513,0.08814102564102565,2.0,1.999894340425597,0.375,0.625,0.15234375,0.5017750000000001,12,20,['boundary_margin_error'],boundary_margin_error,Medium_Dice (25-75%)
20160321_183947_1281_721,0.9346913753423096,0.8773902263699863,0.9239015595911063,0.9457361872369553,29733,2449,1706,196512,31439,32182,0.07609844012180722,0.054263812462228445,1,1,31439.0,3118,0.09917618244855116,0.04958809122427558,1.0,1.999904877894429,0.34375,0.65625,0.154296875,0.5004875,11,21,['high_quality'],high_quality,High_Dice (>75%)
20160321_183947_1921_721,0.9090528483931188,0.8332693724477432,0.8808825362373978,0.9390844364431817,28227,3817,1831,196525,30058,32044,0.11911746348770441,0.06091556324439417,1,1,30058.0,3092,0.10286778894138,0.05143389447069,1.0,1.9999084767017785,0.28125,0.71875,0.158203125,0.5005,9,23,['high_quality'],high_quality,High_Dice (>75%)
20160321_183947_1_721,0.8852155325069758,0.7940687714260023,0.8602686606801059,0.9116524799967184,43484,7063,4214,175639,47698,50547,0.13973133914970226,0.08834751981215146,1,2,47698.0,3492,0.07321061679735,0.036605308398675,2.0,1.9999002225743148,0.34375,0.65625,0.158203125,0.49993750000000003,11,21,['high_quality'],high_quality,High_Dice (>75%)
20160321_183947_641_721,0.9050940254350358,0.8266408682212681,0.8341024338655926,0.989294198722132,32897,6543,356,190604,33253,39440,0.1658975659229209,0.010705800980362674,1,1,33253.0,3297,0.0991489489670105,0.04957447448350525,1.0,1.999904612024331,0.3125,0.6875,0.16015625,0.5003625,10,22,['high_quality'],high_quality,High_Dice (>75%)
20160321_185557_1281_721,0.8740016236713805,0.77620149553067,0.8523237825542006,0.8968109424199593,23144,4010,2663,200583,25807,27154,0.14767621713191426,0.10318905723253381,3,1,8602.333333333334,3922,0.1519742705467509,0.07598713527337544,0.3333333333333333,1.9999063561902028,0.34375,0.65625,0.158203125,0.5012125,11,21,['high_quality'],high_quality,High_Dice (>75%)
20160321_185557_1921_1,0.8548898674648062,0.7465568971712265,0.7950671904334093,0.9244474076558238,9703,2501,793,217403,10496,12204,0.2049328089151098,0.07555259146341463,1,1,10496.0,2096,0.19969512195121952,0.09984756097560976,1.0,1.9999183604258899,0.28125,0.71875,0.169921875,0.50205,9,23,['high_quality'],high_quality,Medium_Dice (25-75%)
20160321_185557_1921_1081,0.816117563016773,0.6893569306563971,0.8023114914695577,0.8304070993339696,8608,2121,1758,217913,10366,10729,0.19768850778264516,0.16959289986494308,1,2,10366.0,1930,0.18618560679143353,0.09309280339571677,2.0,1.999921589190301,0.40625,0.59375,0.150390625,0.501825,13,19,['boundary_margin_error'],boundary_margin_error,Medium_Dice (25-75%)
20160321_185557_1921_361,0.7498745186758096,0.5998394000268741,0.6202172555038973,0.9480698033336121,8964,5489,491,215456,9455,14453,0.3797827440669757,0.05193019566367001,2,1,4727.5,2665,0.28186144896879956,0.14093072448439978,0.5,1.9999147337527312,0.375,0.625,0.1484375,0.5014000000000001,12,20,['boundary_margin_error'],boundary_margin_error,Medium_Dice (25-75%)
20160321_185557_1921_721,0.9165202269812766,0.8459043258627021,0.8950467860489734,0.9390493514748506,24774,2905,1608,201113,26382,27679,0.10495321362765996,0.06095064816920628,1,2,26382.0,3311,0.1255022363732848,0.0627511181866424,2.0,1.9999161133234518,0.375,0.625,0.140625,0.5010875,12,20,['high_quality'],high_quality,High_Dice (>75%)
20160321_185557_1_361,0.2802169417869099,0.16293737773999492,0.16697445342109196,0.8707865098652768,1085,5413,161,223741,1246,6498,0.8330255463219453,0.12921348314606743,1,4,1246.0,314,0.2520064205457464,0.1260032102728732,4.0,1.9999072383291767,0.375,0.625,0.150390625,0.5021125,12,20,"['false_crack_high_fp', 'thin_low_area_failure', 'over_segmentation', 'fragmented_prediction']",false_crack_high_fp,Low_Dice (<25%)
20160321_185557_1_721,0.8234901407158889,0.6999432552286222,0.7300359328978923,0.9443836809885248,17269,6386,1017,205728,18286,23655,0.2699640667934897,0.05561631849502351,1,1,18286.0,3861,0.21114513835721316,0.10557256917860658,1.0,1.9999096950895368,0.34375,0.65625,0.171875,0.5011874999999999,11,21,['boundary_margin_error'],boundary_margin_error,Medium_Dice (25-75%)
20160321_185557_641_721,0.9037933670288004,0.8244735434405511,0.873336811516942,0.9364509507010207,20085,2913,1363,206039,21448,22998,0.12666318810331334,0.06354904886236479,1,1,21448.0,3301,0.1539071242073853,0.07695356210369265,1.0,1.9999022501980974,0.34375,0.65625,0.158203125,0.5010625,11,21,['high_quality'],high_quality,High_Dice (>75%)
20160324_170347_1281_1,0.8795505939450277,0.7849980455983878,0.8765450038148248,0.882576865472069,6028,849,802,222721,6830,6877,0.12345499491057146,0.11742313323572474,2,1,3415.0,2141,0.31346998535871157,0.15673499267935578,0.5,1.9999116361976945,0.34375,0.65625,0.150390625,0.5009625,11,21,['high_quality'],high_quality,High_Dice (>75%)
20160324_170347_1281_1081,0.8255813947488507,0.7029702961596902,0.8658536572166865,0.7888888877932099,5680,880,1520,222320,7200,6560,0.13414634146341464,0.2111111111111111,1,1,7200.0,2631,0.36541666666666667,0.18270833333333333,1.0,1.9998822756182495,0.40625,0.59375,0.142578125,0.501525,13,19,['boundary_margin_error'],boundary_margin_error,Medium_Dice (25-75%)
20160324_170347_1281_361,0.8071042643941233,0.6765924634512938,0.7215827330713436,0.9156233686546383,7021,2709,647,220023,7668,9730,0.27841726618705037,0.08437663015127804,5,1,1533.6,2600,0.33907146583202924,0.16953573291601462,0.2,1.9999057782996608,0.28125,0.71875,0.16796875,0.5004,9,23,"['complex_topology', 'boundary_margin_error']",complex_topology,Medium_Dice (25-75%)
20160324_170347_1281_721,0.7258466263575989,0.5696697441396974,0.792776104662218,0.6693382849483548,6848,1790,3383,218379,10231,8638,0.20722389442000463,0.3306617143974196,1,2,10231.0,4382,0.4283061284331932,0.2141530642165966,2.0,1.9998981267661478,0.34375,0.65625,0.15625,0.5006875,11,21,['boundary_margin_error'],boundary_margin_error,Medium_Dice (25-75%)
20160324_170347_641_1,0.7136277421923223,0.5547598977363946,0.574356736645537,0.9420600824675962,2634,1952,162,225652,2796,4586,0.4256432621020497,0.05793991416309013,1,2,2796.0,2183,0.780758226037196,0.390379113018598,2.0,1.9998896525451788,0.34375,0.65625,0.15625,0.5005125,11,21,['moderate_general_error'],moderate_general_error,Low_Dice (<25%)
20160324_170347_641_361,0.7335580156634011,0.5792274930364546,0.6062390568100604,0.9285714263077245,3809,2474,293,223824,4102,6283,0.3937609422250517,0.07142857142857142,3,2,1367.3333333333333,2940,0.7167235494880546,0.3583617747440273,0.6666666666666666,1.9998964659466796,0.3125,0.6875,0.162109375,0.5004375,10,22,['boundary_margin_error'],boundary_margin_error,Medium_Dice (25-75%)
20160324_170347_641_721,0.7998070416468773,0.6663987120407322,0.7306110436821062,0.8834813467727127,2487,917,328,226668,2815,3404,0.2693889541715629,0.11651865008880995,1,1,2815.0,1498,0.5321492007104796,0.2660746003552398,1.0,1.9998812423782713,0.40625,0.59375,0.142578125,0.501275,13,19,['boundary_margin_error'],boundary_margin_error,Medium_Dice (25-75%)
20160326_141808_1281_1,0.30788558145739703,0.1819531694095338,0.27240082032763197,0.35399999921333336,1593,4255,2907,221645,4500,5848,0.7275991792065664,0.646,4,9,1125.0,1265,0.2811111111111111,0.14055555555555554,2.25,1.9998936177972393,0.40625,0.59375,0.1640625,0.50175,13,19,"['false_crack_high_fp', 'thin_low_area_failure']",false_crack_high_fp,Low_Dice (<25%)
20160326_141808_641_1,0.862728781769015,0.7585954589715036,0.7856060546544996,0.956642057595553,1037,283,47,229033,1084,1320,0.2143939393939394,0.043357933579335796,1,3,1084.0,178,0.16420664206642066,0.08210332103321033,3.0,1.999878971002245,0.4375,0.5625,0.14453125,0.5021,14,18,['high_quality'],high_quality,Medium_Dice (25-75%)
20160326_141808_641_361,0.7453112857921922,0.594020873346877,0.7635288758941237,0.7279427696423773,6716,2080,2510,219094,9226,8796,0.23647112323783537,0.27205722956861045,1,3,9226.0,1956,0.21200953826143507,0.10600476913071753,3.0,1.9998785729527757,0.40625,0.59375,0.142578125,0.5018875,13,19,['boundary_margin_error'],boundary_margin_error,Medium_Dice (25-75%)
20160326_141808_641_721,0.3105859179610183,0.18384238728859598,0.49250468303402656,0.22680857151329128,1577,1625,5376,221822,6953,3202,0.5074953154278576,0.7731914281605062,4,4,1738.25,1926,0.27700273263339564,0.13850136631669782,1.0,1.9998728099439038,0.40625,0.59375,0.146484375,0.5022,13,19,"['missed_crack_high_fn', 'thin_low_area_failure']",missed_crack_high_fn,Low_Dice (<25%)
20160326_142521_1281_1,0.42648067663704514,0.2710361864038394,0.8923444954728601,0.2801983170972068,3730,450,9582,216638,13312,4180,0.1076555023923445,0.7198016826923077,1,3,13312.0,1582,0.11884014423076923,0.059420072115384616,3.0,1.9999048505163717,0.46875,0.53125,0.13671875,0.50225,15,17,['missed_crack_high_fn'],missed_crack_high_fn,Low_Dice (<25%)
20160326_142521_1281_1081,0.426437876665971,0.2710016149616284,0.44614361553808635,0.4083992683858817,1342,1666,1944,225448,3286,3008,0.5538563829787234,0.591600730371272,2,2,1643.0,933,0.2839318320146074,0.1419659160073037,1.0,1.9999100966487933,0.40625,0.59375,0.142578125,0.5022125,13,19,['thin_low_area_failure'],thin_low_area_failure,Low_Dice (<25%)
20160326_142521_1281_361,0.6748791306213132,0.5092962809783124,0.8721328297293174,0.5503942956137039,5095,747,4162,220396,9257,5842,0.12786716877781582,0.4496057037917252,1,3,9257.0,1801,0.19455547153505456,0.09727773576752728,3.0,1.9999040982310023,0.46875,0.53125,0.134765625,0.5022375,15,17,['moderate_general_error'],moderate_general_error,Low_Dice (<25%)
20160326_142521_1281_721,0.7039911914649098,0.5431993878657724,0.9064360633591777,0.5754657541396222,6394,660,4717,218629,11111,7054,0.09356393535582648,0.42453424534245343,1,2,11111.0,1846,0.16614166141661416,0.08307083070830708,2.0,1.9998947514111236,0.4375,0.5625,0.1484375,0.5022625,14,18,['moderate_general_error'],moderate_general_error,Low_Dice (<25%)
20160326_142521_641_1,0.0,0.0,0.0,0.0,0,292,1355,228753,1355,292,1.0,1.0,1,3,1355.0,291,0.21476014760147602,0.10738007380073801,3.0,1.9999010304075255,0.46875,0.53125,0.134765625,0.50185,15,17,"['missed_crack_high_fn', 'thin_low_area_failure']",missed_crack_high_fn,Low_Dice (<25%)
20160326_142521_641_1081,0.0,0.0,0.0,0.0,0,849,2487,227064,2487,849,1.0,1.0,2,3,1243.5,797,0.32046642541214315,0.16023321270607158,1.5,1.9999023854415436,0.375,0.625,0.14453125,0.5021249999999999,12,20,"['missed_crack_high_fn', 'false_crack_high_fp', 'thin_low_area_failure']",missed_crack_high_fn,Low_Dice (<25%)
20160326_142745_1281_1081,0.7637660098194031,0.617816704512248,0.9435562775087886,0.6415261742645826,2892,173,1616,225719,4508,3065,0.05644371941272431,0.35847382431233366,2,1,2254.0,1217,0.2699645075421473,0.13498225377107365,0.5,1.9999070714041562,0.375,0.625,0.146484375,0.5024500000000001,12,20,['boundary_margin_error'],boundary_margin_error,Medium_Dice (25-75%)
20160326_142745_1281_361,0.07635709607884475,0.03969400761606969,0.9999999785867243,0.03969400761606969,467,0,11298,218635,11765,467,0.0,0.9603059923501912,1,1,11765.0,1303,0.11075223119422015,0.05537611559711007,1.0,1.999908727090773,0.375,0.625,0.1484375,0.5019875,12,20,['missed_crack_high_fn'],missed_crack_high_fn,Low_Dice (<25%)
20160326_142745_1281_721,0.636018648799733,0.4662957072250685,0.9353672786910097,0.48182017277306965,8799,608,9463,211530,18262,9407,0.06463272031465929,0.5181798269630927,1,5,18262.0,3193,0.17484393823239514,0.08742196911619757,5.0,1.9999063361808056,0.3125,0.6875,0.150390625,0.5011875,10,22,['fragmented_prediction'],fragmented_prediction,Low_Dice (<25%)
20160326_142745_1921_1081,0.6304979648997308,0.4603848323990028,0.8026640335405425,0.5191448619669036,3254,800,3014,223332,6268,4054,0.1973359644795264,0.48085513720485,2,1,3134.0,2013,0.3211550733886407,0.16057753669432034,0.5,1.9999127153171274,0.34375,0.65625,0.15625,0.5020374999999999,11,21,['moderate_general_error'],moderate_general_error,Low_Dice (<25%)
20160326_142745_1_1,0.5272452758716909,0.3579993784666049,0.929354837210718,0.36801430646483085,5762,438,9895,214305,15657,6200,0.07064516129032258,0.6319856933001213,1,1,15657.0,3472,0.2217538481190522,0.1108769240595261,1.0,1.9999138426153351,0.28125,0.71875,0.166015625,0.5014000000000001,9,23,['moderate_general_error'],moderate_general_error,Low_Dice (<25%)
20160326_142745_641_361,0.6287148654657055,0.45848587549898945,0.8744827578668253,0.4907832984223798,10144,1456,10525,208275,20669,11600,0.12551724137931033,0.5092167013401713,1,1,20669.0,4010,0.19401035366974698,0.09700517683487349,1.0,1.9999062252103537,0.34375,0.65625,0.150390625,0.5016,11,21,['moderate_general_error'],moderate_general_error,Low_Dice (<25%)
20160328_151020_1281_361,0.6121077576612144,0.4410340651733382,0.46429709167419236,0.8979843315746991,10202,11771,1159,207268,11361,21973,0.5357029081145042,0.1020156676348913,6,1,1893.5,3906,0.3438077634011091,0.17190388170055454,0.16666666666666666,1.9999032571603268,0.3125,0.6875,0.154296875,0.5010875,10,22,['complex_topology'],complex_topology,Low_Dice (<25%)
20160328_151020_1921_361,0.5362262917288811,0.36633141359139776,0.3801607674844658,0.9096676727999319,9033,14728,897,205742,9930,23761,0.6198392323555406,0.09033232628398792,1,1,9930.0,4010,0.4038267875125881,0.20191339375629405,1.0,1.999912230419929,0.28125,0.71875,0.171875,0.5011375,9,23,['over_segmentation'],over_segmentation,Low_Dice (<25%)
20160328_151020_1_1,0.6861100011489918,0.522197445561647,0.5644913877527759,0.8745247142351136,12880,9937,1848,205735,14728,22817,0.4355086119998247,0.12547528517110265,1,1,14728.0,4702,0.3192558392178164,0.1596279196089082,1.0,1.9999156635229502,0.34375,0.65625,0.162109375,0.500675,11,21,['moderate_general_error'],moderate_general_error,Low_Dice (<25%)
20160328_151020_1_361,0.4574137927091261,0.29652397418517495,0.29980788755813326,0.9643765868252395,2653,6196,98,221453,2751,8849,0.7001921121030625,0.035623409669211195,1,2,2751.0,1264,0.45946928389676484,0.22973464194838242,2.0,1.9998979731791566,0.375,0.625,0.15234375,0.5016875000000001,12,20,"['false_crack_high_fp', 'thin_low_area_failure', 'over_segmentation']",false_crack_high_fp,Low_Dice (<25%)
20160328_151020_641_361,0.5963201283951739,0.4248263015365473,0.4528172236579499,0.8729761541463407,5931,7167,863,216439,6794,13098,0.5471827759963354,0.1270238445687371,5,2,1358.8,2741,0.4034442154842508,0.2017221077421254,0.4,1.9998998112517703,0.375,0.625,0.150390625,0.5012875000000001,12,20,['complex_topology'],complex_topology,Low_Dice (<25%)
20160328_151020_641_721,0.6870338820037729,0.5232685539915412,0.6354786745321951,0.7476928141498905,9074,5205,3062,213059,12136,14279,0.3645213250227607,0.2523071852340145,1,2,12136.0,3877,0.3194627554383652,0.1597313777191826,2.0,1.9999047934737435,0.28125,0.71875,0.162109375,0.5011125000000001,9,23,['boundary_margin_error'],boundary_margin_error,Low_Dice (<25%)
20160328_151057_1281_1,0.817242051085194,0.6909630595465649,0.7717811737487914,0.8683937805836399,4190,1239,635,224336,4825,5429,0.22821882482961872,0.1316062176165803,3,1,1608.3333333333333,1961,0.40642487046632125,0.20321243523316063,0.3333333333333333,1.9999003921135314,0.3125,0.6875,0.1796875,0.5008874999999999,10,22,['boundary_margin_error'],boundary_margin_error,Medium_Dice (25-75%)
20160328_151057_1281_1081,0.5601860820312211,0.38906838935235816,0.4136845112887425,0.8673469361724281,2890,4096,442,222972,3332,6986,0.5863154881190953,0.1326530612244898,4,5,833.0,2058,0.6176470588235294,0.3088235294117647,1.25,1.9998970472964275,0.3125,0.6875,0.1796875,0.5011875,10,22,['over_segmentation'],over_segmentation,Low_Dice (<25%)
20160328_151057_1281_361,0.8227140262875372,0.698822584026194,0.763596490111701,0.891753455878857,5223,1617,634,222926,5857,6840,0.23640350877192984,0.10824654259859996,2,1,2928.5,2153,0.3675943315690627,0.18379716578453134,0.5,1.9998999025079558,0.3125,0.6875,0.173828125,0.5008874999999999,10,22,['boundary_margin_error'],boundary_margin_error,Medium_Dice (25-75%)
20160328_151057_1281_721,0.8189217954984278,0.6933679686723385,0.8562356786538555,0.7847243050430646,13079,2196,3588,211537,16667,15275,0.1437643207855974,0.21527569448611028,2,3,8333.5,5496,0.32975340493190136,0.16487670246595068,1.5,1.9998956643723453,0.34375,0.65625,0.154296875,0.5000875,11,21,['boundary_margin_error'],boundary_margin_error,Medium_Dice (25-75%)
20160328_151057_1921_721,0.8140592822802953,0.6864249368598684,0.8884707840613874,0.7511488151721909,8500,1067,2816,218017,11316,9567,0.11152921500992997,0.24885118416401555,1,2,11316.0,3174,0.2804878048780488,0.1402439024390244,2.0,1.9999076036667225,0.28125,0.71875,0.16796875,0.5008875,9,23,['boundary_margin_error'],boundary_margin_error,Medium_Dice (25-75%)
20160328_151057_641_1081,0.7591019409798726,0.6117359403231688,0.6992733357568971,0.830126076465105,3753,1614,768,224265,4521,5367,0.30072666294019007,0.16987392169873922,2,1,2260.5,2225,0.49214775492147755,0.24607387746073878,0.5,1.9998929322715824,0.34375,0.65625,0.158203125,0.5011,11,21,['boundary_margin_error'],boundary_margin_error,Medium_Dice (25-75%)
20160328_151057_641_721,0.7994720626489468,0.6659337427939992,0.7885783704416276,0.8106709478753196,4543,1218,1061,223578,5604,5761,0.21142162818955043,0.18932905067808709,2,1,2802.0,1913,0.3413633119200571,0.17068165596002854,0.5,1.999894312798269,0.375,0.625,0.146484375,0.501475,12,20,['boundary_margin_error'],boundary_margin_error,Medium_Dice (25-75%)
20160328_151244_1281_1081,0.8807770573183172,0.7869540765559685,0.808006158272515,0.9679531512113464,20992,4988,695,203725,21687,25980,0.19199384141647421,0.03204684834232489,1,3,21687.0,1886,0.08696454096924425,0.043482270484622124,3.0,1.9999182603916097,0.3125,0.6875,0.16796875,0.5001374999999999,10,22,['high_quality'],high_quality,High_Dice (>75%)
20160328_151244_1281_361,0.888237116412633,0.7989447475944916,0.8796072812928586,0.8970379637475854,21502,2943,2468,203487,23970,24445,0.12039271834731029,0.10296203587818106,1,2,23970.0,3379,0.14096787651230705,0.07048393825615352,2.0,1.9999267482946925,0.34375,0.65625,0.15625,0.5006124999999999,11,21,['high_quality'],high_quality,High_Dice (>75%)
20160328_151244_1281_721,0.8472318243240349,0.7349542103964064,0.8420111242573866,0.852517667656246,38602,7243,6678,177877,45280,45845,0.15798887555894864,0.14748233215547704,6,4,7546.666666666667,6598,0.1457155477031802,0.0728577738515901,0.6666666666666666,1.9999095317682163,0.28125,0.71875,0.177734375,0.4997375,9,23,"['complex_topology', 'boundary_margin_error']",complex_topology,Medium_Dice (25-75%)
20160328_151244_1921_1081,0.7119929446984189,0.5527865253282398,0.8024249636207018,0.6398795361548906,4037,994,2272,223097,6309,5031,0.1975750347843371,0.3601204628308765,3,2,2103.0,1675,0.26549373910286894,0.13274686955143447,0.6666666666666666,1.999933238364787,0.3125,0.6875,0.1796875,0.5017,10,22,['boundary_margin_error'],boundary_margin_error,Low_Dice (<25%)
20160328_151244_1921_361,0.872051701480628,0.7731309162178333,0.9284482451946474,0.8221141857323254,26380,2033,5708,196279,32088,28413,0.07155175447858375,0.17788581401146847,2,1,16044.0,3054,0.09517576664173523,0.047587883320867615,0.5,1.99993457758967,0.34375,0.65625,0.162109375,0.5006875,11,21,['high_quality'],high_quality,Medium_Dice (25-75%)
20160328_151244_1921_721,0.8850031851058802,0.7937270970499769,0.8458001803695336,0.9280169532333593,40288,7345,3125,179642,43413,47633,0.1541998194529003,0.07198304655287587,4,2,10853.25,5681,0.1308594199894041,0.06542970999470205,0.5,1.9999291231346,0.3125,0.6875,0.158203125,0.5005,10,22,['high_quality'],high_quality,High_Dice (>75%)
20160328_151244_1_1,0.8250224917545562,0.7021602421875598,0.9098201465381153,0.7546839430030874,21550,2136,7005,199709,28555,23686,0.09017985307776746,0.24531605673262125,1,2,28555.0,4036,0.1413412712309578,0.0706706356154789,2.0,1.9999207501764578,0.40625,0.59375,0.154296875,0.5003375,13,19,['boundary_margin_error'],boundary_margin_error,Medium_Dice (25-75%)
20160328_151244_1_1081,0.8366217169363934,0.7191312826755353,0.876691951693155,0.8000542950996956,5894,829,1473,222204,7367,6723,0.12330804700282612,0.19994570381430704,1,1,7367.0,1519,0.20618976516899687,0.10309488258449843,1.0,1.9999153731251562,0.40625,0.59375,0.158203125,0.5015375,13,19,['boundary_margin_error'],boundary_margin_error,Medium_Dice (25-75%)
20160328_151244_1_721,0.893246836951446,0.8070876748081712,0.8775211208294569,0.9095464664357429,17969,2508,1787,208136,19756,20477,0.12247887874200322,0.09045353310386718,1,1,19756.0,2941,0.14886616724033205,0.07443308362016603,1.0,1.999920558126205,0.40625,0.59375,0.1484375,0.5005124999999999,13,19,['high_quality'],high_quality,High_Dice (>75%)
20160328_151244_641_1,0.8957173298284371,0.8111304777510249,0.8972181413435466,0.8942215304505552,19545,2239,2312,206304,21857,21784,0.10278185824458318,0.10577846914032119,1,3,21857.0,3341,0.15285720821704718,0.07642860410852359,3.0,1.999919874903561,0.34375,0.65625,0.16015625,0.50065,11,21,['high_quality'],high_quality,High_Dice (>75%)
20160328_151244_641_361,0.8950633461788078,0.8100585160999217,0.8836620847181195,0.9067626573192714,15366,2023,1580,211431,16946,17389,0.11633791477370752,0.09323734214563908,1,1,16946.0,2183,0.12882096069868995,0.06441048034934498,1.0,1.9999193929434058,0.3125,0.6875,0.16796875,0.5011,10,22,['high_quality'],high_quality,High_Dice (>75%)
20160328_151244_641_721,0.8810792361842703,0.787436666363778,0.8767405001930605,0.8854611278800569,46469,6533,6011,171387,52480,53002,0.12325949964152297,0.1145388719512195,1,1,52480.0,5253,0.1000952743902439,0.05004763719512195,1.0,1.9999203978718625,0.34375,0.65625,0.15625,0.5001249999999999,11,21,['high_quality'],high_quality,High_Dice (>75%)
20160328_151752_1281_361,0.7564859543279996,0.6083453234492349,0.7890513214376041,0.7265020901961727,12684,3391,4775,209550,17459,16075,0.21094867807153966,0.27349790938770835,2,1,8729.5,2428,0.13906867518185462,0.06953433759092731,0.5,1.999913347206129,0.375,0.625,0.154296875,0.5007124999999999,12,20,['boundary_margin_error'],boundary_margin_error,Medium_Dice (25-75%)
20160328_151752_1281_721,0.8015196148228255,0.6687799189173503,0.8952199499563216,0.7255755183526453,5169,605,1955,222671,7124,5774,0.10478004849324558,0.2744244806288602,1,2,7124.0,1432,0.20101066816395283,0.10050533408197641,2.0,1.9999057791113433,0.40625,0.59375,0.166015625,0.5013624999999999,13,19,['boundary_margin_error'],boundary_margin_error,Medium_Dice (25-75%)
20160328_151752_1921_721,0.7256178739983011,0.5693879874750644,0.8998018845531597,0.6079338035986316,14988,1669,9666,204077,24654,16657,0.10019811490664586,0.39206619615478217,4,2,6163.5,4532,0.18382412590249048,0.09191206295124524,0.5,1.9999209272011909,0.25,0.75,0.17578125,0.5008125,8,24,['boundary_margin_error'],boundary_margin_error,Medium_Dice (25-75%)
20160328_151752_1_361,0.7587790871082565,0.6113167118176291,0.6567617051233263,0.8983184251174824,12554,6561,1421,209864,13975,19115,0.3432382945330892,0.10168157423971377,1,1,13975.0,2708,0.19377459749552772,0.09688729874776386,1.0,1.9999079059263485,0.375,0.625,0.15234375,0.5002875,12,20,['boundary_margin_error'],boundary_margin_error,Medium_Dice (25-75%)
20160328_151752_1_721,0.498029212849457,0.33158382114361273,0.3317886922094881,0.9981412546641147,1074,2163,2,227161,1076,3237,0.6682113067655236,0.0018587360594795538,5,2,215.2,573,0.5325278810408922,0.2662639405204461,0.4,1.9998980435465028,0.40625,0.59375,0.15234375,0.501325,13,19,"['false_crack_high_fp', 'thin_low_area_failure', 'over_segmentation', 'complex_topology']",false_crack_high_fp,Low_Dice (<25%)
20160328_151752_641_361,0.7908013935445293,0.6539880126579115,0.7695298369034675,0.8132823694155363,17022,5098,3908,204372,20930,22120,0.23047016274864376,0.18671763019589108,5,1,4186.0,3827,0.18284758719541327,0.09142379359770664,0.2,1.9999117833899382,0.375,0.625,0.16015625,0.5005249999999999,12,20,"['complex_topology', 'boundary_margin_error']",complex_topology,Medium_Dice (25-75%)
20160328_152022_1281_721,0.9012993501840799,0.8203320443426392,0.8561595060360314,0.9514639933554919,28856,4848,1472,195224,30328,33704,0.1438404937099454,0.048536006330783435,1,1,30328.0,3008,0.09918227380638354,0.04959113690319177,1.0,1.9999134006731016,0.375,0.625,0.162109375,0.50065,12,20,['high_quality'],high_quality,High_Dice (>75%)
20160328_152022_1921_1,0.8172043006646547,0.6909090903220824,0.7322168190777807,0.9245111403768632,8132,2974,664,218630,8796,11106,0.2677831802629209,0.07548885857207822,1,2,8796.0,850,0.09663483401546158,0.04831741700773079,2.0,1.9999167951091268,0.34375,0.65625,0.158203125,0.5016,11,21,['boundary_margin_error'],boundary_margin_error,Medium_Dice (25-75%)
20160328_152022_1921_361,0.7527443583673449,0.6035205079385362,0.6647934496967647,0.8675149332875941,17863,9007,2728,200802,20591,26870,0.33520655005582434,0.13248506629109805,3,2,6863.666666666667,3230,0.15686464960419602,0.07843232480209801,0.6666666666666666,1.9999191060608568,0.3125,0.6875,0.16796875,0.5005000000000001,10,22,['boundary_margin_error'],boundary_margin_error,Medium_Dice (25-75%)
20160328_152022_1921_721,0.8746482118225383,0.7772220393758429,0.8282219302505707,0.9265884643923866,9479,1966,751,218204,10230,11445,0.17177806902577544,0.07341153470185728,1,1,10230.0,1710,0.16715542521994134,0.08357771260997067,1.0,1.9999234716484462,0.40625,0.59375,0.162109375,0.501625,13,19,['high_quality'],high_quality,High_Dice (>75%)
20160328_152022_1_1081,0.703321070048218,0.5424018651050122,0.5902554554303371,0.8699663372771895,6978,4844,1043,217535,8021,11822,0.40974454407037725,0.13003366163819974,1,2,8021.0,2299,0.28662261563396085,0.14331130781698043,2.0,1.999911592213671,0.34375,0.65625,0.166015625,0.50085,11,21,['moderate_general_error'],moderate_general_error,Low_Dice (<25%)
20160328_152022_1_361,0.7054500907754898,0.5449385039145258,0.574563589589617,0.9135606625156198,2304,1706,218,226172,2522,4010,0.42543640897755614,0.08643933386201427,2,1,1261.0,818,0.32434575733544807,0.16217287866772404,0.5,1.9999047932893435,0.40625,0.59375,0.16796875,0.5016375,13,19,['moderate_general_error'],moderate_general_error,Low_Dice (<25%)
20160328_152022_1_721,0.7641260223154913,0.6182879776683474,0.7314666328710169,0.7998381429729726,5930,2177,1484,220809,7414,8107,0.26853336622671764,0.2001618559482061,2,3,3707.0,1733,0.23374696520097113,0.11687348260048556,1.5,1.9999035591659062,0.4375,0.5625,0.169921875,0.5015875,14,18,['boundary_margin_error'],boundary_margin_error,Medium_Dice (25-75%)
20160328_152022_641_361,0.8324625168013224,0.7130071015113303,0.8105507626572933,0.8555918743546627,14658,3426,2474,209842,17132,18084,0.18944923689449236,0.14440812514592574,1,2,17132.0,2760,0.16110203128648143,0.08055101564324071,2.0,1.9999044024520036,0.3125,0.6875,0.169921875,0.5006999999999999,10,22,['boundary_margin_error'],boundary_margin_error,Medium_Dice (25-75%)
20160328_152022_641_721,0.8024788730133862,0.6701166726241453,0.7220926692070908,0.9030049442734849,14244,5482,1530,209144,15774,19726,0.27790733042684784,0.09699505515405096,3,2,5258.0,2652,0.1681247622670217,0.08406238113351085,0.6666666666666666,1.9999094629898293,0.40625,0.59375,0.1640625,0.500725,13,19,['boundary_margin_error'],boundary_margin_error,Medium_Dice (25-75%)
20160328_152305_1281_361,0.8785227236901106,0.7833620370631167,0.8317632711782316,0.9308527126010215,15010,3036,1115,211239,16125,18046,0.1682367283608556,0.06914728682170543,2,2,8062.5,1636,0.10145736434108527,0.05072868217054263,1.0,1.9999050073900442,0.34375,0.65625,0.16015625,0.5012375,11,21,['high_quality'],high_quality,High_Dice (>75%)
20160328_152305_1281_721,0.8147093259866739,0.6873498154069794,0.7033111131552229,0.9680379025584434,12872,5430,425,211673,13297,18302,0.2966888864604961,0.031962096713544406,2,2,6648.5,1594,0.11987666390915244,0.05993833195457622,1.0,1.9999094711418313,0.34375,0.65625,0.162109375,0.5010374999999999,11,21,['boundary_margin_error'],boundary_margin_error,Medium_Dice (25-75%)
20160328_152305_1921_361,0.8016689305643957,0.6689878540343359,0.708673574175299,0.9227573262496617,20655,8491,1729,199525,22384,29146,0.2913264255815549,0.07724267333809864,3,2,7461.333333333333,2186,0.0976590421729807,0.04882952108649035,0.6666666666666666,1.9999165827400216,0.21875,0.78125,0.1953125,0.501225,7,25,['boundary_margin_error'],boundary_margin_error,Medium_Dice (25-75%)
20160328_152305_1921_721,0.9306955563100344,0.8703747205037151,0.9223252623873,0.9392191653319691,14819,1248,959,213374,15778,16067,0.07767473703865065,0.06078083407275954,1,1,15778.0,1312,0.08315375839776905,0.041576879198884524,1.0,1.999912317564347,0.25,0.75,0.171875,0.501,8,24,['high_quality'],high_quality,High_Dice (>75%)
20160328_152305_1_361,0.7828717872916382,0.6432122590845106,0.7194635258623071,0.858536965525383,10997,4288,1812,213303,12809,15285,0.2805364736669938,0.14146303380435632,1,1,12809.0,3367,0.26286205012100866,0.13143102506050433,1.0,1.9998979011628837,0.34375,0.65625,0.169921875,0.5009375,11,21,['boundary_margin_error'],boundary_margin_error,Medium_Dice (25-75%)
20160328_152305_641_361,0.7575669591501898,0.6097446978969768,0.6657523756676964,0.8787572611949506,10437,5240,1440,213283,11877,15677,0.3342476239076354,0.12124273806516797,2,2,5938.5,2578,0.2170581796750021,0.10852908983750105,1.0,1.9998999489000675,0.3125,0.6875,0.171875,0.50125,10,22,['boundary_margin_error'],boundary_margin_error,Medium_Dice (25-75%)
20160328_152305_641_721,0.7855224089765016,0.6467986027757864,0.7260214301219525,0.8556468168092162,16668,6290,2812,204630,19480,22958,0.2739785695618085,0.14435318275154005,2,2,9740.0,2953,0.15159137577002055,0.07579568788501027,1.0,1.9999044958041918,0.375,0.625,0.154296875,0.5003,12,20,['boundary_margin_error'],boundary_margin_error,Medium_Dice (25-75%)
20160328_152511_1281_361,0.7136295659508494,0.5547621020055118,0.6117011530748021,0.8563188914940799,6681,4241,1121,218357,7802,10922,0.38829884636513456,0.14368110740835682,3,3,2600.6666666666665,2301,0.2949243783645219,0.14746218918226095,1.0,1.999904165529903,0.34375,0.65625,0.158203125,0.501125,11,21,['boundary_margin_error'],boundary_margin_error,Low_Dice (<25%)
20160328_152511_1281_721,0.8161897855702737,0.6894599958857887,0.7864247063576606,0.8482966293086832,4507,1224,806,223863,5313,5731,0.21357529227010993,0.15170336909467344,1,1,5313.0,1252,0.23564840956145303,0.11782420478072651,1.0,1.9999020538035936,0.3125,0.6875,0.15625,0.5017875,10,22,['boundary_margin_error'],boundary_margin_error,Medium_Dice (25-75%)
20160328_152511_1921_361,0.7614848405301567,0.6148369155659884,0.6971933866226887,0.8388380045898437,9067,3938,1742,215653,10809,13005,0.3028066128412149,0.16116199463410122,2,3,5404.5,1974,0.1826255897862892,0.0913127948931446,1.5,1.9999137945788803,0.28125,0.71875,0.166015625,0.5015000000000001,9,23,['boundary_margin_error'],boundary_margin_error,Medium_Dice (25-75%)
20160328_152511_1921_721,0.31068536410163405,0.18391207741855248,0.68510452663282,0.200893997189152,1573,723,6257,221847,7830,2296,0.31489547038327526,0.7991060025542784,1,2,7830.0,1447,0.18480204342273307,0.09240102171136653,2.0,1.9999085705071633,0.34375,0.65625,0.154296875,0.5020125,11,21,"['missed_crack_high_fn', 'thin_low_area_failure']",missed_crack_high_fn,Low_Dice (<25%)
20160328_152511_1_361,0.6576279270575214,0.4898998871572183,0.5731910170687614,0.7712393912419665,8270,6158,2453,213519,10723,14428,0.42680898253396177,0.2287606080387951,1,2,10723.0,3459,0.3225776368553576,0.1612888184276788,2.0,1.9999004704714949,0.28125,0.71875,0.171875,0.5008374999999999,9,23,['moderate_general_error'],moderate_general_error,Low_Dice (<25%)
20160328_152511_641_361,0.7853537725993436,0.6465699681791308,0.6610026381736134,0.9673333840703272,12526,6424,423,211027,12949,18950,0.33899736147757253,0.03266661518263959,1,1,12949.0,2798,0.21607846165727082,0.10803923082863541,1.0,1.999900287869675,0.3125,0.6875,0.150390625,0.50075,10,22,['boundary_margin_error'],boundary_margin_error,Medium_Dice (25-75%)
20160328_152511_641_721,0.7655696183150136,0.6201804732560275,0.6961325934800524,0.850393696004535,1512,660,266,227962,1778,2172,0.30386740331491713,0.14960629921259844,1,1,1778.0,514,0.2890888638920135,0.14454443194600675,1.0,1.9998993344668854,0.34375,0.65625,0.146484375,0.5022500000000001,11,21,['boundary_margin_error'],boundary_margin_error,Medium_Dice (25-75%)
20160328_152747_1281_361,0.8047465805290641,0.6732853195979772,0.7689292022684839,0.8440637913728262,10003,3006,1848,215543,11851,13009,0.23107079714044124,0.1559362079149439,2,2,5925.5,3166,0.26715045143869715,0.13357522571934857,1.0,1.999900144446928,0.3125,0.6875,0.16015625,0.5010249999999999,10,22,['boundary_margin_error'],boundary_margin_error,Medium_Dice (25-75%)
20160328_152747_1281_721,0.7345748244680843,0.5804964518422111,0.6144894871828472,0.9129949753876465,1637,1027,156,227580,1793,2664,0.3855105105105105,0.08700501952035694,1,1,1793.0,390,0.21751254880089235,0.10875627440044618,1.0,1.9998973585812028,0.34375,0.65625,0.16015625,0.5018,11,21,['boundary_margin_error'],boundary_margin_error,Medium_Dice (25-75%)
20160328_152747_1921_361,0.7814790534588286,0.6413341154923053,0.8283747073284223,0.7396085946987713,13114,2717,4617,209952,17731,15831,0.1716252921483166,0.2603914048841013,1,1,17731.0,3321,0.18729908070610796,0.09364954035305398,1.0,1.9999124083356101,0.3125,0.6875,0.169921875,0.5013124999999999,10,22,['boundary_margin_error'],boundary_margin_error,Medium_Dice (25-75%)
20160328_152747_1_361,0.7677562462780914,0.6230554985238398,0.6945327876006869,0.8582389811376074,9172,4034,1515,215679,10687,13206,0.3054672118733909,0.14176101805932442,1,1,10687.0,2884,0.26986057827266774,0.13493028913633387,1.0,1.9998997870456725,0.375,0.625,0.16796875,0.5009125,12,20,['boundary_margin_error'],boundary_margin_error,Medium_Dice (25-75%)
20160328_152747_641_361,0.7631419530311833,0.6170004350146928,0.6894916074619973,0.8544084394465649,11338,5106,1932,212024,13270,16444,0.3105083921187059,0.14559155990957046,1,1,13270.0,3624,0.27309721175584023,0.13654860587792012,1.0,1.9999033328485483,0.375,0.625,0.1640625,0.5009875,12,20,['boundary_margin_error'],boundary_margin_error,Medium_Dice (25-75%)
20160328_153548_1281_1081,0.8361023761288622,0.7183641919879307,0.9657676248364354,0.7371338025563436,931,33,332,229104,1263,964,0.03423236514522822,0.26286619160728425,1,1,1263.0,218,0.1726049089469517,0.08630245447347586,1.0,1.9999091393664996,0.40625,0.59375,0.140625,0.5022,13,19,['boundary_margin_error'],boundary_margin_error,Medium_Dice (25-75%)
20160328_153548_1281_361,0.8808221879696804,0.7870261351695007,0.947017989875311,0.823275861055079,6685,374,1435,221906,8120,7059,0.05298200878311376,0.17672413793103448,1,2,8120.0,1052,0.12955665024630542,0.06477832512315271,2.0,1.999913123457936,0.34375,0.65625,0.158203125,0.501475,11,21,['high_quality'],high_quality,High_Dice (>75%)
20160328_153548_1281_721,0.8183137475544539,0.6924966300157266,0.8230331075745699,0.8136482013044104,23119,4971,5295,197015,28414,28090,0.17696689213243147,0.18635179840923488,3,3,9471.333333333334,4591,0.161575279791652,0.080787639895826,1.0,1.999898578784393,0.34375,0.65625,0.146484375,0.5004625,11,21,['boundary_margin_error'],boundary_margin_error,Medium_Dice (25-75%)
20160328_153548_1921_361,0.903542274805833,0.8240557333351166,0.9149855900841911,0.8923816561446881,12065,1121,1455,215759,13520,13186,0.08501440922190202,0.10761834319526627,1,1,13520.0,1494,0.11050295857988165,0.05525147928994083,1.0,1.9999249511806343,0.375,0.625,0.154296875,0.5016375,12,20,['high_quality'],high_quality,High_Dice (>75%)
20160328_153548_1921_721,0.9067578166236809,0.8294208094159812,0.9069102724278931,0.9066054115599723,16182,1661,1667,210890,17849,17843,0.09308972706383456,0.09339458793209704,2,1,8924.5,2779,0.15569499691859487,0.07784749845929743,0.5,1.9999194253688044,0.3125,0.6875,0.16015625,0.501225,10,22,['high_quality'],high_quality,High_Dice (>75%)
20160328_153548_1_1,0.7890894339918146,0.6516496396534711,0.8357856294513019,0.7473350615829564,15564,3058,5262,206516,20826,18622,0.16421437009988185,0.2526649380581965,1,1,20826.0,3686,0.1769903005858062,0.0884951502929031,1.0,1.999913322596926,0.3125,0.6875,0.16796875,0.5010749999999999,10,22,['boundary_margin_error'],boundary_margin_error,Medium_Dice (25-75%)
20160328_153548_1_1081,0.7400437104267782,0.5873566539974566,0.7034450918392736,0.7806596219082101,24380,10278,6850,188892,31230,34658,0.2965549079577587,0.21934037784181876,1,1,31230.0,4278,0.13698366954851104,0.06849183477425552,1.0,1.9999088526699103,0.34375,0.65625,0.169921875,0.5007874999999999,11,21,['boundary_margin_error'],boundary_margin_error,Medium_Dice (25-75%)
20160328_153548_641_1,0.8129403032879678,0.6848352324147505,0.7823371975337428,0.8460351131660523,4385,1220,798,223997,5183,5605,0.21766280107047278,0.1539648852016207,1,1,5183.0,1078,0.20798765193903146,0.10399382596951573,1.0,1.9999088942002494,0.375,0.625,0.1484375,0.501625,12,20,['boundary_margin_error'],boundary_margin_error,Medium_Dice (25-75%)
20160328_153548_641_1081,0.7086737728724977,0.5487953067048836,0.6716410252965943,0.7500286331748777,13097,6403,4365,206535,17462,19500,0.3283589743589744,0.24997136639560188,1,1,17462.0,3550,0.2032985912266636,0.1016492956133318,1.0,1.9999038062667138,0.3125,0.6875,0.169921875,0.5010125,10,22,['boundary_margin_error'],boundary_margin_error,Low_Dice (<25%)
20160328_153548_641_361,0.6656038862327459,0.49880532427033186,0.5992345535822382,0.7485060598454737,4384,2932,1473,221611,5857,7316,0.4007654455986878,0.25149393887655797,10,3,585.7,2268,0.38722895680382446,0.19361447840191223,0.3,1.999903718385326,0.3125,0.6875,0.146484375,0.5011375,10,22,['complex_topology'],complex_topology,Low_Dice (<25%)
20160328_153548_641_721,0.7821940622547457,0.642297789829276,0.8188034182435532,0.7487182688828822,11975,2650,4019,211756,15994,14625,0.1811965811965812,0.2512817306489934,2,1,7997.0,3223,0.2015130674002751,0.10075653370013755,0.5,1.9999022932138844,0.375,0.625,0.146484375,0.5011375,12,20,['boundary_margin_error'],boundary_margin_error,Medium_Dice (25-75%)
20160328_153604_1281_1,0.663527893799724,0.49647717353877313,0.5283483971565854,0.8916623316143832,5144,4592,625,220039,5769,9736,0.47165160230073955,0.10833766684000694,1,1,5769.0,1772,0.3071589530247877,0.15357947651239384,1.0,1.9999076628962933,0.25,0.75,0.169921875,0.5010875,8,24,['moderate_general_error'],moderate_general_error,Low_Dice (<25%)
20160328_153604_1281_361,0.8051306788486816,0.6738232077737979,0.7744718017281914,0.8383169833126599,14186,4131,2736,209347,16922,18317,0.22552819784899275,0.16168301619193948,1,3,16922.0,3158,0.18662096678879564,0.09331048339439782,3.0,1.9999099672573584,0.25,0.75,0.1796875,0.500375,8,24,['boundary_margin_error'],boundary_margin_error,Medium_Dice (25-75%)
20160328_153604_1281_721,0.761180679501647,0.614440432843297,0.6759332799338541,0.8710337761250139,10212,4896,1512,213780,11724,15108,0.32406671961874506,0.12896622313203684,1,1,11724.0,2934,0.2502558853633572,0.1251279426816786,1.0,1.9999092547215995,0.28125,0.71875,0.173828125,0.5013875,9,23,['boundary_margin_error'],boundary_margin_error,Medium_Dice (25-75%)
20160328_153604_1921_361,0.742287942263894,0.5901890959048446,0.6993815927978307,0.7908028950388262,9613,4132,2543,214112,12156,13745,0.30061840669334305,0.2091971043106285,2,2,6078.0,3155,0.25954261270154655,0.12977130635077327,1.0,1.9999189365048768,0.34375,0.65625,0.154296875,0.5018375,11,21,['boundary_margin_error'],boundary_margin_error,Medium_Dice (25-75%)
20160328_153604_1921_721,0.7954103304103664,0.6603164135396727,0.7153977998033154,0.8955744292395401,10017,3985,1168,215230,11185,14002,0.28460219968575917,0.10442556995976754,1,1,11185.0,2448,0.218864550737595,0.1094322753687975,1.0,1.9999169238426484,0.28125,0.71875,0.18359375,0.5011375,9,23,['boundary_margin_error'],boundary_margin_error,Medium_Dice (25-75%)
20160328_153604_1_1,0.8275808454494789,0.7058745519786006,0.7655688186641961,0.900524445186496,10646,3260,1176,215318,11822,13906,0.23443118078527253,0.09947555405176789,1,1,11822.0,2152,0.18203349687024192,0.09101674843512096,1.0,1.9999102068808645,0.3125,0.6875,0.17578125,0.5009375,10,22,['boundary_margin_error'],boundary_margin_error,Medium_Dice (25-75%)
20160328_153604_1_361,0.7631183331794981,0.6169695563045667,0.680889115558962,0.8679368174011262,10660,4996,1622,213122,12282,15656,0.31911088400613186,0.13206318189219995,1,1,12282.0,2675,0.21779840416870216,0.10889920208435108,1.0,1.9999131370301635,0.34375,0.65625,0.146484375,0.5012375,11,21,['boundary_margin_error'],boundary_margin_error,Medium_Dice (25-75%)
20160328_153604_641_1,0.7696351402104357,0.6255340715290506,0.6651266646145171,0.9131078214449178,8638,4349,822,216591,9460,12987,0.33487333487333487,0.086892177589852,1,2,9460.0,1886,0.19936575052854122,0.09968287526427061,2.0,1.999909006293155,0.3125,0.6875,0.17578125,0.5008375,10,22,['boundary_margin_error'],boundary_margin_error,Medium_Dice (25-75%)
20160328_153604_641_1081,0.8539900762730023,0.7451855857370742,0.8579365487003808,0.8500797443792356,16523,2736,2914,208227,19437,19259,0.14206345085414612,0.14992025518341306,1,1,19437.0,2413,0.1241446725317693,0.06207233626588465,1.0,1.999910643091823,0.34375,0.65625,0.1640625,0.5010125000000001,11,21,['high_quality'],high_quality,Medium_Dice (25-75%)
20160328_153604_641_361,0.7666202759965152,0.6215606281479209,0.6780607893769242,0.8817879566052285,14322,6800,1920,207358,16242,21122,0.32193921030205475,0.11821204285186554,3,1,5414.0,4470,0.27521241226449944,0.13760620613224972,0.3333333333333333,1.9999097800599803,0.3125,0.6875,0.1640625,0.5000875,10,22,['boundary_margin_error'],boundary_margin_error,Medium_Dice (25-75%)
20160328_153604_641_721,0.7818919837691284,0.6418905165639548,0.718835459936853,0.8570749263928572,12617,4935,2104,210744,14721,17552,0.2811645396536007,0.14292507302493038,2,2,7360.5,3390,0.23028326879967392,0.11514163439983696,1.0,1.9999192165030693,0.3125,0.6875,0.171875,0.500725,10,22,['boundary_margin_error'],boundary_margin_error,Medium_Dice (25-75%)
20160328_153620_1281_1081,0.87316373903052,0.7748807606522073,0.9213610551177275,0.829758253899359,2437,208,500,227255,2937,2645,0.07863894139886578,0.17024174327545114,1,1,2937.0,555,0.18896833503575078,0.09448416751787539,1.0,1.9999108254684912,0.375,0.625,0.150390625,0.5021875,12,20,['high_quality'],high_quality,High_Dice (>75%)
20160328_153620_1281_361,0.7953829057764266,0.6602786143335319,0.8170044256191463,0.7748762812003189,35074,7856,10190,177280,45264,42930,0.18299557419054274,0.22512371862849062,2,1,22632.0,7174,0.1584924001413927,0.07924620007069635,0.5,1.9999042221918109,0.3125,0.6875,0.16015625,0.49972500000000003,10,22,['boundary_margin_error'],boundary_margin_error,Medium_Dice (25-75%)
20160328_153620_1281_721,0.8489900738134663,0.7376044762935244,0.7675044218869751,0.9498335381265867,20827,6309,1100,202164,21927,27136,0.23249557783018868,0.050166461440233505,12,2,1827.25,5996,0.2734528207233092,0.1367264103616546,0.16666666666666666,1.9999097462466184,0.3125,0.6875,0.16015625,0.5008125,10,22,"['complex_topology', 'boundary_margin_error']",complex_topology,Medium_Dice (25-75%)
20160328_153620_1921_1081,0.9056841896482286,0.8276259751351792,0.9136225630069312,0.8978825785390928,9329,882,1061,219128,10390,10211,0.08637743609832534,0.10211742059672763,1,1,10390.0,1998,0.1923002887391723,0.09615014436958615,1.0,1.9999156435036272,0.375,0.625,0.15234375,0.5019875,12,20,['high_quality'],high_quality,High_Dice (>75%)
20160328_153620_1921_361,0.8977438192397338,0.8144602270413465,0.8468423226659058,0.9551557551373794,28669,5185,1346,195200,30015,33854,0.15315767708394873,0.04484424454439447,2,2,15007.5,4710,0.15692153923038482,0.07846076961519241,1.0,1.9999301985308797,0.3125,0.6875,0.17578125,0.5012624999999999,10,22,['high_quality'],high_quality,High_Dice (>75%)
20160328_153620_1_361,0.9264872884444244,0.8630426807912654,0.8827908584710321,0.9747347624893317,30594,4062,793,194951,31387,34656,0.11720914127423823,0.0252652372001147,2,1,15693.5,3918,0.1248287507566827,0.06241437537834135,0.5,1.9999074901769442,0.375,0.625,0.146484375,0.5006125,12,20,['high_quality'],high_quality,High_Dice (>75%)
20160328_153620_1_721,0.9565078342208924,0.9166411263919076,0.933666301024401,0.9804949992124324,5982,425,119,223874,6101,6407,0.06633369751833931,0.01950499918046222,1,2,6101.0,709,0.11621045730208163,0.05810522865104081,2.0,1.9999035387041881,0.34375,0.65625,0.150390625,0.501575,11,21,['high_quality'],high_quality,High_Dice (>75%)
20160328_153620_641_361,0.874416820557029,0.7768566877392044,0.8051076841177973,0.9567832154450585,6841,1656,309,221594,7150,8497,0.19489231493468284,0.04321678321678322,4,2,1787.5,1854,0.2593006993006993,0.12965034965034966,0.5,1.999911764570835,0.34375,0.65625,0.142578125,0.501225,11,21,['high_quality'],high_quality,High_Dice (>75%)
20160328_153620_641_721,0.8804292697867415,0.786398970629605,0.8492954988553237,0.9139325272893205,43399,7701,4087,175213,47486,51100,0.15070450097847357,0.08606747251821589,3,1,15828.666666666666,8363,0.17611506549298742,0.08805753274649371,0.3333333333333333,1.9998873855382255,0.25,0.75,0.1640625,0.4997,8,24,['high_quality'],high_quality,High_Dice (>75%)
20160328_153629_1281_361,0.96438386228186,0.9312174918467069,0.9360862132564168,0.9944457027947793,8773,599,49,220979,8822,9372,0.06391378574477166,0.005554296077986851,1,1,8822.0,698,0.07912038086601678,0.03956019043300839,1.0,1.9999154614045422,0.375,0.625,0.1484375,0.5018750000000001,12,20,['high_quality'],high_quality,High_Dice (>75%)
20160328_153629_1281_721,0.9061364299038939,0.8283815776260668,0.8988521937186209,0.9135396921821269,21692,2441,2053,204214,23745,24133,0.10114780590892139,0.08646030743314383,1,1,23745.0,3705,0.1560328490208465,0.07801642451042325,1.0,1.9999051110126582,0.3125,0.6875,0.158203125,0.500625,10,22,['high_quality'],high_quality,High_Dice (>75%)
20160328_153629_1921_361,0.9269192246908861,0.863792592336654,0.9226800857948221,0.931197495470279,29153,2443,2154,196650,31307,31596,0.07731991391315357,0.06880250423228032,1,1,31307.0,3988,0.1273836522183537,0.06369182610917686,1.0,1.9999294428795285,0.3125,0.6875,0.1640625,0.5008125,10,22,['high_quality'],high_quality,High_Dice (>75%)
20160328_153629_1_361,0.9140779537912576,0.841752828375259,0.8630313549918373,0.9715427891704047,32809,5207,961,191423,33770,38016,0.1369686447811448,0.028457210541901097,3,1,11256.666666666666,4891,0.14483269173822919,0.07241634586911459,0.3333333333333333,1.9999141335755208,0.34375,0.65625,0.16015625,0.5006375,11,21,['high_quality'],high_quality,High_Dice (>75%)
20160328_153629_641_361,0.8507099201163857,0.7402047011512837,0.7978109102837103,0.9111220463473209,9257,2346,903,217894,10160,11603,0.20218908902869948,0.08887795275590551,2,1,5080.0,1951,0.19202755905511812,0.09601377952755906,0.5,1.9999084469227286,0.34375,0.65625,0.1640625,0.5014125,11,21,['high_quality'],high_quality,Medium_Dice (25-75%)
20160328_153629_641_721,0.9386971899922083,0.8844763069884991,0.9032786355918954,0.9770067031443831,28129,3012,662,198597,28791,31141,0.09672136411804373,0.022993296516272445,6,1,4798.5,3676,0.12767878851029835,0.06383939425514917,0.16666666666666666,1.999902378731056,0.375,0.625,0.1484375,0.500525,12,20,"['complex_topology', 'high_quality']",complex_topology,High_Dice (>75%)
20160328_153829_1281_361,0.8759506434437526,0.7792812996463114,0.8014506123323977,0.9657206383478828,31271,7747,1110,190272,32381,39018,0.19854938746219694,0.034279361353880364,7,1,4625.857142857143,7820,0.24149964485346345,0.12074982242673173,0.14285714285714285,1.9999073997897416,0.34375,0.65625,0.1640625,0.5001,11,21,"['complex_topology', 'high_quality']",complex_topology,High_Dice (>75%)
20160328_153829_1281_721,0.7986641211847995,0.6648133426036272,0.7397260257628678,0.8678071517164148,3348,1178,510,225364,3858,4526,0.2602739726027397,0.1321928460342146,3,1,1286.0,1468,0.3805080352514256,0.1902540176257128,0.3333333333333333,1.9999153037416404,0.375,0.625,0.158203125,0.5020625000000001,12,20,['boundary_margin_error'],boundary_margin_error,Medium_Dice (25-75%)
20160328_153829_1921_1,0.8226077466835553,0.6986692364982506,0.7249788442476426,0.9506228875015772,18848,7150,979,203423,19827,25998,0.275021155473498,0.04937711201896404,14,1,1416.2142857142858,6747,0.3402935391133303,0.17014676955666516,0.07142857142857142,1.9999122301264123,0.28125,0.71875,0.16796875,0.5002125,9,23,"['complex_topology', 'boundary_margin_error']",complex_topology,Medium_Dice (25-75%)
20160328_153829_1921_361,0.8343188115912649,0.7157349881661802,0.7510319340624986,0.9383821907210038,3457,1146,227,225570,3684,4603,0.24896806430588747,0.061617806731813246,2,2,1842.0,976,0.26492942453854507,0.13246471226927253,1.0,1.9999238643764072,0.3125,0.6875,0.16796875,0.5024875,10,22,['boundary_margin_error'],boundary_margin_error,Medium_Dice (25-75%)
20160328_153829_1_1,0.8290638794669467,0.7080351053561541,0.7254670854175541,0.9671768602879726,16619,6289,564,206928,17183,22908,0.2745329142657587,0.032823139149159054,4,1,4295.75,5674,0.33021009136937673,0.16510504568468837,0.25,1.9999173527012197,0.28125,0.71875,0.17578125,0.5005625,9,23,['boundary_margin_error'],boundary_margin_error,Medium_Dice (25-75%)
20160328_153829_1_721,0.8631314461365172,0.7592183310931507,0.8582511494303076,0.8680675610213225,6527,1078,992,221803,7519,7605,0.14174884944115712,0.13193243782417874,1,1,7519.0,1642,0.2183801037371991,0.10919005186859955,1.0,1.9999108326465642,0.40625,0.59375,0.154296875,0.5016625000000001,13,19,['high_quality'],high_quality,Medium_Dice (25-75%)
20160328_153829_641_1,0.8654775500496507,0.762856257350859,0.840682787572869,0.891779333116985,14775,2800,1793,211032,16568,17575,0.1593172119487909,0.10822066634476099,5,2,3313.6,3613,0.21807098020280058,0.10903549010140029,0.4,1.999917251390265,0.28125,0.71875,0.17578125,0.5008875,9,23,"['complex_topology', 'high_quality']",complex_topology,Medium_Dice (25-75%)
20160328_153829_641_1081,0.7208409386788941,0.5635272113339955,0.5817923180432917,0.9472291134040876,5726,4116,319,220239,6045,9842,0.4182076813655761,0.05277088502894955,2,2,3022.5,1958,0.323904052936311,0.1619520264681555,1.0,1.9999124852504484,0.3125,0.6875,0.1640625,0.501125,10,22,['moderate_general_error'],moderate_general_error,Medium_Dice (25-75%)
20160328_153829_641_361,0.854149000088341,0.7454276342684981,0.7590698667681453,0.9764575530031054,7051,2238,170,220941,7221,9289,0.24093013241468403,0.023542445644647556,2,1,3610.5,2066,0.2861099570696579,0.14305497853482896,0.5,1.999911394434298,0.34375,0.65625,0.158203125,0.50155,11,21,['high_quality'],high_quality,Medium_Dice (25-75%)
20160328_153829_641_721,0.8184088462033378,0.692632848150263,0.7032495380035269,0.9786689378043133,2294,968,50,227088,2344,3262,0.2967504598405886,0.021331058020477817,2,2,1172.0,1120,0.4778156996587031,0.23890784982935154,1.0,1.9999113555343668,0.375,0.625,0.158203125,0.50205,12,20,['boundary_margin_error'],boundary_margin_error,Medium_Dice (25-75%)
20160329_103807_1081_1,0.17479946494853033,0.09577000531812854,0.1255400861124818,0.2876787662943962,523,3643,1295,224939,1818,4166,0.8744599135861738,0.7123212321232123,1,3,1818.0,702,0.38613861386138615,0.19306930693069307,3.0,1.999912157625772,0.40625,0.59375,0.134765625,0.5027625,13,19,"['missed_crack_high_fn', 'false_crack_high_fp', 'thin_low_area_failure', 'over_segmentation']",missed_crack_high_fn,Low_Dice (<25%)
20160329_103807_361_1,0.7790200201434703,0.6380284959586385,0.8619174638517091,0.7106693114064735,16479,2640,6709,204572,23188,19119,0.13808253569747372,0.289330688287045,2,1,11594.0,1985,0.08560462308090391,0.04280231154045196,0.5,1.9999188361001707,0.34375,0.65625,0.146484375,0.5017125,11,21,['boundary_margin_error'],boundary_margin_error,Medium_Dice (25-75%)
20160329_103807_361_1281,0.740796136053471,0.5883051642898455,0.7643144186579924,0.7186819828540864,23774,7331,9306,189989,33080,31105,0.23568558109628676,0.2813180169286578,4,1,8270.0,5043,0.1524486094316808,0.0762243047158404,0.25,1.9999188599822233,0.34375,0.65625,0.146484375,0.5013625,11,21,['boundary_margin_error'],boundary_margin_error,Medium_Dice (25-75%)
20160329_103807_361_1921,0.6575453566554039,0.4898082478356164,0.8071944933954398,0.5547060921719699,18647,4454,14969,192330,33616,23101,0.19280550625514048,0.44529390766301763,6,2,5602.666666666667,5092,0.15147548786292242,0.07573774393146121,0.3333333333333333,1.999914408638385,0.34375,0.65625,0.15625,0.5012,11,21,['complex_topology'],complex_topology,Low_Dice (<25%)
20160329_103807_361_641,0.8007518354419088,0.6677115372004562,0.9082962447276879,0.7159783200882361,34082,3441,13520,179357,47602,37523,0.09170375503024812,0.28402167976135456,3,3,15867.333333333334,4507,0.09468089576068232,0.04734044788034116,1.0,1.999919785760248,0.40625,0.59375,0.140625,0.501125,13,19,['boundary_margin_error'],boundary_margin_error,Medium_Dice (25-75%)
20160329_103807_721_1,0.6753909988766257,0.5098795178832699,0.7040335786732015,0.6489878730481821,13754,5782,7439,203425,21193,19536,0.29596642096642095,0.3510121266455905,1,3,21193.0,3008,0.14193365733968763,0.07096682866984381,3.0,1.9999172139730856,0.375,0.625,0.14453125,0.5017875,12,20,['boundary_margin_error'],boundary_margin_error,Low_Dice (<25%)
20160329_103807_721_1281,0.6746067400570636,0.5089860952560661,0.6354784054382794,0.7188697283579035,1501,861,587,227451,2088,2362,0.3645215918712955,0.2811302681992337,2,2,1044.0,664,0.31800766283524906,0.15900383141762453,1.0,1.9999022070828816,0.40625,0.59375,0.13671875,0.5023500000000001,13,19,['boundary_margin_error'],boundary_margin_error,Low_Dice (<25%)
20160330_165956_1281_721,0.6569496142940546,0.4891474074881735,0.5243116574405292,0.8794216719828444,6265,5684,859,217592,7124,11949,0.47568834212067956,0.12057832678270634,5,2,1424.8,3495,0.49059517125210556,0.24529758562605278,0.4,1.999916675527036,0.375,0.625,0.146484375,0.500475,12,20,['complex_topology'],complex_topology,Low_Dice (<25%)
20160330_165956_1921_721,0.7303209718103328,0.5752012560620448,0.6044568238889334,0.9223866484219354,5859,3834,493,220214,6352,9693,0.3955431754874652,0.07761335012594459,2,1,3176.0,3591,0.5653337531486146,0.2826668765743073,0.5,1.9999248707483448,0.3125,0.6875,0.158203125,0.5010375,10,22,['boundary_margin_error'],boundary_margin_error,Medium_Dice (25-75%)
20160330_165956_1_1081,0.8263486397534838,0.7040835700815921,0.8132953040661526,0.8398278196195879,7414,1702,1414,219870,8828,9116,0.18670469504168494,0.16017217942908926,1,1,8828.0,3489,0.3952197553239692,0.1976098776619846,1.0,1.9999275530612688,0.28125,0.71875,0.17578125,0.5008874999999999,9,23,['boundary_margin_error'],boundary_margin_error,Medium_Dice (25-75%)
20160330_165956_1_721,0.7064634485559812,0.5461488102267633,0.5672521240031138,0.9362259193263028,5006,3819,341,221234,5347,8825,0.43274787535410764,0.06377407892276042,5,4,1069.4,4121,0.7707125490929493,0.38535627454647464,0.8,1.9999219289860357,0.375,0.625,0.15234375,0.5011625,12,20,['complex_topology'],complex_topology,Low_Dice (<25%)
20160330_165956_641_721,0.8130158725857058,0.6849424973834871,0.7151633615236309,0.9418903997279755,7683,3060,474,219183,8157,10743,0.2848366378106674,0.058109599117322545,2,1,4078.5,4056,0.49724163295329166,0.24862081647664583,0.5,1.999919442053443,0.375,0.625,0.162109375,0.5008874999999999,12,20,['boundary_margin_error'],boundary_margin_error,Medium_Dice (25-75%)
20160330_170359_1281_721,0.8109252051230115,0.6819799802475023,0.9313258511903544,0.7180912610760951,28547,2105,11207,188541,39754,30652,0.06867414850580712,0.2819087387432711,1,1,39754.0,3228,0.08119937616340495,0.04059968808170247,1.0,1.9999198163462273,0.34375,0.65625,0.15625,0.5016750000000001,11,21,['boundary_margin_error'],boundary_margin_error,Medium_Dice (25-75%)
20160330_170359_1921_361,0.8624531415675011,0.7581693318163021,0.8380030561192038,0.8883728460936584,16450,3180,2067,208703,18517,19630,0.1619969434538971,0.11162715342658099,1,3,18517.0,1564,0.08446292595992871,0.04223146297996436,3.0,1.9999291348137769,0.3125,0.6875,0.15625,0.5017125,10,22,['high_quality'],high_quality,Medium_Dice (25-75%)
20160330_170359_1921_721,0.8897737554548022,0.8014346263443778,0.9501812027300405,0.8365879596525897,19664,1031,3841,205864,23505,20695,0.04981879681082387,0.16341203999149118,2,2,11752.5,1744,0.07419697936609232,0.03709848968304616,1.0,1.9999222465977269,0.28125,0.71875,0.15625,0.501975,9,23,['high_quality'],high_quality,High_Dice (>75%)
20160330_170359_1_721,0.8516197319222835,0.7415833897493006,0.8450291587172745,0.8583139157075,30574,5607,5047,189172,35621,36181,0.15497084104916944,0.14168608405154262,1,1,35621.0,3446,0.09674068667359143,0.04837034333679571,1.0,1.999922487717751,0.34375,0.65625,0.15625,0.5014375,11,21,['high_quality'],high_quality,Medium_Dice (25-75%)
20160330_170359_641_721,0.8622815056955018,0.7579040949164015,0.8581854785270588,0.8664168198988703,27280,4508,4206,194406,31486,31788,0.14181452120296967,0.13358317982595438,1,1,31486.0,3540,0.11243092167947659,0.056215460839738295,1.0,1.9999235595925715,0.34375,0.65625,0.158203125,0.5015999999999999,11,21,['high_quality'],high_quality,Medium_Dice (25-75%)
20160330_172309_1281_361,0.8659605546226196,0.7636070845264551,0.8118936185231211,0.9277422708650812,7113,1648,554,221085,7667,8761,0.18810638055016551,0.07225772792487282,1,1,7667.0,2848,0.37146211034302856,0.18573105517151428,1.0,1.9999208137682642,0.3125,0.6875,0.150390625,0.5008125000000001,10,22,['high_quality'],high_quality,Medium_Dice (25-75%)
20160330_172309_1281_721,0.8548901364013844,0.7465573073615939,0.7817144665562623,0.9431805143030703,24667,6888,1486,197359,26153,31555,0.21828553319600696,0.05681948533629029,4,2,6538.25,4491,0.1717202615378733,0.08586013076893664,0.5,1.9999163165723435,0.4375,0.5625,0.173828125,0.50085,14,18,['high_quality'],high_quality,Medium_Dice (25-75%)
20160330_172309_1921_361,0.8859240685034848,0.7952097729222474,0.8038674028794999,0.9866374145814137,14841,3621,201,211737,15042,18462,0.19613259668508287,0.01336258476266454,1,1,15042.0,1696,0.1127509639675575,0.05637548198377875,1.0,1.9999310622183124,0.34375,0.65625,0.16015625,0.5013500000000001,11,21,['high_quality'],high_quality,High_Dice (>75%)
20160330_172309_1921_721,0.8727956128844847,0.7743011142087058,0.8326456425814689,0.9170137944728084,16951,3407,1534,208508,18485,20358,0.16735435700952941,0.0829862050311063,1,1,18485.0,2827,0.15293481200973763,0.07646740600486882,1.0,1.9999250773694504,0.375,0.625,0.162109375,0.500975,12,20,['high_quality'],high_quality,High_Dice (>75%)
20160330_172309_1_721,0.8962845847440619,0.8120613088802648,0.9152898116811313,0.8780525577582464,17007,1574,2362,209457,19369,18581,0.08471018782627415,0.1219474417884248,1,1,19369.0,3466,0.17894573803500438,0.08947286901750219,1.0,1.999912231797738,0.40625,0.59375,0.158203125,0.5009125000000001,13,19,['high_quality'],high_quality,High_Dice (>75%)
20160330_172309_641_361,0.7559847098048991,0.6076972813463865,0.6096690440958175,0.9947061884875268,1879,1203,10,227308,1889,3082,0.3903309539260221,0.005293806246691371,1,1,1889.0,624,0.33033350979354154,0.16516675489677077,1.0,1.9999137697397513,0.375,0.625,0.154296875,0.501925,12,20,['boundary_margin_error'],boundary_margin_error,Medium_Dice (25-75%)
20160330_172309_641_721,0.8604696417909201,0.7551090109992858,0.8631010472824839,0.8578542324070833,26530,4208,4396,195266,30926,30738,0.1368989524367233,0.1421457673155274,3,1,10308.666666666666,6929,0.2240509603569812,0.1120254801784906,0.3333333333333333,1.99989661175035,0.375,0.625,0.162109375,0.49995,12,20,['high_quality'],high_quality,Medium_Dice (25-75%)
20160402_150314_1281_1081,0.8273961802255537,0.7056059056542265,0.7367683114729466,0.9434470334674728,2102,751,126,227421,2228,2853,0.2632316859446197,0.05655296229802514,1,1,2228.0,838,0.3761220825852783,0.18806104129263915,1.0,1.9998977340410335,0.375,0.625,0.171875,0.50145,12,20,['boundary_margin_error'],boundary_margin_error,Medium_Dice (25-75%)
20160402_150314_1281_361,0.8528295787092681,0.7434201256250245,0.7661734830777872,0.9615874732175724,5282,1612,211,223295,5493,6894,0.23382651581085,0.03841252503185873,1,1,5493.0,1826,0.3324230839249954,0.1662115419624977,1.0,1.9999151435030964,0.375,0.625,0.15234375,0.5012625,12,20,['high_quality'],high_quality,Medium_Dice (25-75%)
20160402_150314_1281_721,0.8543947195531251,0.7458020088907454,0.8458841335198948,0.8630782983469565,10615,1934,1684,216167,12299,12549,0.1541158658060403,0.13692170095129685,3,2,4099.666666666667,3719,0.30238230750467515,0.15119115375233758,0.6666666666666666,1.9999007148970178,0.3125,0.6875,0.162109375,0.50085,10,22,['high_quality'],high_quality,Medium_Dice (25-75%)
20160402_150314_1921_1,0.8501532022517615,0.739362151476726,0.822588234519917,0.8796296287443341,8740,1885,1196,218579,9936,10625,0.17741176470588235,0.12037037037037036,2,1,4968.0,2878,0.2896537842190016,0.1448268921095008,0.5,1.9999159151699826,0.3125,0.6875,0.177734375,0.5012,10,22,['high_quality'],high_quality,Medium_Dice (25-75%)
20160402_150314_1921_361,0.8919803586055969,0.8050221541949123,0.826007878672301,0.9694059019231379,2725,574,86,227015,2811,3299,0.17399211882388602,0.030594094628246176,1,1,2811.0,1008,0.35859124866595515,0.17929562433297758,1.0,1.999913055681907,0.34375,0.65625,0.169921875,0.5020125,11,21,['high_quality'],high_quality,High_Dice (>75%)
20160402_150314_1_361,0.9011471889002504,0.8200799777709699,0.9033896022249682,0.8989158800445306,26865,2873,3021,197641,29886,29738,0.0966103974712489,0.10108411965468782,1,1,29886.0,5157,0.172555711704477,0.0862778558522385,1.0,1.9999104673117336,0.375,0.625,0.166015625,0.500325,12,20,['high_quality'],high_quality,High_Dice (>75%)
20160402_150314_1_721,0.826986210972321,0.7050097950321768,0.8341980341823623,0.8198980136488033,7557,1502,1660,219681,9217,9059,0.16580196489678772,0.18010198546164696,2,1,4608.5,3065,0.3325377020722578,0.1662688510361289,0.5,1.9999082854846013,0.34375,0.65625,0.166015625,0.5011125,11,21,['boundary_margin_error'],boundary_margin_error,Medium_Dice (25-75%)
20160402_150314_641_361,0.864277544246869,0.7609936211693034,0.9162063843241192,0.8179194217463387,6801,622,1514,221463,8315,7423,0.08379361444160043,0.182080577269994,1,1,8315.0,1802,0.21671677690920024,0.10835838845460012,1.0,1.999905526177833,0.375,0.625,0.171875,0.5012624999999999,12,20,['high_quality'],high_quality,Medium_Dice (25-75%)
20160402_150314_641_721,0.8517327472582177,0.7417548007438927,0.8664959762389272,0.8374641577291079,21321,3285,4138,201656,25459,24606,0.13350402340892464,0.16253584194194587,1,1,25459.0,7162,0.28131505557955927,0.14065752778977963,1.0,1.9999056692384847,0.3125,0.6875,0.16015625,0.5,10,22,['high_quality'],high_quality,Medium_Dice (25-75%)
20160402_151049_1281_721,0.9411748610165566,0.8888860174968639,0.9112076498871002,0.9731801847474523,34399,3352,948,191701,35347,37751,0.08879234987152658,0.02681981497722579,2,1,17673.5,3596,0.10173423487141765,0.05086711743570883,0.5,1.9999143249236788,0.34375,0.65625,0.166015625,0.5006375,11,21,['high_quality'],high_quality,High_Dice (>75%)
20160402_151049_1921_1081,0.9351839150409567,0.8782586291199079,0.9299547210026978,0.9404722492880546,17047,1284,1079,210990,18126,18331,0.07004527848998963,0.059527750193092796,1,1,18126.0,1926,0.10625620655412116,0.05312810327706058,1.0,1.999918642962501,0.34375,0.65625,0.15625,0.5011625,11,21,['high_quality'],high_quality,High_Dice (>75%)
20160402_151049_1921_721,0.9262501120104474,0.8626311605440278,0.9149153139509997,0.9378692841842245,20635,1919,1367,206479,22002,22554,0.08508468564334486,0.062130715389510045,1,1,22002.0,2377,0.10803563312426143,0.05401781656213071,1.0,1.9999261487758622,0.375,0.625,0.171875,0.5008875,12,20,['high_quality'],high_quality,High_Dice (>75%)
20160402_151049_1_361,0.8956022222628115,0.8109417098772326,0.8348021485078466,0.9659543345388989,23776,4705,838,201081,24614,28481,0.16519785119904498,0.034045665068660115,2,1,12307.0,4093,0.16628747867067523,0.08314373933533761,0.5,1.9999148232765542,0.375,0.625,0.15625,0.500525,12,20,['high_quality'],high_quality,High_Dice (>75%)
20160402_151049_1_721,0.8551342025311307,0.7469296439999408,0.7891182708908363,0.9332040380279482,16360,4372,1171,208497,17531,20732,0.21088172872853558,0.06679596143973533,1,1,17531.0,4794,0.2734584450402145,0.13672922252010725,1.0,1.9999076050751006,0.34375,0.65625,0.173828125,0.5005,11,21,['high_quality'],high_quality,Medium_Dice (25-75%)
20160402_151049_641_361,0.8099474306309191,0.680598026909283,0.6981526640008621,0.9643716852943105,2003,866,74,227457,2077,2869,0.3018473335657023,0.03562831006259028,1,1,2077.0,517,0.24891670678863745,0.12445835339431872,1.0,1.999904023881054,0.40625,0.59375,0.162109375,0.5016625,13,19,['boundary_margin_error'],boundary_margin_error,Medium_Dice (25-75%)
20160402_151049_641_721,0.9368561413996606,0.8812129551621166,0.9109810669165849,0.9642440728322376,39696,3879,1472,185353,41168,43575,0.08901893287435456,0.03575592693354061,1,1,41168.0,4241,0.10301690633501749,0.051508453167508746,1.0,1.9999034741922874,0.34375,0.65625,0.154296875,0.5002875,11,21,['high_quality'],high_quality,High_Dice (>75%)
20160402_151054_1281_1081,0.9276353273571343,0.8650371939901352,0.9333735661234921,0.9219672125651462,15466,1104,1309,212521,16775,16570,0.06662643331321666,0.0780327868852459,1,1,16775.0,2057,0.12262295081967213,0.061311475409836065,1.0,1.9999077810821408,0.375,0.625,0.154296875,0.5004624999999999,12,20,['high_quality'],high_quality,High_Dice (>75%)
20160402_151054_1281_361,0.9161657696012608,0.8453006409146225,0.8500146744202897,0.9934819880043191,5792,1022,38,223548,5830,6814,0.14998532433225711,0.006518010291595197,1,1,5830.0,732,0.12555746140651802,0.06277873070325901,1.0,1.9999187037200454,0.3125,0.6875,0.173828125,0.5018374999999999,10,22,['high_quality'],high_quality,High_Dice (>75%)
20160402_151054_1281_721,0.9504190671608431,0.9055224208293522,0.933930239233151,0.967500589811777,40993,2900,1377,185130,42370,43893,0.06606976055407468,0.032499409959877275,1,1,42370.0,4055,0.09570450790653764,0.04785225395326882,1.0,1.9998945828733334,0.3125,0.6875,0.16015625,0.4996125,10,22,['high_quality'],high_quality,High_Dice (>75%)
20160402_151054_1921_361,0.8611892580367042,0.7562180670618056,0.7909448583058636,0.9451266571152013,13469,3560,782,212589,14251,17029,0.20905514122966704,0.05487334222159848,3,1,4750.333333333333,3394,0.23815872570345942,0.11907936285172971,0.3333333333333333,1.9999194158937978,0.34375,0.65625,0.166015625,0.50085,11,21,['high_quality'],high_quality,Medium_Dice (25-75%)
20160402_151054_1_361,0.8808548901776856,0.7870783533312655,0.9433868164640171,0.8260974322978544,54857,3292,11548,160703,66405,58149,0.05661318337374675,0.17390256757774264,1,1,66405.0,5533,0.08332203900308711,0.04166101950154356,1.0,1.9998965672880056,0.34375,0.65625,0.16015625,0.49946250000000003,11,21,['high_quality'],high_quality,High_Dice (>75%)
20160402_151054_1_721,0.2462533051829171,0.14041554912729373,0.8135922172118016,0.14508310199070948,419,96,2469,227416,2888,515,0.18640776699029127,0.8549168975069252,1,3,2888.0,396,0.1371191135734072,0.0685595567867036,3.0,1.9999054533711718,0.4375,0.5625,0.16796875,0.50185,14,18,"['missed_crack_high_fn', 'thin_low_area_failure']",missed_crack_high_fn,Low_Dice (<25%)
20160402_151054_641_361,0.9117239525715264,0.837769015247438,0.9305656925816007,0.8936300701887058,10199,761,1214,218226,11413,10960,0.06943430656934306,0.10636992902830106,1,2,11413.0,1572,0.13773766757206693,0.06886883378603346,2.0,1.9999167037232082,0.375,0.625,0.166015625,0.501375,12,20,['high_quality'],high_quality,High_Dice (>75%)
20160402_151054_641_721,0.9393945929924281,0.8857154477864374,0.9098888234933173,0.9708781157869696,21770,2156,653,205821,22423,23926,0.0901111761263897,0.029121883780047274,1,1,22423.0,2562,0.11425768184453464,0.05712884092226732,1.0,1.999911509901093,0.40625,0.59375,0.146484375,0.5006,13,19,['high_quality'],high_quality,High_Dice (>75%)
20160405_171348_1281_361,0.7064837215321933,0.5461730426531903,0.5461730426531903,0.9999999923838538,1313,1091,0,227996,1313,2404,0.4538269550748752,0.0,1,4,1313.0,228,0.17364813404417365,0.08682406702208682,4.0,1.999913994192259,0.46875,0.53125,0.140625,0.50275,15,17,['moderate_general_error'],moderate_general_error,Low_Dice (<25%)
20160405_171348_1281_721,0.882947513946765,0.7904261661566067,0.844218520126355,0.9254007892463811,34461,6359,2778,186802,37239,40820,0.15578147966682998,0.0745992105051156,2,1,18619.5,4149,0.11141545154273745,0.055707725771368725,0.5,1.999926967071894,0.375,0.625,0.14453125,0.501625,12,20,['high_quality'],high_quality,High_Dice (>75%)
20160405_171348_1921_721,0.832282663849481,0.7127432625032123,0.8683038079801888,0.7991311137364221,32742,4966,8230,184462,40972,37708,0.13169619178954067,0.20086888606853462,4,1,10243.0,5734,0.13994923362296202,0.06997461681148101,0.25,1.999924240772896,0.34375,0.65625,0.16015625,0.501875,11,21,['boundary_margin_error'],boundary_margin_error,Medium_Dice (25-75%)
20160405_171348_1_721,0.7612220915674239,0.6144944032224445,0.7790927019822261,0.7441529199227696,32390,9184,11136,177690,43526,41574,0.22090729783037474,0.25584707990626293,5,3,8705.2,8064,0.18526857510453523,0.09263428755226762,0.6,1.9999288937921955,0.34375,0.65625,0.150390625,0.5013875,11,21,"['complex_topology', 'boundary_margin_error']",complex_topology,Medium_Dice (25-75%)
20160405_171348_641_721,0.8237602269683642,0.700333593417954,0.817978335133752,0.8296244392293652,29601,6587,6079,188133,35680,36188,0.18202166464021222,0.1703755605381166,3,4,11893.333333333334,4812,0.13486547085201794,0.06743273542600897,1.3333333333333333,1.9999285824295499,0.34375,0.65625,0.150390625,0.5017125,11,21,['boundary_margin_error'],boundary_margin_error,Medium_Dice (25-75%)
20160407_163130_1281_721,0.8954116720142926,0.8106293080673207,0.9610862109353618,0.8381385934436296,18227,738,3520,207915,21747,18965,0.03891378855786976,0.16186140617096612,2,1,10873.5,4406,0.2026026578378627,0.10130132891893134,0.5,1.9998963692727396,0.3125,0.6875,0.1640625,0.5008375,10,22,['high_quality'],high_quality,High_Dice (>75%)
20160407_163130_1921_721,0.8946992016206484,0.8094621870648262,0.9654278300003533,0.8336265254898307,15638,560,3121,211081,18759,16198,0.03457216940363008,0.16637347406578176,1,1,18759.0,3963,0.2112585958739805,0.10562929793699025,1.0,1.999917497701508,0.3125,0.6875,0.16015625,0.5009,10,22,['high_quality'],high_quality,High_Dice (>75%)
20160407_163130_1_361,0.7856310664356678,0.64694595252016,0.7733180398573469,0.798342538285941,2023,593,511,227273,2534,2616,0.22668195718654435,0.20165745856353592,2,2,1267.0,693,0.27348066298342544,0.13674033149171272,1.0,1.9998957249058278,0.375,0.625,0.171875,0.5012375,12,20,['boundary_margin_error'],boundary_margin_error,Medium_Dice (25-75%)
20160407_163130_1_721,0.8513731822978001,0.7412095636082672,0.9219853554577948,0.7908075358245943,14229,1204,3764,211203,17993,15433,0.07801464394479363,0.20919246373589728,4,2,4498.25,3803,0.21135997332295892,0.10567998666147946,0.5,1.9998962059991796,0.3125,0.6875,0.15625,0.500575,10,22,['high_quality'],high_quality,Medium_Dice (25-75%)
20160407_163130_641_721,0.8709895557214442,0.7714627974748379,0.9426433910101684,0.8094595219917791,17388,1058,4093,207861,21481,18446,0.057356608478802994,0.1905404776313952,1,2,21481.0,3919,0.1824402960756017,0.09122014803780085,2.0,1.9998898797540938,0.3125,0.6875,0.162109375,0.5009,10,22,['high_quality'],high_quality,Medium_Dice (25-75%)
20160407_163257_1281_1,0.8904371363602049,0.8025116607086389,0.8164561576867517,0.979161193433884,11183,2514,238,216465,11421,13697,0.18354384171716434,0.02083880570878207,2,1,5710.5,2159,0.18903773750109448,0.09451886875054724,0.5,1.9999183657464745,0.34375,0.65625,0.1640625,0.50095,11,21,['high_quality'],high_quality,High_Dice (>75%)
20160407_163257_1281_361,0.900924794660295,0.8197116905952171,0.8608202728504033,0.9449487547987199,12908,2087,752,214653,13660,14995,0.1391797265755252,0.05505124450951684,1,1,13660.0,3222,0.23587115666178624,0.11793557833089312,1.0,1.9999213018450814,0.375,0.625,0.16015625,0.5011,12,20,['high_quality'],high_quality,High_Dice (>75%)
20160407_163257_1281_721,0.867836256712875,0.7665289246882244,0.8399254217073839,0.8976658114180674,6307,1202,719,222172,7026,7509,0.1600745771740578,0.10233418730429832,1,1,7026.0,1974,0.28095644748078563,0.14047822374039282,1.0,1.999909027984372,0.3125,0.6875,0.162109375,0.5010625,10,22,['high_quality'],high_quality,Medium_Dice (25-75%)
20160407_163257_1921_1081,0.7941029835523802,0.6585164178378025,0.6988842914643547,0.9193601567952504,5575,2402,489,221934,6064,7977,0.3011157076595211,0.08063984168865436,3,1,2021.3333333333333,2190,0.3611477572559367,0.18057387862796834,0.3333333333333333,1.999913938826775,0.34375,0.65625,0.15234375,0.5012000000000001,11,21,['boundary_margin_error'],boundary_margin_error,Medium_Dice (25-75%)
20160407_163257_1921_721,0.8715569724039164,0.7723535447426085,0.8324563821206641,0.9145117114169278,6012,1210,562,222616,6574,7222,0.1675436167266685,0.08548828719196835,1,1,6574.0,2038,0.31000912686340126,0.15500456343170063,1.0,1.9999181698590465,0.34375,0.65625,0.15234375,0.5012375,11,21,['high_quality'],high_quality,Medium_Dice (25-75%)
20160407_163257_1_1,0.8840851615612672,0.7922514614091729,0.8198184562633749,0.9592848283242301,10838,2382,460,216720,11298,13220,0.18018154311649018,0.04071517082669499,1,1,11298.0,3246,0.2873074880509825,0.14365374402549125,1.0,1.9999062810760122,0.40625,0.59375,0.146484375,0.5005,13,19,['high_quality'],high_quality,High_Dice (>75%)
20160407_163257_641_361,0.8600786017992904,0.7545069363175984,0.8173146140952893,0.9075647037997755,9082,2030,925,218363,10007,11112,0.18268538516918648,0.0924352952932947,2,1,5003.5,3413,0.341061257120016,0.170530628560008,0.5,1.9999080628778674,0.375,0.625,0.14453125,0.5004625,12,20,['high_quality'],high_quality,Medium_Dice (25-75%)
20160407_165001_1281_1081,0.5072474011827425,0.33980674465725014,0.34600173594482325,0.9499470313825554,3587,6780,189,219844,3776,10367,0.6539982637214238,0.050052966101694914,2,2,1888.0,1841,0.4875529661016949,0.24377648305084745,1.0,1.999909896908277,0.375,0.625,0.16015625,0.50105,12,20,"['false_crack_high_fp', 'thin_low_area_failure', 'over_segmentation']",false_crack_high_fp,Low_Dice (<25%)
20160407_165001_1281_361,0.757566895468063,0.6097446153879342,0.6932958646505447,0.8349717962651315,10362,4584,2048,213406,12410,14946,0.3067041348855881,0.16502820306204674,2,2,6205.0,2498,0.20128928283642225,0.10064464141821113,1.0,1.9999089997906219,0.34375,0.65625,0.16796875,0.5008625,11,21,['boundary_margin_error'],boundary_margin_error,Medium_Dice (25-75%)
20160407_165001_1281_721,0.798207234235186,0.6641804285843005,0.9262010873546282,0.701293829549421,3740,298,1593,224769,5333,4038,0.07379891035165924,0.29870616913557096,1,1,5333.0,1172,0.21976373523345208,0.10988186761672604,1.0,1.9999062747672545,0.34375,0.65625,0.158203125,0.5009625,11,21,['boundary_margin_error'],boundary_margin_error,Medium_Dice (25-75%)
20160407_165001_1921_361,0.6714768876308039,0.5054310921496418,0.5926368147410213,0.7745123516917753,2978,2047,867,224508,3845,5025,0.407363184079602,0.22548764629388818,1,1,3845.0,1108,0.2881664499349805,0.14408322496749024,1.0,1.9999121816461867,0.34375,0.65625,0.173828125,0.5016125,11,21,['moderate_general_error'],moderate_general_error,Low_Dice (<25%)
20160407_165001_1921_721,0.7373958267407081,0.5840277122141863,0.6032298611321634,0.9483125555665666,6238,4103,340,219719,6578,10341,0.3967701382844986,0.051687442991790816,2,1,3289.0,2875,0.4370629370629371,0.21853146853146854,0.5,1.999918863456384,0.3125,0.6875,0.171875,0.5009750000000001,10,22,['boundary_margin_error'],boundary_margin_error,Medium_Dice (25-75%)
20160407_165001_1_1081,0.6340542065973612,0.4641869462608035,0.5508697070054649,0.7468298092395332,3357,2737,1138,223168,4495,6094,0.4491302920905809,0.2531701890989989,2,2,2247.5,2332,0.5187986651835372,0.2593993325917686,1.0,1.9999086306331866,0.375,0.625,0.16015625,0.5012875,12,20,['moderate_general_error'],moderate_general_error,Low_Dice (<25%)
20160407_165001_1_721,0.8628111095158075,0.7587227739698019,0.9245039932204947,0.8088367894449747,14352,1172,3392,211484,17744,15524,0.0754960061839732,0.19116321009918846,1,1,17744.0,3895,0.2195108205590622,0.1097554102795311,1.0,1.9999007552269217,0.34375,0.65625,0.1484375,0.5002,11,21,['high_quality'],high_quality,Medium_Dice (25-75%)
20160407_165001_641_1081,0.4365205536719049,0.27919814021034556,0.28837209259058955,0.8977113456435714,1922,4743,219,223516,2141,6665,0.7116279069767442,0.102288650163475,2,4,1070.5,1225,0.572162540868753,0.2860812704343765,2.0,1.999900687463953,0.375,0.625,0.171875,0.5014124999999999,12,20,"['false_crack_high_fp', 'thin_low_area_failure', 'over_segmentation']",false_crack_high_fp,Low_Dice (<25%)
20160407_165001_641_361,0.8766664557791538,0.780415096023165,0.8630878322573478,0.8906791623503151,13875,2201,1703,212621,15578,16076,0.13691216720577257,0.10932083707793042,1,1,15578.0,3166,0.2032353318782899,0.10161766593914495,1.0,1.9999021266293295,0.34375,0.65625,0.158203125,0.500275,11,21,['high_quality'],high_quality,High_Dice (>75%)
20160407_165001_641_721,0.5835810642954927,0.41201162282204834,0.43049932378374045,0.9056068069154947,1276,1688,133,227303,1409,2964,0.5695006747638327,0.09439318665720368,2,4,704.5,474,0.33640880056777855,0.16820440028388928,2.0,1.9998948107731218,0.375,0.625,0.166015625,0.501875,12,20,['over_segmentation'],over_segmentation,Low_Dice (<25%)
IMG_2931_1297_485,0.8216344010320166,0.6972661131244893,0.7748049030802538,0.8744888302155116,2780,808,399,309645,3179,3588,0.22519509476031216,0.1255111670336584,8,3,397.375,1061,0.33375275243787356,0.16687637621893678,0.375,1.9999094995453945,0.40625,0.59375,0.146484375,0.5025375000000001,13,19,"['complex_topology', 'boundary_margin_error']",complex_topology,Medium_Dice (25-75%)
IMG_2931_1297_969,0.9075406337563102,0.8307317066416816,0.8964730646635611,0.9188848912599956,10218,1180,902,301332,11120,11398,0.10352693454992104,0.08111510791366906,1,1,11120.0,2558,0.23003597122302158,0.11501798561151079,1.0,1.9999046822845306,0.4375,0.5625,0.140625,0.5020749999999999,14,18,['high_quality'],high_quality,High_Dice (>75%)
IMG_2931_1945_485,0.8833661410077378,0.7910973985733842,0.8387850454224532,0.9329521813358417,5385,1035,387,306825,5772,6420,0.16121495327102803,0.06704781704781705,2,1,2886.0,1530,0.26507276507276506,0.13253638253638253,0.5,1.9999073409847137,0.4375,0.5625,0.134765625,0.5020125,14,18,['high_quality'],high_quality,High_Dice (>75%)
IMG_2931_1945_969,0.8838763569452267,0.7919161666767514,0.8613297138923613,0.9076351145158206,6348,1022,646,305616,6994,7370,0.13867028493894165,0.09236488418644552,1,1,6994.0,1920,0.2745210180154418,0.1372605090077209,1.0,1.9999005938106307,0.375,0.625,0.146484375,0.5017875,12,20,['high_quality'],high_quality,High_Dice (>75%)
IMG_2931_1_485,0.8974653116744604,0.8140018823693198,0.9165411431427943,0.8791673351104151,16429,1496,2258,293449,18687,17925,0.08345885634588564,0.12083266441911489,1,1,18687.0,3905,0.20896880184085193,0.10448440092042596,1.0,1.9999202947732466,0.34375,0.65625,0.158203125,0.50145,11,21,['high_quality'],high_quality,High_Dice (>75%)
IMG_2931_649_485,0.9080098717717411,0.8315183885819338,0.9009349948790925,0.915196742865071,12141,1335,1125,299031,13266,13476,0.09906500445235975,0.08480325644504749,2,2,6633.0,3277,0.2470224634403739,0.12351123172018695,1.0,1.9999168370880809,0.3125,0.6875,0.166015625,0.5015125,10,22,['high_quality'],high_quality,High_Dice (>75%)
IMG_2931_649_969,0.708020352052289,0.5480120009451912,0.5612754492459644,0.9586614110324054,1461,1142,63,310966,1524,2603,0.4387245485977718,0.04133858267716536,1,3,1524.0,436,0.28608923884514437,0.14304461942257218,3.0,1.9999116065114868,0.4375,0.5625,0.142578125,0.5024,14,18,['moderate_general_error'],moderate_general_error,Low_Dice (<25%)
IMG_2941_1297_485,0.8916144742120675,0.8044263060709258,0.8421658032682887,0.9472322327444486,10250,1921,571,300890,10821,12171,0.15783419603976667,0.052767766380186674,1,1,10821.0,2685,0.24812863875797062,0.12406431937898531,1.0,1.9999000989471178,0.375,0.625,0.150390625,0.5011875,12,20,['high_quality'],high_quality,High_Dice (>75%)
IMG_2941_1297_969,0.8290671698771112,0.7080399050644954,0.7390505348559716,0.9440532062909758,4826,1704,286,306816,5112,6530,0.26094946401225116,0.05594679186228482,2,2,2556.0,2222,0.43466353677621283,0.21733176838810642,1.0,1.9998863426940359,0.40625,0.59375,0.146484375,0.5018,13,19,['boundary_margin_error'],boundary_margin_error,Medium_Dice (25-75%)
IMG_2941_1945_485,0.9100222413863914,0.8348998263449791,0.8687986610457509,0.9553527199070596,13502,2039,631,297460,14133,15541,0.13120133839521267,0.04464727941696738,1,1,14133.0,3879,0.2744640203778391,0.13723201018891956,1.0,1.99989208400918,0.34375,0.65625,0.158203125,0.5005625,11,21,['high_quality'],high_quality,High_Dice (>75%)
IMG_2941_1_485,0.7768528725535524,0.6351262698669625,0.7725912611757605,0.781161757198141,3873,1140,1085,307534,4958,5013,0.22740873728306404,0.21883824122630094,3,5,1652.6666666666667,1490,0.30052440500201694,0.15026220250100847,1.6666666666666667,1.9999008356284076,0.40625,0.59375,0.1484375,0.50195,13,19,['boundary_margin_error'],boundary_margin_error,Medium_Dice (25-75%)
IMG_2941_1_969,0.8992262686831354,0.8169038223753611,0.8770476708291481,0.9225556622240507,9530,1336,800,301966,10330,10866,0.12295232836370329,0.07744433688286544,3,2,3443.3333333333335,2424,0.2346563407550823,0.11732817037754115,0.6666666666666666,1.9999002424297516,0.40625,0.59375,0.146484375,0.5014375,13,19,['high_quality'],high_quality,High_Dice (>75%)
IMG_2941_649_969,0.9020217725886385,0.821529744460673,0.8859696014007717,0.9186663491576255,11600,1493,1027,299512,12627,13093,0.11403039792255404,0.08133365011483329,1,1,12627.0,3828,0.30315989546210503,0.15157994773105252,1.0,1.9999086329506437,0.34375,0.65625,0.162109375,0.501025,11,21,['high_quality'],high_quality,High_Dice (>75%)
IMG_2942_1297_485,0.5765944760735184,0.4050809599803825,0.42592954948539186,0.8921910209219287,4353,5867,526,302886,4879,10220,0.5740704500978474,0.10780897724943636,3,1,1626.3333333333333,2380,0.4878048780487805,0.24390243902439024,0.3333333333333333,1.9999099596309788,0.4375,0.5625,0.134765625,0.5010125,14,18,['over_segmentation'],over_segmentation,Low_Dice (<25%)
IMG_2942_1945_485,0.5561585865549089,0.38519367942763294,0.3906189425111527,0.9651979534955365,3023,4716,109,305784,3132,7739,0.6093810569841065,0.034802043422733075,3,2,1044.0,1994,0.6366538952745849,0.31832694763729247,0.6666666666666666,1.9999125808993945,0.4375,0.5625,0.134765625,0.5010625,14,18,['over_segmentation'],over_segmentation,Low_Dice (<25%)
IMG_2942_1_485,0.6911067955797229,0.5280085443531823,0.5777922070418283,0.8597101432662606,4449,3251,726,305206,5175,7700,0.4222077922077922,0.14028985507246378,5,3,1035.0,3132,0.6052173913043478,0.3026086956521739,0.6,1.9998986077311716,0.40625,0.59375,0.142578125,0.50095,13,19,['complex_topology'],complex_topology,Low_Dice (<25%)
IMG_2942_649_485,0.36395909021726053,0.22246331863766966,0.22613170861660362,0.93203462799985,2153,7368,157,303954,2310,9521,0.7738682911458881,0.06796536796536796,3,1,770.0,1534,0.664069264069264,0.332034632034632,0.3333333333333333,1.999908305695976,0.4375,0.5625,0.134765625,0.5010375,14,18,"['false_crack_high_fp', 'thin_low_area_failure', 'over_segmentation']",false_crack_high_fp,Low_Dice (<25%)
