image_id,cohort,subgroup,Full_p_neck,B_only_p_neck,S_only_p_neck,Zero_p_neck,I_p_neck,I_p_crack,I_selectivity,Full_has_bridge,B_only_has_bridge,S_only_has_bridge,Zero_has_bridge,I_bridge,I_recall,I_dice,pre_bn_vec_diff_neck,pre_bn_rel_diff_neck,pre_bn_I_sep_margin,pre_bn_I_R_norm,pre_bn_I_cosine,post_bn_vec_diff_neck,post_bn_rel_diff_neck,post_bn_I_sep_margin,post_bn_I_R_norm,post_bn_I_cosine,post_relu_vec_diff_neck,post_relu_rel_diff_neck,post_relu_I_sep_margin,post_relu_I_R_norm,post_relu_I_cosine,conv2_out_vec_diff_neck,conv2_out_rel_diff_neck,conv2_out_I_sep_margin,conv2_out_I_R_norm,conv2_out_I_cosine
20160222_080850_1281_721,Consensus_7of7,Consensus_Resistant,0.9576902985572815,0.0675436332821846,0.6434948444366455,0.03888910636305809,0.2855409272015095,0.06722714006900787,0.2183137871325016,1,0,1,0,0,0.014184397163048756,-0.28069075659819387,0.0,0.0,0.0,-121.84198599647442,0.0,0.0,0.0,0.0,73.48195949191799,0.0,0.0,0.0,0.0,72.00533925666889,0.0,0.0,0.0,0.0,47.64552519033658,0.0
20160222_080850_641_361,Consensus_7of7,Consensus_Sensitive,0.9405787587165833,0.7775986194610596,0.3638927638530731,0.03494001924991608,-0.16597260534763336,-0.08907384425401688,-0.07689876109361649,1,1,0,0,0,-0.15721380832659432,-0.4990132458497182,6.130999281594995e-07,1.1571121787899211e-07,0.10924840852664197,-0.5401609662683977,0.05379772186279297,2.6231364245177247e-06,3.613382254196955e-07,-0.2197023805018825,-0.5391626353033846,-0.06439089775085449,4.6381330490112305,0.7170910683430889,-0.18096497098069808,-1.3791787964131241,-0.01460176706314087,5.330249786376953,0.6702598598039705,-0.19896699820422192,1.9174784549245842,0.006179988384246826
20160222_115224_1281_1,Consensus_7of7,Consensus_Sensitive,0.7468900680541992,0.06256764382123947,0.2690858542919159,0.0327335000038147,0.44797006994485855,0.22742770612239838,0.22054236382246017,1,0,0,0,1,0.35355204153799025,-0.13043342420649995,5.176919444238592e-07,1.219364162485816e-07,-0.05143996421241348,-3.2414707153926265,0.08675903081893921,1.8339350162932533e-06,7.038760025289613e-07,0.025747221449933133,0.010198862372964176,-0.2660028338432312,2.5826680660247803,0.6508921191110043,0.03401216692579878,-0.555470333508959,-0.04712557792663574,3.106106758117676,0.9516170214313241,0.0712777244550582,-0.22125053781036497,-0.04069554805755615
20160222_115224_1281_361,Consensus_7of7,Consensus_Sensitive,0.8610053062438965,0.1691117137670517,0.3701126277446747,0.04847848042845726,0.37025944516062737,-0.007987719029188156,0.3782471641898155,1,0,0,0,1,0.4120521172616066,-0.045886428292611414,0.0,0.0,0.0,-9.21899944226616,0.0,0.0,0.0,0.0,-121.18627499263692,0.0,0.0,0.0,0.0,-62.48735247826367,0.0,0.0,0.0,0.0,-372.82641805274454,0.0
20160222_115224_1281_721,Consensus_7of7,Consensus_Sensitive,0.7846642136573792,0.05213061720132828,0.2922593951225281,0.033887263387441635,0.47416146472096443,0.00943576917052269,0.46472569555044174,1,0,0,0,1,-0.08110549132933331,-0.33981323621665255,1.1887163964274805e-06,2.279146200287716e-07,-0.06246204463984628,0.31363811308610723,0.4134540557861328,3.977727374149254e-06,4.035731059600721e-07,-0.07310596994629559,0.04514179035418836,-0.46134093403816223,4.391249656677246,0.5470280668822871,-0.10458821330403778,0.22029955752311736,-0.23254388570785522,5.654469013214111,1.0306883623426584,0.22216782232816634,-0.4682319162668732,-0.30216318368911743
20160222_115224_641_1,Consensus_7of7,Consensus_Sensitive,0.87123042345047,0.06337938457727432,0.3508014380931854,0.03316356986761093,0.49021317064762115,0.10996396467089653,0.3802492059767246,1,0,0,0,1,0.17697309702897246,-0.10283224809778024,6.35141702787223e-07,1.3868002963640203e-07,0.03329145359466723,-0.03839366189890403,0.20444327592849731,2.0832130758208223e-06,4.3547620444352167e-07,0.1471474389202554,0.5662940155350316,-0.5837796032428741,3.6563925743103027,0.8323317346469105,0.17853913188652193,0.8904084903390908,-0.1835874319076538,4.518680572509766,1.0825935029290805,0.13319317764698713,0.48808198115688883,-0.17058414220809937
20160222_115224_641_361,Consensus_7of7,Consensus_Sensitive,0.8624935150146484,0.06535971909761429,0.305972158908844,0.029926029965281487,0.5210876669734716,0.04878987744450569,0.47229778952896595,1,0,0,0,1,0.0038834951456184763,-0.2341045378848725,1.2905629773740657e-06,3.090103847446637e-07,-0.2605660689124889,-29.013847916763737,0.2870219349861145,4.911540600005537e-06,4.258634981891033e-07,0.21284721322704936,-8.895261780725306,-0.15192397218197584,3.110393524169922,0.3195264054115573,0.28965575656110143,7.576159952199458,0.045507073402404785,3.9303042888641357,0.4064173520138337,-0.05177570715232149,36.656489309495996,0.02447649836540222
20160222_115837_1281_1081,Consensus_7of7,Consensus_Resistant,0.9089142084121704,0.08889768272638321,0.5475355386734009,0.03169027343392372,0.30417126044631004,0.011581022292375565,0.2925902381539345,1,0,1,0,0,-0.004682013265685958,-0.017479116026962727,9.484641054768872e-07,1.8631750963358497e-07,-0.020438726063893187,17.41672661977776,0.02335435152053833,3.2441441817354644e-06,2.4348800509974907e-07,-0.00534752290075724,-0.8957635718044118,0.009515047073364258,4.223885536193848,0.3666083982958986,-0.04154823314430589,-2.31966988572606,0.007771670818328857,5.730958938598633,0.4202673414697666,-0.0034434211964079475,3.5055311504289315,0.02547132968902588
20160222_164851_1281_1081,Consensus_7of7,Consensus_Resistant,0.8845054507255554,0.03578704968094826,0.5228855609893799,0.028166666626930237,0.3539995066821575,-0.05968204885721207,0.4136815555393696,1,0,1,0,0,-0.1327926208649287,-0.14331722910872946,1.457932285120478e-06,2.5696857001853113e-07,-0.037146684138494535,2.7656394611556085,0.07904696464538574,5.0311587074247655e-06,3.476814811741886e-07,0.09006159220709042,-0.5168597558573776,-0.010569512844085693,4.8789544105529785,0.4232330260571102,0.10158229064558288,-0.45793544385563023,0.0229300856590271,8.216241836547852,0.5066908959877777,0.042864426299213276,-0.8415411720612234,0.060128867626190186
20160222_164851_641_361,Consensus_7of7,Consensus_Resistant,0.9050306677818298,0.11051244288682938,0.7070150971412659,0.03188647702336311,0.1193896047770977,0.033978596329689026,0.08541100844740868,1,0,1,0,0,-0.3502446561933641,-0.5696529858677709,6.782438504160382e-07,1.6178436041806785e-07,0.017150173572026972,2.5860758276051934,0.030649960041046143,2.3026093458611285e-06,3.0456397137811395e-07,0.054039122350108215,26.32320558116915,-0.05517536401748657,4.172304630279541,0.5813070107049948,0.025029866446563465,13.641043577724263,-0.023661792278289795,4.445234775543213,0.5096708224960328,-0.005615380168572104,16.481401033731718,-0.009912192821502686
20160222_165225_1921_721,Consensus_7of7,Consensus_Resistant,0.9363949298858643,0.02835289016366005,0.5211721062660217,0.03019106201827526,0.41706099547445774,0.12776707485318184,0.2892939206212759,1,0,1,0,0,-0.037447988904241836,0.07795490634222968,1.2614406159627833e-06,2.5008098522709456e-07,0.07707832809200932,1.8199267722378787,0.1887298822402954,4.693892151408363e-06,5.322217475927868e-07,0.00022741572087137119,13.879795881580545,-0.28403645753860474,5.040595054626465,0.735025277905119,0.006070197775243535,7.384670290464223,-0.19054138660430908,6.491208553314209,1.0652347123982917,0.15928899099539584,2.597430100306609,-0.26912301778793335
20160222_165402_1281_361,Consensus_7of7,Consensus_Resistant,0.8883938789367676,0.17760396003723145,0.6085149049758911,0.02964092046022415,0.13191593438386917,-0.3667639158666134,0.49867985025048256,1,0,1,0,0,-0.5783118806235581,-0.7456538280800564,2.13197154153022e-06,2.8123834027886745e-07,0.2726757826615003,0.04838026687888103,0.05235821008682251,6.896804734424222e-06,3.2702413880007927e-07,-0.18062249761230809,-0.12414851035674566,0.11017882823944092,5.5888519287109375,0.3440594861940523,-0.3093149590794587,-0.6576181852182768,0.13196921348571777,9.665977478027344,0.40775789425039527,-0.44298545510318266,1.2245736671064054,0.18238675594329834
20160222_165926_1281_361,Consensus_7of7,Consensus_Sensitive,0.864925742149353,0.029718203470110893,0.39150458574295044,0.030701763927936554,0.47440471686422825,0.23752623423933983,0.23687848262488842,1,0,0,0,1,0.17530487804744432,-0.0684828408639952,1.1539837032614741e-06,2.3409938804543693e-07,0.09946325693499247,0.11490783458466436,0.23439574241638184,4.466301106731407e-06,3.4584504142656e-07,-0.03561611970228862,12.608110265053675,-0.46849101036787033,4.951306343078613,0.4678097564472186,0.012383030807147422,12.978952444878457,-0.11177796125411987,6.309631824493408,0.4250871652287357,-0.37508955142744305,-10.159022573262577,-0.003425002098083496
20160222_165926_1921_721,Consensus_7of7,Consensus_Resistant,0.8857852816581726,0.059195853769779205,0.5071830749511719,0.032662395387887955,0.3520687483251095,0.17651600763201714,0.17555274069309235,1,0,1,0,0,0.062231320368347554,-0.0010382969492060967,7.244026960506744e-07,1.7857009056254955e-07,0.011569134875245468,1.524761528725527,0.02339226007461548,2.9732464099652134e-06,4.03377468783177e-07,-0.004416787696672753,-1.1148136116657135,-0.024948835372924805,3.8929879665374756,0.5231035480445189,-0.0017647382396661637,-1.1231573607393395,-0.027722954750061035,4.5631208419799805,0.47808983216086587,-0.11867941147777084,-0.12673495018731606,0.010334491729736328
20160222_165926_1_721,Consensus_7of7,Consensus_Resistant,0.8979105949401855,0.07782172411680222,0.5078424215316772,0.032095588743686676,0.34434203803539276,0.1841905117034912,0.16015152633190155,1,0,0,0,1,0.25090252707490657,0.03241038213802816,9.353254313282378e-07,1.975292305369707e-07,0.22741110577952883,-1.032872293646398,0.30642905831336975,3.506943130560103e-06,3.3524170043143867e-07,-0.15048734299333155,-0.9990631952725095,-0.4944407045841217,4.681900978088379,0.520588811782045,-0.19385249317464703,-0.9723143347653834,-0.20510411262512207,6.234557151794434,0.5400774545095641,-0.24671368152726614,-0.2604685332641354,-0.07945197820663452
20160222_165926_641_361,Consensus_7of7,Consensus_Resistant,0.8682874441146851,0.1599506288766861,0.2733305096626282,0.02938438579440117,0.46439069136977196,0.1125755775719881,0.35181511379778385,1,0,0,0,1,0.08459799806236812,-0.30446336459858997,1.0588248642307008e-06,2.062094977717355e-07,-0.17187306718864914,-0.15854382075914364,0.4399716854095459,3.776727680815384e-06,4.896992374963203e-07,-0.02207888561584015,5.231771337800674,-0.522253006696701,3.787785053253174,0.6539963192118867,-0.024149549562589412,-0.6681170852875167,-0.35414379835128784,4.693995475769043,0.8485043736636433,-0.03440163925362638,2.904372964766522,-0.29822295904159546
20160302_155857_641_721,Consensus_7of7,Consensus_Resistant,0.9009680151939392,0.3425857722759247,0.4637627899646759,0.033470530062913895,0.12808998301625252,-0.3162445090711117,0.4443344920873642,1,1,0,0,0,-0.477444589308581,-0.741357554492987,6.579682576557389e-07,1.3714340291971195e-07,0.027368885325160797,-1.0191699133257055,0.21746253967285156,2.5169949822156923e-06,3.904948684737179e-07,-0.01835322235806658,-0.5479096925756122,-0.5958994925022125,4.12409782409668,0.7129581715145712,-0.008667578738954185,-1.3924981268454308,-0.1436920166015625,5.835217475891113,0.7725252193730888,-0.10499401807500641,-5.348938809480534,-0.07326442003250122
20160307_144202_1281_361,Consensus_7of7,Consensus_Sensitive,0.8849713802337646,0.40896907448768616,0.33736950159072876,0.031432367861270905,0.17006517201662064,-0.42655862495303154,0.5966237969696522,1,1,0,0,0,-0.6470681457992915,-0.8225285693959086,5.529690270122956e-07,1.3244631731509557e-07,0.006586429773145275,4.023570565870048,0.11088508367538452,2.199647951783845e-06,2.792553238047345e-07,-0.007887743279011206,-54.40819733856069,-0.08797737956047058,2.930413246154785,0.39982696419741476,-0.027889540337205032,-10.662626179412172,0.05173617601394653,4.280294895172119,0.4743537267812721,0.01966673447238232,-12.990690392436928,0.19353502988815308
20160307_144202_1281_721,Consensus_7of7,Consensus_Resistant,0.9087063670158386,0.42548689246177673,0.28626060485839844,0.03229232132434845,0.2292511910200119,-0.2516539953649044,0.4809051863849163,1,1,0,0,0,-0.41105463786400553,-0.578144228757623,5.419042281573638e-07,1.1461169467801894e-07,0.06721034693072725,-11.774780704336921,0.013672113418579102,2.0568209038174246e-06,2.463799567054553e-07,-0.0182312874278987,-2.2700704915301966,0.03252977132797241,4.153315544128418,0.5433505641565446,-0.05424751921105575,-2.869340611211418,0.02959263324737549,5.524423599243164,0.512382881802943,-0.19688341252328911,3.2003003601980042,0.022846341133117676
20160307_144202_1921_361,Consensus_7of7,Consensus_Resistant,0.931124746799469,0.629881739616394,0.2850070297718048,0.03186764568090439,0.04810362309217453,-0.48475173115730286,0.5328553542494774,1,1,0,0,0,-0.7039885076891127,-0.8949374628932352,5.425675908554695e-07,1.0606179108750394e-07,0.1811374725602004,-0.6981063674092999,0.08695167303085327,1.607642388989916e-06,2.7245814883167047e-07,-0.10793568153925048,0.33664918290919954,-0.05590707063674927,4.025520324707031,0.8842137366416167,-0.085990765905547,-24.028864130979972,-0.020939946174621582,4.373087406158447,0.8026945210400197,-0.1812054324110579,-5.139265302882443,0.028843402862548828
20160307_144202_1_361,Consensus_7of7,Consensus_Resistant,0.8439139127731323,0.1714789867401123,0.4260425269603729,0.03569372370839119,0.2820861227810383,-0.3219286873936653,0.6040148101747036,1,1,1,0,-1,-0.4759658870652048,-0.7176191355024768,5.159614602234797e-07,1.201453933080335e-07,-0.05015029962886153,2.7787460261021226,0.07271218299865723,1.651978323025105e-06,4.436086518315148e-07,0.12012273501967341,17.636193098904037,-0.26088815927505493,2.9634435176849365,0.6649672004911942,0.09521921218246332,2.8095309827982997,-0.05619096755981445,3.420489549636841,0.74427952537881,0.05458483542272741,-26.240646231304723,-0.017078399658203125
20160307_144202_641_361,Consensus_7of7,Consensus_Resistant,0.8654880523681641,0.38595491647720337,0.3648527264595032,0.032853905111551285,0.1475343145430088,-0.31745175272226334,0.46498606726527214,1,1,1,0,-1,-0.4695731153492555,-0.750407118061301,4.2698323454715137e-07,9.02064658149086e-08,0.016501404001209474,-0.37129606695022377,0.0425950288772583,1.3139440397935687e-06,4.7159675740678355e-07,0.03146391224091338,-0.9701953352853845,-0.09719377756118774,2.786912202835083,0.831385009413932,0.021998847427425194,-1.5277102962031353,-0.025116026401519775,2.9484164714813232,0.963383999180049,0.043786318265813806,-1.1001183144749271,-0.023309707641601562
20160307_145059_1281_361,Consensus_7of7,Consensus_Resistant,0.8179110288619995,0.07534562796354294,0.261238694190979,0.03830809146165848,0.519634798169136,-0.002520546317100525,0.5221553444862366,1,0,0,0,1,-0.1527444616903113,-0.3514871363480949,6.646592396464257e-07,1.4349517223666256e-07,-0.16987903329383536,-0.5035586900532603,0.13043582439422607,2.379293846388464e-06,4.2308940050351763e-07,0.15796659353563136,-0.8814855741646499,-0.3743838965892792,3.820690870285034,0.899007057428653,0.26526415774846845,0.46541808453558886,-0.11341482400894165,4.6425018310546875,0.9192046593305603,0.2243777839059402,1.364218962784742,-0.046982526779174805
20160307_145059_1921_1081,Consensus_7of7,Consensus_Resistant,0.8047040104866028,0.04461618512868881,0.15360145270824432,0.03223120793700218,0.6387175805866718,0.20742381736636162,0.4312937632203102,1,0,0,0,1,0.06251152498605472,-0.17622420361013447,7.410523039652617e-07,1.5510903461337386e-07,0.04972099326483792,0.2286121721774117,0.04646986722946167,2.6499933483137283e-06,2.97545118482123e-07,-0.04902713087889965,-0.4296928880303108,0.04904836416244507,4.215479850769043,0.5532761851249699,-0.04294004974004362,-1.170305239841797,0.02985292673110962,6.30233907699585,0.6952736479160972,-0.12955582937771148,0.04806679455343751,0.1252673864364624
20160307_145059_1921_721,Consensus_7of7,Consensus_Resistant,0.9109838604927063,0.10735026001930237,0.4031485319137573,0.05256446450948715,0.45304953306913376,0.11389202624559402,0.33915750682353973,1,0,0,0,1,0.06379913562448292,-0.04307530911286239,1.522954335086979e-06,3.08968200458833e-07,0.15555306194359653,-2.724123158315363,0.10226261615753174,5.2261652854213025e-06,3.301952994128921e-07,-0.011359520168874537,0.05740093121608375,0.18132227659225464,3.736887216567993,0.2946144312641162,0.05361971220595929,0.3365178595387963,0.08249706029891968,6.340526103973389,0.4457522397552699,0.1889706853149291,-1.6365261014441388,0.14231061935424805
20160307_145059_641_721,Consensus_7of7,Consensus_Resistant,0.8392961025238037,0.04960961267352104,0.3155079782009125,0.03085489384829998,0.5050334054976702,0.03300851583480835,0.4720248896628618,1,0,0,0,1,-0.06340901028727963,-0.0960465402681977,1.0683501159292064e-06,2.2998210434354498e-07,-0.07510606084291771,4.61802709878504,0.146309494972229,3.7800241443619598e-06,4.3840889850143725e-07,0.005075006080415112,5.241437237136567,-0.33937332034111023,4.350156784057617,0.6231907974719564,0.005542351876916651,-1.8483488891682462,-0.1476326584815979,6.137359142303467,0.5755319754707767,-0.1867254490549255,-3.3377200782099448,-0.028569400310516357
20160310_114505_1281_1,Consensus_7of7,Consensus_Sensitive,0.9052668809890747,0.45280852913856506,0.5307912230491638,0.03220558166503906,-0.04612728953361511,-0.26334626972675323,0.21721898019313812,1,1,1,0,-1,-0.4787581699320329,-0.5626741573205783,7.085651532179327e-07,1.4951923562826375e-07,-0.009907989209651413,-25.218822259014217,0.11466413736343384,2.5819422262429725e-06,4.829813580900491e-07,-0.010474328799437771,12.218527789506618,-0.24423831701278687,3.570164203643799,0.5838161855474084,-0.04629263265802486,-8.636829285154715,-0.043435871601104736,4.083207607269287,0.5854892872195256,-0.08830867199240289,-0.5669762037611749,0.0019217729568481445
20160310_114505_641_1,Consensus_7of7,Consensus_Resistant,0.858310341835022,0.2616208493709564,0.32592684030532837,0.03271552920341492,0.3034781813621521,-0.35241279751062393,0.655890978872776,1,1,0,0,0,-0.5296878666967152,-0.6784679235432545,6.280263278313214e-07,1.350622466331818e-07,0.10542133083613314,53.02537716585667,0.09025603532791138,2.4924004264903488e-06,6.020044863163863e-07,-0.05823707827438529,-11.096129307747521,-0.09845083951950073,3.0668387413024902,0.6022241583136819,-0.09760331353379925,-4.0964219810339895,0.0528067946434021,3.7228240966796875,0.6311961208720145,-0.23320462129510489,-4.155450437294432,0.08679646253585815
20160310_114505_641_1081,Consensus_7of7,Consensus_Resistant,0.9323047995567322,0.6675978899002075,0.589067816734314,0.033792562782764435,-0.29056834429502487,-0.48311541974544525,0.19254707545042038,1,1,1,0,-1,-0.6811801094440134,-0.6707859014179604,7.416778657898249e-07,1.4389559268729218e-07,-0.06462156374568406,-0.18065157269722554,0.04114341735839844,2.449365865686559e-06,2.926426751503453e-07,0.03511728412919701,0.8551182487715705,-0.03658503293991089,3.6213653087615967,0.47583815274540747,0.018322725024005226,2.4518568088345507,-0.00173264741897583,5.513919353485107,0.5233347868109613,0.06089516363097247,0.4611217633264808,0.016265511512756348
20160310_114505_641_361,Consensus_7of7,Consensus_Resistant,0.8677905797958374,0.3618907928466797,0.47944486141204834,0.033318936824798584,0.05977386236190796,-0.3506855070590973,0.41045936942100525,1,1,1,0,-1,-0.529688972666047,-0.7558505476566177,4.376425977170584e-07,9.559001536546221e-08,0.052000863612296944,-1.7666521021953088,0.1416773796081543,1.6864009921846446e-06,4.574612294220057e-07,0.013645639270975618,-0.3589654156374973,-0.26521074771881104,3.182541608810425,0.7045304531266251,-5.076553397875827e-06,-0.49328649457116575,-0.08110231161117554,3.621281147003174,0.7577873832746485,-0.010008048342500908,1.2738976983648111,-0.03610038757324219
20160310_114505_641_721,Consensus_7of7,Consensus_Resistant,0.8854166269302368,0.3464101254940033,0.49679887294769287,0.03277646750211716,0.0749840959906578,-0.527240201830864,0.6022242978215218,1,1,1,0,-1,-0.7266467753024406,-0.7329171490464822,7.632768301846227e-07,1.5481330716354854e-07,-0.14918318054414914,0.5983185660604542,0.015084564685821533,2.72700685854943e-06,2.8108081597404317e-07,0.08772771723636319,-0.5768236997456444,0.01535487174987793,3.686760663986206,0.4431546241972032,0.1463482595465836,-0.7270658609024692,0.03772240877151489,5.276942729949951,0.49449191103874424,0.1345987942901924,17.254140202229497,0.05438041687011719
20160316_142539_1281_721,Consensus_7of7,Consensus_Resistant,0.9503037929534912,0.1409921497106552,0.608423113822937,0.03574196621775627,0.23663049563765526,-0.08553390949964523,0.3221644051373005,1,0,1,0,0,-0.09544112823866246,-0.5508260463092768,0.0,0.0,0.0,2.919052860195104,0.0,0.0,0.0,0.0,-36.998727232935906,0.0,0.0,0.0,0.0,38.195889662348044,0.0,0.0,0.0,0.0,-75.40734511884854,0.0
20160316_142539_1921_361,Consensus_7of7,Consensus_Sensitive,0.7129627466201782,0.13591839373111725,0.31877559423446655,0.0352579727768898,0.2935267314314842,0.038784440606832504,0.2547422908246517,1,0,1,0,0,0.1880349344976523,-0.2931928165115865,4.445983847745083e-07,9.894965011359834e-08,0.15590637021399767,-30.315911293941838,0.12491822242736816,1.775594569153327e-06,3.1475015409668745e-07,-0.07934504688326349,13.779319718974659,-0.5577926337718964,3.259423017501831,0.6436320950337361,-0.07554246357542338,15.43168332058266,-0.09542280435562134,4.799424171447754,0.7905104957709437,-0.27173886195940933,34.395000338511316,-0.05034762620925903
20160316_142539_1_721,Consensus_7of7,Consensus_Resistant,0.8600722551345825,0.4403396546840668,0.39535611867904663,0.031489819288253784,0.0558663010597229,-0.042217303067445755,0.09808360412716866,1,1,1,0,-1,-0.019511815920382813,-0.43300882364744464,6.31697446351609e-07,1.1898459451196034e-07,0.24237738704824352,-10.084351008473666,0.06892108917236328,2.211257424278301e-06,2.102385402814818e-07,-0.14905823234796034,10.411688746451384,-0.06184530258178711,4.5498366355896,0.5257061416517301,-0.21256471740207605,-61.219212894759565,-0.05035698413848877,7.515296936035156,0.57352694166321,-0.406977214336673,-3.1415959790910204,0.025095999240875244
20160316_142539_641_721,Consensus_7of7,Consensus_Resistant,0.7959011197090149,0.07411856949329376,0.3239608705043793,0.031072868034243584,0.42889454774558544,0.05973953753709793,0.3691550102084875,1,0,0,0,1,0.10286519492711538,-0.3884639002242469,7.728181685706659e-07,1.808615276531247e-07,0.08407099986054478,-6.481944027829664,0.07208120822906494,2.9139412163203815e-06,4.23945436787608e-07,0.045206387279579374,27.320989844109203,-0.11955142021179199,3.8673207759857178,0.6519577348070035,0.017273035126726732,12.463996665077886,-0.050202786922454834,5.302892684936523,0.6921033449481261,0.03226127783650434,24.379109344707484,0.026649296283721924
20160316_143445_1281_1081,Consensus_7of7,Consensus_Resistant,0.9710950255393982,0.7155406475067139,0.7913128137588501,0.03874744102358818,-0.4970109947025776,-0.05728654935956001,-0.4397244453430176,1,1,1,0,-1,-0.07848301290471821,-0.34395580654606167,6.89323314873036e-07,1.3239689581111574e-07,-0.03669647052404956,5.407116582979715,0.5190592110157013,2.2405379240808543e-06,3.503651855512472e-07,-0.05709115918128549,4.436495304445832,-1.0828096866607666,4.110334873199463,0.7691064055772345,-0.030451860722155555,-12.155860575747521,-0.31891578435897827,4.484020709991455,0.8845739400816587,0.31558496199883,63.869381891095465,-0.25398463010787964
20160316_143445_1281_361,Consensus_7of7,Consensus_Resistant,0.7852134704589844,0.10802779346704483,0.6898011565208435,0.03352519869804382,0.020909719169139862,-0.27497968450188637,0.29588940367102623,1,0,1,0,0,-0.41546283592896827,-0.6330910967944053,1.1482825357234105e-06,2.2327983124553923e-07,-0.21267927622021732,-0.1526588997661912,0.36378660798072815,3.923729764210293e-06,4.628299144613954e-07,0.21687934992328162,-0.5947140400009163,-0.3921370208263397,5.092828750610352,0.7929930727278715,0.355033312021826,-1.3440268016522414,-0.269595742225647,6.066730976104736,0.75741020343066,0.39509007422917275,-0.9020955781482964,-0.24929577112197876
20160316_143445_1921_1081,Consensus_7of7,Consensus_Sensitive,0.9569341540336609,0.6752545833587646,0.5428430438041687,0.03302108123898506,-0.2281423918902874,0.019524909555912018,-0.24766730144619942,1,1,1,0,-1,0.10997823347449875,-0.2035659577557511,6.668403784715338e-07,1.3187591577088248e-07,-0.16722497256799218,-0.4803307549217401,0.755907628685236,2.5960946459235856e-06,3.655826606495628e-07,0.1557761502173849,-0.9670183924209078,-1.2396904826164246,4.072238445281982,0.7467408893203112,0.2160104769299589,13.352111585683293,-0.4708172529935837,5.88282585144043,1.0373507153024029,0.27457210168980317,-5.011977881069688,-0.4515455514192581
20160316_143527_1281_361,Consensus_7of7,Consensus_Resistant,0.9891567230224609,0.7582009434700012,0.6924614310264587,0.03534591197967529,-0.42615973949432373,-0.3449242375791073,-0.08123550191521645,1,1,1,0,-1,-0.4225396825383412,-0.5762906677216152,0.0,0.0,0.0,-34.408624664905126,0.0,0.0,0.0,0.0,14.679919821518189,0.0,0.0,0.0,0.0,62.30358929691477,0.0,0.0,0.0,0.0,168.8591918024412,0.0
20160316_143527_1281_721,Consensus_7of7,Consensus_Resistant,0.7997273802757263,0.25995901226997375,0.2040754109621048,0.035759586840867996,0.37145254388451576,0.02215316891670227,0.3492993749678135,1,0,0,0,1,0.09446731979739004,-0.2370888981294803,5.230653528087714e-07,1.1275042582226345e-07,-0.11526257843182397,-0.23605337082542702,0.06115221977233887,1.8948295519294334e-06,4.817114650474294e-07,0.11380354028914885,1.9219636316286497,-0.42269212007522583,2.6109676361083984,0.609566462373292,0.18566632766433966,0.6694891209265366,-0.07765978574752808,2.939540147781372,0.6188827956395636,0.23047275793279742,-2.343193239959194,0.010094702243804932
20160316_143527_1_361,Consensus_7of7,Consensus_Sensitive,0.912032425403595,0.11809279024600983,0.3763594627380371,0.03432590514421463,0.45190607756376266,0.19591746851801872,0.25598860904574394,1,0,0,0,1,0.19887218045038013,-0.0665847548234817,9.164567700281623e-07,1.953284698985016e-07,0.19616725682560077,-17.815076937328474,0.3331529498100281,2.707868134166347e-06,3.158072746655921e-07,-0.10186665419902496,-8.2200332331756,-0.7352798581123352,3.628814697265625,0.45246729623222354,-0.1684281586674885,-8.367676867551417,-0.13455092906951904,4.998820781707764,0.5048073579644919,-0.40951157634324664,-7.420976385485242,-0.1568576693534851
20160316_143527_641_361,Consensus_7of7,Consensus_Resistant,0.743075966835022,0.10311555862426758,0.22906392812728882,0.03224540501832962,0.4431418851017952,-0.14544082060456276,0.588582705706358,1,0,0,0,1,-0.15729978285850205,-0.4898805280184825,7.176433882705169e-07,1.3657733527101575e-07,-0.013920149311625662,-1.0051734877188763,0.33661210536956787,2.4483063043589937e-06,3.590537003175094e-07,0.0412957003555211,2.8117315646964403,-0.4986015558242798,4.428613662719727,0.7925074063267743,0.013916273288868797,2.4937129551311106,-0.25591880083084106,4.235774517059326,0.9411641394913428,0.16001265412107124,-0.8725821269972506,-0.16290658712387085
20160318_181632_1281_361,Consensus_7of7,Consensus_Resistant,0.820980429649353,0.2042730301618576,0.5400558710098267,0.03295598551630974,0.1096075139939785,-0.25366784259676933,0.36327535659074783,1,1,1,0,-1,-0.4053292202956055,-0.6188070214389235,6.646598080806143e-07,1.5478897004745062e-07,-0.254849913610839,4.192900452337203,0.25819194316864014,2.486613539076643e-06,5.260569249610389e-07,0.2146457287933221,-1.1909060622674812,-0.4213342070579529,3.0931222438812256,0.605848750012663,0.22052415133388314,-1.4036795596206062,-0.15229594707489014,4.214278221130371,0.7887646698542714,0.36527935266513933,3.6535790055587922,-0.21645456552505493
20160318_181632_1921_1,Consensus_7of7,Consensus_Resistant,0.8120033144950867,0.3192116916179657,0.12102314084768295,0.031226199120283127,0.40299468114972115,-0.31166861578822136,0.7146632969379425,1,1,0,0,0,-0.4328970502042725,-0.6189216590913619,7.671173989365343e-07,1.948096747302732e-07,-0.07260135553879443,-1.787247754223855,0.15730661153793335,2.7482290079205995e-06,2.2611104793065097e-07,0.07936265426136391,-3.042553470874281,0.005418837070465088,2.3318092823028564,0.23736211367848759,0.04462328688832462,-2.0770144802859356,0.00963747501373291,4.370682239532471,0.37128774287988575,-0.054583345701717745,2.2183979104713183,0.019321799278259277
20160321_185557_1921_361,Consensus_7of7,Consensus_Sensitive,0.9758542776107788,0.8420401215553284,0.6313291788101196,0.032400164753198624,-0.46511485800147057,-0.2907172739505768,-0.17439758405089378,1,1,1,0,-1,-0.4960338445261808,-0.630689267118741,0.0,0.0,0.0,410.67961640734444,0.0,0.0,0.0,0.0,95.07308779413131,0.0,0.0,0.0,0.0,-28.48379446327293,0.0,0.0,0.0,0.0,323.44442094813314,0.0
20160324_170347_1281_1,Consensus_7of7,Consensus_Resistant,0.9328108429908752,0.2370913177728653,0.8008303046226501,0.031146951019763947,-0.07396382838487625,-0.07923761755228043,0.005273789167404175,1,0,1,0,0,-0.1581259150802955,-0.20667747676539894,1.4612365930588567e-06,2.93247809936278e-07,-0.017869149106968574,7.084792640085359,0.04662930965423584,5.304854767018696e-06,3.7289250335837077e-07,0.11984089281789823,-5.245992359642108,-0.026598215103149414,4.3372650146484375,0.3737203748160886,0.14860811261639517,-7.603490923107778,0.01611274480819702,6.130972385406494,0.39496915409791417,0.15519718753375644,-3.9778388823611572,0.03528761863708496
20160324_170347_1281_361,Consensus_7of7,Consensus_Resistant,0.8846046328544617,0.2859298288822174,0.6889753341674805,0.03223824128508568,-0.05806228891015053,-0.1779095157980919,0.11984722688794136,1,0,1,0,0,-0.3504173187267209,-0.5446805798905239,1.7984101532420027e-06,3.157606863773557e-07,0.08592301700301708,-1.6677949825689278,0.03395134210586548,6.040488642611308e-06,4.1363951959818297e-07,-0.0441008367773027,1.8438823327009521,-0.04242527484893799,6.152474403381348,0.5514810714681843,0.016743881065697797,0.7394588470458563,0.06073659658432007,7.492495059967041,0.5447548011417832,0.07681496417107048,-0.35817549651208597,0.049035847187042236
20160324_170347_641_361,Consensus_7of7,Consensus_Resistant,0.9538848400115967,0.03811362013220787,0.722998321056366,0.029654137790203094,0.22242703661322594,0.17457712814211845,0.04784990847110748,1,0,1,0,0,0.0702096538272301,-0.05067518703979057,0.0,0.0,0.0,29.63426707094232,0.0,0.0,0.0,0.0,22.777620579390003,0.0,0.0,0.0,0.0,16.923344779038516,0.0,0.0,0.0,0.0,143.48172966001377,0.0
20160328_151020_1281_361,Consensus_7of7,Consensus_Resistant,0.8974762558937073,0.6795133352279663,0.33220890164375305,0.032358355820178986,-0.0818876251578331,-0.3813574053347111,0.299469780176878,1,1,1,0,-1,-0.5554088548538373,-0.7056582166054199,5.304817705109599e-07,1.1852515138719543e-07,-0.18434452597705542,-2.375972757143817,0.09706449508666992,1.6456395997010986e-06,4.450582759491726e-07,0.09075928016438295,0.9332251320840713,-0.29213833808898926,2.927565097808838,0.7068489870050205,0.11530792435135717,-1.076416785941563,-0.08490973711013794,3.1147916316986084,0.7993450044655344,0.060767921385832424,1.380037416483329,-0.04873842000961304
20160328_151020_641_361,Consensus_7of7,Consensus_Resistant,0.9416847825050354,0.8209981322288513,0.5584761500358582,0.030170593410730362,-0.4076189063489437,-0.35293661057949066,-0.05468229576945305,1,1,1,0,-1,-0.5431262879002897,-0.6398752893015884,7.666482133572572e-07,1.4599721384243736e-07,0.037179072509832656,-0.9289293800153219,0.3105590343475342,2.2941530914977193e-06,3.285629739491397e-07,-0.020949147165921223,5.31326428844425,-0.71958027780056,4.250077247619629,0.8665476584322483,0.05187161032010967,3.5960737740373157,-0.24676299095153809,5.412227153778076,1.401202322740949,0.17141001494434904,8.806830483098606,-0.2453540563583374
20160328_151057_1281_1,Consensus_7of7,Consensus_Resistant,0.9640754461288452,0.2474222183227539,0.7833915948867798,0.032176632434129715,-0.03456173464655876,-0.19526326656341553,0.16070153191685677,1,0,1,0,0,-0.3094300518128301,-0.4248796020659666,1.2494708698795876e-06,2.2923518423584418e-07,0.033921275593916445,-5.237810017787008,0.041312456130981445,4.300235559639987e-06,2.7407418100456285e-07,0.047151493822178425,-4.541544805987744,0.050047874450683594,5.745853900909424,0.4185800098116468,-0.03560260420929329,-4.17365766818439,0.07046079635620117,7.537905216217041,0.47197805971793066,-0.023186416106302787,-9.241345333728862,0.0777619481086731
20160328_151057_1281_1081,Consensus_7of7,Consensus_Sensitive,0.9550688862800598,0.07949352264404297,0.8023113012313843,0.03179900720715523,0.1050630696117878,-0.21522898972034454,0.32029205933213234,1,0,1,0,0,0.3283313325320278,-0.0885115897015098,8.684280601300998e-07,2.30044515338023e-07,-0.3394626519209898,2.1116556704151863,0.1758522391319275,3.269849912612699e-06,2.8208339328314254e-07,0.1445143311661231,-29.278701826272275,0.03580334782600403,2.4151487350463867,0.2612684500805299,0.19223177102853684,40.19621426391176,0.06057626008987427,3.4309868812561035,0.3237879640039953,0.3834910237602608,-23.858543915012817,0.06304594874382019
20160328_151057_1281_361,Consensus_7of7,Consensus_Resistant,0.9752514362335205,0.44685110449790955,0.6373686194419861,0.09137182682752609,-0.01759646087884903,-0.04922516644001007,0.03162870556116104,1,1,1,0,-1,-0.08724603039083634,-0.24646327767426157,0.0,0.0,0.0,50.73266818726981,0.0,0.0,0.0,0.0,19.053219029944856,0.0,0.0,0.0,0.0,18.247412010171406,0.0,0.0,0.0,0.0,81.37570802488204,0.0
20160328_151057_641_1081,Consensus_7of7,Consensus_Sensitive,0.9652364253997803,0.10255604237318039,0.46039122343063354,0.03077206201851368,0.43306122161448,0.04569307714700699,0.38736814446747303,1,0,0,0,1,0.05485512054842989,-0.17951150889964412,9.634079560782993e-07,1.8649322007576244e-07,-0.20077031710679394,3.3246361609959925,0.49304473400115967,3.7009251627750928e-06,4.805111516811936e-07,-0.010708755546211979,0.8130129836759363,-0.7475715726613998,4.2144999504089355,0.7462637975407959,0.09311454937355279,0.24891495390490317,-0.43414491415023804,5.710339546203613,0.8437021370635556,0.11884484301214504,-0.3097916140720593,-0.3814404010772705
20160328_151057_641_721,Consensus_7of7,Consensus_Resistant,0.8288869261741638,0.31232133507728577,0.3543097674846649,0.03230071812868118,0.19455654174089432,-0.08778338134288788,0.2823399230837822,1,1,0,0,0,-0.14471805852936348,-0.30552365324537223,1.1140059541503433e-06,2.1733261767702183e-07,0.006968456638777543,-4.697847340530476,0.4637483060359955,3.7819163480889983e-06,4.6442114737508234e-07,-0.06413831689225358,0.7205313326942638,-0.7505680285394192,4.7873921394348145,0.7860547431829908,-0.11276247558485342,1.5883765902909388,-0.3372589349746704,4.344537734985352,0.7902805160044173,-0.06065442939586274,0.17537074061659963,-0.3169472813606262
20160328_151244_1921_721,Consensus_7of7,Consensus_Resistant,0.8900933861732483,0.6960952877998352,0.0938129797577858,0.028209175914525986,0.12839429453015327,-0.06419964507222176,0.19259393960237503,1,1,0,0,0,-0.38253518531306696,-0.6558700846453055,1.019380874822673e-06,2.863938283857332e-07,-0.10217771686379273,-2.7938035300219797,0.238442063331604,3.934961114282487e-06,3.296527397432499e-07,0.07047405766503378,12.624290239896833,0.023366332054138184,2.182093381881714,0.2228368241923682,-0.019425843671204812,10.271408743561592,0.07331925630569458,4.2253947257995605,0.36837961285265675,-0.08791346107178244,-1.9850981198311377,0.11184626817703247
20160328_151752_1921_721,Consensus_7of7,Consensus_Resistant,0.8518558740615845,0.06290891021490097,0.6770234704017639,0.03457704186439514,0.14650053530931473,-0.044469237327575684,0.1909697726368904,1,0,1,0,0,-0.08363754360343806,-0.21784763751459724,1.193774437524553e-06,2.3706287418418316e-07,-0.22250692232156632,8.021704588630222,0.2123401165008545,4.369657290226314e-06,4.920506130558661e-07,0.1389572363164826,0.5455884417742678,-0.2992600202560425,4.499643802642822,0.6848629530802922,0.11867439461309859,-3.0747042883102123,-0.10910993814468384,6.002109527587891,0.6246570080563231,-0.03904405095578445,0.5431103425481097,-0.01966041326522827
20160328_151752_1_721,Consensus_7of7,Consensus_Resistant,0.9869570136070251,0.3501470386981964,0.7815531492233276,0.03300481662154198,-0.11173835769295692,-0.3930757939815521,0.2813374362885952,1,1,1,0,-1,-0.02881040892166531,-0.2614111895141465,8.892674827620795e-07,1.5429665641065615e-07,0.2227279113926226,24.47931666617208,0.12072616815567017,3.1510364806308644e-06,2.396868161905053e-07,-0.07758495856102221,-3.1297806062765323,0.284409761428833,4.8468732833862305,0.46380991738543953,-0.12329013905821251,-9.379455412846852,0.22882020473480225,8.212745666503906,0.5217633851004633,-0.17558404100153646,-17.796158444315022,0.19958531856536865
20160328_151752_641_361,Consensus_7of7,Consensus_Resistant,0.9711167216300964,0.7475932240486145,0.7240811586380005,0.03149547427892685,-0.4690621867775917,-0.3701680414378643,-0.0988941453397274,1,1,1,0,-1,-0.5354515050164665,-0.6708134384072587,1.0072023997054202e-06,1.8276235189276175e-07,0.07577146129042278,2.624228235133005,0.38727402687072754,3.7998433981556445e-06,5.003693116615776e-07,-0.07335181013454783,0.5517316032711416,-0.7070349752902985,5.141051292419434,0.9200638584002051,-0.042159858612550005,11.278096407218055,-0.3289644718170166,5.311365604400635,1.1282777962127877,0.038792605194767904,4.537975614353872,-0.13079452514648438
20160328_152022_1_361,Consensus_7of7,Consensus_Resistant,0.9220190644264221,0.10270793735980988,0.5711814761161804,0.030299197882413864,0.2784288488328457,-0.4116664417088032,0.6900952905416489,1,0,1,0,0,-0.6011102299738259,-0.6024118113171064,1.14011027108063e-06,2.2220775133958477e-07,0.18054599318700215,2.421112775807367,0.1304430365562439,4.097632881894242e-06,3.4659328160066423e-07,0.08963438013260028,5.291716574726478,-0.21884721517562866,5.620804786682129,0.6450526572274466,0.04925790920164019,8.270607442804408,-0.09349989891052246,8.903057098388672,0.7414149253596177,-0.10543480725856114,2.9576287529592307,-0.06198078393936157
20160328_152022_641_721,Consensus_7of7,Consensus_Resistant,0.9773375391960144,0.8386719822883606,0.623542308807373,0.0318620465695858,-0.45301470533013344,-0.3473409004509449,-0.10567380487918854,1,1,1,0,-1,-0.509509319132427,-0.6404359080485152,1.185026917482901e-06,2.156763231773592e-07,-0.04375920822406354,-0.5147231251553073,0.4593266248703003,4.017611900053453e-06,4.4944008908192295e-07,-0.06688834378370834,-1.203016804756147,-0.7933316379785538,5.016164779663086,0.8441965563358611,0.08308994366011169,-1.148977457468768,-0.32220590114593506,5.6997528076171875,0.9559150913519298,0.13632056782801194,-1.8111888625263528,-0.42154496908187866
20160328_153548_1921_721,Consensus_7of7,Consensus_Resistant,0.7089363932609558,0.08972801268100739,0.41395625472068787,0.031899187713861465,0.23715131357312202,-0.2637200877070427,0.5008714012801647,1,0,0,0,1,-0.4020393299342249,-0.5913691053842586,1.1527772585395724e-06,2.068410341692531e-07,-0.05181689516586829,-2.089169886156832,0.5810538232326508,4.233101662975969e-06,4.4020273253510205e-07,-0.036169376863696256,0.4371385204891053,-1.1194232106208801,5.381730079650879,0.8093936690841288,0.09525944611405346,1.3502111546544064,-0.44425173103809357,5.715265274047852,1.0615446738961682,0.1950100169708947,-2.332946688308582,-0.3950492590665817
20160328_153548_641_361,Consensus_7of7,Consensus_Resistant,0.9485124349594116,0.4751504361629486,0.6772466897964478,0.033261705189943314,-0.17062298581004143,-0.013861346989870071,-0.15676163882017136,1,1,1,0,-1,-0.1545159638037314,-0.3034706507941559,7.000856498962094e-07,1.566125044826695e-07,-0.04979092747447034,0.8480289454311676,0.14369094371795654,2.6518268896325026e-06,3.8529553088423826e-07,-0.0886892310287466,-90.63964947827544,-0.464474618434906,3.866692304611206,0.6547699847663431,-0.010691512350464394,-2.4141100026526647,-0.12414169311523438,4.477780818939209,0.6086559953190119,-0.009850781849352286,-2.6379521137906123,-0.10037851333618164
20160328_153604_641_361,Consensus_7of7,Consensus_Resistant,0.7794898152351379,0.05868539959192276,0.2308381199836731,0.03095630370080471,0.5209225993603468,-0.15021448954939842,0.6711370889097452,1,0,0,0,1,-0.23722447974372785,-0.4280208650957241,1.0434613386678393e-06,1.79766968511387e-07,-0.18997452856892993,0.07674356327880383,0.7917286306619644,3.6906026252836455e-06,4.4186780094551904e-07,-0.026805808317411972,0.2565112657187525,-1.0107247829437256,5.042070388793945,1.0650466768298381,0.1668184403628401,0.4284762318072819,-0.41866356134414673,5.403500556945801,1.2269949189543947,0.12377349300222229,0.26821298662887927,-0.24687252938747406
20160328_153620_1281_721,Consensus_7of7,Consensus_Resistant,0.9036245942115784,0.49325627088546753,0.6117979288101196,0.03230490908026695,-0.16912469640374184,-0.35194917768239975,0.1828244812786579,1,1,1,0,-1,-0.528024809595235,-0.7005978983104267,1.0086729389513494e-06,2.079266017372214e-07,-0.07638757413598163,-10.556198659638415,0.13199013471603394,3.6142753288004315e-06,5.050164400537288e-07,0.04138028078800726,30.530081732266428,-0.058444321155548096,3.889673948287964,0.5590931621876075,0.06859764406781321,-8.630379346525194,-0.03256654739379883,5.69350528717041,0.5635001684936858,0.09896577965347875,-3.0975929572468854,0.015741944313049316
20160328_153620_1921_361,Consensus_7of7,Consensus_Resistant,0.6565515995025635,0.029024429619312286,0.5934951305389404,0.03312700614333153,0.06715904548764229,-0.5139229819178581,0.5810820274055004,1,0,1,0,0,-0.6980509745125111,-0.8170959915970788,1.1358249594195513e-06,2.220400376932456e-07,-0.04743447681019597,0.08278187615454402,0.3681764006614685,3.959941295761382e-06,4.964031751291017e-07,-0.02422057391244914,-0.07941172876073643,-0.6534798964858055,4.756136894226074,0.8477960665306632,0.027149978333973257,0.07091293757524741,-0.3595488667488098,4.512814998626709,0.8384661974635255,0.07444955724198399,-0.13710231133620934,-0.31044459342956543
20160328_153620_1_361,Consensus_7of7,Consensus_Resistant,0.9512248635292053,0.5225868821144104,0.2722324728965759,0.042030300945043564,0.19843580946326256,-0.3839094042778015,0.5823452137410641,1,1,0,0,0,-0.5433778315861524,-0.7445612816015477,0.0,0.0,0.0,0.0,0.0,0.0,0.0,0.0,0.0,0.0,0.0,0.0,0.0,0.0,0.0,0.0,0.0,0.0,0.0,0.0
20160328_153620_641_721,Consensus_7of7,Consensus_Resistant,0.9203991889953613,0.5793920159339905,0.5522299408912659,0.03287871554493904,-0.17834405228495598,-0.3110215663909912,0.13267751410603523,1,1,1,0,-1,-0.4864381080738561,-0.7065419107067644,9.169118584395619e-07,1.9430667222497478e-07,-0.040094373653469684,-0.24771802509335888,0.3738275170326233,3.295637498013093e-06,5.971150555426836e-07,0.08605971454424588,-1.049138574828984,-0.9400347620248795,4.291728496551514,0.8345221106302376,0.11916908536378734,-513.7338196807735,-0.25230157375335693,5.121590614318848,0.9412342894186232,0.10342552116395587,3.823995608730506,-0.2638903260231018
20160328_153629_1_361,Consensus_7of7,Consensus_Resistant,0.866631031036377,0.18595333397388458,0.5083016157150269,0.03405909985303879,0.2064351812005043,-0.49160807207226753,0.6980432532727718,1,0,1,0,0,-0.7256144506956691,-0.8453750917217318,1.0602166184980888e-06,1.9604180514568047e-07,0.17150594579067602,-0.5032749731890281,0.22304219007492065,4.1289763430540916e-06,5.155483280668863e-07,-0.2245470086056407,-0.8388357111986611,-0.22515374422073364,4.695346355438232,0.6019861949831771,-0.2419555765400686,-0.7594361680843297,-0.0559382438659668,6.380482196807861,0.5998621095009585,-0.49556348320545385,-1.0005533318177822,0.07783287763595581
20160328_153629_641_721,Consensus_7of7,Consensus_Resistant,0.8595679402351379,0.23876869678497314,0.6028848886489868,0.05001109838485718,0.06792545318603516,-0.39907101169228554,0.4669964648783207,1,1,1,0,-1,-0.6141502552878976,-0.7640960005668123,8.011321597223287e-07,2.075506689188794e-07,-0.18196420395282853,0.03482529266686707,0.1970030665397644,2.7216053695156006e-06,3.666325066961649e-07,0.13130592356026938,-0.87260660658276,-0.37130334973335266,3.6082189083099365,0.4657754593440586,0.26181756935387523,-2.4206806174226703,-0.03269284963607788,4.211917400360107,0.527772832068556,0.24080942570727026,-1.5574218102651527,0.16293644905090332
20160328_153829_1281_361,Consensus_7of7,Consensus_Resistant,0.8411756753921509,0.36537468433380127,0.4058101773262024,0.03464135527610779,0.104632169008255,-0.3068792074918747,0.4115113765001297,1,1,1,0,-1,-0.5075198418824287,-0.7469560380621442,7.419791359097871e-07,1.5719241633825784e-07,-0.12204797234637554,-8.06438405377537,0.06317192316055298,3.0113437787804287e-06,5.580556888883819e-07,0.11372726308309455,-0.8344354055190936,-0.3869958519935608,3.7457141876220703,0.7351987651591692,0.17173590885433532,-2.9123069578641547,-0.08698731660842896,4.869174957275391,0.7181263094853796,0.2761605688189269,-1.9706656416620296,0.058914780616760254
20160328_153829_1281_721,Consensus_7of7,Consensus_Resistant,0.9445944428443909,0.29738059639930725,0.6398819088935852,0.030682211741805077,0.03801414929330349,-0.13528772071003914,0.17330187000334263,1,1,1,0,-1,-0.2485743908754573,-0.4406775490421893,1.0987123459926806e-06,2.1599709970250916e-07,-0.006416001732761467,-4.817539557064351,0.3211562931537628,4.062319021613803e-06,3.866295264558273e-07,-0.03262881662921746,-3.3852955014351633,-0.5639059543609619,4.596212387084961,0.5399045535545975,0.01674155652710052,-1.9813332221307385,-0.21657639741897583,6.881222724914551,0.8255174679768418,0.0827769147898354,-5.256967845115955,-0.1857144832611084
20160328_153829_1921_1,Consensus_7of7,Consensus_Resistant,0.8413906693458557,0.30492380261421204,0.4637909233570099,0.032850656658411026,0.10552660003304482,-0.27724096551537514,0.38276756554841995,1,1,1,0,-1,-0.4564482776010206,-0.7138691511448405,4.000282558536128e-07,8.694208984485088e-08,0.019275491562233293,-4.929102819273856,0.03202003240585327,1.7926449800143018e-06,8.345375427235887e-07,0.014574646046767725,-1.1456791181921706,-0.4580368995666504,3.4449965953826904,0.8813794451995975,0.020733508543398504,-0.83925255511599,-0.03120410442352295,3.498105049133301,0.8107133017527759,0.04515193473094137,-3.9796334984316126,-0.022114455699920654
20160328_153829_1_1,Consensus_7of7,Consensus_Resistant,0.8637539148330688,0.3537583351135254,0.5354251265525818,0.03577340766787529,0.01034386083483696,-0.27919915318489075,0.2895430140197277,1,1,1,0,-1,-0.4698830239187163,-0.7098781742919802,6.624362640650361e-07,1.3934082144134836e-07,0.008053906796904431,-0.6593605606062682,0.22264599800109863,2.1956909677101066e-06,5.513712564460627e-07,0.026438282370643384,11.102543221630038,-0.567935049533844,3.681389808654785,0.8227945092491897,0.007736568435217528,6.199298941426813,-0.10371989011764526,4.188210964202881,0.9180375323946842,-0.03612646053953228,11.642395440523142,-0.06933647394180298
20160328_153829_641_1,Consensus_7of7,Consensus_Resistant,0.9115998148918152,0.4191986620426178,0.8011122941970825,0.031790003180503845,-0.2769211381673813,-0.571014042943716,0.29409290477633476,1,1,1,0,-1,-0.5195557701590297,-0.7041996579183887,9.509210485703079e-07,2.480207944180504e-07,-0.08431440023877701,-2.36011674061666,0.06016772985458374,3.277336418250343e-06,2.409559930867496e-07,0.05975369088849791,-1.405457816429252,0.01800382137298584,2.3958139419555664,0.20454169733314911,0.053481581143201895,-1.474148974913142,0.015241086483001709,4.370254039764404,0.30187116750514403,-0.013450399418163617,0.6802677062813178,0.031538188457489014
20160328_153829_641_1081,Consensus_7of7,Consensus_Resistant,0.9899475574493408,0.8952487111091614,0.7374735474586487,0.03157764673233032,-0.6111970543861389,-0.19899775460362434,-0.41219929978251457,1,1,1,0,-1,-0.31827956989194656,-0.5250608814707871,0.0,0.0,0.0,28.28942450995245,0.0,0.0,0.0,0.0,30.667731950643176,0.0,0.0,0.0,0.0,23.030864540979373,0.0,0.0,0.0,0.0,218.1237215677724,0.0
20160328_153829_641_721,Consensus_7of7,Consensus_Resistant,0.9280203580856323,0.04331052303314209,0.5802886486053467,0.029727119952440262,0.3341483063995838,-0.24872314929962158,0.5828714556992054,1,0,1,0,0,-0.4415529010220071,-0.6195409787523044,0.0,0.0,0.0,-91.20279703318299,0.0,0.0,0.0,0.0,1159.1793283046657,0.0,0.0,0.0,0.0,582.8977157188142,0.0,0.0,0.0,0.0,-11058.925546871746,0.0
20160329_103807_361_1,Consensus_7of7,Consensus_Sensitive,0.9876512885093689,0.9577491879463196,0.5469081997871399,0.028754733502864838,-0.48825136572122574,-0.14672111347317696,-0.3415302522480488,1,1,1,0,-1,-0.15589960324298957,-0.3650740281439314,7.180663033068413e-07,1.347252736272685e-07,-0.13730162828653425,-11.5464214304859,0.584803581237793,2.6570392037683632e-06,3.965516314022218e-07,0.1441042616670919,1.8861986398531947,-1.0309009701013565,3.9690685272216797,0.8458926247646603,0.231389378400767,-24.111095758358417,-0.36649009585380554,5.233790397644043,1.2179766840804291,0.16312578987911075,4.771693531055592,-0.5106549561023712
20160329_103807_361_1281,Consensus_7of7,Consensus_Sensitive,0.9929620027542114,0.9438236355781555,0.7051932215690613,0.03439421206712723,-0.6216606423258781,-0.22194961458444595,-0.3997110277414322,1,1,1,0,-1,-0.30659008464319637,-0.5272695854340604,7.440678473358275e-07,1.446494824087244e-07,0.027518082839116165,-4.537108038603865,0.46678054332733154,2.4700609628780512e-06,4.0428348980784404e-07,-0.06024261242478024,1.297442825815515,-0.9986008331179619,3.6598339080810547,0.6855692917485072,-0.038665751238818324,0.2867066318007397,-0.23958462476730347,4.086997032165527,1.0790364891902773,0.18353921019573527,1.4935183248216362,-0.29381316900253296
20160329_103807_361_1921,Consensus_7of7,Consensus_Sensitive,0.8043833374977112,0.27905765175819397,0.5467466711997986,0.032591644674539566,0.011170659214258194,-0.2374500185251236,0.2486206777393818,1,0,1,0,0,-0.24312827225123657,-0.4145275344438425,7.148324812078499e-07,1.473000039715467e-07,-0.16741451468017277,-8.045087460003703,0.3285433053970337,2.492697603884153e-06,4.399699740689794e-07,0.11738548637316126,-1.8299815755387836,-0.389980673789978,3.335209608078003,0.7078093167525998,0.04559010856697965,12.716573985083361,-0.17307686805725098,4.183151721954346,0.9645030389845387,0.18497207871667676,-0.9783830554579634,-0.20377594232559204
20160330_165956_1281_721,Consensus_7of7,Consensus_Resistant,0.8876524567604065,0.3927954137325287,0.423244833946228,0.03053509071469307,0.10214729979634285,0.12716617435216904,-0.025018874555826187,1,1,1,0,-1,0.1772880404264776,-0.1658863151295461,5.187449119148368e-07,1.267047717926794e-07,-0.03423599919803544,-1.418777983331787,0.042690813541412354,2.2169806470628828e-06,4.8437356011577e-07,0.044027513558705045,0.6845676699319936,-0.24213039875030518,3.519763231277466,0.6103871080887937,0.0376832199299888,-0.052540118488006105,-0.03877818584442139,4.2917890548706055,0.6722413028854779,0.07127093185731581,1.3057829573835682,-0.03573125600814819
20160330_165956_1921_721,Consensus_7of7,Consensus_Resistant,0.9182998538017273,0.044281892478466034,0.32813024520874023,0.03137991577386856,0.5772676318883896,0.12379180267453194,0.45347582921385765,1,0,0,0,1,0.10784005037766398,-0.29651735325066436,9.708036259326036e-07,1.925933275440557e-07,0.1338701879829961,-3.9849669970347588,0.0539436936378479,3.599401452447637e-06,3.1627572166653574e-07,-0.05904055772716177,-1.7218781222761397,-0.1068577766418457,5.391077041625977,0.5948978721680286,-0.09529277717309093,-6.854357460941049,-0.14499026536941528,6.993319034576416,0.6801281848222513,-0.023600002837830147,-1.0258753848666018,-0.0677918791770935
20160330_165956_1_721,Consensus_7of7,Consensus_Resistant,0.8060252070426941,0.03895566985011101,0.1507241129875183,0.030530914664268494,0.6468763388693333,0.33473450504243374,0.31214183382689953,1,0,0,0,1,0.3478586123053153,-0.16341053919986698,8.673949878357234e-07,1.8840101777013641e-07,-0.07017485824935077,6.3264640910531345,0.3299216032028198,2.7091541596746538e-06,2.940958046306979e-07,-0.12750799255344325,0.1086386174228755,-0.12109595537185669,3.3680825233459473,0.4158077885789679,-0.1017956604610909,4.6056560189349,-0.029593050479888916,4.318762302398682,0.6041959121469548,-0.06383170582743836,-4.199651332812037,-0.08862340450286865
20160330_165956_641_721,Consensus_7of7,Consensus_Resistant,0.8344703316688538,0.1733236312866211,0.37000465393066406,0.030476396903395653,0.32161844335496426,0.11307906731963158,0.20853937603533268,1,0,0,0,1,0.09586857913436819,-0.23695525717890747,0.0,0.0,0.0,2.2415350517415504,0.0,0.0,0.0,0.0,39.12432291963207,0.0,0.0,0.0,0.0,46.804811856329934,0.0,0.0,0.0,0.0,380.64022795914366,0.0
20160330_172309_1281_721,Consensus_7of7,Consensus_Resistant,0.988818883895874,0.9506803750991821,0.3252664804458618,0.029684746637940407,-0.2574432250112295,-0.33002736791968346,0.07258414290845394,1,1,0,0,0,-0.4529117118493279,-0.6929650036838445,1.4937232890588348e-06,2.536035250086947e-07,0.16657319006549887,9.579631278279939,0.3358645439147949,5.539572612178745e-06,4.014571113927935e-07,-0.15928509760198306,-21.892190316271428,-0.05527225136756897,5.271782398223877,0.4989572887110629,-0.28603322414319454,-2.0991955138885676,0.064361572265625,8.70541763305664,0.6456379398780564,-0.48503732763937557,1.2619022526611936,0.14186710119247437
20160402_150314_1281_721,Consensus_7of7,Consensus_Resistant,0.8429554104804993,0.41562214493751526,0.3684421479701996,0.030751049518585205,0.08964216709136963,-0.17638221010565758,0.2660243771970272,1,0,0,0,1,-0.24351573298622375,-0.4702325152847534,1.101066118280869e-06,2.0278066656313636e-07,-0.03703407052488239,-23.821945667518484,0.45348435640335083,3.50096797774313e-06,4.13944615120139e-07,-0.02478925803999843,0.02278071762263667,-0.8622287884354591,5.408094882965088,0.8548027245340044,-0.011878857714668345,-0.06103565585568549,-0.3404097557067871,5.084010124206543,0.944025826205156,0.06186449488359591,-0.25324726632697436,-0.35347646474838257
20160402_151049_1_361,Consensus_7of7,Consensus_Resistant,0.9664807319641113,0.1747504472732544,0.8034545183181763,0.035395074635744095,0.02367084100842476,-0.3227086141705513,0.34637945517897606,1,0,1,0,0,-0.48980255139331697,-0.7099652604167201,8.237427095991734e-07,1.5576581948659314e-07,-0.10303746235590239,-0.8682662200416575,0.2094014286994934,2.805274334605201e-06,5.463565647342045e-07,0.14448530283232774,3.7796267500546725,-0.7267408668994904,4.520641803741455,0.9715965564161939,0.1173189397815062,-37.48890239004599,-0.24073106050491333,3.946014165878296,1.0198473112359359,0.3256378744474129,2.4453897955468644,-0.25176358222961426
20160402_151054_1921_361,Consensus_7of7,Consensus_Resistant,0.8474942445755005,0.4991348385810852,0.3301408886909485,0.030131010338664055,0.04834952764213085,-0.2393804006278515,0.28772992826998234,1,1,0,0,0,-0.40825205248725827,-0.6572185065527588,8.647107847536972e-07,1.7301490379046e-07,-0.02138100419705724,-4.968640798486634,0.25831425189971924,3.1747340472065844e-06,5.70276677531083e-07,0.036620225205706514,-1.0738330303641914,-0.6862632036209106,4.55819034576416,0.914731434612596,-0.0456071841139557,0.6978996493964237,-0.19836318492889404,4.556276321411133,0.9504869918517784,-0.08164254395373605,1.7699344707005469,-0.10261404514312744
20160407_163130_1_721,Consensus_7of7,Consensus_Resistant,0.9531580805778503,0.17086556553840637,0.5362545251846313,0.04152057692408562,0.28755856677889824,-0.009743094444274902,0.29730166122317314,1,0,1,0,0,-0.19007391763453008,-0.33752052700427776,0.0,0.0,0.0,50.068081590088326,0.0,0.0,0.0,0.0,-41.46243657880928,0.0,0.0,0.0,0.0,-24.12999208006066,0.0,0.0,0.0,0.0,31.559946640554042,0.0
20160407_163257_1281_1,Consensus_7of7,Consensus_Resistant,0.989568829536438,0.7586924433708191,0.8354576826095581,0.03392932191491127,-0.5706519745290279,-0.5712029375135899,0.0005509629845619202,1,1,1,0,-1,-0.788372296645838,-0.8572899708405118,0.0,0.0,0.0,-27.612144407794055,0.0,0.0,0.0,0.0,-20.43705935090589,0.0,0.0,0.0,0.0,-27.108464215404233,0.0,0.0,0.0,0.0,29.665926939846692,0.0
20160407_163257_1921_1081,Consensus_7of7,Consensus_Resistant,0.9745914936065674,0.112842857837677,0.7005820274353027,0.030623838305473328,0.19179044663906097,-0.11226750537753105,0.304057952016592,1,0,1,0,0,-0.23087071240067458,-0.36615897209347686,6.879064926579304e-07,1.3934657139884014e-07,-0.12229464263392753,1.0846167404445128,0.28568005561828613,2.260257133457344e-06,5.605887134273487e-07,-0.04356275571478263,1.3115866819260291,-0.9172191917896271,4.070423126220703,1.0522912950713457,0.05704822923017128,0.277987351573012,-0.20982301235198975,4.34945821762085,1.0331669885872492,0.05188304540620958,0.4421043413984342,-0.28574439883232117
20160407_163257_641_361,Consensus_7of7,Consensus_Resistant,0.8838444352149963,0.09695662558078766,0.7551337480545044,0.03282066434621811,0.0645747259259224,-0.11458345502614975,0.17915818095207214,1,0,1,0,0,-0.20995303287677636,-0.3291339350480781,7.903092864580685e-07,1.6543910018000993e-07,-0.17749742448510497,0.07816883690487696,0.2606045603752136,2.6716379579738714e-06,4.633556598022315e-07,0.009486022768896651,-0.29716903929067834,-0.5643460303544998,4.32334041595459,0.945134026764876,0.08247608929338834,-0.4858073933010817,-0.25307589769363403,4.6962432861328125,0.9303211408105526,-0.06873252597458535,0.1989272206949922,-0.25448280572891235
20160407_165001_1281_1081,Consensus_7of7,Consensus_Sensitive,0.8547305464744568,0.4269123077392578,0.14419136941432953,0.029512176290154457,0.3131390456110239,-0.07953313365578651,0.3926721792668104,1,1,0,0,0,-0.16790254237243674,-0.630304779775304,7.975523317327315e-07,1.689374242597223e-07,0.02793879422788792,-0.07215165526373193,0.2577891945838928,2.626918330861372e-06,4.45180442656409e-07,0.0474979979175677,-0.9710481277487322,-0.4902057647705078,4.052568435668945,0.8627715474507259,0.05660064059139447,-0.9137002842176098,-0.19641858339309692,5.817094802856445,1.2799755611633952,0.24041393059821525,-1.836556304859891,-0.2853372097015381
20160407_165001_1921_721,Consensus_7of7,Consensus_Resistant,0.8821671009063721,0.07230950146913528,0.40239930152893066,0.028979381546378136,0.43643767945468426,-0.006138917058706284,0.44257659651339054,1,0,0,0,1,-0.11796898753402552,-0.4660999134154886,9.90359239949612e-07,2.1014472222099071e-07,-7.343927497138747e-05,0.18874295787626216,0.1677035093307495,3.5439120438240934e-06,4.745925805529543e-07,0.14968685931657455,2.1866666862831146,-0.4173741042613983,4.841233730316162,0.8845269522037273,0.1773161161286516,0.6287430396018961,-0.296833336353302,5.895761489868164,0.861781527672277,0.1700907645144455,0.4602792179691993,-0.21843677759170532
IMG_2931_1297_485,Consensus_7of7,Consensus_Resistant,0.8953284621238708,0.03585486114025116,0.6961040496826172,0.038301512598991394,0.2016710638999939,-0.20390518009662628,0.4055762439966202,1,0,1,0,0,-0.280276816608115,-0.4014267245994819,5.287917019813904e-07,1.1160975800874813e-07,-0.01802066618584408,11.90929721294158,0.1478177309036255,2.0921520444971975e-06,4.526489163807983e-07,-0.0186630548243073,2.047318877091498,-0.13182735443115234,3.575225591659546,0.6872718383520788,-0.01715459749773418,-0.4904105227333997,0.007571399211883545,3.062682867050171,0.5846024569483187,-0.025687674392796622,-3.0757824758378702,0.015073716640472412
IMG_2931_1945_485,Consensus_7of7,Consensus_Resistant,0.8921107053756714,0.011687484569847584,0.5259073376655579,0.03886398673057556,0.3933798698708415,-0.05419430136680603,0.44757417123764753,1,0,1,0,0,-0.15973665973638296,-0.2917486340214268,0.0,0.0,0.0,-88.34131377179672,0.0,0.0,0.0,0.0,1.2537335664026799,0.0,0.0,0.0,0.0,-2.9313153308296753,0.0,0.0,0.0,0.0,89.52971186276167,0.0
IMG_2941_1_969,Consensus_7of7,Consensus_Resistant,0.9741957783699036,0.06122024729847908,0.6412191390991211,0.03563009202480316,0.30738648399710655,0.09097599983215332,0.21641048416495323,1,0,1,0,0,-0.15595353339771933,-0.2307267123731127,9.712266546557657e-07,1.9566316379837732e-07,0.09710154807593052,73.81632180753994,0.39357733726501465,3.1524625683232443e-06,5.109982873006237e-07,0.0062702362765936215,1.3814748336883311,-0.8268359452486038,3.9651362895965576,0.7040847899442806,-0.05189494275940243,-1.9512667013741198,-0.29918748140335083,4.888988971710205,1.0791639146429381,-0.03570494201098162,-1.4133768842192629,-0.04821687936782837
IMG_2942_1297_485,Consensus_7of7,Consensus_Resistant,0.8976386189460754,0.21136093139648438,0.45797640085220337,0.03240852430462837,0.26070981100201607,0.21283112838864326,0.0478786826133728,1,0,1,0,0,0.2805902848938704,-0.2074722933815537,1.1023416846001055e-06,1.7622411299168964e-07,0.1430512844925258,3.1932417028668,0.0060463547706604,3.835677944152849e-06,2.3738885378637991e-07,-0.136089695095869,-1.2771136695657175,0.03729236125946045,5.867703437805176,0.4470204700585027,-0.18771759899244256,-1.1061538548308205,0.034426331520080566,9.214048385620117,0.4633079554774958,-0.14345487243528376,0.6924398273891652,0.06455230712890625
IMG_2942_1945_485,Consensus_7of7,Consensus_Resistant,0.8915138840675354,0.08580923825502396,0.4788472354412079,0.030797822400927544,0.3576552327722311,0.19480081275105476,0.16285442002117634,1,0,0,0,1,0.19220945082952678,-0.19501424052798427,9.505234856987954e-07,1.878461369622287e-07,-0.0573916898500314,-0.21811131900848219,0.03263002634048462,3.187879656252335e-06,2.9097711885710835e-07,-0.06439018052535139,-0.09046704288158519,-0.026140272617340088,5.155426979064941,0.5757815538216978,-0.07597845297222672,0.19029330437550954,-0.025795459747314453,7.551684379577637,0.5500386990952125,-0.1473638497117422,0.2000678291451018,-0.021512985229492188
IMG_2942_1_485,Consensus_7of7,Consensus_Resistant,0.8922504186630249,0.13629010319709778,0.5628278851509094,0.030327778309583664,0.22346020862460136,0.3253948651254177,-0.10193465650081635,1,0,1,0,0,0.369661835748078,0.09239188983694924,9.061680543709372e-07,1.5717546910917557e-07,0.13446203966705084,-1.3002825081405711,-0.0031794309616088867,3.248175517001073e-06,2.1636668436316939e-07,-0.06524454202359542,-2.0403908915688915,0.017153620719909668,4.9686760902404785,0.4055332489762935,-0.08559306255869159,-2.024884505055023,0.01978886127471924,8.169038772583008,0.46977339650866295,-0.007754037710249628,-2.234554809064692,0.020044386386871338
IMG_2942_649_485,Consensus_7of7,Consensus_Resistant,0.8452783226966858,0.10013966262340546,0.3517826497554779,0.029561154544353485,0.4229171648621559,0.13315604999661446,0.28976111486554146,1,0,0,0,1,0.1632034632027568,-0.35094280739814276,6.551433671120321e-07,1.574353925643641e-07,-0.2251392479883353,-0.2418981086153287,0.15157222747802734,2.5755200567800784e-06,5.245839038541125e-07,0.21763322684857433,-0.3967872475092897,-0.3418917655944824,4.175357818603516,0.9553380271844467,0.271212433724244,-0.49061455378010743,-0.18821996450424194,5.430152416229248,0.8538911868011068,0.14388348429240605,-0.04944576277125172,-0.18149793148040771
20160222_115837_1281_361,Cured_by_D2,Cured_by_D2,0.764902651309967,0.02938159555196762,0.10812170058488846,0.028028445318341255,0.6554278004914522,-0.11909998208284378,0.774527782574296,1,0,0,0,1,-0.057551855097699334,-0.22049507140369762,1.308597802562872e-06,2.3580057782544119e-07,-0.005385812530957601,-51.982717939738066,0.3661664128303528,5.278390290186508e-06,4.688520551901955e-07,-0.046150763751516166,-0.5799549269866979,-0.5523606389760971,5.514639854431152,0.6531004032295858,0.01411577380132878,-2.6696011976507243,-0.20720529556274414,6.618569850921631,0.8260455179439842,0.04780463605153251,3.816375526176302,-0.20255327224731445
20160307_145059_1281_721,Cured_by_D2,Cured_by_D2,0.6251125931739807,0.04794842377305031,0.1065278947353363,0.038404833525419235,0.5090411081910133,0.4185159392654896,0.09052516892552376,1,0,0,0,1,0.2606820326185999,0.011154198355398992,0.0,0.0,0.0,-55.07961122893578,0.0,0.0,0.0,0.0,15.684898061116549,0.0,0.0,0.0,0.0,15.023164041588853,0.0,0.0,0.0,0.0,82.29117905619259,0.0
20160316_143527_1921_361,Cured_by_D2,Cured_by_D2,0.7683733105659485,0.03992735594511032,0.1678774207830429,0.030520306900143623,0.5910888407379389,-0.00415358692407608,0.595242427662015,1,0,0,0,1,0.007125617745078472,-0.3688977140011979,7.676248969801236e-07,1.5278684588140983e-07,-0.19079446657068755,1.1769863264114018,0.41485005617141724,2.544780500102206e-06,3.7395916790865347e-07,0.1131199208765975,0.5526396497295215,-0.39427998661994934,4.199398517608643,0.7478203738150229,0.15375052237513376,-0.8786990469666539,-0.21517211198806763,5.602099895477295,1.1922591486383156,0.2666523112598771,-0.7857939565319734,-0.2550535202026367
20160316_143547_1281_1081,Cured_by_D2,Cured_by_D2,0.827523410320282,0.16199415922164917,0.19066794216632843,0.04488971829414368,0.5197510272264481,-0.3135290816426277,0.8332801088690758,1,0,0,0,1,-0.4707861731401934,-0.4226932491232961,1.0682020956664928e-06,2.452781109933271e-07,-0.304250796494268,-8.086319845195275,0.2871249318122864,4.045774858241202e-06,3.3270491472504495e-07,0.1735840404155351,-20.960652483809554,-0.07720085978507996,3.5930466651916504,0.3395857337189023,0.2610559336911573,-11.735458126335878,0.001727461814880371,3.760362148284912,0.34738115096557004,0.35148790219536563,8.877937536925618,0.02213829755783081
20160318_181632_1_361,Cured_by_D2,Cured_by_D2,0.7751048803329468,0.14601139724254608,0.23885388672351837,0.045026373118162155,0.4352659694850445,-0.32477065920829773,0.7600366286933422,1,0,0,0,1,-0.5225183823517405,-0.5776679536775072,1.2336586223682389e-06,2.0520568218925549e-07,0.02441609282116608,-2.26067814036,0.13545727729797363,4.44534680354991e-06,2.7238283747003846e-07,0.005690197449738976,0.43646485576609084,0.2944048047065735,5.263556480407715,0.4110760789279243,0.06382561454793723,11.064545190699047,0.22278356552124023,7.476939678192139,0.44774180687049253,-0.0349932763632379,3.2631392369284784,0.28982412815093994
20160407_165001_641_1081,Cured_by_D2,Cured_by_D2,0.8031110763549805,0.04672246426343918,0.16394536197185516,0.029581909999251366,0.6220251601189375,0.09027619659900665,0.5317489635199308,1,0,0,0,1,0.1802895843055568,-0.3152337302242859,8.97670133781503e-07,1.949245294770591e-07,-0.007690268604149009,-12.680629256120431,0.4723820686340332,2.9863863346690778e-06,5.56848725983812e-07,-0.023639673849450094,4.592740359835922,-0.4600529074668884,3.3655166625976562,0.7260689332877561,-0.08109545373025095,2.1750187515538375,-0.21174472570419312,3.9070680141448975,0.9347017758800525,-0.025699441073729234,-0.993138755047674,-0.19884353876113892
IMG_2941_1297_969,Cured_by_D2,Cured_by_D2,0.6789134740829468,0.02864285744726658,0.2912697494029999,0.03950566053390503,0.39850652776658535,-0.048404864966869354,0.4469113927334547,1,0,0,0,1,-0.15219092331738615,-0.29291054792222376,9.084316161533934e-07,2.0531566853201186e-07,-0.16266210821884908,2.3841993169139224,0.043521106243133545,2.9656443985004444e-06,3.4353006308461586e-07,0.03698238731739467,4.404036636512982,0.026899993419647217,4.057881832122803,0.5288701071014937,0.12806548135307783,5.524586094760558,0.036474764347076416,5.295803546905518,0.5776405869493294,0.11774533559405342,11.322671516884032,0.123310387134552
20160222_164851_641_1,Clean_Control,Clean_Control,0.06209516525268555,0.044083040207624435,0.10477373749017715,0.029789237305521965,-0.05697237513959408,-0.17339706793427467,0.1164246927946806,0,0,0,0,0,-0.24837883959023177,-0.5475135728033674,1.517197802058945e-06,2.8159872187564667e-07,0.2725429701596429,3.9429472478707086,0.09860551357269287,5.151459390617674e-06,3.53197272919351e-07,-0.10096565705569471,1.2766521347003372,0.1976398229598999,4.058768272399902,0.35567315372278774,-0.12788301992819795,1.6391599840904558,0.2551043629646301,6.393033504486084,0.49873633984377536,0.055974768095685246,-3.1735734996353093,0.41881024837493896
20160222_164851_641_1081,Clean_Control,Clean_Control,0.05293016880750656,0.030797015875577927,0.10654270648956299,0.030481597408652306,-0.05392795614898205,-0.1257992908358574,0.07187133468687534,0,0,0,0,0,-0.11816606270660435,-0.42013453139789936,5.517078420780308e-07,1.1930743129510083e-07,-0.03440305627887674,-0.6274332482240477,0.0691182017326355,2.176598172809463e-06,8.263808419161634e-07,0.02318226110860011,2.883446979238119,-0.32811838388442993,2.9213380813598633,0.906177378684489,0.018958253890529964,-3.512715759319886,-0.05196249485015869,3.2529146671295166,0.9529700242455171,-0.027438682923326407,-0.21860028315757796,-0.01981532573699951
20160222_165225_641_361,Clean_Control,Clean_Control,0.1948065608739853,0.019868765026330948,0.3421918749809265,0.029128460213541985,-0.1381256189197302,0.13410459831357002,-0.2722302172333002,0,0,0,0,0,0.03786137655735111,0.05700717507756203,7.343801939896366e-07,1.5451673004832276e-07,-0.11639300364752514,-2.1663635752197514,0.4046580195426941,2.6390780476504005e-06,3.52059360695926e-07,-0.01783652954783488,-0.24327064694373068,-0.5874300450086594,4.59940767288208,0.7598343340102376,-0.009586620457598727,-0.03225497082329004,-0.3195013403892517,4.826435089111328,0.9636950284092898,0.10988374350099517,-0.21337671206706466,-0.24600017070770264
20160222_165926_1_1081,Clean_Control,Clean_Control,0.08995471149682999,0.03619052842259407,0.07640159130096436,0.03893748298287392,0.016300074756145477,0.6084873229265213,-0.5921872481703758,0,0,0,0,0,0.5562218890513028,0.013258374661123618,9.241443308383168e-07,2.252042026148989e-07,-0.28641281071447267,-71.04646596488438,0.1402672529220581,3.5637212931760587e-06,3.122619838762098e-07,0.04378397031789105,-3.290165505466412,0.05681723356246948,3.8282036781311035,0.3900106972723131,0.12809738936034332,-3.0754044814272103,0.03581881523132324,4.526702880859375,0.501059099618579,0.10858628742838106,-0.7719760149389359,0.006963372230529785
20160222_165926_641_721,Clean_Control,Clean_Control,0.40511810779571533,0.008568990975618362,0.17187915742397308,0.02971429005265236,0.25438424944877625,0.2959088124334812,-0.04152456298470497,0,0,0,0,0,0.3567510175183919,0.09326462235077915,6.999626975812134e-07,1.6231013515955355e-07,0.18026765540348655,29.901815352291177,0.12127918004989624,2.862473138520727e-06,3.1972164841732864e-07,0.0010118361841822132,-0.20118414552042035,-0.21769946813583374,4.078659534454346,0.49779976730370623,-0.03966328775272987,-0.5388687711307378,-0.13862353563308716,4.719069957733154,0.48569224237727004,-0.2324422343799567,-0.7603432249036359,-0.22570711374282837
20160307_145059_641_361,Clean_Control,Clean_Control,0.06088494136929512,0.025120649486780167,0.08332312107086182,0.03050701878964901,-0.017051810398697853,-0.1772639900445938,0.16021217964589596,0,0,0,0,0,-0.30441342889418244,-0.3911825829978698,0.0,0.0,0.0,-252.82491767283628,0.0,0.0,0.0,0.0,437.575771256832,0.0,0.0,0.0,0.0,151.41466022924124,0.0,0.0,0.0,0.0,-108.97202207744863,0.0
20160316_143445_1281_721,Clean_Control,Clean_Control,0.07697442173957825,0.032050903886556625,0.08762778341770172,0.029765533283352852,-0.012938732281327248,-0.08793697506189346,0.07499824278056622,0,0,0,0,0,-0.0877291014751409,-0.38111262225152087,5.84804638492642e-07,1.3105188912230605e-07,-0.2725462615168399,5.537427671271639,0.22398823499679565,2.1004234440624714e-06,4.137772588076963e-07,0.18275777974388885,-1.2369553890085694,-0.46174997091293335,2.885841131210327,0.6093288032866535,0.21571873071937797,-2.3320784107973096,-0.15220403671264648,3.653416395187378,0.7677170597350096,0.23534528289271928,-3.5304342675953535,-0.13535058498382568
20160316_143445_1_721,Clean_Control,Clean_Control,0.522700846195221,0.04102946072816849,0.15440256893634796,0.03430626913905144,0.36157508566975594,-0.058723751455545425,0.42029883712530136,0,0,0,0,0,-0.08579532025505598,-0.42838960427395134,7.188605195551645e-07,1.6452457723195185e-07,0.017727395314985905,38.476065796433986,0.2208988070487976,2.4198059236368863e-06,4.450283707301875e-07,-0.0779776256701118,128.98918881312926,-0.24730998277664185,3.17395281791687,0.5644838000241414,-0.0768775764524372,-45.48614814199001,-0.022467970848083496,3.9063901901245117,0.7692307044309553,0.0876652969391144,0.2733293211179433,0.00621795654296875
20160316_143527_1281_1081,Clean_Control,Clean_Control,0.07949511706829071,0.016344353556632996,0.1592392772436142,0.03273145854473114,-0.06335705518722534,-0.20134743303060532,0.13799037784337997,0,0,0,0,0,-0.23131552248881354,-0.49286201730876544,1.1626971172518097e-06,1.8691634967893595e-07,0.2102049456782843,0.8608106116600025,0.08796650171279907,3.710277042046073e-06,2.5904698106853506e-07,-0.26456788908467277,0.03781182482423742,-0.08898961544036865,5.437472343444824,0.4811857756766963,-0.32971585701011674,-0.4033689004287353,0.01566380262374878,8.22104263305664,0.5482399537876586,-0.3292107295920541,-0.8177563500313483,0.06670981645584106
20160316_143527_1_1,Clean_Control,Clean_Control,0.059067144989967346,0.020167319104075432,0.09752514213323593,0.033144157379865646,-0.02548115886747837,-0.09126225486397743,0.06578109599649906,0,0,0,0,0,-0.1461771640281282,-0.3512087126400644,1.0660965017450508e-06,1.9883624102522514e-07,-0.1443766852477677,7.038591226849425,0.39595043659210205,3.894352175848326e-06,5.008986563963135e-07,0.02491085793317449,0.07956358434699291,-0.4907126948237419,5.203827381134033,0.9123999664709098,0.06400995910743668,0.04849842806713475,-0.27188563346862793,5.046178817749023,1.0075178613923825,0.0881619400260284,-0.08109067043659333,-0.22496181726455688
20160316_143527_641_721,Clean_Control,Clean_Control,0.0441959910094738,0.01675105281174183,0.07427037507295609,0.03038029745221138,-0.016445139423012733,0.08757401257753372,-0.10401915200054646,0,0,0,0,0,0.17459584295585123,-0.013458753960544412,6.396811045306094e-07,1.3053480056635687e-07,-0.03709680924561798,1.6377690054452039,0.5201537013053894,2.1883490717300447e-06,4.6218597407038774e-07,-0.04853553298238311,-0.11665558832662667,-0.987518846988678,3.7415988445281982,0.8849951371372788,-0.027748848741596666,0.2740690664792892,-0.3278360664844513,3.7997913360595703,0.8443406265352443,0.06906479637092466,-0.03688333050436229,-0.3115667402744293
20160316_143547_1921_1081,Clean_Control,Clean_Control,0.14376957714557648,0.03280668705701828,0.22819344699382782,0.05855385586619377,-0.05867670103907585,-0.3152403384447098,0.2565636374056339,0,0,0,0,0,-0.34901805720295725,-0.5884815758950533,1.0851622391783167e-06,1.9585464966952907e-07,0.16011959182144786,-55.59817707407455,0.3273735046386719,4.0825270843924955e-06,4.382879468819034e-07,-0.029483852272923272,-0.6466712463032529,-0.34698206186294556,6.0077338218688965,0.8999534786649683,-0.01245062308200906,-0.832575198755265,-0.2863668203353882,5.494636058807373,0.9768821481151687,0.22696910836751938,1.6173012419801482,-0.050486743450164795
20160316_143547_641_361,Clean_Control,Clean_Control,0.04972248896956444,0.028853651136159897,0.07126089185476303,0.036980971693992615,-0.013411082327365875,-0.3324109576642513,0.31899987533688545,0,0,0,0,0,-0.47057981388656356,-0.673722322411218,0.0,0.0,0.0,-72.99583920309252,0.0,0.0,0.0,0.0,-48.41658428035592,0.0,0.0,0.0,0.0,-42.93738383102821,0.0,0.0,0.0,0.0,-897.5249245061669,0.0
20160316_143547_641_721,Clean_Control,Clean_Control,0.17408661544322968,0.1006573885679245,0.18596675992012024,0.030267667025327682,-0.08226986601948738,-0.10490259528160095,0.02263272926211357,0,0,0,0,0,-0.03710575139112143,0.3340853575083748,1.4505592389468802e-06,2.5060311823696976e-07,0.04376751738118423,0.4797829683652615,0.06309419870376587,4.772308784595225e-06,5.534178791891128e-07,-0.06776721160658272,-1.1342055619734823,-0.017806589603424072,5.738527297973633,1.015788542664463,-0.055820705900528234,-10.67961169649754,-0.05192279815673828,7.859640598297119,1.410359557273655,0.02906094818749516,36.3752314591995,0.07632637023925781
20160318_181632_641_1,Clean_Control,Clean_Control,0.02891635149717331,0.01141676027327776,0.07073570042848587,0.031260401010513306,-0.021975708194077015,-0.23872479423880577,0.21674908604472876,0,0,0,0,0,-0.35244324740149124,-0.2766249176496557,1.5122711829462787e-06,3.2118710543894583e-07,-0.06788432430330227,-1.7466705402953921,0.14665251970291138,5.33271213498665e-06,3.4595345291220475e-07,0.023331535106482004,-9.632021451838446,0.008431494235992432,3.330592393875122,0.2605266466129177,0.02671457024452273,-1.4981664477970056,0.007202088832855225,4.6743292808532715,0.3082997099925975,0.07980617747262808,0.6955167141284238,0.04182231426239014
20160326_142521_1281_1081,Clean_Control,Clean_Control,0.19304735958576202,0.10546016693115234,0.10342980921268463,0.030963417142629623,0.015120800584554672,0.013649508357048035,0.0014712922275066376,0,0,0,0,0,0.16494217894045973,0.20019477928444726,1.6187480014195899e-06,2.376213694275227e-07,0.19988797327034868,3.528575040844506,0.0534365177154541,5.5279060688917525e-06,3.8163836713785284e-07,-0.2089603788240283,1.0199515296241475,0.1635567545890808,7.156827449798584,0.9325886505190517,-0.16681870937172982,-23.173276814646407,0.019999325275421143,9.27130126953125,1.4686654010395237,-0.08839935334155913,-0.28772243312630097,0.16096824407577515
20160326_142521_641_1081,Clean_Control,Clean_Control,0.172794908285141,0.09694356471300125,0.064040906727314,0.02834230288863182,0.040152739733457565,-0.04453864321112633,0.08469138294458389,0,0,0,0,0,-0.02251708886199229,-0.031390134529060004,1.023940853883687e-06,1.973537511180805e-07,-0.09640279813653618,-3.409269873416791,0.053299546241760254,3.3598300888115773e-06,3.487506807659026e-07,0.2572891119055858,-25.78824454967365,0.041036009788513184,4.701526165008545,0.6477390354361197,0.20786760754387856,-26.909796226668245,0.04699599742889404,6.6349287033081055,1.0821570990476856,0.43662495811104907,-22.472819156347846,0.19716155529022217
20160326_142745_1281_1081,Clean_Control,Clean_Control,0.06005708873271942,0.02920031175017357,0.08468550443649292,0.03273613005876541,-0.021092597395181656,0.2107604444026947,-0.23185304179787636,0,0,0,0,0,0.33762200532311976,0.2546860154470231,6.757238679711008e-07,1.4599424767707065e-07,-0.04207324421743508,4.48249416192248,0.07411539554595947,1.9996953142253915e-06,5.266069814222458e-07,0.08616873004311831,0.20259379782295117,-0.23121672868728638,3.1136057376861572,0.7940697720806577,0.08793391270792406,-1.7099239203964083,-0.06278336048126221,3.7782371044158936,1.2179093515549302,0.14686911196887875,-4.754176922405849,-0.07116693258285522
20160326_142745_1921_1081,Clean_Control,Clean_Control,0.059325024485588074,0.030574504286050797,0.08044089376926422,0.032677456736564636,-0.019012916833162308,0.05205276235938072,-0.07106567919254303,0,0,0,0,0,0.21011486917643565,0.11282012707265798,7.603205176565098e-07,1.5214535650821734e-07,0.0077339082068346165,12.1055549508233,0.27824199199676514,2.6603604510455625e-06,4.77272518362561e-07,0.03813800218475083,-2.9818551883930837,-0.6041720360517502,3.821174144744873,0.8610701482415012,0.056132278738198926,3.369567318743846,-0.18077349662780762,4.2504377365112305,1.2045176819399785,0.04936778865520153,-8.976278549685993,-0.24059051275253296
20160328_151057_1281_721,Clean_Control,Clean_Control,0.03869613632559776,0.016239196062088013,0.07805207371711731,0.02931857854127884,-0.02627655491232872,-0.07487078383564949,0.04859422892332077,0,0,0,0,0,-0.13163736725257602,-0.356531560590089,6.556815037583874e-07,1.3930938809904428e-07,-0.054591169679333196,402.6355476712011,0.313620924949646,2.518102974136127e-06,5.448277279029462e-07,0.058197559788260356,-0.6184273278523604,-1.0621248930692673,3.856449604034424,0.8633226592898612,0.07819661080962093,-0.63594485134921,-0.2724272608757019,4.07131814956665,0.9076881277176042,0.08110958813236047,-0.19850076240331738,-0.35487043857574463
20160328_151244_1921_1081,Clean_Control,Clean_Control,0.11593147367238998,0.05937917158007622,0.08883371949195862,0.03333510085940361,0.0010536834597587585,0.11765631660819054,-0.11660263314843178,0,0,0,0,0,0.06815660168003146,-0.16511081010199002,1.3817088984069414e-06,2.394992327292667e-07,0.12373173594526898,-3.2286682456725764,0.13799387216567993,4.570902092382312e-06,3.1889716029037957e-07,-0.1810805875176551,9.74541819175585,-0.08866071701049805,4.973924160003662,0.4166183707900296,-0.35431976833964884,-21.979667858867046,-0.011535704135894775,7.305325984954834,0.5007705514762443,-0.41740625446425406,-6.457829891353116,-0.03193199634552002
20160328_151244_1921_361,Clean_Control,Clean_Control,0.052896395325660706,0.03266167268157005,0.0851762518286705,0.029909402132034302,-0.03503212705254555,-0.3854791112244129,0.35044698417186737,0,0,0,0,0,-0.5564697083019956,-0.7329741471541703,0.0,0.0,0.0,11.420180774763358,0.0,0.0,0.0,0.0,7.904755474387734,0.0,0.0,0.0,0.0,65.34173731767137,0.0,0.0,0.0,0.0,55.208503142021115,0.0
20160328_151752_1281_361,Clean_Control,Clean_Control,0.06799037009477615,0.0526006855070591,0.1052292138338089,0.0676686242222786,-0.022170905023813248,-0.21383621916174889,0.19166531413793564,0,0,0,0,0,-0.3055730568759347,-0.4832019986799523,1.0871601716644363e-06,3.461441293510563e-07,-0.4410046108278859,1.7056829209342341,0.22176486253738403,4.092739345651353e-06,2.875729436763122e-07,0.284634053054845,-5.417108760938729,-0.07788743823766708,1.7293446063995361,0.14516929082794497,0.2918181892948152,-0.46179010987061964,0.10957050323486328,2.2912747859954834,0.24114622177045444,0.6889889897604606,-4.073606616741698,0.10757690668106079
20160328_152022_1921_361,Clean_Control,Clean_Control,0.0775815024971962,0.022838883101940155,0.15090060234069824,0.02929683029651642,-0.06686115264892578,-0.34489112347364426,0.2780299708247185,0,0,0,0,0,-0.5072118886889868,-0.7514166178410652,0.0,0.0,0.0,171.9867403374187,0.0,0.0,0.0,0.0,27.150809334519767,0.0,0.0,0.0,0.0,29.621206819113553,0.0,0.0,0.0,0.0,198.7347008509681,0.0
20160328_152022_1_721,Clean_Control,Clean_Control,0.07199187576770782,0.03200574591755867,0.07766758650541306,0.03019031509757042,-0.0074911415576934814,-0.1222604401409626,0.11476929858326912,0,0,0,0,0,-0.17237658483926033,-0.4627193470519523,6.732575457135681e-07,1.4168846162267012e-07,0.13642867569383754,0.028651837928868273,0.27479928731918335,2.4633777684357483e-06,4.168717027065628e-07,-0.04287566569014989,5.943184481871984,-0.6745646744966507,3.6121487617492676,0.689427466650061,-0.11638698902956013,5.477178073473046,-0.177168607711792,4.900837421417236,0.7136952373886803,-0.3507000407817997,23.752970533500626,-0.1418764591217041
20160328_152305_1281_361,Clean_Control,Clean_Control,0.05021686106920242,0.027794085443019867,0.08698035031557083,0.03146595507860184,-0.03309161961078644,-0.44469910860061646,0.41160748898983,0,0,0,0,0,-0.6226356589143425,-0.7742567853753934,1.1648787676676875e-06,2.972541879483151e-07,-0.24181593354634223,4.96593830641549,0.444618284702301,4.032688138977392e-06,3.0870430257258484e-07,0.4485939436120363,-10.04038891649667,-0.3254879117012024,2.613316297531128,0.24766746900603737,0.4232059867258714,-30.000652855211815,-0.04924196004867554,4.65548038482666,0.3646195227365985,0.7304639294366904,-95.18935191695974,-0.06245321035385132
20160328_152305_1281_721,Clean_Control,Clean_Control,0.3217862546443939,0.06675352901220322,0.24282246828079224,0.0341324657201767,0.046342723071575165,-0.3949686288833618,0.441311351954937,0,0,0,0,0,-0.6156275851691242,-0.7651457158624703,8.783819112068159e-07,1.6693672623859118e-07,0.026323037074947653,-0.5886779879900526,0.23364147543907166,2.9381226340774447e-06,3.57816217192618e-07,0.03699713972090035,-0.14142388943814196,-0.4769691228866577,4.99416446685791,0.972163870234642,0.17137934586821268,0.26250398380121986,-0.255679190158844,6.070202827453613,1.1361252399512605,0.11436755302241741,-1.243034919114143,-0.058455049991607666
20160328_152305_641_361,Clean_Control,Clean_Control,0.04087267071008682,0.021259378641843796,0.10074173659086227,0.02949383482336998,-0.05163460969924927,-0.40175480768084526,0.350120197981596,0,0,0,0,0,-0.5625157868143786,-0.7273611254496073,0.0,0.0,0.0,21.56329416480946,0.0,0.0,0.0,0.0,62.563150524443074,0.0,0.0,0.0,0.0,260.00383211358303,0.0,0.0,0.0,0.0,-199.00417362300286,0.0
20160328_152305_641_721,Clean_Control,Clean_Control,0.05132249370217323,0.026362434029579163,0.07429797202348709,0.03579343482851982,-0.0135444775223732,-0.19042053446173668,0.17687605693936348,0,0,0,0,0,-0.2602669404516118,-0.4623180242595979,9.93553953776427e-07,2.6383740802770346e-07,-0.4059989060010383,6.767355590083632,0.5185152888298035,3.838254997390322e-06,3.7261602330882147e-07,0.23817810221783275,-1.080099309507707,-0.2728379815816879,2.857797145843506,0.31919851712932357,0.3640430187828748,-1.9207606775000974,-0.07428425550460815,3.580883264541626,0.47524742815643667,0.37224126592275697,-3.2885521724532927,-0.06663095951080322
20160328_152511_1281_361,Clean_Control,Clean_Control,0.05628557875752449,0.03354842960834503,0.10991136729717255,0.031704481691122055,-0.05546973645687103,-0.018611565232276917,-0.036858171224594116,0,0,0,0,0,0.012560881825156911,-0.2823531616487709,9.967343430616893e-07,2.1029697979799487e-07,-0.2727283273793122,-3.380266066895177,0.36926376819610596,3.7648594570782734e-06,5.741469664132616e-07,0.258504724876756,-6.737080049664454,-0.6222428679466248,4.080930709838867,0.8635747942103765,0.25085114815214593,44.89308932555916,-0.33775490522384644,5.462562561035156,0.7904388495631051,0.1377810227512406,-6.817984643942671,-0.3237593173980713
20160328_152511_1921_361,Clean_Control,Clean_Control,0.17032374441623688,0.04293461889028549,0.08346029371023178,0.032433364540338516,0.07636219635605812,-0.08295422419905663,0.15931642055511475,0,0,0,0,0,-0.04181700434818958,-0.2583132857193096,7.78141782120656e-07,1.9881242079885674e-07,-0.18251884082835002,2.1565501131280986,0.28099048137664795,2.789652626233874e-06,4.290893750565472e-07,0.21486732487414795,-10.450399893781983,-0.32998543977737427,2.981926918029785,0.5170369330568684,0.17956529389730314,8.721563903448272,-0.09857112169265747,3.777073383331299,0.5187076897330735,0.3734059597036862,-31.928298222097165,-0.14255505800247192
20160328_152747_1281_361,Clean_Control,Clean_Control,0.06285787373781204,0.02863171324133873,0.0820523276925087,0.036595892161130905,-0.01123027503490448,0.03644363582134247,-0.04767391085624695,0,0,0,0,0,0.11880853936366648,-0.1647587523872484,7.651676128261897e-07,1.657571345076874e-07,-0.1886920458218474,23.43085548812493,0.393038272857666,2.589986252132803e-06,4.540743594305607e-07,0.095564394848771,1.0270923685379534,-0.37198418378829956,3.194519281387329,0.6293832948830588,0.14944194026487623,1.1795132400536352,-0.17018914222717285,3.1672637462615967,0.7349488689187246,0.16851179190088572,2.199113801440429,-0.13688641786575317
20160328_153548_1281_721,Clean_Control,Clean_Control,0.05739789456129074,0.03166234493255615,0.09671858698129654,0.039149027317762375,-0.031834010034799576,-0.18756777793169022,0.15573376789689064,0,0,0,0,0,-0.2769057506861839,-0.5043838706249648,9.948994375008624e-07,2.2033110076756925e-07,-0.23745157091039482,1.221822591069733,0.6809801310300827,3.503698053464177e-06,4.948904405008634e-07,0.18041013422730312,-0.8404189736214618,-0.8869630098342896,3.8845558166503906,0.6377262541938608,0.3377064535899751,-4.07913845407284,-0.26440930366516113,4.295383453369141,0.8177487017438912,0.39747533940114177,-1.8513740851642435,-0.32059764862060547
20160328_153548_641_721,Clean_Control,Clean_Control,0.028351664543151855,0.010451363399624825,0.11983775347471237,0.03153262287378311,-0.07040482945740223,-0.007952425628900528,-0.0624524038285017,0,0,0,0,0,-0.04051519319742369,-0.20576388694407838,7.238912758111837e-07,1.4970735932947068e-07,0.13339291269777376,-0.07906782120979607,0.23153424263000488,2.4150645003828686e-06,5.561023594781102e-07,-0.18283725421019836,-0.7713143184191181,-0.973113402724266,4.556410312652588,0.9701200822586471,-0.1429875551676022,-0.1691620485241596,-0.17437690496444702,3.989520788192749,0.8048304093473637,-0.09662089490025594,0.19221887541375351,-0.2506157159805298
20160328_153604_1921_361,Clean_Control,Clean_Control,0.03153093159198761,0.01141448225826025,0.06494229286909103,0.029929285869002342,-0.014896557666361332,-0.15081285312771797,0.13591629546135664,0,0,0,0,0,-0.2533728200063727,-0.4475683435483194,7.252887712638767e-07,1.520817374386239e-07,0.19617124244047024,-2.295435490855295,0.17527908086776733,2.297559149155859e-06,4.8544913381368e-07,-0.0928474032386053,-0.521763626475668,-0.6403592824935913,4.338987827301025,0.8823311101235579,-0.10742568174499312,0.22446134555463404,-0.1544538140296936,3.969712972640991,0.8830908172511048,0.04067417539058904,-0.18597762217079206,-0.17157596349716187
20160328_153604_641_721,Clean_Control,Clean_Control,0.09938900917768478,0.04933983460068703,0.10623332858085632,0.03509853780269623,-0.021085616201162338,-0.2636442482471466,0.24255863204598427,0,0,0,0,0,-0.4134909313223194,-0.5940305692032557,6.196408435243939e-07,1.3429919457870148e-07,0.19554529991144554,-0.4820341031618605,0.39012524485588074,2.1289636151777813e-06,3.3865048995433943e-07,0.08051496502646427,0.4111017811994897,-0.8333877474069595,4.172723770141602,0.7312475017922495,0.05675954020238039,-0.8595400124883996,-0.3010347783565521,4.87975549697876,1.0560750383531623,0.20752730568794875,-4.359175948999475,-0.26948225498199463
20160328_153620_1281_361,Clean_Control,Clean_Control,0.06696733832359314,0.03685019537806511,0.14060495793819427,0.029580438509583473,-0.08090737648308277,-0.2423834539949894,0.16147607751190662,0,0,0,0,0,-0.37440349946969453,-0.6127247848490981,8.694575512890879e-07,1.6769990443293172e-07,-0.11417691323746626,6.545794389051064,0.3763335943222046,3.186728008586215e-06,6.055253919832621e-07,0.09379506131192572,-0.10603178662537885,-0.8861709982156754,4.425322532653809,1.0343999067655356,0.15195168896960765,-0.23182339096852161,-0.3139185309410095,4.6848955154418945,1.3895212414952605,0.18032674721257458,0.28906727382293324,-0.5260288715362549
20160328_153629_641_361,Clean_Control,Clean_Control,0.04827459529042244,0.033091187477111816,0.2759879529476166,0.031060466542840004,-0.22974407859146595,-0.4064568243920803,0.17671274580061436,0,0,0,0,0,-0.5873031496057212,-0.7081184910022322,0.0,0.0,0.0,8.26139663785348,0.0,0.0,0.0,0.0,150.37095566323515,0.0,0.0,0.0,0.0,-141.3743468477724,0.0,0.0,0.0,0.0,13.00078274735598,0.0
20160328_153829_1921_361,Clean_Control,Clean_Control,0.042468998581171036,0.021489733830094337,0.06924859434366226,0.03058677539229393,-0.017682554200291634,-0.2605036497116089,0.24282109551131725,0,0,0,0,0,-0.41069489685013383,-0.5801720603258577,6.481830610027828e-07,1.420967155441794e-07,-0.04583502999734257,-0.6998891128457567,0.5175312012434006,2.2992107915342785e-06,3.375308181219285e-07,0.03497707027969732,-0.7032370695343593,-1.2059834897518158,3.7782135009765625,0.685659490895803,0.08401937210641786,-0.34605795306890946,-0.31229108572006226,4.576306343078613,1.0088234541846057,0.2042111109951138,-6.185355159365917,-0.3063388168811798
20160328_153829_641_361,Clean_Control,Clean_Control,0.3107890486717224,0.015805643051862717,0.24107550084590912,0.026882337406277657,0.08079024218022823,-0.2855025939643383,0.36629283614456654,0,0,0,0,0,-0.4867746849460092,-0.6532688751175165,9.75348370957363e-07,2.296392773816714e-07,-0.29154016835873053,6.898209940275999,0.5703373104333878,3.440159616729943e-06,2.9415330858536875e-07,0.11210823450705376,-0.7963761476516518,-0.23576217144727707,3.3151111602783203,0.32688794158779355,0.1403532884338332,-1.5378001969047066,-0.17611855268478394,4.687324523925781,0.48975020192388946,0.07810638595357511,8.318718866115148,-0.1996828019618988
20160329_103807_361_641,Clean_Control,Clean_Control,0.06061970815062523,0.040078431367874146,0.1832970678806305,0.035655103623867035,-0.12710068747401237,-0.368923544883728,0.24182285740971565,0,0,0,0,0,-0.13951094491825144,-0.3552099370530636,9.572213457431644e-07,1.9293122970429382e-07,-0.018504558957428086,-9.099583039998077,0.41866856813430786,3.7609233913826756e-06,5.873293301738511e-07,0.006395076645091979,-0.6455084133512754,-0.45271269977092743,3.892371892929077,0.8956620361474037,-0.00030714523618746714,-0.40414519913291636,-0.3290795087814331,5.046617031097412,1.0731955499048698,0.14027659773185297,-2.371688163086471,-0.03276944160461426
20160329_103807_721_1281,Clean_Control,Clean_Control,0.13979342579841614,0.07419139891862869,0.09108899533748627,0.03870418295264244,0.013217214494943619,-0.04836050793528557,0.06157772243022919,0,0,0,0,0,-0.06800766283492327,-0.15082492342952697,1.1660287100312416e-06,2.0450925231433079e-07,0.20971757805689595,-2.438650458612218,0.1031196117401123,3.9228989408002235e-06,3.0937431998398687e-07,-0.1309775105381783,11.94149412714738,-0.11987698078155518,4.931513786315918,0.50241600337906,-0.21397123979934363,26.9570365606807,-0.04073774814605713,7.077899932861328,0.6083083553268863,-0.2078208308644014,3.5705600273591753,0.07767987251281738
20160330_170359_1921_721,Clean_Control,Clean_Control,0.045466598123311996,0.02759096771478653,0.09249353408813477,0.041442226618528366,-0.03317567706108093,-0.3530903235077858,0.31991464644670486,0,0,0,0,0,-0.505254201233565,-0.6558565492700393,1.0835369721462484e-06,2.426455087791953e-07,-0.389591838670463,3.7519702838833333,0.6257661730051041,3.866998213197803e-06,3.244544952700126e-07,0.19568489383220822,-0.8123746911839139,-0.24867159128189087,3.558917284011841,0.3587094357173021,0.34099198570123734,-2.5426696484297624,-0.10048991441726685,3.743252992630005,0.39545585557060137,0.4075728277232685,-69.91203610702725,-0.14907053112983704
20160330_172309_641_721,Clean_Control,Clean_Control,0.2353566288948059,0.08698991686105728,0.11582508683204651,0.03035387210547924,0.06289549730718136,-0.13015098124742508,0.19304647855460644,0,0,0,0,0,-0.18007501778433033,-0.4583597116083328,0.0,0.0,0.0,-32.20507203803832,0.0,0.0,0.0,0.0,-12.539749582476976,0.0,0.0,0.0,0.0,-15.849241909875124,0.0,0.0,0.0,0.0,321.4157604606525,0.0
20160402_150314_1_721,Clean_Control,Clean_Control,0.16855500638484955,0.017798785120248795,0.14788711071014404,0.03103635460138321,0.03390546515583992,0.12181095406413078,-0.08790548890829086,0,0,0,0,0,0.25409569274139726,-0.05196809625013887,0.0,0.0,0.0,89.60451031001011,0.0,0.0,0.0,0.0,34.62268418177542,0.0,0.0,0.0,0.0,38.84195332215062,0.0,0.0,0.0,0.0,320.767572331756,0.0
20160402_151049_1281_721,Clean_Control,Clean_Control,0.07298184186220169,0.020806998014450073,0.2562688887119293,0.03340988978743553,-0.17068415507674217,-0.5017464533448219,0.33106229826807976,0,0,0,0,0,-0.7515206382434857,-0.8591906106504006,0.0,0.0,0.0,-24.60257907940224,0.0,0.0,0.0,0.0,-7.797927257005322,0.0,0.0,0.0,0.0,-11.262457657696176,0.0,0.0,0.0,0.0,593.2297191093828,0.0
20160405_171348_1281_721,Clean_Control,Clean_Control,0.09252149611711502,0.02539164014160633,0.18098676204681396,0.03303202986717224,-0.08082487620413303,-0.30273348465561867,0.22190860845148563,0,0,0,0,0,-0.4285560836756013,-0.666610330769718,1.1530271422088845e-06,1.482401679793403e-07,0.20676990849711374,-0.11868642984604154,0.01843571662902832,3.870936780003831e-06,1.990702727605287e-07,-0.0604215516789417,-0.005704594435371094,0.18360012769699097,7.2690863609313965,0.5148362274527545,-0.24348418180244136,-0.08094188360695237,0.14945292472839355,10.636831283569336,0.4871154997287592,-0.16955950067133418,0.0636817166099575,0.16936612129211426
20160405_171348_1_721,Clean_Control,Clean_Control,0.05431707948446274,0.027376830577850342,0.34154391288757324,0.031883832067251205,-0.28271983191370964,-0.1922581922262907,-0.09046163968741894,0,0,0,0,0,-0.18708358222667204,-0.4403878282011169,9.002559409054811e-07,1.6666137286850098e-07,-0.06671401909430552,0.4166381745262576,0.5708942711353302,3.1308961752074538e-06,5.027958020065262e-07,0.012119431527158553,1.8030042438735543,-0.674898587167263,3.859783887863159,0.8556192516681403,0.05046686167404224,-0.21633515823425853,-0.30118125677108765,4.734715938568115,1.2619289932637356,0.188538440896015,-2.543379454961511,-0.46787065267562866
20160405_171348_641_721,Clean_Control,Clean_Control,0.07272906601428986,0.03688813000917435,0.092926025390625,0.030722687020897865,-0.026362402364611626,-0.1232515387237072,0.09688913635909557,0,0,0,0,0,-0.41855381165907557,-0.6435914233126924,9.258424142899457e-07,1.6175451203934877e-07,0.08887398379542066,30.70059171016151,0.34143930673599243,2.886792572098784e-06,3.631366035920316e-07,-0.011548093401046344,-1.0427400870936743,-0.20995932817459106,3.856745481491089,0.6768012848097502,0.01322637123921755,1.1673136286772676,-0.14695781469345093,4.184433460235596,1.1066007123278472,0.15513153552648018,108.74009446987611,-0.06306988000869751
20160407_163130_1281_721,Clean_Control,Clean_Control,0.10660474747419357,0.011674651876091957,0.28368428349494934,0.03135187178850174,-0.15740231610834599,-0.09951088204979897,-0.05789143405854702,0,0,0,0,0,-0.19170460293364988,-0.33902624193732755,0.0,0.0,0.0,42.43124841421839,0.0,0.0,0.0,0.0,19.69529120773966,0.0,0.0,0.0,0.0,18.738793170807426,0.0,0.0,0.0,0.0,529.5492873159843,0.0
20160407_163130_1_361,Clean_Control,Clean_Control,0.032824788242578506,0.010471193119883537,0.1490708738565445,0.02847306802868843,-0.0982442107051611,-0.16852330043911934,0.07027908973395824,0,0,0,0,0,-0.24980268350335522,-0.18288818032512988,1.0471320592841948e-06,2.373248233390885e-07,-0.011683935151647895,-1.1449758243184804,0.09518009424209595,3.384642695891671e-06,3.466428935890012e-07,-0.05974433542135138,-5.231974790328166,-0.03632694482803345,3.5464460849761963,0.43188004334469293,-0.048470887889745295,-1.280698285944831,-0.02146768569946289,4.338017463684082,0.47021597541038623,0.03289031234822015,-3.9630050430141175,0.005532801151275635
20160407_165001_1281_361,Clean_Control,Clean_Control,0.0420624315738678,0.020180460065603256,0.06963979452848434,0.030695805326104164,-0.01706201769411564,-0.13372017070651054,0.1166581530123949,0,0,0,0,0,-0.1964544721996806,-0.4341576252009086,1.039588369167177e-06,2.7454364096187843e-07,-0.0784814252806113,-5.221148294649049,0.2710344195365906,3.8830980884085875e-06,2.9199854212888583e-07,0.1922145237074453,2.9554059623366227,-0.020941555500030518,2.8629324436187744,0.25383978795087847,-0.012259312033289782,3.743165510560484,0.08069849014282227,4.3723320960998535,0.33527003293625424,-0.03554288899694924,-4.32943779176318,0.12873202562332153
20160407_165001_1_1081,Clean_Control,Clean_Control,0.05491701886057854,0.0188752431422472,0.1106303483247757,0.029500192031264305,-0.045088380575180054,0.18743271380662918,-0.23252109438180923,0,0,0,0,0,0.33748609566109566,-0.01489989165154293,7.059985023261106e-07,1.6013514334022125e-07,-0.18517469997535618,1.7856048440905612,0.07074737548828125,2.3226282337418525e-06,7.801651832965429e-07,0.22459029513777162,-1.7216400061366572,-0.27497154474258423,3.1897616386413574,1.015951746621381,0.21384212060415742,-7.794629593384918,-0.0754014253616333,3.812002658843994,1.0655573610757543,0.11344793394828556,4.949619826740304,-0.0453563928604126
20160407_165001_641_721,Clean_Control,Clean_Control,0.03025289997458458,0.013470705598592758,0.09815812110900879,0.03263922408223152,-0.048736702650785446,-0.4104951322078705,0.36175842955708504,0,0,0,0,0,-0.6110716820396659,-0.7701879946276733,0.0,0.0,0.0,-78.5375212042869,0.0,0.0,0.0,0.0,11.10668279754246,0.0,0.0,0.0,0.0,13.065609363543729,0.0,0.0,0.0,0.0,46.0980572726895,0.0
IMG_2931_649_485,Clean_Control,Clean_Control,0.09012870490550995,0.02252301387488842,0.1975862830877304,0.03467416763305664,-0.09530642442405224,-0.11662633717060089,0.021319912746548653,0,0,0,0,0,-0.23925825418344693,-0.35432406654335336,6.65414233935735e-07,1.4320186035605698e-07,-0.015010773892877416,-53.57619507868678,0.21035045385360718,2.023785100391251e-06,7.019835053727122e-07,-0.06296282275489307,-0.025376406305687937,-1.0167538672685623,3.476670265197754,0.845869218966049,-0.044039459218415455,-0.07629800329094732,-0.14685893058776855,2.9899728298187256,0.7466160686145495,0.03249668881053491,0.9814160561261394,-0.08257830142974854
IMG_2941_1_485,Clean_Control,Clean_Control,0.7605794072151184,0.014976081438362598,0.661138117313385,0.03598589077591896,0.12045109923928976,0.08915999159216881,0.03129110764712095,0,0,0,0,0,-0.14804356595371515,-0.30666275741224835,0.0,0.0,0.0,-45.552027163864544,0.0,0.0,0.0,0.0,470.05028172864104,0.0,0.0,0.0,0.0,-492.1904172735887,0.0,0.0,0.0,0.0,-46.08479687150361,0.0
