case_name,candidate_b_category,thinness_score,gt_area,is_thin_66,is_thin_low_area_5,is_bm_127,gt_cc,Base_dice,Base_precision,Base_recall,Base_pred_area,Base_pred_cc,Base_signed_cc_error,Base_abs_cc_error,Base_bridge_events,Base_merged_gt_components,Base_false_bridge_rate,Base_fragmented_gt_components,Base_extra_pred_fragments,Base_breakage_rate,Base_spurious_island_count,Base_spurious_island_rate,Base_spurious_area,Base_cldice,Base_tprec,Base_tsens,Base_phenotype,A1_dice,A1_precision,A1_recall,A1_pred_area,A1_pred_cc,A1_signed_cc_error,A1_abs_cc_error,A1_bridge_events,A1_merged_gt_components,A1_false_bridge_rate,A1_fragmented_gt_components,A1_extra_pred_fragments,A1_breakage_rate,A1_spurious_island_count,A1_spurious_island_rate,A1_spurious_area,A1_cldice,A1_tprec,A1_tsens,A1_phenotype,A2_dice,A2_precision,A2_recall,A2_pred_area,A2_pred_cc,A2_signed_cc_error,A2_abs_cc_error,A2_bridge_events,A2_merged_gt_components,A2_false_bridge_rate,A2_fragmented_gt_components,A2_extra_pred_fragments,A2_breakage_rate,A2_spurious_island_count,A2_spurious_island_rate,A2_spurious_area,A2_cldice,A2_tprec,A2_tsens,A2_phenotype,B1_dice,B1_precision,B1_recall,B1_pred_area,B1_pred_cc,B1_signed_cc_error,B1_abs_cc_error,B1_bridge_events,B1_merged_gt_components,B1_false_bridge_rate,B1_fragmented_gt_components,B1_extra_pred_fragments,B1_breakage_rate,B1_spurious_island_count,B1_spurious_island_rate,B1_spurious_area,B1_cldice,B1_tprec,B1_tsens,B1_phenotype
20160222_080850_1281_361,high_quality,0.0911684385058031,20506,False,False,False,1,0.8921220723915412,0.928850416974069,0.8581878474588617,18946,1,0,0,0,0,0.0,0,0,0.0,0,0.0,0,0.9707788362646609,0.9865269461077845,0.9555256064690026,clean,0.8712153292396594,0.952598680402273,0.8026431288399479,17278,1,0,0,0,0,0.0,0,0,0.0,0,0.0,0,0.975879145615527,0.9927536231884058,0.9595687331536388,clean,0.8605450331652787,0.9482768743022671,0.7876719009066675,17033,1,0,0,0,0,0.0,0,0,0.0,0,0.0,0,0.9493712708685597,0.9726027397260274,0.9272237196765498,clean,0.8684699018825595,0.951813531736252,0.7985467667995715,17204,1,0,0,0,0,0.0,0,0,0.0,0,0.0,0,0.9680258140217072,0.9939759036144579,0.9433962264150944,clean
20160222_080850_1281_721,moderate_general_error,0.2370820668693009,1974,True,False,False,2,0.701192250371272,0.5545079552134516,0.9533941236020599,3394,1,-1,1,1,2,1.0,0,0,0.0,0,0.0,0,0.8883610451306413,0.8461538461538461,0.935,merge,0.7576104371692433,0.6910229645065094,0.8383991894587721,2395,1,-1,1,1,2,1.0,0,0,0.0,0,0.0,0,0.8869401816473536,0.8888888888888888,0.885,merge,0.7572815533963873,0.670836591084164,0.8693009118496996,2558,4,2,2,1,2,1.0,0,0,0.0,3,0.75,5,0.9012651376767472,0.8975609756097561,0.905,mixed,0.7448869752405923,0.6476974915737638,0.876393110431224,2671,1,-1,1,1,2,1.0,0,0,0.0,0,0.0,0,0.8901294256425594,0.8757396449704142,0.905,merge
20160222_080850_1921_1,missed_crack_high_fn,0.1537744641192917,1073,False,False,False,1,0.2156533422901725,0.16859243697390447,0.2991612301929249,1904,7,6,6,0,0,0.0,0,0,0.0,6,0.8571428571428571,1553,0.2180685358255452,0.1977401129943503,0.24305555555555555,island,0.5241824044195109,0.5182149362430035,0.5302889095943124,1098,8,7,7,0,0,0.0,0,0,0.0,7,0.875,506,0.4067796610169491,0.5217391304347826,0.3333333333333333,island,0.12175282078184049,0.06718146718140233,0.6486486486426035,10360,70,69,69,0,0,0.0,0,0,0.0,69,0.9857142857142858,9470,0.0739762219286658,0.04040404040404041,0.4375,island,0.29018642279231416,0.1788424019072646,0.768872320589293,4613,4,3,3,0,0,0.0,0,0,0.0,3,0.75,3537,0.3400651465798045,0.24369747899159663,0.5625,island
20160222_080850_1921_361,high_quality,0.0857653365098272,16790,False,False,False,1,0.8812726413605666,0.9353393513868703,0.8331149493741316,14955,1,0,0,0,0,0.0,0,0,0.0,0,0.0,0,0.991492652745553,1.0,0.9831288343558282,clean,0.869011598587724,0.9228812424682534,0.8210839785581768,14938,2,1,1,0,0,0.0,1,1,1.0,0,0.0,0,0.963797071017517,0.9955022488755623,0.9340490797546013,fragment,0.855321614834571,0.9307735426002446,0.7911852293026854,14272,3,2,2,0,0,0.0,1,1,1.0,1,0.3333333333333333,1,0.9344358603995777,0.9730458221024259,0.8987730061349694,mixed,0.8858404877439076,0.9271389503835609,0.8480643240018773,15358,1,0,0,0,0,0.0,0,0,0.0,0,0.0,0,0.9867909867909868,1.0,0.9739263803680982,clean
20160222_080850_1_361,boundary_margin_error,0.0827225130890052,23875,False,False,True,1,0.8402661550392211,0.8194593733823721,0.8621570680624661,25119,1,0,0,0,0,0.0,0,0,0.0,0,0.0,0,0.9554820462973207,0.944743935309973,0.9664670658682635,clean,0.8416855535967344,0.8434201118724636,0.8399581151828942,23777,1,0,0,0,0,0.0,0,0,0.0,0,0.0,0,0.9472845265547384,0.9288486416558862,0.9664670658682635,clean,0.8342733459591596,0.8291139240502899,0.8394973821986013,24174,1,0,0,0,0,0.0,0,0,0.0,0,0.0,0,0.9008662086531403,0.8510427010923535,0.9568862275449102,clean,0.844559693845366,0.8433427998660026,0.8457801047116876,23944,1,0,0,0,0,0.0,0,0,0.0,0,0.0,0,0.9493452000258114,0.9339378238341969,0.9652694610778443,clean
20160222_080850_641_361,boundary_margin_error,0.1263719418725856,16309,False,False,True,4,0.7789790611740034,0.7035498862846319,0.8725243730450226,20226,2,-2,2,1,3,0.75,1,1,0.25,0,0.0,0,0.8615559060753816,0.8201342281879195,0.9073842302878599,mixed,0.7625084899250729,0.7080464602928953,0.8260469679313103,19027,1,-3,3,1,3,0.75,0,0,0.0,0,0.0,0,0.8495333858770735,0.821236559139785,0.8798498122653317,merge,0.7738687685180297,0.7288934648310779,0.8247593353358116,18454,2,-2,2,1,3,0.75,1,1,0.25,0,0.0,0,0.8380694535658281,0.802158273381295,0.8773466833541927,mixed,0.7814476061425075,0.7240910279881119,0.8486725121093576,19115,1,-3,3,1,3,0.75,0,0,0.0,0,0.0,0,0.858581123203955,0.8394557823129252,0.8785982478097623,merge
20160222_080850_641_721,over_segmentation,0.2267371964414522,4159,True,False,False,1,0.6318772136948981,0.4696934238234616,0.9651358499616131,8546,3,2,2,0,0,0.0,0,0,0.0,2,0.6666666666666666,1401,0.7518093001481208,0.6224899598393574,0.948948948948949,island,0.7610313949716678,0.6902152641865162,0.84804039432352,5110,1,0,0,0,0,0.0,0,0,0.0,0,0.0,0,0.8845456526678445,0.8715846994535519,0.8978978978978979,clean,0.7857061308359564,0.7480434782592434,0.8273623467159718,4600,3,2,2,0,0,0.0,1,1,1.0,1,0.3333333333333333,1,0.8914665835152271,0.8765432098765432,0.9069069069069069,mixed,0.7865439403892323,0.7225689551022296,0.8629478239940781,4967,2,1,1,0,0,0.0,0,0,0.0,1,0.5,349,0.8863636363636364,0.8838526912181303,0.8888888888888888,island
20160222_115224_1281_1,thin_low_area_failure,0.4808827000236016,4237,True,True,False,10,0.5219905850702609,0.3649957678920671,0.9159782865213217,10633,4,-6,6,2,9,0.9,0,0,0.0,1,0.25,132,0.7018746652383502,0.5700365408038977,0.9130434782608695,mixed,0.582025238534486,0.4317844502792193,0.8926126976613344,8759,4,-6,6,2,9,0.9,0,0,0.0,1,0.25,39,0.6966041355394463,0.5673316708229427,0.9021739130434783,mixed,0.6263208453404165,0.5281062692361443,0.7694123200359466,6173,10,0,0,1,3,0.3,1,1,0.1,1,0.1,137,0.7299347125170677,0.6924265842349304,0.7717391304347826,mixed,0.5380075874662512,0.38301490447095826,0.9037054519686012,9997,5,-5,5,2,8,0.8,0,0,0.0,1,0.2,150,0.6994060037224392,0.5699745547073791,0.904891304347826,mixed
20160222_115224_1281_1081,high_quality,0.211038961038961,5390,True,False,False,1,0.8543991694775893,0.8004538823135022,0.9161410018535879,6169,1,0,0,0,0,0.0,0,0,0.0,0,0.0,0,0.9943502824858756,1.0,0.9887640449438202,clean,0.8488038277503839,0.876482213437003,0.8228200371042248,5060,1,0,0,0,0,0.0,0,0,0.0,0,0.0,0,0.9900022664887053,0.9940828402366864,0.9859550561797753,clean,0.8410462776651901,0.869625520109234,0.8142857142842036,5047,1,0,0,0,0,0.0,0,0,0.0,0,0.0,0,0.9886363636363636,1.0,0.9775280898876404,clean,0.8633960864315464,0.8631559428873296,0.8636363636347614,5393,1,0,0,0,0,0.0,0,0,0.0,0,0.0,0,0.9871621109698709,0.9940828402366864,0.9803370786516854,clean
20160222_115224_1281_361,false_crack_high_fp,0.4888707926167209,1842,True,False,False,6,0.4602960969037531,0.3176470588228738,0.8355048859889496,4845,5,-1,1,1,2,0.3333333333333333,1,1,0.16666666666666666,2,0.4,567,0.6171025383480278,0.4946524064171123,0.8201219512195121,mixed,0.596157578108682,0.4639081848370163,0.8338762214938443,3311,4,-2,2,1,2,0.3333333333333333,1,1,0.16666666666666666,1,0.25,59,0.7265688304672729,0.6521739130434783,0.8201219512195121,mixed,0.5402250937879528,0.4384303112299106,0.7035830618854312,2956,3,-3,3,1,2,0.3333333333333333,1,1,0.16666666666666666,0,0.0,0,0.6569860790091219,0.6615969581749049,0.6524390243902439,mixed,0.5504252733889218,0.4389534883706752,0.7377850162826396,3096,4,-2,2,1,2,0.3333333333333333,1,1,0.16666666666666666,1,0.25,134,0.6325271142457916,0.5868055555555556,0.6859756097560976,mixed
20160222_115224_1281_721,boundary_margin_error,0.2460260115606936,5536,True,False,True,4,0.7662914222286615,0.6828200056503493,0.8730130057787698,7078,2,-2,2,1,2,0.5,0,0,0.0,0,0.0,0,0.862052733612878,0.8618925831202046,0.8622129436325678,merge,0.7867060048587411,0.757014028054848,0.8188222543337811,5988,2,-2,2,1,2,0.5,0,0,0.0,0,0.0,0,0.8637210047970799,0.8673469387755102,0.860125260960334,merge,0.7812865497069496,0.7267640658987772,0.8446531791892257,6434,8,4,4,1,2,0.5,0,0,0.0,6,0.75,8,0.8479034170529266,0.8321167883211679,0.8643006263048016,mixed,0.7858648899377702,0.7370669197900063,0.8415823699406764,6321,2,-2,2,1,2,0.5,0,0,0.0,0,0.0,0,0.8749715851588897,0.8903394255874674,0.860125260960334,merge
20160222_115224_1921_1081,boundary_margin_error,0.2129629629629629,1296,True,False,True,1,0.8088094478110156,0.6897114861149173,0.9776234567825801,1837,1,0,0,0,0,0.0,0,0,0.0,0,0.0,0,0.9787234042553191,0.9583333333333334,1.0,clean,0.8367729831113067,0.8144631117544598,0.8603395061662011,1369,1,0,0,0,0,0.0,0,0,0.0,0,0.0,0,0.9788802433744808,0.9888888888888889,0.9690721649484536,clean,0.852277227719397,0.8755085435242026,0.8302469135738407,1229,3,2,2,0,0,0.0,0,0,0.0,2,0.6666666666666666,2,0.9272811486799443,0.9166666666666666,0.9381443298969072,island,0.8214285714256377,0.7646276595693842,0.887345679005499,1504,1,0,0,0,0,0.0,0,0,0.0,0,0.0,0,1.0,1.0,1.0,clean
20160222_115224_641_1,boundary_margin_error,0.2970801989034808,7843,True,False,True,4,0.7138506654631661,0.6400040448977247,0.8069616218273531,9889,4,0,0,1,2,0.5,1,1,0.25,0,0.0,0,0.854667546481388,0.8885714285714286,0.8232558139534883,mixed,0.7311601388195765,0.7113228023625813,0.7521356623731326,8293,4,0,0,1,2,0.5,1,1,0.25,0,0.0,0,0.8588667428444905,0.9178885630498533,0.8069767441860465,mixed,0.7398577196688202,0.7438144329887322,0.7359428789994442,7760,6,2,2,1,2,0.5,2,3,0.5,0,0.0,0,0.849318662447727,0.9269005847953217,0.7837209302325582,mixed,0.7273696682460146,0.6793183578613706,0.782736197882465,9037,5,1,1,1,2,0.5,1,1,0.25,1,0.2,34,0.856708717622531,0.9100145137880987,0.8093023255813954,mixed
20160222_115224_641_1081,missed_crack_high_fn,0.4877264757451782,1711,True,False,False,1,0.023726235741408783,0.016036184210493347,0.04558737580335718,4864,6,5,5,0,0,0.0,1,1,1.0,4,0.6666666666666666,4747,0.07541696881798404,0.06779661016949153,0.08496732026143791,mixed,0.009110525053922056,0.007723577235740961,0.011104617182869056,2460,7,6,6,0,0,0.0,0,0,0.0,6,0.8571428571428571,2431,0.02290575916230366,0.022935779816513763,0.02287581699346405,island,0.011272141706906165,0.007779506556995378,0.020455873757916684,4499,13,12,12,0,0,0.0,1,2,1.0,10,0.7692307692307693,4454,0.047477744807121657,0.043478260869565216,0.05228758169934641,mixed,0.017151379567454977,0.012592389816554634,0.026884862653261926,3653,8,7,7,0,0,0.0,0,0,0.0,7,0.875,3585,0.02331002331002331,0.018115942028985508,0.032679738562091505,island
20160222_115224_641_361,boundary_margin_error,0.2668284789644013,3090,True,False,True,2,0.7926045016066552,0.6762688614525005,0.9572815533949602,4374,1,-1,1,1,2,1.0,0,0,0.0,0,0.0,0,0.9135446357313876,0.8501628664495114,0.9871382636655949,merge,0.8159274479228908,0.7257373329953977,0.9317152103529718,3967,2,0,0,1,2,1.0,0,0,0.0,1,0.5,1,0.9257489742004383,0.8766233766233766,0.9807073954983923,mixed,0.8325540619508583,0.7589238145957408,0.9220064724889255,3754,1,-1,1,1,2,1.0,0,0,0.0,0,0.0,0,0.9325305242220985,0.8836477987421384,0.9871382636655949,merge,0.80410977423171,0.6905038309712317,0.9624595469224516,4307,1,-1,1,1,2,1.0,0,0,0.0,0,0.0,0,0.9362578589513811,0.8903654485049833,0.9871382636655949,merge
20160222_115224_641_721,complex_topology,0.2687742248062015,4128,True,False,False,5,0.5623659209307963,0.7652210175114045,0.44452519379737276,2398,2,-3,3,0,0,0.0,0,0,0.0,1,0.5,20,0.5159917069799586,0.9384615384615385,0.3558139534883721,island,0.5772576308705089,0.8314350797228637,0.4421027131772236,2195,3,-2,2,0,0,0.0,0,0,0.0,2,0.6666666666666666,62,0.518190446061373,0.9064748201438849,0.3627906976744186,island,0.20497271073366505,0.1326814645634625,0.45033914728573077,14011,3,-2,2,1,2,0.4,0,0,0.0,1,0.3333333333333333,1,0.31840998853357116,0.26055045871559634,0.40930232558139534,mixed,0.572990353696828,0.8518164435905745,0.4316860465105822,2092,1,-4,4,0,0,0.0,0,0,0.0,0,0.0,0,0.5197934595524957,1.0,0.3511627906976744,clean
20160222_115837_1281_1,boundary_margin_error,0.2053279476822465,5199,True,False,True,1,0.7643545432820225,0.6522152758893012,0.9230621273304038,7358,5,4,4,0,0,0.0,0,0,0.0,4,0.8,555,0.8190239238385063,0.7375886524822695,0.9206730769230769,island,0.7164643635226295,0.6015941460857159,0.8855549144049134,7653,3,2,2,0,0,0.0,0,0,0.0,2,0.6666666666666666,1579,0.724278023495507,0.5949367088607594,0.9254807692307693,island,0.7602397602391273,0.6701893439003813,0.8782458165014845,6813,3,2,2,0,0,0.0,0,0,0.0,2,0.6666666666666666,1149,0.7956928166272649,0.7121495327102804,0.9014423076923077,island,0.724940471617847,0.6034526854212232,0.9076745527968693,7820,4,3,3,0,0,0.0,0,0,0.0,3,0.75,1398,0.778018206708598,0.6736401673640168,0.9206730769230769,island
20160222_115837_1281_1081,moderate_general_error,0.3642216152945767,2563,True,False,False,4,0.6744891232687218,0.5093588211857639,0.9980491611353959,5022,1,-3,3,1,4,1.0,0,0,0.0,0,0.0,0,0.8657187993680885,0.7632311977715878,1.0,merge,0.7552698460147178,0.6122152205511096,0.9855637924269,4126,2,-2,2,1,4,1.0,0,0,0.0,1,0.5,173,0.8982558139534884,0.8153034300791556,1.0,mixed,0.740576496672963,0.5961446930019131,0.9773702692119495,4202,2,-2,2,1,4,1.0,0,0,0.0,1,0.5,447,0.8528610354223434,0.7434679334916865,1.0,mixed,0.7166408341542672,0.5608734009692085,0.9921966445532884,4534,1,-3,3,1,4,1.0,0,0,0.0,0,0.0,0,0.8748068006182381,0.7774725274725275,1.0,merge
20160222_115837_1281_361,boundary_margin_error,0.2997370727432077,3423,True,False,True,4,0.7639465191323606,0.6308775937547481,0.9681565877856613,5253,2,-2,2,1,2,0.5,0,0,0.0,0,0.0,0,0.9302931596091205,0.8936170212765957,0.970108695652174,merge,0.8374851720036411,0.7629682997099833,0.9281332164740633,4164,3,-1,1,1,2,0.5,0,0,0.0,1,0.3333333333333333,4,0.954057809261326,0.936,0.9728260869565217,mixed,0.8125822584880066,0.7394011976030194,0.9018404907949114,4175,16,12,12,0,0,0.0,0,0,0.0,13,0.8125,244,0.8629379225568531,0.7878787878787878,0.9538043478260869,island,0.7896378028294678,0.6697863682590646,0.9617294770640908,4915,2,-2,2,1,2,0.5,0,0,0.0,0,0.0,0,0.9265261110302733,0.8821989528795812,0.9755434782608695,merge
20160222_115837_1281_721,moderate_general_error,0.3732342007434944,2690,True,False,False,1,0.7372940035995883,0.5875082763173968,0.9895910780632358,4531,1,0,0,0,0,0.0,0,0,0.0,0,0.0,0,0.9518698743311048,0.912568306010929,0.9947089947089947,clean,0.8199331316656266,0.7170704539105623,0.9572490706284118,3591,1,0,0,0,0,0.0,0,0,0.0,0,0.0,0,0.9505984766050054,0.9385474860335196,0.9629629629629629,clean,0.8279797815085146,0.7374382805671291,0.9438661710002088,3443,2,1,1,0,0,0.0,1,1,1.0,0,0.0,0,0.9253136810279667,0.9021164021164021,0.9497354497354498,fragment,0.7728330424654264,0.634734830385488,0.9877323420037631,4186,1,0,0,0,0,0.0,0,0,0.0,0,0.0,0,0.9576905975305264,0.9256198347107438,0.9920634920634921,clean
20160222_164851_1281_1081,high_quality,0.0916030534351145,6288,False,False,False,2,0.8832288401246996,0.8706736711976658,0.8961513994896689,6472,1,-1,1,1,2,1.0,0,0,0.0,0,0.0,0,0.8980928530148333,0.9,0.8961937716262975,merge,0.8852406758042036,0.8872204472829278,0.8832697201003765,6260,1,-1,1,1,2,1.0,0,0,0.0,0,0.0,0,0.9138984512365181,0.9074733096085409,0.9204152249134948,merge,0.8754241396018133,0.8896551724123323,0.8616412213726755,6090,2,0,0,1,2,1.0,1,1,0.5,0,0.0,0,0.8954326708052309,0.8981481481481481,0.8927335640138409,mixed,0.8778607564435253,0.886618004864742,0.869274809158923,6165,1,-1,1,1,2,1.0,0,0,0.0,0,0.0,0,0.8989083107212721,0.9016393442622951,0.8961937716262975,merge
20160222_164851_641_1,boundary_margin_error,0.0984641638225256,11720,False,False,True,2,0.8498811183074322,0.8178949029502778,0.8844709897603374,12674,2,0,0,0,0,0.0,0,0,0.0,0,0.0,0,0.9098628347485304,0.9476190476190476,0.875,clean,0.8479391756699288,0.7984174830438595,0.9040102389070784,13270,2,0,0,0,0,0.0,0,0,0.0,0,0.0,0,0.9318194776316676,0.952914798206278,0.9116379310344828,clean,0.8518849079855276,0.848674739604667,0.855119453924185,11809,2,0,0,0,0,0.0,0,0,0.0,0,0.0,0,0.9160504567203132,0.9364161849710982,0.896551724137931,clean,0.8550629805329399,0.8210807414382492,0.8919795221835392,12732,2,0,0,0,0,0.0,0,0,0.0,0,0.0,0,0.9062904593955087,0.9552941176470588,0.8620689655172413,clean
20160222_164851_641_1081,boundary_margin_error,0.1868599338270049,6347,False,False,True,3,0.7272843206014619,0.6108611825186259,0.8985347408210201,9336,3,0,0,0,0,0.0,0,0,0.0,0,0.0,0,0.8324112215578884,0.7627811860940695,0.916030534351145,clean,0.7510690682903,0.6378342687348543,0.9131873325966391,9087,3,0,0,0,0,0.0,0,0,0.0,0,0.0,0,0.8465798812363148,0.7733598409542743,0.9351145038167938,clean,0.7737146748377435,0.6813384504669209,0.8950685363149598,8338,3,0,0,0,0,0.0,0,0,0.0,0,0.0,0,0.8710714656156,0.8095238095238095,0.9427480916030534,clean,0.7396386822524311,0.6393386152248944,0.8772648495338313,8709,3,0,0,0,0,0.0,0,0,0.0,0,0.0,0,0.814723595459877,0.7734204793028322,0.8606870229007634,clean
20160222_164851_641_361,complex_topology,0.1574813288694308,11649,False,False,False,7,0.8165886085508322,0.7290753355360294,0.9279766503554571,14827,5,-2,2,1,5,0.7142857142857143,1,1,0.14285714285714285,2,0.4,19,0.8648138591964615,0.8209606986899564,0.9136163982430454,mixed,0.8243981232209736,0.7467428412173436,0.9200789767354106,14353,4,-3,3,1,5,0.7142857142857143,1,1,0.14285714285714285,1,0.25,20,0.8367835116455443,0.7750342935528121,0.9092240117130308,mixed,0.8305681640316048,0.7631408643123871,0.9110653274951402,13907,7,0,0,1,5,0.7142857142857143,1,1,0.14285714285714285,4,0.5714285714285714,145,0.8314398141649423,0.7845161290322581,0.8843338213762811,mixed,0.8222999163940022,0.737742925331921,0.928749248861766,14665,4,-3,3,1,5,0.7142857142857143,1,1,0.14285714285714285,1,0.25,98,0.8571145250678527,0.8071942446043165,0.9136163982430454,mixed
20160222_164851_641_721,high_quality,0.1264132020423048,10968,False,False,False,3,0.8613258086938774,0.7809417871703515,0.9601568198386577,13485,3,0,0,1,2,0.6666666666666666,0,0,0.0,1,0.3333333333333333,105,0.9445949874791385,0.902229845626072,0.9911347517730497,mixed,0.8673112185360613,0.7987411728578455,0.948760029174919,13028,5,2,2,0,0,0.0,0,0,0.0,2,0.4,163,0.9412704582387305,0.8961832061068702,0.9911347517730497,island,0.8694572847111498,0.8193772184569059,0.9260576221727516,12396,3,0,0,1,2,0.6666666666666666,0,0,0.0,1,0.3333333333333333,6,0.9467191535240579,0.9076005961251863,0.9893617021276596,mixed,0.8619181247933055,0.7873190591067646,0.9521334792113857,13264,4,1,1,1,2,0.6666666666666666,0,0,0.0,2,0.5,240,0.9516233620517551,0.9151414309484193,0.9911347517730497,mixed
20160222_165225_1281_361,boundary_margin_error,0.1999483003748222,7737,False,False,True,1,0.8001498608430742,0.6828354800395698,0.9661367455073464,10947,1,0,0,0,0,0.0,0,0,0.0,0,0.0,0,0.978405315614618,0.9577235772357724,1.0,clean,0.8098172893368912,0.7005095300993578,0.9595450432971959,10598,1,0,0,0,0,0.0,0,0,0.0,0,0.0,0,0.9827160493827161,0.9660194174757282,1.0,clean,0.8306410183224895,0.7438151707209734,0.9404161819814651,9782,1,0,0,0,0,0.0,0,0,0.0,0,0.0,0,0.9760765550239235,0.9532710280373832,1.0,clean,0.8077770434011854,0.7038103464817124,0.9477833785692804,10419,1,0,0,0,0,0.0,0,0,0.0,0,0.0,0,0.9809444904722453,0.9626016260162602,1.0,clean
20160222_165225_1281_721,boundary_margin_error,0.2282303370786516,1424,True,False,True,1,0.7587443946165658,0.6605934409127507,0.8911516853870004,1921,1,0,0,0,0,0.0,0,0,0.0,0,0.0,0,0.9192390071815546,0.9661016949152542,0.8767123287671232,clean,0.7840301791864696,0.7097324985730806,0.8757022471848617,1757,1,0,0,0,0,0.0,0,0,0.0,0,0.0,0,0.9304029304029303,1.0,0.8698630136986302,clean,0.7535449020906363,0.7256176853008738,0.7837078651630358,1538,5,4,4,0,0,0.0,0,0,0.0,4,0.8,4,0.8256622959593256,0.8225806451612904,0.8287671232876712,island,0.7453013609826789,0.6919374247852471,0.8075842696572502,1662,1,0,0,0,0,0.0,0,0,0.0,0,0.0,0,0.864525527192009,0.9035087719298246,0.8287671232876712,clean
20160222_165225_1921_721,moderate_general_error,0.2592849437509631,6489,True,False,False,2,0.6667761537194575,0.5170657157407734,0.9385113268593951,11778,1,-1,1,1,2,1.0,0,0,0.0,0,0.0,0,0.8889662337114441,0.8220858895705522,0.9676923076923077,merge,0.6615367458455105,0.5183049366531076,0.9141624287241268,11445,1,-1,1,1,2,1.0,0,0,0.0,0,0.0,0,0.8669595908665274,0.8033282904689864,0.9415384615384615,merge,0.7074982830737919,0.5946683459271676,0.8731699799647509,9528,4,2,2,1,2,1.0,1,1,0.5,2,0.5,5,0.8556344912989639,0.7973760932944607,0.9230769230769231,mixed,0.6772173517017663,0.5369684932738674,0.9166281399276982,11077,2,0,0,1,2,1.0,0,0,0.0,1,0.5,36,0.8734222130799788,0.8044117647058824,0.9553846153846154,mixed
20160222_165225_1_361,boundary_margin_error,0.2254006091908356,7551,True,False,True,1,0.7850269759159102,0.6767357115451891,0.9345782015614692,10428,1,0,0,0,0,0.0,0,0,0.0,0,0.0,0,0.9415532425940752,0.8895612708018155,1.0,clean,0.7866408405231046,0.7064094454978848,0.8874321281937658,9486,2,1,1,0,0,0.0,1,1,1.0,0,0.0,0,0.9250188268979184,0.8885448916408669,0.9646153846153847,fragment,0.7727299236013455,0.6903918299284176,0.8773672361265032,9596,2,1,1,0,0,0.0,1,1,1.0,0,0.0,0,0.9087426467698193,0.8728682170542635,0.9476923076923077,fragment,0.7725438945390235,0.6765525477700273,0.9002781088585614,10048,2,1,1,0,0,0.0,1,1,1.0,0,0.0,0,0.9167679821246673,0.8759811616954474,0.9615384615384616,fragment
20160222_165225_641_361,boundary_margin_error,0.2441635417926696,8267,True,False,True,4,0.7966542956844864,0.7348252605755826,0.8698439579038709,9786,2,-2,2,0,0,0.0,1,1,0.25,0,0.0,0,0.9292980544987198,0.9795640326975477,0.8839390386869871,fragment,0.8018223234619463,0.775242828099418,0.8302891012449131,8854,3,-1,1,0,0,0.0,1,2,0.25,0,0.0,0,0.9110032053893534,0.9648648648648649,0.8628370457209847,fragment,0.8018012608821363,0.7960181211244682,0.8076690456020228,8388,3,-1,1,0,0,0.0,1,1,0.25,1,0.3333333333333333,10,0.8992587088441872,0.9591280653950953,0.8464243845252052,mixed,0.8011718970078308,0.7498418055254694,0.8600459658874319,9482,4,0,0,0,0,0.0,1,3,0.25,0,0.0,0,0.9240477404158829,0.9722222222222222,0.88042203985932,fragment
20160222_165402_1281_1,high_quality,0.1182764603817235,8645,False,False,False,1,0.925141631372903,0.8819211409386724,0.9728166570260579,9536,1,0,0,0,0,0.0,0,0,0.0,0,0.0,0,0.9974874371859296,1.0,0.9949874686716792,clean,0.9228718973841286,0.887441264415968,0.9612492770376387,9364,1,0,0,0,0,0.0,0,0,0.0,0,0.0,0,0.9948797771679023,0.997289972899729,0.9924812030075187,clean,0.9235686648343387,0.8962777535906657,0.9525737420463243,9188,1,0,0,0,0,0.0,0,0,0.0,0,0.0,0,0.9859443955390509,0.9770642201834863,0.9949874686716792,clean,0.9306442577025599,0.9023356871255813,0.960786581838102,9205,1,0,0,0,0,0.0,0,0,0.0,0,0.0,0,0.9962264150943396,1.0,0.9924812030075187,clean
20160222_165402_1281_361,high_quality,0.1168698029388313,8779,False,False,False,2,0.8715179652801415,0.7823683972086777,0.9835972206390435,11037,1,-1,1,1,2,1.0,0,0,0.0,0,0.0,0,0.9089459446043879,0.834841628959276,0.9974874371859297,merge,0.8819390951569445,0.8029736300721871,0.9781296275191045,10694,1,-1,1,1,2,1.0,0,0,0.0,0,0.0,0,0.9083233693662917,0.8355555555555556,0.9949748743718593,merge,0.8940560356109484,0.8274525009685658,0.9723203098291692,10316,1,-1,1,1,2,1.0,0,0,0.0,0,0.0,0,0.9186348874095014,0.8531746031746031,0.9949748743718593,merge,0.892625460583895,0.8198284080068448,0.979610433989088,10490,1,-1,1,1,2,1.0,0,0,0.0,0,0.0,0,0.9175290193788614,0.849438202247191,0.9974874371859297,merge
20160222_165402_641_1081,high_quality,0.0648756895639688,13233,False,False,False,1,0.9350977622478124,0.920184358767342,0.9505025315491947,13669,1,0,0,0,0,0.0,0,0,0.0,0,0.0,0,0.9987228607918263,0.9974489795918368,1.0,clean,0.9292015381131986,0.9271044910848363,0.9313080934021527,13293,1,0,0,0,0,0.0,0,0,0.0,0,0.0,0,0.9949238578680203,0.98989898989899,1.0,clean,0.9287918705303241,0.9251705780903312,0.9324416232139858,13337,3,2,2,0,0,0.0,0,0,0.0,2,0.6666666666666666,2,0.9928741092636578,0.9858490566037735,1.0,island,0.9265048470726209,0.9213810627001559,0.9316859366727638,13381,1,0,0,0,0,0.0,0,0,0.0,0,0.0,0,1.0,1.0,1.0,clean
20160222_165402_641_721,high_quality,0.0926559911651021,9055,False,False,False,1,0.8715372610218145,0.7804175037114329,0.9867476532291697,11449,1,0,0,0,0,0.0,0,0,0.0,0,0.0,0,0.9858356940509915,0.9720670391061452,1.0,clean,0.877604039017265,0.7890005288200344,0.9886250690215476,11346,1,0,0,0,0,0.0,0,0,0.0,0,0.0,0,0.9719626168224299,0.9454545454545454,1.0,clean,0.8965448071807348,0.8211464266022219,0.9871893981214939,10886,1,0,0,0,0,0.0,0,0,0.0,0,0.0,0,0.974472807991121,0.9502164502164502,1.0,clean,0.8892983417156071,0.809813168872837,0.9860850358906834,11026,1,0,0,0,0,0.0,0,0,0.0,0,0.0,0,0.974496644295302,0.9502617801047121,1.0,clean
20160222_165926_1281_361,false_crack_high_fp,0.6067073170731707,1312,True,False,False,2,0.4717763751118634,0.3090007087164919,0.9969512195045965,4233,3,1,1,1,2,1.0,0,0,0.0,2,0.6666666666666666,53,0.7818791946308724,0.6418732782369146,1.0,mixed,0.5045358038978874,0.33781338847160036,0.9961890243826511,3869,2,0,0,1,2,1.0,0,0,0.0,1,0.5,451,0.7584097859327217,0.6108374384236454,1.0,mixed,0.5707381370813472,0.4009259259246885,0.9900914634070878,3240,1,-1,1,1,2,1.0,0,0,0.0,0,0.0,0,0.8227642276422765,0.6988950276243094,1.0,merge,0.48805970149162675,0.32312252964347055,0.9969512195045965,4048,3,1,1,1,2,1.0,0,0,0.0,2,0.6666666666666666,258,0.7687296416938111,0.6243386243386243,1.0,mixed
20160222_165926_1281_721,moderate_general_error,0.3370259906263315,4694,True,False,False,1,0.7043947571312996,0.5519574673748767,0.9731572219834402,8276,1,0,0,0,0,0.0,0,0,0.0,0,0.0,0,0.8784226926164633,0.7853881278538812,0.9964601769911504,clean,0.7429524603830333,0.6104714912272334,0.9488708990180041,7296,1,0,0,0,0,0.0,0,0,0.0,0,0.0,0,0.8856198693123196,0.796969696969697,0.9964601769911504,clean,0.762454116412548,0.6464137522219229,0.9292714103090557,6748,1,0,0,0,0,0.0,0,0,0.0,0,0.0,0,0.9034764552213812,0.8275862068965517,0.9946902654867257,clean,0.7203248149026985,0.5750603787967776,0.963783553470465,7867,1,0,0,0,0,0.0,0,0,0.0,0,0.0,0,0.8854451426082588,0.7966867469879518,0.9964601769911504,clean
20160222_165926_1921_721,moderate_general_error,0.3830092118730808,4885,True,False,False,4,0.7147227233502904,0.5793489318405655,0.9326509723624715,7864,1,-3,3,1,4,1.0,0,0,0.0,0,0.0,0,0.9142003343269154,0.8810641627543035,0.9499263622974963,merge,0.7586089618223292,0.6487783595104003,0.9132036847473629,6876,1,-3,3,1,4,1.0,0,0,0.0,0,0.0,0,0.936338145186416,0.9245283018867925,0.9484536082474226,merge,0.7608103506973435,0.6511729564320979,0.9148413510728458,6863,2,-2,2,1,4,1.0,0,0,0.0,1,0.5,1,0.9313510611575458,0.9190031152647975,0.9440353460972017,mixed,0.7444721529503371,0.6267319804050011,0.916683725689014,7145,1,-3,3,1,4,1.0,0,0,0.0,0,0.0,0,0.928804290671995,0.909952606635071,0.9484536082474226,merge
20160222_165926_1_1081,over_segmentation,0.4370314842578711,1334,True,False,False,4,0.5761709868108773,0.4135117493459089,0.9497751124366585,3064,3,-1,1,0,0,0.0,0,0,0.0,0,0.0,0,0.7379493060223813,0.6417910447761194,0.868,clean,0.6397019691308151,0.4958745874567002,0.9010494752556144,2424,4,0,0,0,0,0.0,0,0,0.0,1,0.25,3,0.7869087097196883,0.7370517928286853,0.844,island,0.6531073446309235,0.5240253853104079,0.8665667166351833,2206,3,-1,1,0,0,0.0,0,0,0.0,0,0.0,0,0.7763476881033191,0.7339055793991416,0.824,clean,0.6289951419058323,0.4772991850971001,0.9220389805028334,2577,3,-1,1,0,0,0.0,0,0,0.0,0,0.0,0,0.7827789050810633,0.7298387096774194,0.844,clean
20160222_165926_1_721,over_segmentation,0.4256317689530686,2770,True,False,False,5,0.6073697585761726,0.44657720400807444,0.9490974729207614,5887,4,-1,1,1,2,0.4,0,0,0.0,0,0.0,0,0.827128263337117,0.7559912854030502,0.9130434782608695,merge,0.6771694892993604,0.5320817000195336,0.9310469314045811,4847,5,0,0,1,2,0.4,0,0,0.0,1,0.2,87,0.8197499725847132,0.7541666666666667,0.8978260869565218,mixed,0.6734300757664397,0.5226230815217807,0.9465703971084962,5017,4,-1,1,1,2,0.4,0,0,0.0,0,0.0,0,0.8380148251036964,0.772823779193206,0.9152173913043479,merge,0.6338744850973662,0.477024070021012,0.9444043321265545,5484,4,-1,1,1,2,0.4,0,0,0.0,0,0.0,0,0.8147098496358035,0.7397849462365591,0.9065217391304348,merge
20160222_165926_641_1,moderate_general_error,0.3096763857737905,3121,True,False,False,1,0.6986666666658565,0.5474200581385403,0.9653957065012323,5504,3,2,2,0,0,0.0,0,0,0.0,2,0.6666666666666666,392,0.8920758879969807,0.8087167070217918,0.9945945945945946,island,0.700796626053537,0.552354570636099,0.958346683752136,5415,5,4,4,0,0,0.0,0,0,0.0,4,0.8,624,0.8771929824561403,0.78125,1.0,island,0.734514386228503,0.6041752790396772,0.9365587952549294,4838,4,3,3,0,0,0.0,0,0,0.0,3,0.75,349,0.8870278056152585,0.7987152034261242,0.9972972972972973,island,0.738124238732353,0.5954018471200719,0.970842678625534,5089,1,0,0,0,0,0.0,0,0,0.0,0,0.0,0,0.98,0.9607843137254902,1.0,clean
20160222_165926_641_361,over_segmentation,0.3600258314497901,3097,True,False,False,2,0.6513507764298538,0.48564631244966594,0.9886987407136303,6305,2,0,0,1,2,1.0,0,0,0.0,1,0.5,137,0.9146067415730337,0.8426501035196687,1.0,mixed,0.6614259198595245,0.49967007588172274,0.9780432676752404,6062,3,1,1,1,2,1.0,0,0,0.0,2,0.6666666666666666,510,0.8731781852374236,0.780439121756487,0.9909297052154195,mixed,0.6626781246593465,0.49967191600967903,0.9835324507556231,6096,3,1,1,1,2,1.0,0,0,0.0,2,0.6666666666666666,548,0.8563087901394745,0.75,0.9977324263038548,mixed,0.6630024787146642,0.4975736007756429,0.9932192444268866,6182,1,-1,1,1,2,1.0,0,0,0.0,0,0.0,0,0.9298043728423475,0.8688172043010752,1.0,merge
20160222_165926_641_721,moderate_general_error,0.3664838081755441,5651,True,False,False,2,0.7325715058484464,0.5927992996272786,0.95859139975056,9138,2,0,0,0,0,0.0,0,0,0.0,0,0.0,0,0.9183182219369332,0.859395532194481,0.9859154929577465,clean,0.7706556895025208,0.659122343768818,0.9276234294798662,7953,2,0,0,0,0,0.0,0,0,0.0,0,0.0,0,0.9225994637648421,0.8669250645994832,0.9859154929577465,clean,0.7756728311526269,0.6742909423595944,0.9129357635800515,7651,3,1,1,0,0,0.0,1,1,0.5,0,0.0,0,0.9101444511818476,0.8681022880215343,0.9564660691421255,fragment,0.7455320318939059,0.6095313026856136,0.9596531587312694,8897,2,0,0,0,0,0.0,0,0,0.0,0,0.0,0,0.919796507460206,0.8562005277044855,0.9935979513444302,clean
20160302_155857_1281_1,boundary_margin_error,0.1725422496819916,5503,False,False,True,2,0.6762485948284276,0.6058121133641119,0.7652189714687166,6951,3,1,1,0,0,0.0,1,1,0.5,0,0.0,0,0.8517310055510826,0.872093023255814,0.8322981366459627,fragment,0.6081353827040769,0.53083073587135,0.7117935671439001,7379,4,2,2,1,2,1.0,1,2,0.5,1,0.25,9,0.7279170471084915,0.6545064377682404,0.8198757763975155,mixed,0.6151950718680779,0.5613009592317726,0.6805378884232591,6672,4,2,2,1,2,1.0,1,1,0.5,2,0.5,7,0.7274906237875587,0.694331983805668,0.7639751552795031,mixed,0.6230636833040514,0.6575176589290463,0.592040705068886,4955,4,2,2,0,0,0.0,1,2,0.5,0,0.0,0,0.7371611039925153,0.7961165048543689,0.6863354037267081,fragment
20160302_155857_1281_361,boundary_margin_error,0.1784902802322645,7922,False,False,True,1,0.7412061595505273,0.6260113092643531,0.9083564756363187,11495,2,1,1,0,0,0.0,0,0,0.0,1,0.5,312,0.889350055887961,0.8061041292639138,0.9917695473251029,island,0.7975969280312166,0.7829523346293981,0.8127997980297743,8224,4,3,3,0,0,0.0,1,1,1.0,2,0.5,111,0.9435284317808756,0.9325842696629213,0.9547325102880658,mixed,0.7073310126249767,0.6010596026484758,0.8592527139600363,11325,11,10,10,0,0,0.0,1,1,1.0,9,0.8181818181818182,164,0.7314549259747307,0.5912408759124088,0.9588477366255144,mixed,0.7846632883565634,0.7598439162814711,0.8111587982822379,8457,3,2,2,0,0,0.0,1,1,1.0,1,0.3333333333333333,245,0.9313454813178722,0.9166666666666666,0.9465020576131687,mixed
20160302_155857_1281_721,false_crack_high_fp,0.1766639276910435,1217,False,False,False,1,0.347714285713789,0.21044440601727402,0.9999999999917831,5783,1,0,0,0,0,0.0,0,0,0.0,0,0.0,0,0.368,0.22549019607843138,1.0,clean,0.43232640250994053,0.2839474362270447,0.9055053409950247,3881,4,3,3,0,0,0.0,0,0,0.0,3,0.75,1404,0.4091039632395175,0.2624113475177305,0.927710843373494,island,0.5152164594931092,0.34850681356814,0.9876746096878581,3449,3,2,2,0,0,0.0,0,0,0.0,2,0.6666666666666666,643,0.6185567010309279,0.44776119402985076,1.0,island,0.5194264569830725,0.36144190537379645,0.9227608874205198,3107,5,4,4,0,0,0.0,0,0,0.0,4,0.8,626,0.4921135646687697,0.3333333333333333,0.9397590361445783,island
20160302_155857_1_721,high_quality,0.0866095022380413,18543,False,False,False,1,0.8793461338866427,0.8473771065655611,0.9138219274114685,19997,1,0,0,0,0,0.0,0,0,0.0,0,0.0,0,0.9724751666893455,0.9833564493758669,0.9618320610687023,clean,0.8703143061592805,0.8887077735928903,0.8526667745236193,17791,1,0,0,0,0,0.0,0,0,0.0,0,0.0,0,0.9390439158279964,0.971830985915493,0.9083969465648855,clean,0.8661609982870169,0.8733552631574159,0.859084290567406,18240,1,0,0,0,0,0.0,0,0,0.0,0,0.0,0,0.9296755492691746,0.9421182266009852,0.917557251908397,clean,0.8761250657728334,0.9004895821468174,0.8530442754673715,17566,1,0,0,0,0,0.0,0,0,0.0,0,0.0,0,0.953550984355625,0.9907038512616202,0.9190839694656489,clean
20160302_155857_641_721,moderate_general_error,0.1462842242503259,11505,False,False,False,3,0.7035745143842351,0.5567767423011767,0.9554976097340673,19744,1,-2,2,1,3,1.0,0,0,0.0,0,0.0,0,0.8119418600306393,0.6973684210526315,0.9715639810426541,merge,0.7389291394236653,0.6226325193563891,0.9086484137323696,16790,1,-2,2,1,3,1.0,0,0,0.0,0,0.0,0,0.8477260139014319,0.7528373266078184,0.9699842022116903,merge,0.7139750938918383,0.5748846092627858,0.9418513689691943,18849,2,-1,1,1,3,1.0,0,0,0.0,1,0.5,434,0.8454096970631312,0.7482517482517482,0.9715639810426541,mixed,0.7519233560746291,0.645442651547788,0.9004780530196431,16051,2,-1,1,1,3,1.0,0,0,0.0,1,0.5,542,0.8702129164773156,0.7890520694259012,0.9699842022116903,mixed
20160307_144202_1281_361,over_segmentation,0.2622820919175911,6310,True,False,False,10,0.5991654782651459,0.44933850907038786,0.8988906497608575,12623,2,-8,8,1,5,0.5,0,0,0.0,0,0.0,0,0.744680071786983,0.6741379310344827,0.8317107093184979,merge,0.6288336691288176,0.48607025436884743,0.8903328050699044,11558,2,-8,8,1,5,0.5,0,0,0.0,0,0.0,0,0.7153727484350607,0.6324237560192616,0.8233657858136301,merge,0.6171926726988428,0.47342136448241623,0.8863708399352038,11814,4,-6,6,1,5,0.5,0,0,0.0,2,0.5,106,0.7088714633795512,0.6280120481927711,0.8136300417246175,mixed,0.6056012471103555,0.45822825998498473,0.8927099841507247,12293,2,-8,8,1,5,0.5,0,0,0.0,0,0.0,0,0.7303434335485838,0.6544502617801047,0.8261474269819193,merge
20160307_144202_1281_721,thin_low_area_failure,0.2334815756035578,3148,True,True,False,5,0.5274374895112205,0.35838084378522417,0.998411689958709,8770,1,-4,4,1,5,1.0,0,0,0.0,0,0.0,0,0.6128048780487805,0.44175824175824174,1.0,merge,0.5496075491661084,0.38041753143647855,0.9898348157528912,8191,3,-2,2,1,4,0.8,0,0,0.0,1,0.3333333333333333,216,0.6074262832180561,0.43736730360934184,0.9938650306748467,mixed,0.6127852978948594,0.4447153305600965,0.9850698856385481,6973,4,-1,1,1,4,0.8,0,0,0.0,2,0.5,6,0.7051745105748746,0.5502283105022832,0.9815950920245399,mixed,0.6001956947156554,0.43368212669621936,0.9742693773793702,7072,2,-3,3,1,4,0.8,0,0,0.0,0,0.0,0,0.6989048271888786,0.5535248041775457,0.9478527607361963,merge
20160307_144202_1921_361,over_segmentation,0.2105374345107317,11834,True,False,False,5,0.6319417421755985,0.47084161696468235,0.9606219367914816,24144,1,-4,4,1,3,0.6,0,0,0.0,0,0.0,0,0.7812660573917136,0.671251719394773,0.9344106463878327,merge,0.5952907506177715,0.4300590203374196,0.9667061010639117,26601,1,-4,4,1,3,0.6,0,0,0.0,0,0.0,0,0.7222625090645396,0.5838218053927315,0.9467680608365019,merge,0.6410452625908679,0.48228069427247117,0.9556363021793512,23449,1,-4,4,1,3,0.6,0,0,0.0,0,0.0,0,0.708135846468506,0.5711519845111326,0.9315589353612167,merge,0.5823833676491281,0.4142969419832758,0.9799729592690721,27992,1,-4,4,1,3,0.6,0,0,0.0,0,0.0,0,0.6842382157780355,0.5297941495124594,0.9657794676806084,merge
20160307_144202_1_361,complex_topology,0.1351595813412585,15478,False,False,False,7,0.7902507871021631,0.6813629130390895,0.9405607959678637,21366,1,-6,6,1,6,0.8571428571428571,0,0,0.0,0,0.0,0,0.8422821525852126,0.787833827893175,0.9048152295632699,merge,0.8040759352314897,0.707944154950001,0.9304173665842289,20342,1,-6,6,1,6,0.8571428571428571,0,0,0.0,0,0.0,0,0.8434215118370073,0.7889784946236559,0.9059350503919373,merge,0.810772299800282,0.7253212318984675,0.919046388421683,19612,3,-4,4,1,4,0.5714285714285714,0,0,0.0,1,0.3333333333333333,1,0.8549519323480353,0.8213866039952996,0.8913773796192609,mixed,0.7979105632632807,0.6972082689332026,0.9326140328201753,20704,1,-6,6,1,6,0.8571428571428571,0,0,0.0,0,0.0,0,0.8421581446168158,0.7893217893217893,0.9025755879059351,merge
20160307_144202_641_361,complex_topology,0.1944141689373297,11010,False,False,False,10,0.7003672213581564,0.5508143830980118,0.9613987284278279,19217,2,-8,8,1,10,1.0,0,0,0.0,1,0.5,495,0.8573338935114974,0.7689243027888446,0.9687150837988827,mixed,0.7037737727768251,0.5545269104029737,0.9629427792906785,19119,2,-8,8,1,10,1.0,0,0,0.0,1,0.5,506,0.839364732160295,0.7347188264058679,0.9787709497206704,mixed,0.7151649682168919,0.5678577151094547,0.965667574931003,18723,3,-7,7,1,10,1.0,0,0,0.0,2,0.6666666666666666,310,0.8232369755226316,0.7109458023379384,0.9776536312849162,mixed,0.6933966869526171,0.540295176750753,0.9675749318792302,19717,2,-8,8,1,10,1.0,0,0,0.0,1,0.5,631,0.8393991524981941,0.7347715736040609,0.9787709497206704,mixed
20160307_145059_1281_361,boundary_margin_error,0.1153520530548892,14174,False,False,True,4,0.8437020205119315,0.7469551979117296,0.9692394525180124,18392,3,-1,1,1,2,0.5,0,0,0.0,1,0.3333333333333333,11,0.8574064743258364,0.7943786982248521,0.9312977099236641,mixed,0.8500515770057672,0.763147555704797,0.9592916607866803,17817,2,-2,2,1,3,0.75,0,0,0.0,1,0.5,4,0.8696104561562201,0.8191330343796711,0.9267175572519084,mixed,0.8419490477365688,0.7493670886071825,0.9606321433604059,18170,1,-3,3,1,3,0.75,0,0,0.0,0,0.0,0,0.8570543062777645,0.7937743190661478,0.9312977099236641,merge,0.8575434660681568,0.7679129464281429,0.9708621419493644,17920,2,-2,2,1,2,0.5,0,0,0.0,0,0.0,0,0.8868515766290043,0.8541666666666666,0.9221374045801527,merge
20160307_145059_1281_721,boundary_margin_error,0.2525946893112279,7419,True,False,True,3,0.7456438808120704,0.6037231822350749,0.9747944466896148,11979,2,-1,1,1,2,0.6666666666666666,0,0,0.0,0,0.0,0,0.9039801053661297,0.844062947067239,0.9730538922155688,merge,0.8248360607308886,0.7342238115263627,0.9409623938523508,9508,3,0,0,0,0,0.0,0,0,0.0,1,0.3333333333333333,1,0.9407731708443658,0.9199372056514914,0.9625748502994012,island,0.8340233804183913,0.7605774569675062,0.9231702385753833,9005,2,-1,1,0,0,0.0,0,0,0.0,0,0.0,0,0.9241385828541652,0.9100946372239748,0.938622754491018,clean,0.8100383010342365,0.7032956124670405,0.9549804555857191,10074,2,-1,1,0,0,0.0,0,0,0.0,0,0.0,0,0.9467830970550652,0.9329073482428115,0.9610778443113772,clean
20160307_145059_1921_1081,boundary_margin_error,0.2011801585838097,5423,True,False,True,3,0.7508874504066604,0.603085867620077,0.9946524064152782,8944,2,-1,1,1,2,0.6666666666666666,0,0,0.0,0,0.0,0,0.929570643979,0.87468671679198,0.9918032786885246,merge,0.7700843000210605,0.6319772942282025,0.9854324174792819,8456,1,-2,2,1,3,1.0,0,0,0.0,0,0.0,0,0.8560064252113053,0.7560975609756098,0.9863387978142076,merge,0.8472769028864441,0.7630373762730639,0.9524248570884153,6769,4,1,1,1,2,0.6666666666666666,1,1,0.3333333333333333,1,0.25,71,0.9149638599917113,0.8702830188679245,0.9644808743169399,mixed,0.7788831602637579,0.6424293243883056,0.9889360132749605,8348,1,-2,2,1,3,1.0,0,0,0.0,0,0.0,0,0.9017742007203521,0.8325123152709359,0.9836065573770492,merge
20160307_145059_1921_361,high_quality,0.1182398646049696,12999,False,False,False,1,0.862267394065891,0.8383346654066421,0.8876067389792387,13763,1,0,0,0,0,0.0,0,0,0.0,0,0.0,0,0.9341581153810598,0.8967065868263473,0.9748743718592965,clean,0.8602633381532612,0.851193613976315,0.8695284252628128,13279,1,0,0,0,0,0.0,0,0,0.0,0,0.0,0,0.9289371938487921,0.9074889867841409,0.9514237855946399,clean,0.8569730115321773,0.8837665522307636,0.8317562889446636,12234,4,3,3,0,0,0.0,0,0,0.0,3,0.75,355,0.9225476445213999,0.9013888888888889,0.9447236180904522,island,0.8765786238494666,0.8498266396988949,0.9050696207393606,13844,1,0,0,0,0,0.0,0,0,0.0,0,0.0,0,0.9389011446854653,0.904047976011994,0.9765494137353434,clean
20160307_145059_1921_721,boundary_margin_error,0.1807985182136242,4859,False,False,True,3,0.7958788305734449,0.6955517931342227,0.9300267544743157,6497,2,-1,1,1,2,0.6666666666666666,0,0,0.0,0,0.0,0,0.8915416135544261,0.8646864686468647,0.9201183431952663,merge,0.8216939078744225,0.7486884413593693,0.9104754064603613,5909,3,0,0,1,2,0.6666666666666666,0,0,0.0,1,0.3333333333333333,20,0.9091495079819722,0.9041533546325878,0.9142011834319527,mixed,0.8389705157274046,0.8053767512290697,0.8754887836985481,5282,3,0,0,1,2,0.6666666666666666,0,0,0.0,1,0.3333333333333333,1,0.8955972739055902,0.8860759493670886,0.9053254437869822,mixed,0.8256812933017776,0.7490781092846982,0.9197365713090765,5966,2,-1,1,1,2,0.6666666666666666,0,0,0.0,0,0.0,0,0.9039038409095677,0.8910256410256411,0.9171597633136095,merge
20160307_145059_1_361,high_quality,0.1368642143505903,8808,False,False,False,1,0.9049401592234381,0.8447681858442319,0.9743415077191481,10159,1,0,0,0,0,0.0,0,0,0.0,0,0.0,0,0.9581944936783646,0.9238095238095239,0.9952380952380953,clean,0.9009706677977505,0.8454952712784016,0.9642370572196136,10045,1,0,0,0,0,0.0,0,0,0.0,0,0.0,0,0.9464239486343554,0.9002267573696145,0.9976190476190476,clean,0.9045744680846252,0.8509807846268505,0.9653723887364153,9992,2,1,1,0,0,0.0,0,0,0.0,1,0.5,1,0.95714471047814,0.9280742459396751,0.9880952380952381,island,0.9067138187853471,0.8585489599179517,0.9606039963658485,9855,1,0,0,0,0,0.0,0,0,0.0,0,0.0,0,0.956543905081368,0.9207459207459208,0.9952380952380953,clean
20160307_145059_1_721,boundary_margin_error,0.1311501855137925,6199,False,False,True,1,0.8108404051459001,0.7041483418510588,0.9556380061284794,8413,1,0,0,0,0,0.0,0,0,0.0,0,0.0,0,0.8970380818053597,0.8132992327365729,1.0,clean,0.8209550962217954,0.7354105478218166,0.9290208098065349,7831,1,0,0,0,0,0.0,0,0,0.0,0,0.0,0,0.8956884561891515,0.8110831234256927,1.0,clean,0.8320338118481148,0.7587719298235529,0.920954992739279,7524,1,0,0,0,0,0.0,0,0,0.0,0,0.0,0,0.8773841961852862,0.7815533980582524,1.0,clean,0.817061881363799,0.7313870474238509,0.9254718502969423,7844,1,0,0,0,0,0.0,0,0,0.0,0,0.0,0,0.896969696969697,0.8131868131868132,1.0,clean
20160307_145059_641_361,moderate_general_error,0.1986043002640513,5302,False,False,False,2,0.7030294703574205,0.5528903295509963,0.9651075065994623,9255,2,0,0,0,0,0.0,0,0,0.0,0,0.0,0,0.7963585082583302,0.7112860892388452,0.9045454545454545,clean,0.7532622474082817,0.6228881489695118,0.9526593738194028,8109,2,0,0,0,0,0.0,0,0,0.0,0,0.0,0,0.7684596729974498,0.6692111959287532,0.9022727272727272,clean,0.7695579523007978,0.644201424210778,0.9554884949057799,7864,2,0,0,0,0,0.0,0,0,0.0,0,0.0,0,0.7832019405700424,0.6932367149758454,0.9,clean,0.7642653886470239,0.6337555886728344,0.9624669935855102,8052,2,0,0,0,0,0.0,0,0,0.0,0,0.0,0,0.8234785071433067,0.7557471264367817,0.9045454545454545,clean
20160307_145059_641_721,high_quality,0.1347995743171337,11276,False,False,False,2,0.8681931427212132,0.7834558561124948,0.9734835047880689,14011,1,-1,1,1,2,1.0,0,0,0.0,0,0.0,0,0.9822006472491909,0.9650238473767886,1.0,merge,0.8581995593323661,0.7712871287123257,0.9671869457245768,14140,1,-1,1,1,2,1.0,0,0,0.0,0,0.0,0,0.9476117103235748,0.9004392386530015,1.0,merge,0.8811200261990826,0.8182785888071636,0.9544164597366491,13152,1,-1,1,1,2,1.0,0,0,0.0,0,0.0,0,0.9798761609907121,0.960546282245827,1.0,merge,0.8172331544421522,0.7048084340442885,0.9723306136919365,15556,1,-1,1,1,2,1.0,0,0,0.0,0,0.0,0,0.9659540775930324,0.9341500765696784,1.0,merge
20160307_162438_1281_361,high_quality,0.0478607686729514,4137,False,False,False,1,0.8877591973232271,0.9940083882534632,0.8020304568508532,3338,1,0,0,0,0,0.0,0,0,0.0,0,0.0,0,0.9084249084249084,1.0,0.8322147651006712,clean,0.8029513888877272,0.9999999999963964,0.6707759245814098,2775,1,0,0,0,0,0.0,0,0,0.0,0,0.0,0,0.7478991596638656,1.0,0.5973154362416108,clean,0.7848435893658616,0.9999999999962575,0.6458786560293791,2672,1,0,0,0,0,0.0,0,0,0.0,0,0.0,0,0.7264957264957265,1.0,0.5704697986577181,clean,0.7749481788558262,0.9999999999961788,0.6325839980647024,2617,1,0,0,0,0,0.0,0,0,0.0,0,0.0,0,0.7264957264957265,1.0,0.5704697986577181,clean
20160307_162438_1281_721,high_quality,0.0487329125566938,31529,False,False,False,1,0.8722036959842865,0.9639881752213445,0.7963779377713228,26047,1,0,0,0,0,0.0,0,0,0.0,0,0.0,0,0.9954885578377789,0.9955156950672646,0.9954614220877458,clean,0.903515559293372,0.9618924823606024,0.8518189603219728,27921,1,0,0,0,0,0.0,0,0,0.0,0,0.0,0,0.9922797953404912,0.9906166219839142,0.9939485627836612,clean,0.871547826086805,0.9648069000034789,0.7947286625009373,25971,4,3,3,0,0,0.0,1,2,1.0,1,0.25,1,0.9848256312278837,0.9788029925187033,0.9909228441754917,mixed,0.864517488411142,0.9683357589580426,0.7808049731990292,25423,1,0,0,0,0,0.0,0,0,0.0,0,0.0,0,0.9910221542746841,0.9881129271916791,0.9939485627836612,clean
20160307_162438_1921_1081,boundary_margin_error,0.1073467834031214,10508,False,False,True,2,0.7870442810198768,0.6681721572790461,0.957365816519835,15056,2,0,0,0,0,0.0,0,0,0.0,0,0.0,0,0.8321095070520101,0.7319391634980988,0.9640449438202248,clean,0.7491542503416292,0.6023845352467864,0.9904834411867238,17278,1,-1,1,1,2,1.0,0,0,0.0,0,0.0,0,0.8077094374916494,0.6859504132231405,0.9820224719101124,merge,0.7471741721134133,0.6020485363437106,0.9844880091349595,17183,3,1,1,1,2,1.0,0,0,0.0,2,0.6666666666666666,2,0.7796308808363855,0.6483704974271012,0.9775280898876404,mixed,0.7205498281784465,0.5638984509463404,0.9977160258840904,18592,1,-1,1,1,2,1.0,0,0,0.0,0,0.0,0,0.8031944229963158,0.6721311475409836,0.9977528089887641,merge
20160307_162438_1921_721,high_quality,0.0602661681577424,22467,False,False,False,1,0.886468483470782,0.8964952207551677,0.8766635509855002,21970,1,0,0,0,0,0.0,0,0,0.0,0,0.0,0,0.9846543098140416,0.9715302491103203,0.9981378026070763,clean,0.8887410396186444,0.8581671985738557,0.9215738638888495,24127,1,0,0,0,0,0.0,0,0,0.0,0,0.0,0,0.987472036539477,0.9770318021201413,0.9981378026070763,clean,0.8814539446507684,0.9097626829610583,0.8548537855517626,21111,1,0,0,0,0,0.0,0,0,0.0,0,0.0,0,0.9871070447667197,0.9799072642967542,0.994413407821229,clean,0.8871980730700567,0.8975223173615879,0.8771086482392499,21956,1,0,0,0,0,0.0,0,0,0.0,0,0.0,0,0.9906802625189918,0.9833333333333333,0.9981378026070763,clean
20160307_162438_1_361,high_quality,0.0403853182269096,38306,False,False,False,1,0.8539408564766311,0.8937244941637243,0.8175481647781503,35041,1,0,0,0,0,0.0,0,0,0.0,0,0.0,0,0.9929197765465452,0.9961240310077519,0.9897360703812317,clean,0.8766916685742346,0.9053539146152398,0.8497885448752547,35955,1,0,0,0,0,0.0,0,0,0.0,0,0.0,0,0.9963154016212232,0.9926578560939795,1.0,clean,0.8437320801688354,0.9087156930675419,0.7874223359262812,33193,1,0,0,0,0,0.0,0,0,0.0,0,0.0,0,0.9369005054863766,0.9226361031518625,0.9516129032258065,clean,0.8579465541489687,0.8994474189020244,0.8201065107291756,34927,1,0,0,0,0,0.0,0,0,0.0,0,0.0,0,0.9928660733985438,0.9960159362549801,0.9897360703812317,clean
20160307_162438_641_361,high_quality,0.0571792191264033,22001,False,False,False,1,0.8774116948647448,0.881537896861405,0.8733239398205203,21796,1,0,0,0,0,0.0,0,0,0.0,0,0.0,0,0.9782118707738542,1.0,0.9573529411764706,clean,0.8731550127316239,0.8658383982834886,0.8805963365297574,22376,1,0,0,0,0,0.0,0,0,0.0,0,0.0,0,0.9665653495440729,1.0,0.9352941176470588,clean,0.8679193274220454,0.8773510425853911,0.8586882414431805,21533,1,0,0,0,0,0.0,0,0,0.0,0,0.0,0,0.9196274986654013,0.9466357308584686,0.8941176470588236,clean,0.8697632686863898,0.880601882045616,0.8591882187169405,21466,1,0,0,0,0,0.0,0,0,0.0,0,0.0,0,0.9626239511823036,1.0,0.9279411764705883,clean
20160307_162438_641_721,boundary_margin_error,0.0586717709720372,6008,False,False,True,1,0.7496497618375247,0.647194000966803,0.8906458055910609,8268,2,1,1,0,0,0.0,0,0,0.0,1,0.5,75,0.7336860670194003,0.5793871866295265,1.0,island,0.7434996486291331,0.6433957674523918,0.8804926764299592,8222,2,1,1,0,0,0.0,0,0,0.0,1,0.5,174,0.7219343696027634,0.5648648648648649,1.0,island,0.7833949209837382,0.7423632841592276,0.8292276964034134,6711,1,0,0,0,0,0.0,0,0,0.0,0,0.0,0,0.8117001828153564,0.683076923076923,1.0,clean,0.7649871785981253,0.6553853461576351,0.9186085219691768,8421,1,0,0,0,0,0.0,0,0,0.0,0,0.0,0,0.7703703703703704,0.6265060240963856,1.0,clean
20160310_114505_1281_1,false_crack_high_fp,0.525871459694989,1836,True,False,False,4,0.42499999999950805,0.26984126984087325,0.9999999999945535,6804,1,-3,3,1,4,1.0,0,0,0.0,0,0.0,0,0.7184466019417475,0.5606060606060606,1.0,merge,0.42959315277238874,0.27371881069733495,0.9978213507570926,6693,1,-3,3,1,4,1.0,0,0,0.0,0,0.0,0,0.6169844020797227,0.44611528822055135,1.0,merge,0.4577561462617525,0.2969078840856453,0.998910675375823,6177,2,-2,2,1,4,1.0,0,0,0.0,1,0.5,1,0.6706766917293233,0.504524886877828,1.0,mixed,0.4236407710949744,0.2687857038226618,0.9994553376851882,6827,4,0,0,1,4,1.0,0,0,0.0,3,0.75,222,0.6222910216718266,0.451685393258427,1.0,mixed
20160310_114505_641_1,over_segmentation,0.2755221778925135,4261,True,False,False,4,0.5535055350549722,0.3904367106908412,0.9504811077189615,10373,2,-2,2,1,4,1.0,1,1,0.25,0,0.0,0,0.7509229098805646,0.6303317535545023,0.9285714285714286,mixed,0.5429347826083267,0.3820632947696892,0.9378080262827088,10459,1,-3,3,1,4,1.0,0,0,0.0,0,0.0,0,0.7259272710764062,0.6089108910891089,0.8986175115207373,merge,0.5689215963766141,0.40725357106634863,0.9434405069210433,9871,3,-1,1,1,4,1.0,1,1,0.25,1,0.3333333333333333,1,0.7017905873180174,0.5692640692640693,0.9147465437788018,mixed,0.5449239956565248,0.38329355608555293,0.9422670734547236,10475,2,-2,2,1,4,1.0,0,0,0.0,1,0.5,13,0.7298001737619463,0.6122448979591837,0.9032258064516129,mixed
20160310_114505_641_1081,over_segmentation,0.2191291934332619,4203,True,False,False,3,0.5932071190522632,0.4225252525248257,0.9952414941684624,9900,2,-1,1,1,3,1.0,0,0,0.0,1,0.5,4,0.7216709725445548,0.5662337662337662,0.9947368421052631,mixed,0.5850109486468991,0.4160136628486879,0.98524863192723,9954,6,3,3,1,3,1.0,0,0,0.0,5,0.8333333333333334,167,0.6175461525894462,0.44776119402985076,0.9947368421052631,mixed,0.5854410425274396,0.4148957298903526,0.9940518677111728,10070,4,1,1,1,3,1.0,0,0,0.0,3,0.75,135,0.6306569343065693,0.4605543710021322,1.0,mixed,0.5735414954802974,0.40265359100047815,0.996431120625752,10401,3,0,0,1,3,1.0,0,0,0.0,2,0.6666666666666666,72,0.6701030927835051,0.5038759689922481,1.0,mixed
20160310_114505_641_361,false_crack_high_fp,0.2894674835061263,4244,True,False,False,5,0.5153253160650537,0.3490101077601295,0.9844486333624306,11971,2,-3,3,1,5,1.0,0,0,0.0,1,0.5,8,0.6761051443977201,0.5146067415730337,0.9853300733496333,mixed,0.4946493692828991,0.33141071857699955,0.9747879359072225,12483,4,-1,1,1,5,1.0,0,0,0.0,3,0.75,206,0.58618699624555,0.4185185185185185,0.9779951100244498,mixed,0.4802119937781668,0.31780404117398564,0.9820923656904287,13115,1,-4,4,1,5,1.0,0,0,0.0,0,0.0,0,0.5921176610745886,0.4236760124610592,0.9828850855745721,merge,0.4995177236553535,0.3356286454955155,0.9762016965104237,12344,3,-2,2,1,5,1.0,0,0,0.0,2,0.6666666666666666,741,0.6217759311061773,0.45576923076923076,0.9779951100244498,mixed
20160310_114505_641_721,over_segmentation,0.2063346339224236,4357,True,False,False,4,0.5926228949338019,0.42153249272510035,0.9974753270576142,10310,1,-3,3,1,4,1.0,0,0,0.0,0,0.0,0,0.7931021384890037,0.660759493670886,0.9917355371900827,merge,0.5889445874538755,0.4177799135027219,0.9977048427794407,10405,1,-3,3,1,4,1.0,0,0,0.0,0,0.0,0,0.7650912436490889,0.6216867469879518,0.9944903581267218,merge,0.5618807072077184,0.3913749548895783,0.9956392012830029,11084,1,-3,3,1,4,1.0,0,0,0.0,0,0.0,0,0.6816387785189643,0.5207956600361664,0.9862258953168044,merge,0.588322947710249,0.4173152685688312,0.996786779892135,10407,1,-3,3,1,4,1.0,0,0,0.0,0,0.0,0,0.7895035353726321,0.6557788944723618,0.9917355371900827,merge
20160316_142539_1281_361,boundary_margin_error,0.1120222282461371,7378,False,False,True,1,0.8279036317865315,0.8818752872669191,0.7801572241789372,6527,1,0,0,0,0,0.0,0,0,0.0,0,0.0,0,0.8702290076335879,1.0,0.7702702702702703,clean,0.8566889978583765,0.8733981129406092,0.8406072106250466,7101,2,1,1,0,0,0.0,1,1,1.0,0,0.0,0,0.883934035408873,0.9128919860627178,0.8567567567567568,fragment,0.8513513513507458,0.8956899131983004,0.8111954459192041,6682,1,0,0,0,0,0.0,0,0,0.0,0,0.0,0,0.8819916435665969,0.9707446808510638,0.8081081081081081,clean,0.8244296645921301,0.8726722180153328,0.7812415288685535,6605,1,0,0,0,0,0.0,0,0,0.0,0,0.0,0,0.8306453361863935,0.9592760180995475,0.7324324324324324,clean
20160316_142539_1281_721,boundary_margin_error,0.1409205203891986,9147,False,False,True,2,0.7282293663884032,0.6149096385537538,0.8927517218750488,13280,6,4,4,1,2,1.0,0,0,0.0,5,0.8333333333333334,377,0.7834480148695073,0.6678383128295254,0.947463768115942,mixed,0.7427491123711243,0.6422647527905564,0.8805072701422536,12540,2,0,0,1,2,1.0,0,0,0.0,1,0.5,69,0.8103236725195684,0.6990291262135923,0.9637681159420289,mixed,0.7875913468514796,0.7065821465780595,0.8895812834799501,11516,1,-1,1,1,2,1.0,0,0,0.0,0,0.0,0,0.823383436551041,0.7166947723440135,0.967391304347826,merge,0.7898781263761979,0.7150833037923474,0.882147152070753,11284,3,1,1,1,2,1.0,0,0,0.0,2,0.6666666666666666,59,0.8917756880417538,0.8525519848771267,0.9347826086956522,mixed
20160316_142539_1921_361,complex_topology,0.1759825327510917,11450,False,False,False,7,0.6675262716779486,0.5290210504800076,0.904279475981743,19572,3,-4,4,2,7,1.0,0,0,0.0,1,0.3333333333333333,291,0.6930206469881875,0.5522174535050072,0.9302013422818792,mixed,0.6859123987365489,0.5650378916408975,0.8725764192132116,17682,2,-5,5,2,7,1.0,0,0,0.0,0,0.0,0,0.7297807612145301,0.6073232323232324,0.9140939597315436,merge,0.6768774362686961,0.5593819487994985,0.8568558951957581,17539,6,-1,1,2,7,1.0,0,0,0.0,4,0.6666666666666666,48,0.6733262433758165,0.537621359223301,0.9006711409395973,mixed,0.6608392696050452,0.5132144755276062,0.9276855895188404,20697,1,-6,6,1,7,1.0,0,0,0.0,0,0.0,0,0.7017079723653908,0.5503875968992248,0.9677852348993289,merge
20160316_142539_1_721,complex_topology,0.1563666044776119,12864,False,False,False,7,0.680213641107287,0.5620371309726275,0.8613184079595294,19714,3,-4,4,2,6,0.8571428571428571,0,0,0.0,1,0.3333333333333333,82,0.7306939165062283,0.6049562682215743,0.9224137931034483,mixed,0.6745122328892306,0.560588901471965,0.8465485074620285,19426,2,-5,5,2,6,0.8571428571428571,0,0,0.0,0,0.0,0,0.7111346391388742,0.5762081784386617,0.9285714285714286,merge,0.6785339581728059,0.6167196439919792,0.7541200248750356,15730,5,-2,2,1,4,0.5714285714285714,1,1,0.14285714285714285,1,0.2,49,0.7400536380982616,0.6518218623481782,0.8559113300492611,mixed,0.6771905878161844,0.5476316168351741,0.8870491293525442,20837,5,-2,2,2,6,0.8571428571428571,0,0,0.0,3,0.6,329,0.722129435889289,0.5849546044098574,0.9433497536945813,mixed
20160316_142539_641_721,moderate_general_error,0.1776264286832628,12774,False,False,False,4,0.555135164774756,0.42717299578041046,0.792547361828094,23700,2,-2,2,2,4,1.0,1,1,0.25,0,0.0,0,0.5783125829994817,0.4599260172626387,0.7787709497206704,mixed,0.6076125369327943,0.4822512414932489,0.8210427430712219,21748,3,-1,1,2,4,1.0,0,0,0.0,1,0.3333333333333333,39,0.6430672116125842,0.5298245614035088,0.8178770949720671,mixed,0.5956880862380667,0.5386757817441836,0.6661969625797195,15798,10,6,6,1,2,0.5,2,3,0.5,4,0.4,39,0.6014662269567487,0.5250521920668059,0.7039106145251397,mixed,0.5703300224285565,0.43277413080459,0.8360732738368278,24678,2,-2,2,2,4,1.0,1,1,0.25,0,0.0,0,0.5847382696538026,0.45365853658536587,0.8223463687150838,mixed
20160316_143445_1281_1,high_quality,0.080348397929201,14294,False,False,False,1,0.8735023499037289,0.8288944723612883,0.9231845529586377,15920,1,0,0,0,0,0.0,0,0,0.0,0,0.0,0,0.9622201631945484,0.9443254817987152,0.980806142034549,clean,0.881585081584788,0.8411921708179707,0.926052889323544,15736,1,0,0,0,0,0.0,0,0,0.0,0,0.0,0,0.9625651067162717,0.9449901768172888,0.980806142034549,clean,0.8607153632124767,0.8262856407280516,0.8981390793333579,15537,7,6,6,0,0,0.0,0,0,0.0,6,0.8571428571428571,19,0.9224147514103883,0.8862876254180602,0.9616122840690979,island,0.8824922202675949,0.8542894564499971,0.9126206800049582,15270,1,0,0,0,0,0.0,0,0,0.0,0,0.0,0,0.9687317358270017,0.9587852494577006,0.9788867562380038,clean
20160316_143445_1281_1081,boundary_margin_error,0.1586779036081116,3797,False,False,True,4,0.7594403862810951,0.7165887850450547,0.8077429549623183,4280,1,-3,3,1,2,0.5,0,0,0.0,0,0.0,0,0.8713787664978833,0.8796296296296297,0.86328125,merge,0.7768953068582708,0.7152670064242959,0.8501448511960755,4513,2,-2,2,1,2,0.5,0,0,0.0,1,0.5,10,0.8869208297895944,0.8613445378151261,0.9140625,mixed,0.7851641189705116,0.7137009909506383,0.8725309454809783,4642,4,0,0,1,2,0.5,0,0,0.0,3,0.75,28,0.8549575858712278,0.8091603053435115,0.90625,mixed,0.754205100378997,0.6413805832398646,0.915196207529852,5418,2,-2,2,1,2,0.5,0,0,0.0,1,0.5,306,0.8303911876853551,0.7452471482889734,0.9375,mixed
20160316_143445_1281_361,high_quality,0.096965539504479,12391,False,False,False,2,0.897899693549257,0.8361522934496859,0.969493987570842,14367,2,0,0,1,2,1.0,0,0,0.0,1,0.5,182,0.9632678910702976,0.936,0.9921722113502935,mixed,0.8670226290360441,0.7883091149268241,0.9631990961173729,15140,2,0,0,1,2,1.0,0,0,0.0,1,0.5,1132,0.9129733416576747,0.8440677966101695,0.9941291585127201,mixed,0.8724050632908237,0.7904187692504159,0.9733677669268231,15259,2,0,0,1,2,1.0,0,0,0.0,1,0.5,719,0.9353891388667854,0.8801369863013698,0.9980430528375733,mixed,0.8571633237819279,0.7705583102577303,0.9657009119514439,15529,2,0,0,1,2,1.0,0,0,0.0,1,0.5,887,0.9308342995883366,0.8736059479553904,0.9960861056751468,mixed
20160316_143445_1281_721,boundary_margin_error,0.1380476084041126,17896,False,False,True,2,0.8286439244429579,0.8362353476722224,0.8211890925341857,17574,3,1,1,0,0,0.0,1,1,0.5,0,0.0,0,0.9295324252677859,0.977979274611399,0.8856589147286822,fragment,0.8485961123107861,0.8209360635181671,0.8781850692887359,19144,3,1,1,0,0,0.0,0,0,0.0,1,0.3333333333333333,52,0.935430917969458,0.94875,0.9224806201550387,island,0.8116758123363659,0.8353142924718613,0.7893383996419371,16911,4,2,2,0,0,0.0,1,1,0.5,1,0.25,1,0.8978766007339394,0.9492924528301887,0.8517441860465116,mixed,0.846638937340441,0.8144457638490297,0.8814818953951266,19369,3,1,1,0,0,0.0,0,0,0.0,1,0.3333333333333333,18,0.9367332549941245,0.9545454545454546,0.9195736434108527,island
20160316_143445_1921_1081,moderate_general_error,0.1566617023714056,8729,False,False,False,2,0.6826444699575762,0.5860369609851449,0.8173903081672386,12175,1,-1,1,1,2,1.0,0,0,0.0,0,0.0,0,0.703751701322636,0.6117936117936118,0.8282442748091603,merge,0.6910527058156514,0.5860446570968213,0.8419062893792623,12540,1,-1,1,1,2,1.0,0,0,0.0,0,0.0,0,0.7307832542430498,0.650319829424307,0.833969465648855,merge,0.6827670496207857,0.5955142418551974,0.7999770878671096,11726,6,4,4,1,2,1.0,1,1,0.5,4,0.6666666666666666,4,0.7130644733871838,0.6165413533834586,0.8454198473282443,mixed,0.6891704518285015,0.5914163794513446,0.825638675677826,12186,1,-1,1,1,2,1.0,0,0,0.0,0,0.0,0,0.7311776787056053,0.6430317848410758,0.8473282442748091,merge
20160316_143445_1_1081,high_quality,0.1253940811552934,9833,False,False,False,1,0.87151632062497,0.8700587877550475,0.8729787450413169,9866,1,0,0,0,0,0.0,0,0,0.0,0,0.0,0,0.9636404668531694,0.9364035087719298,0.9925093632958801,clean,0.8758260183445725,0.8501675442787456,0.9030814603875692,10445,1,0,0,0,0,0.0,0,0,0.0,0,0.0,0,0.9721463427990136,0.9474835886214442,0.99812734082397,clean,0.8392518297637087,0.898745935902347,0.7871453269594354,8612,9,8,8,0,0,0.0,0,0,0.0,8,0.8888888888888888,47,0.9199305262941534,0.9023569023569024,0.9382022471910112,island,0.8703126570820999,0.8604512473900601,0.8804027255152238,10061,1,0,0,0,0,0.0,0,0,0.0,0,0.0,0,0.946055252193884,0.9249329758713136,0.9681647940074907,clean
20160316_143445_1_721,thin_low_area_failure,0.1498463720160718,4231,False,True,False,2,0.5462900188319801,0.4009287925692161,0.8570077995725431,9044,3,1,1,0,0,0.0,0,0,0.0,1,0.3333333333333333,3499,0.6319016596409516,0.4968017057569296,0.8679245283018868,island,0.5106757649126783,0.37029155139351955,0.8225005908749173,9398,4,2,2,0,0,0.0,0,0,0.0,2,0.5,4455,0.613739368575341,0.4879032258064516,0.8270440251572327,island,0.6071650813400238,0.48660587061771643,0.8071377924821387,7018,3,1,1,0,0,0.0,0,0,0.0,1,0.3333333333333333,2716,0.7098134482284457,0.6252927400468384,0.8207547169811321,island,0.5106258672310592,0.3694779116461958,0.8262822027869858,9462,3,1,1,0,0,0.0,0,0,0.0,1,0.3333333333333333,4697,0.7015360684425432,0.6074074074074074,0.8301886792452831,island
20160316_143445_641_361,high_quality,0.1434287473068636,9747,False,False,False,1,0.870609369828927,0.8072944064520363,0.9447009336196319,11406,1,0,0,0,0,0.0,0,0,0.0,0,0.0,0,0.9904580152671756,1.0,0.9810964083175804,clean,0.8696230177566852,0.8093680954478043,0.9395711500965018,11315,1,0,0,0,0,0.0,0,0,0.0,0,0.0,0,0.9923809523809525,1.0,0.9848771266540642,clean,0.8730822873078088,0.8217454282085626,0.9312609007890311,11046,2,1,1,0,0,0.0,0,0,0.0,1,0.5,1,0.9705028808176709,0.9547657512116317,0.9867674858223062,island,0.8724172807393573,0.822167755990539,0.9292089873797791,11016,1,0,0,0,0,0.0,0,0,0.0,0,0.0,0,0.9904580152671756,1.0,0.9810964083175804,clean
20160316_143445_641_721,high_quality,0.1203317161232088,8863,False,False,False,1,0.8591715976326739,0.8210136732797152,0.9010493061030113,9727,1,0,0,0,0,0.0,0,0,0.0,0,0.0,0,0.9864679663153988,0.9789915966386554,0.994059405940594,clean,0.8663825253058783,0.8207328151803566,0.9174094550367624,9907,2,1,1,0,0,0.0,0,0,0.0,1,0.5,25,0.9828136276734971,0.9680638722554891,0.998019801980198,island,0.8610703613143922,0.8304338713049355,0.8940539320761659,9542,3,2,2,0,0,0.0,0,0,0.0,2,0.6666666666666666,2,0.9623600173269611,0.9343696027633851,0.9920792079207921,island,0.852681750944583,0.828753993609341,0.8780322689824235,9390,1,0,0,0,0,0.0,0,0,0.0,0,0.0,0,0.9876916513235151,0.981404958677686,0.994059405940594,clean
20160316_143527_1281_1081,boundary_margin_error,0.1801234359147785,11828,False,False,True,4,0.7857898971076827,0.7870896598517371,0.7844944200196275,11789,3,-1,1,0,0,0.0,0,0,0.0,1,0.3333333333333333,109,0.8285437629884653,0.9273084479371316,0.748792270531401,island,0.7818822936777844,0.7764715691172448,0.787368955021316,11994,4,0,0,0,0,0.0,0,0,0.0,2,0.5,217,0.8155696597297729,0.9042145593869731,0.7427536231884058,island,0.7924222383407464,0.7998966319228186,0.7850862360493869,11609,4,0,0,0,0,0.0,0,0,0.0,2,0.5,179,0.8155935050034648,0.8804159445407279,0.7596618357487923,island,0.7946508172359182,0.7980728233983132,0.7912580317883063,11727,3,-1,1,0,0,0.0,0,0,0.0,1,0.3333333333333333,150,0.8328192126206071,0.9215686274509803,0.7596618357487923,island
20160316_143527_1281_361,boundary_margin_error,0.1747619047619047,3150,False,False,True,4,0.6734122042330738,0.6606597434310915,0.6866666666644868,3274,2,-2,2,1,2,0.5,0,0,0.0,1,0.5,657,0.5572141338131851,0.6488095238095238,0.48828125,mixed,0.657253685026133,0.6427921092544984,0.6723809523788179,3295,2,-2,2,1,2,0.5,0,0,0.0,1,0.5,767,0.5057626103876666,0.529126213592233,0.484375,mixed,0.6576548255255302,0.6513075965110483,0.6641269841248758,3212,3,-1,1,1,2,0.5,0,0,0.0,2,0.6666666666666666,697,0.4869253316877507,0.4855769230769231,0.48828125,mixed,0.6335209505931308,0.6241528034484777,0.6431746031725614,3246,2,-2,2,1,2,0.5,0,0,0.0,1,0.5,825,0.5259397451673085,0.5698924731182796,0.48828125,mixed
20160316_143527_1281_721,complex_topology,0.1763453073974158,21129,False,False,False,7,0.7537760507018357,0.7371516467604338,0.771167589568474,22104,2,-5,5,1,4,0.5714285714285714,0,0,0.0,1,0.5,14,0.8126740516121047,0.8435251798561151,0.784,mixed,0.763469148630256,0.716354132093961,0.8172180415538751,24104,3,-4,4,1,5,0.7142857142857143,0,0,0.0,1,0.3333333333333333,55,0.8080045493764217,0.7963549920760697,0.82,mixed,0.7574571082791682,0.7595659623068914,0.7553599318468667,21012,3,-4,4,1,4,0.5714285714285714,0,0,0.0,1,0.3333333333333333,1,0.7922727831834632,0.8121632024634334,0.7733333333333333,mixed,0.7685974066000114,0.7185313246066031,0.8261630933783775,24294,2,-5,5,1,5,0.7142857142857143,0,0,0.0,0,0.0,0,0.8311326156296326,0.8377007607776839,0.8246666666666667,merge
20160316_143527_1921_361,moderate_general_error,0.2448569129985059,8701,True,False,False,2,0.7139816785413556,0.5975373654452121,0.8867946213068764,12913,3,1,1,1,2,1.0,0,0,0.0,2,0.6666666666666666,244,0.8414280485401356,0.7818181818181819,0.9108781127129751,mixed,0.7245080500891043,0.6135874332185522,0.8843811056190272,12541,3,1,1,1,2,1.0,0,0,0.0,2,0.6666666666666666,438,0.8145515071492212,0.733256351039261,0.9161205766710354,mixed,0.763644177051588,0.7168935955615563,0.8169175956777187,9915,4,2,2,0,0,0.0,1,1,0.5,1,0.25,106,0.8654572147651007,0.8725761772853186,0.8584534731323722,mixed,0.7049157880319937,0.5846456692908959,0.8874841972176905,13208,3,1,1,1,2,1.0,0,0,0.0,2,0.6666666666666666,583,0.798175151837443,0.717632552404439,0.8990825688073395,mixed
20160316_143527_1_1,boundary_margin_error,0.1865386774447064,8907,False,False,True,2,0.6546896873537945,0.6813160131107425,0.6300662400352194,8237,1,-1,1,0,0,0.0,0,0,0.0,0,0.0,0,0.831820323887527,0.9394572025052192,0.7463126843657817,clean,0.6570161102027451,0.6842553191481042,0.6318625799925542,8225,1,-1,1,0,0,0.0,0,0,0.0,0,0.0,0,0.8194234571452498,0.9040816326530612,0.7492625368731564,clean,0.6726969769098591,0.7157148284149478,0.6345570899285566,7897,1,-1,1,0,0,0.0,0,0,0.0,0,0.0,0,0.8409749034749034,0.9534883720930233,0.7522123893805309,clean,0.6578146934951697,0.6866528269621607,0.6313012237558872,8189,1,-1,1,0,0,0.0,0,0,0.0,0,0.0,0,0.8288505265677357,0.9319148936170213,0.7463126843657817,clean
20160316_143527_1_361,moderate_general_error,0.3360902255639098,2660,True,False,False,2,0.7141063206352531,0.567783447968565,0.9620300751843534,4507,2,0,0,1,2,1.0,0,0,0.0,1,0.5,206,0.9287300625883304,0.887459807073955,0.974025974025974,mixed,0.7079241221569919,0.5512256442477452,0.9890977443571839,4773,4,2,2,1,2,1.0,0,0,0.0,3,0.75,526,0.856711915535445,0.7493403693931399,1.0,mixed,0.6884288747336937,0.5319934372425513,0.975187969921146,4876,22,20,20,1,2,1.0,0,0,0.0,21,0.9545454545454546,809,0.7707269189339448,0.6282608695652174,0.9967532467532467,mixed,0.7102073794765551,0.5532941670152051,0.9913533834549197,4766,3,1,1,1,2,1.0,0,0,0.0,2,0.6666666666666666,133,0.9380234505862647,0.8832807570977917,1.0,mixed
20160316_143527_641_1,boundary_margin_error,0.1628924625314517,9141,False,False,True,1,0.8310796754728359,0.7921086547032892,0.8740837982705676,10087,1,0,0,0,0,0.0,0,0,0.0,0,0.0,0,0.9293312947614065,0.9479905437352246,0.9113924050632911,clean,0.8224213420217786,0.7691648414429395,0.8836013565245775,10501,1,0,0,0,0,0.0,0,0,0.0,0,0.0,0,0.9370481372502169,0.9410377358490566,0.9330922242314648,clean,0.831615481699184,0.8007088607586828,0.8650038289017995,9875,1,0,0,0,0,0.0,0,0,0.0,0,0.0,0,0.9324949048068796,0.9487179487179487,0.9168173598553345,clean,0.8205585888277926,0.7888361764401041,0.8549392845412372,9907,1,0,0,0,0,0.0,0,0,0.0,0,0.0,0,0.9164998101093724,0.9179954441913439,0.9150090415913201,clean
20160316_143527_641_361,complex_topology,0.1886256226848895,15658,False,False,False,8,0.7839765867932492,0.7499999999995625,0.8211776727546166,17144,2,-6,6,2,5,0.625,0,0,0.0,0,0.0,0,0.7901951672862453,0.811965811965812,0.7695614789337919,merge,0.770712441136026,0.7350060844870284,0.8100651424186932,17257,3,-5,5,1,3,0.375,1,1,0.125,0,0.0,0,0.7770454512734131,0.825065274151436,0.7343078245915735,mixed,0.781114560599766,0.752948148147702,0.8114701749899019,16875,4,-4,4,1,3,0.375,1,1,0.125,0,0.0,0,0.76625397748173,0.7844036697247706,0.7489251934651763,mixed,0.771056457115504,0.7199844866747631,0.8299271937662345,18049,2,-6,6,1,3,0.375,0,0,0.0,0,0.0,0,0.7843531764259328,0.794228356336261,0.7747205503009458,merge
20160316_143527_641_721,boundary_margin_error,0.1549653579676674,6495,False,False,True,3,0.7109549664638206,0.7384309172321473,0.6854503464192679,6029,1,-2,2,0,0,0.0,0,0,0.0,0,0.0,0,0.7470497691123652,0.9191919191919192,0.6292134831460674,clean,0.7187004754352466,0.7404081632640973,0.6982294072352606,6125,1,-2,2,0,0,0.0,0,0,0.0,0,0.0,0,0.7386587993982082,0.8987730061349694,0.6269662921348315,clean,0.6962696783019368,0.7835547852863787,0.6264819091599284,5193,1,-2,2,0,0,0.0,0,0,0.0,0,0.0,0,0.7026736018380748,0.8864265927977839,0.5820224719101124,clean,0.6953264663312374,0.777608530082297,0.6287913779820958,5252,1,-2,2,0,0,0.0,0,0,0.0,0,0.0,0,0.7312130730504269,0.9304635761589404,0.6022471910112359,clean
20160316_143547_1281_1081,high_quality,0.1183848271642704,3269,False,False,False,3,0.8765982753480871,0.8527625108450889,0.9018048332795907,3457,1,-2,2,1,2,0.6666666666666666,0,0,0.0,0,0.0,0,0.8837085031060049,0.8766233766233766,0.8909090909090909,merge,0.890478319176143,0.8680999418917255,0.9140409911259895,3442,1,-2,2,1,2,0.6666666666666666,0,0,0.0,0,0.0,0,0.9052396878483836,0.9333333333333333,0.8787878787878788,merge,0.8577830893324503,0.8382481751800344,0.8782502294252731,3425,1,-2,2,1,2,0.6666666666666666,0,0,0.0,0,0.0,0,0.8426679866353174,0.8827586206896552,0.806060606060606,merge,0.8926689748594119,0.8787788974484921,0.9070052003643102,3374,1,-2,2,1,2,0.6666666666666666,0,0,0.0,0,0.0,0,0.8837744533947066,0.8951048951048951,0.8727272727272727,merge
20160316_143547_1281_361,false_crack_high_fp,0.1034482758620689,1015,False,False,False,1,0.2991193440627101,0.1768084724462811,0.9704433497441336,5571,2,1,1,0,0,0.0,0,0,0.0,1,0.5,4487,0.3166723960123754,0.1910569105691057,0.9245283018867925,island,0.2848599307518337,0.16950739838889398,0.8916256157547623,5339,2,1,1,0,0,0.0,0,0,0.0,1,0.5,4357,0.32070595650803657,0.1948529411764706,0.9056603773584906,island,0.29554229554177686,0.17979927396929363,0.8295566502381324,4683,2,1,1,0,0,0.0,0,0,0.0,1,0.5,3766,0.2878487963731562,0.17253521126760563,0.8679245283018868,island,0.27046507636816464,0.16375727348261895,0.7763546797953068,4812,2,1,1,0,0,0.0,0,0,0.0,1,0.5,3949,0.2782762170907486,0.16793893129770993,0.8113207547169812,island
20160316_143547_1281_721,high_quality,0.0981616990897733,22412,False,False,False,1,0.8985293799136042,0.8730586304133705,0.9255309655537545,23759,1,0,0,0,0,0.0,0,0,0.0,0,0.0,0,0.9896718505841208,0.9915458937198067,0.9878048780487805,clean,0.9000457606064588,0.8795945312828998,0.9214706407277702,23479,1,0,0,0,0,0.0,0,0,0.0,0,0.0,0,0.9937703103854996,0.9919816723940436,0.9955654101995566,clean,0.8982329700862028,0.8746512217803015,0.9231215420306429,23654,2,1,1,0,0,0.0,0,0,0.0,1,0.5,1,0.9839685061624437,0.9758342922899885,0.9922394678492239,island,0.8928694158073684,0.8607752194795176,0.9274495805814174,24148,1,0,0,0,0,0.0,0,0,0.0,0,0.0,0,0.9918408561971154,0.9903381642512077,0.9933481152993349,clean
20160316_143547_1921_1081,high_quality,0.1111330785114889,22761,False,False,False,3,0.8579461891165201,0.8448988285406411,0.8714028381877459,23475,4,1,1,0,0,0.0,1,1,0.3333333333333333,1,0.25,18,0.9170488214666658,0.9584816132858838,0.8790496760259179,mixed,0.8548397525700251,0.8390167541035543,0.871271033785479,23636,3,0,0,0,0,0.0,0,0,0.0,1,0.3333333333333333,101,0.9145760743697189,0.9255202628696605,0.9038876889848813,island,0.8471983170776551,0.8203703703700328,0.8758402530640675,24300,5,2,2,0,0,0.0,1,1,0.3333333333333333,2,0.4,38,0.9119397011249736,0.9327817993795243,0.8920086393088553,mixed,0.8510317060894039,0.8140570465756753,0.8915249769338379,24927,3,0,0,0,0,0.0,0,0,0.0,1,0.3333333333333333,174,0.8954420763874235,0.8967193195625759,0.8941684665226782,island
20160316_143547_1_1,boundary_margin_error,0.1383698646544496,16698,False,False,True,1,0.7825975441631295,0.8421306837777947,0.7309258593839196,14493,1,0,0,0,0,0.0,0,0,0.0,0,0.0,0,0.7978349436021273,0.9184397163120568,0.7052280311457174,clean,0.7867004068032971,0.8456717856891084,0.735417415258872,14521,1,0,0,0,0,0.0,0,0,0.0,0,0.0,0,0.817069586260498,0.9392361111111112,0.7230255839822024,clean,0.7711322442755654,0.8631407165634128,0.6968499221459474,13481,2,1,1,0,0,0.0,0,0,0.0,1,0.5,1,0.7794526381173411,0.9456140350877194,0.6629588431590656,island,0.7820213208692314,0.840085287845904,0.7314648460889139,14539,1,0,0,0,0,0.0,0,0,0.0,0,0.0,0,0.8280882176453754,0.9458987783595113,0.7363737486095662,clean
20160316_143547_641_1,boundary_margin_error,0.166044776119403,1340,False,False,True,1,0.8409775694648779,0.7625986642333783,0.9373134328288261,1647,1,0,0,0,0,0.0,0,0,0.0,0,0.0,0,0.954241645244216,0.9775280898876404,0.9320388349514563,clean,0.8406988694729678,0.7770740975251611,0.9156716417842115,1579,1,0,0,0,0,0.0,0,0,0.0,0,0.0,0,0.959563834620627,0.9887640449438202,0.9320388349514563,clean,0.8427197802168863,0.780534351140073,0.9156716417842115,1572,1,0,0,0,0,0.0,0,0,0.0,0,0.0,0,0.960326324479192,0.9903846153846154,0.9320388349514563,clean,0.8366197183069134,0.79199999999472,0.8865671641724884,1500,1,0,0,0,0,0.0,0,0,0.0,0,0.0,0,0.954450527741717,0.9888888888888889,0.9223300970873787,clean
20160316_143547_641_361,high_quality,0.139226914817466,13970,False,False,False,2,0.9023192822072448,0.8560873755214544,0.9538296349313143,15565,1,-1,1,0,0,0.0,0,0,0.0,0,0.0,0,0.966159420716105,0.9633431085043989,0.9689922480620154,clean,0.902166865722265,0.8620149983691803,0.9462419470286713,15335,1,-1,1,0,0,0.0,0,0,0.0,0,0.0,0,0.9676326104445168,0.9586894586894587,0.9767441860465116,clean,0.9001431395266511,0.8590944574545543,0.9453113815311772,15372,1,-1,1,0,0,0.0,0,0,0.0,0,0.0,0,0.9640221634799069,0.9565846599131693,0.9715762273901809,clean,0.9054689096230656,0.8635359833717435,0.9516821760909436,15396,1,-1,1,0,0,0.0,0,0,0.0,0,0.0,0,0.9633629214727616,0.9528023598820059,0.9741602067183462,clean
20160316_143547_641_721,moderate_general_error,0.2602040816326531,1078,True,False,False,2,0.6443361753919347,0.9379432623947173,0.49072356214758145,564,1,-1,1,0,0,0.0,0,0,0.0,0,0.0,0,0.48486769133259394,0.8717948717948718,0.3358208955223881,clean,0.6763602251375406,0.6840607210561285,0.6688311688249645,1054,3,1,1,0,0,0.0,0,0,0.0,2,0.6666666666666666,28,0.5991461798910644,0.6547619047619048,0.5522388059701493,island,0.6657032755266585,0.6923847695321405,0.6410018552816235,998,4,2,2,0,0,0.0,0,0,0.0,3,0.75,3,0.5935362113706064,0.6415094339622641,0.5522388059701493,island,0.6466766616659337,0.7009750812491768,0.6001855287513898,923,3,1,1,0,0,0.0,0,0,0.0,2,0.6666666666666666,95,0.5492558469170801,0.6756756756756757,0.4626865671641791,island
20160318_181632_1281_1081,high_quality,0.0762042053984192,20117,False,False,False,1,0.8746951293132563,0.8505212735977973,0.9002833424462393,21294,1,0,0,0,0,0.0,0,0,0.0,0,0.0,0,0.9753002168556705,0.9889908256880734,0.9619834710743802,clean,0.8635211542208854,0.8470475735114286,0.8806482079828599,20915,1,0,0,0,0,0.0,0,0,0.0,0,0.0,0,0.9669555158365172,0.9912739965095986,0.943801652892562,clean,0.8783898305082679,0.8342798372307676,0.9274245662867587,22363,2,1,1,0,0,0.0,1,1,1.0,0,0.0,0,0.9852727985415902,0.9955489614243324,0.9752066115702479,fragment,0.8894625674722156,0.8424843284573679,0.9419893622304807,22493,1,0,0,0,0,0.0,0,0,0.0,0,0.0,0,0.9851232280194384,0.9901315789473685,0.9801652892561984,clean
20160318_181632_1281_361,complex_topology,0.067426337623657,37604,False,False,False,8,0.8505655431777471,0.9159354482417267,0.7939049037334343,32594,1,-7,7,1,6,0.75,0,0,0.0,0,0.0,0,0.9458711393584299,0.991869918699187,0.9039497307001796,merge,0.8519687513388007,0.9201604195585623,0.7931868950109582,32415,1,-7,7,1,6,0.75,0,0,0.0,0,0.0,0,0.9455557995087649,0.9826839826839827,0.9111310592459605,merge,0.8548172851368094,0.9120680296722418,0.804329326667162,33162,2,-6,6,1,6,0.75,0,0,0.0,1,0.5,1,0.9306893276008004,0.9704301075268817,0.8940754039497307,mixed,0.852133238837583,0.9123717598491737,0.7993564514411235,32946,1,-7,7,1,6,0.75,0,0,0.0,0,0.0,0,0.9394260312479571,0.9726027397260274,0.9084380610412927,merge
20160318_181632_1281_721,high_quality,0.0582499770579058,21794,False,False,False,1,0.9015593653107556,0.8959220661527431,0.9072680554276832,22070,1,0,0,0,0,0.0,0,0,0.0,0,0.0,0,0.9424945695667085,0.9892008639308856,0.9,clean,0.9034901090939969,0.891504377344608,0.9158025144530991,22388,2,1,1,0,0,0.0,0,0,0.0,1,0.5,13,0.9481427992628704,0.9742063492063492,0.9234375,island,0.887472891094666,0.8654340906114047,0.9106634853625261,22933,10,9,9,0,0,0.0,0,0,0.0,9,0.9,419,0.847091959656765,0.793984962406015,0.9078125,island,0.8979922571349379,0.881328974109357,0.9152977883817035,22634,1,0,0,0,0,0.0,0,0,0.0,0,0.0,0,0.9482332531382465,0.9761431411530815,0.921875,clean
20160318_181632_1921_1,complex_topology,0.1121312756397733,5119,False,False,False,5,0.7840679336829922,0.812486905508459,0.7575698378574769,4773,1,-4,4,1,3,0.6,0,0,0.0,0,0.0,0,0.7061460547044334,0.7515923566878981,0.6658823529411765,merge,0.7728242104186321,0.8047800338392455,0.7433092400845023,4728,1,-4,4,1,3,0.6,0,0,0.0,0,0.0,0,0.7010949501552541,0.7317073170731707,0.6729411764705883,merge,0.7599481400211828,0.7762836185803255,0.7442859933566238,4908,1,-4,4,1,3,0.6,0,0,0.0,0,0.0,0,0.7142580676375246,0.7640117994100295,0.6705882352941176,merge,0.773192677628738,0.821538461536656,0.7302207462380734,4550,1,-4,4,1,3,0.6,0,0,0.0,0,0.0,0,0.7122774133083412,0.759493670886076,0.6705882352941176,merge
20160318_181632_1921_361,high_quality,0.0610269862088152,25161,False,False,False,1,0.8764272712227212,0.913816158391531,0.8419776638445046,23183,2,1,1,0,0,0.0,1,1,1.0,0,0.0,0,0.9363104126267711,0.9803646563814866,0.896045197740113,fragment,0.8831630019612092,0.9189653690809835,0.8500457056552402,23274,2,1,1,0,0,0.0,1,1,1.0,0,0.0,0,0.9380754133460213,0.9815303430079155,0.8983050847457628,fragment,0.8821572332208819,0.9127108920144011,0.8535829259564987,23531,2,1,1,0,0,0.0,1,1,1.0,0,0.0,0,0.9412653900824955,0.984468339307049,0.9016949152542373,fragment,0.8792561983469258,0.915615990360637,0.845673860339078,23239,2,1,1,0,0,0.0,1,1,1.0,0,0.0,0,0.9363829984257802,0.9846153846153847,0.8926553672316384,fragment
20160318_181632_1_1,high_quality,0.0497489161286298,32061,False,False,False,1,0.9425679909761652,0.9468697869122952,0.9383051058916009,31771,1,0,0,0,0,0.0,0,0,0.0,0,0.0,0,0.9875854871915176,0.9846860643185299,0.9905020352781547,clean,0.9400386847193903,0.9327785284360236,0.9474127444555854,32564,1,0,0,0,0,0.0,0,0,0.0,0,0.0,0,0.9848949718990396,0.9793510324483776,0.9905020352781547,clean,0.9348922655372813,0.9332939603988271,0.9364960543960149,32171,1,0,0,0,0,0.0,0,0,0.0,0,0.0,0,0.9804248029576926,0.9692513368983957,0.9918588873812755,clean,0.93779126137664,0.9403794887875363,0.9352172421318938,31885,1,0,0,0,0,0.0,0,0,0.0,0,0.0,0,0.9883131119823118,0.9834586466165414,0.9932157394843962,clean
20160318_181632_1_361,high_quality,0.0613511029411764,4352,False,False,False,2,0.9355281207122363,0.930846223837737,0.940257352939016,4396,1,-1,1,1,2,1.0,0,0,0.0,0,0.0,0,0.926513770271567,0.9490445859872612,0.9050279329608939,merge,0.9094933022703441,0.9222773446706302,0.8970588235273506,4233,1,-1,1,1,2,1.0,0,0,0.0,0,0.0,0,0.8542895520644747,0.9578313253012049,0.770949720670391,merge,0.9369723603551092,0.9431897555274897,0.9308363970566846,4295,3,1,1,1,2,1.0,0,0,0.0,2,0.6666666666666666,6,0.912632164718976,0.9090909090909091,0.9162011173184358,mixed,0.9419974831244228,0.9380268853931693,0.9460018382331205,4389,1,-1,1,1,2,1.0,0,0,0.0,0,0.0,0,0.9236707994219213,0.9371069182389937,0.9106145251396648,merge
20160318_181632_641_1,high_quality,0.0938822624086187,2599,False,False,False,2,0.8807415036027173,0.9476950354567921,0.8226240861838299,2256,1,-1,1,0,0,0.0,0,0,0.0,0,0.0,0,0.8830409356725146,1.0,0.7905759162303665,clean,0.9065868263454958,0.9419328079595939,0.8737976144637407,2411,2,0,0,0,0,0.0,1,1,0.5,0,0.0,0,0.9299719887955181,1.0,0.8691099476439791,fragment,0.7884115884100131,0.8200332502044055,0.7591381300470984,2406,5,3,3,0,0,0.0,0,0,0.0,4,0.8,332,0.7450855551134103,0.7045454545454546,0.7905759162303665,island,0.795224149581448,0.9592391304295694,0.6791073489777641,1840,1,-1,1,0,0,0.0,0,0,0.0,0,0.0,0,0.8528528528528528,1.0,0.743455497382199,clean
20160318_181632_641_361,high_quality,0.0411503864183453,39465,False,False,False,1,0.9060681629258969,0.9621024458298563,0.8562016977066119,35121,1,0,0,0,0,0.0,0,0,0.0,0,0.0,0,0.9828220858895705,1.0,0.9662243667068757,clean,0.9125256673510085,0.9561632426427108,0.8726973267449962,36020,1,0,0,0,0,0.0,0,0,0.0,0,0.0,0,0.9828220858895705,1.0,0.9662243667068757,clean,0.9207320275165519,0.9553218732119336,0.8885594830860539,36707,3,2,2,0,0,0.0,0,0,0.0,2,0.6666666666666666,2,0.9838489218301453,0.9957219251336898,0.9722557297949337,island,0.9101144629866135,0.9635323763410732,0.8623083745088402,35319,1,0,0,0,0,0.0,0,0,0.0,0,0.0,0,0.9795472292541915,0.9945205479452055,0.9650180940892642,clean
20160318_181632_641_721,false_crack_high_fp,0.2854700854700854,1170,True,False,False,1,0.2571268865284996,0.14790996784546892,0.9829059828975821,7775,2,1,1,0,0,0.0,0,0,0.0,1,0.5,14,0.24705882352941178,0.14093959731543623,1.0,island,0.25065872379396187,0.14472813864248615,0.9350427350347433,7559,3,2,2,0,0,0.0,0,0,0.0,2,0.6666666666666666,13,0.21734847606906946,0.1220472440944882,0.9918032786885246,island,0.18825330017182274,0.12127187576997468,0.42051282050922645,4057,3,2,2,0,0,0.0,0,0,0.0,2,0.6666666666666666,2835,0.24615568005721777,0.1650943396226415,0.48360655737704916,island,0.24320164186731247,0.14307274373657852,0.810256410249485,6626,2,1,1,0,0,0.0,0,0,0.0,1,0.5,3842,0.23016200835283857,0.1378504672897196,0.6967213114754098,island
20160321_183947_1281_361,boundary_margin_error,0.0881410256410256,2184,False,False,True,1,0.8191986983916633,0.7369191364773622,0.9221611721569498,2733,1,0,0,0,0,0.0,0,0,0.0,0,0.0,0,0.8802816901408451,0.7861635220125787,1.0,clean,0.8259650636169378,0.7806767223775758,0.876831501827487,2453,2,1,1,0,0,0.0,0,0,0.0,1,0.5,99,0.8364036005861419,0.7349397590361446,0.9703703703703703,island,0.7528335653196404,0.6653778558851833,0.8667582417542731,2845,6,5,5,0,0,0.0,0,0,0.0,5,0.8333333333333334,535,0.7289561905630687,0.583732057416268,0.9703703703703703,island,0.8335858039367375,0.7903159622454234,0.8818681318640941,2437,1,0,0,0,0,0.0,0,0,0.0,0,0.0,0,0.8920863309352518,0.8051948051948052,1.0,clean
20160321_183947_1281_721,high_quality,0.0495880912242755,31439,False,False,False,1,0.9335972477495117,0.9223105096527027,0.9451636502430277,32218,1,0,0,0,0,0.0,0,0,0.0,0,0.0,0,0.99198242441016,0.9913294797687862,0.9926362297496318,clean,0.9317660459743183,0.9269121813028244,0.9366710137087895,31770,1,0,0,0,0,0.0,0,0,0.0,0,0.0,0,0.986721283645992,0.9896602658788775,0.9837997054491899,clean,0.9342566011544632,0.9266560280356311,0.941982887496122,31959,2,1,1,0,0,0.0,0,0,0.0,1,0.5,71,0.9639616041283762,0.938212927756654,0.9911634756995582,island,0.9303683025091314,0.9278957193023926,0.9328540984125027,31607,1,0,0,0,0,0.0,0,0,0.0,0,0.0,0,0.9940805408544247,0.9955290611028316,0.9926362297496318,clean
20160321_183947_1921_721,high_quality,0.05143389447069,30058,False,False,False,1,0.9167852644319713,0.9018118623882786,0.9322642890408769,31073,1,0,0,0,0,0.0,0,0,0.0,0,0.0,0,0.9835018261799544,0.979328165374677,0.9877112135176651,clean,0.9063093171529542,0.8844558437032125,0.9292700778491818,31581,1,0,0,0,0,0.0,0,0,0.0,0,0.0,0,0.9732219721798493,0.9665071770334929,0.9800307219662059,clean,0.907980941036181,0.9030803659577098,0.9129349923478232,30386,1,0,0,0,0,0.0,0,0,0.0,0,0.0,0,0.9782341343432176,0.9616580310880829,0.9953917050691244,clean,0.9115968031314775,0.8941827723022865,0.9297025750213155,31252,1,0,0,0,0,0.0,0,0,0.0,0,0.0,0,0.9800052756528621,0.9650872817955112,0.9953917050691244,clean
20160321_183947_1_721,high_quality,0.036605308398675,47698,False,False,False,1,0.896902588657699,0.8555198203511418,0.9424923476873365,52547,2,1,1,0,0,0.0,1,1,1.0,0,0.0,0,0.984313146629809,0.9814814814814815,0.9871611982881597,fragment,0.8831491796483171,0.8527614548150533,0.9157826323952963,51223,2,1,1,0,0,0.0,1,1,1.0,0,0.0,0,0.9685283850272037,0.9771505376344086,0.9600570613409415,fragment,0.9109886219973794,0.8800242296342342,0.9442114973372167,51177,7,6,6,0,0,0.0,0,0,0.0,6,0.8571428571428571,37,0.9594121763470957,0.9219905850706119,1.0,island,0.8814176263954754,0.8264068549199416,0.9442743930561147,54501,1,0,0,0,0,0.0,0,0,0.0,0,0.0,0,0.9766623470380651,0.957002457002457,0.9971469329529244,clean
20160321_183947_641_721,high_quality,0.0495744744835052,33253,False,False,False,1,0.918539523000559,0.8613363521480463,0.9838811535798323,37984,1,0,0,0,0,0.0,0,0,0.0,0,0.0,0,0.9883521910338292,0.9928263988522238,0.9839181286549707,clean,0.905274770736964,0.8359991849623464,0.987068835894209,39262,1,0,0,0,0,0.0,0,0,0.0,0,0.0,0,0.9791309940808859,0.9715394566623544,0.9868421052631579,clean,0.9144798467710216,0.8544965250559508,0.9835202838838651,38274,2,1,1,0,0,0.0,1,1,1.0,0,0.0,0,0.9631289284532796,0.9405286343612335,0.9868421052631579,fragment,0.9080569772117633,0.8426865056889146,0.984422458123783,38846,1,0,0,0,0,0.0,0,0,0.0,0,0.0,0,0.9853661397694946,0.9838945827232797,0.9868421052631579,clean
20160321_185557_1281_721,high_quality,0.0759871352733754,25807,False,False,False,3,0.884671475306278,0.900140364948506,0.8697252683377108,24935,1,-2,2,0,0,0.0,0,0,0.0,0,0.0,0,0.9241516753346406,0.9957627118644068,0.8621495327102804,clean,0.8849836569888705,0.8782963782769613,0.8917735498117209,26203,1,-2,2,1,2,0.6666666666666666,0,0,0.0,0,0.0,0,0.9302369668246446,0.9929178470254958,0.875,merge,0.8772932679307719,0.8744562078918674,0.8801487968377261,25975,1,-2,2,1,2,0.6666666666666666,0,0,0.0,0,0.0,0,0.9260091423258696,0.9863013698630136,0.8726635514018691,merge,0.8742119021988171,0.867376129991659,0.8811562754288057,26217,1,-2,2,1,2,0.6666666666666666,0,0,0.0,0,0.0,0,0.9278164943978061,0.9859353023909986,0.8761682242990654,merge
20160321_185557_1921_1,high_quality,0.0998475609756097,10496,False,False,False,1,0.8651731160892214,0.8240365548747098,0.9106326219503519,11599,1,0,0,0,0,0.0,0,0,0.0,0,0.0,0,0.9793510324483776,0.9595375722543352,1.0,clean,0.8488563180098384,0.7950744654290747,0.9104420731698643,12019,1,0,0,0,0,0.0,0,0,0.0,0,0.0,0,0.956043956043956,0.9157894736842105,1.0,clean,0.8715764404136339,0.8392132651253843,0.9065358231698679,11338,1,0,0,0,0,0.0,0,0,0.0,0,0.0,0,0.9595238095238096,0.9221967963386728,1.0,clean,0.855061586684537,0.796709173179106,0.9226371951210721,12155,1,0,0,0,0,0.0,0,0,0.0,0,0.0,0,0.9701492537313433,0.9420289855072463,1.0,clean
20160321_185557_1921_1081,boundary_margin_error,0.0930928033957167,10366,False,False,True,1,0.8078562874247627,0.8023598820051362,0.8134285163025144,10509,1,0,0,0,0,0.0,0,0,0.0,0,0.0,0,0.9509826273311751,0.9321533923303835,0.9705882352941176,clean,0.8117244931400422,0.7886452552080896,0.8361952537132584,10991,1,0,0,0,0,0.0,0,0,0.0,0,0.0,0,0.9307687661869353,0.8808933002481389,0.9866310160427807,clean,0.8225225646537798,0.7982209312872849,0.8483503762291642,11017,1,0,0,0,0,0.0,0,0,0.0,0,0.0,0,0.9171279272305011,0.8692493946731235,0.9705882352941176,clean,0.8338041431257844,0.8143277542755063,0.8542349990344836,10874,1,0,0,0,0,0.0,0,0,0.0,0,0.0,0,0.9595755474057995,0.9462686567164179,0.9732620320855615,clean
20160321_185557_1921_361,boundary_margin_error,0.1409307244843997,9455,False,False,True,2,0.7652327488327803,0.6351389082782108,0.9623479640391724,14326,1,-1,1,1,2,1.0,0,0,0.0,0,0.0,0,0.95148195199297,0.9183168316831684,0.9871323529411765,merge,0.7534309431440565,0.6220553795284323,0.9551560021142727,14518,1,-1,1,1,2,1.0,0,0,0.0,0,0.0,0,0.9064232769954841,0.8392434988179669,0.9852941176470589,merge,0.7408766734784414,0.6116237432856275,0.9393971443670656,14522,1,-1,1,1,2,1.0,0,0,0.0,0,0.0,0,0.8812808548048962,0.7971311475409836,0.9852941176470589,merge,0.6973875737375709,0.5466938922583948,0.9627710206229901,16651,2,0,0,1,2,1.0,0,0,0.0,1,0.5,1572,0.847944675435634,0.7431578947368421,0.9871323529411765,mixed
20160321_185557_1921_721,high_quality,0.0627511181866424,26382,False,False,False,1,0.8880106464489882,0.9486472514212697,0.8346599954511278,23212,2,1,1,0,0,0.0,0,0,0.0,1,0.5,50,0.9648577685542956,0.9710144927536232,0.9587786259541985,island,0.9082195982209577,0.918715582098457,0.8979607308009635,25786,1,0,0,0,0,0.0,0,0,0.0,0,0.0,0,0.9745183164261406,0.9907834101382489,0.9587786259541985,clean,0.880245690509039,0.9221604118229316,0.8419755894167076,24088,2,1,1,0,0,0.0,0,0,0.0,1,0.5,1,0.9590242043072231,0.9577464788732394,0.9603053435114504,island,0.9107542183368921,0.8886644786666827,0.9339701311496725,27727,1,0,0,0,0,0.0,0,0,0.0,0,0.0,0,0.9745456325651414,0.978125,0.9709923664122138,clean
20160321_185557_1_361,false_crack_high_fp,0.1260032102728732,1246,False,False,False,1,0.47726821520651724,0.31706673700786847,0.9646869983871214,3791,4,3,3,0,0,0.0,0,0,0.0,3,0.75,1323,0.4979882148326973,0.33460076045627374,0.9732142857142857,island,0.34402416223163523,0.20956719817730934,0.9598715890773687,5707,3,2,2,0,0,0.0,0,0,0.0,2,0.6666666666666666,3177,0.3837699363688951,0.2395543175487465,0.9642857142857143,island,0.5356824264038009,0.3709079678802628,0.9638844301688293,3238,17,16,16,0,0,0.0,0,0,0.0,16,0.9411764705882353,724,0.4678675637222986,0.3079584775086505,0.9732142857142857,island,0.4101958136387404,0.25972637879380134,0.9751203852249188,4678,4,3,3,0,0,0.0,0,0,0.0,3,0.75,2156,0.405875975254576,0.2551928783382789,0.9910714285714286,island
20160321_185557_1_721,boundary_margin_error,0.1055725691786065,18286,False,False,True,1,0.8462683604602903,0.7745480970111842,0.9326260527174162,22018,1,0,0,0,0,0.0,0,0,0.0,0,0.0,0,0.9694661444244876,0.950965824665676,0.9887005649717514,clean,0.8368849661089295,0.7551038366768941,0.9385322104336987,22728,1,0,0,0,0,0.0,0,0,0.0,0,0.0,0,0.9526114355817927,0.9178470254957507,0.9901129943502824,clean,0.8365618033190894,0.764625973555169,0.9234386962698657,22084,1,0,0,0,0,0.0,0,0,0.0,0,0.0,0,0.9127626787933825,0.8507972665148064,0.9844632768361582,clean,0.8241280106515076,0.7290203171662267,0.9477742535267702,23773,1,0,0,0,0,0.0,0,0,0.0,0,0.0,0,0.9526400434767499,0.9203413940256046,0.9872881355932204,clean
20160321_185557_641_721,high_quality,0.0769535621036926,21448,False,False,False,1,0.9091078326427819,0.907460745144984,0.910760910107744,21526,1,0,0,0,0,0.0,0,0,0.0,0,0.0,0,0.9701292911279537,0.9855072463768116,0.9552238805970149,clean,0.9052841938929904,0.9023904382465939,0.9081965684441867,21586,3,2,2,0,0,0.0,0,0,0.0,2,0.6666666666666666,136,0.9526783033382137,0.9514925373134329,0.9538670284938942,island,0.894513022090225,0.8822035819538053,0.9071708317787639,22055,1,0,0,0,0,0.0,0,0,0.0,0,0.0,0,0.9120883946974496,0.8807615230460922,0.9457259158751696,clean,0.8966787119937173,0.8854493386058978,0.9081965684441867,21999,1,0,0,0,0,0.0,0,0,0.0,0,0.0,0,0.9519436431781165,0.9486858573216521,0.9552238805970149,clean
20160324_170347_1281_1,high_quality,0.1567349926793557,6830,False,False,False,2,0.8755121805849098,0.891248293643423,0.8603221083442748,6593,1,-1,1,1,2,1.0,0,0,0.0,0,0.0,0,0.9588688946015425,0.9893899204244032,0.9301745635910225,merge,0.8819569120280655,0.9016518813078898,0.8631039531466134,6538,1,-1,1,1,2,1.0,0,0,0.0,0,0.0,0,0.961564621223457,0.989501312335958,0.9351620947630923,merge,0.8755299818285315,0.9065537786125643,0.8465592972169157,6378,1,-1,1,1,2,1.0,0,0,0.0,0,0.0,0,0.9507296961518624,0.9777227722772277,0.9251870324189526,merge,0.8817366397822554,0.9086530992684346,0.8563689604672674,6437,1,-1,1,1,2,1.0,0,0,0.0,0,0.0,0,0.9585523329868381,0.9915492957746479,0.9276807980049875,merge
20160324_170347_1281_1081,boundary_margin_error,0.1827083333333333,7200,False,False,True,1,0.8213789573730924,0.8672224795416594,0.7801388888878054,6477,1,0,0,0,0,0.0,0,0,0.0,0,0.0,0,0.9430539969204269,0.9864864864864865,0.9032846715328468,clean,0.8195540571597428,0.9140317894361408,0.7427777777767461,5851,1,0,0,0,0,0.0,0,0,0.0,0,0.0,0,0.9328553039505411,0.9930232558139535,0.8795620437956204,clean,0.8044520018543789,0.9069362147073773,0.7227777777767739,5738,1,0,0,0,0,0.0,0,0,0.0,0,0.0,0,0.9282173250267941,0.9825708061002179,0.8795620437956204,clean,0.824746873138159,0.8887997432591643,0.7693055555544871,6232,1,0,0,0,0,0.0,0,0,0.0,0,0.0,0,0.9410096604701458,0.9930394431554525,0.8941605839416058,clean
20160324_170347_1281_361,complex_topology,0.1695357329160146,7668,False,False,False,5,0.8081381868764154,0.7273580968272878,0.909102764735382,9584,1,-4,4,1,5,1.0,0,0,0.0,0,0.0,0,0.8872912484463087,0.804177545691906,0.9895652173913043,merge,0.804903801031907,0.731449893389412,0.894757433488661,9380,1,-4,4,1,5,1.0,0,0,0.0,0,0.0,0,0.8646543330087633,0.783068783068783,0.9652173913043478,merge,0.7959062239671569,0.7318888159326636,0.8721961398006361,9138,1,-4,4,1,5,1.0,0,0,0.0,0,0.0,0,0.8314808632861422,0.7363834422657952,0.9547826086956521,merge,0.8064382996280841,0.735930270094979,0.8918883672393167,9293,1,-4,4,1,5,1.0,0,0,0.0,0,0.0,0,0.8813841637344104,0.8085106382978723,0.9686956521739131,merge
20160324_170347_1281_721,boundary_margin_error,0.2141530642165966,10231,True,False,True,1,0.7367662945620984,0.7776933101642292,0.6999315804899814,9208,1,0,0,0,0,0.0,0,0,0.0,0,0.0,0,0.8356144647745282,0.866965620328849,0.8064516129032258,clean,0.7464037497975613,0.8315726290506222,0.6770599159410838,8330,1,0,0,0,0,0.0,0,0,0.0,0,0.0,0,0.8601438052699852,0.9273743016759777,0.8020022246941045,clean,0.725168326748247,0.8418604651151914,0.6368878897462252,7740,4,3,3,0,0,0.0,1,2,1.0,1,0.25,1,0.8389813075633,0.9140518417462483,0.7753058954393771,mixed,0.7461581949937061,0.7867981790583277,0.7095103117967847,9226,2,1,1,0,0,0.0,1,1,1.0,0,0.0,0,0.8656606785233337,0.9211678832116789,0.8164627363737486,fragment
20160324_170347_641_1,moderate_general_error,0.390379113018598,2796,True,False,False,1,0.7236475181250368,0.5930073126129045,0.9281115879795132,4376,1,0,0,0,0,0.0,0,0,0.0,0,0.0,0,0.9455631662975742,0.947075208913649,0.9440559440559441,clean,0.7764240024356132,0.6761273209531138,0.9116595135875835,3770,2,1,1,0,0,0.0,1,1,1.0,0,0.0,0,0.9630169883483055,0.9852941176470589,0.9417249417249417,fragment,0.7832807570965563,0.7006207674923798,0.8880543633730756,3544,2,1,1,0,0,0.0,1,1,1.0,0,0.0,0,0.9507242976142003,0.9774647887323944,0.9254079254079254,fragment,0.7551648351637287,0.6396128071465882,0.9216738197391929,4029,1,0,0,0,0,0.0,0,0,0.0,0,0.0,0,0.9522381267582326,0.9605633802816902,0.9440559440559441,clean
20160324_170347_641_361,boundary_margin_error,0.3583617747440273,4102,True,False,True,3,0.7502767991940107,0.6389507971873154,0.908581179910023,5833,2,-1,1,1,3,1.0,1,1,0.3333333333333333,0,0.0,0,0.9333092925240596,0.9579439252336449,0.9099099099099099,mixed,0.8027270727943668,0.7311698717934071,0.8898098488520483,4992,2,-1,1,1,3,1.0,1,1,0.3333333333333333,0,0.0,0,0.9453702184447433,0.9816091954022989,0.9117117117117117,mixed,0.7932218407345295,0.7268114471265946,0.8729887859559411,4927,2,-1,1,1,3,1.0,1,1,0.3333333333333333,0,0.0,0,0.9253276873022003,0.9634703196347032,0.8900900900900901,mixed,0.7716781035550304,0.6727701232765179,0.904680643586288,5516,2,-1,1,1,3,1.0,1,1,0.3333333333333333,0,0.0,0,0.944281590051077,0.9813519813519813,0.9099099099099099,mixed
20160324_170347_641_721,boundary_margin_error,0.2660746003552398,2815,True,False,True,1,0.7991452991439857,0.7436524931148863,0.8635879218441791,3269,1,0,0,0,0,0.0,0,0,0.0,0,0.0,0,0.9461966604823748,1.0,0.897887323943662,clean,0.8299930891485314,0.807938109650831,0.853285968025388,2973,1,0,0,0,0,0.0,0,0,0.0,0,0.0,0,0.952029520295203,1.0,0.9084507042253521,clean,0.8211569078350944,0.8178294573614594,0.8245115452901438,2838,1,0,0,0,0,0.0,0,0,0.0,0,0.0,0,0.9402985074626865,1.0,0.8873239436619719,clean,0.8227280279102464,0.7727840199726193,0.8795737122526481,3204,1,0,0,0,0,0.0,0,0,0.0,0,0.0,0,0.9461966604823748,1.0,0.897887323943662,clean
20160326_141808_1281_1,missed_crack_high_fn,0.1405555555555555,4500,False,False,False,4,0.06417842512509765,0.06576492537298095,0.06266666666652741,4288,4,0,0,0,0,0.0,0,0,0.0,3,0.75,1553,0.06512210394489669,0.0449438202247191,0.11818181818181818,island,0.0854952830187419,0.12697022767019717,0.06444444444430124,2284,11,7,7,0,0,0.0,1,4,0.25,5,0.45454545454545453,337,0.11207484650618847,0.12077294685990338,0.10454545454545454,mixed,0.07811228641155796,0.46153846152736683,0.04266666666657185,416,12,8,8,0,0,0.0,1,1,0.25,10,0.8333333333333334,70,0.11381149970361588,0.34408602150537637,0.06818181818181818,mixed,0.3786523081792868,0.29413211957154123,0.5313333333321526,8129,6,2,2,1,3,0.75,0,0,0.0,4,0.6666666666666666,1256,0.36986979364958505,0.26556776556776557,0.6090909090909091,mixed
20160326_141808_641_1,high_quality,0.0821033210332103,1084,False,False,False,1,0.9272567922834039,0.8831385642664179,0.9760147601385978,1198,1,0,0,0,0,0.0,0,0,0.0,0,0.0,0,0.9695987028779895,0.9811320754716981,0.9583333333333334,clean,0.8071539657822429,0.6975806451566023,0.9575645756369229,1488,5,4,4,0,0,0.0,0,0,0.0,4,0.8,323,0.7112970711297072,0.6204379562043796,0.8333333333333334,island,0.8384037929638941,0.7332411886611386,0.978782287813849,1447,9,8,8,0,0,0.0,0,0,0.0,8,0.8888888888888888,218,0.7173800034656039,0.5732484076433121,0.9583333333333334,island,0.9358690844717564,0.8988954970187011,0.9760147601385978,1177,1,0,0,0,0,0.0,0,0,0.0,0,0.0,0,0.9518503780342221,0.9454545454545454,0.9583333333333334,clean
20160326_141808_641_361,boundary_margin_error,0.1060047691307175,9226,False,False,True,1,0.737122643794768,0.6665498203482021,0.8244092781261386,11411,1,0,0,0,0,0.0,0,0,0.0,0,0.0,0,0.9256905182740067,0.9436997319034852,0.9083557951482479,clean,0.7657984956246401,0.7253077444986669,0.8110773899839463,10317,1,0,0,0,0,0.0,0,0,0.0,0,0.0,0,0.940556627483927,0.9751243781094527,0.9083557951482479,clean,0.7313947757512013,0.7391256225780418,0.7238239757200045,9035,5,4,4,0,0,0.0,1,4,1.0,0,0.0,0,0.826322343668969,0.8600405679513184,0.7951482479784366,fragment,0.7619594885788622,0.6825083640725036,0.8623455451974177,11657,1,0,0,0,0,0.0,0,0,0.0,0,0.0,0,0.945408868232634,0.9672544080604534,0.9245283018867925,clean
20160326_141808_641_721,missed_crack_high_fn,0.1385013663166978,6953,False,False,False,4,0.3777368905240315,0.524125606330038,0.2952682295407806,3917,1,-3,3,1,4,1.0,0,0,0.0,0,0.0,0,0.6369384359400999,0.7565217391304347,0.55,merge,0.35160564532588295,0.608495575219085,0.24723141090141346,2825,3,-1,1,1,4,1.0,1,1,0.25,1,0.3333333333333333,13,0.5718815020311105,0.6446280991735537,0.5138888888888888,mixed,0.119592875317914,0.5181918412291269,0.067596720839828,907,18,14,14,0,0,0.0,2,3,0.5,13,0.7222222222222222,17,0.26473546570106615,0.5433526011560693,0.175,mixed,0.52900120336901,0.5981494920163314,0.4741838055508785,5512,6,2,2,1,4,1.0,1,4,0.25,1,0.16666666666666666,1,0.768231046931408,0.8,0.7388888888888889,mixed
20160326_142521_1281_1,missed_crack_high_fn,0.0594200721153846,13312,False,False,False,1,0.4300949938805116,0.9591889784222533,0.27719350961517636,3847,1,0,0,0,0,0.0,0,0,0.0,0,0.0,0,0.4945770065075922,1.0,0.3285302593659942,clean,0.3485238270241648,0.9439283344361515,0.21371694711522407,3014,3,2,2,0,0,0.0,1,1,1.0,1,0.3333333333333333,71,0.4090702173665643,0.9294117647058824,0.2622478386167147,mixed,0.4084482457669119,0.9058064516105657,0.26367187499980194,3875,10,9,9,0,0,0.0,1,2,1.0,7,0.7,7,0.45759781619654233,0.8867924528301887,0.30835734870317005,mixed,0.4090131540137975,0.9522109310602795,0.2604417067305736,3641,2,1,1,0,0,0.0,1,1,1.0,0,0.0,0,0.4831854025955656,0.9606299212598425,0.3227665706051873,fragment
20160326_142521_1281_1081,missed_crack_high_fn,0.1419659160073037,3286,False,False,False,2,0.34301412872774134,0.4828729281741278,0.26597687157557526,1810,1,-1,1,0,0,0.0,0,0,0.0,0,0.0,0,0.36868686868686873,0.6083333333333333,0.2644927536231884,clean,0.39669153421927233,0.4246527777763033,0.3721850273877901,2880,2,0,0,0,0,0.0,0,0,0.0,1,0.5,79,0.4126504742864434,0.4320388349514563,0.39492753623188404,island,0.3614049936513724,0.5930555555514372,0.25989044430839964,1440,9,7,7,0,0,0.0,2,3,1.0,4,0.4444444444444444,4,0.4246913580246914,0.6666666666666666,0.3115942028985507,mixed,0.10253583241427085,0.5438596491069047,0.056603773584733404,342,5,3,3,0,0,0.0,1,3,0.5,1,0.2,156,0.0880833403912933,0.6779661016949152,0.04710144927536232,mixed
20160326_142521_1281_361,boundary_margin_error,0.0972777357675272,9257,False,False,True,1,0.7374812218322875,0.8767673760963287,0.6363832775190273,6719,1,0,0,0,0,0.0,0,0,0.0,0,0.0,0,0.8730568928651073,0.9469026548672567,0.8098958333333334,clean,0.441784191537847,0.916638312348021,0.2910230096140315,2939,8,7,7,0,0,0.0,1,6,1.0,1,0.125,40,0.5807151529956103,0.8736462093862816,0.4348958333333333,mixed,0.44890481879693434,0.8544572468136614,0.3044182780595177,3298,4,3,3,0,0,0.0,1,2,1.0,1,0.25,13,0.5850523682209522,0.7928994082840237,0.4635416666666667,mixed,0.6123402322710618,0.7665692007784819,0.5097763854374961,6156,3,2,2,0,0,0.0,1,1,1.0,1,0.3333333333333333,3,0.720341767992113,0.7272727272727273,0.7135416666666666,mixed
20160326_142521_1281_721,moderate_general_error,0.083070830708307,11111,False,False,False,1,0.661388826057079,0.8897002890599579,0.5263252632521588,6573,1,0,0,0,0,0.0,0,0,0.0,0,0.0,0,0.6795203773647144,0.944954128440367,0.5305039787798409,clean,0.6665147544715355,0.907962129441397,0.5265052650521767,6443,1,0,0,0,0,0.0,0,0,0.0,0,0.0,0,0.7142709517412421,0.9481481481481482,0.5729442970822282,clean,0.6583936573591529,0.9102462271629702,0.5157051570511063,6295,5,4,4,0,0,0.0,0,0,0.0,4,0.8,19,0.6755732801595214,0.9063670411985019,0.5384615384615384,island,0.7139773340525019,0.8916295996753044,0.5953559535589997,7419,1,0,0,0,0,0.0,0,0,0.0,0,0.0,0,0.7122984599812016,0.934156378600823,0.5755968169761273,clean
20160326_142521_641_1,missed_crack_high_fn,0.107380073800738,1355,False,False,False,1,0.0,0.0,0.0,342,3,2,2,0,0,0.0,0,0,0.0,3,1.0,342,0.0,0.0,0.0,island,0.0,0.0,0.0,695,4,3,3,0,0,0.0,0,0,0.0,4,1.0,695,0.0,0.0,0.0,island,0.0,0.0,0.0,120,7,6,6,0,0,0.0,0,0,0.0,7,1.0,120,0.0,0.0,0.0,island,0.0,0.0,0.0,0,0,-1,1,0,0,0.0,0,0,0.0,0,0.0,0,0.0,0.0,0.0,clean
20160326_142521_641_1081,missed_crack_high_fn,0.1602332127060715,2487,False,False,False,2,0.0,0.0,0.0,1428,3,1,1,0,0,0.0,0,0,0.0,3,1.0,1428,0.0,0.0,0.0,island,0.0,0.0,0.0,1450,2,0,0,0,0,0.0,0,0,0.0,2,1.0,1450,0.0,0.0,0.0,island,0.0,0.0,0.0,976,7,5,5,0,0,0.0,0,0,0.0,7,1.0,976,0.0,0.0,0.0,island,0.0,0.0,0.0,207,2,0,0,0,0,0.0,0,0,0.0,2,1.0,207,0.0,0.0,0.0,island
20160326_142745_1281_1081,boundary_margin_error,0.1349822537710736,4508,False,False,True,2,0.744215773998793,0.8781297134211822,0.6457409050562428,3315,2,0,0,0,0,0.0,0,0,0.0,1,0.5,1,0.8944775732434534,0.8928571428571429,0.8961038961038961,island,0.697087639242119,0.8824328916042051,0.5760869565204613,2943,2,0,0,0,0,0.0,0,0,0.0,1,0.5,5,0.8568413647555398,0.8565400843881856,0.8571428571428571,island,0.694306403520241,0.9644970414163136,0.542369121560465,2535,1,-1,1,0,0,0.0,0,0,0.0,0,0.0,0,0.8737687277543249,0.9806763285024155,0.7878787878787878,clean,0.7450626048783464,0.8910157455977431,0.6401952085167698,3239,2,0,0,0,0,0.0,0,0,0.0,1,0.5,12,0.8967122490544079,0.8973214285714286,0.8961038961038961,island
20160326_142745_1281_361,missed_crack_high_fn,0.05537611559711,11765,False,False,False,1,0.15230020411355605,0.9969167523021899,0.08244793880145988,973,3,2,2,0,0,0.0,1,1,1.0,1,0.3333333333333333,2,0.249685006299874,0.9666666666666667,0.14335664335664336,mixed,0.2571573530475776,0.8730314960586958,0.15078623034411323,2032,2,1,1,0,0,0.0,1,1,1.0,0,0.0,0,0.4030462235503929,0.9112903225806451,0.25874125874125875,fragment,0.40139390810505843,0.8335566872129897,0.2643433914149899,3731,17,16,16,0,0,0.0,1,12,1.0,4,0.23529411764705882,5,0.45817091454272857,0.8967136150234741,0.3076923076923077,mixed,0.2738835091774289,0.9141341051571918,0.16107097322553243,2073,1,0,0,0,0,0.0,0,0,0.0,0,0.0,0,0.4155124653739612,1.0,0.26223776223776224,clean
20160326_142745_1281_721,moderate_general_error,0.0874219691161975,18262,False,False,False,1,0.6390871193384303,0.9005376344077055,0.49529076771410835,10044,3,2,2,0,0,0.0,1,2,1.0,0,0.0,0,0.7972383247573764,0.975609756097561,0.6740088105726872,fragment,0.7061536918806344,0.9063063063055287,0.578414193406758,11655,2,1,1,0,0,0.0,0,0,0.0,1,0.5,4,0.8675739505995642,0.9472049689440993,0.8002936857562408,island,0.6811750391097927,0.932781110158114,0.5364691709557898,10503,6,5,5,0,0,0.0,1,5,1.0,0,0.0,0,0.8172950134187396,0.9535256410256411,0.7151248164464024,fragment,0.7542031658211913,0.8595950395846286,0.6718322199098281,14273,1,0,0,0,0,0.0,0,0,0.0,0,0.0,0,0.8886894552482183,0.9238653001464129,0.856093979441997,clean
20160326_142745_1921_1081,moderate_general_error,0.1605775366943203,6268,False,False,False,2,0.6084620550699333,0.7631768953050224,0.5059029993610308,4155,2,0,0,0,0,0.0,1,1,0.5,0,0.0,0,0.6145542043311438,0.9043062200956937,0.4654255319148936,fragment,0.6297133556373725,0.7267793779989005,0.5555201021050487,4791,1,-1,1,0,0,0.0,0,0,0.0,0,0.0,0,0.6793030187721969,0.9008620689655172,0.5452127659574468,clean,0.5735281837155962,0.6017171894154517,0.5478621569870009,5707,2,0,0,0,0,0.0,0,0,0.0,1,0.5,1,0.607543922251842,0.7035830618892508,0.5345744680851063,island,0.6433897072189094,0.7479915433387991,0.5644543714094377,4730,1,-1,1,0,0,0.0,0,0,0.0,0,0.0,0,0.6830492717694453,0.9067796610169492,0.5478723404255319,clean
20160326_142745_1_1,moderate_general_error,0.1108769240595261,15657,False,False,False,1,0.5137402103894927,0.9360013508933874,0.3540269528004381,5922,1,0,0,0,0,0.0,0,0,0.0,0,0.0,0,0.6625672816859921,0.9566473988439307,0.5067796610169492,clean,0.48225737494632925,0.9410456062273989,0.32420003832131045,5394,1,0,0,0,0,0.0,0,0,0.0,0,0.0,0,0.6509951142162078,0.9508670520231214,0.49491525423728816,clean,0.4929436920881478,0.9626948775037812,0.33128951906474335,5388,1,0,0,0,0,0.0,0,0,0.0,0,0.0,0,0.6566182317646209,0.96875,0.4966101694915254,clean,0.5089856696071936,0.945542837320594,0.34821485597474083,5766,2,1,1,0,0,0.0,1,1,1.0,0,0.0,0,0.6970765541729781,0.9644808743169399,0.5457627118644067,fragment
20160326_142745_641_361,boundary_margin_error,0.0970051768348734,20669,False,False,True,1,0.8096574651876695,0.9268779635631851,0.7187575596300165,16028,1,0,0,0,0,0.0,0,0,0.0,0,0.0,0,0.9434845480160897,0.9920106524633822,0.8994845360824743,clean,0.6108853550057239,0.9019274376408711,0.46185108132930386,10584,10,9,9,0,0,0.0,1,9,1.0,0,0.0,0,0.8317690263914016,0.983941605839416,0.720360824742268,fragment,0.6079269664725295,0.9057471264359139,0.45749673423946124,10440,4,3,3,0,0,0.0,1,3,1.0,0,0.0,0,0.8120522237563939,0.9824817518248176,0.6920103092783505,fragment,0.8188518024029857,0.9137119361176844,0.7418355992061823,16781,3,2,2,0,0,0.0,1,2,1.0,0,0.0,0,0.9749586711220248,0.9876084262701363,0.9626288659793815,fragment
20160328_151020_1281_361,complex_topology,0.1719038817005545,11361,False,False,False,6,0.5927130774233771,0.44631006992364214,0.8820526362108246,22453,1,-5,5,1,6,1.0,0,0,0.0,0,0.0,0,0.7681611587446933,0.6251673360107095,0.9959677419354839,merge,0.6270058464981256,0.4847799951909186,0.8873338614550766,20795,1,-5,5,1,6,1.0,0,0,0.0,0,0.0,0,0.7975077881619937,0.6632124352331606,1.0,merge,0.6085491037228103,0.46676694556713977,0.8740427779237091,21274,5,-1,1,1,6,1.0,0,0,0.0,4,0.8,4,0.7174749577013491,0.5606936416184971,0.9959677419354839,mixed,0.5945602587051468,0.44240106561232223,0.9062582519136464,23273,2,-4,4,1,6,1.0,0,0,0.0,1,0.5,8,0.7401809931149593,0.5884615384615385,0.9973118279569892,mixed
20160328_151020_1921_361,over_segmentation,0.201913393756294,9930,True,False,False,1,0.5145297665424309,0.3605953969986002,0.8977844914391764,24723,1,0,0,0,0,0.0,0,0,0.0,0,0.0,0,0.5769425305443469,0.41786743515850144,0.9315789473684211,clean,0.5216029693207326,0.3662648639842131,0.90574018126797,24556,1,0,0,0,0,0.0,0,0,0.0,0,0.0,0,0.5655654088831077,0.4060356652949246,0.9315789473684211,clean,0.5675876595215686,0.40985953296930755,0.9226586102709741,22354,2,1,1,0,0,0.0,0,0,0.0,1,0.5,1,0.6128988330303909,0.4503171247357294,0.9592105263157895,island,0.5223443847835103,0.36380545332210856,0.9257804632417665,25269,1,0,0,0,0,0.0,0,0,0.0,0,0.0,0,0.5739533471582544,0.413447782546495,0.9381578947368421,clean
20160328_151020_1_1,moderate_general_error,0.1596279196089082,14728,False,False,False,1,0.6903628062249766,0.5406382160705342,0.9547800108630127,26010,1,0,0,0,0,0.0,0,0,0.0,0,0.0,0,0.8745205798677529,0.7846153846153846,0.9876957494407159,clean,0.6619179144253861,0.514578467565541,0.9274850624654213,26546,1,0,0,0,0,0.0,0,0,0.0,0,0.0,0,0.872328985094401,0.8026490066225166,0.9552572706935123,clean,0.7095470529573533,0.5782787235860303,0.9179114611617885,23378,7,6,6,0,0,0.0,1,2,1.0,4,0.5714285714285714,4,0.8282544242151241,0.7330367074527252,0.9519015659955258,mixed,0.6817306267593516,0.5357059691063666,0.9371944595322262,25766,2,1,1,0,0,0.0,1,1,1.0,0,0.0,0,0.8296769627152728,0.7243107769423559,0.970917225950783,fragment
20160328_151020_1_361,false_crack_high_fp,0.2297346419483824,2751,True,False,False,1,0.4013511438658058,0.2544038929437913,0.95019992729571,10275,4,3,3,0,0,0.0,0,0,0.0,3,0.75,3479,0.3035933554201515,0.18051575931232092,0.9541284403669725,island,0.4343326488702798,0.28056027164656133,0.9611050527046126,9424,3,2,2,0,0,0.0,0,0,0.0,2,0.6666666666666666,2764,0.3042913120617843,0.18052256532066507,0.9678899082568807,island,0.4324897959180143,0.2788714601534068,0.9629225736060962,9499,6,5,5,0,0,0.0,0,0,0.0,5,0.8333333333333334,3627,0.46935227314763434,0.3112244897959184,0.9541284403669725,island,0.3423258250390634,0.20876926763021422,0.95019992729571,12521,3,2,2,0,0,0.0,0,0,0.0,2,0.6666666666666666,6627,0.3176505670613811,0.19036144578313252,0.9587155963302753,island
20160328_151020_641_361,complex_topology,0.2017221077421254,6794,True,False,False,5,0.5921339761478852,0.45186275269115334,0.858698851926908,12911,2,-3,3,2,5,1.0,0,0,0.0,0,0.0,0,0.6496109388451026,0.5707865168539326,0.7536945812807881,merge,0.5688179282482596,0.4224285714282697,0.870473947599543,14000,3,-2,2,2,5,1.0,0,0,0.0,1,0.3333333333333333,139,0.5656574460435575,0.44534412955465585,0.7750410509031199,mixed,0.6181069089369225,0.4820398747730416,0.861201059757343,12138,5,0,0,2,5,1.0,0,0,0.0,3,0.6,9,0.6360930799334473,0.5426195426195426,0.7684729064039408,mixed,0.5656556052103424,0.41776685393229085,0.8756255519563209,14240,3,-2,2,2,5,1.0,0,0,0.0,1,0.3333333333333333,578,0.5898887863629741,0.4701492537313433,0.7914614121510674,mixed
20160328_151020_641_721,moderate_general_error,0.1597313777191826,12136,False,False,False,1,0.6439390554485305,0.7033674963389913,0.5937705998676716,10245,3,2,2,0,0,0.0,1,2,1.0,0,0.0,0,0.7159787802400391,0.8967391304347826,0.5958668197474167,fragment,0.7227200462491968,0.6435649935645794,0.8240771259057151,15540,3,2,2,0,0,0.0,1,2,1.0,0,0.0,0,0.8195367393873169,0.7818181818181819,0.8610792192881745,fragment,0.6815697963235868,0.7540721494945997,0.621786420566396,10007,6,5,5,0,0,0.0,1,5,1.0,0,0.0,0,0.7422014203261805,0.8977272727272727,0.6326061997703789,fragment,0.7414705588653792,0.6219914000108214,0.9177653263011554,17907,1,0,0,0,0,0.0,0,0,0.0,0,0.0,0,0.880128950643733,0.8159806295399515,0.9552238805970149,clean
20160328_151057_1281_1,boundary_margin_error,0.2032124352331606,4825,True,False,True,3,0.8184153329373459,0.7819520483277668,0.8584455958531432,5297,1,-2,2,1,3,1.0,0,0,0.0,0,0.0,0,0.945711342164678,0.9692737430167597,0.9232673267326733,merge,0.8195935383003443,0.8243186582791944,0.8149222797910571,4770,1,-2,2,1,3,1.0,0,0,0.0,0,0.0,0,0.9352351354520935,0.9501385041551247,0.9207920792079208,merge,0.8148695743998152,0.8307493540033791,0.7995854922263221,4644,1,-2,2,1,3,1.0,0,0,0.0,0,0.0,0,0.9296035744842667,0.9464285714285714,0.9133663366336634,merge,0.8185170012281662,0.8090706620757054,0.8281865284956929,4939,1,-2,2,1,3,1.0,0,0,0.0,0,0.0,0,0.935336142150577,0.9556786703601108,0.9158415841584159,merge
20160328_151057_1281_1081,thin_low_area_failure,0.3088235294117647,3332,True,True,False,4,0.540316774657541,0.38586118251878426,0.9009603841509576,7780,5,1,1,1,2,0.5,0,0,0.0,2,0.4,1597,0.6890078009154793,0.5270758122743683,0.9945652173913043,mixed,0.5395660832192227,0.41455951038747857,0.7725090035991221,6209,6,2,2,1,2,0.5,0,0,0.0,3,0.5,2000,0.6611816613960053,0.5044404973357016,0.9592391304347826,mixed,0.585313941113178,0.4829268292673504,0.7427971188453097,5125,6,2,2,1,2,0.5,0,0,0.0,3,0.5,1476,0.7191780821917807,0.5833333333333334,0.9375,mixed,0.5441162593181615,0.3968341362692404,0.865246098436779,7265,6,2,2,1,2,0.5,0,0,0.0,3,0.5,1523,0.6941320420701863,0.5346715328467153,0.9891304347826086,mixed
20160328_151057_1281_361,boundary_margin_error,0.1837971657845313,5857,False,False,True,2,0.8286371934273921,0.7742509641044583,0.8912412497850585,6742,1,-1,1,1,2,1.0,0,0,0.0,0,0.0,0,0.9181434599156119,0.9784172661870504,0.8648648648648649,merge,0.8221180583134804,0.7687964338770151,0.8833873996911672,6730,1,-1,1,1,2,1.0,0,0,0.0,0,0.0,0,0.922304271527723,0.973621103117506,0.8761261261261262,merge,0.8021252892271813,0.8052305574659235,0.7990438791176386,5812,1,-1,1,1,2,1.0,0,0,0.0,0,0.0,0,0.8589770546605309,0.9103869653767821,0.8130630630630631,merge,0.8257446635818312,0.7869740098997726,0.8685333788614162,6464,1,-1,1,1,2,1.0,0,0,0.0,0,0.0,0,0.9140904035517619,0.9778869778869779,0.8581081081081081,merge
20160328_151057_1281_721,boundary_margin_error,0.1648767024659506,16667,False,False,True,2,0.8130330198991556,0.8480839416052867,0.7807643847118373,15344,3,1,1,0,0,0.0,1,1,0.5,0,0.0,0,0.9245194802415839,0.9751351351351352,0.8788990825688073,fragment,0.8010780287471763,0.8609061444032405,0.7490250194991606,14501,3,1,1,0,0,0.0,1,1,0.5,0,0.0,0,0.9170718374789941,0.9721627408993576,0.8678899082568807,fragment,0.8048505176247928,0.8701534170147348,0.7486650266990168,14340,3,1,1,0,0,0.0,1,1,0.5,0,0.0,0,0.9089156626506024,0.9573604060913705,0.865137614678899,fragment,0.8214627519987584,0.8460951411849109,0.7982240355188106,15724,3,1,1,0,0,0.0,1,1,0.5,0,0.0,0,0.9368833678909192,0.9758403361344538,0.9009174311926605,fragment
20160328_151057_1921_721,boundary_margin_error,0.1402439024390244,11316,False,False,True,1,0.8110012062722263,0.8931873737901017,0.7426652527388276,9409,2,1,1,0,0,0.0,1,1,1.0,0,0.0,0,0.9558232931726908,0.9459459459459459,0.9659090909090909,fragment,0.7993857737265705,0.9094905320097953,0.7130611523500238,8872,2,1,1,0,0,0.0,1,1,1.0,0,0.0,0,0.9608801636134501,0.9587020648967551,0.9630681818181818,fragment,0.7945670628179393,0.9134328358198467,0.7030752916218601,8710,2,1,1,0,0,0.0,1,1,1.0,0,0.0,0,0.957442695155881,0.9546742209631728,0.9602272727272727,fragment,0.8138755283482417,0.9038523794098371,0.7401908801690171,9267,1,0,0,0,0,0.0,0,0,0.0,0,0.0,0,0.9627528205307537,0.9540740740740741,0.9715909090909091,clean
20160328_151057_641_1081,boundary_margin_error,0.2460738774607387,4521,True,False,True,2,0.7384377715547567,0.6552433173395216,0.8458305684564348,5836,1,-1,1,1,2,1.0,0,0,0.0,0,0.0,0,0.9157818532818534,0.8668341708542714,0.9705882352941176,merge,0.7424632163795221,0.6941131204295996,0.79805352797877,5198,1,-1,1,1,2,1.0,0,0,0.0,0,0.0,0,0.9230459509789118,0.8860759493670886,0.9632352941176471,merge,0.7127582269275274,0.6715571204994688,0.7593452775917732,5112,6,4,4,1,2,1.0,0,0,0.0,5,0.8333333333333334,323,0.8315387941049314,0.7625754527162978,0.9142156862745098,mixed,0.7447992968056013,0.66684155298939,0.8433974784321093,5718,1,-1,1,1,2,1.0,0,0,0.0,0,0.0,0,0.9282021298261058,0.885286783042394,0.9754901960784313,merge
20160328_151057_641_721,boundary_margin_error,0.1706816559600285,5604,False,False,True,2,0.7867226890749691,0.7434879288425295,0.8352962169863752,6296,1,-1,1,1,2,1.0,0,0,0.0,0,0.0,0,0.9055692760218663,0.91875,0.8927613941018767,merge,0.7858002406732114,0.7580431177433532,0.8156673804410856,6030,1,-1,1,1,2,1.0,0,0,0.0,0,0.0,0,0.8967932127385715,0.8981481481481481,0.8954423592493298,merge,0.7792855164767106,0.8072289156611069,0.7532119914333455,5229,1,-1,1,1,2,1.0,0,0,0.0,0,0.0,0,0.8681973010218674,0.8932584269662921,0.8445040214477212,merge,0.7934763948491043,0.7644723784307568,0.8247680228393562,6046,1,-1,1,1,2,1.0,0,0,0.0,0,0.0,0,0.9122606458988283,0.9240121580547113,0.900804289544236,merge
20160328_151244_1281_1081,boundary_margin_error,0.0434822704846221,21687,False,False,True,1,0.8183263647604542,0.7124692370793299,0.9611287868303771,29256,4,3,3,0,0,0.0,0,0,0.0,3,0.75,4086,0.7137554681631391,0.5576923076923077,0.9911032028469751,island,0.8172921988601264,0.7121186179499667,0.9589154793189657,29203,3,2,2,0,0,0.0,0,0,0.0,2,0.6666666666666666,4383,0.6980219293843973,0.5387168141592921,0.9911032028469751,island,0.8761024423335999,0.8108786939284914,0.9527366625162758,25481,5,4,4,0,0,0.0,0,0,0.0,4,0.8,1270,0.7805762021636207,0.6445714285714286,0.9893238434163701,island,0.87045776808938,0.8044515725235469,0.9482639369202986,25564,4,3,3,0,0,0.0,0,0,0.0,3,0.75,3394,0.8114450312049929,0.6877828054298643,0.9893238434163701,island
20160328_151244_1281_361,high_quality,0.0704839382561535,23970,False,False,False,1,0.8806184153105833,0.8772823251766334,0.883979974968342,24153,2,1,1,0,0,0.0,0,0,0.0,1,0.5,270,0.9016192851895548,0.9216061185468452,0.8824809575625681,island,0.8754128137382605,0.8663289484431463,0.8846891948264978,24478,3,2,2,0,0,0.0,0,0,0.0,2,0.6666666666666666,481,0.8745573477270715,0.8699472759226714,0.8792165397170838,island,0.8891536548147219,0.8909974445976746,0.8873174801831926,23871,1,0,0,0,0,0.0,0,0,0.0,0,0.0,0,0.9146802015384472,0.953125,0.8792165397170838,clean,0.8872136609744092,0.8857380457376774,0.8886942010843184,24050,2,1,1,0,0,0.0,0,0,0.0,1,0.5,190,0.9129320804253079,0.9430740037950665,0.8846572361262242,island
20160328_151244_1281_721,complex_topology,0.0728577738515901,45280,False,False,False,6,0.8415948513366642,0.8399102547180415,0.8432862190810859,45462,3,-3,3,0,0,0.0,0,0,0.0,0,0.0,0,0.8847583494938583,0.9606741573033708,0.8199620972836387,clean,0.8484166357059195,0.8396634511396722,0.8573542402824962,46234,4,-2,2,1,2,0.3333333333333333,0,0,0.0,0,0.0,0,0.889259896072844,0.9365768896611643,0.8464939987365762,merge,0.8487543494935301,0.8545206276720045,0.8430653710245488,44673,4,-2,2,1,2,0.3333333333333333,1,1,0.16666666666666666,0,0.0,0,0.861329034254716,0.9040191961607679,0.8224889450410613,mixed,0.8410133310471044,0.8168873344989557,0.8666077738513988,48036,3,-3,3,1,2,0.3333333333333333,0,0,0.0,0,0.0,0,0.897127800143726,0.9463028169014085,0.8528111181301327,merge
20160328_151244_1921_1081,boundary_margin_error,0.1327468695514344,6309,False,False,True,3,0.7326716016144577,0.7806058433397014,0.6902837216663651,5579,2,-1,1,0,0,0.0,0,0,0.0,0,0.0,0,0.8291195769130689,0.8324742268041238,0.8257918552036199,clean,0.7200686106340307,0.7845262567729686,0.6653986368669117,5351,3,0,0,0,0,0.0,0,0,0.0,1,0.3333333333333333,3,0.8200238379022647,0.8664987405541562,0.7782805429864253,island,0.6967167501384746,0.8397048960410469,0.5953399904888329,4473,2,-1,1,0,0,0.0,0,0,0.0,0,0.0,0,0.8023488255872063,0.8894736842105263,0.7307692307692307,clean,0.708950589904454,0.8049959709895145,0.6333808844497807,4964,2,-1,1,0,0,0.0,0,0,0.0,0,0.0,0,0.8239174412558402,0.9025069637883009,0.7579185520361991,clean
20160328_151244_1921_361,high_quality,0.0475878833208676,32088,False,False,False,2,0.8740853810288739,0.9346414505194852,0.8208987783592555,28183,1,-1,1,0,0,0.0,0,0,0.0,0,0.0,0,0.9076700717767815,0.9751552795031055,0.8489208633093526,clean,0.8733392382638072,0.9218782464156375,0.8296559461478342,28878,1,-1,1,0,0,0.0,0,0,0.0,0,0.0,0,0.9002210546992797,0.9520833333333333,0.8537170263788969,clean,0.8752464747890052,0.9344726320627907,0.8230802792318551,28263,1,-1,1,0,0,0.0,0,0,0.0,0,0.0,0,0.9009964168261915,0.9629629629629629,0.8465227817745803,clean,0.8716086235487776,0.9314830568549087,0.8189665918720958,28212,1,-1,1,0,0,0.0,0,0,0.0,0,0.0,0,0.8983760867431267,0.9600798403193613,0.8441247002398081,clean
20160328_151244_1921_721,high_quality,0.065429709994702,43413,False,False,False,4,0.889809682289445,0.8529896471580705,0.9299518577382513,47330,2,-2,2,1,2,0.5,0,0,0.0,0,0.0,0,0.9017090383470793,0.9130434782608695,0.890652557319224,merge,0.8882826025024776,0.8470733287357435,0.9337064934464484,47853,2,-2,2,1,2,0.5,0,0,0.0,0,0.0,0,0.8966545804311058,0.8956043956043956,0.8977072310405644,merge,0.8869060154958726,0.8547773694554195,0.9215442379008774,46804,3,-1,1,1,2,0.5,0,0,0.0,1,0.3333333333333333,1,0.8880247928473218,0.8901098901098901,0.8859494415049971,mixed,0.8803525074710555,0.8360367078903661,0.9296293736896944,48273,2,-2,2,1,2,0.5,0,0,0.0,0,0.0,0,0.8901528327595247,0.8838643371017472,0.8965314520870077,merge
20160328_151244_1_1,boundary_margin_error,0.0706706356154789,28555,False,False,True,1,0.8382232481940506,0.8947577600250806,0.7884083347922296,25161,1,0,0,0,0,0.0,0,0,0.0,0,0.0,0,0.9726995781909076,0.9883720930232558,0.9575163398692811,clean,0.8552326223890568,0.9020163953530044,0.8130625109435079,25739,1,0,0,0,0,0.0,0,0,0.0,0,0.0,0,0.9790435816373667,0.9887780548628429,0.9694989106753813,clean,0.8415235472525089,0.8977687787831913,0.7919103484500816,25188,1,0,0,0,0,0.0,0,0,0.0,0,0.0,0,0.9638158881258038,0.963579604578564,0.9640522875816994,clean,0.8533734012531877,0.8949613743799166,0.8154789003674259,26019,2,1,1,0,0,0.0,0,0,0.0,1,0.5,38,0.9758736315388203,0.980106100795756,0.971677559912854,island
20160328_151244_1_1081,boundary_margin_error,0.1030948825844984,7367,False,False,True,1,0.8352593010140675,0.8684249084236361,0.8045337315042697,6825,1,0,0,0,0,0.0,0,0,0.0,0,0.0,0,0.9161915383006899,0.9913419913419913,0.8516320474777448,clean,0.839236673473108,0.8719637108562014,0.8088774263597002,6834,1,0,0,0,0,0.0,0,0,0.0,0,0.0,0,0.9093864654193161,0.9678714859437751,0.857566765578635,clean,0.8343207937748345,0.8798554652199942,0.7932672729729968,6642,1,0,0,0,0,0.0,0,0,0.0,0,0.0,0,0.9002336246430734,0.9473684210526315,0.857566765578635,clean,0.8339918109325235,0.8857186451008763,0.7879733948679408,6554,1,0,0,0,0,0.0,0,0,0.0,0,0.0,0,0.9162389398797319,0.9914529914529915,0.8516320474777448,clean
20160328_151244_1_721,high_quality,0.074433083620166,19756,False,False,False,1,0.8889056224897368,0.8816470822540919,0.8962846730102773,20084,1,0,0,0,0,0.0,0,0,0.0,0,0.0,0,0.9661889841229581,0.983402489626556,0.9495677233429395,clean,0.8901633212814138,0.8771929824557092,0.9035229803599395,20349,1,0,0,0,0,0.0,0,0,0.0,0,0.0,0,0.9643765830483249,0.975095785440613,0.9538904899135446,clean,0.8873242953084944,0.8754988421929962,0.8994735776468417,20297,1,0,0,0,0,0.0,0,0,0.0,0,0.0,0,0.9432687177663169,0.9315068493150684,0.9553314121037464,clean,0.8901983400614604,0.882037267080307,0.898511844502481,20125,1,0,0,0,0,0.0,0,0,0.0,0,0.0,0,0.9619030942792106,0.9685658153241651,0.9553314121037464,clean
20160328_151244_641_1,high_quality,0.0764286041085235,21857,False,False,False,1,0.8939322449747821,0.9227996687930823,0.8668161229807994,20531,1,0,0,0,0,0.0,0,0,0.0,0,0.0,0,0.941289398992114,0.9874476987447699,0.8992537313432836,clean,0.8956201014290237,0.9025693444218266,0.8887770508299909,21523,2,1,1,0,0,0.0,0,0,0.0,1,0.5,61,0.9377634702403641,0.9544592030360531,0.9216417910447762,island,0.8876020855440209,0.8952021964721972,0.8801299354893717,21489,6,5,5,0,0,0.0,0,0,0.0,5,0.8333333333333334,287,0.8936314991077787,0.8785834738617201,0.9092039800995025,island,0.8926127635802978,0.9084276848733202,0.8773390675752036,21109,1,0,0,0,0,0.0,0,0,0.0,0,0.0,0,0.9454867176334476,0.9892008639308856,0.9054726368159204,clean
20160328_151244_641_361,high_quality,0.0644104803493449,16946,False,False,False,1,0.8972007005667181,0.9026939848271294,0.8917738699392825,16741,1,0,0,0,0,0.0,0,0,0.0,0,0.0,0,0.9293906621560826,0.994535519125683,0.872255489021956,clean,0.8968036529677724,0.8954056120943024,0.898206066327807,16999,1,0,0,0,0,0.0,0,0,0.0,0,0.0,0,0.9292133003055671,0.9915492957746479,0.874251497005988,clean,0.8892471192307335,0.8998308361521871,0.8789094771622336,16552,2,1,1,0,0,0.0,1,1,1.0,0,0.0,0,0.9132356708388688,0.9835616438356164,0.8522954091816367,fragment,0.8884101171676392,0.8886461592956907,0.8881742004007505,16937,1,0,0,0,0,0.0,0,0,0.0,0,0.0,0,0.924892703862661,1.0,0.8602794411177644,clean
20160328_151244_641_721,high_quality,0.0500476371951219,52480,False,False,False,1,0.887772800914811,0.8880266920875333,0.8875190548778797,52450,1,0,0,0,0,0.0,0,0,0.0,0,0.0,0,0.9294946016247216,0.9941927990708479,0.8727025187202179,clean,0.8922821450043527,0.8937919431006073,0.8907774390242206,52303,1,0,0,0,0,0.0,0,0,0.0,0,0.0,0,0.9226015582359672,0.9768467475192943,0.8740639891082369,clean,0.8796344496499817,0.8901549147381883,0.8693597560973954,51254,3,2,2,0,0,0.0,1,1,1.0,1,0.3333333333333333,1,0.9003003800507452,0.9415760869565217,0.8624914908100749,mixed,0.8828825399241599,0.8819256949460239,0.8838414634144658,52594,1,0,0,0,0,0.0,0,0,0.0,0,0.0,0,0.9255319328184184,0.9930955120828538,0.866575901974132,clean
20160328_151752_1281_361,boundary_margin_error,0.0695343375909273,17459,False,False,True,2,0.7529806372920407,0.8050991131971797,0.7071997250697593,15336,1,-1,1,0,0,0.0,0,0,0.0,0,0.0,0,0.8726355717075741,0.8839662447257384,0.8615916955017301,clean,0.7340197206753759,0.803199455411298,0.6758119021704131,14690,1,-1,1,0,0,0.0,0,0,0.0,0,0.0,0,0.8470401740354899,0.8964803312629399,0.8027681660899654,clean,0.7175855991941347,0.7963260459587927,0.6530156366340265,14317,1,-1,1,0,0,0.0,0,0,0.0,0,0.0,0,0.8329005412508211,0.8756660746003553,0.7941176470588235,clean,0.7522315308451631,0.8034621892484684,0.7071424480206729,15366,1,-1,1,0,0,0.0,0,0,0.0,0,0.0,0,0.8741343299989007,0.8888888888888888,0.8598615916955017,clean
20160328_151752_1281_721,boundary_margin_error,0.1005053340819764,7124,False,False,True,1,0.7974742029872189,0.8833162743076027,0.7268388545750606,5862,2,1,1,0,0,0.0,0,0,0.0,1,0.5,59,0.8896350822239625,0.9003690036900369,0.879154078549849,island,0.787811634348407,0.9031028851371746,0.6986243683314168,5511,2,1,1,0,0,0.0,0,0,0.0,1,0.5,7,0.8965345172826317,0.9315589353612167,0.8640483383685801,island,0.7843074202099973,0.9177798682955451,0.6847276810770849,5315,1,0,0,0,0,0.0,0,0,0.0,0,0.0,0,0.9270664505672609,1.0,0.8640483383685801,clean,0.781280310377642,0.9209222560958061,0.6784110050523885,5248,1,0,0,0,0,0.0,0,0,0.0,0,0.0,0,0.9014730929751797,0.953307392996109,0.8549848942598187,clean
20160328_151752_1921_721,boundary_margin_error,0.0919120629512452,24654,False,False,True,4,0.762588577596142,0.9045869516806364,0.6591222519669591,17964,1,-3,3,1,3,0.75,0,0,0.0,0,0.0,0,0.9334229347669564,0.9545454545454546,0.9132149901380671,merge,0.7565687426555214,0.899418864550235,0.6528758010867799,17896,1,-3,3,1,3,0.75,0,0,0.0,0,0.0,0,0.9314780061335652,0.9515570934256056,0.9122287968441815,merge,0.7323998444183362,0.91396675160726,0.611016467915709,16482,1,-3,3,1,3,0.75,0,0,0.0,0,0.0,0,0.9212994669922283,0.9464668094218416,0.8974358974358975,merge,0.7639865413619298,0.8926847784822446,0.6677212622695434,18441,1,-3,3,1,3,0.75,0,0,0.0,0,0.0,0,0.9315152757842936,0.9527104959630911,0.9112426035502958,merge
20160328_151752_1_361,boundary_margin_error,0.0968872987477638,13975,False,False,True,1,0.7579063158857341,0.6613694539245619,0.8874418604644813,18752,2,1,1,0,0,0.0,0,0,0.0,1,0.5,22,0.8336916041704774,0.7687400318979266,0.9106317411402157,island,0.7531185827686415,0.6586961183783729,0.8791413237918575,18652,1,0,0,0,0,0.0,0,0,0.0,0,0.0,0,0.8488591434311236,0.7996918335901386,0.9044684129429892,clean,0.7577780499752701,0.6623307103470573,0.8853667262963253,18681,1,0,0,0,0,0.0,0,0,0.0,0,0.0,0,0.8444040906049891,0.7894736842105263,0.9075500770416025,clean,0.7459955606212892,0.642204203893693,0.8898032200351415,19363,2,1,1,0,0,0.0,0,0,0.0,1,0.5,9,0.8331904680267445,0.7689873417721519,0.9090909090909091,island
20160328_151752_1_721,false_crack_high_fp,0.2662639405204461,1076,True,False,False,5,0.4742177170549268,0.31080300404300754,0.9999999999907064,3462,2,-3,3,1,4,0.8,0,0,0.0,0,0.0,0,0.4229390681003585,0.2681818181818182,1.0,merge,0.5062396986095921,0.3390097760947997,0.9990706319609752,3171,2,-3,3,1,4,0.8,0,0,0.0,0,0.0,0,0.4948745139625309,0.32941176470588235,0.9943181818181818,merge,0.5543732156746578,0.3845876845502896,0.9925650557528573,2777,2,-3,3,1,4,0.8,0,0,0.0,0,0.0,0,0.5537459283387621,0.3881278538812785,0.9659090909090909,merge,0.5329341317351973,0.3642564802170387,0.9925650557528573,2932,2,-3,3,1,4,0.8,0,0,0.0,0,0.0,0,0.5557315342369953,0.3891625615763547,0.9715909090909091,merge
20160328_151752_641_361,complex_topology,0.0914237935977066,20930,False,False,False,5,0.7968983287576947,0.8033598757036301,0.7905398948873432,20596,1,-4,4,1,3,0.6,0,0,0.0,0,0.0,0,0.8752392888412621,0.9250374812593704,0.8305288461538461,merge,0.7862832069440583,0.7848981146444558,0.7876731963684722,21004,2,-3,3,1,4,0.8,0,0,0.0,1,0.5,14,0.8567734212232714,0.8727770177838577,0.8413461538461539,mixed,0.7973074408579391,0.8082871029501653,0.7866220735782194,20369,1,-4,4,1,3,0.6,0,0,0.0,0,0.0,0,0.8704674735302192,0.9129886506935687,0.8317307692307693,merge,0.7853933115744797,0.7776320719366908,0.7933110367889186,21352,2,-3,3,1,3,0.6,0,0,0.0,0,0.0,0,0.8520478142525784,0.8655692729766804,0.8389423076923077,merge
20160328_152022_1281_721,high_quality,0.0495911369031917,30328,False,False,False,1,0.9064294097121663,0.8732200696691091,0.9422645739907207,32726,1,0,0,0,0,0.0,0,0,0.0,0,0.0,0,0.9863842662632374,0.9731343283582089,1.0,clean,0.9039792660954986,0.8680121396051995,0.9430559219200266,32950,1,0,0,0,0,0.0,0,0,0.0,0,0.0,0,0.9791666666666666,0.9591836734693877,1.0,clean,0.9062123231168053,0.8732420203005768,0.9417699815349044,32708,1,0,0,0,0,0.0,0,0,0.0,0,0.0,0,0.9588719153936545,0.9209932279909706,1.0,clean,0.9089460686686993,0.879396984924352,0.9405499868105577,32437,1,0,0,0,0,0.0,0,0,0.0,0,0.0,0,0.9843166542195668,0.9691176470588235,1.0,clean
20160328_152022_1921_1,boundary_margin_error,0.0483174170077307,8796,False,False,True,1,0.816595255512166,0.7555598530257632,0.8883583447011273,10342,2,1,1,0,0,0.0,0,0,0.0,1,0.5,2017,0.7504509103283987,0.6367521367521367,0.9135802469135802,island,0.8232948154203786,0.7480951495997509,0.9153024101854077,10762,2,1,1,0,0,0.0,0,0,0.0,1,0.5,2086,0.767523968954497,0.65234375,0.9320987654320988,island,0.8150463686564473,0.7522600500088937,0.8892678490212718,10398,2,1,1,0,0,0.0,0,0,0.0,1,0.5,2061,0.7926926460694509,0.6964769647696477,0.9197530864197531,island,0.82695848897731,0.7696601704037119,0.89347430650194,10211,2,1,1,0,0,0.0,0,0,0.0,1,0.5,1865,0.7733435172808861,0.6639344262295082,0.9259259259259259,island
20160328_152022_1921_361,boundary_margin_error,0.078432324802098,20591,False,False,True,3,0.7692707318655391,0.6939389205652214,0.8629498324506517,25606,2,-1,1,0,0,0.0,0,0,0.0,1,0.5,269,0.7782639505978426,0.6858190709046454,0.899513776337115,island,0.7759353646863327,0.7162051113482142,0.846534893885267,24338,2,-1,1,0,0,0.0,0,0,0.0,1,0.5,314,0.7367744278611847,0.6361556064073226,0.8752025931928687,island,0.7726882206645326,0.7228732179869187,0.8298771307848914,23639,3,0,0,0,0,0.0,0,0,0.0,2,0.6666666666666666,398,0.8008805121157158,0.7370441458733206,0.8768233387358185,island,0.7725740140521693,0.6996847911738772,0.8624156184736718,25380,1,-2,2,0,0,0.0,0,0,0.0,0,0.0,0,0.7949256239481771,0.6966707768187423,0.9254457050243112,clean
20160328_152022_1921_721,high_quality,0.0835777126099706,10230,False,False,False,1,0.8645643456066057,0.8098002390295289,0.9272727272718208,11714,1,0,0,0,0,0.0,0,0,0.0,0,0.0,0,1.0,1.0,1.0,clean,0.8654760256583758,0.8197394877167411,0.9166177908104431,11439,1,0,0,0,0,0.0,0,0,0.0,0,0.0,0,0.9801063491934237,0.9860724233983287,0.9742120343839542,clean,0.8758041958037874,0.8371657754003233,0.9181818181809206,11220,4,3,3,0,0,0.0,0,0,0.0,3,0.75,39,0.9718877351322727,0.953125,0.9914040114613181,island,0.8696463562560093,0.8318457693673403,0.9110459433031172,11204,1,0,0,0,0,0.0,0,0,0.0,0,0.0,0,0.98845988863855,0.9971264367816092,0.9799426934097422,clean
20160328_152022_1_1081,boundary_margin_error,0.1433113078169804,8021,False,False,True,1,0.7194008412841287,0.6111740608379577,0.8742052113191944,11473,2,1,1,0,0,0.0,0,0,0.0,1,0.5,2,0.8184826352660606,0.7602591792656588,0.8863636363636364,island,0.712670724844896,0.6042678695345209,0.8684702655518408,11528,3,2,2,0,0,0.0,0,0,0.0,2,0.6666666666666666,31,0.8259046045245944,0.7680525164113785,0.8931818181818182,island,0.7075107071969563,0.6088089887634976,0.8444084278757706,11125,3,2,2,0,0,0.0,0,0,0.0,2,0.6666666666666666,128,0.7830337886412653,0.7085610200364298,0.875,island,0.7161253912058303,0.6084568439401844,0.8700910110947886,11470,3,2,2,0,0,0.0,0,0,0.0,2,0.6666666666666666,49,0.8188211113557953,0.7526652452025586,0.8977272727272727,island
20160328_152022_1_361,moderate_general_error,0.162172878667724,2522,False,False,False,2,0.6828397082889078,0.5465808911113973,0.9095955590764886,4197,1,-1,1,1,2,1.0,0,0,0.0,0,0.0,0,0.6774193548387097,0.5121951219512195,1.0,merge,0.6869881710635624,0.556237721020245,0.8980967486086515,4072,1,-1,1,1,2,1.0,0,0,0.0,0,0.0,0,0.7058823529411764,0.5454545454545454,1.0,merge,0.7001675041865385,0.5683559950542192,0.911578112605426,4045,2,0,0,1,2,1.0,0,0,0.0,1,0.5,1,0.7357142857142857,0.5819209039548022,1.0,mixed,0.6966155714058331,0.564298008358583,0.9099920697822761,4067,1,-1,1,1,2,1.0,0,0,0.0,0,0.0,0,0.689075630252101,0.5256410256410257,1.0,merge
20160328_152022_1_721,boundary_margin_error,0.1168734826004855,7414,False,False,True,2,0.7593920652669521,0.7412973667299405,0.7783922309134362,7785,3,1,1,0,0,0.0,0,0,0.0,1,0.3333333333333333,396,0.8316822336163507,0.7819767441860465,0.888135593220339,island,0.7476249999995327,0.6965991148372972,0.8067170218494649,8586,3,1,1,0,0,0.0,0,0,0.0,1,0.3333333333333333,687,0.8005741203386446,0.7242268041237113,0.8949152542372881,island,0.7586827887826352,0.7251044996302863,0.7955219854318917,8134,3,1,1,0,0,0.0,0,0,0.0,1,0.3333333333333333,496,0.8260045344963711,0.7572614107883817,0.9084745762711864,island,0.7370941010369301,0.6763546243092526,0.8098192608567443,8877,3,1,1,0,0,0.0,0,0,0.0,1,0.3333333333333333,809,0.8010509493756602,0.7227979274611399,0.8983050847457628,island
20160328_152022_641_361,boundary_margin_error,0.0805510156432407,17132,False,False,True,1,0.8409532932738714,0.8364612808218302,0.8454938127475802,17317,1,0,0,0,0,0.0,0,0,0.0,0,0.0,0,0.8779864163004395,0.8631578947368421,0.8933333333333333,clean,0.8380649819492165,0.8294174812777514,0.8468946999761575,17493,1,0,0,0,0,0.0,0,0,0.0,0,0.0,0,0.8672096317280452,0.8494623655913979,0.8857142857142857,clean,0.8318291302705152,0.827148381138785,0.8365631566654,17327,1,0,0,0,0,0.0,0,0,0.0,0,0.0,0,0.8639014906027219,0.8431372549019608,0.8857142857142857,clean,0.8277843210477069,0.8149782227496946,0.8409992995558948,17679,3,2,2,0,0,0.0,0,0,0.0,2,0.6666666666666666,21,0.8644840689856765,0.8442477876106195,0.8857142857142857,island
20160328_152022_641_721,boundary_margin_error,0.0840623811335108,15774,False,False,True,3,0.8029353753333326,0.7400812747295796,0.8774565741087375,18702,2,-1,1,1,2,0.6666666666666666,0,0,0.0,0,0.0,0,0.8921036359339438,0.8446909667194928,0.9451553930530164,merge,0.8027457062436664,0.7338269271157667,0.8859515658673222,19044,2,-1,1,1,2,0.6666666666666666,0,0,0.0,0,0.0,0,0.8913373215883932,0.8433179723502304,0.9451553930530164,merge,0.8086794213716727,0.7488387166464573,0.8789146697090916,18514,1,-2,2,1,2,0.6666666666666666,0,0,0.0,0,0.0,0,0.8759499368151367,0.8393351800554016,0.9159049360146252,merge,0.8135514962627151,0.7466497166159507,0.8936224166344023,18879,2,-1,1,1,2,0.6666666666666666,0,0,0.0,0,0.0,0,0.9156010230179028,0.8578274760383386,0.9817184643510055,merge
20160328_152305_1281_361,high_quality,0.0507286821705426,16125,False,False,False,2,0.8883719543106713,0.8556819487528118,0.9236589147281093,17406,2,0,0,0,0,0.0,0,0,0.0,0,0.0,0,0.8915960775585552,0.8579545454545454,0.9279835390946503,clean,0.8889597772813013,0.8348948687216282,0.9505116279063872,18358,2,0,0,0,0,0.0,0,0,0.0,0,0.0,0,0.879309927360775,0.8321799307958477,0.9320987654320988,clean,0.8896795007082674,0.8657434573401797,0.914976744185479,17042,3,1,1,0,0,0.0,0,0,0.0,1,0.3333333333333333,17,0.8889582617925263,0.8513513513513513,0.9300411522633745,island,0.8954217155133721,0.8630688683039738,0.9302945736428339,17381,2,0,0,0,0,0.0,0,0,0.0,0,0.0,0,0.9091908581585301,0.902834008097166,0.9156378600823045,clean
20160328_152305_1281_721,boundary_margin_error,0.0599383319545762,13297,False,False,True,2,0.7892818315531146,0.6865439172271867,0.9281792885606315,17977,2,0,0,0,0,0.0,0,0,0.0,1,0.5,476,0.8055393017359079,0.7157712305025996,0.9210526315789473,island,0.8100136955757524,0.7025414364637003,0.9563059336685295,18100,3,1,1,0,0,0.0,0,0,0.0,1,0.3333333333333333,460,0.798356801167536,0.7045075125208681,0.9210526315789473,island,0.8087291399227187,0.7053686390859848,0.9475821613890745,17863,4,2,2,0,0,0.0,0,0,0.0,3,0.75,349,0.7913389900662251,0.6936507936507936,0.9210526315789473,island,0.8138244361509609,0.7157780568553969,0.9429946604490163,17518,2,0,0,0,0,0.0,0,0,0.0,1,0.5,65,0.8232011162049033,0.7441441441441441,0.9210526315789473,island
20160328_152305_1921_361,boundary_margin_error,0.0488295210864903,22384,False,False,True,3,0.8281319613873284,0.7885337966139596,0.8719174410289171,24751,2,-1,1,0,0,0.0,0,0,0.0,0,0.0,0,0.7415824853712709,0.8023952095808383,0.6893382352941176,clean,0.8114079855897506,0.7349624741667325,0.9056022158680729,27581,3,0,0,0,0,0.0,0,0,0.0,0,0.0,0,0.7274614306999824,0.7442680776014109,0.7113970588235294,clean,0.8463778044183837,0.812561657349222,0.8831308077194053,24328,2,-1,1,0,0,0.0,0,0,0.0,0,0.0,0,0.7125176057535944,0.7437252311756936,0.6838235294117647,clean,0.8182699688899806,0.7468471126186492,0.9047980700496315,27118,4,1,1,0,0,0.0,0,0,0.0,1,0.25,12,0.7489444243955251,0.7591911764705882,0.7389705882352942,island
20160328_152305_1921_721,high_quality,0.0415768791988845,15778,False,False,False,1,0.9224140662122849,0.9221511370108809,0.9226771453917336,15787,1,0,0,0,0,0.0,0,0,0.0,0,0.0,0,0.9907407407407407,0.981651376146789,1.0,clean,0.9198676540094786,0.9147082784978914,0.9250855621745943,15957,1,0,0,0,0,0.0,0,0,0.0,0,0.0,0,0.9826589595375723,0.9659090909090909,1.0,clean,0.9249554820653381,0.9281429483082781,0.9217898339454165,15670,1,0,0,0,0,0.0,0,0,0.0,0,0.0,0,0.9820143884892086,0.9646643109540636,1.0,clean,0.9256987479445663,0.9235962145104583,0.9278108759025682,15850,1,0,0,0,0,0.0,0,0,0.0,0,0.0,0,0.9888888888888888,0.978021978021978,1.0,clean
20160328_152305_1_361,boundary_margin_error,0.1314310250605043,12809,False,False,True,1,0.7824205448351368,0.716960280829021,0.861035209617565,15383,1,0,0,0,0,0.0,0,0,0.0,0,0.0,0,0.8032737193088816,0.787518573551263,0.819672131147541,clean,0.775643529202636,0.711318051575468,0.8527597782802304,15356,1,0,0,0,0,0.0,0,0,0.0,0,0.0,0,0.7987156259529661,0.7884615384615384,0.8092399403874814,clean,0.782577289800353,0.7281403320110705,0.8458115387611477,14879,1,0,0,0,0,0.0,0,0,0.0,0,0.0,0,0.7833167662958374,0.7643229166666666,0.8032786885245902,clean,0.7825899435715837,0.7251232183290761,0.849949254429815,15014,1,0,0,0,0,0.0,0,0,0.0,0,0.0,0,0.8018462108568591,0.7931547619047619,0.8107302533532041,clean
20160328_152305_641_361,boundary_margin_error,0.108529089837501,11877,False,False,True,2,0.7586206896548979,0.6651649746188673,0.8826302938445039,15760,2,0,0,0,0,0.0,0,0,0.0,0,0.0,0,0.8086627226762909,0.7186234817813765,0.924496644295302,clean,0.75345689908769,0.6688867123730533,0.8625073671795381,15315,2,0,0,0,0,0.0,0,0,0.0,0,0.0,0,0.7269601244324165,0.5996835443037974,0.9228187919463087,clean,0.7727019291525954,0.6917343271657848,0.8751368190613158,15026,2,0,0,0,0,0.0,0,0,0.0,0,0.0,0,0.7652571079520213,0.6503267973856209,0.9295302013422819,clean,0.7498156614065957,0.6669508755816442,0.8561926412386492,15247,2,0,0,0,0,0.0,0,0,0.0,0,0.0,0,0.7397280520248299,0.6203007518796992,0.9161073825503355,clean
20160328_152305_641_721,boundary_margin_error,0.0757956878850102,19480,False,False,True,2,0.7948443046718617,0.7416085004220239,0.8563141683773838,22493,3,1,1,0,0,0.0,0,0,0.0,1,0.3333333333333333,3424,0.8298097540754208,0.7565632458233891,0.9187592319054653,island,0.7931370452221209,0.7383744082116993,0.8566735112931947,22601,2,0,0,0,0,0.0,0,0,0.0,0,0.0,0,0.8151765149294358,0.7383177570093458,0.9098966026587888,clean,0.7966048864697062,0.7473793134472725,0.8527720739215334,22227,3,1,1,0,0,0.0,0,0,0.0,1,0.3333333333333333,3234,0.7960462568472307,0.7005347593582888,0.9217134416543574,island,0.7922212782023997,0.7331818976058303,0.8616016427100299,22892,3,1,1,0,0,0.0,0,0,0.0,1,0.3333333333333333,3638,0.8150694048200054,0.7324106113033448,0.9187592319054653,island
20160328_152511_1281_361,boundary_margin_error,0.1474621891822609,7802,False,False,True,3,0.7062510308424288,0.6183691152396087,0.8232504486018671,10387,2,-1,1,0,0,0.0,0,0,0.0,0,0.0,0,0.8322377793153974,0.8844444444444445,0.7858508604206501,clean,0.6900809296530971,0.579658358026338,0.8524737246848854,11474,3,0,0,0,0,0.0,0,0,0.0,0,0.0,0,0.8466469536333638,0.8443579766536965,0.8489483747609943,clean,0.7106099110542616,0.6053581093265331,0.8601640604962059,11086,2,-1,1,0,0,0.0,0,0,0.0,0,0.0,0,0.8189552133867679,0.7844827586206896,0.8565965583173997,clean,0.6613955327136483,0.5382017050019798,0.8577287874892877,12434,4,1,1,0,0,0.0,1,1,0.3333333333333333,0,0.0,0,0.8054432761119188,0.7841584158415842,0.8279158699808795,fragment
20160328_152511_1281_721,boundary_margin_error,0.1178242047807265,5313,False,False,True,1,0.7838539335892026,0.7472696245721037,0.8242047807249686,5860,1,0,0,0,0,0.0,0,0,0.0,0,0.0,0,0.973561430793157,0.9484848484848485,1.0,clean,0.8287870989871086,0.7613869188325274,0.9092791266687196,6345,1,0,0,0,0,0.0,0,0,0.0,0,0.0,0,0.9490084985835693,0.9029649595687331,1.0,clean,0.7719101123588278,0.7680268306302068,0.7758328627879243,5367,3,2,2,0,0,0.0,1,2,1.0,0,0.0,0,0.9037727850784232,0.896551724137931,0.9111111111111111,fragment,0.817376913528492,0.7293266391011085,0.9296066252570495,6772,1,0,0,0,0,0.0,0,0,0.0,0,0.0,0,0.9672386895475819,0.9365558912386707,1.0,clean
20160328_152511_1921_361,boundary_margin_error,0.0913127948931446,10809,False,False,True,2,0.7020049909643309,0.6561570015276633,0.7547414191870156,12433,2,0,0,0,0,0.0,0,0,0.0,0,0.0,0,0.7881144755720004,0.71,0.8855421686746988,clean,0.7447327747495547,0.6645133192998007,0.8469793690435313,13777,3,1,1,0,0,0.0,0,0,0.0,1,0.3333333333333333,51,0.8655281972810909,0.7652892561983471,0.9959839357429718,island,0.7510419324654456,0.6950019677286934,0.8169118327312268,12705,2,0,0,0,0,0.0,0,0,0.0,0,0.0,0,0.8718726307808946,0.7918552036199095,0.9698795180722891,clean,0.7638259474630985,0.6741469630463867,0.8810250716986945,14126,3,1,1,0,0,0.0,0,0,0.0,1,0.3333333333333333,23,0.8561699968779269,0.7542372881355932,0.9899598393574297,island
20160328_152511_1921_721,missed_crack_high_fn,0.0924010217113665,7830,False,False,False,1,0.3745012350366953,0.7310830860507007,0.251724137930713,2696,2,1,1,0,0,0.0,1,1,1.0,0,0.0,0,0.2712384223762498,0.7444444444444445,0.1658291457286432,fragment,0.49510146955869916,0.7856746252060365,0.36143039591269294,3602,1,0,0,0,0,0.0,0,0,0.0,0,0.0,0,0.4061933217510834,0.8073770491803278,0.271356783919598,clean,0.3338196673472096,0.7001223990179514,0.21915708812232548,2451,3,2,2,0,0,0.0,1,1,1.0,1,0.3333333333333333,1,0.22525412487649057,0.7302325581395349,0.13316582914572864,mixed,0.579783748361255,0.8083599817249695,0.451979565772092,4378,1,0,0,0,0,0.0,0,0,0.0,0,0.0,0,0.480010234759803,0.835820895522388,0.33668341708542715,clean
20160328_152511_1_361,moderate_general_error,0.1612888184276788,10723,False,False,False,1,0.6679541153293932,0.5700817510544764,0.8063974633956855,15168,1,0,0,0,0,0.0,0,0,0.0,0,0.0,0,0.8389399125965532,0.7544378698224852,0.9447592067988668,clean,0.6659530545146165,0.5643019112403211,0.8122726848822043,15435,2,1,1,0,0,0.0,0,0,0.0,1,0.5,8,0.8170753980772744,0.7214484679665738,0.9419263456090652,island,0.6495746507450832,0.5584781587596065,0.7761820386078744,14903,2,1,1,0,0,0.0,1,1,1.0,0,0.0,0,0.7556577424253689,0.6308962264150944,0.9419263456090652,fragment,0.655275934916921,0.5437323163977464,0.8243961577908939,16258,1,0,0,0,0,0.0,0,0,0.0,0,0.0,0,0.8225472376040918,0.725,0.9504249291784702,clean
20160328_152511_641_361,boundary_margin_error,0.1080392308286354,12949,False,False,True,1,0.7843259991860084,0.6594042732340494,0.9676422889790967,19002,1,0,0,0,0,0.0,0,0,0.0,0,0.0,0,0.9418207195146266,0.8973214285714286,0.9909638554216867,clean,0.7827538247563645,0.6525301453155454,0.9779133523816681,19406,1,0,0,0,0,0.0,0,0,0.0,0,0.0,0,0.9313607085346216,0.875,0.9954819277108434,clean,0.792021010505005,0.6654058313629285,0.9781450305035306,19035,1,0,0,0,0,0.0,0,0,0.0,0,0.0,0,0.9184717003076011,0.8536285362853628,0.9939759036144579,clean,0.7877126300701639,0.6601911326958796,0.9762916055286305,19149,1,0,0,0,0,0.0,0,0,0.0,0,0.0,0,0.9507595599790467,0.911144578313253,0.9939759036144579,clean
20160328_152511_641_721,boundary_margin_error,0.1445444319460067,1778,False,False,True,1,0.7721299280913163,0.6904656319259846,0.8757030371154348,2255,1,0,0,0,0,0.0,0,0,0.0,0,0.0,0,0.6723570132401371,0.9111111111111111,0.5327510917030568,clean,0.7561094819140858,0.6685393258398076,0.8700787401525868,2314,2,1,1,0,0,0.0,0,0,0.0,1,0.5,86,0.6578249336870027,0.8378378378378378,0.5414847161572053,island,0.8549832026851765,0.8511705685571285,0.8588301462268908,1794,1,0,0,0,0,0.0,0,0,0.0,0,0.0,0,0.6735174480839221,0.9285714285714286,0.5283842794759825,clean,0.6177944862136034,0.6973125883967659,0.5545556805368136,1414,1,0,0,0,0,0.0,0,0,0.0,0,0.0,0,0.5210981665989943,0.8508771929824561,0.37554585152838427,clean
20160328_152747_1281_361,boundary_margin_error,0.1335752257193485,11851,False,False,True,2,0.7996530789242143,0.783125707813636,0.8168930891900962,12362,2,0,0,0,0,0.0,1,1,0.5,0,0.0,0,0.9044703579242188,0.8954344624447718,0.9136904761904762,fragment,0.7911684283553886,0.7661239329744182,0.8179056619687638,12652,2,0,0,0,0,0.0,1,1,0.5,0,0.0,0,0.8836154491273516,0.855457227138643,0.9136904761904762,fragment,0.7801478711647912,0.7857570829403528,0.7746181756807234,11683,2,0,0,0,0,0.0,1,1,0.5,0,0.0,0,0.8869987901785377,0.8712998712998713,0.9032738095238095,fragment,0.7971721111649613,0.7687485306788113,0.827778246560773,12761,2,0,0,0,0,0.0,1,1,0.5,0,0.0,0,0.8963776017909332,0.8729198184568835,0.9211309523809523,fragment
20160328_152747_1281_721,boundary_margin_error,0.1087562744004461,1793,False,False,True,1,0.7243986254278937,0.614696734056708,0.8817624093648536,2572,1,0,0,0,0,0.0,0,0,0.0,0,0.0,0,0.8348348348348348,0.7164948453608248,1.0,clean,0.7282172373064268,0.6314496314470457,0.8600111544848856,2442,1,0,0,0,0,0.0,0,0,0.0,0,0.0,0,0.8688046647230322,0.7680412371134021,1.0,clean,0.7357892168803714,0.6539462272304686,0.8410485220254265,2306,1,0,0,0,0,0.0,0,0,0.0,0,0.0,0,0.8845850073829882,0.8009950248756219,0.9876543209876543,clean,0.7448880233672228,0.6609071274269508,0.8533184606756647,2315,1,0,0,0,0,0.0,0,0,0.0,0,0.0,0,0.9014925373134328,0.8206521739130435,1.0,clean
20160328_152747_1921_361,boundary_margin_error,0.0936495403530539,17731,False,False,True,1,0.7828276699026752,0.8471337579612271,0.7275957362806792,15229,1,0,0,0,0,0.0,0,0,0.0,0,0.0,0,0.9041049082392342,0.9074829931972789,0.9007518796992481,clean,0.7985034740777961,0.8431679939795301,0.7583328633462533,15947,1,0,0,0,0,0.0,0,0,0.0,0,0.0,0,0.9207771320315352,0.9123867069486404,0.9293233082706767,clean,0.758054994562449,0.8439878234392942,0.6880040606842885,14454,1,0,0,0,0,0.0,0,0,0.0,0,0.0,0,0.8786868501941588,0.9098083427282976,0.849624060150376,clean,0.8047267703339885,0.8403732809425095,0.7719812757313338,16288,1,0,0,0,0,0.0,0,0,0.0,0,0.0,0,0.9265799656988218,0.9165402124430956,0.9368421052631579,clean
20160328_152747_1_361,boundary_margin_error,0.1349302891363338,10687,False,False,True,1,0.7690639983319704,0.6935629417952371,0.8630111350230532,13298,1,0,0,0,0,0.0,0,0,0.0,0,0.0,0,0.8977612387586354,0.8413173652694611,0.9623233908948194,clean,0.7604243166051569,0.6741662446642015,0.8719940114149227,13823,1,0,0,0,0,0.0,0,0,0.0,0,0.0,0,0.9133636164764318,0.8678678678678678,0.9638932496075353,clean,0.7628032345010264,0.693574327946164,0.8473846729663633,13057,1,0,0,0,0,0.0,0,0,0.0,0,0.0,0,0.8760360748840503,0.81292984869326,0.9497645211930926,clean,0.7751321667141612,0.6895872830678944,0.8849068962282353,13714,1,0,0,0,0,0.0,0,0,0.0,0,0.0,0,0.9142089564540972,0.8706766917293233,0.9623233908948194,clean
20160328_152747_641_361,boundary_margin_error,0.1365486058779201,13270,False,False,True,1,0.7676378032684439,0.6966161026833527,0.854785229841104,16283,1,0,0,0,0,0.0,0,0,0.0,0,0.0,0,0.9536717878251887,0.9654218533886584,0.9422043010752689,clean,0.7497472359020417,0.6609165660395256,0.8661642803309222,17391,1,0,0,0,0,0.0,0,0,0.0,0,0.0,0,0.9425350243584446,0.9469387755102041,0.9381720430107527,clean,0.7583422317135751,0.6805006587611208,0.856292388846378,16698,4,3,3,0,0,0.0,0,0,0.0,3,0.75,65,0.9080592953232383,0.8717026378896883,0.9475806451612904,island,0.7648900754801526,0.6797703438978969,0.8743782969096651,17069,1,0,0,0,0,0.0,0,0,0.0,0,0.0,0,0.9584655799894688,0.966804979253112,0.9502688172043011,clean
20160328_153548_1281_1081,boundary_margin_error,0.0863024544734758,1263,False,False,True,1,0.7549611734221098,0.8293838862480628,0.6927949326944356,1055,3,2,2,0,0,0.0,0,0,0.0,2,0.6666666666666666,157,0.6384742951907131,0.7051282051282052,0.5833333333333334,island,0.7916096671190533,0.9333333333232975,0.6872525732328801,930,2,1,1,0,0,0.0,0,0,0.0,1,0.5,62,0.7048192771084337,0.8181818181818182,0.6190476190476191,island,0.7030360531275948,0.8769230769126991,0.5866983372875163,845,3,2,2,0,0,0.0,0,0,0.0,2,0.6666666666666666,104,0.5660377358490566,0.6,0.5357142857142857,island,0.5680272108811336,0.9999999999800399,0.39667458431989966,501,1,0,0,0,0,0.0,0,0,0.0,0,0.0,0,0.4864864864864865,1.0,0.32142857142857145,clean
20160328_153548_1281_361,high_quality,0.0647783251231527,8120,False,False,False,1,0.8737024221447472,0.9503474232759839,0.8084975369448172,6908,2,1,1,0,0,0.0,1,1,1.0,0,0.0,0,0.9217391304347826,1.0,0.8548387096774194,fragment,0.8679497460566239,0.948860315603523,0.7997536945802959,6844,2,1,1,0,0,0.0,1,1,1.0,0,0.0,0,0.9419795221843004,1.0,0.8903225806451613,fragment,0.868744222896561,0.9363791631071215,0.8102216748758495,7026,4,3,3,0,0,0.0,0,0,0.0,3,0.75,89,0.8875432525951558,0.9047619047619048,0.8709677419354839,island,0.8533550887206109,0.9524965852163416,0.7729064039399348,6589,2,1,1,0,0,0.0,1,1,1.0,0,0.0,0,0.8848920863309353,1.0,0.7935483870967742,fragment
20160328_153548_1281_721,boundary_margin_error,0.080787639895826,28414,False,False,True,3,0.8186311925270202,0.8463475124001028,0.7926726261699188,26612,3,0,0,0,0,0.0,0,0,0.0,1,0.3333333333333333,113,0.8552500473896792,0.916162489196197,0.8019323671497585,island,0.8113357687993614,0.8344866071425466,0.7894347856687586,26880,3,0,0,0,0,0.0,0,0,0.0,1,0.3333333333333333,117,0.8606083625533256,0.8958677685950414,0.8280193236714976,island,0.8190139947950247,0.8480120595436789,0.7919335538816105,26535,4,1,1,0,0,0.0,1,1,0.3333333333333333,1,0.25,115,0.8050526506827771,0.8691520467836257,0.7497584541062802,mixed,0.8218761600055112,0.8255974999109252,0.8181882170758012,28159,3,0,0,0,0,0.0,0,0,0.0,1,0.3333333333333333,118,0.891886856782145,0.9164578111946533,0.8685990338164251,island
20160328_153548_1921_361,high_quality,0.0552514792899408,13520,False,False,False,1,0.9046721929160118,0.9220430107519799,0.8879437869815917,13020,1,0,0,0,0,0.0,0,0,0.0,0,0.0,0,0.9589905362776024,1.0,0.9212121212121213,clean,0.910139464756536,0.9279784780930607,0.8929733727804046,13010,1,0,0,0,0,0.0,0,0,0.0,0,0.0,0,0.9622641509433962,1.0,0.9272727272727272,clean,0.9121134794352627,0.9257312614252545,0.8988905325437138,13128,1,0,0,0,0,0.0,0,0,0.0,0,0.0,0,0.9477850746732922,0.9659367396593674,0.9303030303030303,clean,0.9081015719464525,0.9283065512971814,0.8887573964490467,12944,1,0,0,0,0,0.0,0,0,0.0,0,0.0,0,0.9606299212598425,1.0,0.9242424242424242,clean
20160328_153548_1921_721,high_quality,0.0778474984592974,17849,False,False,False,2,0.8997878659310141,0.9086027647658468,0.8911423609160787,17506,1,-1,1,1,2,1.0,0,0,0.0,0,0.0,0,0.9650752749743515,0.9725609756097561,0.9577039274924471,merge,0.8961075329036976,0.8958065057942467,0.8964087623951501,17861,1,-1,1,1,2,1.0,0,0,0.0,0,0.0,0,0.9602141322595414,0.9552238805970149,0.9652567975830816,merge,0.8986537546528315,0.8978747203574396,0.8994341419682338,17880,1,-1,1,1,2,1.0,0,0,0.0,0,0.0,0,0.9532238414810288,0.9458388375165125,0.9607250755287009,merge,0.8960991615017538,0.8970802919702991,0.8951201747992071,17810,1,-1,1,1,2,1.0,0,0,0.0,0,0.0,0,0.9717657460262547,0.9768160741885626,0.9667673716012085,merge
20160328_153548_1_1,boundary_margin_error,0.0884951502929031,20826,False,False,True,1,0.7832754779543073,0.850472547254247,0.7259195236719841,17776,1,0,0,0,0,0.0,0,0,0.0,0,0.0,0,0.9075691586885689,0.9182098765432098,0.897172236503856,clean,0.7808591625881611,0.8474119035571025,0.7239988475940056,17793,1,0,0,0,0,0.0,0,0,0.0,0,0.0,0,0.898199240320735,0.9071117561683599,0.8894601542416453,clean,0.7849310495362768,0.8436654706040057,0.7338423124936455,18115,1,0,0,0,0,0.0,0,0,0.0,0,0.0,0,0.9007715282593384,0.8992346938775511,0.9023136246786633,clean,0.7837333471565021,0.8514868213556817,0.7259675405739335,17756,1,0,0,0,0,0.0,0,0,0.0,0,0.0,0,0.8959999999999999,0.9079939668174962,0.884318766066838,clean
20160328_153548_1_1081,boundary_margin_error,0.0684918347742555,31230,False,False,True,1,0.7391276041665464,0.7516054286657559,0.7270573166824441,30210,1,0,0,0,0,0.0,0,0,0.0,0,0.0,0,0.8235203655696647,0.7470703125,0.9174008810572687,clean,0.740244761965666,0.7406243989996985,0.7398655139286776,31198,1,0,0,0,0,0.0,0,0,0.0,0,0.0,0,0.8267648525792048,0.7430626927029804,0.9317180616740088,clean,0.7533315374984941,0.7456632893124798,0.7611591418505408,31879,2,1,1,0,0,0.0,0,0,0.0,1,0.5,1,0.8574362630369473,0.7766051011433597,0.9570484581497798,island,0.7448965203903015,0.7292554986347037,0.7612231828367719,32599,1,0,0,0,0,0.0,0,0,0.0,0,0.0,0,0.8270258836996147,0.7293868921775899,0.9548458149779736,clean
20160328_153548_641_1,boundary_margin_error,0.1039938259695157,5183,False,False,True,1,0.7778376436774623,0.7275323366357677,0.8356164383545521,5953,2,1,1,0,0,0.0,0,0,0.0,1,0.5,512,0.8457969267851763,0.8169014084507042,0.8768115942028986,island,0.8126757922362529,0.7904431880343052,0.8361952537124518,5483,1,0,0,0,0,0.0,0,0,0.0,0,0.0,0,0.9186787489038293,0.9603960396039604,0.8804347826086957,clean,0.7863046044857085,0.7427934111174627,0.8352305614492856,5828,4,3,3,0,0,0.0,0,0,0.0,3,0.75,390,0.8227261643501586,0.7777777777777778,0.8731884057971014,island,0.8023626476647268,0.780412183110012,0.8255836388176239,5483,2,1,1,0,0,0.0,0,0,0.0,1,0.5,148,0.8618735575337949,0.8578431372549019,0.8659420289855072,island
20160328_153548_641_1081,boundary_margin_error,0.1016492956133318,17462,False,False,True,1,0.7148291069457787,0.6890742905724896,0.7425838964604612,18818,1,0,0,0,0,0.0,0,0,0.0,0,0.0,0,0.8280027431923789,0.8123359580052494,0.8442857142857143,clean,0.7136147625265504,0.6932131094429603,0.7352536937345463,18521,1,0,0,0,0,0.0,0,0,0.0,0,0.0,0,0.8164990922977531,0.7879948914431673,0.8471428571428572,clean,0.7048068740218232,0.6768784603212882,0.7351391593169538,18965,1,0,0,0,0,0.0,0,0,0.0,0,0.0,0,0.7956943440721158,0.7468085106382979,0.8514285714285714,clean,0.719362778991421,0.6956405456000558,0.7447600503947172,18695,1,0,0,0,0,0.0,0,0,0.0,0,0.0,0,0.8551462299141954,0.8517482517482518,0.8585714285714285,clean
20160328_153548_641_361,complex_topology,0.1936144784019122,5857,False,False,False,10,0.659441758926665,0.6068302482413448,0.7220420010231825,6969,3,-7,7,1,7,0.7,1,1,0.1,0,0.0,0,0.7619906923734447,0.7829099307159353,0.7421602787456446,mixed,0.6586332646260832,0.614769868283832,0.7092368106527075,6757,3,-7,7,1,7,0.7,1,1,0.1,0,0.0,0,0.7471459221783698,0.7613636363636364,0.7334494773519163,mixed,0.650441422094448,0.6088445503266694,0.6981389789982958,6716,3,-7,7,1,7,0.7,1,1,0.1,0,0.0,0,0.7465506791685977,0.7620087336244541,0.7317073170731707,mixed,0.6587845826431317,0.6118594436301437,0.7135052074428658,6830,3,-7,7,1,7,0.7,1,1,0.1,0,0.0,0,0.7496382513545771,0.759090909090909,0.740418118466899,mixed
20160328_153548_641_721,boundary_margin_error,0.1007565337001375,15994,False,False,True,2,0.7785784474285036,0.8176252063835872,0.7430911591842296,14536,1,-1,1,0,0,0.0,0,0,0.0,0,0.0,0,0.9424120336538773,0.9211514392991239,0.9646772228989038,clean,0.7688956366754344,0.8143176733775067,0.7282731024129496,14304,1,-1,1,0,0,0.0,0,0,0.0,0,0.0,0,0.9156169592496356,0.9034307496823379,0.928136419001218,clean,0.7927483587160353,0.848783272674767,0.7436538702008605,14013,1,-1,1,0,0,0.0,0,0,0.0,0,0.0,0,0.9179777920447127,0.8879907621247113,0.9500609013398295,clean,0.7762923351156175,0.7906886266367587,0.7624109040885567,15422,1,-1,1,0,0,0.0,0,0,0.0,0,0.0,0,0.9290204348882546,0.8980169971671388,0.9622411693057247,clean
20160328_153604_1281_1,moderate_general_error,0.1535794765123938,5769,False,False,False,1,0.6882170333373678,0.5634876781958631,0.8838620211459804,9049,2,1,1,0,0,0.0,0,0,0.0,1,0.5,18,0.7029773451264438,0.5964125560538116,0.8559077809798271,island,0.6564634787173828,0.5285034373341845,0.866181313917722,9455,2,1,1,0,0,0.0,0,0,0.0,1,0.5,506,0.6456570922683454,0.52046783625731,0.8501440922190202,island,0.6856285382984205,0.5652271704896926,0.8712081816590896,8892,3,2,2,0,0,0.0,0,0,0.0,2,0.6666666666666666,4,0.6889236954725405,0.5804480651731161,0.8472622478386167,island,0.6828782707617442,0.5789029535857999,0.8323799618636984,8295,1,0,0,0,0,0.0,0,0,0.0,0,0.0,0,0.7018162823943404,0.6064073226544623,0.8328530259365994,clean
20160328_153604_1281_361,boundary_margin_error,0.0933104833943978,16922,False,False,True,1,0.7829155374884873,0.7494865419950548,0.8194657841857821,18502,2,1,1,0,0,0.0,0,0,0.0,1,0.5,9,0.8401743018947988,0.8150470219435737,0.8669001751313485,island,0.7830885474146694,0.7513440130324456,0.8176338494262985,18415,1,0,0,0,0,0.0,0,0,0.0,0,0.0,0,0.8268350944112374,0.8118518518518518,0.8423817863397548,clean,0.7868152583719266,0.7410443864225895,0.8386124571558689,19150,1,0,0,0,0,0.0,0,0,0.0,0,0.0,0,0.8326395343118401,0.8055222088835534,0.861646234676007,clean,0.7885912615106815,0.7491092794465573,0.8324666115111496,18805,1,0,0,0,0,0.0,0,0,0.0,0,0.0,0,0.8307478583005324,0.8161434977578476,0.8458844133099825,clean
20160328_153604_1281_721,boundary_margin_error,0.1251279426816786,11724,False,False,True,1,0.7413329457079942,0.645814866404555,0.8700102354137922,15794,1,0,0,0,0,0.0,0,0,0.0,0,0.0,0,0.9089192039650096,0.8556521739130435,0.969258589511754,clean,0.7440434925381311,0.6501307147862971,0.8696690549293161,15683,2,1,1,0,0,0.0,0,0,0.0,1,0.5,129,0.8508381496490178,0.7549167927382754,0.9746835443037974,island,0.7203322374110676,0.6060800186357195,0.887666325485425,17171,4,3,3,0,0,0.0,1,1,1.0,2,0.5,1185,0.7917737789203084,0.6666666666666666,0.9746835443037974,mixed,0.7436294827894238,0.6439048748513552,0.879904469463596,16021,1,0,0,0,0,0.0,0,0,0.0,0,0.0,0,0.8745331894865381,0.793046357615894,0.9746835443037974,clean
20160328_153604_1921_361,boundary_margin_error,0.1297713063507732,12156,False,False,True,2,0.7452008326263414,0.7011460902359632,0.7951628825264929,13786,2,0,0,0,0,0.0,0,0,0.0,0,0.0,0,0.8752690709029598,0.8956953642384106,0.8557536466774717,clean,0.7285791547551848,0.6868171886375186,0.7757486015130176,13730,2,0,0,0,0,0.0,0,0,0.0,0,0.0,0,0.8499773896676891,0.8589743589743589,0.8411669367909238,clean,0.7353213129909326,0.6915217391299336,0.7850444225067579,13800,2,0,0,0,0,0.0,0,0,0.0,0,0.0,0,0.8520544622918254,0.8581661891117478,0.8460291734197731,clean,0.7353996989227871,0.692749618209081,0.7836459361625668,13751,2,0,0,0,0,0.0,0,0,0.0,0,0.0,0,0.8598660531791624,0.8776508972267537,0.8427876823338736,clean
20160328_153604_1921_721,boundary_margin_error,0.1094322753687975,11185,False,False,True,1,0.8014434443565467,0.7475239863813467,0.863746088510627,12924,1,0,0,0,0,0.0,0,0,0.0,0,0.0,0,0.9670684170437743,0.9659863945578231,0.9681528662420382,clean,0.76934407763592,0.7463226023360962,0.7938310236917354,11897,1,0,0,0,0,0.0,0,0,0.0,0,0.0,0,0.9136356791830366,0.8700787401574803,0.9617834394904459,clean,0.6753138075310667,0.7034382566579143,0.6493518104598575,10325,1,0,0,0,0,0.0,0,0,0.0,0,0.0,0,0.8525012655897648,0.8148148148148148,0.8938428874734607,clean,0.7941026545893447,0.7072216790049537,0.9053196244962849,14318,1,0,0,0,0,0.0,0,0,0.0,0,0.0,0,0.9585574323342151,0.9431072210065645,0.9745222929936306,clean
20160328_153604_1_1,boundary_margin_error,0.0910167484351209,11822,False,False,True,1,0.8212437295959785,0.7757220216600663,0.8724412113002262,13296,1,0,0,0,0,0.0,0,0,0.0,0,0.0,0,0.9140722291407223,0.8995098039215687,0.9291139240506329,clean,0.8267295095059807,0.7831845012859215,0.8754017932660502,13214,1,0,0,0,0,0.0,0,0,0.0,0,0.0,0,0.9094735424348032,0.8837772397094431,0.9367088607594937,clean,0.8334302889273478,0.7695337678143883,0.9088986635079437,13963,3,2,2,0,0,0.0,0,0,0.0,2,0.6666666666666666,2,0.9285256303121097,0.8950892857142857,0.9645569620253165,island,0.8271812080533608,0.7837244511727602,0.8757401454907158,13210,1,0,0,0,0,0.0,0,0,0.0,0,0.0,0,0.9155073525950929,0.8929440389294404,0.9392405063291139,clean
20160328_153604_1_361,boundary_margin_error,0.108899202084351,12282,False,False,True,1,0.7610906411198375,0.6951137434374107,0.8409053900009437,14858,1,0,0,0,0,0.0,0,0,0.0,0,0.0,0,0.812576307135664,0.708029197080292,0.9533468559837728,clean,0.7666642060970079,0.7011882257624216,0.8456277479231024,14812,1,0,0,0,0,0.0,0,0,0.0,0,0.0,0,0.8213481199098944,0.7168784029038112,0.9614604462474645,clean,0.7903249522126193,0.720412813295322,0.8752646148828568,14922,2,1,1,0,0,0.0,0,0,0.0,1,0.5,1,0.8859469695372172,0.825925925925926,0.9553752535496958,island,0.7799029604103861,0.6863242574253179,0.9030288226665827,16160,1,0,0,0,0,0.0,0,0,0.0,0,0.0,0,0.850872256612268,0.7605633802816901,0.9655172413793104,clean
20160328_153604_641_1,boundary_margin_error,0.0996828752642706,9460,False,False,True,1,0.7843137254898417,0.6848666561459011,0.9175475687093894,12674,2,1,1,0,0,0.0,0,0,0.0,1,0.5,494,0.9349686175634354,0.8842592592592593,0.9918478260869565,island,0.7807586432133715,0.6988223502875647,0.884460887948325,11973,2,1,1,0,0,0.0,0,0,0.0,1,0.5,420,0.8786206896551724,0.7903225806451613,0.9891304347826086,island,0.7873965335890669,0.6938824856930008,0.9100422832971352,12407,2,1,1,0,0,0.0,0,0,0.0,1,0.5,309,0.883024470457409,0.7957198443579766,0.9918478260869565,island,0.7758349523541604,0.6897516038816501,0.8864693446079424,12158,2,1,1,0,0,0.0,0,0,0.0,1,0.5,572,0.8862058202742334,0.8044806517311609,0.9864130434782609,island
20160328_153604_641_1081,high_quality,0.0620723362658846,19437,False,False,False,1,0.8530785785520831,0.8707206000531097,0.8361372639806368,18665,1,0,0,0,0,0.0,0,0,0.0,0,0.0,0,0.9606805816360924,0.9469453376205788,0.9748201438848921,clean,0.8466099238449376,0.8677614520306461,0.8264649894526797,18512,1,0,0,0,0,0.0,0,0,0.0,0,0.0,0,0.9751063767755677,0.9700499168053245,0.9802158273381295,clean,0.8490304346686078,0.8639752876007328,0.8345938159176649,18776,5,4,4,0,0,0.0,0,0,0.0,4,0.8,4,0.9741813602015114,0.9664723032069971,0.9820143884892086,island,0.8403116387532223,0.8664407891136857,0.8157123012806422,18299,1,0,0,0,0,0.0,0,0,0.0,0,0.0,0,0.9141671866953927,0.9314845024469821,0.8974820143884892,clean
20160328_153604_641_361,boundary_margin_error,0.1376062061322497,16242,False,False,True,3,0.7532853954870229,0.6816753926698171,0.8417066863681555,20055,1,-2,2,1,2,0.6666666666666666,0,0,0.0,0,0.0,0,0.8789862645216014,0.8086763070077865,0.9626865671641791,merge,0.7730600292823634,0.7011073808685168,0.8614702622824396,19957,1,-2,2,1,2,0.6666666666666666,0,0,0.0,0,0.0,0,0.885822583627662,0.8250276854928018,0.9562899786780383,merge,0.7676204900738985,0.6844973953305592,0.8737224479738495,20732,1,-2,2,1,2,0.6666666666666666,0,0,0.0,0,0.0,0,0.8744627221153647,0.7988505747126436,0.9658848614072495,merge,0.7653053036987443,0.6765498652287906,0.8808644255628119,21147,1,-2,2,1,2,0.6666666666666666,0,0,0.0,0,0.0,0,0.9039190897597977,0.8461538461538461,0.9701492537313433,merge
20160328_153604_641_721,boundary_margin_error,0.1151416343998369,14721,False,False,True,2,0.7828630198621898,0.7429390593541493,0.8273215134835763,16393,2,0,0,0,0,0.0,1,1,0.5,0,0.0,0,0.8665376033877003,0.9215070643642073,0.8177570093457944,fragment,0.7907052008153045,0.7550995178632989,0.8298349296917126,16178,2,0,0,0,0,0.0,1,1,0.5,0,0.0,0,0.8673500861834347,0.918918918918919,0.8212616822429907,fragment,0.7825591336560646,0.7329181494657574,0.8394130833497456,16860,3,1,1,0,0,0.0,1,1,0.5,1,0.3333333333333333,1,0.837913187495687,0.849009900990099,0.8271028037383178,mixed,0.7958003269204087,0.740623720086162,0.8598600638537736,17091,2,0,0,0,0,0.0,1,1,0.5,0,0.0,0,0.8796579876989687,0.9177215189873418,0.844626168224299,fragment
20160328_153620_1281_1081,high_quality,0.0944841675178753,2937,False,False,False,1,0.8608837970524443,0.923887587818408,0.8059244126632417,2562,1,0,0,0,0,0.0,0,0,0.0,0,0.0,0,0.8915091232461629,0.926605504587156,0.8589743589743589,clean,0.8599086757975162,0.9275019700515071,0.801498127338095,2538,1,0,0,0,0,0.0,0,0,0.0,0,0.0,0,0.8944893069482652,0.9256198347107438,0.8653846153846154,clean,0.8589603780427864,0.921247563349235,0.8045624787170427,2565,1,0,0,0,0,0.0,0,0,0.0,0,0.0,0,0.884437305111972,0.9043478260869565,0.8653846153846154,clean,0.8528974739954441,0.9382917858564026,0.78175008511821,2447,1,0,0,0,0,0.0,0,0,0.0,0,0.0,0,0.8736286062576188,0.9259259259259259,0.8269230769230769,clean
20160328_153620_1281_361,boundary_margin_error,0.0792462000706963,45264,False,False,True,2,0.7961305025229872,0.8403122085315301,0.7563626723222083,40742,1,-1,1,0,0,0.0,0,0,0.0,0,0.0,0,0.8631773767725429,0.9528301886792453,0.7889447236180904,clean,0.7979662831147052,0.8428490672694368,0.7576219512193448,40687,1,-1,1,0,0,0.0,0,0,0.0,0,0.0,0,0.8654474708768569,0.9606141522029372,0.7874371859296483,clean,0.7969933440439756,0.8292339287418022,0.7671659597029058,41876,3,1,1,0,0,0.0,0,0,0.0,2,0.6666666666666666,2,0.8477025374985502,0.904666332162569,0.7974874371859296,island,0.7891005112645891,0.8029315588482306,0.7757378932483263,43731,1,-1,1,0,0,0.0,0,0,0.0,0,0.0,0,0.8559913808293937,0.9224137931034483,0.7984924623115578,clean
20160328_153620_1281_721,complex_topology,0.1367264103616546,21927,False,False,False,12,0.854374081932256,0.7729705784632976,0.9549413964514275,27089,2,-10,10,2,11,0.9166666666666666,0,0,0.0,0,0.0,0,0.930290681667744,0.9217577706323687,0.9389830508474576,merge,0.8562061855668338,0.7813570165202343,0.9469147626209937,26573,2,-10,10,2,11,0.9166666666666666,0,0,0.0,0,0.0,0,0.9253659935426451,0.9127789046653144,0.9383050847457627,merge,0.8440608602279536,0.7593686205888162,0.9500159620554796,27432,2,-10,10,2,11,0.9166666666666666,0,0,0.0,0,0.0,0,0.9137072393592334,0.8909774436090225,0.9376271186440678,merge,0.8533873840671431,0.7742978154254814,0.950472020795845,26916,2,-10,10,2,11,0.9166666666666666,0,0,0.0,0,0.0,0,0.9301151259104938,0.9181721572794899,0.9423728813559322,merge
20160328_153620_1921_1081,high_quality,0.0961501443695861,10390,False,False,False,1,0.9005394801368806,0.9180999999990819,0.8836381135698905,10000,1,0,0,0,0,0.0,0,0,0.0,0,0.0,0,0.9849137931034483,1.0,0.970276008492569,clean,0.89954070165108,0.9135569670495101,0.8859480269481367,10076,2,1,1,0,0,0.0,0,0,0.0,1,0.5,2,0.9832286082482152,0.9943019943019943,0.9723991507430998,island,0.8953033740402108,0.8980342790734016,0.8925890279105941,10327,6,5,5,0,0,0.0,0,0,0.0,5,0.8333333333333334,21,0.9601999615458566,0.9565217391304348,0.9639065817409767,island,0.8998970032856443,0.9174917491739998,0.8829643888345687,9999,1,0,0,0,0,0.0,0,0,0.0,0,0.0,0,0.9816216216216216,1.0,0.9639065817409767,clean
20160328_153620_1921_361,high_quality,0.0784607696151924,30015,False,False,False,2,0.9120730854884159,0.8905466319595928,0.9346660003328553,31502,1,-1,1,1,2,1.0,0,0,0.0,0,0.0,0,0.9179556592305579,0.9664596273291925,0.8740875912408759,merge,0.9126715928014435,0.8866235234980878,0.9402965184071497,31832,2,0,0,1,2,1.0,1,1,0.5,0,0.0,0,0.9197687017310406,0.9638273045507585,0.8795620437956204,mixed,0.9087890192604275,0.8649128615715425,0.9573546560050117,33223,3,1,1,1,2,1.0,0,0,0.0,2,0.6666666666666666,2,0.9124084758865862,0.905223880597015,0.9197080291970803,mixed,0.9086166136788281,0.8896871008937134,0.9283691487586445,31320,1,-1,1,1,2,1.0,0,0,0.0,0,0.0,0,0.9131483438817222,0.969309462915601,0.8631386861313869,merge
20160328_153620_1_361,high_quality,0.0624143753783413,31387,False,False,False,2,0.9321947370862251,0.9060263426953432,0.9599197119823621,33254,1,-1,1,1,2,1.0,0,0,0.0,0,0.0,0,0.9790138544546195,0.9875311720698254,0.9706422018348624,merge,0.9305017517322967,0.9023828054837747,0.9604294771717716,33406,1,-1,1,1,2,1.0,0,0,0.0,0,0.0,0,0.9791542065530044,0.9916467780429594,0.9669724770642202,merge,0.9161601243682991,0.8945898354481467,0.9387963169462074,32938,1,-1,1,1,2,1.0,0,0,0.0,0,0.0,0,0.9543493377166588,0.9668141592920354,0.9422018348623853,merge,0.9306410748559032,0.8982156618646933,0.9654952687415281,33738,1,-1,1,1,2,1.0,0,0,0.0,0,0.0,0,0.9777605381867973,0.9887920298879203,0.9669724770642202,merge
20160328_153620_1_721,high_quality,0.0581052286510408,6101,False,False,False,1,0.9609712376754167,0.9554439403743431,0.9665628585461948,6172,1,0,0,0,0,0.0,0,0,0.0,0,0.0,0,0.9536512170723574,0.9850746268656716,0.9241706161137441,clean,0.96133768352287,0.9568111706430317,0.9659072283216426,6159,2,1,1,0,0,0.0,0,0,0.0,1,0.5,27,0.9313580425132628,0.9290780141843972,0.933649289099526,island,0.9175621737788474,0.8628554929971664,0.9796754630372403,6927,6,5,5,0,0,0.0,0,0,0.0,5,0.8333333333333334,584,0.7905318693854272,0.6829268292682927,0.9383886255924171,island,0.9632520325195421,0.9556380061284794,0.9709883625619227,6199,2,1,1,0,0,0.0,0,0,0.0,1,0.5,1,0.9552041434789794,0.9777777777777777,0.933649289099526,island
20160328_153620_641_361,high_quality,0.1296503496503496,7150,False,False,False,4,0.874045556624399,0.8074688796670925,0.9525874125860803,8435,2,-2,2,0,0,0.0,0,0,0.0,0,0.0,0,0.9209839421662082,0.9373368146214099,0.9051918735891648,clean,0.8832990221301574,0.8178460805327401,0.9601398601385173,8394,2,-2,2,1,2,0.5,0,0,0.0,0,0.0,0,0.9062791513688842,0.8551724137931035,0.963882618510158,merge,0.8704112076787712,0.811562651184311,0.938461538460226,8268,2,-2,2,0,0,0.0,0,0,0.0,0,0.0,0,0.9108229936335333,0.938337801608579,0.8848758465011287,clean,0.8762760834665321,0.8099703264085341,0.9544055944042595,8425,2,-2,2,1,2,0.5,0,0,0.0,0,0.0,0,0.9244845675247042,0.9,0.9503386004514672,merge
20160328_153620_641_721,high_quality,0.0880575327464937,47486,False,False,False,3,0.8808028286188768,0.8700538275052657,0.8918207471673985,48674,1,-2,2,1,3,1.0,0,0,0.0,0,0.0,0,0.9310506803782367,0.9675894665766374,0.8971710821733273,merge,0.8851340068463633,0.8774053382990116,0.8930000421174887,48330,1,-2,2,1,3,1.0,0,0,0.0,0,0.0,0,0.933324070386243,0.9725130890052356,0.8971710821733273,merge,0.8776392198119796,0.8600828868895461,0.8959272206543201,49465,2,-1,1,1,3,1.0,0,0,0.0,1,0.5,1,0.9303678056201335,0.9544191217342969,0.9074988774135608,mixed,0.8775777780035494,0.8481229004182763,0.9091521711660471,50903,1,-2,2,1,3,1.0,0,0,0.0,0,0.0,0,0.9384807503221458,0.9665573770491803,0.911989223170184,merge
20160328_153629_1281_361,high_quality,0.0395601904330083,8822,False,False,False,1,0.9690436705356721,0.9457272334905634,0.9935388800714197,9268,1,0,0,0,0,0.0,0,0,0.0,0,0.0,0,0.9919269298762522,0.9945054945054945,0.9893617021276596,clean,0.969019694622168,0.9464015560828328,0.9927454092031367,9254,1,0,0,0,0,0.0,0,0,0.0,0,0.0,0,0.9973333333333333,1.0,0.9946808510638298,clean,0.9676921380521735,0.9420352082428702,0.9947857628644357,9316,1,0,0,0,0,0.0,0,0,0.0,0,0.0,0,0.9571865443425076,0.9178885630498533,1.0,clean,0.9720465890177636,0.9516724587305042,0.993312174109053,9208,1,0,0,0,0,0.0,0,0,0.0,0,0.0,0,0.9973333333333333,1.0,0.9946808510638298,clean
20160328_153629_1281_721,high_quality,0.0780164245104232,23745,False,False,False,1,0.9056770581175605,0.9053530847567943,0.9060012634234971,23762,1,0,0,0,0,0.0,0,0,0.0,0,0.0,0,0.9611216317962992,0.9911764705882353,0.9328358208955224,clean,0.91211903453504,0.9155246298099556,0.9087386818273705,23569,1,0,0,0,0,0.0,0,0,0.0,0,0.0,0,0.9711194062054979,0.9915730337078652,0.9514925373134329,clean,0.9042411984069899,0.9047558816085232,0.9037271004418177,23718,1,0,0,0,0,0.0,0,0,0.0,0,0.0,0,0.9549897374222973,0.976857490864799,0.9340796019900498,clean,0.9111967485836311,0.9112543172433193,0.911139187196921,23742,1,0,0,0,0,0.0,0,0,0.0,0,0.0,0,0.9691322645618746,0.9914893617021276,0.9477611940298507,clean
20160328_153629_1921_361,high_quality,0.0636918261091768,31307,False,False,False,1,0.9288584948465468,0.9426992533137256,0.9154182770623454,30401,1,0,0,0,0,0.0,0,0,0.0,0,0.0,0,0.9663812822279219,0.9943100995732574,0.939978563772776,clean,0.9268736240945463,0.9258102552659658,0.9279394384639448,31379,1,0,0,0,0,0.0,0,0,0.0,0,0.0,0,0.9704353340364675,0.9933510638297872,0.9485530546623794,clean,0.9238287779173621,0.9208238131502536,0.9268534193627856,31512,1,0,0,0,0,0.0,0,0,0.0,0,0.0,0,0.9506830375509724,0.958291956305859,0.9431939978563773,clean,0.9255000080192264,0.9294504220085917,0.921583032548337,31042,1,0,0,0,0,0.0,0,0,0.0,0,0.0,0,0.9692017777106072,0.9943019943019943,0.9453376205787781,clean
20160328_153629_1_361,high_quality,0.0724163458691145,33770,False,False,False,3,0.9236427668667656,0.8873639117026694,0.9630145099197623,36649,1,-2,2,1,3,1.0,0,0,0.0,0,0.0,0,0.9561175725697821,0.9639953542392566,0.9483675018982536,merge,0.9221334692951334,0.8837341875235128,0.9640213206985597,36838,1,-2,2,1,3,1.0,0,0,0.0,0,0.0,0,0.9533654950608775,0.9615384615384616,0.9453302961275627,merge,0.9198521393061708,0.881559301788723,0.9616227420784834,36837,1,-2,2,1,3,1.0,0,0,0.0,0,0.0,0,0.9411028699974852,0.9376601195559351,0.9445709946848899,merge,0.9221052037952147,0.880055975671875,0.9683742967127723,37159,1,-2,2,1,3,1.0,0,0,0.0,0,0.0,0,0.9551793464460353,0.9636576787807737,0.9468488990129081,merge
20160328_153629_641_361,high_quality,0.096013779527559,10160,False,False,False,2,0.8608313235915918,0.8284336033486589,0.8958661417314017,10987,1,-1,1,0,0,0.0,0,0,0.0,0,0.0,0,0.8516059145317663,0.9378698224852071,0.779874213836478,clean,0.8715799614639347,0.8534905660369306,0.8904527559046354,10600,1,-1,1,0,0,0.0,0,0,0.0,0,0.0,0,0.8493054692179889,0.9323076923076923,0.779874213836478,clean,0.8711983983216364,0.8447032723231237,0.8994094488180123,10818,8,6,6,0,0,0.0,0,0,0.0,7,0.875,7,0.8443661255888033,0.9175824175824175,0.7819706498951782,island,0.8561819795409145,0.8147390879182018,0.9020669291329704,11249,1,-1,1,0,0,0.0,0,0,0.0,0,0.0,0,0.8406276505513147,0.905982905982906,0.7840670859538784,clean
20160328_153629_641_721,complex_topology,0.0638393942551491,28791,False,False,False,6,0.9433564889513829,0.9230539121182866,0.964572262164925,30086,1,-5,5,1,6,1.0,0,0,0.0,0,0.0,0,0.981362552630244,0.9699570815450643,0.9930394431554525,merge,0.9453398025309698,0.9239595423641439,0.9677329721090036,30155,1,-5,5,1,6,1.0,0,0,0.0,0,0.0,0,0.9780303987989056,0.9723684210526315,0.9837587006960556,merge,0.9402927386692422,0.9108282328425216,0.9717272758844876,30716,2,-4,4,1,6,1.0,0,0,0.0,1,0.5,1,0.9661981473712388,0.9356223175965666,0.9988399071925754,mixed,0.9442627395819376,0.921967039512568,0.9676635059563865,30218,1,-5,5,1,6,1.0,0,0,0.0,0,0.0,0,0.983617120672713,0.9699453551912568,0.9976798143851509,merge
20160328_153829_1281_361,complex_topology,0.1207498224267317,32381,False,False,False,7,0.8845861915876546,0.8247609891575003,0.953769185633256,37446,1,-6,6,1,7,1.0,0,0,0.0,0,0.0,0,0.9524431694984787,0.9356395816572808,0.9698613622664256,merge,0.8906699666166555,0.8338677084734384,0.9557765356224466,37115,1,-6,6,1,7,1.0,0,0,0.0,0,0.0,0,0.9545635484788172,0.9352574102964119,0.9746835443037974,merge,0.8814860257085756,0.8191822231648231,0.9540471264009901,37712,1,-6,6,1,7,1.0,0,0,0.0,0,0.0,0,0.9373336381829831,0.905341446923597,0.97166968053044,merge,0.8785535560297886,0.8101048021271157,0.9596368240631976,38358,1,-6,6,1,7,1.0,0,0,0.0,0,0.0,0,0.9526600724343597,0.9305111821086262,0.9758890898131405,merge
20160328_153829_1281_721,boundary_margin_error,0.1902540176257128,3858,False,False,True,3,0.805123294229345,0.7479982206389058,0.8716951788468852,4496,1,-2,2,1,3,1.0,0,0,0.0,0,0.0,0,0.9464503592570834,0.967479674796748,0.9263157894736842,merge,0.815000627115496,0.7895504252714713,0.8421461897334315,4115,1,-2,2,1,3,1.0,0,0,0.0,0,0.0,0,0.9162536988840957,0.9589552238805971,0.8771929824561403,merge,0.8097597225652592,0.7753795066395271,0.8473302229112304,4216,1,-2,2,1,3,1.0,0,0,0.0,0,0.0,0,0.9158041093774139,0.9193548387096774,0.9122807017543859,merge,0.8099875156044819,0.7813102119441684,0.8408501814389817,4152,1,-2,2,1,3,1.0,0,0,0.0,0,0.0,0,0.9338801299259897,0.9683794466403162,0.9017543859649123,merge
20160328_153829_1921_1,complex_topology,0.1701467695566651,19827,False,False,False,14,0.8309515355936378,0.7418869120732489,0.9443183537595479,25237,1,-13,13,1,10,0.7142857142857143,0,0,0.0,0,0.0,0,0.9239255856888684,0.9077809798270894,0.9406548431105047,merge,0.8348632029229047,0.7477351638261772,0.9449740253185328,25057,1,-13,13,1,10,0.7142857142857143,0,0,0.0,0,0.0,0,0.9174715112079544,0.8991436726926736,0.9365620736698499,merge,0.8281470380816229,0.735410387881821,0.9476471478282404,25549,1,-13,13,1,10,0.7142857142857143,0,0,0.0,0,0.0,0,0.9052719472160118,0.8730420445177246,0.9399727148703957,merge,0.8257139085667212,0.7322745541808513,0.9464871135315749,25627,1,-13,13,1,10,0.7142857142857143,0,0,0.0,0,0.0,0,0.9186223688146424,0.9000969932104753,0.9379263301500682,merge
20160328_153829_1921_361,boundary_margin_error,0.1324647122692725,3684,False,False,True,2,0.8407154003110782,0.7536044760044037,0.9505971769789615,4647,2,0,0,0,0,0.0,0,0,0.0,0,0.0,0,0.927548249341819,0.8744186046511628,0.9875518672199171,clean,0.840151422639101,0.7635960044378167,0.9337676438628291,4505,2,0,0,0,0,0.0,0,0,0.0,0,0.0,0,0.9116037473332715,0.8590909090909091,0.970954356846473,clean,0.846498878643351,0.7823583602008698,0.9220955483145438,4342,2,0,0,0,0,0.0,0,0,0.0,0,0.0,0,0.8942461961137967,0.8318181818181818,0.966804979253112,clean,0.8397734424155573,0.7829148087285076,0.9055374592809297,4261,2,0,0,0,0,0.0,0,0,0.0,0,0.0,0,0.9106242729740208,0.8672985781990521,0.9585062240663901,clean
20160328_153829_1_1,boundary_margin_error,0.1651050456846883,17183,False,False,True,4,0.8309844874782443,0.7360905294352076,0.9539661293133015,22269,1,-3,3,1,4,1.0,0,0,0.0,0,0.0,0,0.9265161218359238,0.8990825688073395,0.9556765163297045,merge,0.8462589241988593,0.7594837157657478,0.9554210556940258,21616,1,-3,3,1,4,1.0,0,0,0.0,0,0.0,0,0.9253695425968229,0.8915145005370569,0.9618973561430794,merge,0.8295104503447394,0.7372612906142016,0.9481464237904044,22098,1,-3,3,1,4,1.0,0,0,0.0,0,0.0,0,0.898062350948378,0.8551020408163266,0.9455676516329704,merge,0.8206874269948504,0.7161880801593146,0.9608915788855491,23054,1,-3,3,1,4,1.0,0,0,0.0,0,0.0,0,0.9154906744146087,0.8739977090492554,0.9611197511664075,merge
20160328_153829_1_721,high_quality,0.1091900518685995,7519,False,False,False,1,0.8697955579699315,0.8888117712369672,0.8515760074466664,7204,1,0,0,0,0,0.0,0,0,0.0,0,0.0,0,0.8990320842914985,0.9529914529914529,0.8508557457212714,clean,0.8607577715795791,0.8809523809511544,0.8414682803553113,7182,1,0,0,0,0,0.0,0,0,0.0,0,0.0,0,0.8884950956484041,0.9446640316205533,0.8386308068459658,clean,0.8641843735423538,0.8656258339993786,0.8627477058107956,7494,2,1,1,0,0,0.0,0,0,0.0,1,0.5,1,0.8880645490318183,0.92578125,0.8533007334963325,island,0.867286674359604,0.8857459789227874,0.8495810613102147,7212,1,0,0,0,0,0.0,0,0,0.0,0,0.0,0,0.8950964282625615,0.9533898305084746,0.843520782396088,clean
20160328_153829_641_1,complex_topology,0.1090354901014002,16568,False,False,False,5,0.8613379774198712,0.8570148183551284,0.8657049734422587,16736,2,-3,3,1,3,0.6,0,0,0.0,0,0.0,0,0.9145982312169866,0.9307116104868914,0.8990332975295381,merge,0.8690423029975681,0.8574281853957249,0.8809753742148231,17023,2,-3,3,1,3,0.6,0,0,0.0,0,0.0,0,0.9251715217404705,0.9309734513274336,0.9194414607948442,merge,0.8627954165669425,0.8532223796028958,0.8725857073872086,16944,2,-3,3,1,3,0.6,0,0,0.0,0,0.0,0,0.919812666517432,0.9323308270676691,0.907626208378088,merge,0.865742386538433,0.8501279962759773,0.8819410912597284,17188,2,-3,3,1,3,0.6,0,0,0.0,0,0.0,0,0.9188032705111802,0.9257884972170687,0.9119226638023631,merge
20160328_153829_641_1081,boundary_margin_error,0.1619520264681555,6045,False,False,True,2,0.7610678383591232,0.6368092691615008,0.9455748552507104,8976,2,0,0,1,2,1.0,0,0,0.0,1,0.5,184,0.8604332565814443,0.7678100263852242,0.9784688995215312,mixed,0.6712681328961914,0.5192290290466751,0.9492142266320113,11051,1,-1,1,1,2,1.0,0,0,0.0,0,0.0,0,0.7473885881936365,0.604602510460251,0.9784688995215312,merge,0.7085162966165449,0.5657842749895636,0.9475599669132382,10124,2,0,0,1,2,1.0,0,0,0.0,1,0.5,1348,0.790102435943207,0.660377358490566,0.9832535885167464,mixed,0.6722340677560577,0.5235722852656853,0.9387923904037406,10839,1,-1,1,1,2,1.0,0,0,0.0,0,0.0,0,0.7791914355649999,0.6484018264840182,0.9760765550239234,merge
20160328_153829_641_361,high_quality,0.1430549785348289,7221,False,False,False,2,0.8684698036304381,0.7836843864919383,0.9738263398407785,8973,1,-1,1,0,0,0.0,0,0,0.0,0,0.0,0,0.9685196304269905,0.947242206235012,0.9907749077490775,clean,0.8844290657433882,0.8103527784173271,0.9734108849176383,8674,2,0,0,0,0,0.0,0,0,0.0,1,0.5,8,0.971625703001372,0.9515011547344111,0.992619926199262,island,0.8838505383148297,0.8143307270383774,0.9663481512242538,8569,1,-1,1,0,0,0.0,0,0,0.0,0,0.0,0,0.957599500177302,0.9298245614035088,0.9870848708487084,clean,0.8821302372533555,0.8102468992687952,0.9680099709168148,8627,1,-1,1,0,0,0.0,0,0,0.0,0,0.0,0,0.980578747885553,0.9759615384615384,0.985239852398524,clean
20160328_153829_641_721,boundary_margin_error,0.2389078498293515,2344,True,False,True,2,0.8264610971659619,0.712739641308866,0.9833617747398321,3234,2,0,0,1,2,1.0,0,0,0.0,1,0.5,32,0.9316553519199291,0.8791208791208791,0.9908675799086758,mixed,0.8135472370751987,0.6987140232679158,0.9735494880504542,3266,2,0,0,1,2,1.0,0,0,0.0,1,0.5,169,0.8894896329733061,0.806930693069307,0.9908675799086758,mixed,0.8204022988491013,0.7084367245635594,0.9744027303712697,3224,2,0,0,1,2,1.0,0,0,0.0,1,0.5,80,0.8834355828220859,0.8,0.9863013698630136,mixed,0.8329086275922226,0.7263492063469005,0.9761092150129006,3150,1,-1,1,1,2,1.0,0,0,0.0,0,0.0,0,0.9716773803637162,0.9532163742690059,0.9908675799086758,merge
20160329_103807_1081_1,missed_crack_high_fn,0.193069306930693,1818,False,False,False,1,0.2357388316143102,0.31410256409968773,0.1886688668856509,1092,1,0,0,0,0,0.0,0,0,0.0,0,0.0,0,0.1876396128071482,0.1836734693877551,0.1917808219178082,clean,0.19818365287548298,0.1565189671655833,0.2700770076992845,3137,6,5,5,0,0,0.0,0,0,0.0,5,0.8333333333333334,1855,0.15724910653916738,0.11398963730569948,0.2534246575342466,island,0.18052738336668223,0.16745061147616438,0.1958195819571187,2126,19,18,18,0,0,0.0,0,0,0.0,18,0.9473684210526315,901,0.10225117506390698,0.06734006734006734,0.21232876712328766,island,0.1144076840979415,0.09347750261564884,0.14741474147333655,2867,8,7,7,0,0,0.0,0,0,0.0,7,0.875,1978,0.07506186417376959,0.05078125,0.14383561643835616,island
20160329_103807_361_1,boundary_margin_error,0.0428023115404519,23188,False,False,True,2,0.7775635073683362,0.8679245283014254,0.7042435742622458,18815,1,-1,1,1,2,1.0,0,0,0.0,0,0.0,0,0.9615719651975114,0.9315352697095436,0.9936102236421726,merge,0.7919524883751228,0.8493137158088035,0.7418492323612463,20254,1,-1,1,1,2,1.0,0,0,0.0,0,0.0,0,0.9584043899218837,0.9214876033057852,0.9984025559105432,merge,0.7403883876028001,0.8580359172534336,0.6511126444709975,17596,1,-1,1,1,2,1.0,0,0,0.0,0,0.0,0,0.9080885714439383,0.8588957055214724,0.963258785942492,merge,0.7874640109499251,0.8695924111326646,0.7195100914262896,19186,1,-1,1,1,2,1.0,0,0,0.0,0,0.0,0,0.9626757694522876,0.9322033898305084,0.9952076677316294,merge
20160329_103807_361_1281,boundary_margin_error,0.0762243047158404,33080,False,False,True,4,0.717810004888265,0.7785790031810609,0.6658403869405485,28290,1,-3,3,1,3,0.75,0,0,0.0,0,0.0,0,0.7271346805279757,0.7772020725388601,0.6831275720164609,merge,0.7370150904636585,0.7720907134577811,0.7049879081013589,30205,1,-3,3,1,3,0.75,0,0,0.0,0,0.0,0,0.7606263982102909,0.8333333333333334,0.6995884773662552,merge,0.7310911931583371,0.8016952209194583,0.6719165659006434,27725,5,1,1,1,3,0.75,1,2,0.25,2,0.4,2,0.727583160296294,0.7814569536423841,0.6806584362139918,mixed,0.7323411438570361,0.7508176939440631,0.714752116082009,31491,1,-3,3,1,3,0.75,0,0,0.0,0,0.0,0,0.7348702482577656,0.778998778998779,0.6954732510288066,merge
20160329_103807_361_1921,complex_topology,0.0757377439314612,33616,False,False,False,6,0.6486606318121839,0.8558057911665907,0.5222513089003682,20514,1,-5,5,1,3,0.5,0,0,0.0,0,0.0,0,0.7202212884127627,0.9089481946624803,0.5963912630579298,merge,0.6474997697761032,0.8500411045017409,0.5229057591621482,20679,2,-4,4,1,2,0.3333333333333333,0,0,0.0,0,0.0,0,0.738491496029452,0.9065849923430321,0.6229819563152896,merge,0.618293637908853,0.8636678939219552,0.4814969062349829,18741,1,-5,5,1,2,0.3333333333333333,0,0,0.0,0,0.0,0,0.7140060508987365,0.9254901960784314,0.5811965811965812,merge,0.6554080931543314,0.8355924389115557,0.5391480247499586,21690,3,-3,3,1,3,0.5,1,1,0.16666666666666666,0,0.0,0,0.7621930361048627,0.8813559322033898,0.671415004748338,mixed
20160329_103807_361_641,boundary_margin_error,0.0473404478803411,47602,False,False,True,3,0.7828540291819601,0.9240488237141115,0.6790891139026346,34983,1,-2,2,0,0,0.0,0,0,0.0,0,0.0,0,0.8847561137756634,0.9311408016443987,0.8427734375,clean,0.8300576971702147,0.916404425946372,0.7585815722026893,39404,4,1,1,0,0,0.0,0,0,0.0,3,0.75,566,0.8898898533108437,0.9192982456140351,0.8623046875,island,0.7989689497065071,0.9192816531814676,0.7065039284062211,36584,1,-2,2,0,0,0.0,0,0,0.0,0,0.0,0,0.900887538495126,0.9501945525291828,0.8564453125,clean,0.8308697146784886,0.9139608752644667,0.7616276627030878,39668,3,0,0,0,0,0.0,0,0,0.0,2,0.6666666666666666,358,0.8994799974064709,0.9354066985645934,0.8662109375,island
20160329_103807_721_1,boundary_margin_error,0.0709668286698438,21193,False,False,True,1,0.6622845608403649,0.7333371539912125,0.6037842683902214,17449,1,0,0,0,0,0.0,0,0,0.0,0,0.0,0,0.6335242539025125,0.6888217522658611,0.5864453665283541,clean,0.6643342762144151,0.7005599455750167,0.6316708347092759,19109,4,3,3,0,0,0.0,0,0,0.0,3,0.75,209,0.6511415815038111,0.6494565217391305,0.65283540802213,island,0.661547798094762,0.7503890817665806,0.5915160666254935,16706,3,2,2,0,0,0.0,0,0,0.0,2,0.6666666666666666,2,0.6757175261580941,0.7683089214380826,0.603042876901798,island,0.6773172420613619,0.7116353998853029,0.6461567498699352,19243,3,2,2,0,0,0.0,0,0,0.0,2,0.6666666666666666,659,0.6798402094582067,0.6685082872928176,0.6915629322268326,island
20160329_103807_721_1281,boundary_margin_error,0.1590038314176245,2088,False,False,True,2,0.6846927374286376,0.641809803097437,0.7337164750922716,2387,1,-1,1,0,0,0.0,0,0,0.0,0,0.0,0,0.8041825095057034,0.9591836734693877,0.6923076923076923,clean,0.6785630429662396,0.6655918931337376,0.6920498084258044,2171,1,-1,1,0,0,0.0,0,0,0.0,0,0.0,0,0.7709226467847158,0.8952380952380953,0.676923076923077,clean,0.6516647531557941,0.6259373621498635,0.6795977011461706,2267,12,10,10,0,0,0.0,0,0,0.0,11,0.9166666666666666,128,0.668001000750563,0.6521739130434783,0.6846153846153846,island,0.7030974565582899,0.7413701540056221,0.6685823754757252,1883,1,-1,1,0,0,0.0,0,0,0.0,0,0.0,0,0.7720930232558139,0.9764705882352941,0.6384615384615384,clean
20160330_165956_1281_721,complex_topology,0.2452975856260527,7124,True,False,False,5,0.6554291183661303,0.5275637733260335,0.8651038742267475,11682,1,-4,4,1,5,1.0,0,0,0.0,0,0.0,0,0.8749492868957339,0.7889908256880734,0.9819277108433735,merge,0.6455061082020912,0.5278273278625332,0.830713082536734,11212,1,-4,4,1,5,1.0,0,0,0.0,0,0.0,0,0.867596373084469,0.7809278350515464,0.9759036144578314,merge,0.6661691256669923,0.5635745507522452,0.8144300954508501,10295,1,-4,4,1,5,1.0,0,0,0.0,0,0.0,0,0.8584749880693683,0.7728983688833124,0.9653614457831325,merge,0.6659329774937182,0.5476513711643156,0.8493823694541699,11049,1,-4,4,1,5,1.0,0,0,0.0,0,0.0,0,0.8772554295428302,0.793733681462141,0.9804216867469879,merge
20160330_165956_1921_721,moderate_general_error,0.2826668765743073,6352,True,False,False,2,0.7188893774730077,0.598097627259749,0.9008186397970706,9567,1,-1,1,1,2,1.0,0,0,0.0,0,0.0,0,0.8998469934821633,0.8208955223880597,0.9956011730205279,merge,0.7750662390177275,0.6956195244046363,0.8749999999986225,7990,1,-1,1,1,2,1.0,0,0,0.0,0,0.0,0,0.9375670343042459,0.8859259259259259,0.9956011730205279,merge,0.7608950086053281,0.6761287165047398,0.8699622166233155,8173,2,0,0,1,2,1.0,0,0,0.0,1,0.5,1,0.910806617217104,0.8446043165467626,0.9882697947214076,mixed,0.7902054368120701,0.704750154224917,0.8992443324922871,8105,1,-1,1,1,2,1.0,0,0,0.0,0,0.0,0,0.9534921190248214,0.9160419790104948,0.9941348973607038,merge
20160330_165956_1_1081,boundary_margin_error,0.1976098776619846,8828,False,False,True,1,0.8279838128494772,0.8107697318414822,0.8459447213402288,9211,1,0,0,0,0,0.0,0,0,0.0,0,0.0,0,0.918385718693637,0.855098389982111,0.9917898193760263,clean,0.8156772334289246,0.830321520768798,0.8015405527856801,8522,1,0,0,0,0,0.0,0,0,0.0,0,0.0,0,0.9409275802713697,0.8950276243093923,0.9917898193760263,clean,0.8185209307828655,0.8574618533670048,0.7829632985944913,8061,1,0,0,0,0,0.0,0,0,0.0,0,0.0,0,0.946867768854639,0.9214501510574018,0.9737274220032841,clean,0.8138503844206667,0.8064731398055761,0.8213638423189608,8991,1,0,0,0,0,0.0,0,0,0.0,0,0.0,0,0.9183286375767048,0.8650088809946714,0.9786535303776683,clean
20160330_165956_1_721,complex_topology,0.3853562745464746,5347,True,False,False,5,0.6919913570776525,0.5515555555549426,0.9283710491847235,9000,4,-1,1,2,3,0.6,1,1,0.2,0,0.0,0,0.8824618036776636,0.8167388167388168,0.9596879063719116,mixed,0.7448082756469279,0.637549933421255,0.8954553955472313,7510,3,-2,2,1,3,0.6,0,0,0.0,0,0.0,0,0.91537282021054,0.8771428571428571,0.9570871261378413,merge,0.7554697554691477,0.6628087508812098,0.8782494856912694,7085,6,1,1,2,3,0.6,1,2,0.2,1,0.16666666666666666,1,0.9163732589072965,0.8879432624113475,0.9466840052015605,mixed,0.7116746953806236,0.5728133196481094,0.9394052739836555,8769,3,-2,2,1,3,0.6,0,0,0.0,0,0.0,0,0.9102434859638328,0.856338028169014,0.9713914174252276,merge
20160330_165956_641_721,boundary_margin_error,0.2486208164766458,8157,True,False,True,2,0.813124261625597,0.7234591495454147,0.9281598626934803,10465,1,-1,1,1,2,1.0,0,0,0.0,0,0.0,0,0.9570897182035932,0.948849104859335,0.9654747225647349,merge,0.8314894090171615,0.7607324516777612,0.9167586122337664,9830,1,-1,1,1,2,1.0,0,0,0.0,0,0.0,0,0.9600613841551726,0.9499341238471674,0.9704069050554871,merge,0.8259076386867116,0.7848310885396501,0.8715213926678049,9058,3,1,1,1,2,1.0,0,0,0.0,2,0.6666666666666666,30,0.947657373106546,0.9546012269938651,0.9408138101109741,mixed,0.802895793700696,0.7055818705296688,0.9313473090585616,10767,1,-1,1,1,2,1.0,0,0,0.0,0,0.0,0,0.9475497005738784,0.928,0.967940813810111,merge
20160330_170359_1281_721,boundary_margin_error,0.0405996880817024,39754,False,False,True,1,0.800707750733529,0.9351186076201414,0.7000804950443478,29762,2,1,1,0,0,0.0,0,0,0.0,1,0.5,60,0.9440181875366449,0.9554390563564875,0.9328671328671329,island,0.8053509222773106,0.9311654011221753,0.709488353373067,30290,1,0,0,0,0,0.0,0,0,0.0,0,0.0,0,0.9480450020173965,0.9592875318066157,0.9370629370629371,clean,0.7710599243122902,0.9456219850895535,0.6509030537805879,27364,2,1,1,0,0,0.0,1,1,1.0,0,0.0,0,0.9186843886874692,0.9329004329004329,0.9048951048951049,fragment,0.8052067601581007,0.9402102717406401,0.7041052472705378,29771,2,1,1,0,0,0.0,0,0,0.0,1,0.5,12,0.9536997138610362,0.9709379128137384,0.9370629370629371,island
20160330_170359_1921_361,high_quality,0.0422314629799643,18517,False,False,False,1,0.8604380431543276,0.8627035830614208,0.8581843711179682,18420,1,0,0,0,0,0.0,0,0,0.0,0,0.0,0,0.9317084212399718,0.9544592030360531,0.9100169779286927,clean,0.860855985812747,0.8441652823915883,0.8782200140406771,19264,1,0,0,0,0,0.0,0,0,0.0,0,0.0,0,0.9447238620475377,0.9243243243243243,0.966044142614601,clean,0.8553568516603645,0.8609728073530333,0.8498136847216883,18277,6,5,5,0,0,0.0,1,1,1.0,4,0.6666666666666666,164,0.8659519451465759,0.8231797919762258,0.9134125636672326,mixed,0.8550674322337148,0.8457840236681922,0.8645568936648136,18928,1,0,0,0,0,0.0,0,0,0.0,0,0.0,0,0.9359601701567366,0.9232111692844677,0.9490662139219015,clean
20160330_170359_1921_721,high_quality,0.0370984896830461,23505,False,False,False,2,0.8793206885410312,0.9607220289411784,0.8106360348858496,19833,2,0,0,0,0,0.0,0,0,0.0,0,0.0,0,0.8334671608921435,0.928709055876686,0.7559429477020603,clean,0.8821257815371272,0.9594479723981402,0.8163369495848473,19999,2,0,0,0,0,0.0,0,0,0.0,0,0.0,0,0.8320470627250675,0.9348659003831418,0.7496038034865293,clean,0.8783017339165039,0.9633353646145829,0.8070623271640898,19692,2,0,0,0,0,0.0,0,0,0.0,0,0.0,0,0.8340493058587681,0.935,0.7527733755942948,clean,0.8840397577971247,0.9548371174723815,0.8230163794933746,20260,2,0,0,0,0,0.0,0,0,0.0,0,0.0,0,0.8296078925850355,0.9311740890688259,0.7480190174326465,clean
20160330_170359_1_721,high_quality,0.0483703433367957,35621,False,False,False,1,0.8510354231172271,0.8612620382346238,0.8410488195163413,34785,1,0,0,0,0,0.0,0,0,0.0,0,0.0,0,0.9575571783896966,0.9644886363636364,0.9507246376811594,clean,0.8500482027267801,0.8343291248747373,0.8663709609497583,36989,1,0,0,0,0,0.0,0,0,0.0,0,0.0,0,0.9711116598973304,0.9612676056338029,0.981159420289855,clean,0.8400401548830002,0.8586590049544524,0.8222116167427018,34109,2,1,1,0,0,0.0,0,0,0.0,1,0.5,1,0.9208337528949753,0.9156398104265403,0.9260869565217391,island,0.8495622479235445,0.8505543362032613,0.8485724712947844,35538,1,0,0,0,0,0.0,0,0,0.0,0,0.0,0,0.9430031581476778,0.9636871508379888,0.9231884057971015,clean
20160330_170359_641_721,high_quality,0.0562154608397382,31486,False,False,False,1,0.8577856758561949,0.881277009145127,0.8355141967856077,29851,1,0,0,0,0,0.0,0,0,0.0,0,0.0,0,0.9886295631358468,1.0,0.9775147928994082,clean,0.8603565835058993,0.8571158392432286,0.8636219272054679,31725,1,0,0,0,0,0.0,0,0,0.0,0,0.0,0,0.9922480620155039,1.0,0.9846153846153847,clean,0.8527144578510717,0.8877203835443902,0.8203646064915135,29097,1,0,0,0,0,0.0,0,0,0.0,0,0.0,0,0.9701656349670207,0.966396292004635,0.9739644970414201,clean,0.8633476615126607,0.8720756917889728,0.8547926062374215,30862,1,0,0,0,0,0.0,0,0,0.0,0,0.0,0,0.9904420549581839,1.0,0.9810650887573964,clean
20160330_172309_1281_361,high_quality,0.1857310551715142,7667,False,False,False,1,0.87765457620693,0.8443828351002357,0.9136559280019386,8296,1,0,0,0,0,0.0,0,0,0.0,0,0.0,0,0.9813965208213487,0.9751332149200711,0.9877408056042032,clean,0.8608176960352548,0.8220007119961765,0.9034824572832875,8427,1,0,0,0,0,0.0,0,0,0.0,0,0.0,0,0.9781531220573886,0.9670710571923743,0.989492119089317,clean,0.8725590955801178,0.8596380205026457,0.8858745271933144,7901,1,0,0,0,0,0.0,0,0,0.0,0,0.0,0,0.9827790686416885,0.9813242784380306,0.9842381786339754,clean,0.8649517684882111,0.8223398001166109,0.9122212077723852,8505,1,0,0,0,0,0.0,0,0,0.0,0,0.0,0,0.9798461991924756,0.9720767888307156,0.9877408056042032,clean
20160330_172309_1281_721,high_quality,0.0858601307689366,26153,False,False,False,4,0.8724894218508763,0.8441790617845951,0.9027645012041056,27968,2,-2,2,1,3,0.75,0,0,0.0,0,0.0,0,0.9661131112443462,0.9475935828877006,0.9853709508881923,merge,0.8639742319126321,0.8042239135445934,0.9333154896184249,30351,2,-2,2,1,3,0.75,0,0,0.0,0,0.0,0,0.9185713278239741,0.8578784757981462,0.9885057471264368,merge,0.8664544056092609,0.8140355594391107,0.9260887852250502,29753,3,-1,1,1,3,0.75,0,0,0.0,1,0.3333333333333333,1,0.9133972003313722,0.8488964346349746,0.9885057471264368,mixed,0.8501851175886305,0.7793995793228442,0.9351126065839731,31378,2,-2,2,1,3,0.75,0,0,0.0,0,0.0,0,0.890655611104337,0.8104325699745547,0.9885057471264368,merge
20160330_172309_1921_361,high_quality,0.0563754819837787,15042,False,False,False,1,0.9033617350887984,0.8459351244700017,0.9691530381591749,17233,1,0,0,0,0,0.0,0,0,0.0,0,0.0,0,0.9627823465519917,0.9384236453201971,0.9884393063583815,clean,0.8869147659060964,0.8084035452452082,0.9823161813582088,18278,1,0,0,0,0,0.0,0,0,0.0,0,0.0,0,0.9693737903780903,0.9483695652173914,0.9913294797687862,clean,0.8983061249536951,0.8342072267178648,0.9730753889104021,17546,1,0,0,0,0,0.0,0,0,0.0,0,0.0,0,0.9402799635550401,0.8918918918918919,0.9942196531791907,clean,0.8837322762613559,0.816256407367309,0.9633692328141448,17753,1,0,0,0,0,0.0,0,0,0.0,0,0.0,0,0.9705008909126905,0.9532019704433498,0.9884393063583815,clean
20160330_172309_1921_721,high_quality,0.0764674060048688,18485,False,False,False,1,0.8832627118641729,0.8651621271072035,0.9021368677301043,19275,2,1,1,0,0,0.0,1,1,1.0,0,0.0,0,0.9885931558935361,0.9881756756756757,0.989010989010989,fragment,0.864474492931555,0.8207946311331903,0.9130646470105961,20563,1,0,0,0,0,0.0,0,0,0.0,0,0.0,0,0.9852560712494071,0.984641638225256,0.9858712715855573,clean,0.8751646036342178,0.8527072106744404,0.8988368947790647,19485,2,1,1,0,0,0.0,0,0,0.0,1,0.5,1,0.9745648686412172,0.9665327978580991,0.9827315541601256,island,0.8702515267568394,0.8341187558902554,0.9096564782250962,20159,1,0,0,0,0,0.0,0,0,0.0,0,0.0,0,0.9810680157087412,0.9763113367174281,0.9858712715855573,clean
20160330_172309_1_721,high_quality,0.0894728690175021,19369,False,False,False,1,0.8849254825309106,0.9330776276614763,0.8414993030095299,17468,1,0,0,0,0,0.0,0,0,0.0,0,0.0,0,0.9856309763110881,0.9969512195121951,0.9745649263721553,clean,0.8923332262552489,0.926613665424514,0.8604987350917133,17987,1,0,0,0,0,0.0,0,0,0.0,0,0.0,0,0.9869077860479988,0.9953775038520801,0.9785809906291834,clean,0.8756367995202889,0.9269235205900755,0.8297279157412206,17338,2,1,1,0,0,0.0,0,0,0.0,1,0.5,1,0.9445100354191263,0.9259259259259259,0.963855421686747,island,0.8818311247396556,0.9387350626633991,0.8314316691616338,17155,1,0,0,0,0,0.0,0,0,0.0,0,0.0,0,0.9842047575133748,0.9954337899543378,0.9732262382864793,clean
20160330_172309_641_361,boundary_margin_error,0.1651667548967707,1889,False,False,True,1,0.7685071574626411,0.626124625122872,0.9947061937480429,3001,1,0,0,0,0,0.0,0,0,0.0,0,0.0,0,0.8659003831417624,0.7635135135135135,1.0,clean,0.8011970927729773,0.6719254212955471,0.9920592906247112,2789,2,1,1,0,0,0.0,0,0,0.0,1,0.5,13,0.888135593220339,0.7987804878048781,1.0,island,0.8213973799108704,0.6989966555157971,0.9957649549973756,2691,1,0,0,0,0,0.0,0,0,0.0,0,0.0,0,0.9281767955801106,0.865979381443299,1.0,clean,0.8108945969866898,0.6969927674126495,0.9692959237640588,2627,1,0,0,0,0,0.0,0,0,0.0,0,0.0,0,0.9312977099236641,0.8714285714285714,1.0,clean
20160330_172309_641_721,boundary_margin_error,0.1120254801784906,30926,False,False,True,3,0.8480974329642283,0.8838709677416255,0.8151070296834977,28520,1,-2,2,0,0,0.0,0,0,0.0,0,0.0,0,0.9474982487405285,0.97429718875502,0.9221341023792358,clean,0.8541029435946631,0.8689934413060939,0.8397141563730066,29884,1,-2,2,0,0,0.0,0,0,0.0,0,0.0,0,0.9507110442538788,0.9762658227848101,0.9264599855803893,clean,0.8552531933153507,0.8917353921737526,0.8216387505656012,28495,1,-2,2,0,0,0.0,0,0,0.0,0,0.0,0,0.9346279472183602,0.958362738179252,0.9120403749098774,clean,0.8552509219174514,0.848206335071604,0.862413503200911,31444,1,-2,2,0,0,0.0,0,0,0.0,0,0.0,0,0.9461402954062965,0.9604743083003953,0.9322278298485941,clean
20160402_150314_1281_1081,boundary_margin_error,0.1880610412926391,2228,False,False,True,1,0.8338039532052566,0.7571428571400838,0.927737881503915,2730,1,0,0,0,0,0.0,0,0,0.0,0,0.0,0,0.960960960960961,0.9248554913294798,1.0,clean,0.8398231951150499,0.7907253269885426,0.8954219030480457,2523,1,0,0,0,0,0.0,0,0,0.0,0,0.0,0,0.9602446483180428,0.9235294117647059,1.0,clean,0.8615455381764914,0.8834905660335685,0.8406642728867116,2120,3,2,2,0,0,0.0,0,0,0.0,2,0.6666666666666666,2,0.9824561403508771,0.9655172413793104,1.0,island,0.8505598621859377,0.817466887413835,0.8864452423658598,2416,1,0,0,0,0,0.0,0,0,0.0,0,0.0,0,0.984894259818731,0.9702380952380952,1.0,clean
20160402_150314_1281_361,high_quality,0.1662115419624977,5493,False,False,False,1,0.8564320680516359,0.7657864523525175,0.9714181685764219,6968,1,0,0,0,0,0.0,0,0,0.0,0,0.0,0,0.9631521342575702,0.9611650485436893,0.9651474530831099,clean,0.8573509183583968,0.7716283134273644,0.9645002730730666,6866,1,0,0,0,0,0.0,0,0,0.0,0,0.0,0,0.9492353915326301,0.9313432835820895,0.967828418230563,clean,0.8504460665037709,0.7668568085406364,0.9544875295813682,6837,1,0,0,0,0,0.0,0,0,0.0,0,0.0,0,0.921886735766862,0.8801089918256131,0.967828418230563,clean,0.848703170028139,0.7573939134151202,0.9650464227180684,6999,1,0,0,0,0,0.0,0,0,0.0,0,0.0,0,0.9551995101540973,0.9454545454545454,0.9651474530831099,clean
20160402_150314_1281_721,high_quality,0.1511911537523375,12299,False,False,False,3,0.851322687797314,0.8382723833536898,0.8647857549387228,12688,2,-1,1,1,2,0.6666666666666666,0,0,0.0,0,0.0,0,0.9774161267015181,0.985553772070626,0.9694117647058823,merge,0.8421888020313312,0.8225081382724984,0.8628343767778983,12902,2,-1,1,1,2,0.6666666666666666,0,0,0.0,0,0.0,0,0.95955593301162,0.9421221864951769,0.9776470588235294,merge,0.8487027579158942,0.8529894875157251,0.8444588990968009,12176,2,-1,1,1,2,0.6666666666666666,0,0,0.0,0,0.0,0,0.9654032841061655,0.9661016949152542,0.9647058823529412,merge,0.8553307642899585,0.8446840561318919,0.8662492885593411,12613,2,-1,1,1,2,0.6666666666666666,0,0,0.0,0,0.0,0,0.9812411465313494,0.9872611464968153,0.9752941176470589,merge
20160402_150314_1921_1,high_quality,0.1448268921095008,9936,False,False,False,2,0.8535661182786447,0.8153578301101297,0.8955314009652822,10913,1,-1,1,0,0,0.0,0,0,0.0,0,0.0,0,0.9655038558496749,0.9505154639175257,0.9809725158562368,clean,0.8467625541229051,0.8375504578115215,0.8561795491134699,10157,1,-1,1,1,2,1.0,0,0,0.0,0,0.0,0,0.9636724603438688,0.945010183299389,0.9830866807610994,merge,0.835590941991089,0.8591324686361267,0.8133051529782475,9406,2,0,0,0,0,0.0,1,1,0.5,0,0.0,0,0.9418693866498172,0.9305301645338209,0.9534883720930233,fragment,0.8508276719927036,0.8108699616990599,0.8949275362309833,10966,1,-1,1,1,2,1.0,0,0,0.0,0,0.0,0,0.9700188603434383,0.9455645161290323,0.9957716701902748,merge
20160402_150314_1921_361,high_quality,0.1792956243329775,2811,False,False,False,1,0.871844347964509,0.7954812206549429,0.9644254713590736,3408,1,0,0,0,0,0.0,0,0,0.0,0,0.0,0,0.960057891226925,0.9322916666666666,0.9895287958115183,clean,0.8938528720173097,0.8466433343911974,0.946638207040389,3143,1,0,0,0,0,0.0,0,0,0.0,0,0.0,0,0.9613195876288662,0.9393939393939394,0.9842931937172775,clean,0.8804830403109919,0.8790780141812798,0.8818925649203775,2820,1,0,0,0,0,0.0,0,0,0.0,0,0.0,0,0.9352380222894565,0.9041095890410958,0.9685863874345549,clean,0.8904965471869607,0.8278813818378848,0.9633582354999525,3271,1,0,0,0,0,0.0,0,0,0.0,0,0.0,0,0.9694306401427455,0.9453551912568307,0.9947643979057592,clean
20160402_150314_1_361,high_quality,0.0862778558522385,29886,False,False,False,1,0.8939952978323877,0.9176325524041157,0.8715452051124701,28385,1,0,0,0,0,0.0,0,0,0.0,0,0.0,0,0.9634616377711739,0.9896800825593395,0.9385964912280702,clean,0.8973034015466264,0.9181665382726668,0.8773673291839398,28558,1,0,0,0,0,0.0,0,0,0.0,0,0.0,0,0.9625196676511995,0.9838383838383838,0.9421052631578948,clean,0.8947485043206984,0.911892436507344,0.8782373017463433,28783,1,0,0,0,0,0.0,0,0,0.0,0,0.0,0,0.9647942227078958,0.9866785079928952,0.9438596491228071,clean,0.8962484446639799,0.9134211166310275,0.8797095630057954,28783,1,0,0,0,0,0.0,0,0,0.0,0,0.0,0,0.9627852841455391,0.9777777777777777,0.9482456140350877,clean
20160402_150314_1_721,boundary_margin_error,0.1662688510361289,9217,False,False,True,2,0.7750449293962643,0.7357184636374188,0.8188130628178161,10258,1,-1,1,0,0,0.0,0,0,0.0,0,0.0,0,0.8844174075807206,0.84375,0.9292035398230089,clean,0.7606652205346758,0.7258748151791761,0.7989584463482705,10145,3,1,1,0,0,0.0,0,0,0.0,2,0.6666666666666666,131,0.8512441114167378,0.7791411042944786,0.9380530973451328,island,0.791295041027,0.875411130113307,0.7219268742533124,7601,2,0,0,0,0,0.0,1,1,0.5,0,0.0,0,0.9143806541723342,0.9264150943396227,0.9026548672566371,fragment,0.8067447717065549,0.8142336169733514,0.7993924270361294,9049,1,-1,1,0,0,0.0,0,0,0.0,0,0.0,0,0.9070133408493047,0.8795180722891566,0.9362831858407079,clean
20160402_150314_641_361,high_quality,0.1083583884546001,8315,False,False,False,1,0.8609957180284649,0.9187124931793252,0.8101022248937941,7332,1,0,0,0,0,0.0,0,0,0.0,0,0.0,0,0.9665738161559888,1.0,0.9353099730458221,clean,0.8621240181359843,0.919117647057572,0.8117859290429202,7344,1,0,0,0,0,0.0,0,0,0.0,0,0.0,0,0.9680111265646733,1.0,0.9380053908355795,clean,0.8576705088194245,0.9114780725488475,0.8098616957296333,7388,2,1,1,0,0,0.0,0,0,0.0,1,0.5,146,0.9294517150597124,0.9210526315789473,0.9380053908355795,island,0.8573443610945326,0.9181543531984095,0.8040889957897726,7282,1,0,0,0,0,0.0,0,0,0.0,0,0.0,0,0.9680111265646733,1.0,0.9380053908355795,clean
20160402_150314_641_721,boundary_margin_error,0.1406575277897796,25459,False,False,True,1,0.8412659369489524,0.8797102070558238,0.8060410856668345,23327,1,0,0,0,0,0.0,0,0,0.0,0,0.0,0,0.9323728649457564,0.9576149425287356,0.9084273390842734,clean,0.8510953714378087,0.8943701588121968,0.8118150752186606,23109,1,0,0,0,0,0.0,0,0,0.0,0,0.0,0,0.9492993048921892,0.9793530626290433,0.9210351692103517,clean,0.8485170357053582,0.8839426309737907,0.8158215169484992,23497,3,2,2,0,0,0.0,1,1,1.0,1,0.3333333333333333,1,0.9263341992013704,0.9537343027098479,0.900464499004645,mixed,0.8566967109422722,0.8622528150237289,0.8512117522287398,25133,1,0,0,0,0,0.0,0,0,0.0,0,0.0,0,0.9385969987713273,0.9436038514442916,0.93364299933643,clean
20160402_151049_1281_721,high_quality,0.0508671174357088,35347,False,False,False,2,0.942163736983573,0.9286617202525616,0.9560641638608777,36390,1,-1,1,0,0,0.0,0,0,0.0,0,0.0,0,0.9714574007879003,0.9972451790633609,0.946969696969697,clean,0.9418248959681234,0.9180433556287324,0.9668713044951576,37227,1,-1,1,0,0,0.0,0,0,0.0,0,0.0,0,0.9760317916591346,0.9973262032085561,0.9556277056277056,clean,0.9413719111232863,0.9217089568420838,0.9618920983390495,36888,2,0,0,0,0,0.0,0,0,0.0,1,0.5,1,0.9594172889007584,0.9721964782205746,0.946969696969697,island,0.9444165970480445,0.9298385106788777,0.9594590771491331,36473,1,-1,1,0,0,0.0,0,0,0.0,0,0.0,0,0.969738906943123,0.997229916897507,0.9437229437229437,clean
20160402_151049_1921_1081,high_quality,0.0531281032770605,18126,False,False,False,1,0.9322653954877966,0.9366785475601822,0.927893633454194,17956,1,0,0,0,0,0.0,0,0,0.0,0,0.0,0,0.9401788022533654,0.9338624338624338,0.9465811965811965,clean,0.9305373525554472,0.9211806681798458,0.940086064216628,18498,1,0,0,0,0,0.0,0,0,0.0,0,0.0,0,0.9393643002442229,0.9261213720316622,0.9529914529914529,clean,0.9279090306908457,0.9284215177284169,0.9273971091245021,18106,1,0,0,0,0,0.0,0,0,0.0,0,0.0,0,0.9150023891609164,0.8854625550660793,0.9465811965811965,clean,0.9309849029472624,0.9332039911303031,0.9287763433736462,18040,1,0,0,0,0,0.0,0,0,0.0,0,0.0,0,0.9416987274341522,0.9347826086956522,0.9487179487179487,clean
20160402_151049_1921_721,high_quality,0.0540178165621307,22002,False,False,False,1,0.9369262388671074,0.9415274463002838,0.9323697845646157,21788,1,0,0,0,0,0.0,0,0,0.0,0,0.0,0,0.9363746392328459,0.9824561403508771,0.8944223107569721,clean,0.9339479101403084,0.9197884530626179,0.9485501318057683,22690,1,0,0,0,0,0.0,0,0,0.0,0,0.0,0,0.9395542872801319,0.9799107142857143,0.9023904382470119,clean,0.9301595136066835,0.9184351601608619,0.9421870739019442,22571,2,1,1,0,0,0.0,0,0,0.0,1,0.5,1,0.916227803989898,0.9369369369369369,0.896414342629482,island,0.9238394258800351,0.9118558526647282,0.9361421688933114,22588,1,0,0,0,0,0.0,0,0,0.0,0,0.0,0,0.9396215359001427,0.9824175824175824,0.900398406374502,clean
20160402_151049_1_361,high_quality,0.0831437393353376,24614,False,False,False,2,0.9064842978086859,0.8663852164571098,0.950475339237446,27003,1,-1,1,1,2,1.0,0,0,0.0,0,0.0,0,0.9253699132913737,0.8884976525821596,0.965435041716329,merge,0.9002106069307103,0.8512818655848597,0.955106849759911,27616,2,0,0,1,2,1.0,0,0,0.0,1,0.5,2,0.9202245013014033,0.8751431844215349,0.9702026221692491,mixed,0.8999343705360576,0.8572741982933004,0.9470626472735244,27192,1,-1,1,1,2,1.0,0,0,0.0,0,0.0,0,0.9221163838139538,0.8835164835164835,0.964243146603099,merge,0.9005955107648305,0.8493052055580498,0.9584789144385477,27778,1,-1,1,1,2,1.0,0,0,0.0,0,0.0,0,0.9282373371528456,0.8847980997624703,0.9761620977353993,merge
20160402_151049_1_721,high_quality,0.1367292225201072,17531,False,False,False,1,0.8607139129524944,0.7931996344919957,0.9407905995089038,20793,2,1,1,0,0,0.0,1,1,1.0,0,0.0,0,0.9705510835913314,0.971875,0.9692307692307692,fragment,0.8630675540250115,0.7852800897779925,0.9579601848149233,21386,1,0,0,0,0,0.0,0,0,0.0,0,0.0,0,0.9683521455560636,0.9545454545454546,0.9825641025641025,clean,0.8661997788423816,0.8043616449069462,0.9383378016080438,20451,1,0,0,0,0,0.0,0,0,0.0,0,0.0,0,0.9465096137811576,0.9130074565037283,0.9825641025641025,clean,0.8599759153447796,0.7806307563490648,0.9572756830751484,21498,1,0,0,0,0,0.0,0,0,0.0,0,0.0,0,0.975479299323075,0.9684959349593496,0.9825641025641025,clean
20160402_151049_641_361,boundary_margin_error,0.1244583533943187,2077,False,False,True,1,0.8116857481231511,0.6878554700545739,0.9898892633558504,2989,1,0,0,0,0,0.0,0,0,0.0,0,0.0,0,0.9019132775694646,0.8511904761904762,0.9590643274853801,clean,0.8146543234177376,0.6893333333310355,0.9956668271497561,3000,1,0,0,0,0,0.0,0,0,0.0,0,0.0,0,0.8523229205470705,0.7526315789473684,0.9824561403508771,clean,0.8077449638161398,0.6801712779951247,0.9942224362012797,3036,2,1,1,0,0,0.0,0,0,0.0,1,0.5,1,0.8921650219950066,0.8170731707317073,0.9824561403508771,island,0.831808013014375,0.7200704225326758,0.9845931632114368,2840,2,1,1,0,0,0.0,0,0,0.0,1,0.5,2,0.8702376036935551,0.8089887640449438,0.9415204678362573,island
20160402_151049_641_721,high_quality,0.0515084531675087,41168,False,False,False,1,0.9411989308895403,0.9249530956845862,0.9580256509908284,42640,1,0,0,0,0,0.0,0,0,0.0,0,0.0,0,0.9838311483713492,0.9798099762470309,0.987885462555066,clean,0.939145282929263,0.917431192660338,0.9619121647879514,43164,2,1,1,0,0,0.0,0,0,0.0,1,0.5,10,0.9794534922766959,0.9638273045507585,0.9955947136563876,island,0.9384584413891627,0.9155710621777501,0.9625194325687518,43279,2,1,1,0,0,0.0,0,0,0.0,1,0.5,1,0.9755346465625897,0.9634888438133874,0.987885462555066,island,0.9368249391410111,0.9121829981127372,0.9628352118147682,43454,1,0,0,0,0,0.0,0,0,0.0,0,0.0,0,0.9823103024861697,0.9693757361601885,0.9955947136563876,clean
20160402_151054_1281_1081,high_quality,0.061311475409836,16775,False,False,False,1,0.9384897382731037,0.9461948618510989,0.9309090909085359,16504,1,0,0,0,0,0.0,0,0,0.0,0,0.0,0,1.0,1.0,1.0,clean,0.9325523712754588,0.9349832214759497,0.9301341281663605,16688,1,0,0,0,0,0.0,0,0,0.0,0,0.0,0,0.9958734525447043,0.9917808219178083,1.0,clean,0.9264259298232279,0.9346032516373849,0.9183904619964719,16484,1,0,0,0,0,0.0,0,0,0.0,0,0.0,0,0.9949367088607595,0.9899244332493703,1.0,clean,0.9346869916247109,0.9448200255795451,0.9247690014897616,16419,1,0,0,0,0,0.0,0,0,0.0,0,0.0,0,1.0,1.0,1.0,clean
20160402_151054_1281_361,high_quality,0.062778730703259,5830,False,False,False,1,0.9236183315996771,0.8652779859120856,0.9903945111475294,6673,1,0,0,0,0,0.0,0,0,0.0,0,0.0,0,0.9954128440366972,1.0,0.9908675799086758,clean,0.9196963643620297,0.8608825729231699,0.9871355060017374,6685,1,0,0,0,0,0.0,0,0,0.0,0,0.0,0,0.9977116704805492,1.0,0.9954337899543378,clean,0.9230032713628635,0.8628972102030987,0.9921097770137357,6703,1,0,0,0,0,0.0,0,0,0.0,0,0.0,0,0.951666240829288,0.9115853658536586,0.9954337899543378,clean,0.9255079006764547,0.873136598720911,0.9845626072024278,6574,1,0,0,0,0,0.0,0,0,0.0,0,0.0,0,0.9977116704805492,1.0,0.9954337899543378,clean
20160402_151054_1281_721,high_quality,0.0478522539532688,42370,False,False,False,1,0.9548352381062671,0.9465640002780931,0.9632523011562514,43117,1,0,0,0,0,0.0,0,0,0.0,0,0.0,0,0.9898037008789403,0.9942726231386025,0.9853747714808044,clean,0.9553865682243184,0.9429668283485568,0.9681378333724409,43501,1,0,0,0,0,0.0,0,0,0.0,0,0.0,0,0.9926577961967386,0.9944629014396457,0.9908592321755028,clean,0.953477262929668,0.9415310982763199,0.9657304696717098,43459,1,0,0,0,0,0.0,0,0,0.0,0,0.0,0,0.9864487793363906,0.9802880970432145,0.9926873857404022,clean,0.9528369250938283,0.9452353856513587,0.9605617181966107,43057,1,0,0,0,0,0.0,0,0,0.0,0,0.0,0,0.989243564724468,0.9931428571428571,0.9853747714808044,clean
20160402_151054_1921_361,high_quality,0.1190793628517297,14251,False,False,False,3,0.8683995955771604,0.8112736136497188,0.9341800575391662,16410,1,-2,2,1,3,1.0,0,0,0.0,0,0.0,0,0.9608484395440104,0.9479166666666666,0.9741379310344828,merge,0.8669438669435853,0.8071130466335165,0.9363553434840106,16533,1,-2,2,1,3,1.0,0,0,0.0,0,0.0,0,0.9501241498434634,0.9285714285714286,0.9727011494252874,merge,0.8730857010548496,0.8258040295327082,0.9261104483889367,15982,1,-2,2,1,3,1.0,0,0,0.0,0,0.0,0,0.9250190930607121,0.8853658536585366,0.9683908045977011,merge,0.8704316780263321,0.8097711214440426,0.940916426916749,16559,1,-2,2,1,3,1.0,0,0,0.0,0,0.0,0,0.9581475813427374,0.9467455621301775,0.9698275862068966,merge
20160402_151054_1_361,high_quality,0.0416610195015435,66405,False,False,False,1,0.8862071706812238,0.9385871853159993,0.8393645056846866,59385,1,0,0,0,0,0.0,0,0,0.0,0,0.0,0,0.9537590439040432,0.9723538704581358,0.9358620689655173,clean,0.8880474047784327,0.9368679693113583,0.8440629470671118,59827,1,0,0,0,0,0.0,0,0,0.0,0,0.0,0,0.9562856305910452,0.96875,0.9441379310344827,clean,0.8836828335360448,0.936238331142632,0.8367141028535748,59346,3,2,2,0,0,0.0,1,1,1.0,1,0.3333333333333333,1,0.9413057730847677,0.9496535796766744,0.9331034482758621,mixed,0.8881574284791136,0.930809097811222,0.8492432798733757,60586,1,0,0,0,0,0.0,0,0,0.0,0,0.0,0,0.966609217221723,0.9747320061255743,0.9586206896551724,clean
20160402_151054_1_721,missed_crack_high_fn,0.0685595567867036,2888,False,False,False,1,0.023947998631461007,0.9999999997142857,0.01211911357336524,35,1,0,0,0,0,0.0,0,0,0.0,0,0.0,0,0.0,1.0,0.0,clean,0.036585365853534606,0.8437499998681641,0.01869806094176351,64,2,1,1,0,0,0.0,0,0,0.0,1,0.5,10,0.0,0.7,0.0,island,0.27771679473030264,0.6693121693033159,0.17520775623208032,756,15,14,14,0,0,0.0,1,1,1.0,13,0.8666666666666667,250,0.24086930274675522,0.37254901960784315,0.17796610169491525,mixed,0.0,0.0,0.0,0,0,-1,1,0,0,0.0,0,0,0.0,0,0.0,0,0.0,0.0,0.0,clean
20160402_151054_641_361,high_quality,0.0688688337860334,11413,False,False,False,1,0.9077209386769063,0.9417027688821419,0.8761061946894978,10618,2,1,1,0,0,0.0,1,1,1.0,0,0.0,0,0.9427782888684454,0.9545454545454546,0.9312977099236641,fragment,0.9131687984142888,0.9394866092105092,0.8882852887050834,10791,2,1,1,0,0,0.0,1,1,1.0,0,0.0,0,0.942678665002884,0.9413407821229051,0.9440203562340967,fragment,0.9108955357940758,0.9343960195329084,0.8885481468493046,10853,4,3,3,0,0,0.0,1,1,1.0,2,0.5,2,0.9400565654227578,0.9625668449197861,0.9185750636132316,mixed,0.9051320514564729,0.9404874362356503,0.8723385612889929,10586,2,1,1,0,0,0.0,1,1,1.0,0,0.0,0,0.9287979244739117,0.9473684210526315,0.910941475826972,fragment
20160402_151054_641_721,high_quality,0.0571288409222673,22423,False,False,False,1,0.9420436989624935,0.9324944291515128,0.951790572179926,22887,1,0,0,0,0,0.0,0,0,0.0,0,0.0,0,0.9922600619195046,1.0,0.9846390168970814,clean,0.944173323120485,0.9269508422134208,0.9620478972479319,23272,1,0,0,0,0,0.0,0,0,0.0,0,0.0,0,0.9903026162316538,0.996031746031746,0.9846390168970814,clean,0.9384344766928456,0.9255323762844578,0.9517013780488999,23057,2,1,1,0,0,0.0,1,1,1.0,0,0.0,0,0.9756882901363326,0.9853587115666179,0.9662058371735791,fragment,0.9463623521099801,0.936890870153867,0.9560272934036677,22881,1,0,0,0,0,0.0,0,0,0.0,0,0.0,0,0.9914794732765299,1.0,0.9831029185867896,clean
20160405_171348_1281_361,boundary_margin_error,0.0868240670220868,1313,False,False,True,1,0.8114956736686914,0.6827873114889091,0.999999999992384,1923,2,1,1,0,0,0.0,0,0,0.0,1,0.5,77,0.850828729281768,0.7403846153846154,1.0,island,0.5988106129903962,0.4279176201359009,0.996953541500404,3059,4,3,3,0,0,0.0,0,0,0.0,3,0.75,1281,0.5895522388059702,0.41798941798941797,1.0,island,0.7929782082300455,0.6579608237033754,0.997715156123399,1991,4,3,3,0,0,0.0,0,0,0.0,3,0.75,275,0.7363636363636364,0.5827338129496403,1.0,island,0.6285303973177871,0.4582897033142817,0.999999999992384,2865,4,3,3,0,0,0.0,0,0,0.0,3,0.75,179,0.6271186440677966,0.4567901234567901,1.0,island
20160405_171348_1281_721,high_quality,0.0557077257713687,37239,False,False,False,2,0.8773986632167856,0.8806026670992235,0.8742178898464315,36969,1,-1,1,0,0,0.0,0,0,0.0,0,0.0,0,0.9523809523809523,1.0,0.9090909090909091,clean,0.8817782120174734,0.8458085678346497,0.9209430972902278,40547,1,-1,1,0,0,0.0,0,0,0.0,0,0.0,0,0.9595015412315638,0.9833759590792839,0.9367588932806324,clean,0.8804219784821234,0.8587952914738762,0.903166035607588,39163,2,0,0,0,0,0.0,0,0,0.0,1,0.5,1,0.9062282320668136,0.8846787479406919,0.9288537549407114,island,0.8819501860271701,0.8497846598120816,0.9166465264907983,40169,2,0,0,0,0,0.0,1,1,0.5,0,0.0,0,0.9441943196752893,0.9558638083228247,0.932806324110672,fragment
20160405_171348_1921_721,boundary_margin_error,0.069974616811481,40972,False,False,True,4,0.8312282030850937,0.8941186388285346,0.7766035341206735,35587,2,-2,2,0,0,0.0,1,1,0.25,0,0.0,0,0.7814761314508226,0.9866989117291415,0.6469230769230769,fragment,0.8182108340673309,0.8578235845266076,0.7820950893291072,37355,4,0,0,1,3,0.75,1,3,0.25,0,0.0,0,0.7734430800596105,0.958103638368247,0.6484615384615384,mixed,0.8290087855031741,0.8707320349225331,0.7911012398709385,37225,1,-3,3,1,2,0.5,0,0,0.0,0,0.0,0,0.7737445019092271,0.9169435215946844,0.6692307692307692,merge,0.8346358792183666,0.869081589515729,0.8028165576489303,37848,2,-2,2,1,3,0.75,1,1,0.25,0,0.0,0,0.7942347931821209,0.9701834862385321,0.6723076923076923,mixed
20160405_171348_1_721,complex_topology,0.0926342875522676,43526,False,False,False,5,0.744398381206107,0.8039550130587911,0.6930570233881604,37522,3,-2,2,0,0,0.0,1,1,0.2,0,0.0,0,0.7379487796888256,0.9138276553106213,0.6188436830835118,fragment,0.7382446789858529,0.7513739858673952,0.7255663281715009,42031,4,-1,1,0,0,0.0,2,2,0.4,0,0.0,0,0.7381346998065318,0.8804232804232804,0.6354389721627409,fragment,0.751497005987934,0.7848851753637903,0.7208335247896153,39974,5,0,0,0,0,0.0,2,2,0.4,1,0.2,1,0.6922726640756242,0.7618097139055223,0.6343683083511777,mixed,0.7488519212745139,0.7639957928955482,0.7342967421769209,41834,6,1,1,0,0,0.0,1,4,0.2,0,0.0,0,0.7566255744260743,0.9258098223615465,0.6397216274089935,fragment
20160405_171348_641_721,boundary_margin_error,0.0674327354260089,35680,False,False,True,3,0.835326507786166,0.855217570027349,0.816339686098426,34058,2,-1,1,0,0,0.0,0,0,0.0,0,0.0,0,0.9187982823312921,0.9649595687331537,0.8768518518518519,clean,0.8314979757083898,0.8018479958352936,0.8634248878921348,38420,2,-1,1,0,0,0.0,0,0,0.0,0,0.0,0,0.9325775527401848,0.9431680773881499,0.9222222222222223,clean,0.8343850125220945,0.8330679183078163,0.8357062780266716,35793,5,2,2,0,0,0.0,0,0,0.0,3,0.6,3,0.8801684484941156,0.8698441796516957,0.8907407407407407,island,0.8425260009515543,0.8181122112209062,0.8684417040356311,37875,3,0,0,0,0,0.0,0,0,0.0,1,0.3333333333333333,19,0.9383947017538719,0.9492574257425742,0.9277777777777778,island
20160407_163130_1281_721,high_quality,0.1013013289189313,21747,False,False,False,2,0.8876859278386712,0.9649103865250674,0.8219064698575335,18524,1,-1,1,0,0,0.0,0,0,0.0,0,0.0,0,0.942072734758402,0.9958041958041958,0.8938428874734607,clean,0.8953193167531254,0.9648321291962575,0.8351496758169701,18824,1,-1,1,0,0,0.0,0,0,0.0,0,0.0,0,0.9425384792375601,0.9916167664670659,0.8980891719745223,clean,0.8768241965971325,0.9702141900931669,0.7998344599251391,17928,1,-1,1,0,0,0.0,0,0,0.0,0,0.0,0,0.9235407483733089,0.9767911200807265,0.8757961783439491,clean,0.8940915258416445,0.964498616137447,0.8332643583019114,18788,1,-1,1,0,0,0.0,0,0,0.0,0,0.0,0,0.9439579993305263,0.9947643979057592,0.8980891719745223,clean
20160407_163130_1921_721,high_quality,0.1056292979369902,18759,False,False,False,1,0.8845294407844441,0.9707006369420569,0.8124100431788408,15700,1,0,0,0,0,0.0,0,0,0.0,0,0.0,0,0.9859792219124294,0.9932614555256065,0.9788029925187033,clean,0.8872476612503586,0.9713977676300283,0.8165147395912273,15768,1,0,0,0,0,0.0,0,0,0.0,0,0.0,0,0.9770607095536548,0.9841479524438573,0.970074812967581,clean,0.874797990185739,0.9745973549816848,0.7935391012309859,15274,1,0,0,0,0,0.0,0,0,0.0,0,0.0,0,0.9626761461455078,0.9876847290640394,0.9389027431421446,clean,0.8992832252030204,0.959668641915008,0.8460472306621643,16538,1,0,0,0,0,0.0,0,0,0.0,0,0.0,0,0.9858698635420236,0.9943262411347518,0.9775561097256857,clean
20160407_163130_1_361,boundary_margin_error,0.1367403314917127,2534,False,False,True,2,0.8041071069039579,0.820797369499298,0.7880820836590842,2433,3,1,1,0,0,0.0,0,0,0.0,2,0.6666666666666666,174,0.8291654112684543,0.7962962962962963,0.8648648648648649,island,0.72035398229961,0.6530808729118964,0.8030781373291118,3116,4,2,2,0,0,0.0,0,0,0.0,3,0.75,783,0.6958314775407862,0.5796460176991151,0.8702702702702703,island,0.7571587950897041,0.7158931082956544,0.8034727703204283,2844,5,3,3,0,0,0.0,0,0,0.0,4,0.8,482,0.7797653714951327,0.6926829268292682,0.8918918918918919,island,0.7948929159785937,0.8311800172229493,0.7616416732408775,2322,3,1,1,0,0,0.0,0,0,0.0,2,0.6666666666666666,145,0.8342201872705524,0.8152866242038217,0.8540540540540541,island
20160407_163130_1_721,boundary_margin_error,0.1056799866614794,17993,False,False,True,4,0.8437972082902763,0.9244620986422214,0.7760795865054321,15105,2,-2,2,1,2,0.5,0,0,0.0,0,0.0,0,0.9068786031369119,0.9503875968992248,0.867178924259056,merge,0.860563212927501,0.9243188054362041,0.8050352915018034,15671,2,-2,2,1,2,0.5,0,0,0.0,0,0.0,0,0.9144765892549671,0.9500756429652042,0.8814489571899012,merge,0.8286715436156548,0.9270339041325032,0.7491802367583231,14541,3,-1,1,1,2,0.5,1,1,0.25,0,0.0,0,0.8975043641475275,0.948377581120944,0.8518111964873765,mixed,0.8395196506547673,0.9238470266295642,0.7692991718997558,14983,2,-2,2,1,2,0.5,0,0,0.0,0,0.0,0,0.9061549451668014,0.9514415781487102,0.8649835345773875,merge
20160407_163130_641_721,high_quality,0.0912201480378008,21481,False,False,False,1,0.8732991694643493,0.9539488197656332,0.8052232205200851,18132,2,1,1,0,0,0.0,1,1,1.0,0,0.0,0,0.9788012912243336,0.9941860465116279,0.9638854296388543,fragment,0.8851596743892586,0.9580351333761884,0.8225874028207147,18444,1,0,0,0,0,0.0,0,0,0.0,0,0.0,0,0.9795130055950187,0.9969879518072289,0.962640099626401,clean,0.8583081648982013,0.9633213582101267,0.7739397607184144,17258,2,1,1,0,0,0.0,1,1,1.0,0,0.0,0,0.9496887646546484,0.9911209766925638,0.9115815691158157,fragment,0.8779560489694377,0.9636657022028913,0.8062473814064492,17972,1,0,0,0,0,0.0,0,0,0.0,0,0.0,0,0.9769122903651868,0.9969558599695586,0.9576587795765878,clean
20160407_163257_1281_1,high_quality,0.0945188687505472,11421,False,False,False,2,0.882009483129871,0.7982692580502211,0.9853778128001178,14098,1,-1,1,1,2,1.0,0,0,0.0,0,0.0,0,0.9957203994293866,0.9914772727272727,1.0,merge,0.8935338465830732,0.8206330597883787,0.9806496804124151,13648,2,0,0,1,2,1.0,0,0,0.0,1,0.5,22,0.9828949279622623,0.9712793733681462,0.9947916666666666,mixed,0.8821364241518983,0.7979032372311412,0.9862533928719146,14117,3,1,1,1,2,1.0,0,0,0.0,2,0.6666666666666666,2,0.9726969100576834,0.9491916859122402,0.9973958333333334,mixed,0.903171076549827,0.8383830808453289,0.9788109622616418,13334,1,-1,1,1,2,1.0,0,0,0.0,0,0.0,0,0.9945461515649072,0.9917127071823204,0.9973958333333334,merge
20160407_163257_1281_361,high_quality,0.1179355783308931,13660,False,False,False,1,0.8982833362230281,0.8534431630966369,0.9480966325029662,15175,1,0,0,0,0,0.0,0,0,0.0,0,0.0,0,0.9518204584022326,0.9195612431444241,0.9864253393665159,clean,0.9030074663314134,0.862618317557084,0.9473645680812977,15002,1,0,0,0,0,0.0,0,0,0.0,0,0.0,0,0.9518422117784625,0.9182948490230906,0.9879336349924586,clean,0.8966814082247809,0.855084014079262,0.942532942898285,15057,1,0,0,0,0,0.0,0,0,0.0,0,0.0,0,0.9355988546867595,0.8885298869143781,0.9879336349924586,clean,0.8993208709651686,0.8617335301215203,0.9403367496332794,14906,1,0,0,0,0,0.0,0,0,0.0,0,0.0,0,0.9524430231615049,0.9194139194139194,0.9879336349924586,clean
20160407_163257_1281_721,high_quality,0.1404782237403928,7026,False,False,False,1,0.8794215637620476,0.8760062138103715,0.8828636493013339,7081,1,0,0,0,0,0.0,0,0,0.0,0,0.0,0,0.9859154929577464,0.9722222222222222,1.0,clean,0.8839354342807043,0.86822237474143,0.900227725589382,7285,1,0,0,0,0,0.0,0,0,0.0,0,0.0,0,0.9821295521498413,0.967479674796748,0.997229916897507,clean,0.8692103944442199,0.8744058764210364,0.8640762880716424,6943,2,1,1,0,0,0.0,0,0,0.0,1,0.5,1,0.9876203576341127,0.9755434782608695,1.0,island,0.8713764225890263,0.8764578833680685,0.8663535439782717,6945,1,0,0,0,0,0.0,0,0,0.0,0,0.0,0,0.9858356940509915,0.9720670391061452,1.0,clean
20160407_163257_1921_1081,boundary_margin_error,0.1805738786279683,6064,False,False,True,3,0.8109252902937187,0.7277493773748489,0.9155672823203899,7629,1,-2,2,1,3,1.0,0,0,0.0,0,0.0,0,0.9173948731359004,0.8769633507853403,0.9617346938775511,merge,0.8065927654603219,0.72306485355554,0.911939313982665,7648,1,-2,2,1,3,1.0,0,0,0.0,0,0.0,0,0.9279114858733034,0.8753056234718827,0.9872448979591837,merge,0.8143016759770471,0.7425621518805291,0.9013852242729199,7361,3,0,0,1,3,1.0,1,1,0.3333333333333333,1,0.3333333333333333,1,0.9073735786929387,0.8548009367681498,0.9668367346938775,mixed,0.7890119372926873,0.6995664371324922,0.9046833773072153,7842,1,-2,2,1,3,1.0,0,0,0.0,0,0.0,0,0.9081699842982324,0.844559585492228,0.9821428571428571,merge
20160407_163257_1921_721,high_quality,0.1550045634317006,6574,False,False,False,1,0.8712841854928126,0.8517872711408722,0.8916945543034809,6882,1,0,0,0,0,0.0,0,0,0.0,0,0.0,0,0.9959404600811907,0.9919137466307277,1.0,clean,0.8745808182421383,0.8572680788884481,0.8926072406436072,6845,1,0,0,0,0,0.0,0,0,0.0,0,0.0,0,0.9906211134684323,0.986737400530504,0.994535519125683,clean,0.8700910855600491,0.8543988269782193,0.8863705506527436,6820,2,1,1,0,0,0.0,0,0,0.0,1,0.5,1,0.9934640522875817,0.987012987012987,1.0,island,0.8635269334931812,0.8542721047918216,0.8729844843308899,6718,1,0,0,0,0,0.0,0,0,0.0,0,0.0,0,0.9932705248990579,0.9866310160427807,1.0,clean
20160407_163257_1_1,high_quality,0.1436537440254912,11298,False,False,False,1,0.885980049665017,0.8446352620168167,0.9315808107621423,12461,1,0,0,0,0,0.0,0,0,0.0,0,0.0,0,0.9661886369735936,0.9504249291784702,0.982484076433121,clean,0.8919618239656874,0.8563981428680814,0.9306071871119396,12277,1,0,0,0,0,0.0,0,0,0.0,0,0.0,0,0.9693288794412389,0.9418960244648318,0.9984076433121019,clean,0.8795360538992454,0.8485970542245959,0.9128164276855082,12153,1,0,0,0,0,0.0,0,0,0.0,0,0.0,0,0.9698838396379991,0.9621848739495799,0.9777070063694268,clean,0.8887206661616247,0.8466346153839369,0.9352097716401706,12480,1,0,0,0,0,0.0,0,0,0.0,0,0.0,0,0.9740062891658937,0.9507692307692308,0.9984076433121019,clean
20160407_163257_641_361,high_quality,0.170530628560008,10007,False,False,False,2,0.8629295450178235,0.8301782251354416,0.8983711402009609,10829,1,-1,1,1,2,1.0,0,0,0.0,0,0.0,0,0.9955332696737522,0.9969183359013868,0.9941520467836257,merge,0.8652646845536063,0.8380782918141617,0.8942740081933703,10678,1,-1,1,1,2,1.0,0,0,0.0,0,0.0,0,0.9940912334441409,0.9911242603550295,0.9970760233918129,merge,0.8589706309969667,0.8339136162596839,0.885580093933361,10627,2,0,0,1,2,1.0,0,0,0.0,1,0.5,1,0.9940732936024498,0.9925373134328358,0.9956140350877193,mixed,0.8635108290126151,0.8381301730616646,0.8904766663326765,10632,1,-1,1,1,2,1.0,0,0,0.0,0,0.0,0,0.9940502943702524,0.9939485627836612,0.9941520467836257,merge
20160407_165001_1281_1081,thin_low_area_failure,0.2437764830508474,3776,True,True,False,2,0.5489062499995712,0.38929521276552603,0.9303495762687226,9024,3,1,1,1,2,1.0,0,0,0.0,2,0.6666666666666666,1581,0.6336663593355603,0.4955555555555556,0.8785046728971962,mixed,0.5096872505619986,0.35102448775577105,0.9300847457602487,10005,3,1,1,1,2,1.0,0,0,0.0,2,0.6666666666666666,1743,0.5562864048817212,0.40973630831643004,0.8660436137071651,mixed,0.5977663230235414,0.442395727364646,0.9213453389806109,7864,3,1,1,1,2,1.0,0,0,0.0,2,0.6666666666666666,1440,0.6896171448526844,0.5702127659574469,0.8722741433021807,mixed,0.4882796435911663,0.32938783058967136,0.9433262711839425,10814,3,1,1,1,2,1.0,0,0,0.0,2,0.6666666666666666,2237,0.5803710674912611,0.4318181818181818,0.8847352024922118,mixed
20160407_165001_1281_361,boundary_margin_error,0.1006446414182111,12410,False,False,True,2,0.7926381287949649,0.74102887580548,0.851974214342585,14268,2,0,0,0,0,0.0,0,0,0.0,0,0.0,0,0.9107063561778775,0.8856015779092702,0.9372759856630825,clean,0.7864702834724349,0.7272105119075231,0.8562449637382302,14612,2,0,0,0,0,0.0,0,0,0.0,0,0.0,0,0.9224016064839315,0.8841121495327103,0.96415770609319,clean,0.7703981968441884,0.7216045038700059,0.8262691377914373,14210,2,0,0,0,0,0.0,0,0,0.0,0,0.0,0,0.8779653750699163,0.837171052631579,0.9229390681003584,clean,0.7700530816865342,0.7096752276119651,0.8416599516512153,14718,2,0,0,0,0,0.0,0,0,0.0,0,0.0,0,0.8893423481529258,0.8431734317343174,0.9408602150537635,clean
20160407_165001_1281_721,boundary_margin_error,0.109881867616726,5333,False,False,True,1,0.8039942351237348,0.8913490070739755,0.7322332645776631,4381,1,0,0,0,0,0.0,0,0,0.0,0,0.0,0,0.9441233140655105,1.0,0.8941605839416058,clean,0.7711605139702516,0.8452939861371668,0.7089818113618808,4473,1,0,0,0,0,0.0,0,0,0.0,0,0.0,0,0.9125531732663373,0.9357142857142857,0.8905109489051095,clean,0.7737241895787164,0.9008470353739391,0.6780423776473317,4014,2,1,1,0,0,0.0,0,0,0.0,1,0.5,1,0.8746554805100403,0.9452554744525548,0.8138686131386861,island,0.8029950419904857,0.8720879120859955,0.7440465029050365,4550,1,0,0,0,0,0.0,0,0,0.0,0,0.0,0,0.9609115366355436,0.9583333333333334,0.9635036496350365,clean
20160407_165001_1921_361,moderate_general_error,0.1440832249674902,3845,False,False,False,1,0.6390317052263934,0.54325259515472,0.7758127438211292,5491,1,0,0,0,0,0.0,0,0,0.0,0,0.0,0,0.6399598771236913,0.5658536585365853,0.7364016736401674,clean,0.6174718729311521,0.5361041945977091,0.7279583875143616,5221,1,0,0,0,0,0.0,0,0,0.0,0,0.0,0,0.6199307112288569,0.5518867924528302,0.7071129707112971,clean,0.645362973253855,0.5815943238719082,0.7248374512334855,4792,1,0,0,0,0,0.0,0,0,0.0,0,0.0,0,0.6648306517852829,0.6177606177606177,0.7196652719665272,clean,0.6319753509065024,0.5630337535572122,0.7201560468121713,4918,1,0,0,0,0,0.0,0,0,0.0,0,0.0,0,0.6286456412640895,0.5658536585365853,0.7071129707112971,clean
20160407_165001_1921_721,moderate_general_error,0.2185314685314685,6578,True,False,False,2,0.7089290841224755,0.5696225892769496,0.9384311340818814,10837,1,-1,1,1,2,1.0,0,0,0.0,0,0.0,0,0.9036271695131127,0.861003861003861,0.9506903353057199,merge,0.7149437350587633,0.5798732620821149,0.9320462146534934,10573,1,-1,1,1,2,1.0,0,0,0.0,0,0.0,0,0.9048696568612256,0.8476190476190476,0.9704142011834319,merge,0.7620325982737219,0.6574390647395417,0.9062024931576372,9067,1,-1,1,1,2,1.0,0,0,0.0,0,0.0,0,0.9277697609413,0.8954372623574145,0.9625246548323472,merge,0.6942941602985697,0.5483217337674668,0.9461842505306383,11351,1,-1,1,1,2,1.0,0,0,0.0,0,0.0,0,0.8722024376482579,0.796028880866426,0.9644970414201184,merge
20160407_165001_1_1081,moderate_general_error,0.2593993325917686,4495,True,False,False,2,0.6269311637255444,0.5321229050271072,0.7628476084521405,6444,2,0,0,0,0,0.0,0,0,0.0,0,0.0,0,0.7742474019443514,0.7668997668997669,0.7817371937639198,clean,0.6311333461606397,0.556026445159254,0.729699666294261,5899,3,1,1,0,0,0.0,1,1,0.5,0,0.0,0,0.7492325251889168,0.7350993377483444,0.7639198218262806,fragment,0.6827232621906727,0.7356115107894768,0.6369299221342893,3892,6,4,4,0,0,0.0,1,1,0.5,3,0.5,36,0.79038329461481,0.8736559139784946,0.7216035634743875,mixed,0.6228160328873934,0.5368878865970733,0.7414905450484061,6208,2,0,0,0,0,0.0,0,0,0.0,0,0.0,0,0.7599894445910473,0.7582938388625592,0.7616926503340757,clean
20160407_165001_1_721,high_quality,0.1097554102795311,17744,False,False,False,1,0.8659598412601831,0.9124953189358928,0.8239404869246935,16022,1,0,0,0,0,0.0,0,0,0.0,0,0.0,0,0.9669117885617405,0.979050279329609,0.9550706033376123,clean,0.8579775816835029,0.9107594936703096,0.8109783588814184,15800,1,0,0,0,0,0.0,0,0,0.0,0,0.0,0,0.9673150761201451,0.9745308310991957,0.9602053915275995,clean,0.8554625924576043,0.9256100760949058,0.7951983769156925,15244,1,0,0,0,0,0.0,0,0,0.0,0,0.0,0,0.9576040862350014,0.9588571428571429,0.9563543003851092,clean,0.856869200837816,0.9136984552528318,0.8066952209192928,15666,1,0,0,0,0,0.0,0,0,0.0,0,0.0,0,0.9689744529536963,0.9805825242718447,0.9576379974326059,clean
20160407_165001_641_1081,false_crack_high_fp,0.2860812704343765,2141,True,False,False,2,0.48104772698591985,0.32931034482701843,0.8921064922891542,5800,1,-1,1,1,2,1.0,0,0,0.0,0,0.0,0,0.6449475427940364,0.4897959183673469,0.9439655172413793,merge,0.4532733633177745,0.309397919153489,0.8472676319437307,5863,4,2,2,1,2,1.0,0,0,0.0,3,0.75,701,0.5456614011289546,0.38666666666666666,0.9267241379310345,mixed,0.4140956280151863,0.3014048531283495,0.661373190094996,4698,5,3,3,0,0,0.0,0,0,0.0,3,0.6,2600,0.5174580207897042,0.38817480719794345,0.7758620689655172,island,0.494484594902378,0.33936651583651345,0.9107893507664139,5746,1,-1,1,1,2,1.0,0,0,0.0,0,0.0,0,0.6142818638186045,0.4532967032967033,0.9525862068965517,merge
20160407_165001_641_361,high_quality,0.1016176659391449,15578,False,False,False,1,0.8828851629228462,0.8703842315363832,0.8957504172545283,16032,1,0,0,0,0,0.0,0,0,0.0,0,0.0,0,0.9984779299847794,1.0,0.9969604863221885,clean,0.8785881756539894,0.8674299299293872,0.8900372319932661,15984,1,0,0,0,0,0.0,0,0,0.0,0,0.0,0,0.9903060396990756,0.983739837398374,0.9969604863221885,clean,0.8785881756539894,0.8674299299293872,0.8900372319932661,15984,1,0,0,0,0,0.0,0,0,0.0,0,0.0,0,0.9892790984373689,0.9831932773109243,0.9954407294832827,clean,0.858031894204333,0.803530400672007,0.9204647579914491,17845,1,0,0,0,0,0.0,0,0,0.0,0,0.0,0,0.9863566336184761,0.975975975975976,0.9969604863221885,clean
20160407_165001_641_721,over_segmentation,0.1682044002838892,1409,False,False,False,2,0.5553414686350774,0.39760882893808214,0.9205110007031903,3262,4,2,2,0,0,0.0,0,0,0.0,3,0.75,923,0.37680306152487486,0.23952095808383234,0.8827586206896552,island,0.5931431311421886,0.44786386676159357,0.8779276082265585,2762,4,2,2,0,0,0.0,0,0,0.0,3,0.75,1043,0.585812356979405,0.4383561643835616,0.8827586206896552,island,0.5302406243214173,0.38171036204624936,0.8679914833153444,3204,4,2,2,0,0,0.0,0,0,0.0,3,0.75,1173,0.46390539871223374,0.3155080213903743,0.8758620689655172,island,0.6564802182792456,0.5332446808487001,0.8537970191564671,2256,3,1,1,0,0,0.0,0,0,0.0,2,0.6666666666666666,569,0.7198249665734776,0.6143790849673203,0.8689655172413793,island
IMG_2931_1297_485,complex_topology,0.1668763762189367,3179,False,False,False,8,0.8096514745296887,0.7341351074699741,0.9024850581915619,3908,4,-4,4,1,3,0.375,0,0,0.0,1,0.25,3,0.7998671153574044,0.7836065573770492,0.8168168168168168,mixed,0.8218181818168825,0.826128417034882,0.8175526895224362,3146,3,-5,5,1,3,0.375,0,0,0.0,0,0.0,0,0.8031450095331548,0.8106312292358804,0.7957957957957958,merge,0.8276063751998427,0.7732240437137344,0.8902170493837993,3660,6,-2,2,1,3,0.375,0,0,0.0,3,0.5,8,0.8035760160304166,0.7798165137614679,0.8288288288288288,mixed,0.8274890419523677,0.8236210657500044,0.8313935199722197,3209,4,-4,4,1,2,0.25,0,0,0.0,0,0.0,0,0.8172522724085193,0.8722627737226277,0.7687687687687688,merge
IMG_2931_1297_969,high_quality,0.1150179856115107,11120,False,False,False,1,0.9107549483268038,0.887589621030311,0.9351618705027561,11716,1,0,0,0,0,0.0,0,0,0.0,0,0.0,0,0.9929742388758782,0.986046511627907,1.0,clean,0.9132671480140283,0.9165760869556915,0.9099820143876708,11040,1,0,0,0,0,0.0,0,0,0.0,0,0.0,0,0.9992313604919293,0.9984639016897081,1.0,clean,0.9093058900806178,0.8862142552275832,0.9336330935243402,11715,2,1,1,0,0,0.0,0,0,0.0,1,0.5,1,0.9843633655994043,0.969208211143695,1.0,island,0.9115367483292153,0.9030891438650458,0.9201438848912588,11330,1,0,0,0,0,0.0,0,0,0.0,0,0.0,0,0.9984567901234569,0.9969183359013868,1.0,clean
IMG_2931_1945_485,high_quality,0.1325363825363825,5772,False,False,False,2,0.8790944123307007,0.8191202872519163,0.9485446985430552,6684,1,-1,1,1,2,1.0,0,0,0.0,0,0.0,0,0.9669117837580129,0.9493243243243243,0.9851632047477745,merge,0.910223144783852,0.9088082901538708,0.9116424116408323,5790,1,-1,1,1,2,1.0,0,0,0.0,0,0.0,0,0.9680622816158891,0.96,0.9762611275964391,merge,0.9044628652759737,0.8752228163978687,0.9357241857225645,6171,6,4,4,1,2,1.0,0,0,0.0,5,0.8333333333333334,5,0.964029837161222,0.9492957746478873,0.9792284866468842,mixed,0.8973968897896404,0.8760726072592804,0.9197851697835763,6060,1,-1,1,1,2,1.0,0,0,0.0,0,0.0,0,0.9749375421342745,0.9706840390879479,0.9792284866468842,merge
IMG_2931_1945_969,high_quality,0.1372605090077209,6994,False,False,False,1,0.8710008905933609,0.8361173221085938,0.9089219330842023,7603,1,0,0,0,0,0.0,0,0,0.0,0,0.0,0,0.9712305988204845,0.9695550351288056,0.9729119638826185,clean,0.8923472301535605,0.8910749928701297,0.8936231055177386,7014,1,0,0,0,0,0.0,0,0,0.0,0,0.0,0,0.9874285714285714,1.0,0.9751693002257337,clean,0.8706118355059373,0.8177364652671553,0.9307978267072765,7961,3,2,2,0,0,0.0,0,0,0.0,2,0.6666666666666666,2,0.9700105628951519,0.9605263157894737,0.9796839729119639,island,0.8720185745438176,0.8584291453097957,0.8860451815829482,7219,1,0,0,0,0,0.0,0,0,0.0,0,0.0,0,0.9678431885432164,0.9672897196261683,0.9683972911963883,clean
IMG_2931_1_485,high_quality,0.1044844009204259,18687,False,False,False,1,0.8984571413446693,0.8887434554969168,0.9083855086418856,19100,1,0,0,0,0,0.0,0,0,0.0,0,0.0,0,0.9835458234314947,0.9985007496251874,0.9690322580645161,clean,0.8971139017402244,0.9241418439711069,0.8716219831964084,17625,1,0,0,0,0,0.0,0,0,0.0,0,0.0,0,0.9821679904561877,0.9956647398843931,0.9690322580645161,clean,0.9042723204770658,0.9001962136072015,0.9083855086418856,18857,1,0,0,0,0,0.0,0,0,0.0,0,0.0,0,0.9770283714829311,0.9838274932614556,0.9703225806451613,clean,0.8984366337728966,0.9319684858238357,0.8672339059234402,17389,1,0,0,0,0,0.0,0,0,0.0,0,0.0,0,0.9856020942408377,1.0,0.9716129032258064,clean
IMG_2931_649_485,high_quality,0.1235112317201869,13266,False,False,False,2,0.9046346763560598,0.8576156703810485,0.9571083974061834,14805,3,1,1,0,0,0.0,0,0,0.0,1,0.3333333333333333,13,0.9747479032410772,0.982200647249191,0.9674074074074074,island,0.9042160332355346,0.9232521602506494,0.8859490426647927,12730,2,0,0,0,0,0.0,0,0,0.0,0,0.0,0,0.9734495934162829,0.9872813990461049,0.96,clean,0.9152331908984641,0.887708111937026,0.944519825116128,14115,2,0,0,0,0,0.0,0,0,0.0,0,0.0,0,0.9781093250012073,0.9844479004665629,0.9718518518518519,clean,0.9074896615098378,0.9221789883261305,0.8932609678871601,12850,2,0,0,0,0,0.0,0,0,0.0,0,0.0,0,0.972650951350955,0.9903691813804173,0.9555555555555556,clean
IMG_2931_649_969,moderate_general_error,0.1430446194225721,1524,False,False,False,1,0.7070563079099381,0.5541899441320142,0.9763779527494989,2685,2,1,1,0,0,0.0,0,0,0.0,1,0.5,471,0.7804878048780487,0.64,1.0,island,0.7513611615225528,0.6210887269583323,0.9507874015685644,2333,3,2,2,0,0,0.0,0,0,0.0,2,0.6666666666666666,403,0.7902735562310031,0.6532663316582915,1.0,island,0.6924369747882535,0.5460053010202727,0.9461942257155762,2641,2,1,1,0,0,0.0,0,0,0.0,1,0.5,584,0.6883468834688348,0.5269709543568465,0.9921875,island,0.8705882352914914,0.8056951423740609,0.9468503936945746,1791,2,1,1,0,0,0.0,0,0,0.0,1,0.5,112,0.9338235294117647,0.8758620689655172,1.0,island
IMG_2941_1297_485,high_quality,0.1240643193789853,10821,False,False,False,1,0.8824661201267849,0.8060670894774921,0.9748636909703586,13087,1,0,0,0,0,0.0,0,0,0.0,0,0.0,0,0.9623837539120514,0.9427549194991055,0.9828473413379074,clean,0.8974747925399761,0.8675925127224466,0.9294889566574904,11593,1,0,0,0,0,0.0,0,0,0.0,0,0.0,0,0.9878400029924627,0.9964093357271095,0.9794168096054888,clean,0.8952208263174479,0.8400583373838599,0.9581369559181608,12342,2,1,1,0,0,0.0,0,0,0.0,1,0.5,1,0.9735468976587314,0.9627749576988156,0.9845626072041166,island,0.8994941719811306,0.858234010407203,0.9449219110979161,11914,1,0,0,0,0,0.0,0,0,0.0,0,0.0,0,0.9791798379660326,0.9823943661971831,0.9759862778730704,clean
IMG_2941_1297_969,boundary_margin_error,0.2173317683881064,5112,True,False,True,2,0.7866846746637112,0.6623411371228598,0.9685054773063997,7475,1,-1,1,1,2,1.0,0,0,0.0,0,0.0,0,0.9013869449039319,0.8451443569553806,0.9656488549618321,merge,0.8448741398825494,0.7615010205671825,0.9487480438166105,6369,2,0,0,0,0,0.0,0,0,0.0,0,0.0,0,0.9494035060800184,0.9541984732824428,0.9446564885496184,clean,0.8320178448860397,0.7409841075783298,0.9485524256632462,6544,21,19,19,1,2,1.0,0,0,0.0,20,0.9523809523809523,72,0.8828255822134666,0.8300653594771242,0.9427480916030534,mixed,0.8366219415935835,0.758226037194789,0.9330985915474704,6291,2,0,0,0,0,0.0,0,0,0.0,0,0.0,0,0.9429930378437996,0.9715909090909091,0.916030534351145,clean
IMG_2941_1945_485,high_quality,0.1372320101889195,14133,False,False,False,1,0.8958114495795378,0.8355275243397002,0.965470883746575,16331,1,0,0,0,0,0.0,0,0,0.0,0,0.0,0,0.989590562109646,1.0,0.9793956043956044,clean,0.909896401308305,0.8776543291033609,0.9445977499462643,15211,1,0,0,0,0,0.0,0,0,0.0,0,0.0,0,0.9909217199625148,0.9942279942279942,0.9876373626373627,clean,0.8998514115895988,0.8436106983650051,0.9641265124170635,16152,1,0,0,0,0,0.0,0,0,0.0,0,0.0,0,0.987169523640347,0.9867021276595744,0.9876373626373627,clean,0.9092632077703627,0.8714804722973456,0.9504705299646568,15414,1,0,0,0,0,0.0,0,0,0.0,0,0.0,0,0.9930843706777317,1.0,0.9862637362637363,clean
IMG_2941_1_485,boundary_margin_error,0.1502622025010084,4958,False,False,True,3,0.7533031674201327,0.6831910702549521,0.8394513916885046,6092,3,0,0,0,0,0.0,0,0,0.0,0,0.0,0,0.7889424098604519,0.7275132275132276,0.8617021276595744,clean,0.7727863931958251,0.7667262259266097,0.7789431222251333,5037,5,2,2,0,0,0.0,0,0,0.0,2,0.4,186,0.8110016205406919,0.790633608815427,0.8324468085106383,island,0.7166480862126378,0.6643127798817356,0.7779346510674104,5806,20,17,17,0,0,0.0,0,0,0.0,17,0.85,770,0.6383808538927463,0.5187265917602997,0.8297872340425532,island,0.7721272894702014,0.7835929387314983,0.7609923356176664,4815,4,1,1,0,0,0.0,0,0,0.0,1,0.25,113,0.8382916926601284,0.8612903225806452,0.8164893617021277,island
IMG_2941_1_969,high_quality,0.1173281703775411,10330,False,False,False,3,0.8878976833094133,0.837900524009245,0.9442400774434228,11641,3,0,0,1,2,0.6666666666666666,0,0,0.0,1,0.3333333333333333,42,0.9220161473931242,0.9275653923541247,0.9165329052969502,mixed,0.9039142590862517,0.8714285714277884,0.9389157792827308,11130,3,0,0,1,2,0.6666666666666666,0,0,0.0,1,0.3333333333333333,31,0.9149074849563092,0.903921568627451,0.9261637239165329,mixed,0.8921752666998342,0.8464077838581822,0.9431752178112843,11511,4,1,1,1,2,0.6666666666666666,0,0,0.0,2,0.5,21,0.8867188487616543,0.8601973684210527,0.9149277688603531,mixed,0.9024356037581681,0.8726154958856589,0.934365924490867,11061,2,-1,1,1,2,0.6666666666666666,0,0,0.0,0,0.0,0,0.9228005510923437,0.934156378600823,0.9117174959871589,merge
IMG_2941_649_969,high_quality,0.1515799477310525,12627,False,False,False,1,0.8990811925741987,0.8538965664618507,0.9493149600055838,14038,1,0,0,0,0,0.0,0,0,0.0,0,0.0,0,0.976467114039286,0.9838709677419355,0.969173859432799,clean,0.9159485257174649,0.8944150943389475,0.9385443890069386,13250,1,0,0,0,0,0.0,0,0,0.0,0,0.0,0,0.9834683243508311,0.9955882352941177,0.9716399506781751,clean,0.9037182587662849,0.8642046686414221,0.9470182941308727,13837,1,0,0,0,0,0.0,0,0,0.0,0,0.0,0,0.9717375660934225,0.9780821917808219,0.9654747225647349,clean,0.9131413490643044,0.8953497222003992,0.9316543913828054,13139,1,0,0,0,0,0.0,0,0,0.0,0,0.0,0,0.9802715854793321,0.9955290611028316,0.9654747225647349,clean
IMG_2942_1297_485,over_segmentation,0.2439024390243902,4879,True,False,False,3,0.5780090095802436,0.4185811431718263,0.9335929493729584,10882,1,-2,2,1,3,1.0,0,0,0.0,0,0.0,0,0.791044776119403,0.654320987654321,1.0,merge,0.5789022298452123,0.4444200592555202,0.8300881328123999,9113,1,-2,2,1,3,1.0,0,0,0.0,0,0.0,0,0.8086431998354237,0.6932515337423313,0.9701195219123506,merge,0.6109296109291573,0.47898474793284546,0.8432055749111638,8589,2,-1,1,1,3,1.0,0,0,0.0,1,0.5,1,0.7411956042619812,0.5895020188425303,0.99800796812749,mixed,0.5821352502658532,0.431049778215445,0.8962902234045987,10145,1,-2,2,1,3,1.0,0,0,0.0,0,0.0,0,0.7620099867990586,0.6162790697674418,0.99800796812749,merge
IMG_2942_1945_485,false_crack_high_fp,0.3183269476372924,3132,True,False,False,3,0.5087290208311472,0.34567335243513386,0.9629629629598884,8725,2,-1,1,1,3,1.0,0,0,0.0,1,0.5,93,0.7152444870565676,0.5567164179104478,1.0,mixed,0.5864953080369374,0.43090527577873067,0.9179438058719095,6672,2,-1,1,1,3,1.0,0,0,0.0,1,0.5,124,0.7647058823529412,0.6190476190476191,1.0,mixed,0.5552153110042534,0.39641978682646023,0.926245210725012,7318,5,2,2,1,3,1.0,0,0,0.0,4,0.8,203,0.7048710601719198,0.5442477876106194,1.0,mixed,0.5601336302890124,0.3948194662475212,0.9636015325639732,7644,3,0,0,1,3,1.0,0,0,0.0,2,0.6666666666666666,200,0.7395121951219512,0.586687306501548,1.0,mixed
IMG_2942_1_485,complex_topology,0.3026086956521739,5175,True,False,False,5,0.6845473502547749,0.5451213925783953,0.9198067632832467,8732,3,-2,2,1,5,1.0,1,1,0.2,1,0.3333333333333333,101,0.8929958295282409,0.8077496274217586,0.9983579638752053,mixed,0.7278959395317912,0.6675802031264427,0.8001932367134296,6203,4,-1,1,1,4,0.8,1,1,0.2,1,0.25,16,0.8861353995944133,0.8310077519379845,0.9490968801313628,mixed,0.7142500623902218,0.6270815074486896,0.8295652173897013,6846,5,0,0,1,4,0.8,1,1,0.2,2,0.4,23,0.877450896596523,0.8018433179723502,0.9688013136288999,mixed,0.714501630736843,0.6072201189824131,0.8678260869548448,7396,2,-3,3,1,4,0.8,0,0,0.0,0,0.0,0,0.9198349211118205,0.863849765258216,0.9835796387520526,merge
IMG_2942_649_485,false_crack_high_fp,0.332034632034632,2310,True,False,False,3,0.34170003079739625,0.20781045139519777,0.9606060606019022,10678,1,-2,2,1,3,1.0,0,0,0.0,0,0.0,0,0.5141520200867382,0.3469387755102041,0.9925093632958801,merge,0.38996900535325446,0.2490104354081216,0.8987012986974082,8337,2,-1,1,1,2,0.6666666666666666,0,0,0.0,1,0.5,1637,0.498744792223053,0.340393343419062,0.9325842696629213,mixed,0.3896967968820552,0.24966508342437013,0.8874458874420458,8211,3,0,0,1,2,0.6666666666666666,1,1,0.3333333333333333,0,0.0,0,0.49575731511652915,0.3352272727272727,0.951310861423221,mixed,0.4073818217700509,0.26383740253066107,0.8935064935026256,7823,2,-1,1,1,2,0.6666666666666666,0,0,0.0,1,0.5,2,0.5469920975126119,0.386986301369863,0.9325842696629213,mixed
